Date,Open,High,Low,Close,Adj Close,Volume
2000-01-04,6000,6110,5660,6110,4269.464844,74195000
2000-01-05,5800,6060,5520,5580,3899.118652,74680000
2000-01-06,5750,5780,5580,5620,3927.069824,54390000
2000-01-07,5560,5670,5360,5540,3871.167236,40305000
2000-01-10,5600,5770,5580,5770,4031.883301,46880000
2000-01-11,5820,6100,5770,5770,4031.883301,59745000
2000-01-12,5610,5740,5600,5720,3996.946533,29220000
2000-01-13,5600,5740,5560,5710,3989.957275,41190000
2000-01-14,5720,5880,5680,5830,4073.808594,49375000
2000-01-17,6000,6180,5920,6100,4262.477539,63505000
2000-01-18,6160,6160,5980,6100,4262.477539,45260000
2000-01-19,6000,6040,5960,5960,4164.650879,40205000
2000-01-20,5860,6040,5820,6040,4220.55127,37315000
2000-01-21,5950,5980,5880,5880,4108.746582,32535000
2000-01-24,5800,5900,5700,5700,3982.970947,34355000
2000-01-25,5520,5640,5440,5440,3801.290039,44250000
2000-01-26,5500,5520,5410,5480,3829.24292,29285000
2000-01-27,5480,5620,5430,5520,3857.192383,27900000
2000-01-28,5640,5880,5540,5820,4066.822266,38315000
2000-01-31,5640,5730,5560,5580,3899.118652,39630000
2000-02-01,5600,5680,5260,5320,3717.439209,71470000
2000-02-02,5220,5370,5110,5250,3668.525391,64105000
2000-02-03,5250,5460,4970,5130,3584.672852,142765000
2000-02-04,5130,5130,5130,5130,3584.672852,0
2000-02-07,5140,5330,5040,5240,3661.53833,64140000
2000-02-08,5340,5480,5310,5430,3794.302979,58460000
2000-02-09,5560,5720,5480,5720,3996.946533,51050000
2000-02-10,5660,5880,5600,5760,4024.895264,61845000
2000-02-11,5960,5960,5680,5700,3982.970947,34660000
2000-02-14,5600,5660,5340,5380,3759.365967,44140000
2000-02-15,5380,5420,5140,5200,3633.58667,38315000
2000-02-16,5180,5200,4780,5000,3493.834717,73115000
2000-02-17,4940,5100,4910,5080,3549.734375,65185000
2000-02-18,5370,5630,5160,5300,3703.464844,108750000
2000-02-21,5200,5260,5030,5070,3542.746338,26485000
2000-02-22,5000,5240,5000,5120,3577.686523,24180000
2000-02-23,5220,5260,5100,5140,3591.662109,27720000
2000-02-24,5120,5240,5060,5070,3542.746338,26075000
2000-02-25,5080,5150,4980,5120,3577.686523,27875000
2000-02-28,5000,5050,4800,4800,3354.080322,30140000
2000-02-29,4900,5140,4840,5120,3577.686523,51820000
2000-03-01,5120,5120,5120,5120,3577.686523,0
2000-03-02,5880,5880,5520,5880,4108.746582,117750000
2000-03-03,6200,6250,5880,6000,4192.598633,140990000
2000-03-06,6000,6050,5600,5640,3941.043457,39150000
2000-03-07,5600,5640,5480,5620,3927.069824,30070000
2000-03-08,5520,6000,5500,5920,4136.699219,32460000
2000-03-09,5970,5980,5620,5620,3927.069824,55890000
2000-03-10,5790,5800,5520,5540,3871.167236,28605000
2000-03-13,5480,5490,5160,5180,3619.611572,32215000
2000-03-14,5170,5380,5160,5210,3640.575195,30060000
2000-03-15,5200,5400,5120,5400,3773.340332,46105000
2000-03-16,5480,5520,5360,5400,3773.340332,28795000
2000-03-17,5540,5560,5400,5480,3829.24292,24080000
2000-03-20,5600,5710,5530,5660,3955.019531,26365000
2000-03-21,5700,5940,5610,5880,4108.746582,44925000
2000-03-22,5960,6300,5880,6200,4332.354004,86975000
2000-03-23,6480,6580,6200,6200,4332.354004,64950000
2000-03-24,6320,7120,6180,6800,4751.61377,90260000
2000-03-27,6960,7040,6700,6800,4751.61377,67730000
2000-03-28,6900,7260,6820,7030,4912.328613,74425000
2000-03-29,7030,7680,6980,7660,5352.552734,78090000
2000-03-30,7520,7560,7050,7050,4926.304688,74645000
2000-03-31,6800,7070,6650,6700,4681.736328,63855000
2000-04-03,6920,7320,6860,7100,4961.243652,56805000
2000-04-04,7000,7290,6660,6800,4751.61377,58340000
2000-04-05,6800,6800,6800,6800,4751.61377,0
2000-04-06,6860,6960,6680,6680,4667.761719,47235000
2000-04-07,6860,7260,6780,7200,5031.120117,42355000
2000-04-10,7500,7500,7200,7300,5100.997559,35885000
2000-04-11,7200,7200,6950,7100,4961.243652,29075000
2000-04-12,6960,7030,6860,6910,4828.478027,35250000
2000-04-13,6910,6910,6910,6910,4828.478027,0
2000-04-14,6600,6680,6260,6260,4374.27832,62365000
2000-04-17,5420,5750,5340,5520,3857.192383,78050000
2000-04-18,6200,6240,5860,6040,4220.55127,73730000
2000-04-19,6300,6460,5860,6000,4192.598633,60615000
2000-04-20,5960,6160,5920,6020,4206.574219,37335000
2000-04-21,6060,6180,5970,6050,4227.537109,26425000
2000-04-24,5970,6030,5760,5800,4052.847656,27830000
2000-04-25,5620,5760,5520,5640,3941.043457,34900000
2000-04-26,5820,5860,5600,5600,3913.092285,39290000
2000-04-27,5520,5700,5400,5400,3773.340332,54110000
2000-04-28,5500,6100,5460,6000,4192.598633,75530000
2000-05-01,6000,6000,6000,6000,4192.598633,0
2000-05-02,6200,6530,6120,6280,4388.256348,72335000
2000-05-03,6240,6260,6090,6180,4318.378906,26585000
2000-05-04,6220,6360,6140,6180,4318.378906,26100000
2000-05-05,6180,6180,6180,6180,4318.378906,0
2000-05-08,6400,6700,6300,6560,4583.90918,52695000
2000-05-09,6560,6560,6560,6560,4583.90918,0
2000-05-10,6320,6390,6270,6350,4437.168945,27620000
2000-05-11,6350,6350,6350,6350,4437.168945,0
2000-05-12,6420,6440,6160,6160,4304.402344,47170000
2000-05-15,6290,6530,6220,6440,4500.058105,47120000
2000-05-16,6510,6800,6510,6800,4751.61377,39620000
2000-05-17,7000,7340,6920,6920,4835.466309,76235000
2000-05-18,6740,7000,6680,6800,4751.61377,36580000
2000-05-19,6740,6900,6600,6900,4821.490723,41450000
2000-05-22,6720,6830,6620,6670,4660.773438,36385000
2000-05-23,6500,6700,6350,6380,4458.131836,41290000
2000-05-24,6160,6370,5920,6200,4332.354004,72150000
2000-05-25,6330,6380,5930,6000,4192.598633,85965000
2000-05-26,5900,5990,5600,5600,3913.092285,67100000
2000-05-29,5260,5680,5240,5460,3815.265381,67130000
2000-05-30,5460,5460,5460,5460,3815.265381,0
2000-05-31,6000,6290,5960,6160,4304.402344,83935000
2000-06-01,6200,6410,6120,6300,4402.230957,50230000
2000-06-02,6690,6900,6510,6620,4625.834473,84385000
2000-06-05,6920,6980,6680,6740,4709.687988,48010000
2000-06-06,6740,6740,6740,6740,4709.687988,0
2000-06-07,6600,6980,6510,6800,4751.61377,53365000
2000-06-08,6660,6960,6530,6530,4562.946289,58550000
2000-06-09,6600,7040,6530,7020,4905.341797,63860000
2000-06-12,7200,7280,7030,7190,5024.130859,49515000
2000-06-13,7060,7100,6870,7060,4933.291016,42495000
2000-06-14,7230,7640,7090,7640,5338.577637,63020000
2000-06-15,7560,7560,7000,7000,4891.367188,61225000
2000-06-16,6900,6960,6710,6740,4709.687988,66455000
2000-06-19,6600,6950,6550,6700,4681.736328,53560000
2000-06-20,6940,7180,6830,7140,4989.193848,59790000
2000-06-21,7300,7380,7070,7080,4947.268066,37585000
2000-06-22,7240,7270,6960,7040,4919.317871,33635000
2000-06-23,6980,7010,6860,7000,4891.367188,29215000
2000-06-26,7100,7360,6990,7210,5038.109375,39980000
2000-06-27,7320,7440,7190,7310,5107.984375,45535000
2000-06-28,7220,7540,7220,7520,5254.726074,47295000
2000-06-29,7600,7740,7380,7490,5233.763672,61120000
2000-06-30,7440,7540,7290,7380,5156.896973,35250000
2000-07-03,7440,7550,7420,7500,5240.751465,25975000
2000-07-04,7600,7620,7350,7350,5135.936035,32810000
2000-07-05,7390,7520,7350,7430,5191.836914,24895000
2000-07-06,7240,7350,7180,7300,5100.997559,60340000
2000-07-07,7340,7460,7230,7360,5142.924316,40580000
2000-07-10,7440,7630,7410,7600,5310.626953,42505000
2000-07-11,7580,7740,7450,7450,5205.811035,34945000
2000-07-12,7520,7660,7460,7640,5338.577637,40140000
2000-07-13,7700,7880,7570,7760,5422.429688,48805000
2000-07-14,7780,7840,7540,7550,5275.688477,30425000
2000-07-17,7550,7550,7550,7550,5275.688477,0
2000-07-18,7550,7620,7440,7460,5212.79834,19605000
2000-07-19,7550,7620,7440,7460,5212.79834,19605000
2000-07-20,7060,7110,6840,6900,4821.490723,40315000
2000-07-21,6960,7050,6760,6920,4835.466309,48395000
2000-07-24,6640,6740,6360,6380,4458.131836,49015000
2000-07-25,6310,6400,6120,6280,4388.256348,56735000
2000-07-26,6400,6580,6360,6550,4576.922852,54745000
2000-07-27,6220,6360,6100,6230,4353.316895,43540000
2000-07-28,5800,5910,5710,5730,4003.932617,83035000
2000-07-31,5730,5910,5550,5900,4122.723633,46615000
2000-08-01,5960,6270,5870,6220,4346.327637,53120000
2000-08-02,6100,6170,5930,6070,4241.512695,37190000
2000-08-03,6180,6180,5970,6030,4213.562988,27815000
2000-08-04,5930,6010,5850,5920,4136.699219,23605000
2000-08-07,5740,5770,5580,5580,3899.118652,28765000
2000-08-08,5660,5750,5570,5580,3899.118652,33475000
2000-08-09,5680,6040,5680,6000,4192.598633,39570000
2000-08-10,6000,6160,5860,6160,4304.402344,40830000
2000-08-11,6000,6070,5880,5960,4164.650879,33840000
2000-08-14,6060,6160,6000,6020,4206.574219,23730000
2000-08-15,6020,6020,6020,6020,4206.574219,0
2000-08-16,6500,6530,6330,6420,4486.082031,51915000
2000-08-17,6480,6560,6340,6440,4500.058105,36345000
2000-08-18,6500,6520,6200,6200,4332.354004,21370000
2000-08-21,6200,6340,6190,6270,4381.267578,20950000
2000-08-22,6260,6470,6240,6460,4514.032227,27710000
2000-08-23,6450,6450,6160,6190,4325.365723,27905000
2000-08-24,6260,6300,6100,6220,4346.327637,31700000
2000-08-25,6180,6400,6110,6400,4472.106445,21960000
2000-08-28,6340,6380,6260,6330,4423.193848,17630000
2000-08-29,6320,6380,6160,6220,4346.327637,16765000
2000-08-30,6140,6190,6020,6030,4213.562988,23735000
2000-08-31,5900,5900,5380,5470,3822.255127,114120000
2000-09-01,5540,5600,5420,5540,3871.167236,49955000
2000-09-04,5440,5550,5310,5340,3731.415283,28625000
2000-09-05,5260,5340,5030,5150,3598.648682,79765000
2000-09-06,5200,5280,5090,5150,3598.648682,53120000
2000-09-07,4940,4980,4760,4790,3347.091309,83905000
2000-09-08,4900,4930,4790,4880,3409.982666,57170000
2000-09-11,4880,4880,4880,4880,3409.982666,0
2000-09-12,4880,4880,4880,4880,3409.982666,0
2000-09-13,4880,4880,4880,4880,3409.982666,0
2000-09-14,4600,4710,4440,4710,3291.191406,106130000
2000-09-15,4500,4620,4300,4350,3039.635742,82695000
2000-09-18,4010,4120,3700,3970,2774.104492,146305000
2000-09-19,3990,4370,3900,4160,2906.870117,100525000
2000-09-20,4600,4660,4460,4600,3214.326904,103410000
2000-09-21,4590,4660,4320,4400,3074.574219,65445000
2000-09-22,3840,4050,3780,3800,2655.313477,103265000
2000-09-25,3880,4110,3840,4090,2857.955322,65985000
2000-09-26,3900,4040,3900,4000,2795.06665,58430000
2000-09-27,4000,4100,3960,4030,2816.030273,69795000
2000-09-28,4100,4190,4030,4060,2836.992188,52470000
2000-09-29,4120,4120,3940,4040,2823.01709,57535000
2000-10-02,3840,3880,3760,3810,2662.301025,41120000
2000-10-03,3810,3810,3810,3810,2662.301025,0
2000-10-04,3700,3950,3590,3890,2718.202637,82635000
2000-10-05,4020,4080,3940,3940,2753.141113,62745000
2000-10-06,3800,3900,3760,3900,2725.189209,54935000
2000-10-09,3820,3840,3680,3690,2578.448486,63195000
2000-10-10,3700,3810,3590,3660,2557.486328,62145000
2000-10-11,3450,3460,3210,3220,2250.029053,103605000
2000-10-12,3140,3280,3140,3140,2194.128174,79535000
2000-10-13,3000,3090,2830,3030,2117.262451,115295000
2000-10-16,3030,3030,3030,3030,2117.262451,0
2000-10-17,2980,3080,2730,2740,1914.62146,65300000
2000-10-18,2540,2760,2420,2730,1907.63269,164215000
2000-10-19,2730,3050,2690,2900,2026.423828,137720000
2000-10-20,3240,3330,3190,3330,2326.893555,118825000
2000-10-23,3490,3520,3160,3200,2236.053223,139960000
2000-10-24,3180,3420,3100,3340,2333.880859,97115000
2000-10-25,3200,3260,3130,3210,2243.041016,68730000
2000-10-26,2930,3030,2740,2890,2019.436035,133290000
2000-10-27,2890,2890,2890,2890,2019.436035,0
2000-10-30,2800,2880,2720,2750,1921.609009,36830000
2000-10-31,2750,2850,2630,2850,1991.485474,63190000
2000-11-01,3000,3270,2960,3260,2277.979492,94165000
2000-11-02,3200,3430,3170,3320,2319.905518,123180000
2000-11-03,3420,3470,3370,3440,2403.757813,80420000
2000-11-06,3460,3670,3380,3510,2452.670898,71865000
2000-11-07,3460,3550,3380,3440,2403.757813,53740000
2000-11-08,3400,3460,3280,3410,2382.794434,58215000
2000-11-09,3300,3430,3260,3400,2375.806885,52305000
2000-11-10,3360,3440,3320,3380,2361.832275,35140000
2000-11-13,3220,3260,3100,3150,2201.115479,51070000
2000-11-14,3210,3320,3210,3290,2298.942871,31755000
2000-11-15,3450,3460,3320,3390,2368.818848,55720000
2000-11-16,3400,3420,3250,3280,2291.95459,37420000
2000-11-17,3180,3230,3150,3220,2250.029053,36225000
2000-11-20,3160,3210,3100,3100,2166.177002,26795000
2000-11-21,3080,3170,2970,3160,2208.102295,51620000
2000-11-22,3100,3220,3080,3140,2194.128174,37710000
2000-11-23,3140,3260,3140,3210,2243.041016,44645000
2000-11-24,3310,3400,3270,3400,2375.806885,45530000
2000-11-27,3600,3800,3570,3780,2641.337646,100220000
2000-11-28,3650,3650,3500,3520,2459.658936,59770000
2000-11-29,3300,3350,3200,3220,2250.029053,54300000
2000-11-30,3220,3290,3150,3240,2264.004395,63315000
2000-12-01,3080,3220,3040,3180,2222.078369,96425000
2000-12-04,3220,3250,3080,3100,2166.177002,51875000
2000-12-05,3160,3250,3120,3240,2264.004395,58400000
2000-12-06,3410,3430,3210,3210,2243.041016,95890000
2000-12-07,3210,3260,3160,3260,2277.979492,43020000
2000-12-08,3260,3390,3260,3370,2354.843994,47575000
2000-12-11,3480,3630,3480,3580,2501.585205,70575000
2000-12-12,3580,3650,3500,3500,2445.683594,73745000
2000-12-13,3500,3780,3500,3780,2641.337646,84140000
2000-12-14,3620,3680,3560,3620,2529.5354,66965000
2000-12-15,3620,3640,3480,3490,2438.695801,52960000
2000-12-18,3500,3590,3490,3560,2487.609619,34350000
2000-12-19,3560,3570,3510,3530,2466.645508,25445000
2000-12-20,3420,3450,3320,3340,2333.880859,53675000
2000-12-21,3120,3300,3070,3240,2264.004395,76625000
2000-12-22,3240,3300,3130,3140,2194.128174,63760000
2000-12-25,3140,3140,3140,3140,2194.128174,0
2000-12-26,3230,3240,3160,3160,2208.102295,60430000
2000-12-27,3160,3160,3160,3160,2208.102295,0
2000-12-28,3160,3160,3160,3160,2208.102295,0
2000-12-29,3160,3160,3160,3160,2208.102295,0
2001-01-01,3160,3160,3160,3160,2208.102295,0
2001-01-02,3160,3380,3140,3350,2340.868164,39455000
2001-01-03,3230,3420,3220,3370,2354.843994,37855000
2001-01-04,3790,3870,3660,3780,2641.337646,119910000
2001-01-05,3760,3920,3700,3900,2725.189209,78135000
2001-01-08,3820,3910,3780,3880,2711.214844,42295000
2001-01-09,3830,3860,3710,3840,2683.26416,46280000
2001-01-10,3780,3810,3700,3710,2592.424072,41235000
2001-01-11,3790,3790,3640,3640,2543.510742,31410000
2001-01-12,3800,3890,3770,3840,2683.26416,52900000
2001-01-15,3860,4020,3840,3920,2739.165283,51460000
2001-01-16,3960,4200,3850,4140,2892.893555,52065000
2001-01-17,4060,4240,4060,4220,2948.795654,52570000
2001-01-18,4240,4530,4240,4400,3074.574219,57685000
2001-01-19,4700,4700,4520,4600,3214.326904,54245000
2001-01-22,4600,4600,4470,4550,3179.388672,42250000
2001-01-23,4550,4550,4550,4550,3179.388672,0
2001-01-24,4550,4550,4550,4550,3179.388672,0
2001-01-25,4550,4550,4550,4550,3179.388672,0
2001-01-26,4450,4480,3970,3980,2781.091064,91025000
2001-01-29,4000,4100,3960,4020,2809.041504,47245000
2001-01-30,4100,4170,4070,4110,2871.931641,39350000
2001-01-31,4090,4400,4090,4400,3074.574219,53045000
2001-02-01,4270,4420,4190,4270,2983.734131,39730000
2001-02-02,4290,4390,4220,4290,2997.709961,27330000
2001-02-05,4170,4200,3990,4030,2816.030273,47135000
2001-02-06,3980,4020,3910,4010,2802.054443,31545000
2001-02-07,3960,3990,3900,3900,2725.189209,23130000
2001-02-08,3920,4060,3890,4060,2836.992188,34685000
2001-02-09,4040,4100,3980,4070,2843.980225,25230000
2001-02-12,3840,4050,3840,3970,2774.104492,36110000
2001-02-13,4040,4100,3970,3980,2781.091064,22295000
2001-02-14,3920,4040,3900,3980,2781.091064,19710000
2001-02-15,4200,4210,4100,4130,2885.906006,34930000
2001-02-16,4150,4310,4130,4250,2969.757324,46375000
2001-02-19,4180,4210,4100,4190,2927.831787,22880000
2001-02-20,4190,4280,4180,4240,2962.770996,18175000
2001-02-21,4160,4200,4140,4160,2906.870117,19500000
2001-02-22,4080,4100,3940,4010,2802.054443,43605000
2001-02-23,3920,3970,3830,3840,2683.26416,76855000
2001-02-26,3850,3860,3780,3840,2683.26416,35665000
2001-02-27,3840,3940,3790,3790,2648.325439,38695000
2001-02-28,3700,3780,3700,3740,2613.386963,28715000
2001-03-01,3740,3740,3740,3740,2613.386963,0
2001-03-02,3700,3700,3580,3610,2522.547607,44500000
2001-03-05,3530,3720,3530,3720,2599.412354,24620000
2001-03-06,3820,3850,3760,3800,2655.313477,25500000
2001-03-07,3960,4010,3900,4000,2795.06665,52640000
2001-03-08,3950,4010,3910,4010,2802.054443,31360000
2001-03-09,3940,3940,3820,3840,2683.26416,30800000
2001-03-12,3700,3760,3650,3670,2564.473389,38610000
2001-03-13,3570,3650,3540,3640,2543.510742,33815000
2001-03-14,3640,3640,3640,3640,2543.510742,0
2001-03-15,3790,3930,3760,3920,2739.165283,29370000
2001-03-16,3880,3920,3830,3890,2718.202637,23315000
2001-03-19,3810,3880,3770,3800,2655.313477,24865000
2001-03-20,3900,3920,3820,3820,2669.288818,21455000
2001-03-21,3720,3900,3700,3870,2704.227051,40550000
2001-03-22,3980,3990,3920,3980,2781.091064,37465000
2001-03-23,4090,4370,4080,4300,3004.697266,91755000
2001-03-26,4400,4430,4340,4340,3032.648193,42870000
2001-03-27,4300,4310,4120,4150,2899.881836,31345000
2001-03-28,4260,4260,4150,4150,2899.881836,26075000
2001-03-29,4090,4180,4040,4090,2857.955322,29920000
2001-03-30,4110,4170,4040,4160,2906.870117,30100000
2001-04-02,4040,4100,3960,3990,2788.079346,39140000
2001-04-03,3810,3870,3790,3800,2655.313477,46070000
2001-04-04,3700,3740,3630,3660,2557.486328,62280000
2001-04-05,3660,3660,3660,3660,2557.486328,0
2001-04-06,3960,3960,3780,3840,2683.26416,85290000
2001-04-09,3790,3810,3710,3710,2592.424072,25840000
2001-04-10,3710,3740,3610,3640,2543.510742,39175000
2001-04-11,3780,3800,3720,3720,2599.412354,44515000
2001-04-12,3940,4090,3900,4010,2802.054443,73660000
2001-04-13,4100,4150,4030,4060,2836.992188,38840000
2001-04-16,4060,4080,3940,3940,2753.141113,10200000
2001-04-17,3920,4020,3850,3970,2774.104492,16815000
2001-04-18,4110,4280,4070,4280,2990.722168,47790000
2001-04-19,4620,4920,4580,4700,3284.20459,131305000
2001-04-20,4720,4780,4490,4490,3137.460938,44905000
2001-04-23,4490,4610,4470,4540,3172.401855,31785000
2001-04-24,4410,4420,4330,4400,3074.574219,31185000
2001-04-25,4340,4520,4320,4520,3158.426025,26345000
2001-04-26,4340,4520,4320,4520,3158.426025,26345000
2001-04-27,4410,4450,4310,4340,3032.648193,21695000
2001-04-30,4460,4620,4410,4580,3200.352051,38225000
2001-05-01,4580,4580,4580,4580,3200.352051,0
2001-05-02,4700,4700,4540,4580,3200.352051,36510000
2001-05-03,4620,4620,4490,4600,3214.326904,25895000
2001-05-04,4410,4510,4410,4460,3116.499756,32805000
2001-05-07,4500,4630,4480,4600,3214.326904,17945000
2001-05-08,4590,4620,4520,4590,3207.3396,16825000
2001-05-09,4560,4580,4490,4500,3144.450195,20695000
2001-05-10,4500,4560,4440,4500,3144.450195,24620000
2001-05-11,4460,4470,4400,4410,3081.560791,27705000
2001-05-14,4420,4460,4400,4430,3095.535889,14310000
2001-05-15,4410,4450,4290,4340,3032.648193,26420000
2001-05-16,4300,4370,4200,4210,2941.808105,25895000
2001-05-17,4400,4430,4340,4430,3095.535889,24105000
2001-05-18,4380,4420,4340,4410,3081.560791,18915000
2001-05-21,4500,4620,4430,4580,3200.352051,28160000
2001-05-22,4720,4780,4620,4620,3228.302002,48830000
2001-05-23,4600,4760,4580,4700,3284.20459,21890000
2001-05-24,4560,4600,4510,4530,3165.413574,30275000
2001-05-25,4550,4650,4430,4440,3102.524658,33695000
2001-05-28,4420,4480,4380,4450,3109.512939,18480000
2001-05-29,4430,4640,4430,4640,3242.279541,24280000
2001-05-30,4500,4530,4450,4470,3123.488037,31815000
2001-05-31,4320,4340,4190,4240,2962.770996,63595000
2001-06-01,4300,4300,4210,4240,2962.770996,29315000
2001-06-04,4260,4310,4230,4240,2962.770996,19955000
2001-06-05,4140,4240,4040,4060,2836.992188,51520000
2001-06-06,4060,4060,4060,4060,2836.992188,0
2001-06-07,4080,4310,4080,4280,2990.722168,39865000
2001-06-08,4420,4510,4400,4470,3123.488037,42740000
2001-06-11,4330,4380,4280,4280,2990.722168,24680000
2001-06-12,4220,4300,4210,4220,2948.795654,24195000
2001-06-13,4300,4310,4200,4280,2990.722168,23645000
2001-06-14,4270,4310,4200,4230,2955.783203,27840000
2001-06-15,4190,4200,4120,4190,2927.831787,40870000
2001-06-18,4180,4180,4080,4100,2864.942627,34095000
2001-06-19,4100,4170,4080,4110,2871.931641,31275000
2001-06-20,4060,4070,3990,4000,2795.06665,38515000
2001-06-21,4000,4040,3920,3960,2767.116699,40805000
2001-06-22,3940,3940,3820,3870,2704.227051,44685000
2001-06-25,3840,3930,3800,3870,2704.227051,25925000
2001-06-26,3870,3900,3780,3780,2641.337646,33500000
2001-06-27,3790,3800,3700,3720,2599.412354,40985000
2001-06-28,3700,3790,3690,3750,2620.375732,27040000
2001-06-29,3840,3850,3800,3840,2683.26416,30675000
2001-07-02,3840,3880,3810,3860,2697.23877,23280000
2001-07-03,3900,3910,3870,3890,2718.202637,20305000
2001-07-04,3840,3940,3840,3940,2753.141113,13705000
2001-07-05,3940,3950,3860,3860,2697.23877,15550000
2001-07-06,3740,3770,3650,3670,2564.473389,38020000
2001-07-09,3500,3540,3390,3420,2389.782227,81635000
2001-07-10,3440,3490,3390,3400,2375.806885,32665000
2001-07-11,3280,3410,3280,3380,2361.832275,37970000
2001-07-12,3480,3560,3460,3520,2459.658936,66365000
2001-07-13,3640,3640,3360,3400,2375.806885,46560000
2001-07-16,3370,3390,3260,3340,2333.880859,27910000
2001-07-17,3340,3340,3340,3340,2333.880859,0
2001-07-18,3360,3420,3330,3350,2340.868164,33430000
2001-07-19,3330,3540,3310,3540,2473.634033,37325000
2001-07-20,3520,3600,3470,3520,2459.658936,29625000
2001-07-23,3500,3500,3430,3460,2417.733154,21275000
2001-07-24,3400,3510,3400,3470,2424.720947,21480000
2001-07-25,3460,3590,3440,3570,2494.596924,20905000
2001-07-26,3590,3650,3590,3630,2536.523193,21865000
2001-07-27,3730,3790,3690,3710,2592.424072,28800000
2001-07-30,3760,3780,3690,3710,2592.424072,20055000
2001-07-31,3740,3810,3720,3790,2648.325439,22230000
2001-08-01,3830,3990,3810,3960,2767.116699,57875000
2001-08-02,4020,4040,3880,3910,2732.17749,31790000
2001-08-03,4000,4020,3950,3990,2788.079346,32795000
2001-08-06,3930,4000,3900,3980,2781.091064,16130000
2001-08-07,3880,3900,3810,3860,2697.23877,22085000
2001-08-08,3820,3840,3740,3800,2655.313477,13405000
2001-08-09,3690,3730,3660,3660,2557.486328,29170000
2001-08-10,3710,3780,3710,3730,2606.39917,11580000
2001-08-13,3770,3830,3750,3830,2676.276367,18640000
2001-08-14,3900,3960,3870,3950,2760.12793,21220000
2001-08-15,3950,3950,3950,3950,2760.12793,0
2001-08-16,3840,3900,3820,3900,2725.189209,18330000
2001-08-17,3900,3960,3870,3920,2739.165283,17745000
2001-08-20,3800,3830,3780,3800,2655.313477,9435000
2001-08-21,3820,3850,3700,3720,2599.412354,21735000
2001-08-22,3630,3850,3630,3850,2690.252197,21770000
2001-08-23,3870,3910,3800,3850,2690.252197,14945000
2001-08-24,3840,3880,3780,3840,2683.26416,7515000
2001-08-27,3960,4020,3920,3980,2781.091064,37955000
2001-08-28,4000,4000,3930,3940,2753.141113,20535000
2001-08-29,3900,3970,3860,3930,2746.152832,19135000
2001-08-30,3840,3940,3840,3920,2739.165283,12585000
2001-08-31,3860,3880,3750,3800,2655.313477,25845000
2001-09-03,3810,3820,3750,3760,2627.363037,10450000
2001-09-04,3760,3940,3750,3930,2746.152832,18775000
2001-09-05,3840,3850,3750,3790,2648.325439,21020000
2001-09-06,3800,3850,3760,3770,2634.350098,17490000
2001-09-07,3760,3820,3690,3820,2669.288818,22835000
2001-09-10,3770,3830,3730,3830,2676.276367,14000000
2001-09-11,3800,3850,3720,3740,2613.386963,15810000
2001-09-12,3200,3460,3200,3230,2257.016113,84970000
2001-09-13,3360,3460,3320,3430,2396.769775,59745000
2001-09-14,3440,3450,3290,3390,2368.818848,33175000
2001-09-17,3300,3360,3240,3280,2291.95459,28450000
2001-09-18,3390,3400,3300,3350,2340.868164,24870000
2001-09-19,3300,3340,3260,3280,2291.95459,21555000
2001-09-20,3200,3200,3030,3080,2152.201172,61380000
2001-09-21,2900,2940,2790,2850,1991.485474,65415000
2001-09-24,2850,2850,2850,2850,1991.485474,0
2001-09-25,3060,3070,2860,2860,1998.473267,42065000
2001-09-26,2820,2870,2790,2830,1977.509766,33275000
2001-09-27,2760,2810,2680,2810,1963.534912,36500000
2001-09-28,2810,2810,2810,2810,1963.534912,0
2001-10-01,2810,2810,2810,2810,1963.534912,0
2001-10-02,2810,2810,2810,2810,1963.534912,0
2001-10-03,2810,2810,2810,2810,1963.534912,0
2001-10-04,3000,3000,2860,2910,2033.411133,64925000
2001-10-05,2920,2970,2870,2950,2061.361816,40035000
2001-10-08,2940,2960,2890,2920,2040.398193,19935000
2001-10-09,2960,3060,2960,3030,2117.262451,39630000
2001-10-10,2990,3010,2960,2980,2082.325439,16855000
2001-10-11,3080,3200,3070,3180,2222.078369,58170000
2001-10-12,3320,3340,3250,3260,2277.979492,47265000
2001-10-15,3200,3240,3180,3200,2236.053223,17425000
2001-10-16,3160,3230,3160,3180,2222.078369,15620000
2001-10-17,3260,3300,3230,3280,2291.95459,28595000
2001-10-18,3230,3260,3170,3260,2277.979492,21850000
2001-10-19,3300,3410,3260,3400,2375.806885,41555000
2001-10-22,3460,3470,3330,3390,2368.818848,18730000
2001-10-23,3500,3530,3450,3480,2431.708008,39580000
2001-10-24,3560,3710,3550,3710,2592.424072,56115000
2001-10-25,3700,3700,3620,3660,2557.486328,27610000
2001-10-26,3660,3690,3580,3620,2529.5354,47820000
2001-10-29,3660,3700,3610,3680,2571.462158,25480000
2001-10-30,3540,3580,3470,3480,2431.708008,33825000
2001-10-31,3410,3480,3410,3470,2424.720947,28980000
2001-11-01,3540,3630,3480,3580,2501.585205,34295000
2001-11-02,3630,3670,3630,3660,2557.486328,37920000
2001-11-05,3670,3700,3620,3700,2585.437012,30180000
2001-11-06,3780,3830,3760,3800,2655.313477,53010000
2001-11-07,3820,3830,3770,3810,2662.301025,44265000
2001-11-08,3810,3870,3800,3860,2697.23877,37600000
2001-11-09,3860,3860,3860,3860,2697.23877,0
2001-11-12,4010,4050,3930,4000,2795.06665,23500000
2001-11-13,3920,4000,3900,4000,2795.06665,30010000
2001-11-14,4100,4300,4060,4300,3004.697266,75030000
2001-11-15,4210,4290,4150,4190,2927.831787,36275000
2001-11-16,4160,4190,4070,4180,2920.843994,35795000
2001-11-19,4100,4400,4100,4370,3053.61084,39315000
2001-11-20,4400,4460,4270,4270,2983.734131,37695000
2001-11-21,4160,4300,4150,4220,2948.795654,33430000
2001-11-22,4230,4320,4160,4320,3018.671387,17595000
2001-11-23,4340,4450,4300,4440,3102.524658,27370000
2001-11-26,4470,4620,4470,4600,3214.326904,37990000
2001-11-27,4640,4660,4570,4620,3228.302002,41960000
2001-11-28,4540,4600,4350,4380,3060.598389,29700000
2001-11-29,4290,4490,4170,4200,2934.820313,53265000
2001-11-30,4460,4460,4330,4360,3046.623535,31230000
2001-12-03,4430,4500,4290,4490,3137.460938,32860000
2001-12-04,4530,4610,4440,4600,3214.326904,32740000
2001-12-05,4760,5290,4740,5290,3696.475342,115130000
2001-12-06,5560,5860,5350,5500,3843.218018,114630000
2001-12-07,5400,5730,5330,5670,3962.00708,58705000
2001-12-10,5580,5580,5170,5200,3633.58667,65280000
2001-12-11,5040,5190,4970,5170,3612.623535,52625000
2001-12-12,5160,5420,5030,5400,3773.340332,53895000
2001-12-13,5400,5430,5220,5300,3703.464844,63765000
2001-12-14,5110,5230,5090,5100,3563.710449,46510000
2001-12-17,5010,5150,4920,5010,3500.821045,41255000
2001-12-18,5080,5390,5080,5210,3640.575195,56725000
2001-12-19,5310,5350,5250,5280,3689.489502,30870000
2001-12-20,5200,5410,5110,5300,3703.464844,32435000
2001-12-21,5100,5190,5000,5030,3514.79541,41650000
2001-12-24,5050,5160,5010,5050,3528.772461,20430000
2001-12-25,5050,5050,5050,5050,3528.772461,0
2001-12-26,5130,5190,5080,5160,3605.637451,21745000
2001-12-27,5200,5420,5180,5400,3773.340332,40355000
2001-12-28,5600,5620,5510,5580,3899.118652,38480000
2001-12-31,5580,5580,5580,5580,3899.118652,0
2002-01-01,5580,5580,5580,5580,3899.118652,0
2002-01-02,5660,6160,5620,6160,4304.402344,57100000
2002-01-03,6160,6160,6160,6160,4304.402344,0
2002-01-04,6380,6410,6290,6380,4458.131836,50470000
2002-01-07,6260,6430,6170,6360,4444.156738,51455000
2002-01-08,6390,6390,6190,6230,4353.316895,38005000
2002-01-09,6210,6450,6190,6450,4507.04541,45120000
2002-01-10,6360,6420,6160,6160,4304.402344,54845000
2002-01-11,6240,6350,6040,6120,4276.451172,47680000
2002-01-14,6050,6600,6040,6600,4611.859375,48900000
2002-01-15,6430,6460,6160,6240,4360.303711,68875000
2002-01-16,6150,6250,6030,6030,4213.562988,60330000
2002-01-17,5900,6060,5860,6000,4192.598633,55605000
2002-01-18,6010,6040,5880,5920,4136.699219,44260000
2002-01-21,5800,5840,5720,5820,4066.822266,41265000
2002-01-22,5840,6050,5840,6000,4192.598633,32895000
2002-01-23,5800,6190,5780,6160,4304.402344,39900000
2002-01-24,6220,6370,6180,6200,4332.354004,38415000
2002-01-25,6330,6570,6260,6460,4514.032227,56875000
2002-01-28,6580,6580,6350,6370,4451.14209,33735000
2002-01-29,6370,6450,6290,6300,4402.230957,32140000
2002-01-30,6010,6180,6010,6060,4234.524902,39580000
2002-01-31,6060,6060,6060,6060,4234.524902,0
2002-02-01,6200,6320,6090,6180,4318.378906,35640000
2002-02-04,6200,6330,6180,6240,4360.303711,23805000
2002-02-05,6200,6490,6140,6460,4514.032227,48675000
2002-02-06,6400,6480,6360,6380,4458.131836,31845000
2002-02-07,6300,6460,6240,6300,4402.230957,36975000
2002-02-08,6320,6420,6220,6420,4486.082031,34105000
2002-02-11,6420,6420,6420,6420,4486.082031,0
2002-02-12,6420,6420,6420,6420,4486.082031,0
2002-02-13,6420,6420,6420,6420,4486.082031,0
2002-02-14,6740,7100,6630,7100,4961.243652,98365000
2002-02-15,6940,7000,6810,6830,4772.57666,42860000
2002-02-18,6820,6910,6780,6860,4793.539551,35695000
2002-02-19,6900,7040,6790,6850,4786.552246,36270000
2002-02-20,6700,6870,6700,6800,4751.61377,34980000
2002-02-21,6860,6890,6540,6760,4723.664551,51595000
2002-02-22,6550,6680,6530,6670,4660.773438,47120000
2002-02-25,6610,6730,6530,6640,4639.811035,33955000
2002-02-26,6820,6880,6660,6740,4709.687988,34055000
2002-02-27,6660,7000,6660,7000,4891.367188,45875000
2002-02-28,7000,7010,6860,6860,4793.539551,43075000
2002-03-01,6860,6860,6860,6860,4793.539551,0
2002-03-04,7010,7260,7000,7000,4891.367188,60950000
2002-03-05,7270,7280,7120,7220,5045.095215,48115000
2002-03-06,7220,7360,7150,7260,5073.046387,30955000
2002-03-07,7370,7370,7110,7120,4975.219238,24780000
2002-03-08,7100,7150,6910,6980,4877.391602,36710000
2002-03-11,7000,7040,6870,6970,4870.403809,36135000
2002-03-12,6880,7070,6860,7060,4933.291016,39365000
2002-03-13,6910,7050,6910,6960,4863.416016,33440000
2002-03-14,6890,6900,6580,6880,4807.515625,105785000
2002-03-15,6680,6730,6580,6600,4611.859375,71515000
2002-03-18,6700,6720,6580,6640,4639.811035,51835000
2002-03-19,6660,6980,6660,6980,4877.391602,63005000
2002-03-20,7020,7120,6930,6980,4877.391602,43105000
2002-03-21,6800,6910,6800,6830,4772.57666,33605000
2002-03-22,6900,7140,6790,7010,4898.354492,48595000
2002-03-25,7060,7060,6800,6800,4751.61377,54505000
2002-03-26,6770,6980,6730,6980,4877.391602,42195000
2002-03-27,7000,7310,7000,7270,5080.03418,61410000
2002-03-28,7250,7400,7150,7150,4996.181152,39260000
2002-03-29,7300,7420,7260,7360,5142.924316,36935000
2002-04-01,7500,7690,7410,7480,5226.773926,57465000
2002-04-02,7560,7970,7400,7970,5569.170898,78395000
2002-04-03,7950,8100,7860,8080,5646.03418,60430000
2002-04-04,7980,7980,7730,7780,5436.405273,70795000
2002-04-05,7780,7780,7780,7780,5436.405273,0
2002-04-08,7760,7760,7380,7380,5156.896973,77600000
2002-04-09,7400,7470,7320,7380,5156.896973,52740000
2002-04-10,7380,7390,7110,7120,4975.219238,65180000
2002-04-11,7150,7300,7120,7190,5024.130859,71690000
2002-04-12,7190,7430,7110,7380,5156.896973,55420000
2002-04-15,7440,7760,7440,7700,5380.504395,42665000
2002-04-16,7700,7820,7630,7780,5436.405273,42525000
2002-04-17,8010,8220,7980,8120,5673.984375,77025000
2002-04-18,8000,8170,7950,8130,5680.973633,48785000
2002-04-19,8130,8270,7920,7920,5534.233398,61985000
2002-04-22,8060,8340,8040,8200,5729.885254,61720000
2002-04-23,8200,8560,8110,8540,5967.468262,59890000
2002-04-24,8460,8640,8360,8640,6037.342773,39980000
2002-04-25,8430,8520,8250,8260,5771.812012,51010000
2002-04-26,8140,8230,7990,8000,5590.133301,56155000
2002-04-29,7800,7930,7610,7620,5324.602051,53330000
2002-04-30,7660,7770,7560,7640,5338.577637,44785000
2002-05-01,7640,7640,7640,7640,5338.577637,0
2002-05-02,7740,7740,7530,7590,5303.639648,51900000
2002-05-03,7440,7490,7260,7400,5170.874023,55535000
2002-05-06,7130,7220,6960,6960,4863.416016,55135000
2002-05-07,6810,7040,6700,7040,4919.317871,72025000
2002-05-08,7160,7380,7130,7250,5066.058594,53325000
2002-05-09,7540,7560,7240,7240,5059.070801,74720000
2002-05-10,7010,7100,6640,6680,4667.761719,100015000
2002-05-13,6560,6770,6410,6710,4688.726563,67570000
2002-05-14,6940,7170,6900,7160,5003.17041,59730000
2002-05-15,7360,7620,7340,7520,5254.726074,70610000
2002-05-16,7520,7530,7390,7400,5170.874023,30645000
2002-05-17,7500,7670,7470,7650,5345.56543,40355000
2002-05-20,7600,7610,7400,7400,5170.874023,30245000
2002-05-21,7290,7360,7100,7120,4975.219238,40335000
2002-05-22,7100,7400,7030,7400,5170.874023,37960000
2002-05-23,7340,7380,7190,7200,5031.120117,37015000
2002-05-24,7360,7420,7300,7320,5114.972656,34335000
2002-05-27,7200,7390,7190,7230,5052.082031,19350000
2002-05-28,7250,7400,7210,7390,5163.88623,23475000
2002-05-29,7300,7300,7080,7240,5059.070801,39030000
2002-05-30,7130,7210,7040,7100,4961.243652,31370000
2002-05-31,7080,7130,6840,6840,4779.564453,44735000
2002-06-03,6720,7080,6720,7020,4905.341797,34900000
2002-06-04,6820,7080,6810,7040,4919.317871,28405000
2002-06-05,7160,7250,7090,7110,4968.231934,25415000
2002-06-06,7110,7110,7110,7110,4968.231934,0
2002-06-07,6910,6990,6880,6900,4821.490723,39460000
2002-06-10,6980,7050,6960,7000,4891.367188,28000000
2002-06-11,7000,7020,6880,7000,4891.367188,22005000
2002-06-12,6930,7040,6920,7040,4919.317871,42905000
2002-06-13,7040,7040,7040,7040,4919.317871,0
2002-06-14,7070,7320,7060,7190,5024.130859,37845000
2002-06-17,7220,7290,7160,7180,5017.144043,28255000
2002-06-18,7400,7500,7230,7260,5073.046387,41960000
2002-06-19,7260,7320,6870,6970,4870.403809,63065000
2002-06-20,6800,6880,6670,6820,4765.588867,42950000
2002-06-21,6700,6910,6610,6800,4751.61377,48655000
2002-06-24,6630,6820,6630,6780,4737.637695,27915000
2002-06-25,6900,6940,6760,6770,4730.650879,30155000
2002-06-26,6600,6610,6180,6180,4318.378906,64210000
2002-06-27,6380,6430,6220,6260,4374.27832,44755000
2002-06-28,6500,6690,6440,6580,4597.885742,45560000
2002-07-01,6580,6580,6580,6580,4597.885742,0
2002-07-02,6440,6800,6360,6750,4716.674805,40600000
2002-07-03,6630,6830,6530,6760,4723.664551,40585000
2002-07-04,6850,7000,6850,7000,4891.367188,37020000
2002-07-05,7000,7210,6980,7160,5003.17041,45015000
2002-07-08,7400,7410,7100,7180,5017.144043,54385000
2002-07-09,7200,7300,7110,7240,5059.070801,33070000
2002-07-10,7100,7170,6890,6940,4849.441895,35655000
2002-07-11,6740,6780,6630,6630,4632.822754,37980000
2002-07-12,6880,7090,6820,7040,4919.317871,40000000
2002-07-15,6960,7220,6960,7060,4933.291016,36755000
2002-07-16,7200,7230,7020,7080,4947.268066,42635000
2002-07-17,7080,7080,7080,7080,4947.268066,0
2002-07-18,7070,7210,7050,7140,4989.193848,40105000
2002-07-19,7000,7010,6760,6830,4772.57666,43190000
2002-07-22,6570,6690,6540,6600,4611.859375,39480000
2002-07-23,6520,6900,6430,6900,4821.490723,41355000
2002-07-24,6660,6740,6590,6700,4681.736328,33850000
2002-07-25,7000,7020,6780,6780,4737.637695,47515000
2002-07-26,6590,6660,6340,6400,4472.106445,63865000
2002-07-29,6480,6550,6380,6500,4541.983887,28925000
2002-07-30,6660,6780,6660,6660,4653.787109,31170000
2002-07-31,6650,6740,6620,6650,4646.797363,27480000
2002-08-01,6670,6670,6420,6490,4534.996582,26135000
2002-08-02,6350,6440,6240,6390,4465.120605,51860000
2002-08-05,6310,6340,6160,6180,4318.378906,32540000
2002-08-06,6100,6100,5970,6000,4192.598633,61465000
2002-08-07,6170,6280,6130,6240,4360.303711,35240000
2002-08-08,6400,6400,6220,6270,4381.267578,47335000
2002-08-09,6390,6450,6350,6380,4458.131836,31175000
2002-08-12,6380,6420,6260,6340,4430.181641,38830000
2002-08-13,6340,6490,6340,6490,4534.996582,19635000
2002-08-14,6440,6460,6360,6440,4500.058105,35980000
2002-08-15,6440,6440,6440,6440,4500.058105,0
2002-08-16,6600,6660,6500,6510,4548.97168,31750000
2002-08-19,6640,6700,6570,6660,4653.787109,23175000
2002-08-20,6800,6940,6770,6920,4835.466309,42485000
2002-08-21,6920,7000,6850,7000,4891.367188,40045000
2002-08-22,7040,7060,6930,6950,4856.428711,39610000
2002-08-23,6950,6950,6950,6950,4856.428711,0
2002-08-26,6840,6840,6770,6810,4758.601563,31810000
2002-08-27,6810,6830,6660,6660,4653.787109,33835000
2002-08-28,6500,6660,6500,6560,4583.90918,29830000
2002-08-29,6720,6720,6480,6560,4583.90918,28695000
2002-08-30,6520,6640,6480,6620,4625.834473,31530000
2002-09-02,6590,6800,6570,6800,4751.61377,28810000
2002-09-03,6820,6840,6650,6670,4660.773438,22945000
2002-09-04,6520,6560,6430,6480,4528.008789,33640000
2002-09-05,6560,6570,6420,6420,4486.082031,17770000
2002-09-06,6370,6490,6360,6440,4500.058105,27970000
2002-09-09,6530,6570,6430,6470,4521.02002,22015000
2002-09-10,6490,6600,6480,6600,4611.859375,17320000
2002-09-11,6670,6790,6620,6730,4702.698242,26610000
2002-09-12,6770,6860,6710,6860,4793.539551,32885000
2002-09-13,6730,6740,6630,6630,4632.822754,23920000
2002-09-16,6680,6680,6540,6550,4576.922852,19385000
2002-09-17,6680,6840,6610,6840,4779.564453,33655000
2002-09-18,6640,6700,6600,6660,4653.787109,28480000
2002-09-19,6700,6790,6670,6700,4681.736328,21495000
2002-09-20,6700,6700,6700,6700,4681.736328,0
2002-09-23,6560,6600,6370,6430,4493.069336,44800000
2002-09-24,6260,6380,6220,6380,4458.131836,44650000
2002-09-25,6260,6340,6080,6140,4290.425781,42295000
2002-09-26,6320,6370,6180,6280,4388.256348,42535000
2002-09-27,6160,6320,6140,6190,4325.365723,30845000
2002-09-30,5990,6000,5880,5970,4171.637695,40780000
2002-10-01,5820,5990,5820,5950,4157.661133,34580000
2002-10-02,6140,6160,5960,5990,4185.612793,36470000
2002-10-03,5990,5990,5990,5990,4185.612793,0
2002-10-04,5840,6150,5840,6120,4276.451172,34510000
2002-10-07,6060,6080,5920,5920,4136.699219,22180000
2002-10-08,5890,6000,5890,6000,4192.598633,29610000
2002-10-09,6040,6040,5920,5950,4157.661133,27245000
2002-10-10,5810,5870,5450,5470,3822.255127,72530000
2002-10-11,5670,5670,5310,5470,3822.255127,67420000
2002-10-14,5700,5810,5660,5760,4024.895264,48320000
2002-10-15,5860,6050,5750,6000,4192.598633,45910000
2002-10-16,6100,6140,5950,6100,4262.477539,52820000
2002-10-17,6060,6220,5930,6150,4297.41748,58125000
2002-10-18,6400,6610,6320,6530,4562.946289,90720000
2002-10-21,6500,6630,6420,6480,4528.008789,32510000
2002-10-22,6630,6640,6260,6390,4465.120605,40335000
2002-10-23,6410,6560,6270,6560,4583.90918,46750000
2002-10-24,6650,6760,6640,6680,4667.761719,50295000
2002-10-25,6610,6840,6610,6800,4751.61377,45285000
2002-10-28,6960,7260,6950,7220,5045.095215,57720000
2002-10-29,7190,7260,7060,7060,4933.291016,45245000
2002-10-30,6940,6980,6640,6760,4723.664551,63295000
2002-10-31,6900,6960,6750,6900,4821.490723,41280000
2002-11-01,6860,6920,6770,6820,4765.588867,27225000
2002-11-04,7080,7370,7030,7350,5135.936035,68795000
2002-11-05,7390,7400,7140,7230,5052.082031,46110000
2002-11-06,7360,7370,7230,7310,5107.984375,32750000
2002-11-07,7310,7380,7180,7330,5121.960449,41545000
2002-11-08,7120,7190,7040,7190,5024.130859,36000000
2002-11-11,7120,7120,6900,6980,4877.391602,27855000
2002-11-12,6790,6950,6770,6930,4842.453125,33100000
2002-11-13,6990,7020,6890,6980,4877.391602,38210000
2002-11-14,6900,6980,6780,6800,4751.61377,31635000
2002-11-15,7020,7160,6990,7160,5003.17041,41990000
2002-11-18,7160,7170,6990,7020,4905.341797,28460000
2002-11-19,6920,7050,6920,7050,4926.304688,20825000
2002-11-20,7060,7210,6990,7200,5031.120117,40270000
2002-11-21,7420,7470,7360,7380,5156.896973,55060000
2002-11-22,7560,7600,7460,7460,5212.79834,48550000
2002-11-25,7500,7600,7460,7570,5289.664551,32420000
2002-11-26,7590,7640,7490,7570,5289.664551,39225000
2002-11-27,7440,7600,7440,7600,5310.626953,23900000
2002-11-28,7740,7850,7660,7700,5380.504395,38735000
2002-11-29,7710,7760,7650,7740,5408.454102,28085000
2002-12-02,7740,7740,7740,7740,5408.454102,0
2002-12-03,7760,7900,7700,7860,5492.305664,37660000
2002-12-04,7720,7750,7470,7470,5219.788086,42435000
2002-12-05,7380,7500,7270,7470,5219.788086,46550000
2002-12-06,7400,7480,7330,7440,5198.824707,27790000
2002-12-09,7460,7480,7300,7450,5205.811035,39300000
2002-12-10,7280,7320,7240,7290,5094.009766,31780000
2002-12-11,7340,7350,7210,7320,5114.972656,35140000
2002-12-12,7310,7360,7310,7360,5142.924316,57605000
2002-12-13,7300,7330,7180,7240,5059.070801,31630000
2002-12-16,7060,7120,6960,6970,4870.403809,50650000
2002-12-17,7100,7140,7040,7070,4940.280273,45230000
2002-12-18,6940,7200,6900,7150,4996.181152,31875000
2002-12-19,7150,7150,7150,7150,4996.181152,0
2002-12-20,7120,7200,7010,7160,5003.17041,30960000
2002-12-23,7160,7180,6940,6960,4863.416016,25675000
2002-12-24,6900,6980,6830,6850,4786.552246,24370000
2002-12-25,6850,6850,6850,6850,4786.552246,0
2002-12-26,6850,6880,6740,6790,4744.625488,26020000
2002-12-27,6700,6870,6680,6720,4695.711426,23135000
2002-12-30,6610,6700,6260,6280,4388.256348,49905000
2002-12-31,6280,6280,6280,6280,4388.256348,0
2003-01-01,6280,6280,6280,6280,4388.256348,0
2003-01-02,6380,6460,6300,6430,4493.069336,25580000
2003-01-03,6700,7000,6640,6880,4807.515625,55530000
2003-01-06,6940,7030,6880,6990,4884.379395,24970000
2003-01-07,7180,7180,6840,6850,4786.552246,28895000
2003-01-08,6920,6930,6770,6800,4751.61377,25210000
2003-01-09,6620,6660,6420,6460,4514.032227,75290000
2003-01-10,6600,6650,6340,6480,4528.008789,62640000
2003-01-13,6400,6690,6370,6690,4674.750977,31445000
2003-01-14,6600,6650,6500,6570,4590.896973,26320000
2003-01-15,6600,6670,6440,6480,4528.008789,32735000
2003-01-16,6400,6600,6320,6600,4611.859375,40380000
2003-01-17,6550,6570,6410,6410,4479.09375,24405000
2003-01-20,6240,6420,6240,6400,4472.106445,18610000
2003-01-21,6360,6400,6290,6380,4458.131836,26675000
2003-01-22,6290,6370,6180,6230,4353.316895,32670000
2003-01-23,6230,6370,6150,6320,4416.20459,36700000
2003-01-24,6320,6340,6130,6260,4374.27832,33445000
2003-01-27,6020,6100,5970,5980,4178.625,46465000
2003-01-28,5980,6140,5980,6140,4290.425781,26430000
2003-01-29,6070,6130,5800,5830,4073.808594,46520000
2003-01-30,5860,5910,5790,5830,4073.808594,35065000
2003-01-31,5830,5830,5830,5830,4073.808594,0
2003-02-03,5780,5890,5720,5860,4094.771484,28670000
2003-02-04,5860,5960,5840,5880,4108.746582,40850000
2003-02-05,5780,5910,5780,5820,4066.822266,21430000
2003-02-06,5810,5840,5630,5660,3955.019531,38460000
2003-02-07,5600,5640,5400,5480,3829.24292,48695000
2003-02-10,5420,5460,5350,5390,3766.351318,39390000
2003-02-11,5400,5510,5190,5430,3794.302979,52050000
2003-02-12,5320,5600,5320,5600,3913.092285,38100000
2003-02-13,5580,5610,5430,5430,3794.302979,38935000
2003-02-14,5400,5460,5320,5460,3815.265381,31730000
2003-02-17,5640,5840,5600,5810,4059.834473,43155000
2003-02-18,5820,5870,5720,5860,4094.771484,25315000
2003-02-19,6000,6160,5940,5940,4150.672852,49545000
2003-02-20,5880,6060,5880,6050,4227.537109,33430000
2003-02-21,6100,6100,5990,6040,4220.55127,21490000
2003-02-24,6060,6280,6060,6190,4325.365723,33000000
2003-02-25,6000,6040,5790,5790,4045.860107,47465000
2003-02-26,5790,5840,5650,5680,3968.996094,32980000
2003-02-27,5600,5710,5520,5670,3962.00708,37950000
2003-02-28,5670,5740,5580,5590,3906.105713,20490000
2003-03-03,5590,5900,5590,5900,4122.723633,25520000
2003-03-04,5750,5780,5650,5700,3982.970947,25405000
2003-03-05,5560,5590,5460,5520,3857.192383,33420000
2003-03-06,5580,5580,5430,5520,3857.192383,19110000
2003-03-07,5460,5700,5400,5620,3927.069824,39685000
2003-03-10,5690,5780,5640,5730,4003.932617,29210000
2003-03-11,5690,5800,5600,5750,4017.906738,51570000
2003-03-12,5750,5830,5730,5800,4052.847656,50580000
2003-03-13,5810,5830,5650,5800,4052.847656,53845000
2003-03-14,5980,6060,5860,5930,4143.686035,38295000
2003-03-17,5930,5940,5640,5760,4024.895264,38500000
2003-03-18,5990,6030,5870,5980,4178.625,42135000
2003-03-19,5920,6020,5880,5920,4136.699219,29355000
2003-03-20,6000,6230,5960,6230,4353.316895,59500000
2003-03-21,6230,6330,6170,6300,4402.230957,31155000
2003-03-24,6340,6340,6220,6250,4367.291992,41540000
2003-03-25,6140,6140,6060,6120,4276.451172,44210000
2003-03-26,6160,6210,6060,6080,4248.501465,45140000
2003-03-27,5980,6050,5930,5970,4171.637695,24130000
2003-03-28,5980,6140,5930,6140,4290.425781,33220000
2003-03-31,5960,6000,5680,5680,3968.996094,46440000
2003-04-01,5560,5680,5480,5680,3968.996094,49730000
2003-04-02,5700,5740,5550,5580,3899.118652,60345000
2003-04-03,5720,5750,5580,5580,3899.118652,59235000
2003-04-04,5520,5710,5440,5670,3962.00708,53760000
2003-04-07,5760,6010,5710,5980,4178.625,49785000
2003-04-08,5840,6030,5820,5980,4178.625,40425000
2003-04-09,5840,5880,5720,5730,4003.932617,42470000
2003-04-10,5730,5820,5670,5760,4024.895264,54070000
2003-04-11,5700,5880,5690,5700,3982.970947,39665000
2003-04-14,5670,5880,5670,5710,3989.957275,35175000
2003-04-15,5860,5930,5810,5920,4136.699219,35260000
2003-04-16,6100,6250,6070,6210,4339.340332,55085000
2003-04-17,6140,6210,6040,6040,4220.55127,34275000
2003-04-18,6210,6300,6060,6300,4402.230957,40785000
2003-04-21,6240,6340,6170,6180,4318.378906,20485000
2003-04-22,6100,6140,5950,5970,4171.637695,35690000
2003-04-23,6050,6110,5980,6000,4192.598633,23690000
2003-04-24,5980,6040,5840,5900,4122.723633,23805000
2003-04-25,5800,5840,5700,5750,4017.906738,35760000
2003-04-28,5690,5840,5660,5700,3982.970947,27240000
2003-04-29,5870,6030,5820,6010,4199.588379,31235000
2003-04-30,6040,6130,5990,6100,4262.477539,32040000
2003-05-01,6100,6100,6100,6100,4262.477539,0
2003-05-02,6100,6200,6010,6140,4290.425781,41120000
2003-05-05,6140,6140,6140,6140,4290.425781,0
2003-05-06,6210,6320,6210,6260,4374.27832,35920000
2003-05-07,6340,6400,6200,6390,4465.120605,49160000
2003-05-08,6390,6390,6390,6390,4465.120605,0
2003-05-09,6320,6370,6260,6340,4430.181641,22870000
2003-05-12,6500,6590,6460,6540,4569.933594,36610000
2003-05-13,6540,6540,6290,6320,4416.20459,29390000
2003-05-14,6260,6300,6170,6190,4325.365723,24465000
2003-05-15,6240,6340,6150,6300,4402.230957,28510000
2003-05-16,6260,6310,6140,6140,4290.425781,31405000
2003-05-19,6050,6090,5980,6020,4206.574219,31090000
2003-05-20,5920,6140,5910,6130,4283.438965,23500000
2003-05-21,6090,6170,6050,6080,4248.501465,20475000
2003-05-22,6030,6170,5970,6000,4192.598633,24650000
2003-05-23,6080,6250,6070,6240,4360.303711,21445000
2003-05-26,6240,6370,6170,6340,4430.181641,21220000
2003-05-27,6300,6360,6230,6280,4388.256348,12840000
2003-05-28,6480,6510,6370,6420,4486.082031,34535000
2003-05-29,6420,6540,6360,6490,4534.996582,34130000
2003-05-30,6490,6510,6400,6480,4528.008789,23195000
2003-06-02,6580,6700,6580,6680,4667.761719,33215000
2003-06-03,6550,6600,6470,6470,4521.02002,26775000
2003-06-04,6520,6580,6430,6580,4597.885742,20430000
2003-06-05,6660,6730,6620,6670,4660.773438,27350000
2003-06-06,6670,6670,6670,6670,4660.773438,0
2003-06-09,6730,6890,6690,6880,4807.515625,38905000
2003-06-10,6800,6940,6780,6880,4807.515625,20680000
2003-06-11,6960,7050,6880,6900,4821.490723,27520000
2003-06-12,7000,7040,6950,7000,4891.367188,45395000
2003-06-13,7080,7120,6970,7010,4898.354492,29815000
2003-06-16,6900,6960,6820,6820,4765.588867,19060000
2003-06-17,7060,7150,6990,7140,4989.193848,42120000
2003-06-18,7030,7180,7030,7080,4947.268066,19355000
2003-06-19,7200,7500,7140,7400,5170.874023,48170000
2003-06-20,7300,7400,7280,7280,5087.021484,23375000
2003-06-23,7280,7300,7120,7140,4989.193848,20565000
2003-06-24,7000,7050,6980,7030,4912.328613,22885000
2003-06-25,7050,7210,7020,7190,5024.130859,17285000
2003-06-26,7050,7350,7050,7290,5094.009766,17265000
2003-06-27,7340,7410,7220,7220,5045.095215,22770000
2003-06-30,7160,7210,7070,7100,4961.243652,15605000
2003-07-01,7100,7250,7040,7240,5059.070801,13000000
2003-07-02,7390,7420,7310,7420,5184.848145,25990000
2003-07-03,7640,7820,7580,7640,5338.577637,58735000
2003-07-04,7630,7710,7580,7680,5366.52832,12565000
2003-07-07,7740,7750,7670,7720,5394.477539,14800000
2003-07-08,7990,8000,7910,7970,5569.170898,62230000
2003-07-09,7980,7990,7890,7930,5541.220703,18865000
2003-07-10,7880,7960,7840,7840,5478.330566,25675000
2003-07-11,7760,7880,7700,7880,5506.282227,22460000
2003-07-14,7900,8210,7890,8190,5722.899414,46710000
2003-07-15,8220,8230,8080,8160,5701.93457,35205000
2003-07-16,8300,8410,8180,8360,5841.687988,41615000
2003-07-17,8360,8360,8360,8360,5841.687988,0
2003-07-18,7950,8160,7950,8080,5646.03418,45980000
2003-07-21,8040,8210,8040,8140,5687.960449,23485000
2003-07-22,8100,8240,8090,8240,5757.837402,21290000
2003-07-23,8300,8340,8040,8070,5639.046387,24025000
2003-07-24,8010,8180,7980,8130,5680.973633,25795000
2003-07-25,8080,8160,7980,8160,5701.93457,15045000
2003-07-28,8300,8390,8250,8360,5841.687988,20205000
2003-07-29,8400,8480,8360,8470,5918.554688,21905000
2003-07-30,8400,8470,8400,8430,5890.604492,16200000
2003-07-31,8400,8490,8270,8320,5813.740234,20615000
2003-08-01,8360,8540,8360,8520,5953.491699,25115000
2003-08-04,8400,8520,8400,8430,5890.604492,10235000
2003-08-05,8450,8590,8450,8560,5981.444336,15605000
2003-08-06,8400,8420,8220,8260,5771.812012,24635000
2003-08-07,8240,8250,8090,8200,5729.885254,15665000
2003-08-08,8200,8240,8090,8120,5673.984375,11095000
2003-08-11,7940,8160,7930,8160,5701.93457,17040000
2003-08-12,8200,8200,7950,8000,5590.133301,19490000
2003-08-13,8120,8260,8080,8250,5764.82373,13830000
2003-08-14,8370,8500,8270,8500,5939.514648,23680000
2003-08-15,8500,8500,8500,8500,5939.514648,0
2003-08-18,8550,8580,8350,8380,5855.663574,19925000
2003-08-19,8650,8700,8600,8600,6009.394531,23975000
2003-08-20,8620,8790,8560,8700,6079.271484,24660000
2003-08-21,8680,8840,8680,8830,6170.109863,23415000
2003-08-22,8860,8980,8830,8920,6232.999512,25245000
2003-08-25,8880,8950,8820,8860,6191.071777,16225000
2003-08-26,8780,8940,8730,8910,6226.012695,21695000
2003-08-27,8940,8950,8840,8860,6191.071777,20545000
2003-08-28,9000,9000,8730,8760,6121.196777,28335000
2003-08-29,8820,8840,8580,8700,6079.271484,26590000
2003-09-01,8740,8810,8650,8740,6107.22168,16540000
2003-09-02,8800,8820,8590,8610,6016.379883,16285000
2003-09-03,8640,8710,8580,8650,6044.331055,21495000
2003-09-04,8640,8770,8620,8720,6093.24707,14320000
2003-09-05,8840,8930,8800,8860,6191.071777,17780000
2003-09-08,8870,9030,8820,9030,6309.862305,18265000
2003-09-09,9160,9400,9140,9240,6456.604004,44905000
2003-09-10,9240,9240,9240,9240,6456.604004,0
2003-09-11,9240,9240,9240,9240,6456.604004,0
2003-09-12,9240,9240,9240,9240,6456.604004,0
2003-09-15,9100,9140,8740,8750,6114.209473,34760000
2003-09-16,8700,8900,8680,8890,6212.036621,22945000
2003-09-17,9000,9070,8930,8990,6281.915527,28225000
2003-09-18,9020,9030,8810,8880,6205.049316,23055000
2003-09-19,8990,9000,8530,8600,6009.394531,34340000
2003-09-22,8450,8480,7990,8060,5632.060547,42940000
2003-09-23,8000,8050,7780,7950,5555.196289,58805000
2003-09-24,8080,8150,7980,8100,5660.01123,48340000
2003-09-25,7820,8030,7780,8020,5604.108887,44665000
2003-09-26,7920,8010,7760,7760,5422.429688,37200000
2003-09-29,7750,7810,7560,7730,5401.467285,37810000
2003-09-30,7820,8000,7820,7840,5478.330566,42090000
2003-10-01,7760,8030,7740,8000,5590.133301,39630000
2003-10-02,8230,8230,8100,8170,5708.924805,41260000
2003-10-03,8170,8170,8170,8170,5708.924805,0
2003-10-06,8350,8510,8330,8420,5883.616211,44425000
2003-10-07,8540,8570,8430,8520,5953.491699,25115000
2003-10-08,8600,8600,8420,8480,5925.541992,32550000
2003-10-09,8480,8620,8450,8570,5988.431152,40505000
2003-10-10,8620,8960,8560,8900,6219.025879,41435000
2003-10-13,8780,8950,8720,8900,6219.025879,27460000
2003-10-14,8990,9120,8980,9060,6330.827148,34375000
2003-10-15,9120,9150,8940,9020,6302.876465,26060000
2003-10-16,9000,9190,8920,9190,6421.66748,37050000
2003-10-17,9180,9320,8990,9040,6316.852051,36790000
2003-10-20,8970,9200,8970,9160,6400.704102,28190000
2003-10-21,9240,9370,9140,9240,6456.604004,34390000
2003-10-22,9300,9420,9150,9400,6568.40918,29480000
2003-10-23,9180,9240,8900,8950,6253.964355,35460000
2003-10-24,8950,8990,8690,8740,6107.22168,30240000
2003-10-27,8750,8960,8710,8960,6260.950195,23240000
2003-10-28,8970,9290,8900,9240,6456.604004,32095000
2003-10-29,9420,9480,9330,9340,6526.481934,34570000
2003-10-30,9400,9440,9320,9420,6582.382813,20885000
2003-10-31,9500,9510,9270,9400,6568.40918,24580000
2003-11-03,9400,9500,9330,9490,6631.29541,18040000
2003-11-04,9600,9690,9480,9580,6694.182617,40790000
2003-11-05,9480,9610,9440,9600,6708.160645,29740000
2003-11-06,9600,9610,9280,9300,6498.530762,32325000
2003-11-07,9400,9540,9360,9540,6666.237305,18955000
2003-11-10,9420,9490,9190,9320,6512.505859,26360000
2003-11-11,9120,9230,9060,9220,6442.626953,25245000
2003-11-12,9200,9400,9150,9400,6568.40918,15265000
2003-11-13,9560,9570,9410,9540,6666.237305,26885000
2003-11-14,9480,9570,9380,9380,6554.431641,19070000
2003-11-17,9300,9310,9080,9220,6442.626953,25245000
2003-11-18,9160,9350,9160,9330,6519.492676,14070000
2003-11-19,9120,9210,9050,9130,6379.740723,37555000
2003-11-20,9060,9130,8950,8980,6274.921875,32565000
2003-11-21,8950,9170,8920,9120,6372.752441,32800000
2003-11-24,9090,9130,8840,8870,6198.060547,21840000
2003-11-25,9020,9070,8920,9030,6309.862305,23760000
2003-11-26,9050,9130,8980,9100,6358.777344,18815000
2003-11-27,9100,9140,9010,9110,6365.766113,13295000
2003-11-28,9130,9340,9130,9300,6498.530762,18225000
2003-12-01,9300,9400,9210,9320,6512.505859,17665000
2003-12-02,9390,9410,9330,9370,6547.443359,19415000
2003-12-03,9400,9510,9330,9420,6582.382813,17055000
2003-12-04,9360,9400,9220,9220,6442.626953,21545000
2003-12-05,9210,9210,8990,9030,6309.862305,28375000
2003-12-08,9030,9060,8820,9000,6288.900391,28845000
2003-12-09,8980,9080,8880,8900,6219.025879,19600000
2003-12-10,8750,9060,8720,9060,6330.827148,52095000
2003-12-11,9060,9230,9050,9050,6323.838867,50760000
2003-12-12,9200,9250,9060,9100,6358.777344,21495000
2003-12-15,9200,9290,9150,9220,6442.626953,22075000
2003-12-16,9020,9160,8980,9080,6344.803711,24525000
2003-12-17,9100,9130,8840,8850,6184.083984,38820000
2003-12-18,8850,8880,8750,8850,6184.083984,39130000
2003-12-19,8910,9040,8870,8970,6267.936523,23530000
2003-12-22,8820,8960,8820,8840,6177.096191,22260000
2003-12-23,8880,8930,8840,8840,6177.096191,22600000
2003-12-24,8900,8930,8710,8780,6135.172363,29335000
2003-12-25,8780,8780,8780,8780,6135.172363,0
2003-12-26,8780,8840,8780,8830,6170.109863,21955000
2003-12-29,8800,8850,8760,8800,6149.148438,18440000
2003-12-30,8960,9080,8900,9020,6302.876465,22430000
2003-12-31,9020,9020,9020,9020,6302.876465,0
2004-01-01,9020,9020,9020,9020,6302.876465,0
2004-01-02,9020,9060,8930,8980,6274.921875,18940000
2004-01-05,8980,9150,8950,9150,6393.716309,22385000
2004-01-06,9340,9340,9170,9200,6428.653809,22405000
2004-01-07,9270,9380,9240,9300,6498.530762,19970000
2004-01-08,9420,9550,9370,9380,6554.431641,37520000
2004-01-09,9600,10240,9560,10160,7099.46875,73480000
2004-01-12,10100,10200,9960,10100,7057.544922,33995000
2004-01-13,10160,10180,10000,10060,7029.59082,22040000
2004-01-14,9820,9990,9820,9890,6910.803711,28740000
2004-01-15,9900,10000,9810,9930,6938.752441,31625000
2004-01-16,10020,10140,10000,10120,7071.522461,27745000
2004-01-19,10180,10480,10140,10420,7281.150391,26945000
2004-01-20,10420,10600,10300,10520,7351.024414,20150000
2004-01-21,10520,10520,10520,10520,7351.024414,0
2004-01-22,10520,10520,10520,10520,7351.024414,0
2004-01-23,10520,10520,10520,10520,7351.024414,0
2004-01-26,10840,11100,10700,10900,7616.556152,73785000
2004-01-27,11080,11080,10600,10700,7476.803711,34810000
2004-01-28,10760,10960,10640,10760,7518.731934,29185000
2004-01-29,10820,10820,10560,10660,7448.855957,23660000
2004-01-30,10660,10680,10420,10480,7323.07666,21515000
2004-02-02,10480,10600,10400,10600,7406.929688,12645000
2004-02-03,10300,10480,10280,10340,7225.24707,22930000
2004-02-04,10280,10340,10180,10180,7113.441895,18560000
2004-02-05,10100,10300,10060,10240,7155.373047,18245000
2004-02-06,10320,10700,10280,10540,7364.998047,34875000
2004-02-09,10720,10920,10700,10860,7588.605957,22635000
2004-02-10,10940,11000,10760,10920,7630.530762,20570000
2004-02-11,11000,11180,10960,11080,7742.334473,30435000
2004-02-12,11200,11200,10920,10980,7672.461914,28550000
2004-02-13,10900,11100,10840,11100,7756.309082,16760000
2004-02-16,11100,11320,11020,11260,7868.113281,31250000
2004-02-17,11220,11420,11120,11200,7826.18457,18220000
2004-02-18,11260,11360,10980,10980,7672.461914,18650000
2004-02-19,11020,11100,10900,11100,7756.309082,18885000
2004-02-20,10940,11080,10880,10980,7672.461914,18165000
2004-02-23,10900,11040,10780,10940,7644.510254,19085000
2004-02-24,10800,10880,10580,10620,7420.901367,30425000
2004-02-25,10560,10580,10440,10500,7337.050781,24540000
2004-02-26,10540,10640,10460,10520,7351.024414,17225000
2004-02-27,10400,10900,10400,10900,7616.556152,20965000
2004-03-01,10900,10900,10900,10900,7616.556152,0
2004-03-02,11100,11160,10980,11080,7742.334473,24930000
2004-03-03,11100,11180,11040,11080,7742.334473,17960000
2004-03-04,11080,11380,11040,11380,7951.96582,21405000
2004-03-05,11420,11420,11280,11280,7882.086914,21440000
2004-03-08,11220,11260,10940,10980,7672.461914,20235000
2004-03-09,10800,10900,10700,10780,7532.702637,17675000
2004-03-10,10760,10840,10600,10620,7420.901367,22620000
2004-03-11,10580,10820,10560,10660,7448.855957,46135000
2004-03-12,10600,10660,10140,10480,7323.07666,46065000
2004-03-15,10640,10660,10500,10500,7337.050781,18220000
2004-03-16,10340,10560,10280,10560,7378.979004,19705000
2004-03-17,10680,10940,10640,10900,7616.556152,21170000
2004-03-18,10960,10960,10740,10880,7602.580078,22035000
2004-03-19,10820,11100,10800,11100,7756.309082,17055000
2004-03-22,11000,11080,10820,10880,7602.580078,20000000
2004-03-23,10700,10880,10640,10820,7560.654297,19105000
2004-03-24,10800,10900,10700,10840,7574.631836,21040000
2004-03-25,10900,10940,10620,10700,7476.803711,23440000
2004-03-26,10940,11080,10860,10900,7616.556152,42705000
2004-03-29,10980,11220,10960,11100,7756.309082,24570000
2004-03-30,11240,11300,11140,11200,7826.18457,20140000
2004-03-31,11360,11440,11260,11440,7993.893066,29890000
2004-04-01,11400,11500,11360,11500,8035.813477,19785000
2004-04-02,11560,11580,11300,11300,7896.059082,20525000
2004-04-05,11300,11300,11300,11300,7896.059082,0
2004-04-06,11680,11900,11640,11900,8315.322266,41690000
2004-04-07,11900,12140,11820,12000,8385.197266,27205000
2004-04-08,12100,12100,11940,12100,8455.074219,21400000
2004-04-09,11980,12000,11800,11900,8315.322266,16065000
2004-04-12,11900,12280,11880,12200,8524.955078,21795000
2004-04-13,12300,12440,12240,12320,8608.804688,30255000
2004-04-14,12320,12320,12160,12300,8594.834961,40205000
2004-04-15,12300,12300,12300,12300,8594.834961,0
2004-04-16,12200,12200,11840,11880,8301.345703,55345000
2004-04-19,11900,11980,11820,11980,8371.225586,38710000
2004-04-20,12140,12300,11980,12300,8594.834961,34160000
2004-04-21,12260,12540,12160,12500,8734.583984,43295000
2004-04-22,12500,12620,12340,12400,8664.708008,36920000
2004-04-23,12500,12740,12440,12740,8902.28418,36010000
2004-04-26,12740,12760,12520,12520,8748.556641,28090000
2004-04-27,12520,12580,12300,12360,8636.757813,35100000
2004-04-28,12360,12380,12020,12040,8413.148438,39765000
2004-04-29,11700,11800,11440,11520,8049.790527,60840000
2004-04-30,11200,11420,10980,11140,7784.262695,69125000
2004-05-03,11140,11220,10920,11120,7770.287598,38245000
2004-05-04,11120,11280,11000,11100,7756.309082,47555000
2004-05-05,11100,11100,11100,11100,7756.309082,0
2004-05-06,10960,11000,10520,10560,7378.979004,58090000
2004-05-07,10500,10800,10360,10800,7546.680664,45745000
2004-05-10,10600,10680,9840,10180,7113.441895,50775000
2004-05-11,10180,10320,9980,10020,7001.64209,52660000
2004-05-12,10300,10600,10220,10500,7337.050781,45270000
2004-05-13,10400,10500,10140,10140,7085.492676,38605000
2004-05-14,10220,10320,9710,9830,6868.875488,53855000
2004-05-17,9760,9840,9160,9160,6400.704102,54650000
2004-05-18,9010,9560,8960,9470,6617.322266,54350000
2004-05-19,9580,10120,9570,10000,6987.669434,41465000
2004-05-20,9920,10180,9740,9890,6910.803711,41540000
2004-05-21,9990,10040,9870,10040,7015.616699,22495000
2004-05-24,10280,10300,10120,10220,7141.395508,19995000
2004-05-25,10040,10060,9830,9840,6875.866211,27125000
2004-05-26,9840,9840,9840,9840,6875.866211,0
2004-05-27,10220,10260,10100,10120,7071.522461,28035000
2004-05-28,10320,10400,10200,10400,7267.17334,25515000
2004-05-31,10340,10360,9990,10120,7071.522461,23875000
2004-06-01,10160,10340,10120,10300,7197.297363,15500000
2004-06-02,10200,10220,9980,10040,7015.616699,25795000
2004-06-03,10060,10140,9470,9470,6617.322266,51000000
2004-06-04,9500,9630,9340,9620,6722.136719,33960000
2004-06-07,9840,9940,9770,9920,6931.76416,28310000
2004-06-08,10100,10140,9920,9960,6959.717285,20680000
2004-06-09,10080,10100,9610,9660,6750.086914,28850000
2004-06-10,9500,9580,9300,9360,6540.457031,55930000
2004-06-11,9360,9370,8660,8730,6100.231934,72110000
2004-06-14,8600,8880,8530,8570,5988.431152,46480000
2004-06-15,8600,8770,8420,8770,6128.183594,39720000
2004-06-16,8800,9030,8690,8720,6093.24707,37445000
2004-06-17,8790,8840,8580,8840,6177.096191,36855000
2004-06-18,8700,8880,8560,8710,6086.258301,26215000
2004-06-21,8800,8980,8740,8920,6232.999512,30140000
2004-06-22,8840,8890,8710,8880,6205.049316,21445000
2004-06-23,9000,9080,8870,8980,6274.921875,28555000
2004-06-24,9240,9450,9180,9390,6561.417969,36185000
2004-06-25,9490,9660,9430,9640,6736.111816,30360000
2004-06-28,9600,9600,9290,9360,6540.457031,26850000
2004-06-29,9200,9470,9160,9420,6582.382813,23050000
2004-06-30,9490,9590,9390,9540,6666.237305,25990000
2004-07-01,9520,9550,9290,9300,6498.530762,25615000
2004-07-02,9100,9100,8820,8880,6205.049316,35895000
2004-07-05,8880,8930,8670,8860,6191.071777,27500000
2004-07-06,8730,8930,8730,8820,6163.121582,22855000
2004-07-07,8500,8740,8400,8740,6107.22168,37500000
2004-07-08,8540,8640,8390,8400,5869.640625,55340000
2004-07-09,8360,8510,8350,8480,5925.541992,38780000
2004-07-12,8520,8590,8440,8460,5911.566406,33385000
2004-07-13,8530,8670,8440,8670,6058.30957,25770000
2004-07-14,8590,8650,8330,8360,5841.687988,30450000
2004-07-15,8320,8380,7990,8170,5708.924805,57275000
2004-07-16,8080,8460,7990,8460,5911.566406,48085000
2004-07-19,8300,8550,8280,8530,5960.47998,24125000
2004-07-20,8380,8460,8340,8340,5827.71582,20245000
2004-07-21,8530,8630,8500,8590,6002.405762,23740000
2004-07-22,8350,8370,8270,8350,5834.700684,31100000
2004-07-23,8340,8430,8310,8360,5841.687988,19550000
2004-07-26,8200,8410,8200,8360,5841.687988,16385000
2004-07-27,8280,8420,8200,8400,5869.640625,20840000
2004-07-28,8540,8590,8420,8460,5911.566406,23450000
2004-07-29,8310,8360,8200,8220,5743.863281,17945000
2004-07-30,8330,8390,8280,8340,5827.71582,19500000
2004-08-02,8350,8350,8160,8160,5701.93457,22380000
2004-08-03,8200,8300,8180,8260,5771.812012,14365000
2004-08-04,8110,8260,8060,8260,5771.812012,18795000
2004-08-05,8260,8470,8210,8460,5911.566406,21590000
2004-08-06,8300,8520,8280,8390,5862.651855,17920000
2004-08-09,8160,8380,8160,8380,5855.663574,25340000
2004-08-10,8340,8510,8330,8480,5925.541992,18820000
2004-08-11,8560,8610,8510,8510,5946.503418,18415000
2004-08-12,8460,8620,8430,8620,6023.369141,28485000
2004-08-13,8620,8800,8520,8760,6121.196777,24825000
2004-08-16,8720,8760,8530,8600,6009.394531,18070000
2004-08-17,8700,8720,8510,8510,5946.503418,14355000
2004-08-18,8590,8640,8450,8600,6009.394531,20750000
2004-08-19,8690,8840,8680,8830,6170.109863,27970000
2004-08-20,8790,8790,8670,8680,6065.296387,16310000
2004-08-23,8740,8790,8620,8760,6121.196777,21770000
2004-08-24,8780,8940,8690,8900,6219.025879,20250000
2004-08-25,8920,9060,8860,9020,6302.876465,22865000
2004-08-26,9100,9180,9070,9120,6372.752441,24855000
2004-08-27,9120,9200,9080,9170,6407.69043,20145000
2004-08-30,9170,9250,9110,9160,6400.704102,12080000
2004-08-31,9020,9080,8930,9020,6302.876465,23415000
2004-09-01,9020,9140,8950,9060,6330.827148,18865000
2004-09-02,9040,9120,8960,9040,6316.852051,17605000
2004-09-03,8920,8960,8730,8730,6100.231934,32385000
2004-09-06,8700,8730,8570,8670,6058.30957,23680000
2004-09-07,8680,8740,8640,8680,6065.296387,13220000
2004-09-08,8680,8800,8670,8670,6058.30957,17265000
2004-09-09,8670,8800,8620,8780,6135.172363,32100000
2004-09-10,8840,9190,8760,9150,6393.716309,43785000
2004-09-13,9270,9500,9240,9500,6638.283203,39665000
2004-09-14,9740,9760,9620,9670,6757.073242,40560000
2004-09-15,9550,9700,9540,9560,6680.212402,24865000
2004-09-16,9420,9720,9380,9600,6708.160645,29380000
2004-09-17,9600,9640,9370,9390,6561.417969,34445000
2004-09-20,9370,9530,9340,9380,6554.431641,23480000
2004-09-21,9460,9490,9380,9480,6624.308594,17715000
2004-09-22,9500,9580,9250,9250,6463.590332,19635000
2004-09-23,9160,9200,9090,9200,6428.653809,23755000
2004-09-24,9120,9230,9080,9180,6414.679199,17320000
2004-09-27,9180,9180,9180,9180,6414.679199,0
2004-09-28,9180,9180,9180,9180,6414.679199,0
2004-09-29,9180,9180,9180,9180,6414.679199,0
2004-09-30,9060,9180,9060,9160,6400.704102,26600000
2004-10-01,9160,9270,9120,9220,6442.626953,26530000
2004-10-04,9420,9800,9420,9800,6847.914063,31830000
2004-10-05,9860,9860,9680,9760,6819.965332,23165000
2004-10-06,9790,10020,9700,9890,6910.803711,36150000
2004-10-07,9820,9890,9640,9760,6819.965332,18145000
2004-10-08,9660,9750,9490,9530,6659.246094,41800000
2004-10-11,9410,9450,9310,9330,6519.492676,38415000
2004-10-12,9280,9280,8920,8920,6232.999512,53085000
2004-10-13,8940,9020,8930,8980,6274.921875,36390000
2004-10-14,8960,8960,8740,8880,6205.049316,50850000
2004-10-15,8820,8930,8730,8740,6107.22168,64695000
2004-10-18,8640,8720,8560,8650,6044.331055,37125000
2004-10-19,8800,8870,8720,8770,6128.183594,26410000
2004-10-20,8620,8780,8550,8570,5988.431152,24915000
2004-10-21,8570,8720,8550,8580,5995.419922,29165000
2004-10-22,8700,8830,8680,8750,6114.209473,23290000
2004-10-25,8660,8660,8490,8560,5981.444336,31530000
2004-10-26,8590,8670,8580,8600,6009.394531,13740000
2004-10-27,8670,8700,8490,8580,5995.419922,26595000
2004-10-28,8820,8850,8680,8790,6142.157715,22675000
2004-10-29,8760,8800,8650,8790,6142.157715,26760000
2004-11-01,8750,8820,8660,8790,6142.157715,11390000
2004-11-02,8720,8860,8720,8800,6149.148438,16450000
2004-11-03,8840,9100,8820,9100,6358.777344,25215000
2004-11-04,9120,9130,8960,8960,6260.950195,30080000
2004-11-05,9040,9080,8990,9050,6323.838867,32055000
2004-11-08,9170,9170,8800,8800,6149.148438,21140000
2004-11-09,8690,8750,8600,8620,6023.369141,26775000
2004-11-10,8640,8780,8640,8780,6135.172363,18300000
2004-11-11,8780,8860,8710,8740,6107.22168,30540000
2004-11-12,8980,9020,8870,8970,6267.936523,22700000
2004-11-15,9060,9200,9050,9130,6379.740723,19030000
2004-11-16,9180,9200,9100,9110,6365.766113,24750000
2004-11-17,9120,9250,9110,9230,6449.618164,21975000
2004-11-18,9300,9390,9200,9270,6477.568848,29425000
2004-11-19,9200,9320,8990,9080,6344.803711,22255000
2004-11-22,8840,8910,8730,8800,6149.148438,34575000
2004-11-23,8900,8910,8760,8820,6163.121582,23210000
2004-11-24,8760,8840,8680,8790,6142.157715,23150000
2004-11-25,8800,8890,8760,8820,6163.121582,22185000
2004-11-26,8770,8920,8630,8660,6051.318848,26750000
2004-11-29,8580,8620,8470,8520,5953.491699,31270000
2004-11-30,8540,8700,8510,8690,6072.28125,30700000
2004-12-01,8570,8610,8490,8580,5995.419922,21670000
2004-12-02,8720,8760,8540,8570,5988.431152,25995000
2004-12-03,8660,8680,8460,8520,5953.491699,34600000
2004-12-06,8500,8500,8360,8360,5841.687988,19665000
2004-12-07,8290,8370,8210,8220,5743.863281,26775000
2004-12-08,8110,8390,8060,8390,5862.651855,27215000
2004-12-09,8340,8410,8200,8260,5771.812012,40085000
2004-12-10,8220,8240,8090,8120,5673.984375,25880000
2004-12-13,8000,8070,7980,8040,5618.083008,24525000
2004-12-14,8040,8270,8040,8250,5764.82373,27680000
2004-12-15,8360,8570,8360,8570,5988.431152,33480000
2004-12-16,8670,8880,8640,8800,6149.148438,43090000
2004-12-17,8820,8890,8710,8880,6205.049316,22510000
2004-12-20,8740,8920,8740,8900,6219.025879,17350000
2004-12-21,8920,8940,8800,8920,6232.999512,14980000
2004-12-22,8970,8990,8840,8850,6184.083984,15735000
2004-12-23,8900,8920,8640,8690,6072.28125,15875000
2004-12-24,8690,8700,8600,8660,6051.318848,15915000
2004-12-27,8660,8750,8630,8750,6114.209473,11770000
2004-12-28,8720,8760,8630,8720,6093.24707,13635000
2004-12-29,8680,8890,8670,8890,6212.036621,17105000
2004-12-30,8860,9020,8860,9010,6295.887207,17265000
2004-12-31,9010,9010,9010,9010,6295.887207,0
2005-01-03,9050,9060,8920,9020,6302.876465,10925000
2005-01-04,9000,9020,8920,8940,6246.976074,14015000
2005-01-05,8800,8860,8730,8860,6191.071777,23365000
2005-01-06,8780,8910,8700,8700,6079.271484,17150000
2005-01-07,8820,8830,8710,8810,6156.134277,13615000
2005-01-10,8840,8840,8750,8760,6121.196777,12505000
2005-01-11,8760,8840,8670,8840,6177.096191,27855000
2005-01-12,8870,8880,8800,8840,6177.096191,14720000
2005-01-13,8840,8940,8820,8880,6205.049316,23695000
2005-01-14,8800,9480,8790,9430,6589.370117,71900000
2005-01-17,9800,9890,9650,9850,6882.850098,61795000
2005-01-18,9800,9810,9690,9720,6792.012695,30240000
2005-01-19,9720,9770,9580,9600,6708.160645,22850000
2005-01-20,9600,9700,9510,9600,6708.160645,19270000
2005-01-21,9500,9720,9500,9720,6792.012695,15030000
2005-01-24,9650,9760,9550,9760,6819.965332,19070000
2005-01-25,9600,9700,9580,9670,6757.073242,18165000
2005-01-26,9700,9870,9690,9810,6854.901367,24885000
2005-01-27,9900,9900,9810,9840,6875.866211,19990000
2005-01-28,9830,9830,9600,9780,6833.938477,14220000
2005-01-31,9760,9900,9680,9900,6917.791016,16465000
2005-02-01,9900,9970,9830,9830,6868.875488,21855000
2005-02-02,9830,9880,9730,9810,6854.901367,19750000
2005-02-03,9720,9940,9720,9920,6931.76416,17445000
2005-02-04,9880,9970,9860,9910,6924.779297,12855000
2005-02-07,10120,10240,10060,10200,7127.420898,33935000
2005-02-08,10200,10200,10200,10200,7127.420898,0
2005-02-09,10200,10200,10200,10200,7127.420898,0
2005-02-10,10200,10200,10200,10200,7127.420898,0
2005-02-11,10100,10180,10020,10120,7071.522461,25885000
2005-02-14,10260,10440,10200,10340,7225.24707,28265000
2005-02-15,10400,10420,10220,10380,7253.19873,26745000
2005-02-16,10440,10620,10360,10400,7267.17334,24010000
2005-02-17,10340,10440,10300,10340,7225.24707,17510000
2005-02-18,10360,10540,10280,10540,7364.998047,18355000
2005-02-21,10600,10640,10480,10560,7378.979004,23430000
2005-02-22,10560,10580,10360,10440,7295.125,17855000
2005-02-23,10280,10320,10180,10220,7141.395508,19745000
2005-02-24,10200,10400,10140,10380,7253.19873,20985000
2005-02-25,10480,10580,10420,10440,7295.125,20880000
2005-02-28,10600,10620,10420,10540,7364.998047,27705000
2005-03-01,10540,10540,10540,10540,7364.998047,0
2005-03-02,10500,10560,10340,10340,7225.24707,27425000
2005-03-03,10300,10520,10240,10380,7253.19873,30335000
2005-03-04,10340,10340,10160,10200,7127.420898,24410000
2005-03-07,10300,10300,10000,10140,7085.492676,29515000
2005-03-08,10140,10160,10000,10040,7015.616699,26380000
2005-03-09,9980,10000,9830,10000,6987.669434,24890000
2005-03-10,10060,10160,9990,9990,6980.676758,31630000
2005-03-11,10140,10380,10080,10380,7253.19873,32010000
2005-03-14,10260,10320,10160,10200,7127.420898,20845000
2005-03-15,10240,10280,9980,10040,7015.616699,25030000
2005-03-16,9980,10080,9910,10060,7029.59082,18545000
2005-03-17,9860,9970,9840,9920,6931.76416,20875000
2005-03-18,9860,9960,9860,9900,6917.791016,12750000
2005-03-21,9830,9980,9800,9840,6875.866211,16770000
2005-03-22,9860,10020,9790,9920,6931.76416,15795000
2005-03-23,9860,9990,9830,9970,6966.705078,15920000
2005-03-24,10020,10120,9950,10060,7029.59082,20100000
2005-03-25,10100,10120,10000,10100,7057.544922,10875000
2005-03-28,10200,10220,10140,10200,7127.420898,8980000
2005-03-29,10200,10220,10000,10040,7015.616699,16855000
2005-03-30,9880,9990,9880,9960,6959.717285,18145000
2005-03-31,10120,10140,10020,10040,7015.616699,17335000
2005-04-01,10040,10320,10000,10240,7155.373047,22655000
2005-04-04,10240,10340,10200,10340,7225.24707,17215000
2005-04-05,10340,10340,10340,10340,7225.24707,0
2005-04-06,10360,10400,10200,10360,7239.223145,20505000
2005-04-07,10360,10400,10300,10360,7239.223145,17855000
2005-04-08,10480,10500,10400,10440,7295.125,13945000
2005-04-11,10440,10440,10320,10340,7225.24707,9565000
2005-04-12,10320,10400,10260,10400,7267.17334,10385000
2005-04-13,10360,10400,10320,10360,7239.223145,10675000
2005-04-14,10260,10280,10040,10040,7015.616699,33175000
2005-04-15,10000,10040,9780,9830,6868.875488,43345000
2005-04-18,9470,9630,9440,9520,6652.260742,43245000
2005-04-19,9540,9600,9480,9480,6624.308594,30145000
2005-04-20,9570,9660,9380,9400,6568.40918,32885000
2005-04-21,9240,9400,9150,9320,6512.505859,29320000
2005-04-22,9500,9520,9340,9340,6526.481934,16725000
2005-04-25,9240,9490,9240,9490,6631.29541,16435000
2005-04-26,9490,9490,9420,9420,6582.382813,9375000
2005-04-27,9260,9340,9220,9280,6484.559082,20590000
2005-04-28,9260,9270,9140,9200,6428.653809,19700000
2005-04-29,9040,9130,8990,9040,6316.852051,29275000
2005-05-02,9120,9160,9000,9110,6365.766113,11845000
2005-05-03,9100,9230,9050,9100,6358.777344,13870000
2005-05-04,9100,9340,9100,9290,6491.543945,17315000
2005-05-05,9290,9290,9290,9290,6491.543945,0
2005-05-06,9330,9510,9330,9480,6624.308594,24680000
2005-05-09,9500,9550,9410,9500,6638.283203,20035000
2005-05-10,9560,9590,9510,9540,6666.237305,10675000
2005-05-11,9500,9510,9430,9440,6596.358398,17300000
2005-05-12,9480,9600,9480,9500,6638.283203,20860000
2005-05-13,9500,9700,9440,9630,6729.123047,20545000
2005-05-16,9700,9800,9680,9760,6819.965332,17350000
2005-05-17,9800,9860,9670,9790,6840.927734,18175000
2005-05-18,9890,9900,9780,9790,6840.927734,17095000
2005-05-19,9860,10020,9850,9970,6966.705078,25435000
2005-05-20,9990,10040,9900,9970,6966.705078,11685000
2005-05-23,9920,9970,9890,9960,6959.717285,8045000
2005-05-24,9930,9970,9860,9900,6917.791016,12750000
2005-05-25,9870,9930,9670,9690,6771.05127,21315000
2005-05-26,9630,9700,9590,9640,6736.111816,13895000
2005-05-27,9800,9860,9730,9800,6847.914063,18775000
2005-05-30,9800,9880,9800,9870,6896.829102,11435000
2005-05-31,9850,9880,9730,9780,6833.938477,22275000
2005-06-01,9670,9790,9660,9780,6833.938477,16545000
2005-06-02,9900,9910,9750,9750,6812.979004,18320000
2005-06-03,9760,9830,9710,9760,6819.965332,17675000
2005-06-06,9760,9760,9760,9760,6819.965332,0
2005-06-07,9680,9700,9600,9610,6715.147461,24125000
2005-06-08,9560,9620,9500,9550,6673.224609,26785000
2005-06-09,9510,9600,9430,9600,6708.160645,37520000
2005-06-10,9600,9890,9540,9830,6868.875488,40645000
2005-06-13,9830,9990,9830,9960,6959.717285,22765000
2005-06-14,9960,10020,9880,9930,6938.752441,19495000
2005-06-15,9930,10000,9890,10000,6987.669434,22460000
2005-06-16,10000,10040,9940,9970,6966.705078,18395000
2005-06-17,9980,9990,9830,9870,6896.829102,23945000
2005-06-20,9870,9880,9790,9810,6854.901367,16605000
2005-06-21,9810,9830,9720,9760,6819.965332,20260000
2005-06-22,9760,9880,9740,9860,6889.843262,19650000
2005-06-23,9860,9980,9840,9960,6959.717285,25990000
2005-06-24,9920,9920,9780,9820,6861.88916,21780000
2005-06-27,9780,9780,9660,9770,6826.952148,28050000
2005-06-28,9770,9810,9710,9790,6840.927734,18530000
2005-06-29,9800,9850,9760,9800,6847.914063,19185000
2005-06-30,9800,9960,9800,9880,6903.814941,19835000
2005-07-01,9880,10020,9860,10020,7001.64209,26555000
2005-07-04,10100,10180,10020,10060,7029.59082,15655000
2005-07-05,10080,10140,10000,10040,7015.616699,9300000
2005-07-06,10060,10140,10060,10080,7043.567383,13455000
2005-07-07,10080,10380,10080,10320,7211.274902,31910000
2005-07-08,10340,10440,10320,10320,7211.274902,19665000
2005-07-11,10500,10700,10500,10660,7448.855957,34585000
2005-07-12,10800,10960,10740,10820,7560.654297,46835000
2005-07-13,10860,10940,10780,10940,7644.510254,25465000
2005-07-14,10980,11020,10940,10940,7644.510254,28885000
2005-07-15,10960,11000,10780,10840,7574.631836,26105000
2005-07-18,10860,11040,10820,10980,7672.461914,21220000
2005-07-19,11000,11240,10980,11220,7840.162109,33785000
2005-07-20,11240,11340,11100,11160,7798.237305,30025000
2005-07-21,11300,11360,11160,11260,7868.113281,26780000
2005-07-22,11180,11200,10920,11040,7714.384766,27575000
2005-07-25,11040,11140,11040,11100,7756.309082,18455000
2005-07-26,11120,11160,10940,11020,7700.408691,20630000
2005-07-27,11040,11180,10960,11020,7700.408691,18430000
2005-07-28,11040,11320,11040,11200,7826.18457,23655000
2005-07-29,11320,11320,11200,11300,7896.059082,17875000
2005-08-01,11320,11380,11220,11380,7951.96582,16470000
2005-08-02,11400,11420,11240,11360,7937.992188,14250000
2005-08-03,11500,11540,11360,11360,7937.992188,23635000
2005-08-04,11360,11380,11200,11320,7910.039063,18370000
2005-08-05,11220,11220,10960,11060,7728.358887,30100000
2005-08-08,11040,11040,10860,11020,7700.408691,18285000
2005-08-09,11020,11060,10900,11000,7686.436035,20325000
2005-08-10,11100,11240,11060,11100,7756.309082,16480000
2005-08-11,11100,11400,11100,11340,7924.01416,19885000
2005-08-12,11380,11580,11380,11560,8077.744141,24480000
2005-08-15,11560,11560,11560,11560,8077.744141,0
2005-08-16,11560,11640,11380,11440,7993.893066,26040000
2005-08-17,11320,11440,11200,11440,7993.893066,20420000
2005-08-18,11440,11460,11060,11100,7756.309082,33515000
2005-08-19,11100,11120,10980,11060,7728.358887,20935000
2005-08-22,11060,11400,11060,11260,7868.113281,19550000
2005-08-23,11280,11380,11200,11240,7854.139648,18770000
2005-08-24,11240,11260,10980,11120,7770.287598,23985000
2005-08-25,11060,11100,10880,11040,7714.384766,24360000
2005-08-26,11040,11120,10980,10980,7672.461914,18915000
2005-08-29,10840,10840,10720,10800,7546.680664,18275000
2005-08-30,10880,10960,10660,10820,7560.654297,14915000
2005-08-31,10680,10920,10680,10880,7602.580078,12205000
2005-09-01,10980,11040,10940,10980,7672.461914,11970000
2005-09-02,10980,11140,10960,11080,7742.334473,12190000
2005-09-05,11160,11260,11100,11220,7840.162109,10920000
2005-09-06,11260,11520,11260,11380,7951.96582,19050000
2005-09-07,11520,11640,11520,11580,8091.720215,17565000
2005-09-08,11700,11860,11600,11740,8203.521484,34625000
2005-09-09,11700,11820,11660,11780,8231.47168,13105000
2005-09-12,11880,12000,11780,11780,8231.47168,20070000
2005-09-13,11800,12200,11780,12120,8469.049805,34885000
2005-09-14,12100,12300,12040,12260,8566.87793,25585000
2005-09-15,12100,12380,12080,12140,8483.025391,29035000
2005-09-16,12080,12120,11760,11860,8287.37207,30625000
2005-09-19,11860,11860,11860,11860,8287.37207,0
2005-09-20,12000,12060,11840,11860,8287.37207,28045000
2005-09-21,11920,12120,11900,12020,8399.176758,19085000
2005-09-22,11860,12000,11840,12000,8385.197266,16000000
2005-09-23,11840,11980,11660,11700,8175.566895,18675000
2005-09-26,11720,12000,11720,11940,8343.275391,21895000
2005-09-27,11960,11980,11800,11860,8287.37207,15910000
2005-09-28,11800,12000,11740,11960,8357.25,13505000
2005-09-29,11880,11980,11800,11860,8287.37207,18509700
2005-09-30,11880,12000,11760,11760,8217.493164,21192950
2005-10-03,11760,11760,11760,11760,8217.493164,0
2005-10-04,11800,12140,11800,12060,8427.125977,26986050
2005-10-05,12080,12280,11960,12020,8399.176758,21874300
2005-10-06,11900,11900,11700,11740,8203.521484,20716650
2005-10-07,11560,11760,11520,11660,8147.617188,25602800
2005-10-10,11680,11940,11660,11860,8287.37207,15080150
2005-10-11,11760,11980,11740,11960,8357.25,10695550
2005-10-12,11860,11880,11540,11560,8077.744141,26597200
2005-10-13,11420,11480,11160,11300,7896.059082,36035800
2005-10-14,11300,11440,11200,11300,7896.059082,31305500
2005-10-17,11200,11380,11200,11260,7868.113281,17525000
2005-10-18,11280,11380,11260,11320,7910.039063,17588650
2005-10-19,11200,11220,11000,11040,7714.384766,18547750
2005-10-20,11200,11220,11040,11120,7770.287598,17849800
2005-10-21,11000,11320,10980,11280,7882.086914,20033250
2005-10-24,11320,11420,11220,11320,7910.039063,16487150
2005-10-25,11440,11560,11280,11300,7896.059082,18269150
2005-10-26,11240,11320,11180,11260,7868.113281,15002350
2005-10-27,11260,11360,11120,11160,7798.237305,19331000
2005-10-28,10980,11020,10900,10920,7630.530762,21614800
2005-10-31,10980,11100,10960,11060,7728.358887,19203500
2005-11-01,11200,11360,11180,11300,7896.059082,29155950
2005-11-02,11280,11600,11280,11500,8035.813477,15716000
2005-11-03,11760,11840,11700,11740,8203.521484,22394000
2005-11-04,11940,12000,11860,11980,8371.225586,24807150
2005-11-07,12040,12060,11820,11960,8357.25,12834600
2005-11-08,12000,12060,11940,12040,8413.148438,12065550
2005-11-09,12020,12140,11920,12000,8385.197266,14940450
2005-11-10,12020,12140,11980,12100,8455.074219,17080450
2005-11-11,12340,12480,12280,12360,8636.757813,29524650
2005-11-14,12420,12580,12320,12520,8748.556641,20931600
2005-11-15,12520,12580,12220,12400,8664.708008,14063750
2005-11-16,12320,12600,12320,12600,8804.461914,14038850
2005-11-17,12540,12560,12380,12480,8720.607422,12542600
2005-11-18,12500,12600,12380,12520,8748.556641,14163300
2005-11-21,12640,12640,12240,12360,8636.757813,24063600
2005-11-22,12220,12240,11740,11840,8273.398438,45564250
2005-11-23,12000,12260,11980,12140,8483.025391,42389900
2005-11-24,12360,12360,12100,12160,8497.00293,15155400
2005-11-25,12160,12220,11920,12000,8385.197266,15658550
2005-11-28,12000,12060,11920,12020,8399.176758,9434350
2005-11-29,11960,12040,11760,11880,8301.345703,17159050
2005-11-30,11860,12080,11860,12000,8385.197266,17308450
2005-12-01,11920,12160,11900,12100,8455.074219,19357700
2005-12-02,12400,12460,12280,12340,8622.782227,19342900
2005-12-05,12440,12500,12360,12460,8706.633789,12418300
2005-12-06,12380,12620,12340,12600,8804.461914,21114200
2005-12-07,12600,12900,12480,12780,8930.241211,26531300
2005-12-08,12700,12800,12520,12640,8832.40918,26904650
2005-12-09,12560,12620,12260,12420,8678.680664,23027250
2005-12-12,12440,12560,12340,12360,8636.757813,18588950
2005-12-13,12420,12460,12260,12400,8664.708008,16596150
2005-12-14,12440,12540,12160,12220,8538.929688,26300350
2005-12-15,12180,12320,12020,12180,8510.976563,18607050
2005-12-16,12120,12120,11860,12000,8385.197266,29408600
2005-12-19,12140,12280,12040,12180,8510.976563,17987750
2005-12-20,12060,12280,12040,12240,8552.902344,17198500
2005-12-21,12280,12700,12280,12560,8776.512695,25337350
2005-12-22,12700,12940,12620,12680,8860.363281,28095000
2005-12-23,12840,13040,12720,12900,9014.09082,28658350
2005-12-26,13000,13260,12980,13080,9139.867188,17830000
2005-12-27,13180,13280,12960,13220,9237.693359,18003350
2005-12-28,13160,13260,13100,13220,9237.693359,21403250
2005-12-29,13200,13400,13140,13160,9195.771484,20916500
2006-01-02,13280,13360,13120,13200,9223.71875,16985900
2006-01-03,13200,13320,13120,13280,9279.62207,17385550
2006-01-04,13500,14000,13460,13940,9740.807617,38604500
2006-01-05,13900,13900,13420,13580,9489.250977,25783750
2006-01-06,13700,13760,13580,13680,9559.128906,17394550
2006-01-09,13900,13940,13660,13740,9601.054688,14995150
2006-01-10,13900,14020,13760,14020,9796.708984,23642650
2006-01-11,13860,13960,13580,13680,9559.128906,17463600
2006-01-12,13680,13840,13620,13720,9587.079102,20117150
2006-01-13,13540,13880,13360,13840,9670.932617,23698600
2006-01-16,14000,14140,13920,14120,9866.582031,19141550
2006-01-17,14140,14420,13940,13940,9740.807617,21328900
2006-01-18,13700,13780,13460,13600,9503.227539,30346800
2006-01-19,13640,13900,13600,13800,9642.981445,19527000
2006-01-20,14040,14160,13700,13740,9601.054688,23040500
2006-01-23,13540,13900,13420,13700,9573.104492,26815250
2006-01-24,13660,14000,13600,13940,9740.807617,29027200
2006-01-25,14180,14400,14100,14220,9936.463867,29240350
2006-01-26,14280,14360,14100,14340,10020.31543,18556250
2006-01-27,14400,14480,14260,14400,10062.240234,15678300
2006-01-31,14460,14820,14380,14800,10341.748047,22323350
2006-02-01,14700,14860,14460,14580,10188.019531,22008350
2006-02-02,14760,14780,14400,14500,10132.117188,19091550
2006-02-03,14360,14360,14040,14080,9838.635742,22207700
2006-02-06,14000,14120,13860,14120,9866.582031,21292250
2006-02-07,14180,14600,14120,14120,9866.582031,16585550
2006-02-08,14000,14180,13700,13820,9656.956055,19114600
2006-02-09,13920,13940,13740,13860,9684.90625,18383250
2006-02-10,13840,13920,13580,13740,9601.054688,21849750
2006-02-13,13720,13740,13360,13500,9433.349609,24189900
2006-02-14,13400,13540,13260,13460,9405.396484,25982850
2006-02-15,13560,13560,13080,13080,9139.867188,33419850
2006-02-16,13020,13140,12920,13140,9181.793945,24749200
2006-02-17,13220,13480,13200,13460,9405.396484,21790650
2006-02-20,13360,13680,13340,13660,9545.15332,16332050
2006-02-21,13640,13660,13400,13460,9405.396484,17356300
2006-02-22,13380,13580,13260,13400,9363.472656,24953700
2006-02-23,13420,13680,13420,13620,9517.203125,16389950
2006-02-24,13560,13640,13500,13540,9461.301758,14116450
2006-02-27,13560,13820,13540,13820,9656.956055,11793500
2006-02-28,13880,13960,13660,13740,9601.054688,12647050
2006-03-02,13920,14000,13680,13860,9684.90625,15105700
2006-03-03,13640,13680,13000,13080,9139.867188,37932400
2006-03-06,13120,13160,12980,13160,9195.771484,22717900
2006-03-07,13000,13040,12540,12600,8804.461914,39482000
2006-03-08,12300,12520,12160,12460,8706.633789,49381050
2006-03-09,12320,12580,12220,12360,8636.757813,38599000
2006-03-10,12280,12640,12280,12440,8692.655273,28422100
2006-03-13,12580,12640,12480,12640,8832.40918,19012200
2006-03-14,12560,12640,12380,12480,8720.607422,17767050
2006-03-15,12580,12740,12560,12600,8804.461914,19438500
2006-03-16,12740,12820,12620,12640,8832.40918,14018000
2006-03-17,12580,12800,12440,12740,8902.28418,13567500
2006-03-20,12780,12800,12560,12780,8930.241211,9950600
2006-03-21,12760,12800,12600,12680,8860.363281,11453100
2006-03-22,12500,12540,12180,12280,8580.851563,30051700
2006-03-23,12280,12380,12080,12160,8497.00293,25534150
2006-03-24,12160,12240,12100,12180,8510.976563,17171750
2006-03-27,12100,12580,12100,12500,8734.583984,19508950
2006-03-28,12320,12600,12320,12560,8776.512695,15167900
2006-03-29,12420,12520,12300,12520,8748.556641,15189400
2006-03-30,12640,12680,12360,12460,8706.633789,14663350
2006-03-31,12400,12600,12360,12600,8804.461914,20635450
2006-04-03,12720,12960,12640,12880,9000.116211,20549650
2006-04-04,12920,13120,12860,13060,9125.892578,19369350
2006-04-05,13100,13220,12900,12980,9069.993164,12634700
2006-04-06,13180,13320,13060,13160,9195.771484,22420200
2006-04-07,13160,13200,12960,13080,9139.867188,17596300
2006-04-10,12900,12980,12740,12840,8972.164063,20369150
2006-04-11,12740,12800,12520,12700,8874.337891,15767900
2006-04-12,12640,12660,12520,12600,8804.461914,12271800
2006-04-13,12520,12760,12500,12740,8902.28418,21813050
2006-04-14,12760,13280,12700,13120,9167.818359,32653200
2006-04-17,13200,13220,12900,12980,9069.993164,13798350
2006-04-18,12960,13200,12880,13160,9195.771484,20338250
2006-04-19,13460,13500,13260,13300,9293.594727,21183350
2006-04-20,13300,13440,13220,13260,9265.645508,17605300
2006-04-21,13400,13940,13340,13800,9642.981445,40474150
2006-04-24,13800,13800,13400,13460,9405.396484,31490750
2006-04-25,13160,13440,13060,13200,9223.71875,28671400
2006-04-26,13200,13360,13080,13360,9335.523438,22000500
2006-04-27,13360,13400,13160,13280,9279.62207,19383250
2006-04-28,13240,13240,12860,12880,9000.116211,27901900
2006-05-02,12880,13020,12640,12980,9069.993164,27714750
2006-05-03,12980,13120,12780,12780,8930.241211,21147150
2006-05-04,12780,12940,12700,12920,9028.064453,17803750
2006-05-08,13100,13240,13020,13100,9153.845703,17595050
2006-05-09,13160,13360,13140,13220,9237.693359,18637850
2006-05-10,13220,13300,13040,13100,9153.845703,17858600
2006-05-11,13140,13260,13060,13260,9265.645508,18471150
2006-05-12,13200,13200,12820,13080,9139.867188,24975900
2006-05-15,12920,13000,12780,13000,9083.967773,28216750
2006-05-16,12960,13000,12740,12820,8958.1875,22209700
2006-05-17,12840,13200,12840,13100,9153.845703,22440100
2006-05-18,12760,12880,12660,12820,8958.1875,22060000
2006-05-19,12840,12880,12620,12760,8916.263672,20910000
2006-05-22,12840,12880,12620,12760,8916.263672,22223550
2006-05-23,12300,12660,12220,12600,8804.461914,29837200
2006-05-24,12600,12680,12300,12600,8804.461914,27036100
2006-05-25,12580,12620,12300,12300,8594.834961,24470000
2006-05-26,12520,12640,12340,12420,8678.680664,23180950
2006-05-29,12440,12540,12400,12440,8692.655273,14920000
2006-05-30,12440,12480,12240,12260,8566.87793,20915300
2006-05-31,12440,12540,12400,12440,8692.655273,15162550
2006-06-01,12140,12320,12020,12120,8469.049805,29650600
2006-06-02,12220,12360,12120,12280,8580.851563,19403200
2006-06-05,12360,12380,12200,12260,8566.87793,15993450
2006-06-07,11920,12100,11920,12000,8385.197266,30545950
2006-06-08,11980,11980,11500,11540,8063.766602,41207100
2006-06-09,11560,11660,11460,11500,8035.813477,30558000
2006-06-12,11520,11520,11260,11480,8021.841309,21498400
2006-06-13,11200,11220,10960,10980,7672.461914,41305250
2006-06-14,10880,11220,10820,11060,7728.358887,32644700
2006-06-15,11280,11280,11060,11100,7756.309082,18344000
2006-06-16,11520,11540,11300,11420,7979.914551,28129000
2006-06-19,11420,11520,11220,11300,7896.059082,20069800
2006-06-20,11260,11320,11040,11120,7770.287598,19583950
2006-06-21,11120,11280,11100,11140,7784.262695,13499300
2006-06-22,11300,11440,11200,11320,7910.039063,22982200
2006-06-23,11300,11420,11220,11360,7937.992188,14896500
2006-06-26,11400,11700,11400,11640,8133.644531,22351250
2006-06-27,11700,11800,11660,11660,8147.617188,15767750
2006-06-28,11500,11600,11420,11600,8105.695313,18377100
2006-06-29,11700,11840,11680,11800,8252.560547,15998850
2006-06-30,12140,12180,12040,12060,8434.397461,29176450
2006-07-03,12140,12220,12080,12100,8462.369141,12593400
2006-07-04,12220,12240,12020,12020,8406.422852,9270000
2006-07-05,11700,12100,11700,12060,8434.397461,13375000
2006-07-06,11860,12000,11800,11960,8364.459961,17500000
2006-07-07,12020,12120,12000,12020,8406.422852,14365000
2006-07-10,11880,12140,11780,12120,8476.357422,17315000
2006-07-11,11880,12240,11880,12160,8504.334961,16385000
2006-07-12,12120,12240,11980,12160,8504.334961,23300000
2006-07-13,12000,12180,11900,12000,8392.432617,22835000
2006-07-14,11740,11820,11640,11680,8168.633789,24250000
2006-07-18,11520,11680,11520,11640,8140.662109,14245000
2006-07-19,11600,11760,11600,11600,8112.689453,11125000
2006-07-20,11880,11960,11800,11960,8364.459961,21960000
2006-07-21,11820,11940,11800,11880,8308.507813,8896300
2006-07-24,11740,11880,11660,11800,8252.560547,14934950
2006-07-25,11920,12040,11880,11960,8364.459961,15877650
2006-07-26,11960,12080,11920,11980,8378.447266,7650000
2006-07-27,11980,12100,11880,12080,8448.384766,14995000
2006-07-28,12000,12080,11940,12020,8406.422852,9564450
2006-07-31,12200,12280,12160,12160,8504.334961,23415250
2006-08-01,12180,12300,12100,12100,8462.369141,13372450
2006-08-02,12060,12280,12040,12160,8504.334961,10944800
2006-08-03,12360,12380,12200,12200,8532.310547,12565450
2006-08-04,12240,12340,12240,12300,8602.25,8121450
2006-08-07,12380,12380,12080,12120,8476.357422,15051350
2006-08-08,12100,12340,12100,12300,8602.25,13598300
2006-08-09,12300,12460,12180,12320,8616.232422,15112800
2006-08-10,12320,12400,12180,12240,8560.283203,15694950
2006-08-11,12340,12440,12140,12140,8490.344727,16574950
2006-08-14,12200,12220,12000,12100,8462.369141,17105950
2006-08-16,12360,12440,12280,12360,8644.208984,19587150
2006-08-17,12600,12940,12580,12880,9007.880859,38826150
2006-08-18,13000,13300,12940,13120,9175.728516,37509050
2006-08-21,13200,13360,13100,13140,9189.71582,17145000
2006-08-22,12960,13160,12960,13160,9203.706055,19445000
2006-08-23,13080,13160,12880,12920,9035.854492,14711500
2006-08-24,12780,12820,12620,12720,8895.982422,17782500
2006-08-25,12840,13020,12780,12920,9035.854492,15981600
2006-08-28,13000,13040,12860,12860,8993.893555,10722200
2006-08-29,13040,13220,13000,13180,9217.692383,15312250
2006-08-30,13200,13220,12980,13100,9161.744141,13979500
2006-08-31,13080,13240,13000,13000,9091.804688,20178950
2006-09-01,13040,13140,12980,13060,9133.766602,8951400
2006-09-04,13240,13240,13100,13160,9203.706055,8986350
2006-09-05,13120,13200,13040,13160,9203.706055,7216450
2006-09-06,13160,13160,13020,13080,9147.75293,7866200
2006-09-07,12920,13020,12860,12980,9077.819336,10126650
2006-09-08,12880,13000,12880,12940,9049.84082,7533050
2006-09-11,12940,12980,12660,12720,8895.982422,18312850
2006-09-12,12760,12840,12580,12640,8840.029297,17687250
2006-09-13,12800,12900,12740,12840,8979.904297,24360250
2006-09-14,12840,13100,12820,13100,9161.744141,31021950
2006-09-15,13060,13160,13020,13120,9175.728516,11988600
2006-09-18,13140,13580,13140,13460,9413.511719,26352850
2006-09-19,13460,13560,13420,13440,9399.526367,12795650
2006-09-20,13260,13380,13180,13340,9329.589844,14816350
2006-09-21,13480,13540,13280,13300,9301.613281,13060450
2006-09-22,13160,13220,13040,13080,9147.75293,11768200
2006-09-25,13000,13160,12960,13060,9133.766602,12493150
2006-09-26,13080,13160,12920,13020,9105.792969,12855500
2006-09-27,13100,13260,13100,13260,9273.639648,15073400
2006-09-28,13240,13440,13200,13360,9343.578125,17199900
2006-09-29,13380,13440,13220,13280,9287.628906,10884050
2006-10-02,13180,13380,13180,13300,9301.613281,13336800
2006-10-04,13180,13200,12940,12960,9063.831055,19646300
2006-10-09,13040,13140,12500,12700,8881.994141,28756900
2006-10-10,12840,13000,12800,12840,8979.904297,9863750
2006-10-11,12700,12880,12660,12820,8965.916992,10532750
2006-10-12,12720,12900,12680,12780,8937.946289,17850550
2006-10-13,12900,12960,12840,12880,9007.880859,13492650
2006-10-16,13040,13160,12920,13000,9091.804688,16781050
2006-10-17,13000,13020,12840,12940,9049.84082,9174650
2006-10-18,12820,12880,12720,12840,8979.904297,16155300
2006-10-19,12900,12960,12640,12720,8895.982422,16716600
2006-10-20,12700,12760,12580,12640,8840.029297,23209700
2006-10-23,12620,12620,12400,12500,8742.119141,21650650
2006-10-24,12600,12660,12460,12540,8770.094727,18173600
2006-10-25,12480,12620,12420,12500,8742.119141,17740950
2006-10-26,12540,12680,12500,12580,8798.070313,16658100
2006-10-27,12580,12580,12320,12400,8672.18457,22082550
2006-10-30,12340,12380,12140,12180,8518.320313,20122000
2006-10-31,12140,12320,12060,12220,8546.296875,24140400
2006-11-01,12360,12400,12260,12300,8602.25,13952400
2006-11-02,12280,12380,12220,12280,8588.255859,13024450
2006-11-03,12340,12400,12180,12220,8546.296875,14012550
2006-11-06,12180,12200,11980,12100,8462.369141,17439800
2006-11-07,12300,12300,12100,12180,8518.320313,17791800
2006-11-08,12300,12420,12300,12300,8602.25,13618400
2006-11-09,12400,12620,12360,12620,8826.045898,28261650
2006-11-10,12560,12640,12520,12580,8798.070313,13480750
2006-11-13,12720,12800,12660,12800,8951.930664,16464950
2006-11-14,12960,13000,12880,12940,9049.84082,18685300
2006-11-15,13100,13240,13060,13240,9259.651367,29861150
2006-11-16,13520,13520,13140,13140,9189.71582,19037300
2006-11-17,13160,13160,13060,13140,9189.71582,9296700
2006-11-20,13120,13120,12940,13040,9119.780273,14429300
2006-11-21,13060,13120,12960,13000,9091.804688,10533050
2006-11-22,12940,13200,12940,13200,9231.677734,12154500
2006-11-23,13260,13300,13020,13080,9147.75293,12492450
2006-11-24,13080,13120,12920,13040,9119.780273,9120950
2006-11-27,12940,13000,12780,12840,8979.904297,16110750
2006-11-28,12620,12740,12600,12660,8854.020508,15936500
2006-11-29,12560,12740,12560,12620,8826.045898,16956850
2006-11-30,12720,12880,12700,12800,8951.930664,15937700
2006-12-01,12800,12900,12780,12800,8951.930664,8220950
2006-12-04,12860,12920,12740,12820,8965.916992,9770000
2006-12-05,12960,13020,12760,12760,8923.956055,17541350
2006-12-06,12760,12800,12580,12700,8881.994141,13141050
2006-12-07,12580,12700,12500,12520,8756.105469,14568100
2006-12-08,12340,12360,12160,12240,8560.283203,25506450
2006-12-11,12200,12240,12040,12080,8448.384766,22559950
2006-12-12,12120,12200,11980,12000,8392.432617,16336200
2006-12-13,12000,12180,12000,12100,8462.369141,17044900
2006-12-14,12060,12280,12000,12260,8574.268555,43086900
2006-12-15,12280,12300,12140,12180,8518.320313,22955950
2006-12-18,12200,12300,12160,12200,8532.310547,20216550
2006-12-19,12200,12280,12160,12180,8518.320313,14096450
2006-12-20,12180,12400,12180,12340,8630.222656,20860850
2006-12-21,12380,12400,12260,12340,8630.222656,16119000
2006-12-22,12240,12280,12160,12220,8546.296875,17192100
2006-12-26,12180,12220,12040,12140,8490.344727,15325400
2006-12-27,12220,12280,12080,12280,8659.585938,9427500
2006-12-28,12320,12380,12200,12260,8645.481445,10913300
2007-01-02,12400,12540,12320,12520,8828.832031,17607300
2007-01-03,12540,12560,12220,12280,8659.585938,19676500
2007-01-04,12220,12240,12060,12120,8546.762695,18258900
2007-01-05,12160,12180,11900,11900,8391.620117,28400400
2007-01-08,11840,11880,11580,11680,8236.481445,33081550
2007-01-09,11740,11880,11640,11720,8264.69043,20109850
2007-01-10,11640,11680,11500,11560,8151.86377,25756300
2007-01-11,11580,11760,11560,11660,8222.375977,29839350
2007-01-12,11800,12120,11700,12120,8546.762695,40346050
2007-01-15,12240,12300,12140,12240,8631.383789,33675300
2007-01-16,12300,12300,12220,12260,8645.481445,15522550
2007-01-17,12200,12200,11940,12040,8490.344727,23396700
2007-01-18,11980,11980,11780,11880,8377.522461,21762950
2007-01-19,11760,11760,11580,11700,8250.583984,32068050
2007-01-22,11700,11860,11660,11820,8335.209961,21204000
2007-01-23,11820,12000,11760,11880,8377.522461,21732900
2007-01-24,12000,12080,11980,12040,8490.344727,14238300
2007-01-25,12120,12160,12040,12060,8504.451172,11798550
2007-01-26,12000,12000,11740,11760,8292.898438,37403750
2007-01-29,11800,11820,11540,11560,8151.86377,28106550
2007-01-30,11640,11720,11500,11700,8250.583984,18857050
2007-01-31,11700,11700,11500,11600,8180.069824,18468100
2007-02-01,11520,11680,11520,11580,8165.965332,20379600
2007-02-02,11660,11820,11600,11760,8292.898438,25061700
2007-02-05,11780,11800,11660,11720,8264.69043,24227700
2007-02-06,11700,11760,11660,11740,8278.792969,14804600
2007-02-07,11760,11780,11600,11720,8264.69043,19521900
2007-02-08,11760,11800,11600,11660,8222.375977,25787500
2007-02-09,11580,11720,11580,11660,8222.375977,15724250
2007-02-12,11600,11600,11380,11440,8067.23877,43866750
2007-02-13,11380,11420,11200,11240,7926.205078,38350000
2007-02-14,11340,11460,11340,11340,7996.722656,31505450
2007-02-15,11620,11640,11380,11500,8109.550781,31469800
2007-02-16,11560,11840,11480,11840,8349.310547,41500100
2007-02-20,11900,12040,11760,12000,8462.142578,23313850
2007-02-21,12040,12240,12000,12120,8546.762695,27616450
2007-02-22,12120,12240,12040,12040,8490.344727,18015000
2007-02-23,12060,12080,11800,11840,8349.310547,25999600
2007-02-26,11740,11780,11580,11660,8222.375977,29442950
2007-02-27,11720,11720,11500,11620,8194.174805,22474550
2007-02-28,11160,11400,11160,11400,8039.033691,45093800
2007-03-01,11340,11340,11340,11340,7996.722656,0
2007-03-05,11240,11440,11220,11300,7968.513184,27584250
2007-03-06,11300,11580,11300,11420,8053.134766,27781400
2007-03-07,11500,11520,11300,11400,8039.033691,26039150
2007-03-08,11400,11640,11340,11540,8137.756836,29056100
2007-03-09,11660,11780,11600,11740,8278.792969,30233000
2007-03-12,11800,12040,11800,12040,8490.344727,31691500
2007-03-13,12080,12080,11860,12000,8462.142578,16828000
2007-03-14,11720,11760,11600,11680,8236.481445,24902100
2007-03-15,11700,11840,11680,11720,8264.69043,21261300
2007-03-16,11720,11860,11620,11780,8307.00293,13671150
2007-03-19,11740,11800,11640,11740,8278.792969,11891200
2007-03-20,11700,11740,11500,11580,8165.965332,21245000
2007-03-21,11620,11700,11500,11580,8165.965332,12559600
2007-03-22,11700,11780,11640,11640,8208.275391,22119900
2007-03-23,11680,11720,11520,11600,8180.069824,17271600
2007-03-26,11640,11700,11560,11680,8236.481445,15899800
2007-03-27,11640,11660,11540,11600,8180.069824,18780200
2007-03-28,11600,11600,11400,11440,8067.23877,22607300
2007-03-29,11300,11480,11280,11380,8024.928223,30754300
2007-03-30,11380,11380,11240,11260,7940.307617,22767000
2007-04-02,11280,11420,11280,11320,7982.621582,20035050
2007-04-03,11340,11560,11320,11480,8095.442871,19676650
2007-04-04,11660,11940,11620,11900,8391.620117,44768400
2007-04-05,12020,12060,11820,11860,8363.413086,15772300
2007-04-06,11920,11960,11680,11740,8278.792969,15445750
2007-04-09,11800,11800,11660,11680,8236.481445,12778300
2007-04-10,11680,11780,11520,11560,8151.86377,22281600
2007-04-11,11680,12020,11660,11980,8448.035156,42482950
2007-04-12,11940,12080,11880,12080,8518.552734,34352850
2007-04-13,12080,12200,11900,12040,8490.344727,35876550
2007-04-16,11980,12060,11860,11860,8363.413086,20227200
2007-04-17,11920,11980,11760,11860,8363.413086,22060000
2007-04-18,11800,11820,11620,11660,8222.375977,25200000
2007-04-19,11620,11640,11360,11440,8067.23877,32114150
2007-04-20,11480,11560,11420,11460,8081.344238,16748300
2007-04-23,11560,11680,11400,11400,8039.033691,18575450
2007-04-24,11480,11540,11360,11420,8053.134766,25104600
2007-04-25,11520,11560,11240,11280,7954.411621,29520750
2007-04-26,11400,11620,11400,11600,8180.069824,27133550
2007-04-27,11620,11740,11460,11600,8180.069824,30426400
2007-04-30,11600,11660,11380,11480,8095.442871,18851000
2007-05-02,11400,11600,11400,11500,8109.550781,16500000
2007-05-03,11560,11620,11460,11480,8095.442871,14666550
2007-05-04,11480,11560,11480,11520,8123.653809,12117750
2007-05-07,11600,11740,11560,11740,8278.792969,29269050
2007-05-08,11760,11860,11580,11640,8208.275391,30470000
2007-05-09,11600,11720,11480,11600,8180.069824,19446550
2007-05-10,11700,11720,11500,11500,8109.550781,21284800
2007-05-11,11500,11540,11380,11460,8081.344238,18063550
2007-05-14,11500,11560,11400,11480,8095.442871,15178550
2007-05-15,11480,11500,11380,11460,8081.344238,16629900
2007-05-16,11380,11480,11380,11400,8039.033691,13728550
2007-05-17,11380,11460,11240,11320,7982.621582,32991650
2007-05-18,11200,11220,10960,11080,7813.375488,44367750
2007-05-21,10940,11160,10920,11040,7785.167969,27085250
2007-05-22,11120,11340,11120,11300,7968.513184,40901450
2007-05-23,11320,11360,11180,11240,7926.205078,18800050
2007-05-25,11000,11140,11000,11040,7785.167969,30527900
2007-05-28,11000,11020,10920,10960,7728.757324,19714700
2007-05-29,10920,10940,10700,10740,7573.616211,34405050
2007-05-30,10740,10740,10500,10640,7503.097168,39442700
2007-05-31,10720,10840,10640,10700,7545.406738,32327800
2007-06-01,10920,11180,10860,11120,7841.583984,48280700
2007-06-04,11320,11560,11260,11440,8067.23877,54176150
2007-06-05,11500,11640,11380,11420,8053.134766,30539250
2007-06-07,11180,11400,11180,11380,8024.928223,24129700
2007-06-08,11240,11520,11220,11440,8067.23877,33649350
2007-06-11,11560,11700,11440,11560,8151.86377,33486900
2007-06-12,11440,11660,11440,11560,8151.86377,17372350
2007-06-13,11500,11540,11340,11460,8081.344238,17896500
2007-06-14,11600,11620,11460,11620,8194.174805,31985700
2007-06-15,11560,11580,11420,11480,8095.442871,24082300
2007-06-18,11600,11800,11520,11780,8307.00293,34236550
2007-06-19,11880,11880,11660,11700,8250.583984,19075450
2007-06-20,11740,11760,11480,11540,8137.756836,28625550
2007-06-21,11720,11840,11720,11780,8307.00293,46066600
2007-06-22,11920,12020,11760,11820,8335.209961,41545600
2007-06-25,11760,11940,11700,11760,8292.898438,19727450
2007-06-26,11820,11860,11660,11760,8292.898438,19325000
2007-06-27,11680,11720,11580,11620,8194.174805,17356150
2007-06-28,11620,11700,11500,11560,8158.882813,20486950
2007-06-29,11560,11580,11320,11320,7989.498535,27230000
2007-07-02,11560,11580,11320,11320,7989.498535,28822950
2007-07-03,11440,11500,11360,11420,8060.071777,25979550
2007-07-04,11460,11680,11440,11560,8158.882813,21507800
2007-07-05,11740,11860,11640,11820,8342.386719,33418800
2007-07-06,12060,12640,11980,12540,8850.556641,82871050
2007-07-09,12760,12980,12660,12860,9076.40332,63496300
2007-07-10,12780,12940,12580,12580,8878.78418,33803150
2007-07-11,12420,12760,12400,12700,8963.480469,26573900
2007-07-12,12700,13040,12680,12920,9118.749023,28582500
2007-07-13,13300,13740,13180,13740,9697.498047,68696450
2007-07-16,13700,13720,12960,13000,9175.213867,48383750
2007-07-18,13160,13240,12800,12800,9034.057617,37695850
2007-07-19,12700,12980,12620,12720,8977.594727,29848650
2007-07-20,12820,13220,12720,13220,9330.485352,28872250
2007-07-23,13060,13200,12980,13160,9288.140625,20428050
2007-07-24,13180,13260,12920,13080,9231.675781,17940900
2007-07-25,12800,13060,12800,12960,9146.986328,19926200
2007-07-26,12980,13040,12520,12520,8836.43457,31223850
2007-07-27,12340,12360,11920,11920,8412.96582,57318200
2007-07-30,11920,12200,11860,12200,8610.585938,30529200
2007-07-31,12300,12320,12180,12280,8667.045898,23017750
2007-08-01,12000,12100,11520,11620,8201.227539,53035500
2007-08-02,11780,11920,11520,11800,8328.271484,29307050
2007-08-03,12000,12140,11780,11800,8328.271484,30259700
2007-08-06,11460,11720,11440,11680,8243.579102,26664700
2007-08-07,11900,11920,11640,11680,8243.579102,15727400
2007-08-08,11800,12040,11740,12040,8497.65918,20627250
2007-08-09,12400,12500,12320,12420,8765.854492,42449700
2007-08-10,12120,12160,11960,12060,8511.775391,30724000
2007-08-13,12120,12340,12020,12260,8652.932617,17635500
2007-08-14,12240,12420,12140,12240,8638.818359,16922600
2007-08-16,11680,11800,11580,11600,8187.115723,50978800
2007-08-17,11740,11800,11360,11440,8074.189453,37513450
2007-08-20,11800,11840,11700,11800,8328.271484,24012750
2007-08-21,11800,11980,11720,11840,8356.500977,18044500
2007-08-22,11920,12040,11840,11880,8384.734375,20210450
2007-08-23,12200,12260,11940,11980,8455.316406,19973500
2007-08-24,11900,11940,11660,11720,8271.808594,18926300
2007-08-27,11820,12000,11500,11540,8144.766602,21689350
2007-08-28,11480,11540,11360,11520,8130.649902,26209000
2007-08-29,11160,11360,11160,11240,7933.03125,32118350
2007-08-30,11500,11560,11380,11440,8074.189453,19231700
2007-08-31,11400,11820,11400,11820,8342.386719,30225900
2007-09-03,11820,11820,11500,11520,8130.649902,19882000
2007-09-04,11520,11660,11420,11500,8116.53418,14962300
2007-09-05,11600,11700,11380,11380,8031.839355,19629900
2007-09-06,11240,11500,11220,11500,8116.53418,17740550
2007-09-07,11500,11500,11320,11500,8116.53418,15746950
2007-09-10,11260,11280,11120,11260,7947.146973,17560000
2007-09-11,11300,11460,11220,11340,8003.611816,13712100
2007-09-12,11360,11400,11180,11200,7904.79834,14680300
2007-09-13,11200,11340,11020,11240,7933.03125,24396000
2007-09-14,11200,11220,11040,11120,7848.336914,24298800
2007-09-17,11020,11040,10880,10900,7693.063477,21488750
2007-09-18,10900,10960,10760,10840,7650.717285,23761000
2007-09-19,11060,11180,10960,11040,7791.878418,28984400
2007-09-20,10940,11040,10800,10920,7707.181641,29019850
2007-09-21,10800,10860,10640,10680,7537.790527,39467450
2007-09-27,11000,11160,10860,11160,7876.571289,49918900
2007-09-28,11520,11540,11400,11500,8116.53418,42891650
2007-10-01,11520,11540,11340,11460,8088.305664,16355000
2007-10-02,11580,11700,11520,11580,8172.998535,30136750
2007-10-04,11260,11400,11200,11300,7975.378906,40348550
2007-10-05,11320,11340,10960,11060,7805.989258,29788950
2007-10-08,11080,11160,10820,11020,7777.758789,28390800
2007-10-09,10820,10900,10660,10740,7580.13916,40724950
2007-10-10,10900,11060,10760,11040,7791.878418,32597150
2007-10-11,11060,11180,10860,11100,7834.222168,30210150
2007-10-12,11020,11440,10940,11140,7862.453613,56563250
2007-10-15,11160,11240,10760,10840,7650.717285,33940050
2007-10-16,10540,10640,10260,10300,7269.591797,66853950
2007-10-17,10320,10440,10160,10300,7269.591797,35884300
2007-10-18,10400,10520,10320,10440,7368.404297,30044750
2007-10-19,10580,10960,10380,10800,7622.48877,48519450
2007-10-22,10420,10660,10380,10440,7368.404297,32305000
2007-10-23,10500,10600,10440,10440,7368.404297,31971400
2007-10-24,10520,10520,10180,10260,7241.360352,40471500
2007-10-25,10220,10360,10000,10140,7156.667969,37307700
2007-10-26,10220,10640,10060,10640,7509.560547,51448600
2007-10-29,10800,11000,10700,10900,7693.063477,40179750
2007-10-30,10900,11000,10740,10880,7678.949707,19168350
2007-10-31,10940,11020,10860,11000,7763.64209,27734300
2007-11-01,11100,11140,10860,10980,7749.526367,26799350
2007-11-02,10800,10960,10760,10800,7622.48877,23918650
2007-11-05,10700,10740,10520,10560,7453.097168,26480000
2007-11-06,10460,10960,10460,10960,7735.411621,30758950
2007-11-07,10980,11460,10940,11400,8045.959473,58695000
2007-11-08,11160,11240,10720,10720,7566.022461,43765000
2007-11-09,10780,11000,10680,10800,7622.48877,31995250
2007-11-12,10600,10680,10480,10640,7509.560547,25916650
2007-11-13,10500,10780,10460,10640,7509.560547,25363050
2007-11-14,10900,10960,10760,10940,7721.297852,29997800
2007-11-15,10920,11420,10900,11400,8045.959473,51098250
2007-11-16,11160,11340,11080,11140,7862.453613,24037250
2007-11-19,11160,11220,10820,10820,7636.603516,22000000
2007-11-20,10600,10700,10520,10620,7495.444336,21515000
2007-11-21,10620,10620,10280,10300,7269.591797,33101550
2007-11-22,10200,10780,10180,10780,7608.369629,38170600
2007-11-23,10700,11200,10700,11140,7862.453613,42924150
2007-11-26,11220,11280,10940,11260,7947.146973,27535000
2007-11-27,11120,11120,10600,10780,7608.369629,33944200
2007-11-28,10860,11040,10720,10880,7678.949707,24418850
2007-11-29,11100,11380,11040,11340,8003.611816,44743400
2007-11-30,11340,11460,11240,11300,7975.378906,29659800
2007-12-03,11100,11360,10880,11320,7989.498535,23272050
2007-12-04,11420,11620,11360,11500,8116.53418,20623650
2007-12-05,11480,11880,11420,11640,8215.342773,23025000
2007-12-06,11960,12240,11940,12240,8638.818359,56259050
2007-12-07,12260,12340,12080,12160,8582.354492,30236750
2007-12-10,12260,12280,12120,12280,8667.045898,22600750
2007-12-11,12280,12280,12060,12060,8511.775391,22424900
2007-12-12,11820,12000,11720,11960,8441.197266,30155400
2007-12-13,11920,11980,11660,11800,8328.271484,34333850
2007-12-14,11660,11760,11480,11620,8201.227539,20064850
2007-12-17,11360,11540,11200,11200,7904.79834,26290000
2007-12-18,11000,11280,10980,11200,7904.79834,21710000
2007-12-20,11180,11360,11080,11180,7890.68457,21968250
2007-12-21,11240,11280,11020,11200,7904.79834,18360750
2007-12-24,11240,11600,11240,11560,8158.882813,18874300
2007-12-26,11580,11680,11440,11520,8130.649902,10745000
2007-12-27,11480,11560,11400,11400,8152.105957,11911800
2007-12-28,11300,11340,11120,11120,7951.876465,14681800
2008-01-02,11180,11200,10840,10880,7780.253418,18047200
2008-01-03,10760,11060,10640,10920,7808.859375,19346500
2008-01-04,10920,10960,10760,10780,7708.745605,17997350
2008-01-07,10360,10480,10340,10380,7422.705566,39787200
2008-01-08,10380,10480,10320,10320,7379.799316,24783700
2008-01-09,10340,10580,10260,10500,7508.514648,23865450
2008-01-10,10440,10580,10320,10320,7379.799316,31551350
2008-01-11,10360,10520,10220,10320,7379.799316,23425150
2008-01-14,10280,10520,10280,10500,7508.514648,22167000
2008-01-15,10660,10820,10420,10640,7608.631836,40283950
2008-01-16,10400,10800,10360,10600,7580.02832,49448100
2008-01-17,10740,11200,10720,11200,8009.085449,42213900
2008-01-18,11040,11440,10960,11340,8109.199707,35586400
2008-01-21,11220,11460,11160,11280,8066.293457,25085050
2008-01-22,11000,11160,10720,10720,7665.839844,43213650
2008-01-23,11040,11120,10760,10800,7723.049805,36303850
2008-01-24,11020,11240,10980,11120,7951.876465,27902000
2008-01-25,11120,11400,11080,11220,8023.387695,26107500
2008-01-28,11060,11300,10720,10780,7708.745605,27213200
2008-01-29,10920,11200,10880,11160,7980.483398,21471250
2008-01-30,11340,11620,11200,11420,8166.405762,35769400
2008-01-31,11580,11940,11420,11900,8509.649414,46767100
2008-02-01,12020,12100,11560,11720,8380.93457,28352100
2008-02-04,12040,12240,12000,12240,8752.789063,46921550
2008-02-05,12100,12360,12020,12260,8767.085938,23207550
2008-02-11,11820,12020,11680,11680,8352.331055,28841250
2008-02-12,11700,11760,11460,11460,8195.009766,18513050
2008-02-13,11760,11760,11400,11480,8209.313477,21558700
2008-02-14,11660,11860,11600,11860,8481.047852,28837050
2008-02-15,11720,11800,11500,11720,8380.93457,20001000
2008-02-18,11640,11740,11420,11540,8252.21875,18412450
2008-02-19,11600,11740,11540,11740,8395.236328,16641000
2008-02-20,11740,11800,11520,11560,8266.520508,18171450
2008-02-21,11580,11920,11580,11880,8495.350586,21269600
2008-02-22,11640,11740,11600,11640,8323.724609,15574600
2008-02-25,11560,11640,11500,11620,8309.424805,15236300
2008-02-26,11620,11720,11380,11420,8166.405762,12393550
2008-02-27,11460,11720,11380,11560,8266.520508,13882800
2008-02-28,11680,11700,11460,11600,8295.124023,14536100
2008-02-29,11540,11540,11200,11200,8009.085449,22988800
2008-03-03,10900,11040,10840,10980,7851.763184,22136800
2008-03-04,11000,11220,11000,11040,7894.671875,16975550
2008-03-05,11020,11320,11020,11240,8037.6875,21097000
2008-03-06,11260,11500,11160,11240,8037.6875,18850600
2008-03-07,11000,11100,10940,11000,7866.06543,20272750
2008-03-10,10960,11220,10900,11080,7923.273926,17898000
2008-03-11,10960,11180,10940,11100,7937.575195,31354900
2008-03-12,11320,11400,11160,11200,8009.085449,24374050
2008-03-13,11020,11180,10940,11000,7866.06543,30835150
2008-03-14,11100,11140,10860,10940,7823.161621,22180950
2008-03-17,11060,11180,10900,11000,7866.06543,40741250
2008-03-18,11040,11440,11040,11360,8123.500488,42480400
2008-03-19,11640,11860,11600,11820,8452.442383,35035300
2008-03-20,11700,12120,11580,12120,8666.970703,32334250
2008-03-21,12180,12200,12040,12140,8681.274414,21574750
2008-03-24,12080,12120,11900,11980,8566.861328,10591650
2008-03-25,12220,12300,12100,12200,8724.179688,21415850
2008-03-26,12380,12380,12180,12240,8752.789063,15949800
2008-03-27,12120,12160,11920,12100,8652.674805,20926650
2008-03-28,12100,12360,12060,12260,8767.085938,25343000
2008-03-31,12340,12580,12240,12460,8910.106445,29338650
2008-04-01,12560,12820,12360,12720,9096.03125,33978600
2008-04-02,13040,13240,13020,13220,9453.581055,38936050
2008-04-03,13220,13340,13120,13240,9467.884766,21675750
2008-04-04,13240,13240,12940,13000,9296.260742,17505650
2008-04-07,12920,13220,12920,13000,9296.260742,18348000
2008-04-08,12860,12960,12720,12920,9239.052734,17081100
2008-04-10,12860,13240,12780,13120,9382.070313,33709550
2008-04-11,13200,13600,13200,13600,9725.317383,39799750
2008-04-14,13400,13560,13240,13560,9696.713867,21013800
2008-04-15,13560,13580,13160,13160,9410.677734,19635700
2008-04-16,13200,13300,12940,13020,9310.561523,25146850
2008-04-17,13360,13420,13200,13220,9453.581055,20221950
2008-04-18,13240,13540,13240,13300,9510.789063,25224400
2008-04-21,13500,13520,13320,13480,9639.504883,21483300
2008-04-22,13400,13580,13360,13500,9653.80957,18359750
2008-04-23,13360,13500,13060,13060,9339.164063,25400650
2008-04-24,13180,13420,13100,13220,9453.581055,25118900
2008-04-25,13400,13800,13320,13800,9868.333984,50257700
2008-04-28,13920,14380,13840,14320,10240.186523,38231450
2008-04-29,14340,14360,14120,14200,10154.376953,21729700
2008-04-30,14180,14360,14100,14220,10168.679688,31382450
2008-05-01,14220,14220,14220,14220,10168.679688,0
2008-05-02,14660,14680,14480,14620,10454.717773,50417500
2008-05-05,14620,14620,14620,14620,10454.717773,0
2008-05-06,14700,14900,14640,14900,10654.945313,38358100
2008-05-07,14760,14900,14640,14820,10597.737305,22328750
2008-05-08,14500,14600,14380,14560,10411.80957,34440750
2008-05-09,14640,14660,14140,14180,10140.073242,29085550
2008-05-12,14180,14180,14180,14180,10140.073242,0
2008-05-13,14360,14700,14200,14700,10511.923828,30044650
2008-05-14,14640,14760,14580,14760,10554.829102,20052950
2008-05-15,14800,15280,14800,15280,10926.680664,27487700
2008-05-16,15200,15280,14980,15200,10869.472656,30207500
2008-05-19,15200,15260,14560,14560,10411.80957,31627250
2008-05-20,14560,14580,14060,14260,10197.282227,45623100
2008-05-21,14040,14520,14020,14360,10268.790039,23699200
2008-05-22,14240,14400,14080,14260,10197.282227,18129850
2008-05-23,14200,14460,14140,14140,10111.470703,14702850
2008-05-26,13980,14000,13440,13580,9711.014648,42225400
2008-05-27,13800,14100,13780,14040,10039.959961,18241350
2008-05-28,14360,14360,13800,13840,9896.939453,20754200
2008-05-29,14080,14600,13940,14600,10440.415039,24855000
2008-05-30,14580,14820,14500,14820,10597.737305,24669600
2008-06-02,14700,14820,14500,14520,10383.204102,19869800
2008-06-03,14440,14440,14060,14080,10068.56543,20968200
2008-06-04,14060,14400,14060,14260,10197.282227,14337000
2008-06-05,14360,14360,14140,14180,10140.073242,18126850
2008-06-06,14180,14180,14180,14180,10140.073242,0
2008-06-09,13680,13840,13640,13720,9811.126953,30999100
2008-06-10,13740,13820,13300,13320,9525.088867,28005300
2008-06-11,13380,13760,13340,13620,9739.617188,23986150
2008-06-12,13380,13560,13260,13260,9482.18457,45085450
2008-06-13,13440,13840,13320,13480,9639.504883,26490150
2008-06-16,13700,13820,13600,13820,9882.639648,16767250
2008-06-17,13820,13900,13620,13760,9839.732422,18272550
2008-06-18,13620,14080,13620,14080,10068.56543,15103800
2008-06-19,13920,13940,13500,13500,9653.80957,25826000
2008-06-20,13760,13760,13300,13360,9553.692383,21409450
2008-06-23,13040,13260,13040,13160,9410.677734,20438500
2008-06-24,13200,13280,13080,13180,9424.974609,15685550
2008-06-25,13160,13220,12880,13100,9367.771484,22329450
2008-06-26,13200,13400,13120,13300,9510.789063,19907250
2008-06-27,12920,13000,12740,12860,9203.06543,25576850
2008-06-30,12760,12800,12500,12500,8945.43457,28598600
2008-07-01,12520,12800,12180,12720,9102.876953,33602250
2008-07-02,12600,12740,12460,12600,9016.998047,24414150
2008-07-03,12340,12900,12340,12660,9059.935547,29315200
2008-07-04,12600,12660,12320,12320,8816.620117,22481600
2008-07-07,12200,12560,12020,12280,8787.995117,26142050
2008-07-08,12220,12360,11860,11860,8487.428711,27884250
2008-07-09,12100,12120,11500,11500,8229.800781,29763900
2008-07-10,11160,11400,11120,11200,8015.112305,53374150
2008-07-11,11220,11460,11140,11360,8129.609863,32717400
2008-07-14,11280,11640,11220,11340,8115.300781,20759300
2008-07-15,11220,11260,11060,11060,7914.921387,27201450
2008-07-16,11140,11340,11080,11220,8029.42334,25858800
2008-07-17,11420,11780,11400,11680,8358.616211,32596450
2008-07-18,11820,11880,11540,11640,8329.991211,15433200
2008-07-21,11640,12120,11640,11980,8573.30957,25987750
2008-07-22,11680,11800,11600,11800,8444.493164,19137950
2008-07-23,11800,11880,11620,11740,8401.554688,28378200
2008-07-24,11740,12280,11660,12280,8787.995117,34992900
2008-07-25,11980,12060,11480,11520,8244.117188,50458700
2008-07-28,11420,11460,11080,11200,8015.112305,43858300
2008-07-29,10960,11020,10840,10880,7786.109375,29814350
2008-07-30,11040,11140,10900,10960,7843.358887,26378350
2008-07-31,10940,11340,10940,11280,8072.365234,26311200
2008-08-01,11180,11340,11140,11300,8086.675781,13485850
2008-08-04,11380,11400,11140,11300,8086.675781,17095750
2008-08-05,11300,11480,11260,11340,8115.300781,24563900
2008-08-06,11620,11740,11520,11740,8401.554688,21367600
2008-08-07,11820,11860,11460,11560,8272.741211,23440450
2008-08-08,11400,11480,11240,11460,8201.175781,24528350
2008-08-11,11720,11840,11660,11700,8372.929688,21889000
2008-08-12,11900,12040,11780,11900,8516.054688,31373400
2008-08-13,11820,11920,11660,11740,8401.554688,19446100
2008-08-14,11600,11720,11560,11600,8301.368164,19704750
2008-08-15,11600,11600,11600,11600,8301.368164,0
2008-08-18,11620,11720,11460,11580,8287.052734,16509050
2008-08-19,11440,11500,11260,11280,8072.365234,17867300
2008-08-20,11120,11320,11100,11200,8015.112305,22011050
2008-08-21,11200,11220,11040,11060,7914.921387,17574550
2008-08-22,11020,11160,10900,11140,7972.17334,15836500
2008-08-25,11160,11240,11080,11200,8015.112305,14548350
2008-08-26,11100,11100,10780,10800,7728.859375,32670800
2008-08-27,10700,10740,10340,10600,7585.72998,34357750
2008-08-28,10520,10640,10400,10420,7456.913574,27281050
2008-08-29,10400,10520,10240,10320,7385.353027,36455950
2008-09-01,10060,10180,10020,10120,7242.227051,35791900
2008-09-02,10000,10340,10000,10340,7399.663086,34402450
2008-09-03,10240,10620,10240,10540,7542.79248,25714350
2008-09-04,10300,10440,10220,10280,7356.728516,27785550
2008-09-05,10060,10720,10040,10440,7471.231445,43649450
2008-09-08,10660,11020,10620,10860,7771.796387,38900200
2008-09-09,10800,10800,10600,10720,7671.608398,22013050
2008-09-10,10440,10960,10400,10840,7757.484375,36506850
2008-09-11,10900,11140,10720,10740,7685.92041,47173400
2008-09-12,10880,11000,10780,10860,7771.796387,30258700
2008-09-15,10860,10860,10860,10860,7771.796387,0
2008-09-16,10200,10520,10180,10500,7514.166504,41059050
2008-09-17,10700,10740,10440,10500,7514.166504,29978550
2008-09-18,10180,10420,10080,10340,7399.663086,27650
2008-09-19,10700,11160,10640,11160,7986.486328,53205000
2008-09-22,11140,11420,11040,11160,7986.486328,27502650
2008-09-23,10980,11300,10960,11200,8015.112305,23125950
2008-09-24,11140,11380,11140,11280,8072.365234,20463600
2008-09-25,11140,11380,11020,11340,8115.300781,17974550
2008-09-26,11200,11240,11020,11060,7914.921387,26314850
2008-09-29,11160,11260,10800,10880,7786.109375,27731950
2008-09-30,10360,10880,10280,10780,7714.545898,37898000
2008-10-01,10840,10860,10480,10660,7628.672363,25788700
2008-10-02,10620,10780,10360,10560,7557.10498,27381150
2008-10-03,10560,10560,10560,10560,7557.10498,0
2008-10-06,10400,10480,10200,10340,7399.663086,31577200
2008-10-07,10120,10760,10100,10620,7600.043457,29567750
2008-10-08,10380,10700,10340,10560,7557.10498,32639550
2008-10-09,10560,10960,10560,10820,7743.17041,35793950
2008-10-10,10560,10640,10120,10420,7456.913574,44160200
2008-10-13,10460,10780,10420,10480,7499.85498,30486050
2008-10-14,10820,11200,10820,11200,8015.112305,33052100
2008-10-15,10960,11040,10680,10940,7829.047852,31447000
2008-10-16,10400,10540,10000,10080,7213.600586,46931350
2008-10-17,10400,10400,9830,10020,7170.660645,44541850
2008-10-20,10240,10500,9990,10420,7456.913574,27564050
2008-10-21,10520,10600,10180,10380,7428.292969,24505550
2008-10-22,10340,10460,9800,10160,7270.851074,33829400
2008-10-23,9540,9690,9200,9450,6762.749023,50023000
2008-10-24,9460,9500,8040,8040,5753.705078,59626350
2008-10-27,8150,8760,8060,8760,6268.960938,48100000
2008-10-28,8600,9530,8530,9270,6633.936035,49703350
2008-10-29,9780,10060,8850,9500,6798.53418,64873450
2008-10-30,10140,10920,9820,10740,7685.92041,54704850
2008-10-31,10740,11000,10300,10540,7542.79248,61573650
2008-11-03,10620,10900,10280,10320,7385.353027,44058100
2008-11-04,10320,10440,10120,10280,7356.728516,39167400
2008-11-05,10400,10520,10100,10300,7371.039063,40923450
2008-11-06,10000,10180,9700,9830,7034.692383,38703200
2008-11-07,9400,9910,9260,9790,7006.066406,49487350
2008-11-10,9870,9990,9440,9490,6791.375977,45419600
2008-11-11,9260,9580,9130,9410,6734.123535,34532350
2008-11-12,9340,9780,9190,9610,6877.25293,30403150
2008-11-13,9300,9480,9120,9480,6784.218262,36855000
2008-11-14,9690,9720,9220,9260,6626.778809,29588450
2008-11-17,9290,9290,8840,9010,6447.869629,32580350
2008-11-18,8770,8890,8620,8700,6226.024902,33973750
2008-11-19,8700,8870,8480,8760,6268.960938,30987100
2008-11-20,8440,8630,8390,8460,6054.270996,28092450
2008-11-21,8380,8920,8220,8880,6354.839844,31568650
2008-11-24,8840,9080,8720,8800,6297.587891,29133500
2008-11-25,9160,9330,8810,9030,6462.183594,33102950
2008-11-26,9220,9500,9120,9460,6769.905762,31013050
2008-11-27,9680,9740,9550,9700,6941.65918,26557750
2008-11-28,9720,9770,9590,9720,6955.969727,22543000
2008-12-01,9710,9720,9490,9530,6820.001953,15856850
2008-12-02,9040,9240,9010,9080,6497.966309,24170850
2008-12-03,9080,9200,8710,8820,6311.897949,36099650
2008-12-04,8920,8930,8540,8610,6161.616699,34990250
2008-12-05,8510,8740,8510,8540,6111.520996,29513550
2008-12-08,8690,9300,8600,9280,6641.09375,40352200
2008-12-09,9320,9390,9060,9390,6719.811035,29640550
2008-12-10,9380,9620,9320,9620,6884.408691,37277700
2008-12-11,9640,9670,9210,9650,6905.875977,51925650
2008-12-12,9320,9610,9160,9210,6590.996582,27922300
2008-12-15,9400,9620,9360,9440,6755.592285,27906950
2008-12-16,9300,9340,9010,9140,6540.904785,35224700
2008-12-17,9310,9340,9020,9190,6576.686523,33886150
2008-12-18,9200,9370,9070,9360,6698.342773,33352450
2008-12-19,9500,9950,9480,9790,7006.066406,49042900
2008-12-22,9990,10040,9620,9720,6955.969727,22930050
2008-12-23,9620,9690,9130,9130,6533.745605,28528400
2008-12-24,9290,9320,9120,9200,6583.842773,18946050
2008-12-25,9200,9200,9200,9200,6583.842773,0
2008-12-26,9210,9260,9080,9120,6526.589844,11553200
2008-12-29,9120,9140,8770,9080,6570.006348,15942850
2008-12-30,9160,9270,9020,9020,6526.589844,17938200
2008-12-31,9020,9020,9020,9020,6526.589844,0
2009-01-02,9070,9400,8850,9400,6801.547363,22978400
2009-01-05,9600,9740,9470,9520,6888.375488,30460450
2009-01-06,9640,10040,9590,9960,7206.745605,45072450
2009-01-07,10100,10480,9980,10480,7583.002441,41286200
2009-01-08,10360,10380,10060,10160,7351.460449,30614600
2009-01-09,10060,10120,9720,9860,7134.388184,30113100
2009-01-12,9800,9960,9740,9790,7083.739746,17708600
2009-01-13,9810,9860,9600,9830,7112.682129,17577200
2009-01-14,9790,9840,9550,9790,7083.739746,19297550
2009-01-15,9490,9490,9150,9190,6649.597656,31394300
2009-01-16,9280,9380,9110,9360,6772.603027,22261700
2009-01-19,9520,9610,9420,9500,6873.905762,19136900
2009-01-20,9210,9320,9140,9280,6714.720215,18496050
2009-01-21,9000,9080,8940,8970,6490.412598,22203800
2009-01-22,9280,9280,8990,9220,6671.303223,26209300
2009-01-23,8950,9030,8770,8840,6396.348633,31581450
2009-01-28,9400,9840,9280,9770,7069.270996,45906950
2009-01-29,9770,9990,9620,9970,7213.981934,32818700
2009-01-30,9690,9850,9680,9780,7076.50293,19334900
2009-02-02,9760,9920,9440,9470,6852.198242,23574500
2009-02-03,9770,9980,9470,9800,7090.970703,27380500
2009-02-04,10100,10400,9990,10360,7496.173828,30703400
2009-02-05,10400,10720,10260,10420,7539.585449,34791950
2009-02-06,10720,10900,10580,10900,7886.897949,34801100
2009-02-09,10900,10960,10420,10540,7626.416504,32619950
2009-02-10,10640,10680,10280,10400,7525.115723,24848400
2009-02-11,10120,10380,10100,10260,7423.816895,16267500
2009-02-12,10140,10400,10020,10400,7525.115723,28021450
2009-02-13,10220,10380,10080,10280,7438.289063,24071800
2009-02-16,10160,10400,10040,10080,7293.57373,16386900
2009-02-17,9980,10000,9740,9810,7098.210449,23694950
2009-02-18,9760,9780,9550,9560,6917.315918,29060500
2009-02-19,9530,9760,9430,9610,6953.497559,26458500
2009-02-20,9500,9600,9350,9350,6765.366211,25958000
2009-02-23,9300,9730,9220,9700,7018.618164,21327950
2009-02-24,9400,9450,9280,9350,6765.366211,22671950
2009-02-25,9630,9660,9470,9560,6917.315918,20927400
2009-02-26,9580,9860,9300,9540,6902.845215,21950050
2009-02-27,9500,9860,9410,9540,6902.845215,29510500
2009-03-02,9510,9510,9160,9240,6685.774414,24741650
2009-03-03,9090,9580,9090,9510,6881.141113,24954950
2009-03-04,9560,9810,9380,9780,7076.50293,26067250
2009-03-05,9980,10120,9790,10060,7279.101563,32982600
2009-03-06,9920,10100,9880,10000,7235.687988,19412000
2009-03-09,10200,10320,9950,10300,7452.758301,18225250
2009-03-10,10100,10360,10040,10080,7293.57373,20458750
2009-03-11,10380,10500,10260,10500,7597.473145,26584150
2009-03-12,10400,10720,10400,10720,7756.658691,50741850
2009-03-13,10800,11000,10560,10560,7640.887207,24128850
2009-03-16,10520,10720,10340,10460,7568.529297,14711600
2009-03-17,10560,10740,10340,10680,7727.714355,20205900
2009-03-18,10760,10820,10540,10800,7814.544922,16913000
2009-03-19,10940,10980,10740,10820,7829.015137,19517500
2009-03-20,10700,10980,10700,10840,7843.487793,17561600
2009-03-23,10840,11020,10840,11000,7959.258301,2420900
2009-03-24,11200,11200,10960,11180,8089.499023,24804800
2009-03-25,11000,11180,11000,11120,8046.086914,12749800
2009-03-26,11020,11420,10960,11400,8248.682617,20870050
2009-03-27,11620,11780,11480,11680,8451.285156,28539350
2009-03-30,11620,11800,11300,11340,8205.272461,18359700
2009-03-31,11280,11680,11260,11360,8219.740234,20010000
2009-04-01,11400,11600,11180,11400,8248.682617,24952250
2009-04-02,11680,11820,11500,11820,8552.582031,28688300
2009-04-03,11980,12000,11680,11860,8581.526367,24722050
2009-04-06,11860,12260,11860,11880,8595.996094,33315050
2009-04-07,11820,11900,11660,11680,8451.285156,27388200
2009-04-08,11480,11560,11100,11140,8060.557129,31449400
2009-04-09,11220,11680,11200,11600,8393.400391,30887600
2009-04-10,11940,12060,11760,12060,8726.239258,32713800
2009-04-13,11880,12000,11640,11660,8436.80957,20707150
2009-04-14,11700,11760,11420,11500,8321.039063,25554750
2009-04-15,11320,11700,11300,11700,8465.755859,25775000
2009-04-16,11920,11980,11600,11620,8407.869141,29263500
2009-04-17,11880,12080,11780,11940,8639.411133,40656900
2009-04-20,12000,12020,11640,11840,8567.053711,17605900
2009-04-21,11620,11920,11560,11820,8552.582031,18312700
2009-04-22,11960,12300,11880,12180,8813.066406,41166700
2009-04-23,12280,12640,12220,12540,9073.551758,32402300
2009-04-24,12320,12540,11800,11840,8567.053711,45867800
2009-04-27,11840,11880,11580,11700,8465.755859,27196350
2009-04-28,11800,11800,11500,11500,8321.039063,24129050
2009-04-29,11540,11720,11500,11720,8480.225586,16499450
2009-04-30,11900,12040,11680,11840,8567.053711,30656900
2009-05-04,11900,11940,11560,11640,8422.341797,39634800
2009-05-06,11500,11620,11260,11300,8176.32666,58004900
2009-05-07,11440,11460,11180,11320,8190.801758,34475350
2009-05-08,11320,11480,11260,11380,8234.210938,22852100
2009-05-11,11320,11360,11160,11260,8147.379883,32233300
2009-05-12,11260,11380,11200,11220,8118.443848,23892300
2009-05-13,11260,11320,11140,11200,8103.970215,29321300
2009-05-14,11120,11140,11020,11040,7988.200684,30779700
2009-05-15,11160,11240,11060,11100,8031.611816,23443100
2009-05-18,11100,11200,11020,11120,8046.086914,22413200
2009-05-19,11340,11460,11240,11400,8248.682617,27926800
2009-05-20,11460,11540,11400,11520,8335.513672,21177800
2009-05-21,11400,11460,11200,11260,8147.379883,20055900
2009-05-22,11140,11200,11000,11000,7959.258301,25598900
2009-05-25,10920,11080,10400,10900,7886.897949,28436550
2009-05-26,10900,10940,10700,10760,7785.600098,28037250
2009-05-27,10900,11020,10680,10700,7742.187012,31046950
2009-05-28,10800,11180,10720,11180,8089.499023,33025950
2009-05-29,11140,11220,11000,11160,8075.028809,25342100
2009-06-01,11040,11160,10880,11160,8075.028809,20849600
2009-06-02,11320,11380,11100,11120,8046.086914,27876300
2009-06-03,11160,11300,11020,11040,7988.200684,19282250
2009-06-04,11140,11400,10940,11100,8031.611816,29484950
2009-06-05,11280,11400,11100,11380,8234.210938,31006050
2009-06-08,11460,11580,11420,11500,8321.039063,26815150
2009-06-09,11640,11660,11300,11300,8176.32666,25031300
2009-06-10,11340,11780,11280,11740,8494.699219,38127050
2009-06-11,11740,11960,11640,11700,8465.755859,45518350
2009-06-12,11780,11820,11660,11680,8451.285156,17554250
2009-06-15,11680,11720,11420,11580,8378.925781,20025650
2009-06-16,11400,11480,11300,11300,8176.32666,19584700
2009-06-17,11340,11580,11260,11500,8321.039063,17547950
2009-06-18,11500,11580,11260,11300,8176.32666,21151050
2009-06-19,11380,11420,11220,11240,8132.912598,19741650
2009-06-22,11240,11640,11200,11500,8321.039063,24495850
2009-06-23,11420,11600,11340,11500,8321.039063,28982750
2009-06-24,11540,11660,11480,11600,8393.400391,22931200
2009-06-25,11620,11940,11560,11760,8509.170898,31776550
2009-06-26,11920,12020,11800,11920,8624.939453,27645950
2009-06-29,11980,12160,11900,11960,8661.149414,13490700
2009-06-30,12000,12180,11840,11840,8574.24707,20185300
2009-07-01,11880,12120,11800,12060,8733.567383,14641400
2009-07-02,12200,12200,12000,12040,8719.082031,12677100
2009-07-03,11900,12040,11880,12020,8704.600586,11348350
2009-07-06,12200,12820,12180,12680,9182.554688,46675200
2009-07-07,12980,13120,12860,13000,9414.294922,30934250
2009-07-08,12940,13100,12760,13100,9486.709961,26589600
2009-07-09,13100,13240,13000,13000,9414.294922,28213000
2009-07-10,13020,13120,12780,12900,9341.873047,14290050
2009-07-13,12900,12900,12400,12400,8979.782227,20495950
2009-07-14,12640,12840,12480,12680,9182.554688,21014800
2009-07-15,13080,13400,13020,13320,9646.026367,38068700
2009-07-16,13560,13580,13360,13480,9761.893555,22349050
2009-07-17,13480,13660,13280,13400,9703.962891,17033150
2009-07-20,13600,13940,13480,13800,9993.635742,24285750
2009-07-21,13900,13900,13720,13840,10022.59668,19997150
2009-07-22,13800,13820,13560,13760,9964.664063,16247900
2009-07-23,13740,13820,13500,13560,9819.829102,23171400
2009-07-24,13560,13780,13500,13660,9892.25,29495650
2009-07-27,13700,14000,13660,13980,10123.986328,31756300
2009-07-28,13900,14040,13780,14000,10138.469727,19430800
2009-07-29,14000,14100,13900,13940,10095.015625,16666750
2009-07-30,13980,14280,13880,14280,10341.239258,18120700
2009-07-31,14460,14580,14320,14480,10486.076172,30379200
2009-08-03,14640,14640,14260,14300,10355.720703,24572000
2009-08-04,14400,14720,14320,14500,10500.554688,26531750
2009-08-05,14520,14700,14380,14660,10616.422852,21336400
2009-08-06,14460,14600,14280,14300,10355.720703,20482100
2009-08-07,14160,14340,14100,14320,10370.205078,18601650
2009-08-10,14420,14420,14060,14200,10283.304688,17483500
2009-08-11,14220,14240,14060,14100,10210.882813,16843750
2009-08-12,14000,14040,13820,13860,10037.085938,23187150
2009-08-13,14000,14360,13900,14040,10167.436523,31342850
2009-08-14,14200,14620,14200,14620,10587.457031,31875550
2009-08-17,14480,14620,14220,14260,10326.756836,22640300
2009-08-18,14120,14720,14120,14600,10572.97168,25444550
2009-08-19,14600,15000,14480,14760,10688.84082,27582000
2009-08-20,14900,14940,14540,14800,10717.810547,21000450
2009-08-21,14860,15140,14840,15140,10964.026367,27583400
2009-08-24,15400,15700,15400,15660,11340.604492,30714750
2009-08-25,15500,15680,15480,15500,11224.734375,19044250
2009-08-26,15500,15620,15380,15540,11253.702148,14562850
2009-08-27,15300,15480,15140,15340,11108.864258,16354350
2009-08-28,15460,15680,15280,15280,11065.415039,19551050
2009-08-31,15300,15500,15200,15420,11166.799805,21531600
2009-09-01,15600,16000,15340,15980,11572.335938,25367300
2009-09-02,15700,15820,15600,15680,11355.085938,27898950
2009-09-03,15660,15700,15480,15500,11224.734375,16052050
2009-09-04,15620,15660,15220,15340,11108.864258,22808450
2009-09-07,15420,15600,15220,15460,11195.767578,16972400
2009-09-08,15460,15620,15400,15620,11311.632813,13640500
2009-09-09,15640,15760,15500,15620,11311.632813,15959400
2009-09-10,15520,15840,15520,15820,11456.46875,34739400
2009-09-11,15880,15880,15680,15860,11485.438477,15467150
2009-09-14,15920,15920,15200,15280,11065.415039,27969450
2009-09-15,15200,15460,15200,15380,11137.833984,26013000
2009-09-16,15400,16000,15320,15900,11514.404297,35553800
2009-09-17,16120,16200,15920,16200,11731.65625,24735000
2009-09-18,16200,16400,16080,16120,11673.722656,44801250
2009-09-21,16040,16200,15880,15960,11557.853516,16830750
2009-09-22,16000,16580,15960,16500,11948.90918,25779150
2009-09-23,16500,16520,16240,16400,11876.489258,16566700
2009-09-24,16380,16400,15960,16060,11630.275391,24304750
2009-09-25,15860,15920,15660,15900,11514.404297,20494450
2009-09-28,15820,15940,15600,15920,11528.887695,13905100
2009-09-29,15840,16300,15840,16240,11760.62207,20419700
2009-09-30,16140,16500,16120,16300,11804.071289,23985850
2009-10-01,16220,16300,15680,15840,11470.954102,26930050
2009-10-05,15560,15600,14920,14940,10819.195313,47146300
2009-10-06,15100,15220,14900,14900,10790.227539,38409800
2009-10-07,15040,15120,14420,14440,10457.104492,38221850
2009-10-08,14560,14560,14120,14400,10428.138672,52971900
2009-10-09,14580,15100,14520,15100,10935.063477,31334400
2009-10-12,15200,15260,14820,14980,10848.161133,21586100
2009-10-13,15000,15300,14840,15140,10964.026367,18348000
2009-10-14,15380,15460,15280,15380,11137.833984,20841250
2009-10-15,15660,15660,15260,15500,11224.734375,17809550
2009-10-16,15000,15560,14900,14920,10804.708984,23712800
2009-10-19,14760,15100,14460,15020,10877.128906,21675850
2009-10-20,15160,15220,14920,15040,10891.610352,14165400
2009-10-21,15000,15040,14640,14700,10645.391602,25319950
2009-10-22,14640,14760,14460,14520,10515.040039,21589750
2009-10-23,14600,14980,14580,14900,10790.227539,21616400
2009-10-26,14820,15180,14780,15060,10906.091797,15657300
2009-10-27,14980,15040,14800,14840,10746.776367,16264450
2009-10-28,14880,14900,14400,14400,10428.138672,25568050
2009-10-29,14200,14440,14020,14360,10399.171875,32193450
2009-10-30,14660,14800,14440,14460,10471.588867,27823550
2009-11-02,14220,14540,14160,14360,10399.171875,23125050
2009-11-03,14380,14640,14300,14580,10558.490234,19636750
2009-11-04,14540,14720,14400,14660,10616.422852,17170650
2009-11-05,14620,14620,14220,14240,10312.274414,18633900
2009-11-06,14520,14540,14280,14440,10457.104492,15201050
2009-11-09,14540,14640,14440,14480,10486.076172,13426450
2009-11-10,14680,14720,14480,14540,10529.525391,19617400
2009-11-11,14640,14700,14320,14700,10645.391602,15973550
2009-11-12,14740,14860,14400,14400,10428.138672,24682750
2009-11-13,14480,14540,14180,14280,10341.239258,21560950
2009-11-16,14400,14660,14280,14660,10616.422852,20057700
2009-11-17,14760,14820,14520,14560,10544.003906,18009450
2009-11-18,14700,15000,14640,15000,10862.644531,29638400
2009-11-19,15000,15300,15000,15180,10992.99707,22743700
2009-11-20,15020,15220,14920,15100,10935.063477,17162700
2009-11-23,15220,15280,15020,15180,10992.99707,14378850
2009-11-24,15220,15260,14820,14840,10746.776367,17703700
2009-11-25,14840,14980,14800,14980,10848.161133,10610150
2009-11-26,14980,15140,14860,14860,10761.264648,11798250
2009-11-27,14600,14780,14240,14240,10312.274414,23077300
2009-11-30,14460,14640,14380,14400,10428.138672,18751200
2009-12-01,14400,14740,14360,14740,10674.357422,17255950
2009-12-02,14860,15000,14800,14940,10819.195313,16733700
2009-12-03,15040,15200,14940,15180,10992.99707,15982500
2009-12-04,15160,15340,15100,15240,11036.448242,18336750
2009-12-07,15400,15540,15260,15420,11166.799805,16446850
2009-12-08,15420,15520,15340,15440,11181.280273,10088500
2009-12-09,15240,15640,15220,15560,11268.183594,17773300
2009-12-10,15420,15760,15320,15760,11413.020508,44528150
2009-12-11,15800,15940,15660,15700,11369.571289,16265250
2009-12-14,15700,15800,15440,15580,11282.666992,15496050
2009-12-15,15600,15620,15440,15540,11253.702148,12269300
2009-12-16,15600,15720,15500,15600,11297.150391,19952700
2009-12-17,15620,15620,15300,15300,11079.897461,15858250
2009-12-18,15200,15580,15160,15460,11195.767578,20295050
2009-12-21,15460,15540,15340,15420,11166.799805,14575300
2009-12-22,15500,15620,15460,15620,11311.632813,12264950
2009-12-23,15760,15760,15560,15680,11355.085938,12490000
2009-12-24,15700,15880,15640,15800,11441.984375,20309600
2009-12-28,15800,15860,15580,15740,11398.536133,11758250
2009-12-29,15720,15740,15600,15720,11493.584961,6840100
2009-12-30,15760,15980,15740,15980,11683.682617,14736900
2010-01-04,16060,16180,16000,16180,11829.908203,11950800
2010-01-05,16520,16580,16300,16440,12020.010742,27925850
2010-01-06,16580,16820,16520,16820,12297.842773,22948850
2010-01-07,16820,16820,16260,16260,11888.400391,22107950
2010-01-08,16400,16420,16120,16420,12005.387695,14777550
2010-01-11,16420,16460,15940,15940,11654.438477,19896100
2010-01-12,15940,16180,15900,16180,11829.908203,19218050
2010-01-13,16100,16120,15940,15940,11654.438477,13375300
2010-01-14,16120,16620,16000,16540,12093.123047,26551550
2010-01-15,16640,16860,16580,16840,12312.462891,19905600
2010-01-18,16800,16920,16560,16860,12327.089844,13060400
2010-01-19,17000,17000,16440,16460,12034.631836,12041250
2010-01-20,16460,16740,16460,16680,12195.480469,19200850
2010-01-21,16400,17000,16400,17000,12429.446289,16990100
2010-01-22,16800,16900,16360,16500,12063.876953,23460500
2010-01-25,16320,16960,16300,16840,12312.462891,20578400
2010-01-26,16920,16920,16240,16300,11917.649414,18722300
2010-01-27,16300,16340,16000,16000,11698.300781,18516150
2010-01-28,16160,16300,16060,16160,11815.289063,13795800
2010-01-29,16000,16020,15600,15680,11464.34082,22854100
2010-02-01,15680,15700,15300,15540,11361.980469,25037200
2010-02-02,15800,15800,15400,15440,11288.862305,19677150
2010-02-03,15640,15700,15360,15540,11361.980469,16467700
2010-02-04,15500,15660,15440,15520,11347.356445,11971700
2010-02-05,15160,15220,14940,15000,10967.162109,25705750
2010-02-08,14940,15080,14820,14960,10937.916016,21891500
2010-02-09,14960,15220,14840,15220,11128.012695,16834200
2010-02-10,15260,15280,15040,15100,11040.276367,13174200
2010-02-11,15140,15300,15120,15260,11157.258789,13208300
2010-02-12,15340,15340,14900,15000,10967.162109,22879300
2010-02-16,15000,15180,14960,15120,11054.897461,7723550
2010-02-17,15440,15580,15280,15580,11391.225586,13997150
2010-02-18,15580,15620,15440,15500,11332.731445,7251900
2010-02-19,15380,15540,15180,15200,11113.389648,11094000
2010-02-22,15440,15560,15400,15460,11303.488281,11580550
2010-02-23,15480,15480,15120,15340,11215.749023,12568850
2010-02-24,15180,15220,15000,15040,10996.407227,15052500
2010-02-25,15080,15160,14680,14720,10762.439453,19273900
2010-02-26,14800,14960,14660,14880,10879.422852,15576350
2010-03-02,15220,15480,15120,15400,11259.62207,23494700
2010-03-03,15420,15460,15260,15420,11274.242188,9713550
2010-03-04,15420,15440,15120,15220,11128.012695,10205050
2010-03-05,15260,15500,15260,15500,11332.731445,11754700
2010-03-08,15800,15840,15700,15720,11493.584961,19563300
2010-03-09,15740,15740,15540,15720,11493.584961,12211750
2010-03-10,15720,15740,15560,15680,11464.34082,11367600
2010-03-11,15800,15880,15560,15560,11376.601563,19631000
2010-03-12,15560,15680,15420,15560,11376.601563,9997950
2010-03-15,15640,15660,15280,15360,11230.375,11156550
2010-03-16,15360,15400,15160,15300,11186.50293,16548150
2010-03-17,15440,15960,15420,15960,11669.056641,21840650
2010-03-18,15900,16140,15900,15940,11654.438477,15393500
2010-03-19,16020,16140,15960,16080,11756.798828,10711200
2010-03-22,16060,16080,15840,16020,11712.926758,9191800
2010-03-23,16140,16300,16100,16180,11829.908203,9923300
2010-03-24,16300,16500,16260,16380,11976.139648,15926950
2010-03-25,16300,16440,16180,16380,11976.139648,9481650
2010-03-26,16460,16500,16240,16400,11990.759766,10481650
2010-03-29,16200,16500,16200,16360,11961.516602,7756350
2010-03-30,16540,16580,16240,16280,11903.026367,12042400
2010-03-31,16280,16680,16260,16360,11961.516602,21699800
2010-04-01,16520,16900,16480,16900,12356.334961,28068050
2010-04-02,16920,17200,16820,17140,12531.807617,20907050
2010-04-05,17220,17400,17140,17400,12721.907227,15201700
2010-04-06,17480,17500,17220,17380,12707.285156,16494250
2010-04-07,17300,17380,17040,17180,12561.055664,19418550
2010-04-08,17140,17260,17060,17260,12619.544922,13447700
2010-04-09,17280,17320,16960,17120,12517.19043,13757650
2010-04-12,17180,17200,16540,16600,12136.990234,24897000
2010-04-13,16680,16680,16300,16560,12107.746094,20446350
2010-04-14,16700,16940,16660,16900,12356.334961,15369350
2010-04-15,17240,17240,16880,17100,12502.5625,18248400
2010-04-16,17100,17160,16820,16960,12400.203125,11003100
2010-04-19,16740,16800,16520,16540,12093.123047,12357100
2010-04-20,16540,16640,16420,16560,12107.746094,13571500
2010-04-21,16760,17060,16700,17040,12458.695313,13200200
2010-04-22,16980,16980,16660,16820,12297.842773,17161750
2010-04-23,16960,16960,16560,16600,12136.990234,15442000
2010-04-26,16700,16840,16600,16680,12195.480469,13009350
2010-04-27,16620,16760,16540,16700,12210.104492,13040500
2010-04-28,16400,16500,16360,16500,12063.876953,16007500
2010-04-29,16600,16620,16320,16500,12063.876953,11337150
2010-04-30,16560,17040,16540,16980,12414.825195,22710850
2010-05-03,16900,16900,16540,16580,12122.368164,14553900
2010-05-04,16800,16860,16600,16680,12195.480469,9138450
2010-05-06,16340,16380,16200,16280,11903.026367,22570150
2010-05-07,15960,15980,15760,15880,11610.568359,37887000
2010-05-10,16000,16100,15940,16060,11742.175781,16435550
2010-05-11,16240,16240,15820,15820,11566.699219,22498000
2010-05-12,15940,15960,15640,15780,11537.451172,15759500
2010-05-13,15960,16400,15940,16260,11888.400391,15900650
2010-05-14,16120,16240,15980,16200,11844.53418,14674300
2010-05-17,15960,15980,15560,15680,11464.34082,26460950
2010-05-18,15800,15900,15680,15840,11581.321289,18143800
2010-05-19,15700,15700,15380,15460,11303.488281,17987050
2010-05-20,15300,15440,15100,15120,11054.897461,19772500
2010-05-24,14940,15280,14880,15160,11084.144531,17704300
2010-05-25,15000,15120,14720,14820,10835.556641,25489550
2010-05-26,15200,15380,14900,15000,10967.162109,22943950
2010-05-27,14880,15500,14820,15440,11288.862305,22173500
2010-05-28,15740,15740,15340,15560,11376.601563,22448950
2010-05-31,15440,15620,15360,15520,11347.356445,12774650
2010-06-01,15520,15580,15300,15360,11230.375,11382350
2010-06-03,15600,15680,15480,15540,11361.980469,14649400
2010-06-04,15500,15940,15480,15860,11595.946289,12598850
2010-06-07,15580,15740,15540,15740,11508.209961,15161550
2010-06-08,15700,15960,15520,15700,11478.961914,14499800
2010-06-09,15840,15840,15320,15400,11259.62207,17914950
2010-06-10,15540,15600,15420,15460,11303.488281,17769350
2010-06-11,15700,15940,15660,15940,11654.438477,18283050
2010-06-14,15820,16180,15820,16140,11800.662109,12094650
2010-06-15,16200,16200,15960,15960,11669.056641,9528550
2010-06-16,16300,16440,16180,16380,11976.139648,18823500
2010-06-17,16240,16340,16200,16340,11946.894531,11648800
2010-06-18,16500,16500,16240,16440,12020.010742,9579500
2010-06-21,16600,16780,16500,16600,12136.990234,14230700
2010-06-22,16540,16540,16260,16320,11932.271484,14794100
2010-06-23,16220,16220,16000,16100,11771.419922,17489950
2010-06-24,16160,16460,16100,16400,11990.759766,14152200
2010-06-25,16180,16200,16040,16100,11771.419922,16982600
2010-06-28,16100,16160,15920,15920,11639.810547,13026700
2010-06-29,16020,16080,15740,15840,11654.52832,12560000
2010-06-30,15400,15600,15400,15480,11389.654297,26708450
2010-07-01,15580,15600,15200,15320,11271.929688,22206400
2010-07-02,15400,15480,15260,15340,11286.644531,11641100
2010-07-05,15260,15400,15220,15340,11286.644531,9995600
2010-07-06,15240,15500,15100,15500,11404.367188,17879550
2010-07-07,15600,15620,15300,15380,11316.077148,16180150
2010-07-08,15660,15680,15400,15500,11404.367188,14752850
2010-07-09,15580,15920,15460,15920,11713.389648,18605950
2010-07-12,15980,16040,15840,16040,11801.681641,12597450
2010-07-13,15960,16160,15880,15920,11713.389648,15339650
2010-07-14,16260,16560,16260,16480,12125.419922,33184600
2010-07-15,16500,16500,16360,16400,12066.555664,16063950
2010-07-16,16320,16400,16040,16040,11801.681641,16933400
2010-07-19,15720,15980,15720,15900,11698.677734,14586800
2010-07-20,15900,16040,15720,15960,11742.819336,11578400
2010-07-21,16340,16360,16120,16340,12022.413086,16558800
2010-07-22,16240,16340,16020,16160,11889.97168,15439550
2010-07-23,16300,16340,16140,16220,11934.12207,14112800
2010-07-26,16260,16400,16180,16360,12037.126953,10617450
2010-07-27,16480,16600,16420,16580,12198.99707,19088350
2010-07-28,16640,16800,16620,16740,12316.716797,23248200
2010-07-29,16780,16800,16480,16540,12169.567383,14865300
2010-07-30,16440,16540,16200,16200,11919.405273,16399000
2010-08-02,16340,16360,16200,16200,11919.405273,12455050
2010-08-03,16400,16440,16300,16300,11992.983398,13105950
2010-08-04,16340,16360,16120,16120,11860.541992,10616650
2010-08-05,16220,16360,16060,16080,11831.114258,14028550
2010-08-06,16200,16200,15980,16020,11786.964844,12296750
2010-08-09,15980,16040,15960,16040,11801.681641,9138150
2010-08-10,16000,16080,15820,15860,11669.24707,14060850
2010-08-11,15680,15780,15540,15580,11463.231445,17957900
2010-08-12,15360,15540,15300,15320,11271.929688,21360650
2010-08-13,15400,15640,15340,15620,11492.65918,14274900
2010-08-16,15460,15660,15340,15640,11507.376953,10280000
2010-08-17,15540,15660,15420,15640,11507.376953,14476450
2010-08-18,15680,15700,15480,15560,11448.515625,11715900
2010-08-19,15580,15780,15540,15780,11610.383789,12179900
2010-08-20,15600,15720,15540,15680,11536.805664,12330600
2010-08-23,15720,15820,15640,15800,11625.098633,9081550
2010-08-24,15700,15720,15500,15660,11522.095703,11365400
2010-08-25,15520,15560,15440,15440,11360.225586,9263250
2010-08-26,15440,15660,15400,15460,11374.9375,10440100
2010-08-27,15300,15440,15300,15320,11271.929688,12748200
2010-08-30,15500,15560,15440,15520,11419.083008,6984450
2010-08-31,15320,15440,15120,15120,11124.779297,22051950
2010-09-01,15240,15260,15000,15040,11065.917969,19451700
2010-09-02,15200,15240,14980,15180,11168.921875,18271500
2010-09-03,15220,15280,15120,15220,11198.352539,22082500
2010-09-06,15440,15600,15360,15600,11477.943359,19708650
2010-09-07,15660,15800,15500,15760,11595.668945,16036000
2010-09-08,15520,15620,15420,15420,11345.506836,10954600
2010-09-09,15340,15480,15120,15120,11124.779297,30825400
2010-09-10,15200,15440,15140,15320,11271.929688,13989000
2010-09-13,15400,15520,15320,15400,11330.792969,11741050
2010-09-14,15500,15620,15200,15200,11183.636719,18559950
2010-09-15,15260,15340,15020,15140,11139.493164,19441850
2010-09-16,15080,15260,15080,15140,11139.493164,11734100
2010-09-17,15240,15560,15160,15460,11374.9375,22369300
2010-09-20,15480,15600,15400,15600,11477.943359,14807550
2010-09-24,15580,15600,15160,15240,11213.068359,32766800
2010-09-27,15300,15360,15040,15100,11110.0625,25107150
2010-09-28,15100,15120,14900,14900,10962.907227,23315700
2010-09-29,15060,15500,15000,15440,11360.225586,35348050
2010-09-30,15440,15580,15340,15540,11433.799805,16855500
2010-10-01,15440,15560,15380,15540,11433.799805,14805750
2010-10-04,15600,15620,15480,15600,11477.943359,12835350
2010-10-05,15440,15580,15420,15460,11374.9375,14300150
2010-10-06,15560,15880,15520,15860,11669.24707,23555150
2010-10-07,15580,15660,15380,15400,11330.792969,25542150
2010-10-08,15260,15320,15060,15160,11154.208008,27125750
2010-10-11,15240,15260,15060,15060,11080.62793,18784450
2010-10-12,15040,15120,14920,14920,10977.623047,18391350
2010-10-13,15040,15040,14860,14880,10948.193359,20414700
2010-10-14,15060,15060,14840,15000,11036.483398,26710000
2010-10-15,15000,15120,14900,15080,11095.348633,24686150
2010-10-18,15140,15240,14960,15020,11051.200195,13804400
2010-10-19,15000,15020,14820,14820,10904.048828,19450000
2010-10-20,14800,14980,14700,14900,10962.907227,18474100
2010-10-21,14900,15300,14820,15300,11257.212891,28370400
2010-10-22,15460,15540,15340,15540,11433.799805,20425550
2010-10-25,15460,15580,15340,15420,11345.506836,12353450
2010-10-26,15360,15420,15160,15260,11227.783203,15629050
2010-10-27,15160,15300,15020,15060,11080.62793,16732750
2010-10-28,15200,15300,15060,15280,11242.5,14631600
2010-10-29,15280,15300,14900,14900,10962.907227,23060950
2010-11-01,15060,15060,14860,14940,10992.341797,14837800
2010-11-02,14940,14960,14740,14800,10889.332031,16536700
2010-11-03,14800,14980,14780,14800,10889.332031,17874950
2010-11-04,14940,15280,14900,15260,11227.783203,27312500
2010-11-05,15600,15800,15500,15520,11419.083008,35165050
2010-11-08,15700,15760,15520,15560,11448.515625,13961400
2010-11-09,15680,15680,15340,15480,11389.654297,12801650
2010-11-10,15600,15800,15500,15800,11625.098633,21088000
2010-11-11,15860,15980,15340,15340,11286.644531,44525300
2010-11-12,15680,15800,15460,15560,11448.515625,28325650
2010-11-15,15720,16300,15700,16160,11889.97168,35892450
2010-11-16,16280,16400,16000,16220,11934.12207,29475050
2010-11-17,16020,16080,15900,15900,11698.677734,17123100
2010-11-18,15940,16100,15860,15980,11757.536133,13296000
2010-11-19,16160,16380,16000,16360,12037.126953,19355150
2010-11-22,16400,16960,16360,16960,12478.585938,36057400
2010-11-23,17000,17020,16680,16800,12360.867188,18280200
2010-11-24,16520,17040,16500,17020,12522.727539,31792000
2010-11-25,17060,17060,16760,16900,12434.441406,18359500
2010-11-26,16960,16980,16640,16740,12316.716797,15679300
2010-11-29,16700,16920,16620,16720,12302.00293,15401050
2010-11-30,16640,16920,16520,16520,12154.847656,21205500
2010-12-01,16480,16560,16280,16400,12066.555664,18777150
2010-12-02,16560,17180,16500,17180,12640.456055,30608400
2010-12-03,17400,17940,17340,17880,13155.494141,39373850
2010-12-06,17800,17980,17700,17800,13096.629883,16837550
2010-12-07,17740,18420,17700,18020,13258.499023,24906050
2010-12-08,18060,18200,17740,17760,13067.204102,16803250
2010-12-09,17700,18360,17680,18340,13493.942383,29422050
2010-12-10,18300,18380,18140,18380,13523.374023,12757050
2010-12-13,18380,18640,18320,18600,13685.241211,15359300
2010-12-14,18740,18740,18420,18580,13670.526367,22126100
2010-12-15,18500,18500,18200,18320,13479.228516,16449400
2010-12-16,18160,18380,18160,18220,13405.648438,11684200
2010-12-17,18280,18580,18240,18520,13626.382813,17297200
2010-12-20,18340,18640,18280,18640,13714.677734,16911750
2010-12-21,18620,18800,18500,18720,13773.533203,12599300
2010-12-22,18780,19060,18720,18780,13817.681641,16626800
2010-12-23,18720,18760,18500,18720,13773.533203,10985500
2010-12-24,18780,18780,18500,18500,13611.663086,8471650
2010-12-27,18500,18600,18300,18440,13567.520508,10524200
2010-12-28,18560,19000,18520,18760,13802.960938,15650700
2010-12-29,18700,19020,18640,18900,13980.495117,11918900
2010-12-30,18840,19040,18840,18980,14039.676758,9181500
2011-01-03,19100,19320,19000,19160,14172.817383,13241050
2011-01-04,19120,19220,18980,19160,14172.817383,13713100
2011-01-05,19100,19100,18840,18840,13936.114258,16787500
2011-01-06,18840,18980,18460,18600,13758.582031,19360400
2011-01-07,18300,18580,18280,18420,13625.433594,23139800
2011-01-10,18360,18560,18180,18340,13566.257813,18326750
2011-01-11,18340,18440,18160,18260,13507.079102,19550800
2011-01-12,18280,18660,18280,18600,13758.582031,20555800
2011-01-13,18980,18980,18340,18440,13640.229492,28239850
2011-01-14,18560,18680,18300,18660,13802.962891,15382350
2011-01-17,18900,19020,18800,18980,14039.676758,20582100
2011-01-18,19000,19620,18980,19380,14335.556641,29631350
2011-01-19,19580,20000,19320,19940,14749.796875,33343200
2011-01-20,19740,19800,19580,19640,14527.879883,15244400
2011-01-21,19520,19680,19400,19420,14365.144531,16666400
2011-01-24,19360,19660,19320,19420,14365.144531,13609350
2011-01-25,19440,19800,19420,19500,14424.328125,13970550
2011-01-26,19700,19980,19600,19960,14764.586914,13352500
2011-01-27,19900,20040,19820,19880,14705.412109,15367000
2011-01-28,19960,20280,19800,20200,14942.119141,19118950
2011-01-31,20180,20200,19620,19620,14513.083008,21411900
2011-02-01,19640,19900,19580,19660,14542.672852,13468450
2011-02-07,20040,20080,19440,19440,14379.936523,24252200
2011-02-08,19400,19480,19180,19220,14217.203125,30483500
2011-02-09,19460,19460,19020,19200,14202.40625,20984650
2011-02-10,19200,19300,18700,18720,13847.348633,30669300
2011-02-11,18700,18860,18260,18300,13536.671875,26489900
2011-02-14,18560,19100,18500,19060,14098.848633,19565800
2011-02-15,19260,19400,18940,19160,14172.817383,18105800
2011-02-16,19040,19400,18900,18900,13980.495117,15182650
2011-02-17,19060,19260,18860,19080,14113.642578,14348550
2011-02-18,19300,19320,19140,19200,14202.40625,10253850
2011-02-21,19280,19300,18840,18960,14024.87793,13750850
2011-02-22,18780,18960,18680,18760,13876.929688,12181550
2011-02-23,18500,18820,18500,18600,13758.582031,17193000
2011-02-24,18520,18680,18400,18580,13743.787109,18110900
2011-02-25,18560,18660,18460,18520,13699.40625,15181200
2011-02-28,18400,18680,18400,18460,13655.026367,16274800
2011-03-02,18280,18460,18240,18360,13581.053711,16134300
2011-03-03,18380,18540,18320,18460,13655.026367,18074200
2011-03-04,18680,18900,18540,18900,13980.495117,18569150
2011-03-07,18860,18860,18120,18120,13403.522461,31883600
2011-03-08,18220,18240,17880,17980,13299.963867,24905400
2011-03-09,18120,18160,17640,17800,13166.816406,26296300
2011-03-10,17580,17680,17320,17320,12811.754883,41630200
2011-03-11,17220,17520,17200,17240,12752.580078,26884000
2011-03-14,17600,18020,17060,18000,13314.757813,33325000
2011-03-15,18020,18040,17120,17200,12722.990234,36313200
2011-03-16,17700,17900,17440,17720,13107.639648,39939050
2011-03-17,17560,17800,17360,17800,13166.816406,22505200
2011-03-18,17840,17900,17660,17820,13181.612305,19166050
2011-03-21,17820,17980,17680,17800,13166.816406,14473500
2011-03-22,17840,17940,17400,17500,12944.90625,21810300
2011-03-23,17600,17600,17180,17460,12915.3125,25229000
2011-03-24,17600,17760,17480,17600,13018.875,15392550
2011-03-25,17840,18200,17800,18200,13462.699219,31078100
2011-03-28,18300,18440,18180,18320,13551.463867,15890200
2011-03-29,18140,18320,18000,18320,13551.463867,17204100
2011-03-30,18320,18580,18320,18520,13699.40625,20685150
2011-03-31,18720,18720,18420,18640,13788.176758,26376550
2011-04-01,18720,18800,18540,18800,13906.527344,22471700
2011-04-04,18800,18900,18780,18900,13980.495117,16716750
2011-04-05,18960,18960,18700,18900,13980.495117,11922000
2011-04-06,18800,18840,18300,18460,13655.026367,27471850
2011-04-07,18500,18700,18100,18180,13447.902344,21781250
2011-04-08,18220,18280,17900,17960,13285.166992,25983450
2011-04-11,17960,18140,17760,17880,13225.996094,20582800
2011-04-12,17720,17800,17640,17640,13048.458984,15766950
2011-04-13,17740,18020,17600,18020,13329.550781,16627750
2011-04-14,18000,18000,17680,18000,13314.757813,25265700
2011-04-15,17960,17980,17640,17760,13137.231445,22274750
2011-04-18,17820,17840,17320,17340,12826.555664,27418700
2011-04-19,17060,17500,17060,17500,12944.90625,23078650
2011-04-20,17780,18320,17720,18320,13551.463867,32044250
2011-04-21,18600,18740,18360,18560,13728.999023,27071850
2011-04-22,18480,18540,18040,18080,13373.932617,18825450
2011-04-25,18020,18220,17780,17780,13152.019531,14338950
2011-04-26,17980,17980,17600,17940,13270.373047,19174650
2011-04-27,18340,18540,18220,18480,13669.81543,26379400
2011-04-28,18480,18540,17980,18000,13314.757813,20803400
2011-04-29,18020,18160,17600,17860,13211.200195,21415000
2011-05-02,18200,18740,18080,18640,13788.176758,32544850
2011-05-03,18720,18800,18440,18760,13876.929688,25366500
2011-05-04,18600,18680,18000,18300,13536.671875,25769850
2011-05-06,17980,18280,17900,17980,13299.963867,23637450
2011-05-09,18160,18220,17820,17820,13181.612305,13543350
2011-05-11,17780,17900,17640,17840,13196.407227,22363750
2011-05-12,17720,18020,17660,17700,13092.842773,27616100
2011-05-13,17920,18480,17800,18320,13551.463867,33438000
2011-05-16,18340,18380,17960,18020,13329.550781,16123700
2011-05-17,17940,17960,17780,17800,13166.816406,11549950
2011-05-18,17860,17980,17720,17860,13211.200195,16579300
2011-05-19,17820,17960,17600,17600,13018.875,19345200
2011-05-20,17700,17740,17600,17640,13048.458984,11069950
2011-05-23,17540,17700,17440,17460,12915.3125,14056000
2011-05-24,17440,17680,17300,17300,12796.962891,14488500
2011-05-25,17580,17580,17060,17120,12663.818359,16018050
2011-05-26,17360,17600,17300,17580,13004.078125,13968500
2011-05-27,17480,17980,17340,17820,13181.612305,21477600
2011-05-30,17900,17900,17520,17680,13078.050781,10293600
2011-05-31,17800,18280,17720,18040,13344.347656,23887550
2011-06-01,18040,18240,17900,18220,13477.489258,15678500
2011-06-02,17880,17940,17600,17660,13063.253906,16582950
2011-06-03,17800,17800,17540,17700,13092.842773,10067100
2011-06-07,17520,17780,17380,17740,13122.43457,15110100
2011-06-08,17700,17800,17500,17540,12974.489258,12938850
2011-06-09,17540,17580,17300,17300,12796.962891,21511200
2011-06-10,17400,17480,17020,17020,12589.838867,19586600
2011-06-13,16880,17060,16760,17060,12619.433594,15062450
2011-06-14,17020,17460,16960,17260,12767.371094,10642700
2011-06-15,17320,17380,17020,17300,12796.962891,13283100
2011-06-16,17060,17160,16880,16960,12545.459961,11940550
2011-06-17,17020,17040,16060,16380,12116.427734,36058100
2011-06-20,16260,16280,15900,16000,11835.34082,23580500
2011-06-21,16000,16400,15960,16280,12042.458008,18844400
2011-06-22,16480,16660,16440,16520,12219.987305,16530400
2011-06-23,16500,16780,16400,16620,12293.961914,13858400
2011-06-24,16420,17080,16420,17040,12604.635742,23453150
2011-06-27,16940,16940,16560,16700,12353.134766,15207250
2011-06-28,16800,17060,16620,16640,12308.753906,11950100
2011-06-29,16960,16980,16640,16660,12330.958008,10348200
2011-06-30,16660,16700,16420,16520,12227.334961,16408950
2011-07-01,16860,17200,16760,17100,12656.625,22133050
2011-07-04,17400,17660,17380,17560,12997.092773,21439450
2011-07-05,17600,17980,17560,17980,13307.960938,21107200
2011-07-06,17860,17960,17740,17960,13293.155273,11215100
2011-07-07,17960,17960,17580,17600,13026.703125,17861200
2011-07-08,17600,17760,17460,17700,13100.714844,12070450
2011-07-11,17600,17600,17240,17300,12804.657227,15974500
2011-07-12,17200,17220,16920,17000,12582.606445,12397200
2011-07-13,16960,17100,16720,16860,12478.988281,16430600
2011-07-14,16700,16700,16460,16620,12301.353516,20363350
2011-07-15,16600,16800,16420,16640,12316.15625,13621800
2011-07-18,16560,16600,16220,16260,12034.894531,18189050
2011-07-19,16120,16540,16120,16440,12168.124023,14537100
2011-07-20,16800,17080,16780,17020,12597.40918,21079150
2011-07-21,16920,17020,16640,16840,12464.1875,10343550
2011-07-22,17000,17120,16840,17000,12582.606445,12179600
2011-07-25,17000,17000,16680,16940,12538.201172,9496800
2011-07-26,16860,17020,16800,17000,12582.606445,11259900
2011-07-27,16960,16960,16720,16900,12508.59375,10079450
2011-07-28,16560,16800,16520,16740,12390.169922,13623150
2011-07-29,16920,17040,16740,16880,12493.792969,15089150
2011-08-01,17100,17500,17100,17400,12878.671875,19432400
2011-08-02,17060,17180,17000,17040,12612.21582,13486550
2011-08-03,16800,16880,16480,16660,12330.958008,20417200
2011-08-04,16780,16780,16300,16420,12153.322266,17307750
2011-08-05,15840,16100,15780,15780,11679.623047,30392500
2011-08-08,15400,15780,15200,15200,11250.333008,30296350
2011-08-09,15000,15060,13920,14480,10717.422852,49299200
2011-08-10,15200,15200,14400,14400,10658.212891,49244500
2011-08-11,13760,14500,13760,14160,10480.574219,39580150
2011-08-12,14420,14440,14000,14140,10465.768555,33844600
2011-08-16,14700,15000,14520,15000,11102.301758,30042550
2011-08-17,15020,15200,14820,15040,11131.910156,14649850
2011-08-18,14960,14980,14060,14180,10495.375977,35336000
2011-08-19,13760,13940,13440,13600,10066.087891,28970600
2011-08-22,13680,14040,13660,13820,10228.922852,20900650
2011-08-23,14000,14700,13980,14460,10702.617188,24617300
2011-08-24,14480,14700,14000,14160,10480.574219,18508650
2011-08-25,14740,14760,14420,14500,10732.223633,19039800
2011-08-26,14340,14680,14340,14520,10747.03125,10612300
2011-08-29,14840,14840,14480,14660,10850.652344,13001850
2011-08-30,14820,14960,14720,14840,10983.878906,12629600
2011-08-31,14940,14940,14620,14880,11013.483398,14495500
2011-09-01,15180,15760,14880,15420,11413.168945,35833750
2011-09-02,15300,15620,15260,15380,11383.55957,12915400
2011-09-05,15100,15120,14600,14620,10821.046875,13853900
2011-09-06,14520,14720,14200,14540,10761.833008,13213350
2011-09-07,14660,15560,14660,15460,11442.773438,17512500
2011-09-08,15600,16040,15560,15960,11812.848633,28730500
2011-09-09,15700,16240,15540,15600,11546.392578,18082650
2011-09-14,15600,15620,14820,15060,11146.708984,27540950
2011-09-15,15680,15680,15300,15420,11413.168945,21318350
2011-09-16,15880,16220,15840,15960,11812.848633,23811100
2011-09-19,16000,16280,15760,16160,11960.879883,12327650
2011-09-20,16220,16360,15920,16220,12005.291992,13997500
2011-09-21,16380,16560,16020,16260,12034.894531,17063100
2011-09-22,15920,16000,15560,15800,11694.423828,15331100
2011-09-23,15280,15600,15020,15160,11220.726563,21822900
2011-09-26,15200,15740,15180,15500,11472.376953,24018800
2011-09-27,16100,16100,15820,16080,11901.668945,16526300
2011-09-28,16480,16500,15820,16140,11946.078125,24316950
2011-09-29,16080,16960,16080,16740,12390.169922,27675450
2011-09-30,16600,16800,16220,16800,12434.579102,25780600
2011-10-04,16100,16640,15920,16560,12256.942383,32895000
2011-10-05,16480,17000,16340,16840,12464.1875,32102800
2011-10-06,17480,17580,16840,17100,12656.625,29969000
2011-10-07,17300,17620,17000,17200,12730.639648,26509200
2011-10-10,17560,17700,17440,17480,12937.882813,17246250
2011-10-11,17700,17700,17380,17620,13041.506836,22915500
2011-10-12,17440,17980,17400,17960,13293.155273,21528500
2011-10-13,17960,17980,17620,17800,13174.733398,16266150
2011-10-14,17420,17880,17420,17720,13115.521484,10850500
2011-10-17,17800,17900,17620,17800,13174.733398,10675550
2011-10-18,17500,17860,17420,17660,13071.109375,13844300
2011-10-19,17700,17720,17400,17720,13115.521484,10704100
2011-10-20,17720,18400,17660,18140,13426.385742,28436600
2011-10-21,18400,18500,18140,18340,13574.416016,23307000
2011-10-24,18260,18860,18220,18820,13929.69043,18769250
2011-10-25,18720,19020,18700,18900,13988.901367,18208000
2011-10-26,18660,18920,18540,18680,13826.070313,12504750
2011-10-27,18580,18780,18380,18480,13678.035156,17443050
2011-10-28,18560,18920,18540,18900,13988.901367,26884350
2011-10-31,18820,19400,18660,19360,14329.370117,23792400
2011-11-01,19360,19980,19240,19800,14655.041016,30983650
2011-11-02,19400,19560,19320,19420,14373.782227,28454600
2011-11-03,19240,19420,19160,19340,14314.567383,16408700
2011-11-04,19660,20100,19640,20100,14877.083008,26704800
2011-11-07,19920,20000,19720,19860,14699.452148,14018050
2011-11-08,19720,19800,19300,19400,14358.978516,17069900
2011-11-09,19400,19760,19320,19700,14581.022461,19304250
2011-11-10,19340,19460,18700,18700,13840.867188,31006050
2011-11-11,18900,19680,18600,19660,14551.416992,24246750
2011-11-14,19760,20040,19740,19920,14743.858398,14136050
2011-11-15,19720,20000,19600,19920,14743.858398,11737100
2011-11-16,19900,20060,19460,19500,14433.001953,16934350
2011-11-17,19640,19840,19220,19600,14507.009766,12943350
2011-11-18,19420,19540,19240,19260,14255.360352,16310300
2011-11-21,19020,19200,18840,19000,14062.918945,12791900
2011-11-22,19000,19420,18860,19260,14255.360352,12040600
2011-11-23,18960,19200,18700,18700,13840.867188,15335700
2011-11-24,18440,19060,18420,18860,13959.294922,13680750
2011-11-25,18580,19060,18580,18940,14018.507813,11689400
2011-11-28,19180,19640,19160,19560,14477.40625,15724000
2011-11-29,19800,20100,19720,20100,14877.083008,27588450
2011-11-30,20000,20200,19920,20080,14862.283203,19579400
2011-12-01,20700,21600,20580,21480,15898.495117,34717150
2011-12-02,21220,21420,20800,21000,15543.21875,21917950
2011-12-05,21380,21460,21160,21320,15780.076172,14848100
2011-12-06,21140,21400,20820,20880,15454.405273,14528550
2011-12-07,21000,21360,20820,21120,15632.053711,19746900
2011-12-08,21140,21660,20920,21280,15750.463867,25893000
2011-12-09,20980,21480,20740,21060,15587.632813,13804200
2011-12-12,21260,21680,21200,21680,16046.530273,12163550
2011-12-13,21480,21500,21000,21000,15543.21875,13210000
2011-12-14,20680,20900,20500,20800,15395.197266,21064350
2011-12-15,20580,20720,20300,20300,15025.120117,16963000
2011-12-16,20420,20900,20400,20900,15469.206055,12263200
2011-12-19,20900,20900,19680,20140,14906.692383,20485300
2011-12-20,20160,20580,20140,20240,14980.712891,13750300
2011-12-21,20700,21140,20620,21140,15646.84082,20402950
2011-12-22,20900,21060,20820,21040,15572.832031,10634550
2011-12-23,21120,21480,21120,21360,15809.674805,12299050
2011-12-26,21340,21500,21320,21320,15780.076172,6216250
2011-12-27,21360,21600,21060,21460,15883.691406,11133650
2011-12-28,21460,21460,21200,21220,15779.592773,11023850
2011-12-29,21240,21540,21140,21160,15734.970703,10923900
2012-01-02,21400,21600,21300,21600,16062.164063,13151350
2012-01-03,21860,22100,21840,22100,16433.970703,16927750
2012-01-04,22100,22200,21500,21600,16062.164063,17103700
2012-01-05,21460,21580,21100,21100,15690.352539,17298400
2012-01-06,21120,21320,20600,20800,15467.273438,18816250
2012-01-09,20800,20820,20300,20320,15110.332031,19283000
2012-01-10,20420,20720,20420,20520,15259.053711,20414800
2012-01-11,20340,20480,20280,20420,15184.691406,19110150
2012-01-12,20320,20580,20220,20560,15288.803711,18511000
2012-01-13,20560,21000,20520,20920,15556.504883,14630750
2012-01-16,20800,20800,20400,20600,15318.546875,11614950
2012-01-17,20820,20960,20480,20720,15407.782227,17084400
2012-01-18,21020,21040,20440,20600,15318.546875,15359650
2012-01-19,20760,21440,20740,21440,15943.192383,22385800
2012-01-20,21800,22100,21520,22100,16433.970703,25550800
2012-01-25,21840,22500,21840,22280,16567.824219,22751300
2012-01-26,22320,22420,21880,22260,16552.953125,17655150
2012-01-27,22400,22500,22220,22500,16731.423828,12741200
2012-01-30,22580,22600,22180,22300,16582.695313,16354450
2012-01-31,22100,22400,21780,22140,16463.716797,21731350
2012-02-01,22140,22140,21560,21580,16047.285156,22849650
2012-02-02,21720,22080,21360,21600,16062.164063,22402650
2012-02-03,21420,21680,21120,21320,15853.949219,17801400
2012-02-06,21680,21820,21320,21480,15972.929688,15837500
2012-02-07,21540,21920,21460,21860,16255.508789,11921950
2012-02-08,21980,22000,21680,21840,16240.630859,11809400
2012-02-09,21740,21800,21200,21680,16121.65332,24005850
2012-02-10,21680,21680,21220,21240,15794.461914,18579100
2012-02-13,21380,21780,21340,21660,16106.78125,16017250
2012-02-14,21680,21780,21480,21600,16062.164063,12317400
2012-02-15,21960,22760,21840,22700,16880.142578,28522350
2012-02-16,22600,22800,22420,22700,16880.142578,15411800
2012-02-17,23180,23600,23120,23520,17489.914063,17308450
2012-02-20,23560,23880,23320,23500,17475.041016,14814150
2012-02-21,23500,23960,23300,23600,17549.402344,10808250
2012-02-22,23640,24000,23440,23940,17802.222656,11779250
2012-02-23,23460,23580,23020,23200,17251.958984,23259200
2012-02-24,23060,23720,23060,23600,17549.402344,14240300
2012-02-27,23480,23600,23180,23420,17415.546875,8273300
2012-02-28,23920,24000,23620,23700,17623.761719,16648100
2012-02-29,23820,24180,23820,24120,17936.076172,17278300
2012-03-02,24300,24340,23580,23640,17579.146484,18023700
2012-03-05,23800,23820,23320,23480,17460.169922,11175250
2012-03-06,23580,23860,23340,23600,17549.402344,10572850
2012-03-07,23500,23660,23300,23440,17430.417969,11521550
2012-03-08,23600,23720,23300,23600,17549.402344,20270400
2012-03-09,23820,24620,23760,24600,18293.023438,18228800
2012-03-12,24480,24520,24200,24200,17995.576172,11826950
2012-03-13,24000,24580,24000,24420,18159.164063,11985550
2012-03-14,24600,25100,24600,25000,18590.458984,18279650
2012-03-15,25020,25200,24840,25000,18590.458984,14038800
2012-03-16,25200,25340,24760,24760,18412,18070200
2012-03-19,24700,25360,24680,25200,18739.185547,11881850
2012-03-20,25340,25540,25200,25340,18843.296875,11935500
2012-03-21,25200,25200,24840,24840,18471.482422,12913550
2012-03-22,24700,25260,24700,25160,18709.443359,12675450
2012-03-23,24860,25480,24860,25220,18754.064453,10818600
2012-03-26,25360,25500,25220,25500,18962.271484,9237800
2012-03-27,25700,26220,25520,26220,19497.677734,14186350
2012-03-28,26000,26160,25900,26040,19363.835938,9914550
2012-03-29,25980,25980,25600,25600,19036.632813,11670000
2012-03-30,25400,25600,25140,25500,18962.271484,15281700
2012-04-02,25500,25980,25220,25980,19319.212891,12582950
2012-04-03,26400,26780,26040,26700,19854.613281,16507900
2012-04-04,26620,27020,26300,26400,19631.53125,14599350
2012-04-05,26040,26700,25940,26600,19780.261719,12921350
2012-04-06,26540,26680,26260,26640,19810.001953,10289650
2012-04-09,26400,26600,26120,26340,19586.916016,8572600
2012-04-10,26280,26400,26140,26220,19497.677734,11176100
2012-04-12,25660,25980,25360,25460,18932.525391,25240650
2012-04-13,25300,25540,25200,25360,18858.167969,35409200
2012-04-16,25460,25520,25000,25180,18724.316406,15222400
2012-04-17,25020,25280,24820,24980,18575.589844,14552300
2012-04-18,25540,26040,25380,25860,19229.980469,17253750
2012-04-19,25840,26140,25780,26140,19438.193359,13156400
2012-04-20,25880,25940,25560,25640,19066.382813,9900550
2012-04-23,25380,25600,25240,25580,19021.769531,8388400
2012-04-24,25300,25720,25240,25660,19081.255859,13238350
2012-04-25,26080,26300,25860,26100,19408.441406,13821600
2012-04-26,26400,26800,26340,26800,19928.984375,16479500
2012-04-27,27100,27660,27020,27480,20434.636719,15905350
2012-04-30,27900,28180,27540,27800,20672.597656,15757100
2012-05-02,28200,28360,27980,28200,20970.044922,18420750
2012-05-03,28040,28200,27960,28020,20836.201172,10327050
2012-05-04,27500,27960,26980,27200,20226.427734,20484300
2012-05-07,26840,27060,26500,26840,19958.722656,18908450
2012-05-08,26960,27040,26780,26820,19943.847656,12048600
2012-05-09,26700,26960,26480,26620,19795.126953,12661700
2012-05-10,26580,26720,26440,26540,19735.642578,13145000
2012-05-11,26300,26460,26060,26060,19378.701172,13626400
2012-05-14,26100,26540,26080,26280,19542.300781,15092100
2012-05-15,26080,26400,26000,26220,19497.677734,15558100
2012-05-16,25960,26000,24560,24600,18293.023438,38488900
2012-05-17,24600,24860,24020,24460,18188.912109,33041100
2012-05-18,24080,24100,23300,23320,17341.1875,30023750
2012-05-21,23880,24320,23800,24180,17980.697266,23702750
2012-05-22,25100,25100,24540,24800,18441.740234,23830550
2012-05-23,24800,24800,23900,24420,18159.164063,16157100
2012-05-24,24260,24500,23960,24500,18218.662109,15251250
2012-05-25,24660,24920,24460,24500,18218.662109,10164250
2012-05-29,24240,24760,24120,24760,18412,10815350
2012-05-30,24760,24800,24300,24520,18233.53125,12653250
2012-05-31,24260,24260,23840,24220,18010.441406,22106900
2012-06-01,24260,24740,23980,24660,18337.636719,13554450
2012-06-04,23960,24100,23840,23920,17787.359375,18068750
2012-06-05,24020,24180,23860,24060,17891.462891,12848900
2012-06-07,24780,25300,24660,25300,18813.554688,20928350
2012-06-08,25500,25500,24900,24940,18545.847656,9956350
2012-06-11,25440,25500,25320,25360,18858.167969,9906200
2012-06-12,24920,25200,24900,25100,18664.828125,8805200
2012-06-13,25320,25480,25120,25420,18902.787109,9572600
2012-06-14,25380,25420,25120,25220,18754.064453,21995050
2012-06-15,25000,25200,24280,24340,18099.683594,30404200
2012-06-18,24800,25140,24680,24860,18486.361328,17608150
2012-06-19,24900,24940,24440,24880,18501.228516,14839400
2012-06-20,24980,25300,24900,25040,18620.205078,13237700
2012-06-21,24680,24840,24520,24540,18248.392578,12753750
2012-06-22,23780,24040,23600,23640,17579.146484,31294350
2012-06-25,23420,23560,22560,22640,16835.525391,41318100
2012-06-26,22660,22980,22580,22780,16939.632813,25283500
2012-06-27,22800,23540,22600,23340,17356.054688,23542000
2012-06-28,23340,23600,23060,23360,17378.375,10398350
2012-06-29,23340,24020,23060,24020,17869.373047,18604450
2012-07-02,24160,24180,23420,23480,17467.650391,19106750
2012-07-03,23640,23860,23400,23500,17482.529297,15801550
2012-07-04,23640,23940,23560,23820,17720.583984,19158750
2012-07-05,23740,23880,23540,23700,17631.314453,9068550
2012-07-06,23880,23880,23060,23220,17274.224609,21158900
2012-07-09,22700,22760,22520,22520,16753.460938,21282300
2012-07-10,22700,22840,22420,22540,16768.351563,17720700
2012-07-11,22580,22660,22160,22360,16634.443359,18001300
2012-07-12,22420,22520,21820,21820,16232.716797,24858600
2012-07-13,21920,22880,21820,22780,16946.892578,27070750
2012-07-16,22900,23100,22660,23040,17140.318359,15261950
2012-07-17,22960,23560,22720,23360,17378.375,15885300
2012-07-18,23580,23700,22760,23080,17170.076172,14618050
2012-07-19,23600,24040,23440,23900,17780.103516,24847100
2012-07-20,24040,24060,23820,23820,17720.583984,11992100
2012-07-23,23300,23400,23100,23240,17289.105469,12844350
2012-07-24,23300,23500,23180,23400,17408.136719,14598050
2012-07-25,23060,23440,22780,23160,17229.583984,13609850
2012-07-26,23380,23480,23200,23440,17437.892578,13654750
2012-07-27,23900,24660,23820,24660,18345.498047,26686200
2012-07-30,25200,25560,25020,25500,18970.398438,19113350
2012-07-31,25600,26680,25500,26180,19476.279297,33735650
2012-08-01,25840,26300,25660,26000,19342.373047,19039100
2012-08-02,26000,26080,25220,25260,18791.859375,15951250
2012-08-03,24800,25340,24760,24860,18494.285156,15582650
2012-08-06,25700,26100,25640,25960,19312.613281,12289150
2012-08-07,26060,26080,25680,25880,19253.099609,10258400
2012-08-08,26120,26560,26020,26400,19639.951172,19459150
2012-08-09,26420,26960,26360,26800,19937.527344,30612650
2012-08-10,26700,26960,26600,26960,20056.552734,14733250
2012-08-13,26840,26940,26460,26500,19714.337891,9891050
2012-08-14,26520,27000,26520,26900,20011.910156,14396850
2012-08-16,27080,27100,26760,26900,20011.910156,14824150
2012-08-17,26880,26900,25720,25900,19267.978516,27642800
2012-08-20,25400,25660,25100,25660,19089.4375,19944800
2012-08-21,25840,26040,25640,25640,19074.556641,15315200
2012-08-22,25380,25620,25140,25280,18806.736328,16031200
2012-08-23,25220,25740,24980,25740,19148.949219,13857750
2012-08-24,25400,25740,25280,25500,18970.398438,14077200
2012-08-27,23780,24060,23460,23600,17556.923828,63803450
2012-08-28,23720,24180,23600,23900,17780.103516,27767400
2012-08-29,24180,24700,24140,24600,18300.861328,23415550
2012-08-30,24560,24580,24040,24300,18077.675781,16211400
2012-08-31,24220,24680,24140,24660,18345.498047,20301300
2012-09-03,24400,24700,24020,24360,18122.3125,13903800
2012-09-04,24380,24560,24200,24360,18122.3125,9916550
2012-09-05,24100,24240,23780,23780,17690.828125,17381950
2012-09-06,24000,24060,23860,23920,17794.980469,12373750
2012-09-07,24600,25020,24400,25000,18598.433594,25512400
2012-09-10,25200,25280,25000,25000,18598.433594,15883700
2012-09-11,24800,25300,24640,25120,18687.705078,9890800
2012-09-12,25360,25900,25180,25880,19253.099609,18473250
2012-09-13,25980,26100,25620,26020,19357.25,19489950
2012-09-14,26600,26780,26540,26720,19878,24872500
2012-09-17,26720,26720,26240,26300,19565.550781,14896000
2012-09-18,26280,26720,26160,26300,19565.550781,11232300
2012-09-19,26120,26460,25960,26280,19550.673828,12114550
2012-09-20,25860,26100,25680,25740,19148.949219,14199800
2012-09-21,26000,26140,25900,26040,19372.134766,14913400
2012-09-24,26000,26560,25840,26540,19744.099609,13195450
2012-09-25,26200,26680,26200,26540,19744.099609,11348000
2012-09-26,26260,26500,26120,26500,19714.337891,12054550
2012-09-27,26540,26840,26460,26760,19907.765625,14541600
2012-09-28,27180,27200,26780,26920,20026.798828,17906350
2012-10-02,27080,27420,27040,27380,20369.007813,13376250
2012-10-04,27020,27460,26780,27340,20339.244141,19127200
2012-10-05,27740,27800,27040,27400,20383.884766,17828800
2012-10-08,27500,27580,27200,27460,20428.525391,12037600
2012-10-09,27260,27620,27260,27440,20413.644531,8788650
2012-10-10,27060,27200,26500,26500,19714.337891,12976700
2012-10-11,26200,26400,25740,26080,19401.890625,23779850
2012-10-12,26100,26240,25760,25920,19282.857422,14977250
2012-10-15,25920,26240,25740,26000,19342.373047,10334000
2012-10-16,26520,26620,26300,26600,19788.738281,10671300
2012-10-17,26840,26920,26320,26720,19878,8984550
2012-10-18,26720,26820,26560,26740,19892.878906,10498450
2012-10-19,26460,26500,25980,26040,19372.134766,13969950
2012-10-22,25540,26340,25520,26300,19565.550781,11741150
2012-10-23,26380,26440,26040,26260,19535.794922,9253550
2012-10-24,25940,26180,25780,26000,19342.373047,13454500
2012-10-25,25920,26440,25820,26440,19669.699219,11881100
2012-10-26,26120,26240,25740,25740,19148.949219,13793850
2012-10-29,25960,25980,25580,25980,19327.496094,11448050
2012-10-30,25980,26080,25840,25960,19312.613281,6643850
2012-10-31,26120,26240,25980,26200,19491.162109,10604850
2012-11-01,25900,26040,25800,25940,19297.736328,10455600
2012-11-02,26380,26660,26260,26540,19744.099609,18521400
2012-11-05,26560,26980,26400,26820,19952.398438,13062050
2012-11-06,26980,26980,26640,26980,20071.429688,8981800
2012-11-07,26860,27240,26700,27240,20264.853516,9676400
2012-11-08,26960,27140,26820,27000,20086.308594,15326600
2012-11-09,26700,27020,26520,26820,19952.398438,14550300
2012-11-12,26620,26940,26620,26900,20011.910156,6959250
2012-11-13,26940,26980,26520,26980,20071.429688,7325850
2012-11-14,27140,27140,26920,27100,20160.705078,10436000
2012-11-15,26700,26760,26520,26620,19803.613281,9959100
2012-11-16,26440,26520,26020,26140,19446.523438,12172550
2012-11-19,26300,26840,26260,26640,19818.492188,10137500
2012-11-20,27060,27300,26920,27280,20294.621094,13420300
2012-11-21,27520,27940,27440,27680,20592.185547,17780400
2012-11-22,27880,28380,27820,28340,21083.189453,14930950
2012-11-23,28440,28840,28340,28740,21380.755859,12322050
2012-11-26,28840,28860,27980,28080,20889.757813,13749850
2012-11-27,28100,28560,28080,28320,21068.308594,11836200
2012-11-28,28000,28760,27920,28260,21023.666016,14055800
2012-11-29,28040,28440,28040,28280,21038.541016,13073300
2012-11-30,28460,28500,27980,28120,20919.513672,16427600
2012-12-03,28400,28720,28160,28600,21276.615234,10220850
2012-12-04,28640,28680,28400,28600,21276.615234,9504900
2012-12-05,28600,29100,28540,29100,21648.570313,12436400
2012-12-06,29360,29420,28680,29080,21633.701172,14248700
2012-12-07,29000,29960,29000,29600,22020.550781,15882450
2012-12-10,30120,30120,29700,29820,22184.212891,13056100
2012-12-11,29960,29960,29380,29520,21961.027344,12657350
2012-12-12,29460,29920,29460,29800,22169.330078,15244450
2012-12-13,30000,30660,29860,30660,22809.123047,30680500
2012-12-14,30320,30720,30160,30300,22541.300781,13905250
2012-12-17,30020,30480,29940,30060,22362.755859,15511100
2012-12-18,30000,30320,29900,30300,22541.300781,13538450
2012-12-20,30300,30580,29900,30060,22362.755859,20128500
2012-12-21,29860,29920,28800,28840,21455.158203,27576200
2012-12-24,28960,29520,28840,29480,21931.275391,14488550
2012-12-26,29600,30060,29400,29400,21871.761719,14038700
2012-12-27,29400,30000,29400,29920,22372.757813,9143900
2012-12-28,29760,30600,29740,30440,22761.582031,10562750
2013-01-02,30660,31520,30540,31520,23569.158203,11449650
2013-01-03,31640,31680,30860,30860,23075.642578,14227400
2013-01-04,30800,30840,30200,30500,22806.449219,12999800
2013-01-07,30300,30560,30000,30400,22731.673828,12610950
2013-01-08,30260,30340,29960,30000,22432.576172,13822250
2013-01-09,30000,30260,29820,30000,22432.576172,12659950
2013-01-10,30300,30680,30000,30600,22881.226563,14663600
2013-01-11,30960,30960,30140,30660,22926.089844,11913550
2013-01-14,30780,31040,30560,31040,23210.236328,7999950
2013-01-15,31200,31200,30240,30240,22612.035156,10727150
2013-01-16,30280,30520,29660,29840,22312.931641,16221000
2013-01-17,30040,30040,29000,29380,21968.96875,20236700
2013-01-18,29600,29740,29100,29600,22133.478516,12516600
2013-01-21,29280,29500,28960,29080,21744.646484,14519650
2013-01-22,28900,29740,28900,29600,22133.478516,11947400
2013-01-23,30000,30040,29460,29460,22028.783203,9293550
2013-01-24,29360,29380,28820,29060,21729.685547,15999050
2013-01-25,29200,29220,28100,28340,21191.304688,21795250
2013-01-28,27920,28020,27420,27440,20518.326172,30852150
2013-01-29,27800,28360,27600,28180,21071.658203,21616550
2013-01-30,28520,28800,28240,28800,21535.271484,16170100
2013-01-31,28600,28960,28440,28960,21654.910156,16052800
2013-02-01,29200,29200,28440,28820,21550.220703,11576200
2013-02-04,29000,29060,28340,28740,21490.404297,12861900
2013-02-05,28300,28860,28280,28700,21460.501953,11388100
2013-02-06,28800,28860,28540,28540,21340.855469,6897150
2013-02-07,28780,28780,28400,28400,21236.171875,9721100
2013-02-08,28360,29400,28300,29240,21864.285156,13423850
2013-02-12,29680,29680,29180,29360,21954.011719,8419750
2013-02-13,29480,29780,29120,29740,22238.162109,9209050
2013-02-14,29800,29880,29540,29800,22283.019531,7534100
2013-02-15,29800,29960,29540,29960,22402.666016,7599950
2013-02-18,29800,30020,29620,29800,22283.019531,7109950
2013-02-19,29600,29980,29580,29840,22312.931641,6132250
2013-02-20,30040,30900,29940,30900,23105.556641,18039350
2013-02-21,30800,31160,30700,31000,23180.326172,13123650
2013-02-22,30600,30960,30400,30600,22881.226563,13852650
2013-02-25,30980,30980,30600,30600,22881.226563,8897550
2013-02-26,30300,30760,30160,30540,22836.357422,9244750
2013-02-27,31180,31180,30380,30540,22836.357422,8938200
2013-02-28,30600,31080,30600,30880,23090.599609,12784200
2013-03-04,31260,31260,30600,30780,23015.822266,13276850
2013-03-05,31120,31280,30960,31000,23180.326172,9294600
2013-03-06,31440,31500,30940,31200,23329.875,10148650
2013-03-07,30960,31000,30240,30400,22731.673828,13482700
2013-03-08,30300,30340,29780,29980,22417.617188,18941000
2013-03-11,29860,30240,29700,30160,22552.214844,13748250
2013-03-12,30080,30240,29800,29880,22342.845703,8746550
2013-03-13,30120,30580,30020,30540,22836.357422,11303550
2013-03-14,30560,30680,29980,30400,22731.673828,12557800
2013-03-15,30580,30580,29600,29600,22133.478516,36618350
2013-03-18,29200,29200,28680,28900,21610.046875,26439550
2013-03-19,29000,29840,28960,29500,22058.695313,13977100
2013-03-20,29200,29700,29120,29200,21834.375,13515750
2013-03-21,29220,29480,29120,29140,21789.501953,11768550
2013-03-22,29160,29360,29040,29100,21759.597656,10687100
2013-03-25,29600,29900,29400,29900,22357.794922,10272050
2013-03-26,29900,30440,29820,30180,22567.171875,16830000
2013-03-27,30300,30320,29740,30080,22492.394531,12881400
2013-03-28,30060,30200,29940,30200,22582.126953,7989600
2013-03-29,30480,30640,30340,30540,22836.357422,9533700
2013-04-01,30700,30700,30240,30240,22612.035156,5295500
2013-04-02,30200,30640,30200,30500,22806.449219,8574850
2013-04-03,30520,30560,30180,30420,22746.630859,10882700
2013-04-04,30340,30380,29980,30120,22522.298828,10700450
2013-04-05,30100,30320,29860,30100,22507.349609,14977350
2013-04-08,30100,30620,29940,30400,22731.673828,12959500
2013-04-09,30540,30600,30200,30560,22851.3125,9244000
2013-04-10,30800,30800,30260,30420,22746.630859,11779700
2013-04-11,30420,30800,30360,30800,23030.777344,11291500
2013-04-12,30800,31000,30260,30340,22686.808594,10744050
2013-04-15,30060,30700,30060,30460,22776.548828,10767300
2013-04-16,30100,30640,30020,30560,22851.3125,18551850
2013-04-17,31320,31320,30280,30360,22701.767578,10491100
2013-04-18,30400,30440,29620,29660,22178.341797,13358400
2013-04-19,29300,29840,29100,29500,22058.695313,15704000
2013-04-22,29800,30060,29300,30060,22477.439453,9335850
2013-04-23,30000,30060,29480,29660,22178.341797,8864850
2013-04-24,29700,29880,29480,29720,22223.199219,10086550
2013-04-25,29400,29880,29400,29880,22342.845703,10463900
2013-04-26,29900,29940,29440,29720,22223.199219,11651600
2013-04-29,29820,29840,29500,29620,22148.423828,8500150
2013-04-30,29800,30600,29760,30400,22731.673828,18705000
2013-05-02,30520,30640,30340,30560,22851.3125,10048950
2013-05-03,30700,30740,30420,30700,22956.001953,6559050
2013-05-06,30800,30800,30240,30280,22641.945313,8654300
2013-05-07,30160,30160,29820,29860,22327.888672,11434500
2013-05-08,29860,29960,29580,29760,22253.113281,14921950
2013-05-09,29800,30400,29780,30300,22656.896484,10806150
2013-05-10,30280,30280,29520,29520,22073.650391,11794850
2013-05-13,29420,29600,29240,29540,22088.603516,8750100
2013-05-14,29740,30000,29660,30000,22432.576172,9002650
2013-05-15,29700,30000,29680,30000,22432.576172,10594800
2013-05-16,30020,30280,30000,30160,22552.214844,14657550
2013-05-20,30040,30240,29920,29940,22387.707031,12288850
2013-05-21,30200,30200,29700,29840,22312.931641,11600400
2013-05-22,30080,30200,29820,30180,22567.171875,9923100
2013-05-23,29840,30040,29680,29680,22193.291016,11994150
2013-05-24,29740,29880,29440,29720,22223.199219,10190600
2013-05-27,29800,29980,29740,29780,22268.070313,6146400
2013-05-28,29620,29920,29620,29680,22193.291016,11588050
2013-05-29,29680,30460,29660,30240,22612.035156,14760550
2013-05-30,30360,30980,30240,30880,23090.599609,22778000
2013-05-31,30920,31180,30740,30760,23000.863281,18025050
2013-06-03,30720,31180,30560,30640,22911.138672,10309450
2013-06-04,30660,30840,30420,30800,23030.777344,8496600
2013-06-05,30980,31060,30420,30420,22746.630859,13590650
2013-06-07,29500,29700,28480,28540,21340.855469,54290800
2013-06-10,28400,28860,28280,28500,21310.947266,26677700
2013-06-11,28220,28380,27560,27780,20772.564453,34613000
2013-06-12,27560,28060,27240,27700,20712.742188,22887650
2013-06-13,27600,27940,27140,27140,20294,33509850
2013-06-14,27300,27540,27140,27380,20473.460938,17558350
2013-06-17,27400,27560,27300,27320,20428.597656,11758450
2013-06-18,27360,27740,27200,27740,20742.652344,11043050
2013-06-19,27640,27700,27280,27380,20473.460938,10270250
2013-06-20,26860,26960,26520,26580,19875.259766,17817950
2013-06-21,25880,26660,25800,26500,19815.431641,27677800
2013-06-24,27000,27000,26260,26260,19635.978516,15847900
2013-06-25,26020,26360,25760,25940,19396.697266,20774950
2013-06-26,26020,26100,24900,25220,18858.314453,31751200
2013-06-27,25900,26880,25720,26780,20032.751953,25756150
2013-06-28,27000,27000,26580,26840,20077.632813,20961250
2013-07-01,26680,26920,26440,26520,19838.263672,12825950
2013-07-02,26800,27040,26600,26700,19972.90625,10214450
2013-07-03,26680,26780,25900,26020,19464.228516,12822050
2013-07-04,26040,26340,25920,26340,19703.615234,9042650
2013-07-05,25720,26300,25200,25340,18955.5625,30382800
2013-07-08,25000,25160,24180,24520,18342.162109,26480150
2013-07-09,24600,25000,24580,24740,18506.728516,19694950
2013-07-10,24900,25040,24740,24960,18671.304688,17305650
2013-07-11,25020,26240,25020,26240,19628.810547,20788350
2013-07-12,26400,26480,26020,26240,19628.810547,11391300
2013-07-15,26300,26380,25700,26260,19643.771484,9629600
2013-07-16,26360,26420,25800,25960,19419.351563,9300950
2013-07-17,26020,26600,25720,26400,19748.490234,12302300
2013-07-18,26500,26500,25840,25840,19329.589844,15704200
2013-07-19,25760,25900,25280,25460,19045.326172,16271300
2013-07-22,25600,25780,25300,25460,19045.326172,10351150
2013-07-23,25460,26140,25440,26140,19554,11948900
2013-07-24,26140,26340,25900,26300,19673.689453,8772650
2013-07-25,26340,26440,26160,26300,19673.689453,8495650
2013-07-26,26280,26380,25980,26060,19494.160156,13619550
2013-07-29,25820,26000,25580,25660,19194.939453,11821850
2013-07-30,25540,25900,25540,25800,19299.667969,9425350
2013-07-31,25600,25800,25580,25600,19150.052734,12735500
2013-08-01,25700,25760,25480,25600,19150.052734,9058900
2013-08-02,25860,26000,25640,25720,19239.826172,11241350
2013-08-05,25660,25660,25480,25480,19060.291016,8079850
2013-08-06,24900,25440,24900,25080,18761.066406,14493700
2013-08-07,24740,24800,24440,24440,18282.316406,15778100
2013-08-08,24260,24700,24260,24340,18207.515625,17910800
2013-08-09,24580,24820,24400,24600,18402.009766,12080200
2013-08-12,24600,24960,24500,24640,18431.925781,10140600
2013-08-13,24880,25800,24840,25800,19299.667969,20929450
2013-08-14,25780,26000,25700,26000,19449.269531,13005100
2013-08-16,25720,26020,25640,25900,19374.472656,11416600
2013-08-19,25720,25920,25600,25720,19239.826172,6499850
2013-08-20,25920,26100,25380,25380,18985.484375,14230950
2013-08-21,25300,25640,25120,25120,18790.994141,12346050
2013-08-22,25000,25340,24900,25100,18776.03125,11984850
2013-08-23,25600,26000,25420,25900,19374.472656,17203400
2013-08-26,26020,26100,25920,26000,19449.269531,11519650
2013-08-27,26140,26180,25900,26080,19509.121094,9130800
2013-08-28,25680,26200,25680,26180,19583.925781,9492550
2013-08-29,26340,26960,26280,26880,20107.550781,16315000
2013-08-30,27200,27360,27020,27360,20466.625,17135800
2013-09-02,27360,27420,27000,27020,20212.287109,10081600
2013-09-03,27280,27280,26520,26740,20002.830078,11798500
2013-09-04,26600,27080,26420,26800,20047.712891,10920050
2013-09-05,27400,27420,27160,27300,20421.740234,15100100
2013-09-06,27400,27500,27160,27380,20481.580078,11937950
2013-09-09,27420,27500,27260,27460,20541.429688,9291550
2013-09-10,27380,27920,27360,27920,20885.527344,14717650
2013-09-11,27960,28040,27700,28040,20975.296875,13353000
2013-09-12,28100,28480,27900,28200,21094.982422,21805400
2013-09-13,28180,28200,27920,28120,21035.140625,12281500
2013-09-16,28460,28500,28220,28500,21319.392578,11710700
2013-09-17,28400,28400,27620,27720,20735.919922,17181350
2013-09-23,27300,27620,27060,27200,20346.935547,24362900
2013-09-24,26840,27580,26760,27460,20541.429688,15138900
2013-09-25,27340,27480,27020,27280,20406.785156,11176450
2013-09-26,27280,27440,27120,27440,20526.464844,10374700
2013-09-27,27500,27540,27260,27320,20436.701172,11613250
2013-09-30,27320,27640,27200,27340,20451.65625,11650900
2013-10-01,27600,27660,27200,27640,20676.074219,9773150
2013-10-02,27960,28500,27800,28360,21214.666016,17586350
2013-10-04,28760,28840,28280,28360,21214.666016,15753700
2013-10-07,28740,28740,28500,28720,21483.972656,10228250
2013-10-08,28340,28660,28340,28600,21394.207031,10546000
2013-10-10,28420,28640,28420,28600,21394.207031,13819000
2013-10-11,28800,28940,28720,28860,21588.695313,11254150
2013-10-14,28960,28980,28760,28760,21513.890625,7373700
2013-10-15,29000,29140,28900,29140,21798.148438,10023650
2013-10-16,29380,29380,28900,29000,21693.417969,8010600
2013-10-17,29200,29360,29080,29260,21887.914063,9099350
2013-10-18,29440,29500,29260,29440,22022.564453,7852150
2013-10-21,29500,29780,29080,29280,21902.875,7126050
2013-10-22,29200,29200,28680,29100,21768.226563,12353250
2013-10-23,29280,29280,28720,28840,21573.734375,8598450
2013-10-24,28620,28980,28580,28980,21678.457031,8915650
2013-10-25,29000,29040,28660,28980,21678.457031,6735300
2013-10-28,29300,29700,29160,29640,22172.177734,11307700
2013-10-29,29800,29800,29560,29800,22291.855469,10334900
2013-10-30,29700,30000,29680,30000,22441.470703,10588400
2013-10-31,29960,30040,29300,29300,21917.835938,12647050
2013-11-01,29800,30000,29360,30000,22441.470703,11357700
2013-11-04,29840,30040,29780,29980,22426.505859,10887800
2013-11-05,30040,30040,29440,29700,22217.054688,8009300
2013-11-06,29960,29960,28980,29020,21708.380859,12218400
2013-11-07,29020,29080,28500,28740,21498.929688,13006800
2013-11-08,28220,28560,28140,28200,21094.982422,13681350
2013-11-11,28500,28680,28180,28560,21364.28125,8563850
2013-11-12,28800,29320,28720,29120,21783.181641,9784900
2013-11-13,28900,28980,28380,28380,21229.628906,9995200
2013-11-14,29100,29100,28480,28480,21304.433594,10132150
2013-11-15,28680,29240,28640,29240,21872.951172,8339250
2013-11-18,29400,29520,29300,29480,22052.480469,6386800
2013-11-19,29660,29780,29540,29780,22276.900391,8183550
2013-11-20,29460,29740,29280,29400,21992.646484,8178150
2013-11-21,29440,29440,28640,28800,21543.818359,9019800
2013-11-22,28820,29120,28620,29000,21693.417969,8574600
2013-11-25,29020,29440,29020,29300,21917.835938,6615300
2013-11-26,29160,29580,29100,29580,22127.289063,8586250
2013-11-27,29340,29520,29200,29400,21992.646484,9351700
2013-11-28,29600,29880,29580,29880,22351.701172,10644900
2013-11-29,29980,29980,29700,29880,22351.701172,6752200
2013-12-02,30000,30060,29340,29340,21947.757813,7487800
2013-12-03,29280,29560,29140,29220,21857.996094,7798600
2013-12-04,29000,29060,28620,28640,21424.125,10844000
2013-12-05,28660,28920,28440,28800,21543.818359,10479650
2013-12-06,29080,29080,28560,28560,21364.28125,9147450
2013-12-09,28800,29080,28800,29080,21753.269531,6996900
2013-12-10,28820,29020,28620,28800,21543.818359,7755600
2013-12-11,28520,28880,28320,28400,21244.597656,10629150
2013-12-12,27920,28200,27920,28200,21094.982422,14962050
2013-12-13,28200,28220,27800,27800,20795.763672,10053250
2013-12-16,27820,28080,27660,28000,20945.373047,8954400
2013-12-17,28340,28340,27860,27900,20870.574219,7762400
2013-12-18,28100,28200,27880,28020,20960.335938,10899200
2013-12-19,28360,28680,28360,28540,21349.326172,10552400
2013-12-20,28260,28540,28260,28540,21349.326172,8407400
2013-12-23,28740,28760,28580,28660,21439.085938,10639200
2013-12-24,28600,28640,28300,28300,21169.787109,10980350
2013-12-26,28160,28300,28020,28160,21065.060547,12307800
2013-12-27,28200,28220,27900,27920,21092.255859,10510000
2013-12-30,27920,27940,27200,27440,20729.642578,16908100
2014-01-02,26960,27100,26040,26180,19777.767578,31025000
2014-01-03,26000,26220,25740,25920,19581.349609,26496600
2014-01-06,26060,26400,25920,26140,19747.550781,19735800
2014-01-07,26000,26360,25900,26080,19702.228516,19763200
2014-01-08,26000,26080,25740,25820,19505.810547,20474650
2014-01-09,26140,26140,25500,25500,19264.0625,21250950
2014-01-10,25500,25720,25440,25440,19218.736328,18189150
2014-01-13,25660,25940,25460,25900,19566.244141,16449350
2014-01-14,25940,26600,25800,26260,19838.208984,14716650
2014-01-15,26600,26620,25960,25980,19626.675781,11747450
2014-01-16,26000,26200,25860,26020,19656.900391,9752450
2014-01-17,26020,26300,25840,25840,19520.914063,12774250
2014-01-20,26100,26380,25920,26320,19883.533203,8682800
2014-01-21,26300,26540,26220,26480,20004.402344,7562300
2014-01-22,26280,26560,26240,26560,20064.845703,10826500
2014-01-23,26320,26440,25980,25980,19626.675781,10336950
2014-01-24,26000,26360,25820,26140,19747.550781,14001750
2014-01-27,25860,26080,25700,25840,19520.914063,13346300
2014-01-28,25460,25860,25460,25660,19384.931641,11701350
2014-01-29,25600,25760,25540,25600,19339.605469,19181850
2014-02-03,25720,25760,25420,25440,19218.736328,16259200
2014-02-04,25260,25260,24980,24980,18871.228516,16033000
2014-02-05,24900,25100,24680,24740,18689.919922,14926650
2014-02-06,24900,25340,24800,25180,19022.314453,15197450
2014-02-07,25500,25580,25260,25500,19264.0625,9943600
2014-02-10,25420,25620,25240,25540,19294.279297,7799650
2014-02-11,25620,26300,25440,26220,19807.990234,12684000
2014-02-12,26620,26620,26100,26140,19747.550781,10027400
2014-02-13,26000,26400,25800,25960,19611.568359,5838450
2014-02-14,25920,26160,25840,26020,19656.900391,6220750
2014-02-17,25840,26120,25600,25700,19415.148438,9386650
2014-02-18,25700,25980,25640,25900,19566.244141,5910650
2014-02-19,26000,26000,25600,25800,19490.699219,6179750
2014-02-20,25800,25920,25620,25720,19430.261719,9543300
2014-02-21,26660,26660,26000,26600,20095.056641,14346200
2014-02-24,26680,26900,26420,26560,20064.845703,7425050
2014-02-25,26640,26800,26520,26680,20155.492188,8785300
2014-02-26,26740,26860,26500,26840,20276.367188,12918050
2014-02-27,26700,26840,26600,26820,20261.259766,7891350
2014-02-28,26740,26980,26640,26980,20382.130859,14232350
2014-03-03,26720,26800,26420,26500,20019.509766,12104150
2014-03-04,26400,26580,26300,26300,19868.425781,7900150
2014-03-05,26700,26820,26600,26600,20095.056641,7491500
2014-03-06,26580,26580,26200,26520,20034.626953,8616750
2014-03-07,26780,26780,26580,26780,20231.041016,7548650
2014-03-10,26400,26600,26340,26400,19943.970703,8657600
2014-03-11,26400,26540,26180,26440,19974.185547,9079800
2014-03-12,26400,26400,25860,25880,19551.132813,12579250
2014-03-13,25880,26260,25800,25800,19490.699219,11750200
2014-03-14,25400,25700,25400,25500,19264.0625,10836800
2014-03-17,25500,25520,25160,25320,19128.072266,8820000
2014-03-18,25400,25660,25320,25560,19309.390625,11045600
2014-03-19,25600,25700,25360,25380,19173.404297,7638550
2014-03-20,25400,25440,25240,25240,19067.638672,5939400
2014-03-21,25380,25460,25240,25460,19233.841797,8321300
2014-03-24,25200,25480,25180,25460,19233.841797,7073900
2014-03-25,25380,25400,24820,24940,18841,13625000
2014-03-26,25380,25800,24960,25700,19415.148438,17444700
2014-03-27,25800,26660,25700,26660,20140.390625,20877850
2014-03-28,26400,26760,26400,26700,20170.607422,10648700
2014-03-31,26900,26900,26440,26860,20291.474609,13259850
2014-04-01,26900,26900,26620,26780,20231.041016,11081000
2014-04-02,27000,27140,26860,27140,20502.996094,13100050
2014-04-03,27020,27900,27020,27800,21001.603516,19098800
2014-04-04,27540,27940,27540,27600,20850.509766,18400350
2014-04-07,27940,27940,27480,27940,21107.361328,10761750
2014-04-08,27740,27980,27500,27880,21062.037109,10608200
2014-04-09,27880,27900,27280,27420,20714.53125,16061600
2014-04-10,27380,27600,27200,27600,20850.509766,9999200
2014-04-11,27240,27360,27180,27300,20623.875,10659350
2014-04-14,27300,27720,27300,27400,20699.423828,10586000
2014-04-15,27720,27740,27380,27400,20699.423828,10969800
2014-04-16,27400,27840,27260,27600,20850.509766,9308550
2014-04-17,27520,27600,27320,27400,20699.423828,7241650
2014-04-18,27400,27580,27400,27560,20820.296875,9518350
2014-04-21,27580,27720,27500,27600,20850.509766,3299250
2014-04-22,27480,27680,27420,27500,20774.964844,6084300
2014-04-23,27880,27900,27640,27780,20986.486328,9500750
2014-04-24,28180,28180,27980,28140,21258.460938,10546200
2014-04-25,28400,28560,27960,27980,21137.589844,15269800
2014-04-28,28080,28120,27640,27760,20971.392578,9431450
2014-04-29,27780,27900,27020,27200,20548.332031,10909200
2014-04-30,27600,27620,26520,26860,20291.474609,15047300
2014-05-02,27080,27180,26880,26920,20336.804688,14943350
2014-05-07,27000,27120,26800,26880,20306.589844,14189700
2014-05-08,27100,27100,26880,27000,20397.240234,16281900
2014-05-09,27120,27160,26520,26700,20170.607422,13157050
2014-05-12,26720,27900,26640,27760,20971.392578,15944800
2014-05-13,27760,28500,27760,28000,21152.697266,12107400
2014-05-14,28180,28300,28020,28300,21379.330078,11103750
2014-05-15,28280,28380,28060,28200,21303.783203,6806700
2014-05-16,28000,28740,27980,28560,21575.746094,15856500
2014-05-19,28560,29000,28160,28960,21877.927734,19281050
2014-05-20,28900,29080,28700,29020,21923.253906,16007300
2014-05-21,28700,29000,28700,28820,21772.162109,10842500
2014-05-22,28820,28960,28520,28520,21545.529297,9540000
2014-05-23,28100,28560,28100,28560,21575.746094,8511650
2014-05-26,28400,28640,28300,28440,21485.099609,3735600
2014-05-27,28340,28460,28060,28140,21258.460938,4748400
2014-05-28,28380,28700,28180,28660,21651.289063,9200950
2014-05-29,29000,29300,28800,29200,22059.232422,12521500
2014-05-30,29400,29640,28860,28860,21802.382813,15831050
2014-06-02,28860,29160,28780,29100,21983.695313,7439450
2014-06-03,29680,29900,29300,29400,22210.332031,17234250
2014-06-05,29320,29600,29000,29140,22013.908203,13507050
2014-06-09,29400,29460,28040,28180,21288.669922,22269600
2014-06-10,28420,28760,28100,28720,21696.619141,9214100
2014-06-11,28240,28600,28240,28440,21485.099609,8625750
2014-06-12,28600,28600,28020,28260,21349.111328,12943150
2014-06-13,28040,28080,27260,27340,20654.091797,18589050
2014-06-16,27600,27640,27240,27480,20759.861328,15319950
2014-06-17,27200,27560,27020,27480,20759.861328,13476750
2014-06-18,27460,27520,27120,27160,20518.115234,11044350
2014-06-19,26900,26980,26400,26460,19989.292969,22339700
2014-06-20,26600,26600,25920,26020,19656.900391,23902650
2014-06-23,26420,26640,26320,26440,19974.185547,12488250
2014-06-24,26800,27080,26640,26900,20321.691406,11890850
2014-06-25,26600,26660,26360,26400,19943.970703,10231900
2014-06-26,26180,26860,26140,26500,20019.509766,12765300
2014-06-27,26140,26380,26120,26220,19815.462891,8953050
2014-06-30,26200,26480,26180,26440,19981.728516,8881050
2014-07-01,26160,26280,26020,26200,19800.351563,8725400
2014-07-02,26340,26620,26120,26600,20102.638672,11139250
2014-07-03,26720,26720,26320,26360,19921.269531,8543050
2014-07-04,26440,26520,26060,26120,19739.886719,5978850
2014-07-07,25820,26020,25800,25840,19528.285156,9437050
2014-07-08,25880,26380,25740,25900,19573.626953,12073200
2014-07-09,25740,26160,25660,26160,19770.119141,11829900
2014-07-10,26160,26220,26040,26120,19739.886719,8960200
2014-07-11,26000,26040,25640,25680,19407.363281,10779600
2014-07-14,25960,26000,25720,25720,19437.591797,7082150
2014-07-15,26000,26460,25940,26400,19951.492188,11976050
2014-07-16,26260,26460,26220,26420,19966.615234,9114200
2014-07-17,26520,26700,26400,26600,20102.638672,10922700
2014-07-18,26300,26860,26280,26860,20299.134766,9742650
2014-07-21,26980,27200,26860,27060,20450.279297,8059950
2014-07-22,26960,27160,26900,26960,20374.710938,6300950
2014-07-23,27080,27140,26700,26760,20223.5625,6417300
2014-07-24,27000,27160,26620,27100,20480.511719,8051700
2014-07-25,26920,27100,26700,27100,20480.511719,8790150
2014-07-28,27100,27340,26880,27160,20525.853516,8992550
2014-07-29,27100,27760,27060,27720,20949.078125,12809300
2014-07-30,27760,28160,27480,27900,21085.107422,17359450
2014-07-31,27480,27700,26720,26860,20299.134766,24351350
2014-08-01,26100,26560,25840,25840,19528.285156,28231050
2014-08-04,26000,26340,25820,26340,19906.150391,12066750
2014-08-05,26020,26420,26000,26320,19891.044922,8626450
2014-08-06,26120,26320,25900,26000,19649.201172,10830100
2014-08-07,26000,26040,25700,25800,19498.054688,9527250
2014-08-08,25680,25700,24960,25000,18893.470703,20621450
2014-08-11,25500,25640,25140,25400,19195.755859,18619250
2014-08-12,25400,25880,25240,25320,19135.300781,8995700
2014-08-13,25500,25500,24960,25280,19105.066406,12845000
2014-08-14,25480,25640,25080,25220,19059.722656,10447350
2014-08-18,25580,25600,25000,25000,18893.470703,10518950
2014-08-19,25280,25460,25060,25080,18953.923828,10044400
2014-08-20,25280,25420,25020,25220,19059.722656,9430600
2014-08-21,25100,25220,24620,24700,18666.746094,17105400
2014-08-22,24900,24940,24700,24940,18848.119141,8407650
2014-08-25,24620,24620,24420,24560,18560.939453,11577200
2014-08-26,24700,24700,24420,24440,18470.246094,10719450
2014-08-27,24460,24740,24440,24600,18591.167969,12171000
2014-08-28,25160,25160,24720,24840,18772.542969,10311850
2014-08-29,24760,24760,24560,24680,18651.623047,14558250
2014-09-01,24720,24740,24480,24520,18530.703125,5664050
2014-09-02,24420,24500,23880,23880,18047.035156,15899600
2014-09-03,24000,24000,23600,23780,17971.462891,21238750
2014-09-04,24200,24320,24040,24200,18288.876953,12099950
2014-09-05,24300,24320,23900,24020,18152.839844,10770400
2014-09-11,24000,24140,23840,23840,18016.8125,23309200
2014-09-12,24000,24160,24000,24020,18152.839844,10872350
2014-09-15,24140,24160,23920,24000,18137.724609,7161500
2014-09-16,24160,24300,24020,24120,18228.412109,7092400
2014-09-17,24140,24520,24140,24520,18530.703125,7545750
2014-09-18,24600,24600,24080,24200,18288.876953,9476750
2014-09-19,24460,24460,24120,24200,18288.876953,13435050
2014-09-22,24080,24080,23600,23760,17956.345703,16022100
2014-09-23,23560,23700,23220,23220,17548.25,19541400
2014-09-24,23040,23220,22820,23000,17381.988281,15789200
2014-09-25,23240,23320,22940,23120,17472.677734,19414500
2014-09-26,23040,23700,22960,23700,17911,12413550
2014-09-29,23860,24000,23400,23900,18062.154297,9401000
2014-09-30,23700,23760,23300,23680,17895.892578,12379300
2014-10-01,23480,23660,23120,23120,17472.677734,11929800
2014-10-02,23300,23300,22820,22820,17245.953125,12732750
2014-10-06,22900,23120,22760,23020,17397.097656,21252900
2014-10-07,23240,23720,23240,23240,17563.359375,10149150
2014-10-08,22840,23020,22480,22600,17079.689453,14720550
2014-10-10,22000,22280,21980,22100,16701.824219,21837450
2014-10-13,21640,22540,21560,22160,16747.164063,11344750
2014-10-14,22540,22920,22400,22540,17034.345703,16572550
2014-10-15,22560,22900,22400,22500,17004.117188,14143600
2014-10-16,22320,22420,22080,22300,16852.964844,15148300
2014-10-17,22120,22300,21740,21780,16459.984375,16281750
2014-10-20,22300,22340,22020,22120,16716.9375,9476750
2014-10-21,21880,22000,21620,21660,16369.294922,11766050
2014-10-22,21940,22080,21800,22080,16686.701172,11127700
2014-10-23,22260,22260,21800,21880,16535.5625,8505900
2014-10-24,22060,22240,21840,22240,16807.632813,8378450
2014-10-27,22020,22220,21740,21900,16550.675781,8388600
2014-10-28,21800,22000,21720,21820,16490.212891,6243850
2014-10-29,22000,22600,21800,22600,17079.689453,13726100
2014-10-30,22580,23660,22300,23620,17850.542969,24566950
2014-10-31,23960,25000,23700,24880,18802.779297,38623150
2014-11-03,25000,25040,24320,24700,18666.746094,13475800
2014-11-04,24380,24840,24100,24340,18394.681641,13000300
2014-11-05,24300,24500,23880,24040,18167.951172,10162150
2014-11-06,23960,24200,23860,24080,18198.183594,8570150
2014-11-07,24360,24360,23900,24120,18228.412109,6030200
2014-11-10,24520,25380,24440,25360,19165.527344,19202900
2014-11-11,25100,25220,24540,24620,18606.287109,12141400
2014-11-12,24620,24680,24380,24600,18591.167969,9079600
2014-11-13,24560,24640,23980,24000,18137.724609,11547150
2014-11-14,24020,24020,23600,23880,18047.035156,10621750
2014-11-17,23800,24400,23640,24100,18213.298828,9693950
2014-11-18,24400,24540,24300,24400,18440.017578,10754700
2014-11-19,24760,24760,24240,24360,18409.787109,12502750
2014-11-20,24120,24400,24120,24200,18288.876953,10024150
2014-11-21,24380,24520,24340,24460,18485.357422,12336350
2014-11-24,24940,24960,24200,24400,18440.017578,10284300
2014-11-25,24480,24480,23800,23800,17986.580078,17811050
2014-11-26,23800,24220,23640,24020,18152.839844,12287900
2014-11-27,25460,26020,25280,25280,19105.066406,44377800
2014-11-28,25900,25920,25480,25740,19452.710938,9844550
2014-12-01,25880,25960,25740,25900,19573.626953,12866850
2014-12-02,25900,25900,25320,25900,19573.626953,9222700
2014-12-03,26000,26020,25900,25960,19618.970703,9735500
2014-12-04,26040,26060,25960,26000,19649.201172,8871350
2014-12-05,26280,26280,26000,26040,19679.431641,5637800
2014-12-08,26060,26420,26040,26380,19936.380859,7916550
2014-12-09,26380,27140,26380,26980,20389.822266,13553100
2014-12-10,26920,26920,26340,26340,19906.150391,15977800
2014-12-11,26340,26380,25880,26100,19724.777344,20490850
2014-12-12,26060,26080,25480,25720,19437.591797,14397250
2014-12-15,25600,25600,25200,25460,19241.105469,14337950
2014-12-16,25400,25780,25360,25580,19331.796875,12894750
2014-12-17,25580,25660,25060,25320,19135.300781,13088650
2014-12-18,25320,25580,25040,25320,19135.300781,11808250
2014-12-19,25880,26560,25740,26560,20072.414063,18356500
2014-12-22,26900,26940,26360,26900,20329.367188,17943850
2014-12-23,26920,26980,26740,26780,20238.675781,10976350
2014-12-24,26780,26860,26780,26860,20299.134766,6257000
2014-12-26,26860,27100,26860,27040,20435.177734,11488100
2014-12-29,26900,26940,26580,26580,20381.490234,9637450
2014-12-30,26600,26700,26420,26540,20350.822266,10649100
2015-01-02,26800,26800,26540,26600,20396.824219,8774950
2015-01-05,26720,26720,26260,26660,20442.839844,10139500
2015-01-06,26300,26340,25760,25900,19860.070313,15235500
2015-01-07,25880,26220,25640,26140,20044.105469,14322750
2015-01-08,26780,26780,26200,26280,20151.457031,14477600
2015-01-09,26280,26440,26280,26280,20151.457031,9312400
2015-01-12,26260,26380,26020,26320,20182.128906,8325400
2015-01-13,26280,26800,26000,26780,20534.851563,12293400
2015-01-14,26780,27100,26700,26900,20626.871094,14332250
2015-01-15,26900,26980,26580,26680,20458.171875,14103900
2015-01-16,26680,26680,26260,26320,20182.128906,13568500
2015-01-19,26580,26980,26400,26860,20596.195313,6672950
2015-01-20,27000,27440,26900,27440,21040.9375,13278050
2015-01-21,27340,27900,27200,27900,21393.669922,16612650
2015-01-22,27960,27980,27560,27560,21132.958984,17957700
2015-01-23,28000,28000,27540,27720,21255.648438,12858750
2015-01-26,27500,27900,27280,27780,21301.648438,10153500
2015-01-27,27500,28000,27480,28000,21470.353516,9957200
2015-01-28,27720,27800,27480,27560,21132.958984,10831500
2015-01-29,27360,27900,27140,27200,20856.910156,13702250
2015-01-30,27200,27540,27200,27300,20933.587891,16110000
2015-02-02,27300,27540,27120,27360,20979.591797,10521000
2015-02-03,27600,27600,27180,27320,20948.927734,5654400
2015-02-04,27500,27620,27180,27180,20841.574219,9328900
2015-02-05,27180,27380,26920,27160,20826.230469,6770400
2015-02-06,26920,27480,26720,27440,21040.9375,8005050
2015-02-09,27200,27980,27140,27900,21393.669922,8693500
2015-02-10,28000,28000,27540,27560,21132.958984,6519350
2015-02-11,27480,27480,27080,27100,20780.228516,9973800
2015-02-12,26800,27160,26620,26880,20611.537109,10748200
2015-02-13,27200,27220,26900,27220,20872.246094,6522900
2015-02-16,27360,27480,27220,27480,21071.615234,6226500
2015-02-17,27480,27540,27280,27540,21117.615234,5745000
2015-02-23,27560,27800,27320,27340,20964.257813,15301800
2015-02-24,27700,27780,27280,27340,20964.257813,10863250
2015-02-25,27600,27700,27460,27580,21148.291016,8374250
2015-02-26,27580,27600,27360,27500,21086.947266,8179150
2015-02-27,27500,27520,27140,27140,20810.898438,13009400
2015-03-02,27500,28460,27340,28460,21823.076172,21805600
2015-03-03,28700,28740,28120,28360,21746.388672,13748800
2015-03-04,28220,28800,28200,28740,22037.775391,11603100
2015-03-05,28780,28860,28340,28440,21807.738281,9615600
2015-03-06,28280,28980,28120,28840,22114.460938,11733500
2015-03-09,28800,28800,28400,28400,21777.072266,7814600
2015-03-10,28680,28860,28400,28420,21792.400391,10419850
2015-03-11,28380,29580,28360,29480,22605.203125,21108650
2015-03-12,29200,29460,28940,28940,22191.140625,19153200
2015-03-13,29220,29580,29100,29140,22344.5,9413100
2015-03-16,29160,29740,29100,29400,22543.869141,8974550
2015-03-17,29400,30000,29200,29940,22957.941406,13661150
2015-03-18,29920,30120,29720,30060,23049.953125,12464350
2015-03-19,30200,30200,29400,29400,22543.869141,13225800
2015-03-20,29500,29600,29200,29280,22451.851563,12704950
2015-03-23,29240,29480,29160,29340,22497.853516,8122900
2015-03-24,29100,29560,29100,29520,22635.882813,9113150
2015-03-25,29740,29760,29440,29700,22773.904297,9369050
2015-03-26,29000,29120,28420,28420,21792.400391,21005950
2015-03-27,28300,28960,28300,28420,21792.400391,16065800
2015-03-30,28500,28680,28240,28560,21899.75,8955500
2015-03-31,28980,29040,28600,28820,22099.123047,9842650
2015-04-01,28740,28740,28400,28460,21823.076172,7266050
2015-04-02,28680,28800,28460,28680,21991.769531,6903400
2015-04-03,28680,28800,28400,28680,21991.769531,6270150
2015-04-06,28860,29800,28700,29400,22543.869141,10582600
2015-04-07,29560,29700,29240,29240,22421.173828,9526050
2015-04-08,29400,29700,29200,29580,22681.888672,7773400
2015-04-09,29400,29780,29400,29660,22743.232422,9107550
2015-04-10,29600,29880,29560,29800,22850.582031,9960100
2015-04-13,29580,29820,29360,29580,22681.888672,10293300
2015-04-14,29700,29700,29300,29480,22605.203125,9429750
2015-04-15,29200,29400,28540,28920,22175.800781,13551050
2015-04-16,29240,29540,28940,29540,22651.214844,10762350
2015-04-17,29540,29560,28940,29000,22237.144531,10172300
2015-04-20,28920,28960,28460,28600,21930.425781,12394900
2015-04-21,28420,28900,28400,28880,22145.126953,11852650
2015-04-22,28880,29460,28720,29220,22405.839844,12655550
2015-04-23,29400,29400,28800,29020,22252.482422,9245150
2015-04-24,28980,29100,28000,28200,21623.705078,19089900
2015-04-27,28200,28220,27500,27900,21393.669922,16517150
2015-04-28,27800,28000,27180,27320,20948.927734,15697300
2015-04-29,27340,27880,27280,27700,21240.308594,10895650
2015-04-30,27700,28360,27580,28200,21623.705078,18352850
2015-05-04,28140,28460,27940,28000,21470.353516,8283700
2015-05-06,27800,27820,27120,27240,20887.580078,13270500
2015-05-07,27240,27500,27080,27400,21010.271484,10257400
2015-05-08,27320,27400,26760,26760,20519.515625,9488100
2015-05-11,27200,27200,26720,26720,20488.845703,9640450
2015-05-12,26900,27060,26480,26620,20412.166016,10633200
2015-05-13,26980,26980,26520,26660,20442.839844,9877250
2015-05-14,26820,26860,26560,26800,20550.191406,8488500
2015-05-15,27100,27120,26420,26520,20335.492188,8922350
2015-05-18,26700,26700,26180,26400,20243.464844,9626850
2015-05-19,26420,27100,26140,26760,20519.515625,8680900
2015-05-20,26980,27400,26820,27320,20948.927734,10291450
2015-05-21,27420,27440,26880,27040,20734.224609,7210600
2015-05-22,27060,27060,26700,27000,20703.552734,8195800
2015-05-26,27320,27380,26720,27240,20887.580078,10034150
2015-05-27,27200,27320,26260,26280,20151.457031,17265450
2015-05-28,26340,26420,26020,26180,20074.773438,15048150
2015-05-29,26400,26420,25940,26140,20044.105469,17380750
2015-06-01,26000,26020,25760,25820,19798.732422,10921950
2015-06-02,26000,26060,25760,26060,19982.765625,8757550
2015-06-03,26060,26320,25300,25460,19522.681641,11769400
2015-06-04,26300,26820,26100,26740,20504.177734,19411950
2015-06-05,26500,27100,26400,26820,20565.527344,9828150
2015-06-08,26900,26940,26260,26280,20151.457031,10118950
2015-06-09,26000,26200,25360,25640,19660.703125,13735250
2015-06-10,25640,25880,25240,25240,19353.984375,12501700
2015-06-11,25260,25480,25060,25140,19277.306641,15314050
2015-06-12,25560,25740,25280,25540,19584.021484,11741500
2015-06-15,25100,25480,25100,25400,19476.669922,8067800
2015-06-16,25400,25480,24900,25100,19246.632813,12767600
2015-06-17,25000,25320,24800,25080,19231.300781,9452300
2015-06-18,25180,25580,25020,25300,19399.994141,8247600
2015-06-19,25320,25560,25200,25320,19415.326172,7094750
2015-06-22,25820,25920,25520,25620,19645.365234,6370900
2015-06-23,26180,26560,25820,26420,20258.810547,10159000
2015-06-24,26000,26220,25820,26040,19967.423828,10198000
2015-06-25,25800,26060,25380,25380,19461.335938,10695800
2015-06-26,25040,25800,25040,25560,19599.365234,10347500
2015-06-29,25380,25700,25120,25620,19660.748047,11519950
2015-06-30,25520,25700,25320,25360,19461.224609,9870350
2015-07-01,25360,26040,25180,25900,19875.621094,8324900
2015-07-02,25720,26080,25700,25980,19937.017578,8223000
2015-07-03,25740,25880,25340,25360,19461.224609,7130200
2015-07-06,25060,25200,24460,24600,18878.003906,10099950
2015-07-07,24400,25180,24400,24800,19031.482422,12478250
2015-07-08,24800,25020,24640,24780,19016.132813,11780950
2015-07-09,24600,25300,24520,25300,19415.1875,14030500
2015-07-10,25140,25320,24960,25180,19323.101563,9573400
2015-07-13,25000,25440,24900,25320,19430.529297,7672050
2015-07-14,25300,25400,24420,24500,18801.259766,19989700
2015-07-15,24500,24760,24480,24700,18954.748047,8370650
2015-07-16,24460,25740,24460,25640,19676.101563,11173450
2015-07-17,26000,26220,25560,26100,20029.101563,14861650
2015-07-20,25820,26080,25460,25500,19568.667969,6446400
2015-07-21,25500,25540,24940,25260,19384.488281,9702750
2015-07-22,24880,25200,24700,25060,19231.011719,13416150
2015-07-23,24880,25060,24680,24680,18939.392578,10448250
2015-07-24,24540,24760,24480,24580,18862.660156,9829200
2015-07-27,24580,24940,24560,24600,18878.003906,12152000
2015-07-28,24480,25020,24380,24600,18878.003906,13381350
2015-07-29,25000,25500,24620,25260,19384.488281,13734450
2015-07-30,25160,25200,24300,24300,18647.785156,15419600
2015-07-31,24400,24440,23500,23700,18187.347656,19579450
2015-08-03,23680,23680,23320,23500,18033.867188,9844550
2015-08-04,23500,23740,23400,23640,18141.306641,12844350
2015-08-05,23640,23640,23160,23180,17788.300781,12802500
2015-08-06,23100,23120,22300,22300,17112.986328,20199050
2015-08-07,22400,22740,22300,22720,17435.296875,13787100
2015-08-10,22800,22840,22600,22820,17512.037109,5722500
2015-08-11,23020,23580,22960,23140,17757.599609,11664300
2015-08-12,23000,23280,22800,23080,17711.560547,11154000
2015-08-13,23060,23060,22760,22800,17496.689453,7520550
2015-08-14,22800,22800,22800,22800,17496.689453,0
2015-08-17,22800,22820,22080,22080,16944.158203,11360850
2015-08-18,22360,22820,22340,22620,17358.560547,11583600
2015-08-19,23380,23520,22820,23080,17711.560547,20070750
2015-08-20,23260,23420,22600,22780,17481.335938,10805950
2015-08-21,21980,22560,21920,22020,16898.113281,20442550
2015-08-24,21760,22300,20660,21580,16560.460938,22429600
2015-08-25,21580,22140,21340,21580,16560.460938,19625950
2015-08-26,21360,21480,21000,21340,16376.286133,27947600
2015-08-27,21640,21720,21260,21340,16376.286133,24769400
2015-08-28,21720,21720,21460,21620,16591.15625,23111150
2015-08-31,21420,21780,21040,21780,16713.941406,20415450
2015-09-01,21780,21960,21620,21700,16652.546875,12018600
2015-09-02,21380,21900,21300,21800,16729.291016,15634150
2015-09-03,22040,22500,21860,22440,17220.427734,15200350
2015-09-04,22440,22880,22360,22580,17327.855469,12570650
2015-09-07,22580,22580,22100,22240,17066.953125,9590250
2015-09-08,22260,22720,22120,22620,17358.560547,9116500
2015-09-09,22920,22940,22720,22940,17604.130859,12968800
2015-09-10,22600,22780,22360,22680,17404.597656,18128400
2015-09-11,22520,22660,22300,22300,17112.986328,10208350
2015-09-14,22400,22480,22200,22480,17251.121094,8353650
2015-09-15,22280,22560,22260,22460,17235.771484,11647800
2015-09-16,22420,23140,22420,23040,17680.867188,17188150
2015-09-17,23060,23140,22880,23140,17757.599609,13698000
2015-09-18,22900,23840,22700,23800,18264.091797,21813500
2015-09-21,23260,23460,23000,23000,17650.166016,10267950
2015-09-22,22860,23000,22600,22900,17573.427734,12533750
2015-09-23,22880,22880,22500,22620,17358.560547,9882450
2015-09-24,22520,22700,22500,22520,17281.818359,6636050
2015-09-25,22400,22500,22180,22240,17066.953125,10458000
2015-09-30,22000,22680,21800,22680,17404.597656,22946800
2015-10-01,22800,22900,22420,22680,17404.597656,12052050
2015-10-02,22240,22660,22240,22380,17174.382813,13715100
2015-10-05,22380,22620,22300,22300,17112.986328,12096750
2015-10-06,22600,23100,22540,23020,17665.511719,19149350
2015-10-07,23960,25040,23720,25020,19200.3125,39975100
2015-10-08,25000,25580,25000,25400,19491.923828,28533850
2015-10-12,25200,25260,24940,25200,19338.435547,18948700
2015-10-13,25200,25440,24960,25040,19215.660156,9900000
2015-10-14,24960,25200,24740,25080,19246.357422,8752550
2015-10-15,24880,25640,24860,25380,19476.576172,12425150
2015-10-16,25300,25380,25180,25300,19415.1875,7198400
2015-10-19,25140,25300,24980,25120,19277.048828,5853500
2015-10-20,25200,25460,25120,25320,19430.529297,7517350
2015-10-21,25300,25640,25180,25400,19491.923828,6978350
2015-10-22,25600,25900,25380,25600,19645.40625,11533650
2015-10-23,26000,26000,25560,25780,19783.535156,13153550
2015-10-26,25960,25960,25440,25840,19829.578125,7608250
2015-10-27,25640,25980,25620,25960,19921.667969,6612050
2015-10-28,25880,26160,25820,26160,20075.144531,13565150
2015-10-29,26600,27840,26480,26500,20336.060547,31523550
2015-10-30,26900,27800,26820,27440,21057.414063,25469250
2015-11-02,27700,27860,27480,27660,21226.246094,19327300
2015-11-03,27620,27620,27000,27040,20750.462891,15092000
2015-11-04,27040,27220,26520,26600,20412.798828,14053500
2015-11-05,26600,27080,26600,26840,20596.980469,8652100
2015-11-06,26860,26960,26600,26760,20535.585938,8216100
2015-11-09,26760,26880,26420,26880,20627.679688,9283050
2015-11-10,26720,26820,26280,26420,20274.671875,9877550
2015-11-11,26420,26900,26420,26660,20458.845703,7022450
2015-11-12,26660,26680,26340,26340,20213.279297,7870850
2015-11-13,26340,26340,26000,26000,19952.361328,8883850
2015-11-16,25820,25820,25260,25260,19384.488281,13785250
2015-11-17,25500,25800,25400,25400,19491.923828,9309200
2015-11-18,25440,25800,25440,25620,19660.748047,8386750
2015-11-19,25800,25800,25420,25780,19783.535156,9642500
2015-11-20,25780,25920,25560,25700,19722.142578,8436000
2015-11-23,25700,26040,25620,25640,19676.101563,9941000
2015-11-24,25640,26100,25640,25980,19937.017578,7978000
2015-11-25,26000,26200,25980,25980,19937.017578,7131350
2015-11-26,25980,26800,25980,26700,20489.541016,9290000
2015-11-27,26900,26980,26540,26540,20366.759766,8492700
2015-11-30,26500,26500,25680,25680,19706.796875,26700300
2015-12-01,25880,26440,25760,26420,20274.671875,12605650
2015-12-02,26420,26440,25880,26000,19952.361328,11481400
2015-12-03,25900,25940,25720,25800,19798.888672,8334750
2015-12-04,25500,25600,25340,25380,19476.576172,9635550
2015-12-07,25380,25500,25240,25240,19369.142578,9805350
2015-12-08,25240,25440,25240,25240,19369.142578,6916100
2015-12-09,25240,25500,25240,25260,19384.488281,9090600
2015-12-10,25260,25860,25260,25660,19691.453125,15193350
2015-12-11,25660,25900,25440,25680,19706.796875,10336450
2015-12-14,25460,25460,25100,25220,19353.789063,11140050
2015-12-15,25220,25600,25200,25540,19599.359375,8774700
2015-12-16,25560,26200,25560,25980,19937.017578,10398100
2015-12-17,26020,26160,25500,25800,19798.888672,8733850
2015-12-18,25300,25760,25280,25560,19614.712891,8418450
2015-12-21,25560,25700,25220,25600,19645.40625,8023300
2015-12-22,25600,25840,25340,25840,19829.578125,10309600
2015-12-23,25840,25980,25640,25900,19875.621094,10357400
2015-12-24,25900,26000,25700,25700,19722.142578,7807550
2015-12-28,25700,25780,25320,25320,19430.529297,11361500
2015-12-29,25300,25320,24820,25080,19555.291016,11647200
2015-12-30,25200,25440,25080,25200,19648.849609,10197900
2016-01-04,25200,25200,24100,24100,18791.160156,15346950
2016-01-05,24040,24360,23720,24160,18837.949219,10800100
2016-01-06,24160,24160,23360,23500,18323.335938,18337600
2016-01-07,23320,23660,23020,23260,18136.207031,14119400
2016-01-08,23260,23720,23260,23420,18260.957031,12888150
2016-01-11,23120,23320,22920,23040,17964.667969,12063850
2016-01-12,22960,23320,22880,22920,17871.107422,10314150
2016-01-13,23060,23180,22960,22960,17902.291016,7165800
2016-01-14,22620,22840,22620,22760,17746.345703,10451100
2016-01-15,22800,23040,22480,22640,17652.779297,10473200
2016-01-18,21760,22660,21760,22520,17559.216797,16010700
2016-01-19,22560,23420,22560,23420,18260.957031,10362100
2016-01-20,23200,23200,22640,22760,17746.345703,8352600
2016-01-21,22660,23100,22500,22620,17637.1875,9517600
2016-01-22,22900,23360,22900,23360,18214.177734,7376400
2016-01-25,23440,23520,23120,23240,18120.603516,7995650
2016-01-26,23100,23140,22720,22740,17730.748047,7619950
2016-01-27,22520,23500,22520,23500,18323.335938,13811850
2016-01-28,23280,23360,22780,22900,17855.503906,15795600
2016-01-29,22800,23000,22320,23000,17933.478516,21849150
2016-02-01,23040,23260,23020,23260,18136.207031,12998950
2016-02-02,23220,23320,22940,23120,18027.044922,8317400
2016-02-03,23000,23040,22740,22920,17871.107422,8725350
2016-02-04,23000,23220,22960,23120,18027.044922,12397950
2016-02-05,23120,23380,23120,23280,18151.796875,9404700
2016-02-11,22360,22740,22360,22600,17621.589844,15263100
2016-02-12,22600,23020,22440,22600,17621.589844,12811600
2016-02-15,23080,23200,22880,23080,17995.853516,9157300
2016-02-16,23160,23580,23140,23360,18214.177734,9020050
2016-02-17,23580,24020,23380,23700,18479.279297,12303100
2016-02-18,24060,24060,23560,23740,18510.464844,11124050
2016-02-19,23740,23900,23480,23800,18557.253906,8842600
2016-02-22,23800,23840,23320,23500,18323.335938,8744950
2016-02-23,23580,23780,23460,23620,18416.898438,7383700
2016-02-24,23560,23580,23220,23440,18276.554688,7024200
2016-02-25,23440,23740,23440,23580,18385.710938,6681750
2016-02-26,23600,23740,23440,23440,18276.554688,8867200
2016-02-29,23580,23880,23520,23560,18370.119141,14434000
2016-03-02,24000,24140,23920,23940,18666.417969,11818600
2016-03-03,24260,24400,24040,24400,19025.080078,10949550
2016-03-04,24400,24560,24040,24300,18947.109375,10074500
2016-03-07,24400,24620,24300,24460,19071.859375,6568800
2016-03-08,24460,24480,23720,23840,18588.441406,10810100
2016-03-09,23760,23980,23540,23880,18619.626953,9169000
2016-03-10,24160,24720,24020,24500,19103.046875,14177000
2016-03-11,24500,25060,24320,24980,19477.318359,13361250
2016-03-14,25340,25460,24980,25100,19570.880859,10857700
2016-03-15,25100,25280,24920,25060,19539.693359,8640400
2016-03-16,25120,25260,25060,25120,19586.472656,7342800
2016-03-17,25300,25920,25140,25260,19695.636719,12343450
2016-03-18,25560,25560,25260,25460,19851.583984,11265700
2016-03-21,25480,25580,25160,25340,19758.013672,9058500
2016-03-22,25340,25580,25240,25380,19789.201172,10143600
2016-03-23,25380,25580,25240,25580,19945.146484,9870900
2016-03-24,25580,25800,25320,25640,19991.929688,10939750
2016-03-25,25660,25800,25560,25760,20085.492188,7172300
2016-03-28,25760,26000,25760,25880,20179.060547,6060900
2016-03-29,25880,26000,25700,25800,20116.6875,8622700
2016-03-30,26200,26420,26040,26160,20397.376953,13380250
2016-03-31,26120,26280,25960,26240,20459.761719,19130750
2016-04-01,25980,26180,25420,25580,19945.146484,13557800
2016-04-04,25580,26100,25580,26100,20350.599609,9402300
2016-04-05,25980,25980,25200,25200,19648.849609,11815950
2016-04-06,25380,25820,25360,25700,20038.712891,9211700
2016-04-07,26000,26000,25160,25380,19789.201172,12939750
2016-04-08,25380,25380,24800,24920,19430.529297,12593400
2016-04-11,24920,25420,24920,25320,19742.416016,6034650
2016-04-12,25400,25620,25320,25500,19882.769531,6702700
2016-04-14,26000,26040,25780,26000,20272.621094,16766350
2016-04-15,26180,26200,25800,26000,20272.621094,6829950
2016-04-18,25900,26100,25840,25980,20257.035156,6423700
2016-04-19,25880,25920,25660,25760,20085.492188,7238300
2016-04-20,25640,26000,25640,25980,20257.035156,8598600
2016-04-21,26000,26020,25760,25880,20179.060547,7254450
2016-04-22,25880,25880,25540,25600,19960.742188,5741500
2016-04-25,25700,25700,25420,25620,19976.330078,4597850
2016-04-26,25700,26100,25660,25920,20210.25,8345050
2016-04-27,25880,26000,25720,26000,20272.621094,8297300
2016-04-28,26000,26000,25220,25300,19726.826172,14653450
2016-04-29,25200,25340,24840,24900,19414.943359,16253900
2016-05-02,24940,25240,24900,25000,19492.914063,7027600
2016-05-03,25340,25400,25120,25220,19664.443359,7903300
2016-05-04,25440,25800,25240,25800,20116.6875,14702750
2016-05-09,25800,26000,25700,25980,20257.035156,13718100
2016-05-10,25980,26000,25760,25920,20210.25,8559550
2016-05-11,25920,25980,25740,25840,20147.873047,8834400
2016-05-12,25840,25840,25500,25620,19976.330078,7615100
2016-05-13,25620,25620,25020,25060,19539.693359,12284900
2016-05-16,25060,25260,24940,24960,19461.724609,11720150
2016-05-17,24980,25300,24980,25280,19711.226563,9183550
2016-05-18,25280,25420,25100,25360,19773.609375,9169600
2016-05-19,25360,25540,25320,25400,19804.794922,10012450
2016-05-20,25400,25600,25380,25380,19789.201172,7960550
2016-05-23,25380,25720,25380,25720,20054.302734,8112550
2016-05-24,25720,25780,25360,25420,19820.388672,10434600
2016-05-25,25660,25960,25480,25900,20194.652344,11862750
2016-05-26,25980,26060,25900,25920,20210.25,12653650
2016-05-27,26000,26020,25460,25640,19991.929688,13744550
2016-05-30,25940,25940,25480,25600,19960.742188,10315350
2016-05-31,25600,26000,25360,25840,20147.873047,62527700
2016-06-01,25960,26820,25900,26660,20787.236328,23504000
2016-06-02,27000,27440,26920,27300,21286.259766,23806950
2016-06-03,27400,27580,27280,27540,21473.382813,17066200
2016-06-07,27720,28040,27600,27960,21800.873047,23142150
2016-06-08,28380,28380,27780,28120,21925.621094,18808100
2016-06-09,28160,28600,28120,28600,22299.886719,25768750
2016-06-10,28480,28500,28080,28120,21925.621094,14484050
2016-06-13,27920,27920,27240,27420,21379.822266,15248300
2016-06-14,27420,27720,27380,27600,21520.173828,12273050
2016-06-15,27700,28320,27660,28260,22034.785156,15334450
2016-06-16,28260,28340,27900,28180,21972.402344,14621550
2016-06-17,28200,28700,28200,28520,22237.511719,16419700
2016-06-20,28540,28960,28520,28620,22315.478516,13515800
2016-06-21,28640,28980,28520,28960,22580.587891,10020550
2016-06-22,28920,29000,28620,28900,22533.804688,8948250
2016-06-23,28880,28900,28540,28600,22299.886719,11256300
2016-06-24,28900,28900,27200,28000,21832.0625,20552600
2016-06-27,28000,28100,27700,27960,21800.873047,11839000
2016-06-28,27800,28080,27580,27980,21816.472656,10718950
2016-06-29,28160,28240,27820,27920,21785.255859,10527050
2016-06-30,28160,28900,27940,28500,22237.808594,13671700
2016-07-01,28540,29580,28540,29320,22877.638672,14393600
2016-07-04,29280,29480,29020,29320,22877.638672,7995000
2016-07-05,29320,29500,29240,29380,22924.455078,7870350
2016-07-06,28940,29040,28240,28420,22175.388672,16749150
2016-07-07,28420,29000,28320,29000,22627.949219,11495200
2016-07-08,29000,29500,28980,29200,22784.003906,13498150
2016-07-11,29200,30000,29200,29780,23236.566406,14056800
2016-07-12,29980,30100,29200,29280,22846.425781,11024700
2016-07-13,29920,29920,29260,29620,23111.726563,10009900
2016-07-14,29620,30000,29520,30000,23408.224609,12430250
2016-07-15,30000,30440,29720,30360,23689.125,11623150
2016-07-18,30360,30660,30000,30660,23923.203125,11567200
2016-07-19,30560,30800,30440,30660,23923.203125,10122250
2016-07-20,30660,30840,30480,30800,24032.435547,7773150
2016-07-21,30800,30940,30740,30860,24079.255859,8544700
2016-07-22,30120,30560,30120,30320,23657.908203,8585150
2016-07-25,30000,30460,29900,30040,23439.431641,7732500
2016-07-26,30000,30620,29960,30600,23876.384766,7228500
2016-07-27,30240,30580,30240,30540,23829.578125,6335050
2016-07-28,30660,30720,29960,30140,23517.462891,9503700
2016-07-29,30400,31140,30220,30780,24016.837891,14985600
2016-08-01,31380,31600,31200,31360,24469.398438,11515400
2016-08-02,31360,31360,30920,30960,24157.285156,8315800
2016-08-03,30960,30960,30340,30340,23673.521484,7504900
2016-08-04,30380,30660,30340,30340,23673.521484,7009950
2016-08-05,30580,31280,30500,31220,24360.158203,6958850
2016-08-08,31320,31500,31120,31380,24485,11125150
2016-08-09,31480,31580,31140,31340,24453.794922,9023200
2016-08-10,31340,31400,30680,30820,24048.046875,12340350
2016-08-11,30820,31180,30520,31180,24328.949219,10533600
2016-08-12,31180,31400,30880,30900,24110.466797,10474850
2016-08-16,30900,31520,30900,31360,24469.398438,10843100
2016-08-17,31380,31400,31020,31320,24438.185547,7446450
2016-08-18,31340,32880,31320,32800,25592.994141,18327050
2016-08-19,32760,33500,32720,33500,26139.179688,16805150
2016-08-22,33480,33840,33180,33300,25983.128906,12612200
2016-08-23,33300,33880,33140,33740,26326.451172,11545700
2016-08-24,33600,33640,32720,33060,25795.865234,15938550
2016-08-25,32600,33180,32440,32780,25577.382813,14173800
2016-08-26,32120,32460,32060,32240,25156.033203,12058000
2016-08-29,32040,32800,31940,32800,25592.994141,8925750
2016-08-30,32940,33420,32660,32900,25671.017578,7849600
2016-08-31,32820,32820,32220,32400,25280.886719,20532200
2016-09-01,31660,31760,31260,31740,24765.908203,18790150
2016-09-02,31900,32260,31760,31940,24921.957031,8153000
2016-09-05,31800,32300,31700,32120,25062.398438,8383800
2016-09-06,32140,32900,31940,32860,25639.810547,7660150
2016-09-07,32960,33040,32420,32420,25296.486328,9591850
2016-09-08,32460,32780,32280,32780,25577.382813,12070850
2016-09-09,32220,32360,31280,31500,24578.640625,13258400
2016-09-12,29800,30120,29120,29300,22862.029297,26499350
2016-09-13,30160,30980,29900,30540,23829.578125,24717250
2016-09-19,30760,31380,30720,31160,24313.337891,22408150
2016-09-20,31180,31760,31180,31700,24734.683594,12921150
2016-09-21,31900,32020,31520,31840,24843.933594,10509050
2016-09-22,32000,32820,31980,32360,25249.673828,11429950
2016-09-23,31640,31960,31320,31420,24516.216797,18299650
2016-09-26,31420,31920,31280,31360,24469.398438,14524800
2016-09-27,31000,31500,30660,31380,24485,9834400
2016-09-28,31080,31460,31080,31340,24453.794922,8706400
2016-09-29,31460,32380,31440,32000,24968.773438,11397550
2016-09-30,31800,32300,31700,31960,24937.570313,11762700
2016-10-04,32200,32480,32120,32280,25187.248047,13053100
2016-10-05,32020,32520,31940,32380,25265.277344,12470450
2016-10-06,33920,34000,33340,33820,26388.871094,29558150
2016-10-07,34000,34320,33800,34120,26622.958984,26050550
2016-10-10,33000,33780,32560,33600,26217.208984,25293300
2016-10-11,32000,32500,30900,30900,24110.466797,38427150
2016-10-12,29900,30900,29880,30700,23954.421875,39088550
2016-10-13,31000,31620,30900,31140,24297.734375,21864550
2016-10-14,30960,31760,30940,31540,24609.851563,14158950
2016-10-17,31300,32040,30760,31800,24812.714844,12785200
2016-10-18,31440,31900,31440,31780,24797.107422,10384500
2016-10-19,31580,32860,31500,32500,25358.910156,15444550
2016-10-20,32520,33020,32180,32400,25280.886719,10330450
2016-10-21,32120,32260,31760,31780,24797.107422,10477500
2016-10-24,31860,32160,31800,32160,25093.615234,9289950
2016-10-25,32000,32080,31840,31940,24921.957031,9866100
2016-10-26,31940,31980,31240,31340,24453.794922,10534000
2016-10-27,31420,32340,31120,31460,24547.417969,14117000
2016-10-28,31600,32280,31600,32280,25187.248047,10214200
2016-10-31,32320,32780,32220,32780,25577.382813,12067200
2016-11-01,32600,33040,32240,33040,25780.251953,10347400
2016-11-02,32800,33040,32620,32860,25639.810547,10099250
2016-11-03,32600,32800,32120,32320,25218.462891,10341850
2016-11-04,32100,32680,32100,32540,25390.119141,7103850
2016-11-07,32940,33000,32680,32800,25592.994141,7661900
2016-11-08,32980,32980,32700,32880,25655.412109,5417450
2016-11-09,32920,33140,31820,31920,24906.345703,15683600
2016-11-10,32600,33000,32360,32980,25733.441406,11795350
2016-11-11,31700,32360,31700,31960,24937.570313,12836800
2016-11-14,31900,31920,31040,31060,24235.316406,15133300
2016-11-15,31060,31620,30780,30780,24016.837891,13665700
2016-11-16,30800,31280,30800,31160,24313.337891,13308200
2016-11-17,31100,31520,30900,31360,24469.398438,7870550
2016-11-18,31640,31760,31400,31720,24750.300781,9460750
2016-11-21,31300,32120,31300,31860,24859.537109,8180200
2016-11-22,32140,32900,32000,32800,25592.994141,9751100
2016-11-23,33220,33220,32520,32980,25733.441406,12668600
2016-11-24,32980,33040,32660,33000,25749.046875,7757150
2016-11-25,32820,33040,32660,33000,25749.046875,6276900
2016-11-28,33000,33620,32800,33540,26170.392578,13294050
2016-11-29,33800,33960,33380,33540,26170.392578,18081300
2016-11-30,33540,34940,33540,34920,27247.177734,28535200
2016-12-01,34800,35060,34660,34980,27293.988281,15535350
2016-12-02,34480,34760,34140,34540,26950.666016,15352950
2016-12-05,34340,34680,34220,34360,26810.21875,8484600
2016-12-06,34440,35200,34400,34960,27278.392578,14001800
2016-12-07,35040,35480,35040,35440,27652.914063,9603650
2016-12-08,35980,36020,35520,35800,27933.806641,16462550
2016-12-09,35900,35900,35400,35600,27777.759766,10652450
2016-12-12,34660,35360,34660,35040,27340.804688,11414450
2016-12-13,34620,35440,34620,35320,27559.269531,11684450
2016-12-14,35560,35680,35280,35540,27730.947266,7455100
2016-12-15,34820,35500,34820,35180,27450.048828,5773550
2016-12-16,35300,36020,35200,35860,27980.632813,11747700
2016-12-19,35620,36380,35620,35900,28011.845703,5435800
2016-12-20,35920,36400,35840,36240,28277.132813,7615200
2016-12-21,36360,36600,36020,36100,28167.894531,6552100
2016-12-22,36260,36300,35980,36180,28230.3125,6354600
2016-12-23,36020,36080,35600,35640,27808.966797,8334850
2016-12-26,35600,36000,35560,35960,28058.654297,4823600
2016-12-27,35980,36200,35860,35980,28074.275391,4653450
2016-12-28,35840,35980,35600,35760,28335.751953,6662900
2016-12-29,35420,36040,35400,36040,28557.623047,7516450
2017-01-02,35980,36240,35880,36100,28605.164063,4650600
2017-01-03,36280,36620,36020,36480,28906.267578,7357650
2017-01-04,36500,36520,36100,36160,28652.695313,7971750
2017-01-05,36060,36060,35540,35560,28177.273438,10967450
2017-01-06,36180,36440,36040,36200,28684.398438,8880950
2017-01-09,36600,37500,36560,37220,29492.634766,13194900
2017-01-10,37280,37400,37080,37240,29508.486328,9099800
2017-01-11,37520,38560,37420,38280,30332.552734,12018150
2017-01-12,38000,38800,37980,38800,30744.603516,11669150
2017-01-13,38100,38320,37460,37460,29682.804688,15954450
2017-01-16,36860,37820,36320,36660,29048.896484,16611500
2017-01-17,36580,37460,36580,36960,29286.621094,8150700
2017-01-18,37040,37500,36620,36940,29270.755859,8875400
2017-01-19,37720,37920,37020,37480,29698.65625,9418900
2017-01-20,37120,37420,36880,37200,29476.791016,9185000
2017-01-23,37200,38060,37000,38060,30158.238281,8810400
2017-01-24,38120,38580,37880,38160,30237.476563,11048750
2017-01-25,38340,39400,38320,39400,31220.048828,13433850
2017-01-26,39420,40000,39420,39900,31616.232422,15214500
2017-01-31,39900,39900,39460,39460,31267.578125,17992200
2017-02-01,39540,39660,39040,39120,30998.169922,14150400
2017-02-02,39600,39660,39200,39360,31188.337891,15029300
2017-02-03,39400,39500,39180,39460,31267.578125,10386350
2017-02-06,39580,39660,39140,39560,31346.814453,8860700
2017-02-07,39560,39580,38760,38820,30760.457031,14041800
2017-02-08,38740,38780,38200,38400,30427.654297,17092950
2017-02-09,38780,38840,38220,38400,30427.654297,13694150
2017-02-10,38400,38760,38300,38360,30395.949219,11020750
2017-02-13,37740,38060,37720,37960,30079.003906,11102050
2017-02-14,37960,38260,37320,37580,29777.894531,13124150
2017-02-15,37080,37960,37080,37720,29888.832031,14191550
2017-02-16,37800,38360,37780,38020,30126.539063,10226350
2017-02-17,37560,38040,37280,37860,29999.765625,15377450
2017-02-20,38220,38780,38160,38660,30633.671875,7485800
2017-02-21,38540,39560,38420,38940,30855.539063,10562600
2017-02-22,39000,39340,38980,39300,31140.794922,8539450
2017-02-23,39020,39440,39020,39180,31045.712891,10217300
2017-02-24,38960,39100,38060,38220,30285.027344,9296850
2017-02-27,38020,38140,37700,38060,30158.238281,9033700
2017-02-28,38060,38760,37960,38440,30459.351563,15088700
2017-03-02,38420,39860,38420,39720,31473.597656,21249800
2017-03-03,39340,39720,39160,39620,31394.359375,12708700
2017-03-06,39220,40220,39220,40080,31758.861328,12234850
2017-03-07,39800,40320,39800,40200,31853.943359,10553250
2017-03-08,40200,40620,40140,40200,31853.943359,12140950
2017-03-09,40200,40300,40020,40200,31853.943359,14372250
2017-03-10,39960,40420,39860,40180,31838.105469,10227800
2017-03-13,40040,40980,40040,40600,32170.904297,7424100
2017-03-14,40620,41540,40500,41360,32773.113281,11325050
2017-03-15,40800,41440,40800,41400,32804.8125,9587850
2017-03-16,41800,42180,41540,41840,33153.464844,9933150
2017-03-17,41800,42500,41720,42400,33597.191406,12602300
2017-03-20,42000,42120,41740,41900,33201.007813,10250050
2017-03-21,41780,42680,41760,42560,33723.980469,14220150
2017-03-22,41600,42460,41580,42460,33644.746094,16427250
2017-03-23,42200,42360,41700,41800,33121.773438,15397100
2017-03-24,41600,41980,41080,41500,32884.054688,12808150
2017-03-27,41200,41880,41180,41200,32646.339844,12177650
2017-03-28,41560,41840,41380,41480,32868.199219,8216250
2017-03-29,41740,41960,41580,41780,33105.921875,10093250
2017-03-30,41880,42440,41880,41980,33376.234375,8204000
2017-03-31,41820,42020,41200,41200,32756.101563,10500300
2017-04-03,41400,41720,41300,41440,32946.914063,9579400
2017-04-04,41600,42180,41520,42080,33455.742188,12255500
2017-04-05,41900,42240,41700,42140,33503.441406,10699700
2017-04-06,42000,42080,41600,41840,33264.929688,9683400
2017-04-07,41800,41820,41160,41600,33074.117188,10021000
2017-04-10,41940,41940,41500,41940,33344.433594,7141350
2017-04-11,41940,41940,41580,41600,33074.117188,7172900
2017-04-12,41860,41940,41700,41900,33312.640625,8274900
2017-04-13,41660,42460,41660,42420,33726.066406,9040800
2017-04-14,42160,42260,41760,42020,33408.03125,5462850
2017-04-17,42000,42080,41520,41560,33042.320313,5224750
2017-04-18,41680,41820,41280,41500,32994.621094,6860650
2017-04-19,41300,41420,40900,40900,32517.583984,11762900
2017-04-20,40580,40800,40080,40280,32024.654297,21148850
2017-04-21,40480,41400,40480,40760,32406.273438,15130500
2017-04-24,41260,41260,40920,41240,32787.890625,8990150
2017-04-25,41460,42740,41320,42700,33948.675781,19299600
2017-04-26,42700,42800,42520,42800,34028.179688,14794800
2017-04-27,42700,44520,41960,43840,34855.03125,23032250
2017-04-28,45780,45800,44520,44620,35475.175781,22685700
2017-05-02,45500,45500,44760,44900,35697.777344,14068300
2017-05-04,45700,45700,44860,45520,36190.710938,13690100
2017-05-08,45520,47020,45340,47020,37383.296875,19582550
2017-05-10,46160,47220,45600,45600,36254.320313,23410950
2017-05-11,45420,46180,45220,45500,36174.820313,21277850
2017-05-12,45760,46160,45660,45820,36429.230469,9422900
2017-05-15,45620,46280,45620,46100,36651.855469,8001400
2017-05-16,46660,46800,46100,46380,36874.457031,8803750
2017-05-17,46120,46640,46100,46340,36842.660156,7424450
2017-05-18,45740,46000,45540,45940,36524.644531,11160350
2017-05-19,45640,45780,44720,44720,35554.667969,15762350
2017-05-22,45040,45380,44760,45100,35856.800781,17643550
2017-05-23,45400,45580,44900,44920,35713.691406,12607050
2017-05-24,44860,45300,44800,44880,35681.875,8675400
2017-05-25,45160,45680,44800,45680,36317.917969,13044800
2017-05-26,45600,46460,45540,46080,36635.945313,13613650
2017-05-29,46220,46400,45380,45620,36270.214844,8739550
2017-05-30,45520,45660,44480,44640,35491.066406,12433600
2017-05-31,44580,45020,44400,44700,35538.773438,18669100
2017-06-01,44860,44900,44400,44680,35522.882813,9753500
2017-06-02,45060,45960,45000,45960,36540.535156,12488750
2017-06-05,46040,46360,45720,45940,36524.644531,7599400
2017-06-07,46500,46500,45240,45300,36015.816406,13729400
2017-06-08,45000,45580,45000,45160,35904.515625,13978750
2017-06-09,45680,46440,45600,46100,36651.855469,11732850
2017-06-12,45420,45600,45140,45380,36079.402344,10954300
2017-06-13,45140,45620,45140,45400,36095.308594,8624900
2017-06-14,45800,46060,45240,45360,36063.503906,10166700
2017-06-15,45680,45920,45180,45680,36317.917969,9657000
2017-06-16,45500,45940,45460,45580,36238.429688,17403450
2017-06-19,45580,46560,45560,46560,37017.574219,11303900
2017-06-20,47240,48140,47220,48140,38273.75,15045000
2017-06-21,47740,48120,47480,47480,37749.015625,9973650
2017-06-22,47960,48080,47720,47960,38130.640625,11455800
2017-06-23,47600,47780,47420,47620,37860.324219,9515100
2017-06-26,47520,48360,47520,48280,38385.074219,8552800
2017-06-27,48220,48400,47900,48300,38400.953125,9616750
2017-06-28,47600,48000,47560,47700,37923.9375,9572500
2017-06-29,48040,48320,47940,47940,38226.9375,8306550
2017-06-30,47500,47620,47100,47540,37907.972656,11877550
2017-07-03,47500,47780,47120,47220,37652.816406,6805550
2017-07-04,47160,47400,46900,47000,37477.390625,7961000
2017-07-05,46820,47680,46780,47580,37939.875,10640250
2017-07-06,48000,48100,47720,48060,38322.613281,10923050
2017-07-07,47740,48120,47620,47860,38163.140625,8131900
2017-07-10,48500,48900,48320,48660,38801.058594,10792750
2017-07-11,48640,49000,48280,49000,39072.167969,9717800
2017-07-12,49000,50000,48840,49880,39773.882813,9486150
2017-07-13,50080,50940,50040,50560,40316.09375,16034150
2017-07-14,51000,51080,50420,50480,40252.304688,8239000
2017-07-17,50900,51020,50520,50640,40379.882813,8976100
2017-07-18,50420,50880,50360,50840,40539.367188,7084450
2017-07-19,50620,50820,50000,50740,40459.625,11157500
2017-07-20,50760,51320,50560,51200,40826.433594,8367600
2017-07-21,50860,51160,50520,51080,40730.738281,8449050
2017-07-24,50700,51000,50620,50860,40555.3125,7099750
2017-07-25,50500,50760,49940,50000,39869.5625,10810600
2017-07-26,49600,50020,49300,49840,39741.984375,11224800
2017-07-27,50000,50640,49560,49800,39710.082031,11449500
2017-07-28,49800,49800,47380,47760,38083.402344,26168300
2017-07-31,47420,48240,46920,48200,38434.261719,12701400
2017-08-01,48000,48840,47540,48600,38753.226563,11369500
2017-08-02,49200,49340,48600,49000,39072.167969,7777450
2017-08-03,49000,49000,47120,47780,38099.351563,15540800
2017-08-04,48160,48180,47500,47700,38035.5625,8359200
2017-08-07,47500,48080,47440,47580,37939.875,7218250
2017-08-08,47980,48260,47480,47720,38051.511719,7979600
2017-08-09,47400,47400,46240,46280,36903.269531,14555400
2017-08-10,46200,46320,45460,45900,36600.261719,22986150
2017-08-11,45120,45300,44220,44620,35579.609375,25407300
2017-08-14,45120,45400,44720,45000,35882.609375,19185600
2017-08-16,46220,46380,46000,46200,36839.472656,21913650
2017-08-17,46960,47300,46740,47040,37509.285156,12415850
2017-08-18,46760,47240,46240,46900,37397.648438,10477950
2017-08-21,47240,47240,46580,46840,37349.792969,5103450
2017-08-22,46820,47160,46700,47000,37477.390625,7381750
2017-08-23,47780,47780,47180,47480,37860.132813,9384700
2017-08-24,47520,47660,47340,47520,37892.027344,8657450
2017-08-25,47880,47880,46720,47020,37493.332031,11243550
2017-08-28,47020,47240,45960,46100,36759.734375,9962100
2017-08-29,45640,46080,45160,46080,36743.789063,12623650
2017-08-30,46380,46400,45960,46200,36839.472656,7513000
2017-08-31,46220,46640,46000,46320,36935.164063,11011700
2017-09-01,46460,46640,46300,46480,37062.75,10641700
2017-09-04,45780,46360,45500,46040,36711.890625,7943500
2017-09-05,46240,46900,45960,46760,37286.007813,11716100
2017-09-06,46760,47180,46700,47000,37477.390625,10811050
2017-09-07,47000,48220,47000,48120,38370.460938,9676500
2017-09-08,48700,49180,48580,49080,39135.957031,10893000
2017-09-11,49700,50180,49500,49800,39710.082031,10374750
2017-09-12,50200,50220,49140,49600,39550.601563,12029750
2017-09-13,49820,50400,49440,49620,39566.550781,9357000
2017-09-14,50060,50320,49760,50300,40108.773438,14204750
2017-09-15,50300,50560,49860,50400,40188.511719,10757300
2017-09-18,50540,52480,50520,52480,41847.085938,11524950
2017-09-19,52500,52640,51780,52120,41560.027344,9850400
2017-09-20,52120,52500,51840,52220,41639.765625,9292750
2017-09-21,52220,52960,52220,52800,42102.28125,8839800
2017-09-25,53000,53680,53000,53620,42756.117188,9303100
2017-09-26,53620,53620,53620,53620,42756.117188,0
2017-09-27,52000,52200,51500,51680,41209.179688,10797000
2017-09-28,52260,52460,51260,51260,40985.3125,12025450
2017-09-29,51180,51620,50840,51280,41001.289063,12909400
2017-10-10,53360,53640,52800,52800,42216.625,20519800
2017-10-11,53600,54760,53340,54640,43687.816406,13652150
2017-10-12,54840,55160,54100,54800,43815.742188,13890700
2017-10-13,54540,54840,53780,54000,43176.082031,12601650
2017-10-16,53980,54860,53760,53920,43112.125,9769950
2017-10-17,54020,55380,54000,54800,43815.742188,10607800
2017-10-18,54820,55240,54040,54760,43783.75,10110750
2017-10-19,54700,54700,52980,52980,42360.542969,12108700
2017-10-20,52800,54100,52800,53840,43048.15625,8027050
2017-10-23,54600,54640,54000,54300,43415.953125,8311050
2017-10-24,54700,54780,54040,54040,43208.070313,5806050
2017-10-25,54040,54420,53700,53900,43096.128906,5882850
2017-10-26,53720,53900,52400,52400,41896.789063,9776550
2017-10-27,52400,53320,52140,53080,42440.5,7392500
2017-10-30,53780,54320,53700,54040,43208.070313,8196150
2017-10-31,54060,55440,53500,55080,44039.625,13381550
2017-11-01,57500,57500,56180,57220,45750.660156,14510250
2017-11-02,57500,57520,56760,57060,45622.734375,10721050
2017-11-03,57060,57140,55860,56380,45079.03125,9935800
2017-11-06,56380,56500,55340,56380,45079.03125,9000950
2017-11-07,56380,56920,55860,56100,44855.160156,7464550
2017-11-08,56100,57060,55860,56760,45382.878906,8520200
2017-11-09,56920,56920,55900,56340,45047.0625,11994050
2017-11-10,55800,56540,55780,56400,45095.023438,6748800
2017-11-13,56400,56800,56100,56380,45079.03125,8806650
2017-11-14,56380,56740,55920,55920,44711.246094,6725000
2017-11-15,55920,56320,55320,55340,44247.5,8816950
2017-11-16,55440,56000,55400,55780,44599.300781,7640700
2017-11-17,56400,56880,55820,55820,44631.285156,10733150
2017-11-20,55900,55980,55200,55200,44135.558594,9472750
2017-11-21,55400,55840,55280,55280,44199.523438,10324700
2017-11-22,55980,56200,55620,55960,44743.226563,7952950
2017-11-23,55960,55980,55020,55300,44215.519531,6272900
2017-11-24,55300,55500,55180,55460,44343.4375,4536200
2017-11-27,55360,55360,52640,52640,42088.691406,18128900
2017-11-28,52700,53280,51720,53280,42600.40625,13499400
2017-11-29,53200,53240,52500,52600,42056.710938,9590250
2017-11-30,50800,51860,50200,50800,40617.503906,29634150
2017-12-01,50800,51780,50800,50840,40649.5,12868600
2017-12-04,50840,51340,50020,51340,41049.265625,14865050
2017-12-05,50600,51300,50280,51260,40985.3125,9326550
2017-12-06,51260,51560,50020,50020,39993.855469,10889200
2017-12-07,50040,50980,50020,50740,40569.539063,11065600
2017-12-08,51360,52000,51040,52000,41576.976563,11290450
2017-12-11,52000,52040,51500,51780,41401.074219,8125850
2017-12-12,51820,52100,51660,52100,41656.933594,8765050
2017-12-13,52100,52100,51100,51320,41033.277344,11333700
2017-12-14,51320,52280,51060,51060,40825.398438,20310400
2017-12-15,51240,51480,50520,50620,40473.585938,14928550
2017-12-18,50620,51240,50620,51200,40937.335938,7350250
2017-12-19,51540,52080,51520,51560,41225.175781,11978600
2017-12-21,51000,51060,49100,49140,39290.242188,15624300
2017-12-22,49400,49960,49240,49700,39738,11199650
2017-12-26,49760,50100,48200,48200,38538.652344,16039850
2017-12-27,48960,49560,48460,49360,39821.398438,10743600
2017-12-28,49560,50960,49500,50960,41112.199219,8985450
2018-01-02,51380,51400,50780,51020,41160.617188,8474250
2018-01-03,52540,52560,51420,51620,41644.660156,10013500
2018-01-04,52120,52180,50640,51080,41209.015625,11695450
2018-01-05,51300,52120,51200,52120,42048.03125,9481150
2018-01-08,52400,52520,51500,52020,41967.367188,8383650
2018-01-09,51460,51720,49980,50400,40660.417969,18013600
2018-01-10,50500,50520,48640,48840,39401.890625,18566800
2018-01-11,48200,49260,48020,48240,38917.835938,25123800
2018-01-12,48240,48480,46760,48200,38885.558594,27270450
2018-01-15,48800,48980,47920,48540,39159.859375,10096000
2018-01-16,48760,50140,48620,50000,40337.714844,20389650
2018-01-17,50020,50020,49060,49620,40031.15625,11053050
2018-01-18,50020,50640,49820,49900,40257.046875,14848850
2018-01-19,50380,50380,49040,49320,39789.125,9219950
2018-01-22,48640,48680,47960,48240,38917.835938,12520900
2018-01-23,48660,49160,48300,49160,39660.050781,13532700
2018-01-24,48860,49700,48560,49340,39805.265625,9550500
2018-01-25,49220,50360,49160,50260,40547.46875,11160350
2018-01-26,50500,50780,49840,50780,40966.992188,10350100
2018-01-29,51200,51480,50900,51220,41321.972656,11838800
2018-01-30,50440,50640,49780,49800,40176.367188,12284550
2018-01-31,50020,54140,49600,49900,40257.046875,64681300
2018-02-01,50620,50960,49720,49820,40192.503906,27609450
2018-02-02,49380,49400,47700,47700,38482.1875,29260350
2018-02-05,46500,48320,46000,47920,38659.671875,28357900
2018-02-06,46600,47920,46580,47420,38256.296875,19406450
2018-02-07,48240,48260,45800,45800,36949.363281,23448050
2018-02-08,46120,46620,45980,46000,37110.695313,23251050
2018-02-09,44440,45180,44420,44700,36061.925781,17465000
2018-02-12,45100,46320,45040,45720,36884.804688,15754950
2018-02-13,46200,48060,46200,47540,38353.101563,18923250
2018-02-14,48080,49100,47940,49000,39530.957031,18905900
2018-02-19,49800,49800,47860,48380,39030.78125,15353450
2018-02-20,48040,48160,47220,47400,38240.164063,10122600
2018-02-21,47280,47580,46840,47280,38143.347656,12880200
2018-02-22,47260,47260,46760,46760,37723.835938,8869950
2018-02-23,46760,47800,46760,47220,38094.933594,12423300
2018-02-26,47280,47560,47080,47380,38224.023438,9560650
2018-02-27,48360,48380,47380,47380,38224.023438,9830550
2018-02-28,47380,48100,47000,47060,37965.863281,15162350
2018-03-02,46580,46800,46000,46020,37126.832031,13265500
2018-03-05,45820,46160,45080,45200,36465.289063,14100950
2018-03-06,45920,47100,45820,47020,37933.578125,15423350
2018-03-07,48200,48900,47220,48620,39224.394531,21427050
2018-03-08,49200,49480,48080,49200,39692.324219,19463650
2018-03-09,49440,50540,49240,49740,40127.96875,14304400
2018-03-12,50560,50780,49580,49740,40127.96875,8688950
2018-03-13,50760,51660,50360,51660,41676.933594,20098700
2018-03-14,51020,52000,51000,51760,41757.617188,12713250
2018-03-15,52000,52020,51020,51540,41580.113281,8882450
2018-03-16,51220,51420,50240,51140,41257.410156,12184900
2018-03-19,50620,51340,50440,50740,40934.722656,8218850
2018-03-20,50700,51200,50100,51200,41305.832031,8193250
2018-03-21,51780,51780,51060,51060,41192.886719,8905200
2018-03-22,51060,51780,51040,51780,41773.738281,8454100
2018-03-23,50340,50720,49600,49720,40111.835938,14854950
2018-03-26,49420,50280,49040,50280,40563.613281,10057750
2018-03-27,50320,50460,49080,49980,40321.574219,11874000
2018-03-28,49100,49100,48340,48700,39288.945313,15159450
2018-03-29,48700,49560,48320,49040,39852.933594,10067000
2018-03-30,49080,49900,49080,49220,39999.199219,7777100
2018-04-02,49000,49220,48500,48540,39446.589844,7115650
2018-04-03,47880,48140,47280,48120,39105.269531,12768250
2018-04-04,48160,48260,46920,46920,38130.082031,12384200
2018-04-05,47400,49380,47340,48740,39609.128906,13245600
2018-04-06,48000,48580,47400,48400,39332.828125,12532700
2018-04-09,48260,49440,48200,49200,39982.960938,9950400
2018-04-10,48540,49220,48040,48880,39722.898438,10984350
2018-04-11,49900,49900,48600,48860,39706.644531,10051100
2018-04-12,49440,49440,48880,49000,39820.414063,12466250
2018-04-13,49600,50180,49400,49800,40470.546875,10278300
2018-04-16,50320,50600,49860,50340,40909.375,7877450
2018-04-17,50240,50540,49820,49980,40616.820313,7772000
2018-04-18,51000,51360,50580,51360,41738.300781,13462600
2018-04-19,52000,52980,51540,52780,42892.273438,17190550
2018-04-20,51800,52260,51420,51620,41949.59375,11761000
2018-04-23,51000,52080,51000,51900,42177.125,11619000
2018-04-24,51840,51860,50080,50460,41006.910156,15770300
2018-04-25,49220,50500,49220,50400,40958.144531,16614600
2018-04-26,50420,52160,50400,52140,42372.179688,18046550
2018-04-27,53380,53640,52440,53000,43071.066406,30310800
2018-04-30,53000,53000,53000,53000,43071.066406,0
2018-05-02,53000,53000,53000,53000,43071.066406,0
2018-05-03,53000,53000,53000,53000,43071.066406,0
2018-05-04,53000,53900,51800,51900,42177.125,39565391
2018-05-08,52600,53200,51900,52600,42746,23104720
2018-05-09,52600,52800,50900,50900,41364.464844,16128305
2018-05-10,51700,51700,50600,51600,41933.339844,13905263
2018-05-11,52000,52200,51200,51300,41689.539063,10314997
2018-05-14,51000,51100,49900,50100,40714.347656,14909272
2018-05-15,50200,50400,49100,49200,39982.960938,18709146
2018-05-16,49200,50200,49150,49850,40511.179688,15918683
2018-05-17,50300,50500,49400,49400,40145.484375,10365440
2018-05-18,49900,49900,49350,49500,40226.75,6706570
2018-05-21,49650,50200,49100,50000,40633.074219,9020998
2018-05-23,50600,52000,50400,51800,42095.875,17095490
2018-05-24,52000,52000,51100,51400,41770.8125,8289275
2018-05-25,51000,52800,50800,52700,42827.261719,15207266
2018-05-28,52500,53000,52000,52300,42502.207031,9787820
2018-05-29,52200,52500,51300,51300,41689.539063,8480437
2018-05-30,51300,51500,49100,49500,40226.75,20498098
2018-05-31,50400,50800,49850,50700,41201.949219,63491109
2018-06-01,50500,51700,49950,51300,41689.539063,13038499
2018-06-04,50800,51200,50700,51100,41527.007813,9767171
2018-06-05,51100,51400,50400,51300,41689.539063,9144100
2018-06-07,51800,51800,50500,50600,41120.671875,13590016
2018-06-08,50200,50400,49600,49650,40348.648438,16951706
2018-06-11,49750,50300,49350,49900,40551.820313,10571312
2018-06-12,49700,49800,49250,49400,40145.484375,12110569
2018-06-14,49000,49000,48200,48200,39170.285156,20971729
2018-06-15,48500,48700,47650,47650,38723.320313,17080892
2018-06-18,47600,47650,46200,46600,37870.027344,16661870
2018-06-19,47200,47350,46500,47000,38195.078125,15217971
2018-06-20,47450,47600,46850,47000,38195.078125,12959316
2018-06-21,47900,47900,47050,47050,38235.722656,10015541
2018-06-22,47000,47250,46200,47250,38398.269531,10298006
2018-06-25,47050,47050,46150,46650,37910.675781,10587711
2018-06-26,45900,47300,45900,47000,38195.078125,11223166
2018-06-27,47450,48500,47000,47950,38967.132813,15274752
2018-06-28,46850,47150,46600,46800,38315.433594,12784800
2018-06-29,46250,47150,46200,46650,38192.636719,14099635
2018-07-02,46500,47150,45500,45550,37292.054688,13112253
2018-07-03,45750,46450,45750,46150,37783.285156,10959655
2018-07-04,46700,47050,46050,46250,37865.152344,8776763
2018-07-05,46100,46550,45600,45950,37619.535156,7039773
2018-07-06,45500,45850,44650,44900,36759.894531,17843706
2018-07-09,45500,46100,45200,45600,37332.988281,11602464
2018-07-10,46200,46550,46100,46300,37906.09375,10528665
2018-07-11,46400,46450,45400,46000,37660.46875,11224077
2018-07-12,45900,46250,45450,45500,37251.117188,11828104
2018-07-13,45800,46500,45750,46500,38069.816406,11543389
2018-07-16,46800,46800,46000,46050,37701.398438,7678719
2018-07-17,46150,46200,45600,45850,37537.664063,8892953
2018-07-18,46700,47200,46450,46550,38110.753906,10952645
2018-07-19,47050,47200,46600,46900,38397.304688,9880128
2018-07-20,47000,47600,46700,47450,38847.59375,10474547
2018-07-23,47100,47200,46150,46500,38069.816406,10823782
2018-07-24,46350,46600,45950,46150,37783.285156,8261363
2018-07-25,46250,46550,45900,46150,37783.285156,7222471
2018-07-26,46100,47000,46000,46900,38397.304688,7374946
2018-07-27,46450,47000,46450,46900,38397.304688,4762460
2018-07-30,46550,46800,46350,46500,38069.816406,5723035
2018-07-31,46200,46450,46000,46250,37865.152344,8033607
2018-08-01,46050,46850,46050,46550,38110.753906,7484499
2018-08-02,46550,46800,45500,45550,37292.054688,8560924
2018-08-03,45850,45900,45450,45750,37455.796875,8274944
2018-08-06,46150,46150,45750,45800,37496.734375,6771979
2018-08-07,46300,46750,45900,46700,38233.558594,9058174
2018-08-08,47000,47000,46550,46800,38315.433594,6429338
2018-08-09,47000,47050,46450,46900,38397.304688,12010886
2018-08-10,46150,46400,44850,45400,37169.25,16670643
2018-08-13,44950,45100,44650,45050,36882.691406,9803831
2018-08-14,44850,45400,44850,45150,36964.574219,6409259
2018-08-16,43800,44650,43700,44250,36227.746094,10088229
2018-08-17,44050,44400,44050,44100,36104.925781,6808747
2018-08-20,43500,44200,43500,43850,35900.253906,7289124
2018-08-21,43700,44900,43700,44800,36678.023438,9520270
2018-08-22,45150,46200,44900,46100,37742.335938,11641656
2018-08-23,46150,46200,45700,46200,37824.207031,6730918
2018-08-24,45900,46400,45550,46150,37783.285156,6582535
2018-08-27,46100,46550,46000,46300,37906.09375,5263782
2018-08-28,46800,46950,46300,46550,38110.753906,7365976
2018-08-29,46750,46800,46400,46800,38315.433594,5572374
2018-08-30,46950,47950,46700,47650,39011.339844,12193231
2018-08-31,47100,48450,47000,48450,39666.300781,13577454
2018-09-03,48200,48300,47300,47450,38847.59375,8595084
2018-09-04,47550,47800,47200,47650,39011.339844,6791255
2018-09-05,47300,47450,46400,46600,38151.6875,9139998
2018-09-06,46200,46400,45800,46100,37742.335938,9040553
2018-09-07,44500,45200,44400,44900,36759.894531,18285508
2018-09-10,45450,45550,45000,45500,37251.117188,9979838
2018-09-11,45550,45900,45050,45050,36882.691406,9865790
2018-09-12,44900,45100,44500,44550,36473.339844,12995269
2018-09-13,44550,44750,44000,44050,36064.003906,18277942
2018-09-14,45000,45850,44900,45850,37537.664063,12446344
2018-09-17,45550,45800,44900,45150,36964.574219,8123384
2018-09-18,44950,45900,44700,45500,37251.117188,9987090
2018-09-19,46000,46200,45700,46150,37783.285156,9367454
2018-09-20,46850,47600,46400,47250,38683.855469,13536966
2018-09-21,46550,47550,46550,47400,38806.652344,14476906
2018-09-27,46950,47500,46450,47500,39181.148438,15804586
2018-09-28,47250,47250,46300,46450,38315.039063,11270515
2018-10-01,46450,46800,45800,46350,38232.558594,6354983
2018-10-02,46450,46700,45700,45700,37696.378906,6607188
2018-10-04,45150,45600,44700,44700,36871.53125,11865327
2018-10-05,44800,45500,44550,44700,36871.53125,10544165
2018-10-08,44200,45200,44200,44950,37077.738281,6759464
2018-10-10,45250,45500,44500,45300,37366.445313,10341349
2018-10-11,44000,44650,43100,43100,35551.734375,19324537
2018-10-12,43200,44650,43200,44000,36294.113281,12640906
2018-10-15,44050,44050,43350,43800,36129.152344,7434522
2018-10-16,43700,44150,43350,43600,35964.175781,6825677
2018-10-17,44150,44500,44000,44150,36417.839844,8306193
2018-10-18,43950,44450,43700,44050,36335.355469,8347725
2018-10-19,43900,44150,43450,43900,36211.628906,7842520
2018-10-22,43450,43950,43200,43550,35922.925781,8357648
2018-10-23,43300,43450,42550,43050,35510.492188,9531231
2018-10-24,43050,43100,42250,42550,35098.0625,13522825
2018-10-25,40600,41550,40550,41000,33819.523438,19338170
2018-10-26,41100,41300,40400,41000,33819.523438,14413864
2018-10-29,40850,41950,40550,41400,34149.46875,14460521
2018-10-30,41400,43000,41000,42350,34933.082031,14205190
2018-10-31,42900,43350,41700,42400,34974.332031,17621480
2018-11-01,42450,42950,42150,42150,34768.109375,13423132
2018-11-02,43050,44250,42800,44150,36417.839844,16517112
2018-11-05,43750,43800,42900,43800,36129.152344,9426777
2018-11-06,43750,43800,42950,43750,36087.898438,7713625
2018-11-07,43600,44500,43400,44000,36294.113281,11553998
2018-11-08,44900,45050,44050,44050,36335.355469,12617397
2018-11-09,44450,44850,43900,44300,36541.574219,7318500
2018-11-12,43850,45250,43700,45200,37283.953125,8552566
2018-11-13,43900,44500,43400,44500,36706.550781,9311126
2018-11-14,44500,44500,43800,44100,36376.601563,6783344
2018-11-15,44050,44350,43500,44250,36500.335938,5864067
2018-11-16,44600,44750,43700,44000,36294.113281,7777124
2018-11-19,44050,44250,43450,43650,36005.414063,7538720
2018-11-20,42450,43000,42100,42800,35304.269531,9420664
2018-11-21,41800,42300,41800,42100,34726.867188,10769589
2018-11-22,42000,42650,42000,42450,35015.566406,5970796
2018-11-23,42450,42600,41900,42400,34974.332031,5192638
2018-11-26,42150,42800,42100,42600,35139.300781,6613009
2018-11-27,42900,43100,42500,43050,35510.492188,8367091
2018-11-28,42800,43200,42750,43150,35592.976563,6943099
2018-11-29,43850,43850,42900,43150,35592.976563,8473511
2018-11-30,43450,44000,41750,41850,34520.652344,19775519
2018-12-03,42750,43400,42400,43250,35675.464844,12110702
2018-12-04,42650,42900,41900,42150,34768.109375,14347746
2018-12-05,40900,41750,40850,41450,34190.714844,12631983
2018-12-06,40600,41100,40450,40500,33407.082031,14251826
2018-12-07,40900,41400,40850,40950,33778.273438,11433083
2018-12-10,40450,40650,40000,40200,33159.621094,14892263
2018-12-11,40600,40700,40200,40250,33200.871094,10638766
2018-12-12,40250,40700,40150,40450,33365.847656,12024279
2018-12-13,40650,40750,40000,40000,32994.644531,26254646
2018-12-14,40200,40200,38700,38950,32128.541016,19671783
2018-12-17,38650,39600,38650,39150,32293.511719,11532968
2018-12-18,38300,39200,38300,38900,32087.296875,11042101
2018-12-19,38900,39350,38850,39100,32252.271484,9942037
2018-12-20,38600,39100,38500,38650,31881.087891,11937617
2018-12-21,38200,38650,38100,38650,31881.087891,14947080
2018-12-24,38500,39050,38300,38800,32004.810547,9729530
2018-12-26,38400,38750,38300,38350,31633.619141,12707675
2018-12-27,38700,38800,38100,38250,31845.091797,10510643
2018-12-28,38250,38900,38200,38700,32219.742188,9900267
2019-01-02,39400,39400,38550,38750,32261.361328,7847664
2019-01-03,38300,38550,37450,37600,31303.939453,12471493
2019-01-04,37450,37600,36850,37450,31179.041016,14108958
2019-01-07,38000,38900,37800,38750,32261.361328,12748997
2019-01-08,38000,39200,37950,38100,31720.210938,12756554
2019-01-09,38650,39600,38300,39600,32969.03125,17452708
2019-01-10,40000,40150,39600,39800,33135.546875,14731699
2019-01-11,40350,40550,39950,40500,33718.328125,11661063
2019-01-14,40450,40700,39850,40050,33343.691406,11984996
2019-01-15,40050,41100,39850,41100,34217.859375,11492756
2019-01-16,41150,41450,40700,41450,34509.261719,8491595
2019-01-17,41700,42100,41450,41950,34925.53125,11736903
2019-01-18,42000,42400,41950,42300,35216.925781,11029256
2019-01-21,42700,42750,41900,42750,35591.570313,11355701
2019-01-22,42750,42850,41850,42150,35092.042969,9964356
2019-01-23,41350,42250,41350,42000,34967.152344,11071079
2019-01-24,43050,43100,42350,43050,35841.335938,14747623
2019-01-25,44300,44750,43750,44750,37256.679688,22789395
2019-01-28,45000,45500,44600,45050,37506.425781,17998914
2019-01-29,45050,45500,44350,45500,37881.089844,16215017
2019-01-30,44800,46400,44800,46400,38630.386719,17505980
2019-01-31,46650,47050,46150,46150,38422.242188,21621145
2019-02-01,46650,46950,46250,46350,38588.761719,13832454
2019-02-07,46800,47100,46200,46200,38463.875,15872001
2019-02-08,45700,45700,44650,44800,37298.304688,12689196
2019-02-11,44500,45000,44250,45000,37464.808594,11125044
2019-02-12,44650,46250,44650,46050,38338.984375,13184367
2019-02-13,46400,46700,46000,46200,38463.875,11299738
2019-02-14,46600,47500,46150,47500,39546.191406,17259341
2019-02-15,46750,46850,45650,46050,38338.984375,10554643
2019-02-18,46500,46850,45850,46200,38463.875,8183728
2019-02-19,45850,46150,45450,45950,38255.734375,6741395
2019-02-20,46750,47100,46500,46900,39046.65625,11506720
2019-02-21,46500,47200,46200,46950,39088.285156,8694009
2019-02-22,46500,47150,46450,47150,39254.796875,6895772
2019-02-25,47400,47550,47050,47350,39421.3125,7484716
2019-02-26,47350,47450,46500,46750,38921.78125,7985547
2019-02-27,47000,47250,46750,46750,38921.78125,8045211
2019-02-28,46400,46500,45100,45100,37548.066406,23569321
2019-03-04,46000,46100,44800,44850,37339.941406,12926539
2019-03-05,44600,45100,44150,44250,36840.410156,10612405
2019-03-06,44000,44300,43700,44000,36632.257813,10202544
2019-03-07,43400,44950,43400,44450,37006.898438,11049749
2019-03-08,44450,44800,43800,43800,36465.757813,7729069
2019-03-11,44400,44450,43650,43650,36340.871094,10717408
2019-03-12,44300,44950,44150,44650,37173.421875,11431977
2019-03-13,44250,44450,43700,43850,36507.382813,8108343
2019-03-14,43700,44300,43550,43850,36507.382813,18039161
2019-03-15,43800,44250,43700,44200,36798.773438,16814163
2019-03-18,43950,44150,43450,43700,36382.496094,8188876
2019-03-19,43750,43900,43550,43900,36549.003906,7609563
2019-03-20,43800,44200,43100,44050,36673.890625,9846242
2019-03-21,44600,46250,44050,45850,38172.464844,21138016
2019-03-22,46850,47000,46250,46550,38755.265625,12535911
2019-03-25,45300,45650,44800,45500,37881.089844,8699728
2019-03-26,45500,45700,44900,45250,37672.941406,9729811
2019-03-27,44750,45600,44250,45350,37756.199219,9568081
2019-03-28,44950,45200,44300,44850,37633.691406,6821306
2019-03-29,44500,44900,44200,44650,37465.882813,11491713
2019-04-01,45200,45450,44850,45050,37801.519531,7362129
2019-04-02,45550,46100,45350,45750,38388.886719,9480688
2019-04-03,46750,46750,45800,46600,39102.125,12436570
2019-04-04,46150,47100,46150,46950,39395.800781,12650168
2019-04-05,46950,47550,46600,46850,39311.90625,8546339
2019-04-08,47250,47250,46150,46650,39144.078125,8507909
2019-04-09,46700,46950,46200,46650,39144.078125,6878761
2019-04-10,46400,46700,46050,46700,39186.035156,11883995
2019-04-11,46700,46800,46150,46250,38808.433594,13697399
2019-04-12,46050,46900,46000,46850,39311.90625,7668936
2019-04-15,47150,47500,47000,47050,39479.71875,8733019
2019-04-16,47400,47400,46800,47250,39647.535156,7730881
2019-04-17,47300,47600,47000,47050,39479.71875,5513658
2019-04-18,47200,47250,45500,45600,38263.011719,12808747
2019-04-19,45750,46000,45250,45300,38011.292969,8479710
2019-04-22,45400,45900,45100,45350,38053.253906,6006957
2019-04-23,45050,45500,45000,45200,37927.382813,6920566
2019-04-24,45400,45650,44150,44750,37549.777344,13299267
2019-04-25,44250,45000,44100,44650,37465.882813,10868965
2019-04-26,44200,45000,43800,44850,37633.691406,9739982
2019-04-29,45150,46150,45100,46150,38724.527344,8777517
2019-04-30,46000,46300,45350,45850,38472.792969,11121273
2019-05-02,45500,46150,45400,45900,38514.746094,8625126
2019-05-03,45900,46050,45300,45300,38011.292969,6562916
2019-05-07,45250,45300,44400,44850,37633.691406,12014907
2019-05-08,44300,44850,44200,44250,37130.226563,10398754
2019-05-09,43900,44250,42450,42450,35619.847656,23029718
2019-05-10,42600,43450,42450,42900,35997.4375,14579512
2019-05-13,42500,43200,42350,42650,35787.671875,7635079
2019-05-14,41300,43100,41300,42650,35787.671875,11563730
2019-05-15,42700,43050,42550,42550,35703.757813,7670185
2019-05-16,42350,42400,41350,41550,34864.664063,13687828
2019-05-17,41950,42050,40850,41200,34570.980469,13357951
2019-05-20,41650,42100,41550,42000,35242.265625,15752397
2019-05-21,42600,43950,42350,43150,36207.222656,18812133
2019-05-22,43700,43800,42400,43500,36500.90625,11033339
2019-05-23,43900,44000,43250,43850,36794.585938,12259006
2019-05-24,43800,43800,42400,42700,35829.632813,13966305
2019-05-27,42500,43000,42350,42650,35787.671875,8066669
2019-05-28,42550,42950,42150,42550,35703.757813,24506881
2019-05-29,41850,42100,41300,41800,35074.433594,14930618
2019-05-30,42200,42700,42150,42550,35703.757813,11766018
2019-05-31,42600,42800,42150,42500,35661.808594,11365999
2019-06-03,42950,43900,42500,43800,36752.632813,15466580
2019-06-04,43400,43700,43000,43450,36458.945313,9913497
2019-06-05,44050,44200,43700,43900,36836.546875,12464135
2019-06-07,43600,44350,43450,44200,37088.273438,11683682
2019-06-10,44300,44850,44050,44800,37591.738281,8792182
2019-06-11,44800,45000,44550,44850,37633.691406,6664872
2019-06-12,44800,45050,44300,44600,37423.921875,8607439
2019-06-13,44200,44400,43400,43750,36710.6875,16906541
2019-06-14,43750,44150,43300,44000,36920.457031,9322873
2019-06-17,43750,44050,43400,43900,36836.546875,11890424
2019-06-18,43750,44500,43650,44350,37214.152344,7994928
2019-06-19,45450,45450,45000,45350,38053.253906,10417690
2019-06-20,44850,45500,44850,45500,38179.113281,7147785
2019-06-21,45750,45800,45200,45700,38346.9375,9454913
2019-06-24,45200,45800,45200,45500,38179.113281,6085066
2019-06-25,45200,45800,45200,45600,38263.011719,7076774
2019-06-26,45800,46000,45600,45700,38346.9375,9226097
2019-06-27,46000,46600,45750,46500,39322.8125,12603534
2019-06-28,47000,47000,46700,47000,39745.636719,12949231
2019-07-01,47350,47400,46250,46600,39407.386719,11383522
2019-07-02,46200,46900,45850,46250,39111.398438,8463073
2019-07-03,45750,46350,45200,45400,38392.59375,9669368
2019-07-04,45250,46200,45250,46000,38899.988281,6365573
2019-07-05,45950,45950,45250,45650,38604.007813,7235395
2019-07-08,44750,44800,44350,44400,37546.949219,7823843
2019-07-09,44850,45450,44700,45100,38138.898438,7646421
2019-07-10,45550,46150,45500,45550,38519.433594,9253930
2019-07-11,46350,46550,46150,46200,39069.117188,10989751
2019-07-12,46350,46400,45800,46300,39153.683594,5245804
2019-07-15,45950,46650,45750,46450,39280.527344,4717226
2019-07-16,46450,46850,46300,46850,39618.800781,7407824
2019-07-17,46150,46350,45950,46050,38942.269531,5216602
2019-07-18,46450,46450,45650,46100,38984.550781,5143554
2019-07-19,46650,46950,46600,46800,39576.503906,8819393
2019-07-22,46800,47300,46600,47200,39914.769531,9009109
2019-07-23,47350,47550,47050,47300,39999.335938,9061381
2019-07-24,47100,47150,46250,46400,39238.246094,8756522
2019-07-25,47150,47200,46600,47200,39914.769531,8408838
2019-07-26,46650,47150,46550,47150,39872.480469,7873886
2019-07-29,46800,47050,46000,46100,38984.550781,6856846
2019-07-30,46300,46850,46300,46550,39365.097656,5551014
2019-07-31,46200,46600,45000,45350,38350.316406,12872916
2019-08-01,44900,45500,44850,45200,38223.46875,7811181
2019-08-02,44550,45500,44300,44950,38012.050781,12151374
2019-08-05,44350,44600,43600,43950,37166.390625,14214086
2019-08-06,42500,43800,42500,43500,36785.847656,15083824
2019-08-07,43600,43900,43100,43200,36532.160156,10002533
2019-08-08,43250,43500,42650,42650,36067.054688,16926881
2019-08-09,43250,43350,43050,43150,36489.882813,9685147
2019-08-12,44000,44000,43550,43700,36954.992188,8466169
2019-08-13,43500,43500,42950,43000,36363.039063,7276979
2019-08-14,43900,44250,43500,43700,36954.992188,8750135
2019-08-16,43800,43900,43300,43900,37124.109375,9528115
2019-08-19,44350,44350,43500,43600,36870.421875,6014218
2019-08-20,43950,44600,43550,44450,37589.21875,8434205
2019-08-21,44350,44800,44150,44500,37631.507813,6571717
2019-08-22,44500,44700,43850,44050,37250.972656,8061177
2019-08-23,43800,44200,43650,43950,37166.390625,5017381
2019-08-26,43050,43800,42950,43600,36870.421875,7954949
2019-08-27,43650,44200,43600,44050,37250.972656,16883932
2019-08-28,44100,44400,43750,44150,37335.527344,5758333
2019-08-29,44200,44200,43050,43400,36701.296875,10768862
2019-08-30,43750,44300,43750,44000,37208.683594,9899073
2019-09-02,44850,44850,43650,43800,37039.550781,7185537
2019-09-03,43550,43650,43100,43250,36574.441406,9774941
2019-09-04,43250,44100,43150,44100,37293.238281,12441837
2019-09-05,44800,46100,44450,45700,38646.296875,18297430
2019-09-06,46500,46500,45850,46300,39153.683594,9896562
2019-09-09,46450,47000,46300,46900,39661.066406,9434157
2019-09-10,47100,47200,46550,47000,39745.636719,9231792
2019-09-11,47300,47400,46800,47150,39872.480469,16141619
2019-09-16,47000,47100,46400,47100,39830.195313,15550926
2019-09-17,47000,47100,46800,46900,39661.066406,7006280
2019-09-18,46900,47700,46800,47700,40337.597656,10413027
2019-09-19,48050,49200,47850,49150,41563.785156,16461413
2019-09-20,49400,49600,49100,49200,41606.078125,15460210
2019-09-23,49250,49300,49000,49300,41690.640625,7568553
2019-09-24,49050,49650,48850,49500,41859.765625,7871955
2019-09-25,49200,49350,48800,48900,41352.382813,9187141
2019-09-26,49000,49250,48900,49200,41606.078125,8494756
2019-09-27,48000,48700,48000,48400,41226.179688,8048041
2019-09-30,48050,49250,47900,49050,41779.839844,9497119
2019-10-01,48900,49100,48650,48850,41609.480469,6206035
2019-10-02,48350,48400,47600,47600,40544.757813,8382463
2019-10-04,47400,48650,47350,48000,40885.464844,9331695
2019-10-07,48350,48700,47650,47750,40672.523438,7047273
2019-10-08,47900,49000,47600,48900,41652.066406,14239367
2019-10-10,48200,49200,48000,48550,41353.929688,18639855
2019-10-11,49000,49450,48800,49150,41865.015625,7783275
2019-10-14,50000,50300,49850,50000,42589.027344,11130635
2019-10-15,49900,50200,49900,50100,42674.203125,6058105
2019-10-16,50700,50900,50400,50700,43185.277344,9136282
2019-10-17,50500,50600,50100,50500,43014.917969,6701380
2019-10-18,50300,50900,49650,49900,42503.847656,8483106
2019-10-21,49900,50400,49800,50300,42844.5625,4406531
2019-10-22,50800,51500,50700,51200,43611.167969,10898729
2019-10-23,51300,51500,50800,51200,43611.167969,8663880
2019-10-24,52500,52500,50500,50700,43185.277344,21185785
2019-10-25,50800,51200,50500,50900,43355.628906,7879897
2019-10-28,50700,51500,50700,51300,43696.339844,6431522
2019-10-29,51400,51700,50800,51100,43525.988281,7581629
2019-10-30,50700,50800,50200,50400,42929.75,8959435
2019-10-31,51000,51400,50300,50400,42929.75,10304777
2019-11-01,50600,51200,50400,51200,43611.167969,8467846
2019-11-04,51700,52300,51400,52300,44548.128906,13012411
2019-11-05,52400,52700,52100,52700,44888.832031,10581034
2019-11-06,52900,53500,52700,53300,45399.902344,14361133
2019-11-07,53400,53400,52400,52900,45059.195313,9257116
2019-11-08,53200,53300,52000,52100,44377.769531,11603290
2019-11-11,52200,52200,51400,51600,43951.871094,8185952
2019-11-12,51800,52600,51600,52600,44803.660156,6576148
2019-11-13,52500,52500,52000,52500,44718.484375,6225196
2019-11-14,51900,52800,51900,52800,44974.023438,12010018
2019-11-15,52900,53700,52600,53700,45740.613281,9703360
2019-11-18,53600,53800,53200,53500,45570.257813,7746554
2019-11-19,53200,53500,52700,53500,45570.257813,8907177
2019-11-20,53400,53400,52000,52000,44292.585938,12560070
2019-11-21,51600,52100,50600,51000,43440.808594,14298646
2019-11-22,51000,51600,50900,51600,43951.871094,8478310
2019-11-25,52200,52600,51700,51800,44122.230469,9050625
2019-11-26,51900,52900,51800,51800,44122.230469,27372226
2019-11-27,51800,52300,51600,52200,44462.941406,7546261
2019-11-28,51900,52100,51300,51300,43696.339844,6833885
2019-11-29,51200,51400,50200,50300,42844.5625,11179334
2019-12-02,50900,51300,50400,50400,42929.75,18877252
2019-12-03,49800,50300,49500,49900,42503.847656,12059812
2019-12-04,49600,49850,49000,49450,42120.542969,13246549
2019-12-05,50200,50400,49500,49500,42163.132813,10449715
2019-12-06,50100,50900,49950,50400,42929.75,11414563
2019-12-09,50900,51400,50700,51200,43611.167969,8470627
2019-12-10,51000,51600,50700,51500,43866.699219,6882771
2019-12-11,51500,52200,51400,51900,44207.402344,11379521
2019-12-12,53000,53300,52700,53300,45399.902344,29178697
2019-12-13,54500,54800,53900,54700,46592.386719,18120261
2019-12-16,54500,54900,54300,54700,46592.386719,11512405
2019-12-17,55800,56700,55400,56700,48295.964844,19358433
2019-12-18,56700,57200,56000,56300,47955.253906,15558208
2019-12-19,57000,57300,55500,56000,47699.722656,14180520
2019-12-20,56100,56500,55600,56000,47699.722656,12095519
2019-12-23,56100,56400,55100,55500,47273.820313,9839252
2019-12-24,55600,55700,54800,55000,46847.933594,11868463
2019-12-26,54700,55400,54400,55400,47188.640625,9645034
2019-12-27,55700,56900,55500,56500,48435.09375,12313056
2019-12-30,56200,56600,55700,55800,47835.019531,8356767
2020-01-02,55500,56000,55000,55200,47320.664063,12993228
2020-01-03,56000,56600,54900,55500,47577.835938,15422255
2020-01-06,54900,55600,54600,55500,47577.835938,10278951
2020-01-07,55700,56400,55600,55800,47835.019531,10009778
2020-01-08,56200,57400,55900,56800,48692.273438,23501171
2020-01-09,58400,58600,57400,58600,50235.332031,24102579
2020-01-10,58800,59700,58300,59500,51006.875,16000170
2020-01-13,59600,60000,59100,60000,51435.503906,11359139
2020-01-14,60400,61000,59900,60000,51435.503906,16906295
2020-01-15,59500,59600,58900,59000,50578.234375,14300928
2020-01-16,59100,60700,59000,60700,52035.585938,14381774
2020-01-17,61900,62000,61000,61300,52549.9375,16025661
2020-01-20,62000,62800,61700,62400,53492.914063,12528855
2020-01-21,62000,62400,61200,61400,52635.660156,11142693
2020-01-22,60500,62600,60400,62300,53407.1875,15339565
2020-01-23,61800,61800,60700,60800,52121.320313,14916555
2020-01-28,59400,59400,58300,58800,50406.789063,23664541
2020-01-29,59100,59700,58800,59100,50663.972656,16446102
2020-01-30,58800,58800,56800,57200,49035.175781,20821939
2020-01-31,57800,58400,56400,56400,48349.371094,19749457
2020-02-03,55500,57400,55200,57200,49035.175781,23995260
2020-02-04,57100,59000,56800,58900,50492.511719,21800192
2020-02-05,60000,60200,58900,59500,51006.875,19278165
2020-02-06,60100,61100,59700,61100,52378.488281,14727159
2020-02-07,61100,61200,59700,60400,51778.402344,16402493
2020-02-10,59200,59800,59100,59700,51178.320313,13107121
2020-02-11,59800,60700,59700,59900,51349.777344,11071231
2020-02-12,60300,60700,59700,60500,51864.132813,12904207
2020-02-13,61200,61600,60500,60700,52035.585938,18449775
2020-02-14,60900,61900,60200,61800,52978.574219,13276067
2020-02-17,61600,62000,61200,61500,52721.382813,8740596
2020-02-18,60800,60900,59700,59800,51264.054688,16674266
2020-02-19,59800,60400,59400,60200,51606.949219,12951496
2020-02-20,60700,61300,59600,60000,51435.503906,14591924
2020-02-21,58800,59800,58500,59200,50749.699219,13777393
2020-02-24,57400,58100,56800,56800,48692.273438,25627537
2020-02-25,56200,58000,56200,57900,49635.265625,23885408
2020-02-26,56000,57000,56000,56500,48435.09375,25483102
2020-02-27,56300,56900,55500,55900,47920.738281,23209541
2020-02-28,55000,55500,54200,54200,46463.40625,30054227
2020-03-02,54300,55500,53600,55000,47149.214844,30403412
2020-03-03,56700,56900,55100,55400,47492.109375,30330295
2020-03-04,54800,57600,54600,57400,49206.628906,24765728
2020-03-05,57600,58000,56700,57800,49549.53125,21698990
2020-03-06,56500,57200,56200,56500,48435.09375,18716656
2020-03-09,56500,56500,56500,56500,48435.09375,0
2020-03-10,53800,54900,53700,54600,46806.3125,32106554
2020-03-11,54300,54400,52000,52100,44663.164063,45707281
2020-03-12,52100,52100,52100,52100,44663.164063,0
2020-03-13,47450,51600,46850,49950,42820.046875,59462933
2020-03-16,50100,50900,48800,48900,41919.929688,33339821
2020-03-17,46900,49650,46700,47300,40548.320313,51218151
2020-03-18,47750,48350,45600,45600,39090.984375,40152623
2020-03-19,46400,46650,42300,42950,36819.238281,56925513
2020-03-20,44150,45500,43550,45400,38919.527344,49730008
2020-03-23,42600,43550,42400,42500,36433.480469,41701626
2020-03-24,43850,46950,43050,46950,40248.285156,49801908
2020-03-25,48950,49600,47150,48650,41705.617188,52735922
2020-03-26,49000,49300,47700,47800,40976.949219,42185129
2020-03-27,49600,49700,46850,48300,41405.585938,39896178
2020-03-30,47050,48350,46550,47850,41322.675781,26797395
2020-03-31,48000,48500,47150,47750,41236.320313,30654261
2020-04-01,47450,47900,45800,45800,39552.3125,27259532
2020-04-02,46200,46850,45350,46800,40415.902344,21621076
2020-04-03,47400,47600,46550,47000,40588.628906,22784682
2020-04-06,47500,48800,47250,48700,42056.722656,23395726
2020-04-07,49650,50200,49000,49600,42833.953125,31524034
2020-04-08,49600,49750,48600,48600,41970.359375,25010314
2020-04-09,49750,49800,48700,49100,42402.160156,22628058
2020-04-10,48950,49250,48650,49250,42531.699219,17839111
2020-04-13,48650,48900,48300,48300,41711.292969,14431800
2020-04-14,48800,49200,48300,49000,42315.800781,14206216
2020-04-16,49350,49350,48550,49000,42315.800781,23349760
2020-04-17,50800,52000,50300,51400,44388.414063,32041675
2020-04-20,51400,51400,50000,50100,43265.742188,21866354
2020-04-21,49400,49700,48700,49250,42531.699219,27407543
2020-04-22,48700,50000,48350,49850,43049.839844,18613864
2020-04-23,50200,50300,49500,49850,43049.839844,18754442
2020-04-24,49650,49750,49000,49350,42618.054688,15618347
2020-04-27,49350,50000,49100,49850,43049.839844,14049471
2020-04-28,49850,50100,49300,50100,43265.742188,16095399
2020-04-29,49900,50500,49600,50000,43179.386719,15604533
2020-05-04,48900,49100,48500,48500,41883.996094,26083749
2020-05-06,49000,49200,48500,49200,42488.511719,18070225
2020-05-07,49200,49300,48700,48800,42143.078125,13884411
2020-05-08,49100,49350,48800,48800,42143.078125,15319700
2020-05-11,48900,49250,48300,48400,41797.648438,16357743
2020-05-12,48400,48500,47550,47900,41365.855469,23433590
2020-05-13,47250,48550,47200,48550,41927.167969,20223277
2020-05-14,47750,48100,47650,48000,41452.210938,19305974
2020-05-15,48400,48450,47700,47850,41322.675781,18463118
2020-05-18,47950,49100,47600,48800,42143.078125,20481981
2020-05-19,50100,50500,49700,50300,43438.464844,25168295
2020-05-20,50000,50200,49800,50000,43179.386719,14896899
2020-05-21,50300,50400,49850,49950,43136.199219,14949266
2020-05-22,49600,49800,48600,48750,42099.894531,19706284
2020-05-25,48750,48900,48450,48850,42186.257813,14337913
2020-05-26,48700,49450,48600,49250,42531.699219,15127490
2020-05-27,48950,50000,48800,49900,43093.023438,19548479
2020-05-28,51100,51200,49900,50400,43524.828125,31309318
2020-05-29,50000,50700,49700,50700,43783.902344,27596961
2020-06-01,50800,51200,50600,51200,44215.699219,16949183
2020-06-02,51000,51500,50800,51400,44388.414063,14247933
2020-06-03,51800,55000,51700,54500,47065.527344,49257814
2020-06-04,55800,57000,54600,54600,47151.898438,40220334
2020-06-05,54400,55900,54000,55500,47929.121094,22743629
2020-06-08,56400,56500,54700,54900,47410.976563,25634965
2020-06-09,55800,56500,54400,55500,47929.121094,23998831
2020-06-10,55100,55900,54900,55400,47842.757813,16742493
2020-06-11,54500,55100,53200,54300,46892.8125,33815123
2020-06-12,52100,52800,51500,52300,45165.640625,26976019
2020-06-15,51400,52000,49900,49900,43093.023438,28772921
2020-06-16,51200,52100,50600,52100,44992.925781,21808375
2020-06-17,52100,52900,51300,52200,45079.277344,26672595
2020-06-18,52200,52300,51600,52300,45165.640625,15982926
2020-06-19,52600,52900,51600,52900,45683.792969,18157985
2020-06-22,52000,52600,51800,52000,44906.558594,13801350
2020-06-23,52500,52800,51100,51400,44388.414063,18086152
2020-06-24,51900,53900,51600,52900,45683.792969,24519552
2020-06-25,52100,53000,51900,51900,44820.195313,18541624
2020-06-26,52800,53900,52200,53300,46029.222656,21575360
2020-06-29,52500,53200,52000,52400,45554.554688,17776925
2020-06-30,53900,53900,52800,52800,45902.304688,21157172
2020-07-01,53400,53600,52400,52600,45728.429688,16706143
2020-07-02,52100,52900,52100,52900,45989.238281,14142583
2020-07-03,53000,53600,52700,53600,46597.789063,11887868
2020-07-06,54000,55000,53800,55000,47814.894531,19856623
2020-07-07,55800,55900,53400,53400,46423.910156,30760032
2020-07-08,53600,53900,52900,53000,46076.175781,19664652
2020-07-09,53200,53600,52800,52800,45902.304688,17054850
2020-07-10,53100,53200,52300,52700,45815.359375,13714746
2020-07-13,53300,53800,53100,53400,46423.910156,12240188
2020-07-14,53700,53800,53200,53800,46771.664063,14269484
2020-07-15,54400,55000,54300,54700,47554.082031,24051450
2020-07-16,54800,54800,53800,53800,46771.664063,16779127
2020-07-17,54200,54700,54100,54400,47293.265625,10096174
2020-07-20,54800,54800,54000,54200,47119.40625,10507530
2020-07-21,55200,55400,54800,55300,48075.695313,18297260
2020-07-22,55300,55500,54700,54700,47554.082031,12885057
2020-07-23,54700,54700,53800,54100,47032.46875,16214932
2020-07-24,54000,54400,53700,54200,47119.40625,10994535
2020-07-27,54300,55700,54300,55600,48336.507813,21054421
2020-07-28,57000,58800,56400,58600,50944.589844,48431566
2020-07-29,60300,60400,58600,59000,51292.332031,36476611
2020-07-30,59700,60100,59000,59000,51292.332031,19285354
2020-07-31,59500,59600,57700,57900,50336.046875,21943345
2020-08-03,57800,57900,56700,56800,49379.742188,21158940
2020-08-04,57200,58100,57000,57300,49814.429688,19419694
2020-08-05,57300,57500,56300,56900,49466.675781,17739706
2020-08-06,57100,58400,57100,58000,50422.976563,21625874
2020-08-07,57900,58400,57100,57500,49988.304688,18751717
2020-08-10,57600,58300,57500,57800,50249.101563,17774291
2020-08-11,58000,59500,57800,58200,50596.851563,24907912
2020-08-12,58200,59000,57700,59000,51292.332031,18573934
2020-08-13,59400,59600,58000,58700,51031.542969,22089460
2020-08-14,58000,58400,57700,58000,50422.976563,15672548
2020-08-18,58900,59900,58000,58400,50770.722656,25307825
2020-08-19,59000,59200,57800,57800,50249.101563,16930719
2020-08-20,57600,57600,55300,55400,48162.632813,30386029
2020-08-21,56200,56900,55800,55900,48597.324219,21142288
2020-08-24,55800,56600,55400,56100,48771.195313,15055896
2020-08-25,56400,56800,56100,56400,49031.996094,14021705
2020-08-26,56400,56500,55700,56400,49031.996094,17651593
2020-08-27,56300,56300,55600,55600,48336.507813,16196568
2020-08-28,56100,56300,55400,55400,48162.632813,14619888
2020-08-31,56000,56100,54000,54000,46945.523438,32671367
2020-09-01,54100,54800,54100,54200,47119.40625,19363117
2020-09-02,54600,55100,54100,54400,47293.265625,16905723
2020-09-03,55600,56700,55500,56400,49031.996094,28384920
2020-09-04,55200,55800,55100,55600,48336.507813,22139109
2020-09-07,56100,57300,55800,56500,49118.9375,18685880
2020-09-08,57400,58700,57200,58700,51031.542969,31517520
2020-09-09,58200,59300,57800,58400,50770.722656,30597399
2020-09-10,59900,60000,59100,59200,51466.214844,29923293
2020-09-11,59300,59400,58200,59000,51292.332031,16017098
2020-09-14,60200,60800,59900,60400,52509.453125,20648281
2020-09-15,60900,61000,60500,61000,53031.070313,17877075
2020-09-16,61100,61300,60600,61000,53031.070313,17041444
2020-09-17,60700,60800,59300,59500,51727.027344,25108356
2020-09-18,59800,59900,59100,59300,51553.144531,18884571
2020-09-21,59100,60000,59000,59200,51466.214844,15140387
2020-09-22,59100,59700,57800,58200,50596.851563,20830381
2020-09-23,58400,58800,57400,58600,50944.589844,20111398
2020-09-24,57700,58600,57600,57800,50249.101563,17564020
2020-09-25,57700,58200,57700,57900,50336.046875,11444683
2020-09-28,58300,58800,57900,58200,50908.105469,12614080
2020-09-29,58300,59000,58200,58200,50908.105469,15503563
2020-10-05,57500,59200,57500,58700,51345.472656,20228289
2020-10-06,59400,59900,58700,59000,51607.875,14463826
2020-10-07,58700,59900,58500,59900,52395.109375,14861838
2020-10-08,60500,60700,59500,59700,52220.171875,24589924
2020-10-12,60000,60400,59900,60400,52832.464844,16145837
2020-10-13,61000,61400,60400,60900,53269.820313,19247631
2020-10-14,61000,61100,60500,60900,53269.820313,16086716
2020-10-15,60700,60800,59700,60000,52482.585938,17756232
2020-10-16,60000,60400,59000,59500,52045.230469,16554190
2020-10-19,59600,60200,59500,60000,52482.585938,14474985
2020-10-20,60300,60900,60100,60900,53269.820313,19326115
2020-10-21,61200,61500,60600,60900,53269.820313,15703443
2020-10-22,60300,60500,59800,60100,52570.050781,14294095
2020-10-23,60400,60400,59800,60200,52657.523438,9322232
2020-10-26,60400,61100,60100,60400,52832.464844,13268226
2020-10-27,60300,60300,59500,59800,52307.628906,17260416
2020-10-28,59400,59400,58800,59000,51607.875,14428882
2020-10-29,58200,58500,57500,58100,50820.636719,22636966
2020-10-30,58000,58000,56600,56600,49508.566406,26907844
2020-11-02,56400,57500,56000,57400,50208.335938,20489076
2020-11-03,57900,58900,57600,58800,51432.929688,14950919
2020-11-04,58900,59000,57800,58500,51170.519531,21718561
2020-11-05,59000,60300,58800,60300,52745,20639475
2020-11-06,60700,60800,59600,60100,52570.050781,16910230
2020-11-09,60700,60900,60100,60200,52657.523438,15892961
2020-11-10,60500,60500,59500,60200,52657.523438,19073552
2020-11-11,60700,61400,60400,61300,53619.703125,25628510
2020-11-12,61000,61400,60700,61000,53357.292969,19800573
2020-11-13,61300,63200,61000,63200,55281.648438,31508829
2020-11-16,64000,66700,63900,66300,57993.238281,36354334
2020-11-17,67000,67000,65600,65700,57468.421875,30204089
2020-11-18,65700,66200,64700,64800,56681.183594,22963790
2020-11-19,64100,64800,63900,64600,56506.257813,16590290
2020-11-20,63900,65200,63900,64700,56593.726563,15068682
2020-11-23,64800,67800,64700,67500,59042.910156,27134398
2020-11-24,67900,69500,67000,67700,59217.847656,32158235
2020-11-25,67900,68300,66500,66600,58255.667969,32447065
2020-11-26,66100,68000,66000,68000,59480.257813,19023323
2020-11-27,68000,68400,67600,68200,59655.191406,14063434
2020-11-30,68400,68600,66700,66700,58343.132813,43811016
2020-12-01,67100,68300,67100,67800,59305.316406,22327173
2020-12-02,68400,69900,68300,69500,60792.316406,29703942
2020-12-03,70100,70500,69300,69700,60967.269531,23677989
2020-12-04,70400,72100,70100,71500,62541.738281,28130533
2020-12-07,72400,73500,71900,72900,63766.355469,28490496
2020-12-08,72200,72900,71600,71700,62716.6875,25000338
2020-12-09,72100,73900,72000,73900,64641.039063,24077996
2020-12-10,72700,73800,72500,72900,63766.355469,39882928
2020-12-11,73500,73800,73100,73400,64203.695313,18486672
2020-12-14,73600,74500,73200,73800,64553.5625,21510415
2020-12-15,73800,74100,73300,73800,64553.5625,20863671
2020-12-16,74100,74500,73400,73800,64553.5625,17512081
2020-12-17,73400,73700,72600,73300,64116.207031,24293214
2020-12-18,73300,73700,73000,73000,63853.835938,17613029
2020-12-21,73100,73400,72000,73000,63853.835938,20367355
2020-12-22,72500,73200,72100,72300,63241.527344,16304910
2020-12-23,72400,74000,72300,73900,64641.039063,19411326
2020-12-24,74100,78800,74000,77800,68052.398438,32502870
2020-12-28,79000,80100,78200,78700,68839.640625,40085044
2020-12-29,78800,78900,77300,78300,70213.421875,30339449
2020-12-30,77400,81300,77300,81000,72634.578125,29417421
2021-01-04,81000,84400,80200,83000,74428.039063,38655276
2021-01-05,81600,83900,81600,83900,75235.070313,35335669
2021-01-06,83300,84500,82100,82200,73710.632813,42089013
2021-01-07,82800,84200,82700,82900,74338.359375,32644642
2021-01-08,83300,90000,83000,88800,79629.023438,59013307
2021-01-11,90000,96800,89500,91000,81601.804688,90306177
2021-01-12,90300,91400,87800,90600,81243.125,48682416
2021-01-13,89800,91200,89100,89700,80436.078125,36068848
2021-01-14,88700,90000,88700,89700,80436.078125,26393970
2021-01-15,89800,91800,88000,88000,78911.664063,33431809
2021-01-18,86600,87300,84100,85000,76221.484375,43227951
2021-01-19,84500,88000,83600,87000,78014.90625,39895044
2021-01-20,89000,89000,86500,87200,78194.28125,25211127
2021-01-21,87500,88600,86500,88100,79001.304688,25318011
2021-01-22,89000,89700,86800,86800,77835.578125,30861661
2021-01-25,87000,89900,86300,89400,80167.070313,27258534
2021-01-26,88800,89200,86500,86700,77745.921875,33178936
2021-01-27,86600,87700,85600,85600,76759.507813,26423070
2021-01-28,83200,85600,83200,83700,75055.742188,31859808
2021-01-29,84500,85000,82000,82000,73531.3125,39615978
2021-02-01,81700,83400,81000,83000,74428.039063,28046832
2021-02-02,84100,86400,83700,84400,75683.4375,26302077
2021-02-03,84800,85400,83400,84600,75862.773438,22112205
2021-02-04,83500,83800,82100,82500,73979.664063,24171688
2021-02-05,83100,84000,82500,83500,74876.398438,18036835
2021-02-08,83800,84200,83000,83000,74428.039063,15338765
2021-02-09,84000,84800,82700,82700,74159.007813,20898332
2021-02-10,82600,82600,81600,81600,73172.625,23025766
2021-02-15,83800,84500,83300,84200,75504.085938,23529706
2021-02-16,84500,86000,84200,84900,76131.804688,20483100
2021-02-17,83900,84200,83000,83200,74607.367188,18307735
2021-02-18,83200,83600,82100,82100,73620.96875,21327683
2021-02-19,82300,82800,81000,82600,74069.335938,25880879
2021-02-22,83800,84200,82200,82200,73710.632813,25419886
2021-02-23,81200,82900,81100,82000,73531.3125,20587314
2021-02-24,81800,83600,81300,82000,73531.3125,26807651
2021-02-25,84000,85400,83000,85300,76490.476563,34155986
2021-02-26,82800,83400,82000,82500,73979.664063,38520800
2021-03-02,85100,85300,83000,83600,74966.0625,33498180
2021-03-03,83500,84000,82800,84000,75324.765625,19882132
2021-03-04,82600,83200,82200,82400,73890.015625,24348331
2021-03-05,81100,82600,81100,82100,73620.96875,20508971
2021-03-08,82900,83000,81600,82000,73531.3125,17641256
2021-03-09,81400,81900,80600,81400,72993.265625,25420764
2021-03-10,82400,82500,80700,80900,72544.921875,20038422
2021-03-11,81000,82500,81000,82000,73531.3125,23818297
2021-03-12,83100,83500,82400,82800,74248.679688,13530573
2021-03-15,82800,82900,81800,81800,73351.96875,13735798
2021-03-16,82200,83000,82100,82800,74248.679688,12293537
2021-03-17,82800,82900,82000,82300,73800.328125,11625146
2021-03-18,82800,83800,82600,82900,74338.359375,18585244
2021-03-19,82100,82500,81800,81900,73441.625,15869700
2021-03-22,82000,82300,81700,82000,73531.3125,12670506
2021-03-23,82600,82900,81800,81800,73351.96875,13299907
2021-03-24,81000,81600,80700,81000,72634.578125,17926638
2021-03-25,81000,82100,80800,81200,72813.929688,14758826
2021-03-26,81400,81600,81000,81500,73082.9375,12845778
2021-03-29,81700,81700,81000,81600,73172.625,14952134
2021-03-30,81600,82300,81300,82200,74038.210938,13121698
2021-03-31,82400,82700,81400,81400,73317.632813,17240518
2021-04-01,82500,83000,82000,82900,74668.71875,18676461
2021-04-02,84000,85200,83900,84800,76380.0625,22997538
2021-04-05,85800,86000,84800,85400,76920.492188,16255990
2021-04-06,86200,86200,85100,86000,77460.882813,19042023
2021-04-07,86100,86200,85400,85600,77100.601563,17885538
2021-04-08,85700,85700,84100,84700,76289.953125,19244259
2021-04-09,84700,84900,83400,83600,75299.179688,18193707
2021-04-12,84100,84100,83100,83200,74938.898438,12915282
2021-04-13,83000,84500,82800,84000,75659.476563,15238206
2021-04-14,84000,84300,83400,84000,75659.476563,13794652
2021-04-15,83700,84500,83400,84100,75749.546875,16377412
2021-04-16,84700,84700,83600,83900,75569.40625,15429522
2021-04-19,83800,84000,83300,83300,75028.96875,15287311
2021-04-20,83300,84000,83100,83900,75569.40625,15521965
2021-04-21,83300,83500,82500,82600,74398.484375,21636079
2021-04-22,82900,83000,82400,82400,74218.367188,13934746
2021-04-23,81900,82900,81600,82800,74578.640625,17805080
2021-04-26,82900,83500,82600,83500,75209.132813,15489938
2021-04-27,83200,83300,82500,82900,74668.71875,12941533
2021-04-28,83200,83200,82100,82100,73948.117188,15596759
2021-04-29,82400,82500,81500,81700,73587.851563,20000973
2021-04-30,81900,82100,81500,81500,73407.703125,18673197
2021-05-03,81000,82400,81000,81700,73587.851563,15710336
2021-05-04,81900,82600,81800,82600,74398.484375,12532550
2021-05-06,81700,82300,81700,82300,74128.273438,17047511
2021-05-07,81800,82100,81500,81900,73767.96875,14154882
2021-05-10,82300,83500,81800,83200,74938.898438,19385027
2021-05-11,82500,82600,81100,81200,73137.484375,28996680
2021-05-12,80800,81200,79800,80000,72056.632813,35812268
2021-05-13,78900,79600,78400,78500,70705.554688,31490096
2021-05-14,79000,80300,78900,80100,72146.703125,16450920
2021-05-17,80800,80900,79200,79600,71696.359375,17740855
2021-05-18,79600,80000,79100,79600,71696.359375,17494407
2021-05-20,79400,79700,79100,79500,71606.289063,16541828
2021-05-21,80100,81500,79800,80100,72146.703125,20961714
2021-05-24,80100,80400,79500,79700,71786.4375,13398666
2021-05-25,80000,80400,79800,79900,71966.578125,13628942
2021-05-26,80400,80500,79700,79800,71876.5,11984359
2021-05-27,80000,80000,79100,79600,71696.359375,23198510
2021-05-28,79800,80400,79400,80100,72146.703125,12360199
2021-05-31,80300,80600,79600,80500,72507.023438,13321324
2021-06-01,80500,81300,80100,80600,72597.054688,14058401
2021-06-02,80400,81400,80300,80800,72777.195313,16414644
2021-06-03,81300,83000,81100,82800,74578.640625,29546007
2021-06-04,82700,82700,81500,82200,74038.210938,18112259
2021-06-07,82700,82800,81600,81900,73767.96875,16496197
2021-06-08,82300,82600,81800,81900,73767.96875,12781226
2021-06-09,81500,82000,81100,81100,73047.4375,14908823
2021-06-10,81300,81400,80900,81000,72957.34375,17586995
2021-06-11,81200,81700,80700,81000,72957.34375,14087962
2021-06-14,80800,80900,80500,80500,72507.023438,10550078
2021-06-15,80900,81200,80600,80900,72867.289063,10075685
2021-06-16,81500,81900,81100,81800,73677.921875,14999855
2021-06-17,81100,81300,80700,80900,72867.289063,14007385
2021-06-18,81100,81100,80500,80500,72507.023438,14916721
2021-06-21,79700,80000,79600,79900,71966.578125,16063340
2021-06-22,80200,80300,79900,80000,72056.632813,11773365
2021-06-23,80500,80600,79900,80100,72146.703125,13856548
2021-06-24,80400,81400,80100,81200,73137.484375,18771080
2021-06-25,81500,81900,81200,81600,73497.773438,13481405
2021-06-28,81700,82000,81600,81900,73767.96875,11578529
2021-06-29,81900,82100,80800,81000,73280.351563,15744317
2021-06-30,81100,81400,80700,80700,73008.945313,13288643
2021-07-01,80500,80600,80000,80100,72466.140625,13382882
2021-07-02,80000,80400,79900,80000,72375.664063,8753097
2021-07-05,80100,80800,80000,80400,72737.546875,8330969
2021-07-06,80600,81200,80500,81200,73461.3125,12131651
2021-07-07,81200,81300,80300,80800,73099.414063,15992202
2021-07-08,81100,81200,79900,79900,72285.195313,16660998
2021-07-09,79600,79800,79000,79400,71832.828125,22720577
2021-07-12,79900,80000,79500,79700,72104.265625,9768108
2021-07-13,80000,80200,79800,79800,72194.703125,9863450
2021-07-14,79400,79600,79100,79500,71923.328125,11575636
2021-07-15,79800,80600,79500,80600,72918.46875,13766279
2021-07-16,80100,80100,79500,79800,72194.703125,10859399
2021-07-19,79100,79200,78800,79000,71470.984375,13155414
2021-07-20,78500,79000,78400,79000,71470.984375,12456646
2021-07-21,79000,79100,78500,78500,71018.617188,12355296
2021-07-22,79000,79800,78900,79700,72104.265625,12618790
2021-07-23,79700,79900,79200,79300,71742.359375,9098910
2021-07-26,79400,79500,78800,78800,71290.03125,10040975
2021-07-27,79200,79400,78500,78500,71018.617188,11427693
2021-07-28,78300,79200,78100,79200,71651.90625,12743417
2021-07-29,78800,79400,78800,79000,71470.984375,14360453
2021-07-30,78900,78900,78500,78500,71018.617188,13823411
2021-08-02,79200,79500,78700,79300,71742.359375,11739124
2021-08-03,79400,81400,79300,81400,73642.257813,24339360
2021-08-04,82200,83100,81800,82900,74999.273438,25642368
2021-08-05,83300,83300,82000,82100,74275.515625,18485469
2021-08-06,81900,82500,81300,81500,73732.703125,13342623
2021-08-09,81500,82300,80900,81500,73732.703125,15522581
2021-08-10,82300,82400,80100,80200,72556.585938,20362639
2021-08-11,79600,79800,78500,78500,71018.617188,30241137
2021-08-12,77100,78200,76900,77000,69661.585938,42365223
2021-08-13,75800,76000,74100,74400,67309.367188,61270643
2021-08-17,74000,75100,74000,74200,67128.429688,30944847
2021-08-18,73900,74600,73100,73900,66857.007813,29192631
2021-08-19,73500,74400,73100,73100,66133.265625,22166298
2021-08-20,73500,73900,72500,72700,65771.367188,22364803
2021-08-23,73300,74000,73000,73300,66314.226563,19384648
2021-08-24,73900,75700,73900,75600,68395.007813,21016913
2021-08-25,76200,76600,74900,75700,68485.492188,22319664
2021-08-26,76100,76200,74600,74600,67490.296875,16671494
2021-08-27,74300,75000,73800,74300,67218.90625,15172748
2021-08-30,75400,75500,74200,74600,67490.296875,12686999
2021-08-31,74900,76700,74300,76700,69390.15625,24630370
2021-09-01,76700,77100,75900,76800,69480.640625,16114775
2021-09-02,76800,76800,75700,76000,68756.882813,15347486
2021-09-03,76400,76700,76000,76600,69299.6875,12096419
2021-09-06,76800,77600,76600,77300,69932.992188,12861180
2021-09-07,77100,77100,75900,76100,68847.359375,13239401
2021-09-08,76000,76400,75600,76300,69028.289063,11798147
2021-09-09,76400,76600,75000,75300,68123.601563,17600770
2021-09-10,75300,75600,74800,75300,68123.601563,10103212
2021-09-13,75200,76300,75100,76300,69028.289063,11397775
2021-09-14,77100,77700,76600,76600,69299.6875,18167057
2021-09-15,77400,77400,76400,77000,69661.585938,12829128
2021-09-16,77300,77400,76100,76100,68847.359375,13067622
2021-09-17,76300,77200,75900,77200,69842.515625,16289502
2021-09-23,77500,77600,76800,77400,70023.460938,17055590
2021-09-24,77600,77700,77100,77300,69932.992188,12247274
2021-09-27,77300,77700,77000,77700,70294.867188,11699798
2021-09-28,77700,77800,76200,76300,69028.289063,15406382
2021-09-29,74800,75300,73800,74100,67356.65625,23992458
2021-09-30,74300,74800,73700,74100,67356.65625,19919361
2021-10-01,73900,74000,72900,73200,66538.53125,15803395
2021-10-05,73000,73000,71400,72200,65629.5625,24013921
2021-10-06,72600,72800,71200,71300,64811.4375,18956962
2021-10-07,71600,72100,71300,71600,65084.164063,13683532
2021-10-08,72300,72400,71500,71500,64993.253906,14043287
2021-10-12,70700,70900,68700,69000,62720.765625,31001484
2021-10-13,68700,69600,68300,68800,62538.960938,24172015
2021-10-14,69000,69800,68800,69400,63084.355469,19520641
2021-10-15,70200,71000,70000,70100,63720.660156,18051612
2021-10-18,70200,70300,69200,70200,63811.558594,13486391
2021-10-19,70800,71000,70400,70600,64175.160156,9507991
2021-10-20,70700,71000,70200,70300,63902.445313,10151638
2021-10-21,70300,70600,70000,70200,63811.558594,10891094
2021-10-22,70000,70700,70000,70400,63993.351563,8395448
2021-10-25,69900,70600,69500,70200,63811.558594,10029621
2021-10-26,70600,71500,70400,71100,64629.652344,10528252
2021-10-27,71000,71000,70000,70100,63720.660156,10295316
2021-10-28,69500,72200,69500,70700,64266.054688,20644902
2021-10-29,71200,71600,69700,69800,63447.960938,17016151
2021-11-01,70200,70600,69900,69900,63538.84375,11503729
2021-11-02,70800,72200,70700,71500,64993.253906,16812570
2021-11-03,71700,71700,70100,70400,63993.351563,12770428
2021-11-04,71200,71600,70500,70600,64175.160156,11818987
2021-11-05,71600,71600,70200,70200,63811.558594,12667743
2021-11-08,70400,70600,69800,70600,64175.160156,11121981
2021-11-09,70300,71000,70100,70500,64084.257813,11159589
2021-11-10,70300,70900,70200,70200,63811.558594,9422009
2021-11-11,69900,70000,69600,69900,63538.84375,11489122
2021-11-12,70200,70900,69900,70600,64175.160156,10087450
2021-11-15,71700,71900,70900,71400,64902.359375,12420710
2021-11-16,71500,72000,71300,71300,64811.4375,10919239
2021-11-17,71300,71600,70600,70700,64266.054688,11027606
2021-11-18,70700,71000,70200,70200,63811.558594,10144957
2021-11-19,70400,71400,70100,71200,64720.5625,11954728
2021-11-22,73300,75200,73000,74900,68083.828125,27506623
2021-11-23,76000,76000,74500,75300,68447.445313,22029195
2021-11-24,76000,76200,74100,74800,67992.945313,15652305
2021-11-25,75100,75100,73600,73700,66993.0625,12559258
2021-11-26,73500,74100,72000,72300,65720.460938,13002242
2021-11-29,71700,73000,71400,72300,65720.460938,16682559
2021-11-30,73200,73900,70500,71300,64811.4375,30364841
2021-12-01,72000,74800,71600,74400,67629.328125,21954856
2021-12-02,73900,75800,73800,75800,68901.9375,23652940
2021-12-03,75600,76000,74100,75600,68720.15625,18330240
2021-12-06,75100,76700,74900,76300,69356.421875,16391250
2021-12-07,76100,77700,75600,77400,70356.328125,19232453
2021-12-08,78300,78600,77100,77400,70356.328125,21558340
2021-12-09,77400,78200,77000,78200,71083.539063,21604528
2021-12-10,77400,77600,76800,76900,69901.828125,9155219
2021-12-13,77200,78300,76500,76800,69810.953125,15038750
2021-12-14,76500,77200,76200,77000,69992.734375,10976660
2021-12-15,76400,77600,76300,77600,70538.132813,9584939
2021-12-16,78500,78500,77400,77800,70719.929688,11996128
2021-12-17,76800,78000,76800,78000,70901.71875,13108479
2021-12-20,77600,77800,76800,77100,70083.625,11264375
2021-12-21,77900,78300,77500,78100,70992.648438,14245298
2021-12-22,78900,79400,78800,79400,72174.3125,17105892
2021-12-23,79800,80000,79300,79900,72628.835938,13577498
2021-12-24,80200,80800,80200,80500,73174.203125,12086380
2021-12-27,80600,80600,79800,80200,72901.539063,10783368
2021-12-28,80200,80400,79700,80300,72992.429688,18226325
2021-12-29,80200,80200,78500,78800,71952.390625,19794795
2021-12-30,78900,79500,78100,78300,71495.84375,14236700
2022-01-04,78800,79200,78300,78700,71861.085938,12427416
2022-01-05,78800,79000,76400,77400,70674.0625,25470640
2022-01-06,76700,77600,76600,76900,70217.5,12931954
2022-01-07,78100,78400,77400,78300,71495.84375,15163757
2022-01-10,78100,78100,77100,78000,71221.914063,9947422
2022-01-11,78400,79000,78000,78900,72043.703125,13221123
2022-01-12,79500,79600,78600,78900,72043.703125,11000502
2022-01-13,79300,79300,77900,77900,71130.601563,13889401
2022-01-14,77700,78100,77100,77300,70582.75,10096725
2022-01-17,77600,77800,76900,77500,70765.367188,8785122
2022-01-18,77600,77800,76600,77000,70308.804688,9592788
2022-01-19,76500,76900,76100,76300,69669.632813,10598290
2022-01-20,76200,76700,75900,76500,69852.257813,9708168
2022-01-21,75800,75800,74700,75600,69030.476563,15774888
2022-01-24,75400,75800,74700,75100,68573.9375,13691134
2022-01-25,74800,75000,73200,74000,67569.523438,17766704
2022-01-26,74000,74000,74000,74000,67569.523438,0
2022-01-27,73800,74000,71300,71300,65104.125,22274777
2022-01-28,71300,73700,71200,73300,66930.34375,21367447
2022-02-03,74900,74900,73300,73300,66930.34375,17744721
2022-02-04,74300,74600,73400,74000,67569.523438,12730034
2022-02-07,73500,73600,72400,73000,66656.398438,14240838
2022-02-08,73000,73000,73000,73000,66656.398438,0
2022-02-09,73000,73000,73000,73000,66656.398438,0
2022-02-10,75600,75800,74700,75400,68847.851563,17746033
2022-02-11,75000,75500,74600,74900,68391.289063,12205407
2022-02-14,74400,74500,73100,73700,67295.601563,13993255
2022-02-15,74100,74200,73100,73700,67295.601563,9320365
2022-02-16,74600,74900,74200,74800,68299.984375,10767386
2022-02-17,75000,75600,74500,75000,68482.617188,13605382
2022-02-18,74600,74800,73700,74300,67843.445313,10122226
2022-02-21,74300,74300,74300,74300,67843.445313,0
2022-02-22,74300,74300,74300,74300,67843.445313,0
2022-02-23,74300,74300,74300,74300,67843.445313,0
2022-02-24,72300,72300,71300,71500,65286.757813,15759283
2022-02-25,72100,72600,71900,71900,65652,13168484
2022-02-28,71900,71900,71900,71900,65652,0
2022-03-02,72300,72400,71500,71700,65469.375,12481430
2022-03-03,72300,73100,72200,72900,66565.085938,13232638
2022-03-04,72900,72900,72900,72900,66565.085938,0
2022-03-07,70000,70600,69900,70100,64008.417969,18617138
2022-03-08,68800,70000,68700,69500,63460.550781,15828269
2022-03-10,69500,69500,69500,69500,63460.550781,0
2022-03-11,70500,70700,69700,70000,63917.097656,15787655
2022-03-14,70000,70200,69600,70200,64099.730469,9040993
2022-03-15,70200,70200,70200,70200,64099.730469,0
2022-03-16,70200,70500,69700,70400,64282.339844,10175750
2022-03-17,70400,70400,70400,70400,64282.339844,0
2022-03-18,70600,70900,70200,70700,64556.269531,14410038
2022-03-21,70900,71000,69900,69900,63825.785156,11169002
2022-03-22,69900,70500,69900,70300,64191.027344,9402666
2022-03-23,70600,71200,70300,70500,64373.660156,12398025
2022-03-24,69600,70300,69600,69800,63734.492188,37943357
2022-03-25,70100,70200,69600,69800,63734.492188,12986010
2022-03-28,69500,69900,69200,69700,63643.1875,12619289
2022-03-29,70000,70300,69800,70200,64099.730469,13686208
2022-03-30,70300,70500,69800,69900,64155.703125,12670187
2022-03-31,69900,70200,69600,69600,63880.367188,12510366
2022-04-01,69500,69500,69000,69100,63421.460938,15916846
2022-04-04,68900,69300,68600,69300,63605.011719,11107905
2022-04-05,69400,69600,69100,69200,63513.242188,8467248
2022-04-06,68600,68800,68500,68500,62870.757813,15517308
2022-04-07,68500,68500,68000,68000,62411.847656,20683327
2022-04-08,68100,68300,67700,67800,62228.28125,15453191
2022-04-11,67800,68100,67400,67900,62320.070313,12263735
2022-04-12,67600,67700,67000,67000,61494.027344,13924389
2022-04-13,67300,69000,67200,68700,63054.316406,17378619
2022-04-14,68700,68700,67500,67500,61952.9375,16409494
2022-04-15,67200,67300,66500,66600,61126.90625,13176415
2022-04-18,66500,67100,66100,66700,61218.675781,10119203
2022-04-19,67100,68000,67000,67300,61769.371094,12959434
2022-04-20,67000,67400,66500,67400,61861.152344,16693293
2022-04-21,67600,68300,67500,67700,62136.503906,12847448
2022-04-22,67200,67300,66700,67000,61494.027344,11791478
2022-04-25,66500,66700,66300,66300,60851.558594,11016474
2022-04-26,66400,66700,66100,66100,60667.992188,12946923
2022-04-27,65400,65500,64900,65000,59658.386719,18122084
2022-04-28,65400,65500,64500,64800,59474.824219,16895527
2022-04-29,65100,67600,65000,67400,61861.152344,26190390
2022-05-02,66600,67600,66500,67300,61769.371094,14106184
2022-05-03,67400,68400,67300,67500,61952.9375,14168875
2022-05-04,68000,68400,67500,67900,62320.070313,11505248
2022-05-06,67000,67100,66500,66500,61035.117188,14356156
2022-05-10,65900,66300,65300,65700,60300.863281,17235605
2022-05-11,65500,66300,65200,65700,60300.863281,12330920
2022-05-12,65200,65500,64900,64900,59566.605469,16414188
2022-05-13,65300,66700,65200,66500,61035.117188,14551536
2022-05-16,67100,67400,66100,66300,60851.558594,11937555
2022-05-17,66600,67900,66600,67600,62044.722656,15680447
2022-05-18,68300,68700,67600,68100,62503.636719,16486319
2022-05-19,66500,67600,66500,67500,61952.9375,17073727
2022-05-20,67800,68400,67700,68000,62411.847656,12109671
2022-05-23,68800,68800,67600,67900,62320.070313,13684088
2022-05-24,67500,67700,66500,66500,61035.117188,15482576
2022-05-25,66700,67100,65900,66400,60943.34375,15150490
2022-05-26,66300,67200,65500,65900,60484.433594,15970890
2022-05-27,66700,66900,66200,66500,61035.117188,11405555
2022-05-30,67500,67800,66900,67700,62136.503906,14255484
2022-05-31,67500,67500,66700,67400,61861.152344,24365002
2022-06-02,66600,67000,66400,66700,61218.675781,14959443
2022-06-03,67200,67300,66800,66800,61310.460938,8222883
2022-06-07,66200,66400,65400,65500,60117.304688,19355755
2022-06-08,65400,65700,65300,65300,59933.726563,12483180
2022-06-09,65100,65200,64500,65200,59841.949219,25790725
2022-06-10,64000,64400,63800,63800,58557.003906,22193552
2022-06-13,62400,62800,62100,62100,56996.710938,22157816
2022-06-14,61200,62200,61100,61900,56813.144531,24606419
2022-06-15,61300,61500,60200,60700,55711.757813,26811224
2022-06-16,61300,61800,60500,60900,55895.320313,23394895
2022-06-17,59400,59900,59400,59800,54885.714844,29053450
2022-06-20,59800,59900,58100,58700,53876.113281,34111306
2022-06-21,58700,59200,58200,58500,53692.550781,25148109
2022-06-22,59000,59100,57600,57600,52866.507813,23334687
2022-06-23,57700,58000,56800,57400,52682.949219,28338608
2022-06-24,57900,59100,57700,58400,53600.757813,23256103
2022-06-27,59000,59900,58300,58800,53967.898438,18122236
2022-06-28,59200,59500,58700,59400,54518.582031,13540538
2022-06-29,58500,58800,58000,58000,53559.144531,14677138
2022-06-30,57200,57600,57000,57000,52635.707031,18915142
2022-07-01,56900,57500,55900,56200,51896.960938,24982097
2022-07-04,56100,57400,55700,57100,52728.050781,17807126
2022-07-05,57600,58200,57200,57200,52820.394531,14216539
2022-07-06,57300,57300,56400,56400,52081.652344,16820461
2022-07-07,56400,58700,56300,58200,53743.828125,21322833
2022-07-08,58600,59300,58200,58700,54205.542969,15339271
2022-07-11,59300,59600,58700,58800,54297.886719,13042624
2022-07-12,58600,58700,58100,58100,53651.484375,9336061
2022-07-13,58300,58600,58000,58000,53559.144531,10841315
2022-07-14,57500,58200,57400,57500,53097.425781,15067012
2022-07-15,58400,60000,58100,60000,55406.007813,18685583
2022-07-18,60600,62000,60500,61900,57160.53125,20832517
2022-07-19,61400,61500,60200,60900,56237.09375,15248261
2022-07-20,61800,62100,60500,60500,55867.722656,16782238
2022-07-21,61100,61900,60700,61800,57068.1875,12291374
2022-07-22,61800,62200,61200,61300,56606.46875,10261310
2022-07-25,60900,61900,60800,61100,56421.789063,9193681
2022-07-26,60800,61900,60800,61700,56975.851563,6597211
2022-07-27,61300,61900,61200,61800,57068.1875,7320997
2022-07-28,62300,62600,61600,61900,57160.53125,10745302
2022-07-29,62400,62600,61300,61400,56698.804688,15093120
2022-08-01,61000,61700,60300,61300,56606.46875,13154816
2022-08-02,61200,61900,61000,61700,56975.851563,13614895
2022-08-03,61600,61600,61000,61300,56606.46875,10053861
2022-08-04,61700,61800,61200,61500,56791.152344,9125439
2022-08-05,61700,61900,61200,61500,56791.152344,9567620
2022-08-08,61400,61400,60600,60800,56144.753906,11313150
2022-08-09,60600,60700,59600,60000,55406.007813,18251170
2022-08-10,58900,59200,58600,59100,54574.917969,18084349
2022-08-11,59600,60000,59300,59900,55313.671875,15141941
2022-08-12,59500,60700,59400,60200,55590.691406,10786658
2022-08-16,60500,61600,60300,61000,56329.4375,15036727
2022-08-17,61100,61200,60300,60400,55775.386719,9061518
2022-08-18,60300,61900,60000,61500,56791.152344,16372754
2022-08-19,61400,61600,60600,60900,56237.09375,6923679
2022-08-22,60300,60400,59800,60000,55406.007813,8259865
2022-08-23,59000,59600,59000,59100,54574.917969,9041629
2022-08-24,59200,59500,59000,59000,54482.574219,8888486
2022-08-25,59200,59700,59000,59700,55128.976563,5767902
2022-08-26,60300,60900,59900,60000,55406.007813,9499995
2022-08-29,58700,58900,58600,58600,54113.203125,9841329
2022-08-30,58700,59000,58300,58800,54297.886719,9690044
2022-08-31,58200,59900,58200,59700,55128.976563,14203512
2022-09-01,58700,58900,58300,58400,53928.511719,14905777
2022-09-02,58300,58600,57500,57500,53097.425781,15040310
2022-09-05,57400,57800,56800,57100,52728.050781,11425977
2022-09-06,57200,57600,56900,57100,52728.050781,7503086
2022-09-07,56700,56700,55900,56000,51712.277344,17384854
2022-09-08,56200,56400,55600,55600,51342.90625,18000016
2022-09-13,57000,58500,56800,58100,53651.484375,17166581
2022-09-14,56200,57200,56100,56800,52451.023438,12524961
2022-09-15,57000,57100,56000,56000,51712.277344,11664819
2022-09-16,55600,56400,55500,56200,51896.960938,13456503
2022-09-19,56300,57000,56000,56400,52081.652344,12278653
2022-09-20,56400,57000,55800,55800,51527.589844,14041465
2022-09-21,55400,55500,55000,55300,51065.871094,11863700
2022-09-22,54600,54700,54300,54400,50234.78125,12786510
2022-09-23,54400,54900,54200,54500,50327.125,10555964
2022-09-26,53700,54200,53600,53900,49773.0625,15008449
2022-09-27,53800,54200,53500,54200,50050.09375,16631289
2022-09-28,53900,54400,52500,52900,48849.632813,19991129
2022-09-29,53300,53700,52600,52600,48906.347656,13882080
2022-09-30,52300,53600,51800,53100,49371.242188,22503249
2022-10-04,55300,55400,54500,55200,51323.773438,19148435
2022-10-05,56900,57200,55400,56000,52067.597656,22458970
2022-10-06,56700,57300,56300,56300,52346.53125,14944446
2022-10-07,55900,56900,55200,56200,52253.550781,16886813
2022-10-11,54400,55700,54000,55400,51509.71875,21437877
2022-10-12,55700,57000,55200,55800,51881.632813,18408910
2022-10-13,55400,56100,55200,55200,51323.773438,13784602
2022-10-14,56200,56500,55800,56300,52346.53125,12924326
2022-10-17,55800,57000,55700,56600,52625.457031,13641878
2022-10-18,56700,57100,55800,56500,52532.480469,14820702
2022-10-19,56700,56900,55700,55800,51881.632813,12660652
2022-10-20,55200,56000,55100,55500,51602.710938,17107653
2022-10-21,55100,56300,55100,55900,51974.613281,11456060
2022-10-24,57000,57500,56700,57500,53462.265625,16944503
2022-10-25,57000,58600,57000,57700,53648.214844,17405678
2022-10-26,58000,59600,57700,59400,55228.839844,20824967
2022-10-27,59700,60100,58900,59500,55321.820313,21756712
2022-10-28,58900,59200,57200,57300,53276.3125,20924937
2022-10-31,58100,59900,58000,59400,55228.839844,18999514
2022-11-01,59900,60300,59500,60000,55786.707031,17201647
2022-11-02,59700,60000,59300,59600,55414.796875,13202919
2022-11-03,58600,59800,58100,59200,55042.890625,17492162
2022-11-04,59100,59500,58400,59400,55228.839844,12445841
2022-11-07,59700,60300,59400,60200,55972.660156,12437246
2022-11-08,60500,61900,60500,61800,57460.308594,18273898
2022-11-09,62000,62200,61300,62000,57646.269531,14045592
2022-11-10,61400,61500,60400,60400,56158.625,21087633
2022-11-11,63100,63200,62300,62900,58483.074219,20037163
2022-11-14,62900,62900,61700,61900,57553.289063,15973416
2022-11-15,62200,62500,61600,62400,58018.183594,12310986
2022-11-16,62400,62700,61700,62700,58297.105469,12909260
2022-11-17,62000,62000,61300,61400,57088.394531,13298296
2022-11-18,61800,62400,61400,61800,57460.308594,12236503
2022-11-21,61400,61800,60800,61400,57088.394531,9378097
2022-11-22,60900,61200,60300,60600,56344.578125,9411289
2022-11-23,61200,61300,60700,61000,56716.488281,8765050
2022-11-24,61200,61700,60900,61400,57088.394531,8125010
2022-11-25,61400,61700,60800,61000,56716.488281,6677933
2022-11-28,60500,60500,59800,60100,55879.6875,8589032
2022-11-29,59900,60600,59800,60600,56344.578125,7014160
2022-11-30,60400,62200,60200,62200,57832.226563,19768903
2022-12-01,63100,63200,62300,62600,58204.128906,16631445
2022-12-02,62500,62500,60400,60400,56158.625,15331184
2022-12-05,60900,61100,60000,60300,56065.636719,13767787
2022-12-06,59800,60100,59200,59200,55042.890625,13888300
2022-12-07,58800,59600,58500,58900,54763.953125,12100662
2022-12-08,58700,59200,58600,59200,55042.890625,12986815
2022-12-09,59300,60600,59300,60400,56158.625,10529632
2022-12-12,59900,60000,59400,59500,55321.820313,9036472
2022-12-13,59600,60300,59400,59700,55507.769531,9040873
2022-12-14,59800,60600,59800,60500,56251.589844,8207485
2022-12-15,59800,60200,59300,59300,55135.871094,8716039
2022-12-16,58300,59500,58300,59500,55321.820313,13033596
2022-12-19,59500,59900,59100,59500,55321.820313,7696187
2022-12-20,59000,59100,58500,58600,54485.015625,9284761
2022-12-21,58700,59100,58000,58000,53927.15625,10356971
2022-12-22,58100,59100,58100,59100,54949.902344,10720630
2022-12-23,58200,58400,57700,58100,54020.132813,9829407
2022-12-26,58000,58100,57700,57900,53834.175781,6756411
2022-12-27,58000,58400,57900,58100,54020.132813,10667027
2022-12-28,57600,57600,56400,56600,52954.488281,14665410
2022-12-29,56000,56200,55300,55300,51738.226563,11295935
2023-01-02,55500,56100,55200,55500,51925.335938,10031448
2023-01-03,55400,56000,54500,55400,51831.777344,13547030
2023-01-04,55700,58000,55600,57800,54077.199219,20188071
2023-01-05,58200,58800,57600,58200,54451.433594,15682826
2023-01-06,58300,59400,57900,59000,55199.90625,17334989
2023-01-09,59700,60700,59600,60700,56790.414063,18640107
2023-01-10,60200,61100,59900,60400,56509.746094,14859797
2023-01-11,61000,61200,60300,60500,56603.292969,12310751
2023-01-12,61100,61200,59900,60500,56603.292969,16102561
2023-01-13,60500,61200,60400,60800,56883.96875,12510328
2023-01-16,61300,61600,60800,61100,57164.65625,10039972
2023-01-17,61200,61500,60600,61000,57071.09375,9831456
2023-01-18,60700,61000,59900,60400,56509.746094,11584041
2023-01-19,60500,61500,60400,61500,57538.886719,12808490
2023-01-20,62100,62300,61100,61800,57819.566406,9646327
2023-01-25,63500,63700,63000,63300,59222.957031,39217
2023-01-26,63800,63900,63300,63800,59690.753906,54188
2023-01-27,64400,65000,63900,64600,60439.21875,44282
2023-01-30,64900,64900,63100,63300,59222.957031,59628
2023-01-31,63500,63700,61000,61400,57445.324219,163847
2023-02-01,62600,62700,61000,61000,57071.09375,98585
2023-02-02,63200,63900,62600,63500,59410.078125,65992
2023-02-03,63900,64000,63000,63500,59410.078125,47567
2023-02-06,62800,63000,61600,61600,57632.441406,144104
2023-02-07,61900,62500,61600,62000,58006.6875,32873
2023-02-08,62800,63300,62400,63100,59035.832031,42558
2023-02-09,63000,63300,62300,63300,59222.957031,48035
2023-02-10,62600,63000,62400,62900,58848.722656,44786
2023-02-13,62900,63000,62300,62900,58848.722656,59395
2023-02-14,63600,63900,63200,63200,59129.394531,70606
2023-02-15,63900,63900,62000,62200,58193.808594,58370
2023-02-16,62500,63700,62400,63700,59597.191406,41448
2023-02-17,62900,63300,62400,62600,58568.035156,28613
2023-02-20,62900,63000,61800,62700,58661.601563,29846
2023-02-21,62700,62800,62000,62100,58100.25,60971
2023-02-22,61500,61800,61000,61100,57164.65625,39178
2023-02-23,61700,62500,61500,62000,58006.6875,37145
2023-02-24,62300,62600,61300,61300,57351.769531,50792
2023-02-27,60800,60800,60200,60500,56603.292969,11155697
2023-02-28,60800,61400,60500,60600,56696.855469,13715861
2023-03-02,60900,61800,60500,60800,56883.96875,13095682
2023-03-03,61000,61200,60500,60500,56603.292969,10711405
2023-03-06,61100,61600,60800,61500,57538.886719,13630602
2023-03-07,61400,61400,60700,60700,56790.414063,11473280
2023-03-08,60100,60500,59900,60300,56416.171875,14161857
2023-03-09,60500,60800,59900,60100,56229.0625,14334499
2023-03-10,59500,59700,59100,59500,55667.707031,11902471
2023-03-13,59900,60200,59300,60000,56135.503906,12779724
2023-03-14,59400,59500,59000,59000,55199.90625,12147346
2023-03-15,60000,60300,59600,59800,55948.382813,10482149
2023-03-16,59200,60200,59100,59900,56041.945313,10611939
2023-03-17,60800,61300,60600,61300,57351.769531,14090110
2023-03-20,61100,61200,60200,60200,56322.621094,9618009
2023-03-21,60500,60700,60100,60300,56416.171875,8318514
2023-03-22,61000,61200,60500,61100,57164.65625,8978591
2023-03-23,60600,62300,60600,62300,58287.363281,15381057
2023-03-24,62700,63300,62300,63000,58942.28125,18278602
2023-03-27,62600,62800,62000,62100,58100.25,11039331
2023-03-28,62400,62900,62100,62900,58848.722656,11614118
2023-03-29,62500,62700,62200,62700,58661.601563,11216008
2023-03-30,63700,63700,63100,63200,59471.804688,15684377
2023-03-31,64000,64000,63700,64000,60224.617188,14094479
2023-04-03,64000,64000,63000,63100,59377.710938,11973133
2023-04-04,63400,63800,62800,63600,59848.222656,11120514
2023-04-05,63700,64000,63400,63900,60130.515625,9176149
2023-04-06,63500,63600,62300,62300,58624.902344,14992747
2023-04-07,63800,65200,63800,65000,61165.628906,27476120
2023-04-10,64800,66300,64700,65700,61824.332031,18777166
2023-04-11,66200,66200,65400,65900,62012.539063,16323183
2023-04-12,65800,66200,65300,66000,62106.636719,15021313
2023-04-13,65600,66100,65400,66100,62200.734375,15091022
2023-04-14,66600,66600,65000,65100,61259.726563,16176490
2023-04-17,65000,65600,64700,65300,61447.929688,13486618
2023-04-18,65900,66000,64800,65600,61730.234375,14802060
2023-04-19,65500,65800,65300,65500,61636.132813,10255985
2023-04-20,65100,65300,64600,65300,61447.929688,9501169
2023-04-21,65800,65900,65400,65700,61824.332031,10538622
2023-04-24,65300,65700,64800,65200,61353.828125,12986581
2023-04-25,65300,65400,63400,63600,59848.222656,16193271
2023-04-26,63600,64300,63300,64100,60318.71875,12664541
2023-04-27,64100,65000,63300,64600,60789.21875,14779601
2023-04-28,65200,65900,65000,65500,61636.132813,19699481
2023-05-02,66000,66300,65100,65700,61824.332031,14396948
2023-05-03,65100,65600,64900,65400,61542.03125,8876749
2023-05-04,65600,65700,64700,65100,61259.726563,9791064
2023-05-08,66300,66300,65400,65900,62012.539063,9405365
2023-05-09,65800,65800,65100,65300,61447.929688,9366861
2023-05-10,65500,65500,64300,64600,60789.21875,13057727
2023-05-11,64700,65100,64200,64200,60412.824219,11648905
2023-05-12,63700,64600,63600,64100,60318.71875,8693913
2023-05-15,64100,64600,63900,64500,60695.121094,8172021
2023-05-16,65800,65900,65300,65400,61542.03125,12334657
2023-05-17,65900,65900,64800,65000,61165.628906,10745504
2023-05-18,66000,66200,65700,66200,62294.835938,14431704
2023-05-19,67800,68400,67500,68400,64365.066406,20349345
2023-05-22,68400,69000,68000,68500,64459.152344,14470308
2023-05-23,68500,68700,68100,68400,64365.066406,8561643
2023-05-24,68100,68700,68000,68500,64459.152344,8192896
2023-05-25,69900,70000,68700,68800,64741.464844,14231160
2023-05-26,69800,70400,69500,70300,66152.976563,19549511
2023-05-30,71300,72300,71200,72300,68034.992188,27476897
2023-05-31,72400,72500,71000,71400,67188.085938,25666087
2023-06-01,70900,71600,70600,70900,66717.585938,14669296
2023-06-02,71700,72200,71600,72200,67940.898438,12161798
2023-06-05,72700,72700,71400,71700,67470.398438,12686829
2023-06-07,71300,71600,70800,71000,66811.679688,14796613
2023-06-08,70400,70900,70000,70900,66717.585938,19165568
2023-06-09,71100,72300,70800,72000,67752.695313,15050209
2023-06-12,72100,72400,70800,71000,66811.679688,12064287
2023-06-13,71700,72200,71600,72000,67752.695313,13227285
2023-06-14,72100,72200,71100,71900,67658.578125,12541046
2023-06-15,72100,72300,71300,71500,67282.1875,13614994
2023-06-16,71800,71900,70900,71800,67564.492188,15373696
2023-06-19,71300,71700,70900,71200,66999.882813,11100887
2023-06-20,70700,71400,70400,71400,67188.085938,11557883
2023-06-21,70700,71200,70400,70500,66341.171875,10626603
2023-06-22,70200,71500,70100,71300,67093.976563,11411007
2023-06-23,72000,72200,71600,71600,67376.28125,12329484
2023-06-26,71700,72500,71500,72400,68129.09375,10541901
2023-06-27,72500,72600,72000,72600,68317.304688,9442997
2023-06-28,72600,72700,72000,72700,68411.40625,8783093
2023-06-29,73100,73400,72400,72400,68469.085938,12229967
2023-06-30,72500,72700,71700,72200,68279.953125,11694765
2023-07-03,72700,73200,72600,73000,69036.492188,10722181
2023-07-04,73400,73600,72900,73000,69036.492188,10214350
2023-07-05,73000,73300,71900,72000,68090.804688,12310610
2023-07-06,71900,72400,71500,71600,67712.515625,14777667
2023-07-07,71100,71400,69800,69900,66104.8125,17308877
2023-07-10,70000,70400,69200,69500,65726.539063,11713926
2023-07-11,70200,71500,70100,71500,67617.953125,12177392
2023-07-12,71200,72000,71100,71900,67996.21875,10375581
2023-07-13,72400,72600,71900,71900,67996.21875,14417279
2023-07-14,72500,73400,72400,73400,69414.796875,15882519
2023-07-17,73200,73500,72800,73300,69320.21875,10060049
2023-07-18,73200,73500,72000,72000,68090.804688,11697900
2023-07-19,72700,72800,71300,71700,67807.101563,10896412
2023-07-20,71100,71500,70800,71000,67145.09375,9732730
2023-07-21,70400,70400,69400,70300,66483.101563,16528926
2023-07-24,70100,70900,69900,70400,66577.671875,13418597
2023-07-25,70000,70500,69800,70000,66199.390625,14314945
2023-07-26,69800,70600,68100,69800,66010.265625,30016221
2023-07-27,69900,71700,69300,71700,67807.101563,24261179
2023-07-28,71800,72400,70100,70600,66766.820313,19420683
2023-07-31,70900,71000,69800,69800,66010.265625,13035420
2023-08-01,70100,71200,70000,71100,67239.664063,12299254
2023-08-02,70700,71000,69800,69900,66104.8125,13835020
2023-08-03,69900,70200,68500,68800,65064.550781,20087090
2023-08-04,68800,69100,68200,68300,64591.6875,12360193
2023-08-07,67700,69200,67600,68500,64780.828125,10968505
2023-08-08,69000,69100,67400,67600,63929.703125,14664709
2023-08-09,68000,69600,67900,68900,65159.125,17259673
2023-08-10,68300,68500,67800,68000,64307.984375,10227311
2023-08-11,68400,68800,67500,67500,63835.128906,9781038
2023-08-14,67500,67900,66900,67300,63645.988281,9352343
2023-08-16,66700,67100,66300,67000,63362.261719,13174578
2023-08-17,66300,66800,66000,66700,63078.554688,10778652
2023-08-18,66000,66700,65800,66300,62700.289063,11745006
2023-08-21,66600,67100,66300,66600,62983.996094,9720067
2023-08-22,67200,67700,66300,66600,62983.996094,10500242
2023-08-23,66700,67100,66400,67100,63456.847656,9549352
2023-08-24,68300,68700,67900,68200,64497.117188,15044463
2023-08-25,67100,67400,66900,67100,63456.847656,7032462
2023-08-28,66800,67000,66500,66800,63173.128906,5824628
2023-08-29,66900,67200,66600,66800,63173.128906,9114352
2023-08-30,67300,67700,67100,67100,63456.847656,9181223
2023-08-31,67100,67200,66400,66900,63267.699219,15964630
2023-09-01,66800,71000,66700,71000,67145.09375,29738235
2023-09-04,72900,72900,70700,71200,67334.234375,26286495
2023-09-05,70900,71500,70200,70700,66861.382813,12330239
2023-09-06,70700,70800,69700,70000,66199.390625,11414620
2023-09-07,70000,70600,69600,70400,66577.671875,13741241
2023-09-08,70200,70300,69600,70300,66483.101563,10688118
2023-09-11,70400,70800,70000,70800,66955.953125,11785462
2023-09-12,70800,71000,70400,70500,66672.242188,11688599
2023-09-13,71100,71600,70300,70900,67050.53125,15955797
2023-09-14,71200,71800,70800,71700,67807.101563,21041407
2023-09-15,71700,72300,71400,72000,68090.804688,17823512
2023-09-18,71300,71700,70200,70200,66388.53125,16040727
2023-09-19,70400,70800,69600,69800,66010.265625,11820188
2023-09-20,70000,70300,69500,69600,65821.117188,10873015
2023-09-21,69200,69800,68800,68900,65159.125,10796336
2023-09-22,68300,68900,68300,68800,65064.550781,9897840
2023-09-25,68500,69700,68500,69400,65631.960938,13582516
2023-09-26,70000,70000,68400,68600,65214.644531,13143470
2023-09-27,68600,69100,68200,68400,65024.515625,14886491
2023-10-04,67400,67700,66700,67500,64168.921875,23361149
2023-10-05,67300,67400,66700,66700,63408.390625,16108313
2023-10-06,67100,67300,66000,66000,62742.949219,14386527
2023-10-10,66200,67600,66200,66400,63123.207031,19889202
2023-10-11,68600,69400,67900,68200,64834.375,25209349
2023-10-12,68600,69700,68200,68900,65499.828125,19311380
2023-10-13,68000,68500,67700,68000,64644.246094,9724086
2023-10-16,67900,68500,66800,67300,63978.789063,12599299
2023-10-17,67700,69900,67400,69400,65975.15625,17299253
2023-10-18,68900,70500,68800,70500,67020.875,16493184
2023-10-19,69700,70000,69400,69500,66070.226563,13985012
2023-10-20,68900,69200,68100,68800,65404.765625,15204495
2023-10-23,68700,69100,68200,68400,65024.515625,11625959
2023-10-24,68700,68800,67700,68500,65119.570313,12791710
2023-10-25,68800,68800,67900,68000,64644.246094,10610703
2023-10-26,67000,67900,66700,66700,63408.390625,15517624
2023-10-27,67100,67300,66700,67300,63978.789063,11334726
2023-10-30,66800,67800,66700,67300,63978.789063,10139270
2023-10-31,67600,68300,66900,66900,63598.519531,14488892
2023-11-01,67500,68900,67300,68600,65214.644531,13775256
2023-11-02,70000,70000,69400,69700,66260.359375,16350031
2023-11-03,69700,70200,69500,69600,66165.296875,10322234
2023-11-06,69800,70900,69300,70900,67401.132813,22228489
2023-11-07,70600,70900,70000,70900,67401.132813,17228731
2023-11-08,71300,71400,69700,69900,66450.476563,12901310
2023-11-09,69900,70800,69600,70300,66830.75,12301373
2023-11-10,70000,70500,69500,70500,67020.875,9684347
2023-11-13,71300,71300,70300,70400,66925.8125,9246919
2023-11-14,71000,71100,70600,70800,67306.0625,9567984
2023-11-15,71600,72200,71500,72200,68636.984375,20148677
2023-11-16,72500,73000,72300,72800,69207.375,15860451
2023-11-17,72300,73000,72300,72500,68922.171875,11494644
2023-11-20,72100,73000,72100,72700,69112.304688,10610157
2023-11-21,73100,73400,72700,72800,69207.375,9712881
2023-11-22,72200,73000,71900,72800,69207.375,11105143
2023-11-23,73000,73200,72200,72400,68827.117188,6775614
2023-11-24,72400,72600,71700,71700,68161.664063,6676685
2023-11-27,71500,72100,71100,71300,67781.398438,9113857
2023-11-28,71400,72700,71300,72700,69112.304688,13283081
2023-11-29,72400,72800,72200,72700,69112.304688,9283933
2023-11-30,72700,72800,72200,72800,69207.375,15783714
2023-12-01,72400,72500,71700,72000,68446.851563,9871284
2023-12-04,72800,72900,72400,72600,69017.25,10229267
2023-12-05,72300,72400,71200,71200,67686.328125,12129682
2023-12-06,71800,72100,71600,71700,68161.664063,8123087
2023-12-07,71800,71900,71100,71500,67971.523438,8862017
2023-12-08,72100,72800,71900,72600,69017.25,10859463
2023-12-11,72800,73000,72200,73000,69397.492188,9861960
2023-12-12,73300,73500,73100,73500,69872.835938,13758646
2023-12-13,73300,73500,72800,72800,69207.375,13116766
2023-12-14,74100,74300,72500,73100,69492.5625,27567593
2023-12-15,73800,74000,73200,73300,69682.6875,15419815
2023-12-18,73300,73400,72800,72900,69302.429688,9690551
2023-12-19,73000,73400,72800,73400,69777.765625,8907632
2023-12-20,74200,74900,73800,74800,71108.6875,16870156
2023-12-21,74600,75000,74300,75000,71298.804688,13478766
2023-12-22,75800,76300,75400,75900,72154.382813,14515608
2023-12-26,76100,76700,75700,76600,72819.84375,13164909
2023-12-27,76700,78000,76500,78000,74501.859375,20651042
2023-12-28,77700,78500,77500,78500,74979.4375,17797536
2024-01-02,78200,79800,78200,79600,76030.109375,17142847
2024-01-03,78500,78800,77000,77000,73546.710938,21753644
2024-01-04,76100,77300,76100,76600,73164.648438,15324439
2024-01-05,76700,77100,76400,76600,73164.648438,11304316
2024-01-08,77000,77500,76400,76500,73069.140625,11088724
2024-01-09,77400,77700,74300,74700,71349.859375,26019249
2024-01-10,75000,75200,73200,73600,70299.195313,20259529
2024-01-11,72900,73600,72700,73200,69917.132813,57691266
2024-01-12,73000,74100,72800,73100,69821.625,13038939
2024-01-15,73200,74000,73200,73900,70585.734375,2957915
2024-01-16,73500,73700,72500,72600,69344.054688,14760415
2024-01-17,73100,73300,71000,71000,67815.804688,22683660
2024-01-18,71600,72000,70700,71700,68484.40625,17853397
2024-01-19,73500,74700,73000,74700,71349.859375,23363427
2024-01-22,75900,76000,75000,75100,71731.9375,19673375
2024-01-23,75700,75800,74300,75200,71827.445313,14786224
2024-01-24,75200,75200,73500,74000,70681.25,12860661
2024-01-25,74200,74800,73700,74100,70776.773438,11737747
2024-01-26,73700,74500,73300,73400,70108.148438,11160062
2024-01-29,73800,75200,73500,74400,71063.320313,13976521
2024-01-30,75000,75300,73700,74300,70967.8125,12244418
2024-01-31,73400,74000,72500,72700,69439.5625,15703560
2024-02-01,73000,74200,72900,73600,70299.195313,19881033
2024-02-02,74000,75200,73700,75200,71827.445313,14955881
2024-02-05,74200,74800,73500,74300,70967.8125,19026021
2024-02-06,74300,74700,73300,74400,71063.320313,14559254
2024-02-07,74600,75500,74300,75000,71636.40625,16566445
2024-02-08,75000,75200,73600,74100,70776.773438,20810708
2024-02-13,74800,75200,74400,75200,71827.445313,21966745
2024-02-14,73700,74300,73700,74000,70681.25,12434945
2024-02-15,74200,74400,73000,73200,69917.132813,14120600
2024-02-16,73300,73400,72500,72800,69535.070313,13444781
2024-02-19,72800,73900,72800,73800,70490.234375,12726404
2024-02-20,73700,73700,72800,73300,70012.648438,14681477
2024-02-21,73400,73700,72900,73000,69726.101563,11503495
2024-02-22,73800,73900,72700,73100,69821.625,15208934
2024-02-23,73600,74200,72900,72900,69630.585938,16225166
2024-02-26,72300,73200,72200,72800,69535.070313,14669352
2024-02-27,73100,73400,72700,72900,69630.585938,13201981
2024-02-28,72900,73900,72800,73200,69917.132813,11795859
2024-02-29,72600,73400,72000,73400,70108.148438,21176403
2024-03-04,74300,75000,74000,74900,71540.898438,23210474
2024-03-05,74600,74800,73700,73700,70394.726563,19505125
2024-03-06,73200,73500,72700,72900,69630.585938,21547905
2024-03-07,73100,73300,72200,72200,68961.992188,14516963
2024-03-08,72800,73400,72600,73300,70012.648438,19271349
2024-03-11,72900,73100,72300,72400,69153.015625,9740504
2024-03-12,72600,73500,72100,73300,70012.648438,13011654
2024-03-13,73700,74100,73500,74100,70776.773438,15243134
2024-03-14,74400,74500,73600,74300,70967.8125,22545539
2024-03-15,73400,73700,72300,72300,69057.5,22580555
2024-03-18,72600,73000,72500,72800,69535.070313,11520348
2024-03-19,72300,73000,71700,72800,69535.070313,15376066
2024-03-20,73700,77200,73400,76900,73451.195313,50106297
2024-03-21,79200,79300,77700,79300,75743.5625,44569799
2024-03-22,79600,79900,77800,78900,75361.507813,26724761
2024-03-25,79600,79800,77800,78200,74692.890625,18703996
2024-03-26,79700,80100,79200,79900,76316.679688,30551494
2024-03-27,79200,80000,79200,79800,76221.132813,17424595
2024-03-28,79400,81000,79200,80800,77527,25084812
2024-03-29,81200,82500,80900,82400,79062.203125,27126366
2024-04-01,83200,83300,82000,82000,78678.414063,20116513
2024-04-02,82900,85000,82900,85000,81556.890625,37077944
2024-04-03,84300,85000,83500,84100,80693.328125,30493347
2024-04-04,85200,85500,84300,85300,81844.734375,25248934
2024-04-05,84500,85000,83800,84500,81077.132813,18883752
2024-04-08,85200,86000,84500,84500,81077.132813,18953232
2024-04-09,84500,84900,83100,83600,80213.59375,23725956
2024-04-11,83200,84700,82500,84100,80693.328125,25538009
2024-04-12,84700,84900,83200,83700,80309.539063,17061770
2024-04-15,82900,83200,81200,82200,78870.289063,26663772
2024-04-16,81200,81300,79400,80000,76759.421875,31949845
2024-04-17,80700,80800,78900,78900,75703.984375,22611631
2024-04-18,78800,80100,78300,79600,76375.617188,21370190
2024-04-19,78300,78700,76300,77600,74456.648438,31317563
2024-04-22,77400,77500,75100,76100,73017.398438,30469477
2024-04-23,76400,76800,75500,75500,72441.703125,18717699
2024-04-24,77500,78800,77200,78600,75416.140625,22166150
2024-04-25,77300,77500,76300,76300,73209.289063,15549134
2024-04-26,77800,77900,76500,76700,73593.09375,12755629
2024-04-29,77400,77600,76200,76700,73593.09375,14664474
2024-04-30,77000,78500,76600,77500,74360.695313,19007007
2024-05-02,77600,78600,77300,78000,74840.421875,18900640
2024-05-03,79000,79000,77500,77600,74456.648438,13151889
2024-05-07,79600,81300,79400,81300,78006.765625,26238868
2024-05-08,80800,81400,80500,81300,78006.765625,13089576
2024-05-09,81100,81500,79700,79700,76471.570313,18759935
2024-05-10,80400,81100,78900,79200,75991.820313,16976124
2024-05-13,79400,79900,77600,78400,75224.210938,18652344
2024-05-14,78600,78800,77900,78300,75128.265625,11763992
2024-05-16,80200,80300,78100,78200,75032.335938,20989778
2024-05-17,78600,78800,77200,77400,74264.734375,15918201
2024-05-20,78100,79100,77900,78900,75703.984375,19456783
2024-05-21,78500,79000,78200,78400,75224.210938,13690583
2024-05-22,78100,78700,77300,77700,74552.578125,19521506
2024-05-23,77700,79100,77100,78300,75128.265625,18728087
2024-05-24,76800,77000,75700,75900,72825.492188,27891278
2024-05-27,75300,78200,74000,77200,74072.84375,43825202
2024-05-28,76500,78000,76200,77600,74456.648438,18539072
2024-05-29,77700,78200,75200,75200,72153.859375,30244875
2024-05-30,74800,75200,73500,73500,70522.710938,28551273
2024-05-31,74500,74700,73500,73500,70522.710938,26198776
2024-06-03,74400,76400,74200,75700,72633.609375,15706268
2024-06-04,74900,76100,74900,75300,72249.804688,14098053
2024-06-05,78000,78000,76800,77400,74264.734375,23177968
2024-06-07,78400,78600,77100,77300,74168.789063,21189349
2024-06-10,76100,76600,75600,75700,72633.609375,14598755
2024-06-11,75900,76000,75100,75200,72153.859375,16971175
2024-06-12,75300,77100,75200,76500,73401.195313,19246725
2024-06-13,78400,79000,77800,78600,75416.140625,33763804
2024-06-14,79700,80500,79000,79600,76375.617188,22926612
2024-06-17,79200,79500,78000,78100,74936.382813,16123051
2024-06-18,78700,80200,78600,79800,76567.515625,18207598
2024-06-19,81100,82500,80500,81200,77910.804688,24168863
2024-06-20,81500,82200,81200,81600,78294.609375,20288913
2024-06-21,80700,80800,80000,80000,76759.421875,17907523
2024-06-24,79700,80900,79500,80600,77335.117188,15454227
2024-06-25,80600,81800,80100,80800,77527,19088458
2024-06-26,80100,81400,79900,81300,78006.765625,17783242
2024-06-27,81300,81600,80500,81600,78643.8125,11739720
2024-06-28,81900,81900,80800,81500,78547.4375,9455929
2024-07-01,81500,82100,81300,81800,78836.5625,11317202
2024-07-02,82500,82600,81500,81800,78836.5625,14471904
2024-07-03,82300,82300,81000,81800,78836.5625,11440328
2024-07-04,82900,84700,82400,84600,81535.125,43857229
2024-07-05,85600,87100,85200,87100,83944.554688,45791193
2024-07-08,87900,88600,86900,87400,84233.679688,24035809
2024-07-09,87800,88200,86900,87800,84619.203125,21336201
2024-07-10,87600,88000,87100,87800,84619.203125,17813847
2024-07-11,88500,88800,86700,87600,84426.453125,24677608
2024-07-12,85900,86100,84100,84400,81342.375,26344386
2024-07-15,84700,87300,84100,86700,83559.054688,25193080
2024-07-16,86900,88000,86700,87700,84522.820313,16166688
2024-07-17,87100,88000,86400,86700,83559.054688,18186490
2024-07-18,83800,86900,83800,86900,83751.804688,24721790
2024-07-19,85600,86100,84100,84400,81342.375,18569122
2024-07-22,84400,84900,82600,83000,79993.09375,18987560
2024-07-23,84200,84700,83400,83900,80860.5,15766389
2024-07-24,82900,83300,81900,82000,79029.320313,16939083
2024-07-25,80400,81000,80100,80400,77487.289063,20323811
2024-07-26,80700,81300,80400,80900,77969.164063,14508334
2024-07-29,81600,82000,81100,81200,78258.3125,12797136
2024-07-30,80400,81000,80000,81000,78065.554688,13169636
2024-07-31,81200,83900,80900,83900,80860.5,20744323
2024-08-01,86000,86100,83100,83100,80089.476563,20900338
2024-08-02,81000,81400,79500,79600,76716.257813,25800275
2024-08-05,76700,76900,70200,71400,68813.335938,54608790
2024-08-06,74900,75300,72300,72500,69873.492188,47295226
2024-08-07,73000,76000,72800,74700,71993.78125,32710428
2024-08-08,73200,73900,72500,73400,70740.890625,28414729
2024-08-09,75700,75800,74200,74700,71993.78125,16388222
2024-08-12,75200,75900,74800,75500,72764.796875,9839259
2024-08-13,76500,76600,75500,76100,73343.070313,10716261
2024-08-14,77400,77800,77000,77200,74403.210938,13246168
2024-08-16,79400,80200,78700,80200,77294.53125,22061478
2024-08-19,80100,80100,78000,78300,75463.359375,14146565
2024-08-20,79500,79800,78700,78900,76041.640625,10683836
2024-08-21,77900,78600,77800,78300,75463.359375,7805598
2024-08-22,78700,78900,77800,78300,75463.359375,8149101
2024-08-23,77700,78400,77500,77700,74885.09375,9420306
2024-08-26,78100,78200,76000,76100,73343.070313,15655938
2024-08-27,75700,76500,75600,75800,73053.929688,11130145
2024-08-28,75800,76400,75400,76400,73632.195313,9794514
2024-08-29,73600,74700,73500,74000,71319.140625,16884479
2024-08-30,74400,75000,74100,74300,71608.273438,16358520
2024-09-02,74500,74700,73500,74400,71704.648438,12641376
2024-09-03,74100,74300,72500,72500,69873.492188,16314599
2024-09-04,69800,71100,69800,70000,67464.054688,27366563
2024-09-05,70100,71200,69000,69000,66500.28125,25686769
2024-09-06,69100,69700,68000,68900,66403.921875,19022299
2024-09-09,66900,68200,66600,67500,65054.628906,23263298
2024-09-10,67000,67300,66000,66200,63801.714844,30651376
2024-09-11,65100,65500,64200,64900,62548.8125,35809707
2024-09-12,66000,66600,65200,66300,63898.097656,35884106
2024-09-13,65000,65500,64300,64400,62066.925781,25045135
2024-09-19,64000,64400,62200,63100,60814.03125,49402713
2024-09-20,63800,64700,63000,63000,60717.652344,32746056
2024-09-23,62300,63500,62200,62600,60332.136719,28542376
2024-09-24,62800,63400,62400,63200,60910.402344,26957500
2024-09-25,63800,64200,62200,62200,59946.632813,28652438
2024-09-26,63900,64900,63700,64700,62356.070313,37566015
2024-09-27,64700,65400,64200,64200,62221.351563,28433030
2024-09-30,64200,64300,61500,61500,59604.554688,32694163
2024-10-02,60500,61900,59900,61300,59410.726563,28473536
2024-10-04,61000,61700,60500,60600,58732.300781,24247578
2024-10-07,60200,61900,59500,61000,59119.976563,35066533
2024-10-08,60000,61000,59900,60300,58441.539063,27411786
2024-10-10,60100,60200,58900,58900,57084.691406,45262214
2024-10-11,59100,60100,59000,59300,57472.367188,29623969
2024-10-14,59500,61200,59400,59300,57472.367188,20886249
2024-10-15,61100,61400,60100,61000,59119.976563,22715239
2024-10-16,59400,60000,59200,59500,57666.203125,23303268
2024-10-17,59400,60100,59100,59700,57860.035156,23372873
2024-10-18,59900,60100,59100,59200,57375.449219,14420260
2024-10-21,59000,59600,58500,59000,57181.613281,18514905
2024-10-22,58800,58900,57700,57700,55921.675781,27582527
2024-10-23,57500,60000,57100,59100,57278.53125,27300780
2024-10-24,58200,58500,56600,56600,54855.578125,31499922
2024-10-25,56000,56900,55800,55900,54177.152344,25829315
2024-10-28,55700,58500,55700,58100,56309.351563,27775009
2024-10-29,58000,59600,57300,59600,57763.117188,28369314
2024-10-30,59100,59800,58600,59100,57278.53125,19838511
2024-10-31,58500,61200,58300,59200,57375.449219,35809196
2024-11-01,59000,59600,58100,58300,56503.179688,19083180
2024-11-04,58600,59400,58400,58700,56890.855469,15586947
2024-11-05,57800,58100,57200,57600,55824.757813,17484474
2024-11-06,57600,58000,56300,57300,55534.011719,22092218
2024-11-07,56900,58100,56800,57300,55534.011719,17043102
2024-11-08,58000,58300,57000,57000,55243.246094,13877396
2024-11-11,56700,56800,55000,55000,53304.894531,29811326
2024-11-12,54600,54600,53000,53000,51366.53125,37962881
2024-11-13,52000,53000,50500,50600,49040.5,52527995
2024-11-14,50200,51800,49900,49900,48362.074219,48510715
2024-11-15,50300,54200,50300,53500,51851.125,46774485
2024-11-18,57000,57500,55900,56700,54952.496094,48095234
2024-11-19,56500,57500,55900,56300,54564.828125,31539632
2024-11-20,56100,56500,54800,55300,53595.640625,20864667
2024-11-21,54900,56900,54700,56400,54661.742188,19096850
2024-11-22,56000,56700,55900,56000,54274.074219,15281543
2024-11-25,57400,57900,56700,57900,56115.515625,36237325
2024-11-26,57900,58900,57500,58300,56503.179688,23209405
2024-11-27,57700,57800,56000,56300,54564.828125,21808387
2024-11-28,56000,56400,55200,55500,53789.484375,20001134
2024-11-29,55100,55300,53800,54200,52529.546875,24513531
2024-12-02,54300,54400,53100,53600,51948.039063,22044867
2024-12-03,53100,54400,53100,53600,51948.039063,23374603
2024-12-04,52000,53400,52000,53100,51463.449219,29004766
2024-12-05,53200,54400,53200,53700,52044.953125,23588277
2024-12-06,53900,54400,52700,54100,52432.632813,22861874
2024-12-09,53500,54600,53200,53400,51754.207031,26227680
2024-12-10,54500,54500,53700,54000,52335.714844,20783970
2024-12-11,53600,54200,53400,54000,52335.714844,14565947
2024-12-12,54000,56500,53900,55900,54177.152344,33476698
2024-12-13,55800,56300,55500,56100,54370.992188,15908823
2024-12-16,56300,56600,55200,55600,53886.398438,15277277
2024-12-17,54700,55200,54000,54200,52529.546875,20215230
2024-12-18,54100,55400,54000,54900,53207.972656,13698937
2024-12-19,53500,53800,53100,53100,51463.449219,22481925
2024-12-20,52700,53100,51900,53000,51366.53125,24674774
2024-12-23,53400,54000,53300,53500,51851.125,13672650
2024-12-24,53700,54500,53600,54400,52723.386719,11634677
2024-12-26,54500,54600,53500,53600,51948.039063,10517075
2024-12-27,53500,54100,53200,53700,52399.828125,10747196
2024-12-30,53300,54000,53100,53200,51911.9375,12624702
2025-01-02,52700,53600,52300,53400,52107.097656,16630538
2025-01-03,52800,55100,52800,54400,53082.882813,19318046
2025-01-06,54400,56200,54300,55900,54546.566406,19034284
2025-01-07,56800,57300,55400,55400,54058.671875,17030235
2025-01-08,54800,57500,54700,57300,55912.671875,26593553
2025-01-09,57600,57700,56100,56100,54741.71875,24490592
2025-01-10,56100,56500,55200,55300,53961.09375,16059223
2025-01-13,54600,55000,54100,54100,52790.144531,16868600
2025-01-14,54200,54600,53700,53900,52594.984375,17465926
2025-01-15,54100,54700,53500,53700,52399.828125,18625025
2025-01-16,54200,55000,54100,54300,52985.304688,18627298
2025-01-17,53800,54100,53200,53700,52399.828125,18805344
2025-01-20,53600,53900,53300,53400,52107.097656,11822531
2025-01-21,53700,54300,53300,53500,52204.671875,13535702
2025-01-22,53400,54400,53100,54300,52985.304688,18341991
2025-01-23,53700,54100,53500,53700,52399.828125,15588067
2025-01-24,53600,53800,53200,53700,52399.828125,11867631
2025-01-31,52200,53000,51700,52400,51131.304688,42186279
2025-02-03,51100,51400,50800,51000,49765.207031,32344897
2025-02-04,51600,53600,51500,52700,51424.042969,27214851
2025-02-05,53600,53800,52800,52900,51619.203125,15974885
2025-02-06,53400,54000,53200,54000,52692.566406,16466025
2025-02-07,53900,54200,53600,53700,52399.828125,14476866
2025-02-10,53000,55900,52900,55600,54253.828125,27577591
2025-02-11,55500,56300,55000,55700,54351.40625,24596196
2025-02-12,55100,55900,54500,55800,54448.984375,26428596
2025-02-13,56100,56400,55600,55800,54448.984375,22448377
2025-02-14,56000,57300,56000,56000,54644.148438,23979779
2025-02-17,56100,56500,55700,56000,54644.148438,11916027
2025-02-18,56200,57200,55900,56900,55522.351563,22131007
2025-02-19,57400,58900,57300,58700,57278.773438,25395151
2025-02-20,59100,59100,58100,58400,56986.035156,21589059
2025-02-21,58400,58500,57100,58200,56790.875,22198428
2025-02-24,57300,57700,57200,57300,55912.671875,14138471
2025-02-25,56600,57800,56500,57200,55815.089844,14625181
2025-02-26,57000,57100,56100,56600,55229.617188,18117091
2025-02-27,56500,57100,56200,56300,54936.878906,14975356
2025-02-28,55400,55700,54500,54500,53180.460938,28036698
2025-03-04,53900,55000,53800,54500,53180.460938,18553933
2025-03-05,55100,55400,54000,54000,52692.566406,16578817
2025-03-06,54100,54500,54000,54300,52985.304688,12258101
2025-03-07,53500,54200,53400,53700,52399.828125,14274992
2025-03-10,53500,54800,53500,53700,52399.828125,12921670
2025-03-11,52500,54100,52500,53600,52302.253906,17740891
2025-03-12,53800,55300,53600,54900,53570.777344,17973221
2025-03-13,55800,55900,54200,54700,53375.625,24132151
2025-03-14,54500,55100,54400,54700,53375.625,10845154
2025-03-17,55500,57800,55400,57600,56205.402344,35559021
2025-03-18,58800,59000,57300,57600,56205.402344,28138594
2025-03-19,57400,59200,57400,58500,57083.617188,29421759
2025-03-20,59200,60300,58500,60200,58742.453125,34989004
2025-03-21,60900,61700,60400,61700,60206.132813,40155612
2025-03-24,61200,61600,60500,60500,59035.191406,14088094
2025-03-25,60900,61100,59500,59800,58352.140625,17259455
2025-03-26,59800,61400,59700,61400,59913.398438,16431645
2025-03-27,60900,62000,60800,61800,60303.714844,20389790
2025-03-28,60700,61100,60000,60200,59091.457031,16282514
2025-03-31,59500,59700,57800,57800,56735.652344,17633494
2025-04-01,58700,59600,57900,58800,57717.234375,13841706
2025-04-02,58800,59400,58300,58800,57717.234375,14402297
2025-04-03,56900,57800,56900,57600,56539.332031,19508076
2025-04-04,56200,58200,55700,56100,55066.957031,23527139
2025-04-07,53300,54100,53100,53200,52220.355469,31998883
2025-04-08,55000,55300,53300,53500,52514.835938,25532845
2025-04-09,53300,54300,52900,53000,52024.042969,20576960
2025-04-10,56600,56700,55000,56400,55361.429688,22948172
2025-04-11,55600,55700,54800,55200,54183.527344,13930480
2025-04-14,56300,56700,55800,56200,55165.113281,12852613
2025-04-15,56300,57100,56200,56600,55557.75,8998640
2025-04-16,56000,56200,54500,54700,53692.742188,14437025
2025-04-17,54700,55300,54500,55100,54085.367188,10867069
2025-04-18,55300,55600,54900,55300,54281.691406,5848342
2025-04-21,55200,56000,55100,55400,54379.847656,5941847
2025-04-22,54900,55500,54700,55000,53987.210938,9532469
2025-04-23,56000,56100,55500,55700,54674.320313,11148692
2025-04-24,55600,55800,55200,55700,54674.320313,10580377
2025-04-25,56400,56400,55600,55700,54674.320313,12183303
2025-04-28,55800,55900,55500,55800,54772.476563,9341518
2025-04-29,55700,56500,55600,55800,54772.476563,10295518
2025-04-30,55900,56000,55300,55500,54478.007813,13014189
2025-05-02,55000,55500,54200,54300,53300.101563,22454204
2025-05-07,54500,55000,54300,54600,53594.578125,17136991
2025-05-08,55100,55500,54500,54600,53594.578125,16320532
2025-05-09,54700,55000,54400,54800,53790.894531,7814322
2025-05-12,55200,57600,55000,57600,56539.332031,15414702
2025-05-13,57700,58200,56800,56900,55852.222656,16842801
2025-05-14,57500,57900,57000,57400,56343.015625,12468089
2025-05-15,57400,58600,57100,57300,56244.863281,13139736
2025-05-16,57400,57500,56700,56800,55754.066406,10385352
2025-05-19,56400,56400,55500,55800,54772.476563,9802105
2025-05-20,56200,56700,55700,55900,54870.640625,9080577
2025-05-21,56200,56600,55700,55700,54674.320313,7794181
2025-05-22,55300,55500,54500,54700,53692.742188,15254278
2025-05-23,55000,55200,54100,54200,53201.945313,11247115
2025-05-26,53900,55000,53700,54700,53692.742188,10901337
2025-05-27,54200,54500,53800,53900,52907.464844,13439520
2025-05-28,54300,56100,54200,55900,54870.640625,17516283
2025-05-29,56200,56400,55600,56100,55066.957031,12936810
2025-05-30,56200,57200,55800,56200,55165.113281,26219683
2025-06-02,56300,57300,56200,56800,55754.066406,12870515
2025-06-04,57200,57900,56800,57800,56735.652344,19649983
2025-06-05,58100,59900,57900,59100,58011.714844,23266027
2025-06-09,60400,60400,59500,59800,58698.824219,19609659
2025-06-10,60000,60100,58800,59200,58109.871094,15305760
2025-06-11,59500,60100,59400,59900,58796.980469,13610734
2025-06-12,59700,60000,59300,59500,58404.34375,17755115
2025-06-13,60200,60200,57700,58300,57226.441406,20705979
2025-06-16,58000,58100,56900,57200,56146.703125,22200872
2025-06-17,57800,59800,57400,58100,57030.128906,28637003
2025-06-18,58000,59800,57900,59800,58698.824219,17620705
2025-06-19,60500,60600,59000,59200,58109.871094,16876278
2025-06-20,59400,59800,59100,59500,58404.34375,18072251
2025-06-23,58400,58500,57600,58000,56931.96875,16551694
2025-06-24,59400,60600,59300,60500,59385.933594,23737899
2025-06-25,61500,61600,60300,61300,60171.199219,23933612
2025-06-26,61300,61300,59900,60200,59091.457031,19402300
2025-06-27,60100,61600,60000,60800,60046.476563,17340470
2025-06-30,61200,61200,59800,59800,59058.871094,17110294
2025-07-01,60400,61100,60200,60200,59453.910156,13650991
2025-07-02,60200,60900,59800,60800,60046.476563,15047951
2025-07-03,61300,63800,61100,63800,63009.292969,32040639
2025-07-04,64700,64700,63000,63300,62515.488281,23748959
2025-07-07,62900,63300,61700,61700,60935.320313,17164708
2025-07-08,61600,62400,61000,61400,60639.039063,20213724
2025-07-09,61400,61400,60200,60400,59651.433594,17533415
2025-07-10,60600,61200,60400,61000,60244,14768473
2025-07-11,61300,62800,61200,62600,61824.167969,19140650
2025-07-14,62300,62600,61800,62500,61725.40625,13563846
2025-07-15,62300,63800,62000,63700,62910.535156,18442202
2025-07-16,63700,64700,63100,64700,63898.140625,23042660
2025-07-17,65900,66800,64400,66700,65873.359375,39448683
2025-07-18,67000,67800,66300,67100,66268.398438,23951531
2025-07-21,67400,68800,67200,67800,66959.71875,17723148
2025-07-22,68100,68500,65600,66000,65182.03125,20829006
2025-07-23,66200,66500,64900,66400,65577.070313,15687058
2025-07-24,66500,66800,65900,66000,65182.03125,12660193
2025-07-25,65700,66300,65500,65900,65083.269531,8080910
2025-07-28,68200,70400,67200,70400,69527.5,35332500
2025-07-29,70800,70800,68800,70600,69725.015625,28190940
2025-07-30,71000,73700,70600,72600,71700.226563,34761444
2025-07-31,73000,74000,71000,71400,70515.109375,26568072
2025-08-01,70200,72000,68800,68900,68046.09375,24038534
2025-08-04,69500,70200,68700,69700,68836.179688,14780072
2025-08-05,71000,71500,69700,69900,69033.703125,14392903
2025-08-06,69200,69400,68300,68800,67947.328125,12542415
2025-08-07,70800,71000,69700,70500,69626.257813,15008213
2025-08-08,71000,72400,70700,71800,70910.148438,22241128
2025-08-11,72000,72100,70800,71000,70120.0625,11354253
2025-08-12,71100,72400,71100,71100,70218.828125,15797656
2025-08-13,71900,72100,71400,71900,71008.90625,12305742
2025-08-14,71900,71900,71200,71600,70712.625,11946122
2025-08-18,71100,71200,70000,70000,69132.453125,13595591
2025-08-19,70400,70700,69700,70000,69132.453125,10533082
2025-08-20,70100,70700,69400,70500,69626.257813,17445516
2025-08-21,71500,71900,70600,70600,69725.015625,18843833
2025-08-22,71700,71800,70800,71400,70515.109375,9277432
2025-08-25,71700,71800,71000,71500,70613.867188,10345178
2025-08-26,70800,71100,70300,70300,69428.734375,14712519
2025-08-27,70100,70900,69800,70600,69725.015625,10523405
2025-08-28,70100,70400,69600,69600,68737.421875,11578024
2025-08-29,70100,70500,69700,69700,68836.179688,11682267
2025-09-01,68400,68600,67500,67600,66762.203125,12002343
2025-09-02,67800,69500,67800,69100,68243.609375,10604028
2025-09-03,69200,69800,68800,69800,68934.9375,10283009
2025-09-04,69500,70100,69300,70100,69231.21875,12284414
2025-09-05,70300,70400,69500,69500,68638.648438,11526724
2025-09-08,69800,70500,69600,70100,69231.21875,9263135
2025-09-09,70100,71500,70000,71500,70613.867188,14870245
2025-09-10,71800,72800,71600,72600,71700.226563,21928565
2025-09-11,73200,73600,72100,73400,72490.3125,20793501
2025-09-12,74600,75600,74200,75400,74465.53125,28219678
2025-09-15,77200,77600,75900,76500,75551.890625,19908805
2025-09-16,76900,79500,76700,79400,78415.953125,28218265
2025-09-17,79100,79100,77100,78200,77230.820313,20856317
2025-09-18,79100,80500,78600,80300,79304.796875,25619035
2025-09-22,81500,84000,81100,83500,82465.132813,27529656
2025-09-23,85800,85900,83600,84700,83650.265625,23610263
2025-09-24,84200,85500,83700,85400,84341.59375,18300997
2025-09-25,84400,86200,84100,86100,85032.914063,19665151
2025-09-26,85000,85300,82400,83300,82267.617188,24071193
2025-09-29,83300,85000,83200,84200,83527.476563,13069094
2025-09-30,84600,84900,83400,83900,83229.875,16319061
2025-10-01,84900,86200,84700,86000,85313.101563,22039361
2025-10-02,89300,90300,88700,89750,89033.148438,49883028
2025-10-10,94000,94500,92700,94400,93646.007813,35269748
2025-10-13,91300,93400,90700,93300,92554.796875,23883308
2025-10-14,95300,96000,90200,91600,90868.375,35545235
2025-10-15,92300,95300,92100,95000,94241.21875,21050111
2025-10-16,95300,97700,95000,97700,96919.65625,28141060
2025-10-17,97200,99100,96700,97900,97118.0625,22730809
2025-10-20,97900,98300,96000,98100,97316.460938,17589756
2025-10-21,98500,99900,97300,97500,96721.25,22803830
2025-10-22,97100,98600,95500,98600,97812.460938,15937611
2025-10-23,96800,98500,96300,96500,95729.242188,18488581
2025-10-24,97900,99000,97700,98800,98010.867188,18801925
2025-10-27,101300,102000,100600,102000,101185.304688,22169970
2025-10-28,100900,101000,99100,99500,98705.28125,20002282
2025-10-29,100200,101000,99100,100500,99697.289063,20899788
2025-10-30,102400,105800,102000,104100,103268.53125,34570017
2025-10-31,105000,108600,103300,107500,106641.375,54824564
2025-11-03,106900,111500,106500,111100,110212.617188,30110066
2025-11-04,111800,112400,104900,104900,104062.140625,30450281
2025-11-05,101000,102000,96700,100600,99796.492188,44843020
2025-11-06,103700,103800,98800,99200,98407.671875,28655689
2025-11-07,96400,100300,96300,97900,97118.0625,22908083
2025-11-10,98600,101000,97900,100600,99796.492188,23842327
2025-11-11,103700,106000,102000,103500,102673.320313,27742542
2025-11-12,103000,103900,101600,103100,102276.515625,19413497
2025-11-13,102500,104200,102300,102800,101978.914063,20838741
2025-11-14,99000,99600,97200,97200,96423.648438,21806342
2025-11-17,99800,101000,99500,100600,99796.492188,17192584
2025-11-18,99800,100900,97500,97800,97018.859375,18684068
2025-11-19,97100,97500,94600,96500,95729.242188,18993346
2025-11-20,100900,102900,99500,100600,99796.492188,25360435
2025-11-21,95600,96800,94500,94800,94042.8125,23103574
2025-11-24,97800,99000,96200,96700,95927.640625,29831172
2025-11-25,101400,101400,97800,99300,98506.875,16110054
2025-11-26,100500,102900,99300,102800,101978.914063,21314975
2025-11-27,104100,105500,102700,103500,102673.320313,16453004
2025-11-28,103800,103800,100500,100500,99697.289063,15292277
2025-12-01,102000,102800,99900,100800,99994.898438,10905526
2025-12-02,101200,103500,101000,103400,102574.117188,13649487
2025-12-03,104700,105500,104000,104500,103665.335938,14697927
2025-12-04,103900,105100,103200,105100,104260.539063,11931145
2025-12-05,105300,108400,104600,108400,107534.1875,19755571
2025-12-08,109700,110000,108000,109500,108625.398438,15527762
2025-12-09,108900,109400,107300,108400,107534.1875,13671800
2025-12-10,108300,109800,107400,108000,107137.382813,12365092
2025-12-11,109200,110500,107300,107300,106442.96875,22994507
2025-12-12,107100,108900,106800,108900,108030.1875,14210314
2025-12-15,105300,105800,104600,104800,103962.9375,20594654
2025-12-16,104900,105600,102700,102800,101978.914063,18852079
2025-12-17,103500,108100,103400,107900,107038.171875,22297611
2025-12-18,106400,108200,105700,107600,106740.570313,20445631
2025-12-19,109700,109700,106200,106300,105450.953125,25917098
2025-12-22,109700,110500,109300,110500,109617.414063,24859171
2025-12-23,110900,112500,110400,111500,110609.421875,20419187
2025-12-24,112400,112400,110900,111100,110212.617188,12492939
2025-12-26,112400,117000,112400,117000,116065.5,34018174
2025-12-29,119400,119700,118200,119500,119121.804688,19676004
2025-12-30,119100,121200,118700,119900,119520.53125,19746349
2026-01-02,120200,128500,120200,128500,128093.3125,30463279
2026-01-05,134600,138600,133600,138100,137662.9375,42863376
2026-01-06,135300,139300,132700,138900,138460.390625,45321341
2026-01-07,143500,144400,137600,141000,140553.765625,46317413
2026-01-08,138300,144500,138300,138800,138360.703125,41449329
2026-01-09,136000,140700,135200,139000,138560.078125,29520566
2026-01-12,141000,142000,136900,138800,138360.703125,26271134
2026-01-13,139800,140200,136900,137600,137164.515625,22384699
2026-01-14,137000,140300,136800,140300,139855.96875,18444394
2026-01-15,139000,144000,138300,143900,143444.578125,24701126
2026-01-16,145300,149500,144300,148900,148428.75,30000219
2026-01-19,147200,150600,146600,149300,148827.484375,22762497
2026-01-20,148500,149300,143900,145200,144740.453125,24059218
2026-01-21,141900,149800,141800,149500,149026.859375,31703610
2026-01-22,155000,157000,150800,152300,151818,32073624
2026-01-23,154700,156000,150100,152100,151618.625,25407497
2026-01-26,154900,156400,151500,152100,151618.625,20561689
2026-01-27,150500,159500,149200,159500,158995.203125,29423670
2026-01-28,162600,163300,160200,162400,161886.03125,29456431
2026-01-29,166200,166600,157100,160700,160191.40625,36087223
2026-01-30,160100,166500,160100,160500,159992.046875,40557267
2026-02-02,155700,159600,150400,150400,149924,39748369
2026-02-03,157900,167500,157200,167500,166969.875,36529813
2026-02-04,163500,169400,163100,169100,168564.828125,29943042
2026-02-05,162000,164000,158500,159300,158795.828125,38435228
2026-02-06,154100,160300,151600,158600,158098.046875,36358081
2026-02-09,168600,168700,165000,166400,165873.359375,25098971
2026-02-10,167400,168100,165500,165800,165275.265625,19369566
2026-02-11,164000,168600,162000,167800,167268.9375,22760242
2026-02-12,171200,179600,170100,178600,178034.75,41296011
2026-02-13,179500,184400,178900,181200,180626.515625,34454192
2026-02-19,188000,190900,187100,190000,189398.671875,27049388
2026-02-20,190000,190300,188600,190100,189498.359375,24213880
2026-02-23,194400,197600,190500,193000,192389.171875,26364684
2026-02-24,193000,200000,192000,200000,199367.015625,28060617
2026-02-25,202500,206000,201000,203500,202855.9375,26987996
2026-02-26,206500,219000,206000,218000,217310.0625,30095763
2026-02-27,210000,223000,210000,216500,215814.8125,51774768
2026-03-03,209500,212500,195100,195100,194482.53125,54879010
2026-03-04,184200,195900,171900,172200,171655,89427954
2026-03-05,195000,199700,188100,191600,190993.609375,53959129
2026-03-06,186100,189700,181000,188200,187604.375,29522650
2026-03-09,173500,175500,167300,173500,172950.890625,43066020
2026-03-10,187600,191500,184300,187900,187305.328125,33530170
2026-03-11,193000,194800,187700,190000,189398.671875,24311356
2026-03-12,186600,190000,185900,187900,187305.328125,20440753
2026-03-13,180000,186200,179900,183500,182919.234375,19566331
2026-03-16,184600,189000,183600,188700,188102.796875,19747901
2026-03-17,198000,198000,193100,193900,193286.328125,20300082
2026-03-18,200500,209000,199700,208500,207840.109375,25148481
2026-03-19,199900,205000,199600,200500,199865.4375,19884483
2026-03-20,202000,202500,199000,199400,198768.921875,35279762
2026-03-23,190500,191200,186300,186300,185710.375,30268173
2026-03-24,195500,196000,185500,189700,189099.625,25458914
2026-03-25,193700,196400,189000,189000,188401.828125,22995904
2026-03-26,185500,185900,178900,180100,179530.015625,32074131
2026-03-27,172100,181700,172000,180100,179530.015625,29138966
2026-03-30,171000,176650,170600,176300,176105.78125,22269147
2026-03-31,170000,174700,167000,167200,167015.8125,38659593
2026-04-01,179000,190800,178000,189650,189441.078125,32390251
2026-04-02,192600,193600,175000,178400,178203.46875,38615231
2026-04-03,184200,187200,182700,186200,185994.875,20194447
2026-04-06,190900,194600,190100,193100,192887.28125,20635958
2026-04-07,202000,202500,192400,196500,196283.53125,30848053
2026-04-08,214000,214500,207500,210500,210268.109375,35890973
2026-04-09,207000,207500,202000,204000,203775.265625,42320839
2026-04-10,208500,211000,205500,206000,205773.0625,18244459
2026-04-13,198200,203000,198200,201000,200778.578125,19603415
2026-04-14,208000,210000,205500,206500,206272.515625,23672078
2026-04-15,215000,215500,210000,211000,210767.5625,24092884
2026-04-16,212000,218000,210500,217500,217260.40625,21499788
2026-04-17,217000,218000,215000,216000,215762.046875,18079322
2026-04-20,214500,219000,213000,214500,214263.703125,17107741
2026-04-21,218000,220000,216000,219000,218758.75,16752132
2026-04-22,218500,222500,215500,217500,217260.40625,16823480
2026-04-23,223000,229500,216000,224500,224252.6875,34525485
2026-04-24,224000,225000,216500,219500,219258.203125,19626666
2026-04-27,220000,226000,218500,224500,224252.6875,22870374
2026-04-28,224000,226000,221500,222000,221755.4375,18444490
2026-04-29,219500,228000,218500,226000,225751.03125,20363756
2026-04-30,229000,230000,220500,220500,220257.09375,22161975
2026-05-04,228000,232500,224000,232500,232243.875,32920816
2026-05-06,254000,270000,251000,266000,265706.96875,53097996
2026-05-07,272000,277000,260000,271500,271200.90625,41404687
2026-05-08,260000,270000,260000,268500,268204.21875,25875880
2026-05-11,284500,288500,280000,285500,285185.5,36031094
2026-05-12,290000,291500,266000,279000,278692.65625,41211149
2026-05-13,264000,285500,262000,284000,283687.15625,35540134
2026-05-14,282000,299500,282000,296000,295673.9375,39314752
2026-05-15,291000,296500,266000,270500,270202,38075487
2026-05-18,269500,288500,262000,281000,280690.4375,33555214
2026-05-19,274000,281500,266000,275500,275196.5,30767569
2026-05-20,278000,282500,263500,276000,275695.96875,35662077
2026-05-21,291000,299500,287000,299500,299170.0625,36168689
2026-05-22,300000,300500,292000,292500,292177.78125,18395274
2026-05-26,298000,302000,297500,299000,298670.625,23441371
2026-05-27,321500,323000,306000,307000,306661.8125,33916688
2026-05-28,305000,306500,287500,299500,299170.0625,30195334
2026-05-29,309500,319000,305500,317000,316650.78125,37241537
2026-06-01,319500,354500,319500,349000,348615.53125,45052488
2026-06-02,360500,370000,342000,360500,360102.875,44720282
2026-06-04,349000,366000,348000,351500,351112.78125,34771037
2026-06-05,333500,343000,325000,329000,328637.5625,33725012
2026-06-08,293000,315500,292500,295500,295174.46875,38929682
2026-06-09,310000,324000,300000,322000,321645.28125,30124249
2026-06-10,311000,314500,295250,302500,302166.75,1191
2026-06-11,290500,306500,287500,299000,298670.625,31420307
2026-06-12,326000,339000,320000,322500,322144.71875,31006148
2026-06-15,342500,344500,334000,337000,336628.75,21500067
2026-06-16,343000,345500,332500,343000,342622.15625,17548685
2026-06-17,332000,348000,331500,346500,346118.28125,18134051
2026-06-18,345000,363000,344500,362500,362100.65625,32764450
2026-06-19,372500,374500,346250,354000,353610.03125,43284898
2026-06-22,343000,363000,342000,353500,353110.59375,24330451
2026-06-23,347500,353000,310000,310000,309658.5,41266630
2026-06-24,314000,341000,314000,340500,340124.90625,47809959
2026-06-25,359500,362500,352000,358500,358105.0625,36157158
2026-06-26,354000,356500,321500,339500,339126,39735951
2026-06-29,331000,335500,316000,323000,323000,35436521
2026-06-30,323500,343000,321000,334000,334000,29237216
2026-07-01,334500,339000,311500,314500,314500,24968382
2026-07-02,290000,304000,281500,286000,286000,38905074
2026-07-03,288500,313000,283500,309500,309500,31520538
2026-07-06,320000,325000,303000,318000,318000,23872879
2026-07-07,307000,310000,286000,296000,296000,32421032
2026-07-08,285500,300000,273500,277500,277500,33525758
2026-07-09,288500,291500,267500,278000,278000,29703616
2026-07-10,291000,298000,282000,285000,285000,20088811
2026-07-13,285000,292500,253000,254500,254500,31882652
2026-07-14,255000,270000,247000,263000,263000,40086496
2026-07-15,283500,284500,273000,279500,279500,24873414
2026-07-16,264500,265500,252500,255000,255000,27001478
2026-07-20,241000,257500,240000,244000,244000,26804038
2026-07-21,247000,263500,243000,259000,259000,20386896
2026-07-22,276000,276000,260000,260500,260500,22292003
2026-07-23,269000,273000,263000,270000,270000,16011816
2026-07-24,266000,266500,247000,249500,249500,26175580
2026-07-27,257000,258500,246000,254000,254000,23296044
2026-07-28,238500,240000,218500,220000,220000,41639623
2026-07-29,226500,234000,189200,208500,208500,65555523
2026-07-30,214000,226000,202000,207000,207000,46694193
2026-07-31,257000,267000,243000,262500,262500,58478873
2026-08-03,248000,249500,238000,239500,239500,27825493
2026-08-04,244500,244500,228000,240000,240000,29433821
2026-08-05,254000,254500,244000,246000,246000,22577128
2026-08-06,241500,246000,228000,230500,230500,26101823
2026-08-07,235000,239500,229000,231000,231000,20546010
