Date,Open,High,Low,Close,Adj Close,Volume
2000-01-03,0.579809,0.597273,0.579809,0.590287,0.183166,5371006
2000-01-04,0.59378,0.597273,0.576316,0.586795,0.182082,4729692
2000-01-05,0.576316,0.590287,0.555359,0.583302,0.180998,2794297
2000-01-06,0.56933,0.604259,0.56933,0.59378,0.18425,6330114
2000-01-07,0.59378,0.59378,0.59378,0.59378,0.18425,0
2000-01-10,0.59378,0.59378,0.59378,0.59378,0.18425,0
2000-01-11,0.600766,0.663637,0.600766,0.649665,0.201591,24707773
2000-01-12,0.649665,0.670622,0.64268,0.649665,0.201591,17063537
2000-01-13,0.649665,0.705551,0.649665,0.698565,0.216765,35237923
2000-01-14,0.698565,0.723015,0.698565,0.716029,0.222184,22881173
2000-01-17,0.719522,0.747465,0.719522,0.730001,0.226519,23685679
2000-01-18,0.730001,0.730001,0.702058,0.705551,0.218932,8863878
2000-01-19,0.705551,0.723015,0.695072,0.702058,0.217848,6802511
2000-01-20,0.702058,0.712536,0.702058,0.705551,0.218932,8517453
2000-01-21,0.705551,0.712536,0.698565,0.705551,0.218932,5353828
2000-01-24,0.705551,0.709044,0.698565,0.702058,0.217848,5153417
2000-01-25,0.702058,0.702058,0.688087,0.698565,0.216765,5350965
2000-01-26,0.705551,0.716029,0.705551,0.705551,0.218932,5173458
2000-01-27,0.709044,0.712536,0.698565,0.705551,0.218932,3292461
2000-01-28,0.709044,0.709044,0.702058,0.709044,0.220016,4042569
2000-01-31,0.705551,0.705551,0.691579,0.691579,0.214597,7712948
2000-02-01,0.691579,0.691579,0.691579,0.691579,0.214597,0
2000-02-02,0.705551,0.716029,0.702058,0.712536,0.2211,4506377
2000-02-03,0.712536,0.716029,0.709044,0.716029,0.222184,3501460
2000-02-04,0.716029,0.716029,0.716029,0.716029,0.222184,0
2000-02-07,0.716029,0.716029,0.716029,0.716029,0.222184,0
2000-02-08,0.719522,0.740479,0.719522,0.730001,0.226519,5977964
2000-02-09,0.733493,0.771914,0.733493,0.771914,0.239525,9854479
2000-02-10,0.761436,0.771914,0.750957,0.768422,0.238441,4440528
2000-02-11,0.768422,0.775407,0.75445,0.764929,0.237357,6510484
2000-02-14,0.761436,0.764929,0.740479,0.740479,0.229771,5302294
2000-02-15,0.768422,0.820814,0.768422,0.7789,0.241692,20596491
2000-02-16,0.782393,0.785886,0.757943,0.768422,0.238441,4486336
2000-02-17,0.771914,0.782393,0.768422,0.771914,0.239525,4208624
2000-02-18,0.771914,0.782393,0.761436,0.771914,0.239525,6490443
2000-02-21,0.768422,0.768422,0.75445,0.764929,0.237357,7483907
2000-02-22,0.764929,0.768422,0.750957,0.761436,0.236273,7558345
2000-02-23,0.761436,0.768422,0.747465,0.750957,0.233022,3054831
2000-02-24,0.750957,0.75445,0.743972,0.747465,0.231938,3973857
2000-02-25,0.750957,0.75445,0.730001,0.750957,0.233022,4374678
2000-02-28,0.750957,0.764929,0.723015,0.733493,0.227603,2934584
2000-02-29,0.736986,0.747465,0.719522,0.733493,0.227603,2545215
2000-03-01,0.733493,0.743972,0.723015,0.726508,0.225435,2991845
2000-03-02,0.726508,0.726508,0.698565,0.702058,0.217848,5007404
2000-03-03,0.698565,0.712536,0.695072,0.698565,0.216765,4898609
2000-03-06,0.716029,0.716029,0.695072,0.698565,0.216765,2081408
2000-03-07,0.698565,0.698565,0.681101,0.681101,0.211345,4603719
2000-03-08,0.681101,0.681101,0.660144,0.663637,0.205926,7607016
2000-03-09,0.663637,0.681101,0.663637,0.677608,0.210262,710026
2000-03-10,0.681101,0.695072,0.681101,0.695072,0.215681,1053587
2000-03-13,0.698565,0.702058,0.691579,0.698565,0.216765,2479366
2000-03-14,0.698565,0.702058,0.691579,0.698565,0.216765,1815148
2000-03-15,0.681101,0.705551,0.681101,0.691579,0.214597,1274039
2000-03-16,0.691579,0.691579,0.691579,0.691579,0.214597,0
2000-03-17,0.691579,0.705551,0.691579,0.698565,0.216765,3713323
2000-03-20,0.691579,0.702058,0.691579,0.698565,0.216765,5894937
2000-03-21,0.698565,0.702058,0.695072,0.695072,0.215681,3922323
2000-03-22,0.716029,0.716029,0.695072,0.695072,0.215681,4987362
2000-03-23,0.698565,0.702058,0.691579,0.695072,0.215681,3856474
2000-03-24,0.716029,0.716029,0.695072,0.695072,0.215681,2974667
2000-03-27,0.698565,0.712536,0.698565,0.705551,0.218932,4706787
2000-03-28,0.705551,0.712536,0.702058,0.712536,0.2211,5917841
2000-03-29,0.712536,0.716029,0.705551,0.712536,0.2211,5465485
2000-03-30,0.716029,0.716029,0.705551,0.712536,0.2211,5585731
2000-03-31,0.702058,0.702058,0.695072,0.698565,0.216765,4692472
2000-04-03,0.698565,0.705551,0.691579,0.695072,0.215681,2144394
2000-04-04,0.695072,0.698565,0.691579,0.695072,0.215681,2170161
2000-04-05,0.695072,0.712536,0.695072,0.705551,0.218932,5582868
2000-04-06,0.705551,0.705551,0.705551,0.705551,0.218932,0
2000-04-07,0.709044,0.719522,0.705551,0.712536,0.2211,4094103
2000-04-10,0.716029,0.716029,0.709044,0.709044,0.220016,1717805
2000-04-11,0.709044,0.716029,0.698565,0.716029,0.222184,2851557
2000-04-12,0.709044,0.719522,0.709044,0.719522,0.223268,5018856
2000-04-13,0.709044,0.716029,0.705551,0.712536,0.2211,4804130
2000-04-14,0.709044,0.709044,0.702058,0.709044,0.220016,2376298
2000-04-17,0.663637,0.695072,0.628709,0.649665,0.201591,11603778
2000-04-18,0.663637,0.684594,0.639187,0.660144,0.204843,6865497
2000-04-19,0.66713,0.677608,0.660144,0.663637,0.205926,3364036
2000-04-20,0.663637,0.670622,0.64268,0.646173,0.200507,3238063
2000-04-21,0.656651,0.660144,0.649665,0.656651,0.203759,452355
2000-04-24,0.660144,0.663637,0.646173,0.646173,0.200507,2298996
2000-04-25,0.646173,0.698565,0.635694,0.684594,0.212429,7343619
2000-04-26,0.684594,0.702058,0.684594,0.691579,0.214597,6149744
2000-04-27,0.681101,0.702058,0.674115,0.695072,0.215681,3902282
2000-04-28,0.695072,0.695072,0.688087,0.691579,0.214597,3756268
2000-05-01,0.691579,0.691579,0.691579,0.691579,0.214597,0
2000-05-02,0.691579,0.691579,0.663637,0.66713,0.20701,984875
2000-05-03,0.660144,0.677608,0.660144,0.670622,0.208094,1760750
2000-05-04,0.663637,0.684594,0.663637,0.681101,0.211345,1245409
2000-05-05,0.681101,0.684594,0.677608,0.681101,0.211345,1514532
2000-05-08,0.695072,0.695072,0.684594,0.688087,0.213513,767286
2000-05-09,0.688087,0.688087,0.688087,0.688087,0.213513,0
2000-05-10,0.688087,0.688087,0.677608,0.688087,0.213513,2530900
2000-05-11,0.688087,0.688087,0.670622,0.684594,0.212429,921889
2000-05-12,0.684594,0.688087,0.663637,0.674115,0.209178,1749298
2000-05-15,0.677608,0.677608,0.660144,0.663637,0.205926,1480176
2000-05-16,0.66713,0.674115,0.66713,0.674115,0.209178,692848
2000-05-17,0.677608,0.684594,0.674115,0.681101,0.211345,1357066
2000-05-18,0.681101,0.681101,0.681101,0.681101,0.211345,0
2000-05-19,0.688087,0.698565,0.677608,0.698565,0.216765,2072819
2000-05-22,0.698565,0.698565,0.684594,0.695072,0.215681,2968941
2000-05-23,0.695072,0.695072,0.656651,0.660144,0.204843,3329680
2000-05-24,0.660144,0.663637,0.656651,0.660144,0.204843,2038462
2000-05-25,0.663637,0.674115,0.656651,0.660144,0.204843,904711
2000-05-26,0.656651,0.656651,0.64268,0.649665,0.201591,3169351
2000-05-29,0.646173,0.663637,0.646173,0.660144,0.204843,1560340
2000-05-30,0.660144,0.660144,0.660144,0.660144,0.204843,0
2000-05-31,0.656651,0.681101,0.656651,0.66713,0.20701,3238063
2000-06-01,0.674115,0.677608,0.660144,0.670622,0.208094,1185286
2000-06-02,0.670622,0.681101,0.660144,0.674115,0.209178,5562827
2000-06-05,0.677608,0.681101,0.66713,0.674115,0.209178,3092050
2000-06-06,0.670622,0.674115,0.663637,0.670622,0.208094,1789381
2000-06-07,0.663637,0.663637,0.61823,0.625216,0.194004,6401689
2000-06-08,0.625216,0.625216,0.607752,0.621723,0.192921,5084705
2000-06-09,0.611244,0.663637,0.611244,0.653158,0.202675,6393100
2000-06-12,0.64268,0.64268,0.61823,0.635694,0.197256,3552995
2000-06-13,0.632201,0.663637,0.632201,0.656651,0.203759,3598803
2000-06-14,0.646173,0.656651,0.646173,0.656651,0.203759,833135
2000-06-15,0.656651,0.656651,0.656651,0.656651,0.203759,0
2000-06-16,0.646173,0.646173,0.628709,0.632201,0.196172,1546025
2000-06-19,0.621723,0.621723,0.607752,0.611244,0.189669,2702681
2000-06-20,0.611244,0.611244,0.583302,0.590287,0.183166,4675294
2000-06-21,0.590287,0.59378,0.579809,0.590287,0.183166,5485526
2000-06-22,0.59378,0.600766,0.586795,0.590287,0.183166,1033546
2000-06-23,0.583302,0.600766,0.576316,0.590287,0.183166,867491
2000-06-26,0.590287,0.590287,0.576316,0.579809,0.179915,638451
2000-06-27,0.579809,0.600766,0.579809,0.597273,0.185334,4497788
2000-06-28,0.597273,0.597273,0.583302,0.583302,0.180998,3756268
2000-06-29,0.586795,0.597273,0.579809,0.590287,0.183166,4446254
2000-06-30,0.590287,0.611244,0.586795,0.611244,0.189669,12010325
2000-07-03,0.586795,0.590287,0.565838,0.590287,0.185284,5285115
2000-07-04,0.583302,0.586795,0.572823,0.576316,0.180898,2794297
2000-07-05,0.576316,0.576316,0.551866,0.555359,0.17432,2593886
2000-07-06,0.558852,0.562345,0.555359,0.555359,0.17432,3424159
2000-07-07,0.558852,0.565838,0.558852,0.565838,0.177609,2339078
2000-07-10,0.572823,0.597273,0.572823,0.586795,0.184187,4921513
2000-07-11,0.586795,0.59378,0.579809,0.586795,0.184187,3392666
2000-07-12,0.586795,0.600766,0.583302,0.597273,0.187476,7303537
2000-07-13,0.597273,0.607752,0.586795,0.600766,0.188573,7054455
2000-07-14,0.59378,0.611244,0.576316,0.611244,0.191862,4540733
2000-07-17,0.611244,0.611244,0.583302,0.586795,0.184187,2897365
2000-07-18,0.586795,0.590287,0.583302,0.583302,0.183091,1557477
2000-07-19,0.586795,0.590287,0.583302,0.583302,0.183091,1557477
2000-07-20,0.56933,0.572823,0.558852,0.558852,0.175416,3252379
2000-07-21,0.562345,0.562345,0.541388,0.541388,0.169935,7438099
2000-07-24,0.544881,0.551866,0.541388,0.541388,0.169935,2565256
2000-07-25,0.541388,0.541388,0.518684,0.530909,0.166646,5943608
2000-07-26,0.530909,0.534402,0.522177,0.523924,0.164453,3956679
2000-07-27,0.523924,0.523924,0.504713,0.523924,0.164453,5794731
2000-07-28,0.518684,0.523924,0.513445,0.515192,0.161712,4821308
2000-07-31,0.515192,0.518684,0.497727,0.511699,0.160616,4640938
2000-08-01,0.511699,0.522177,0.511699,0.520431,0.163357,1800833
2000-08-02,0.520431,0.523924,0.518684,0.523924,0.164453,1975476
2000-08-03,0.527417,0.551866,0.527417,0.548373,0.172127,6662223
2000-08-04,0.548373,0.558852,0.541388,0.544881,0.171031,4712514
2000-08-07,0.541388,0.562345,0.520431,0.534402,0.167742,14655746
2000-08-08,0.541388,0.558852,0.541388,0.548373,0.172127,7816016
2000-08-09,0.544881,0.551866,0.544881,0.548373,0.172127,1712079
2000-08-10,0.541388,0.551866,0.541388,0.548373,0.172127,5634403
2000-08-11,0.548373,0.551866,0.544881,0.551866,0.173224,3776309
2000-08-14,0.548373,0.562345,0.537895,0.562345,0.176513,8652015
2000-08-15,0.558852,0.579809,0.555359,0.579809,0.181995,6058128
2000-08-16,0.583302,0.583302,0.572823,0.583302,0.183091,1059313
2000-08-17,0.576316,0.586795,0.576316,0.583302,0.183091,1600422
2000-08-18,0.583302,0.583302,0.56933,0.576316,0.180898,5411088
2000-08-21,0.579809,0.579809,0.565838,0.56933,0.178705,1019231
2000-08-22,0.56933,0.56933,0.551866,0.551866,0.173224,1617600
2000-08-23,0.565838,0.565838,0.558852,0.562345,0.176513,1465860
2000-08-24,0.565838,0.576316,0.562345,0.572823,0.179802,2359120
2000-08-25,0.56933,0.572823,0.56933,0.572823,0.179802,2221695
2000-08-28,0.565838,0.56933,0.558852,0.565838,0.177609,1921079
2000-08-29,0.565838,0.572823,0.562345,0.56933,0.178705,747245
2000-08-30,0.56933,0.572823,0.565838,0.56933,0.178705,1872408
2000-08-31,0.56933,0.56933,0.56933,0.56933,0.178705,0
2000-09-01,0.565838,0.565838,0.530909,0.534402,0.167742,1050724
2000-09-04,0.541388,0.541388,0.523924,0.523924,0.164453,3813528
2000-09-05,0.523924,0.541388,0.523924,0.527417,0.165549,6043813
2000-09-06,0.523924,0.530909,0.502967,0.509952,0.160067,12242229
2000-09-07,0.511699,0.518684,0.511699,0.516938,0.16226,7498222
2000-09-08,0.518684,0.518684,0.50646,0.509952,0.160067,3658926
2000-09-11,0.50646,0.509952,0.504713,0.50646,0.158971,8228289
2000-09-12,0.50646,0.511699,0.504713,0.50646,0.158971,4059747
2000-09-13,0.508206,0.513445,0.50646,0.50646,0.158971,7638509
2000-09-14,0.511699,0.516938,0.508206,0.509952,0.160067,1024957
2000-09-15,0.515192,0.522177,0.508206,0.509952,0.160067,1465860
2000-09-18,0.511699,0.511699,0.50646,0.509952,0.160067,1517395
2000-09-19,0.511699,0.513445,0.504713,0.513445,0.161164,959108
2000-09-20,0.515192,0.515192,0.509952,0.509952,0.160067,575464
2000-09-21,0.508206,0.509952,0.502967,0.509952,0.160067,2015558
2000-09-22,0.50646,0.509952,0.494235,0.499474,0.156779,1703490
2000-09-25,0.50122,0.50646,0.495981,0.504713,0.158423,1812285
2000-09-26,0.50646,0.50646,0.504713,0.50646,0.158971,420862
2000-09-27,0.50646,0.50646,0.488995,0.490742,0.154038,1085080
2000-09-28,0.490742,0.499474,0.488995,0.499474,0.156779,412273
2000-09-29,0.499474,0.523924,0.492488,0.492488,0.154586,3220885
2000-10-02,0.487249,0.523924,0.485503,0.487249,0.152941,1843778
2000-10-03,0.488995,0.523924,0.487249,0.523924,0.164453,7498222
2000-10-04,0.520431,0.576316,0.513445,0.576316,0.180898,6693716
2000-10-05,0.558852,0.579809,0.537895,0.579809,0.181995,7269181
2000-10-06,0.558852,0.576316,0.548373,0.572823,0.179802,8488823
2000-10-09,0.572823,0.576316,0.551866,0.576316,0.180898,6427456
2000-10-10,0.562345,0.579809,0.558852,0.56933,0.178705,4036843
2000-10-11,0.558852,0.576316,0.558852,0.572823,0.179802,4855664
2000-10-12,0.562345,0.583302,0.558852,0.583302,0.183091,7363661
2000-10-13,0.558852,0.597273,0.558852,0.597273,0.187476,10873710
2000-10-16,0.597273,0.597273,0.597273,0.597273,0.187476,0
2000-10-17,0.597273,0.611244,0.586795,0.611244,0.191862,5224992
2000-10-18,0.607752,0.61823,0.59378,0.614737,0.192958,5273663
2000-10-19,0.611244,0.625216,0.604259,0.621723,0.195151,5471211
2000-10-20,0.621723,0.625216,0.611244,0.614737,0.192958,1259724
2000-10-23,0.600766,0.61823,0.597273,0.61823,0.194054,3876515
2000-10-24,0.611244,0.621723,0.611244,0.621723,0.195151,3029064
2000-10-25,0.614737,0.628709,0.607752,0.61823,0.194054,7870413
2000-10-26,0.61823,0.61823,0.61823,0.61823,0.194054,0
2000-10-27,0.61823,0.61823,0.61823,0.61823,0.194054,0
2000-10-30,0.604259,0.604259,0.572823,0.576316,0.180898,2808612
2000-10-31,0.579809,0.579809,0.572823,0.572823,0.179802,1142340
2000-11-01,0.572823,0.576316,0.56933,0.576316,0.180898,2193065
2000-11-02,0.576316,0.576316,0.565838,0.565838,0.177609,1752161
2000-11-03,0.56933,0.590287,0.558852,0.576316,0.180898,1139477
2000-11-06,0.56933,0.590287,0.56933,0.576316,0.180898,667081
2000-11-07,0.576316,0.579809,0.572823,0.576316,0.180898,621273
2000-11-08,0.572823,0.579809,0.572823,0.576316,0.180898,878943
2000-11-09,0.583302,0.586795,0.56933,0.572823,0.179802,695711
2000-11-10,0.56933,0.572823,0.555359,0.562345,0.176513,1823737
2000-11-13,0.548373,0.551866,0.527417,0.534402,0.167742,1763613
2000-11-14,0.534402,0.544881,0.530909,0.534402,0.167742,2777119
2000-11-15,0.541388,0.541388,0.534402,0.537895,0.168838,1010642
2000-11-16,0.534402,0.537895,0.530909,0.537895,0.168838,1153792
2000-11-17,0.534402,0.544881,0.534402,0.541388,0.169935,1377107
2000-11-20,0.541388,0.541388,0.530909,0.537895,0.168838,1964024
2000-11-21,0.534402,0.544881,0.530909,0.537895,0.168838,1357066
2000-11-22,0.537895,0.537895,0.530909,0.537895,0.168838,661355
2000-11-23,0.530909,0.544881,0.527417,0.544881,0.171031,1282628
2000-11-24,0.537895,0.541388,0.537895,0.541388,0.169935,249081
2000-11-27,0.541388,0.551866,0.541388,0.544881,0.171031,271985
2000-11-28,0.551866,0.555359,0.548373,0.548373,0.172127,804505
2000-11-29,0.548373,0.548373,0.537895,0.537895,0.168838,114520
2000-11-30,0.541388,0.544881,0.537895,0.541388,0.169935,692848
2000-12-01,0.537895,0.544881,0.537895,0.541388,0.169935,495300
2000-12-04,0.541388,0.548373,0.541388,0.541388,0.169935,555423
2000-12-05,0.537895,0.544881,0.537895,0.541388,0.169935,1508806
2000-12-06,0.544881,0.548373,0.537895,0.541388,0.169935,790190
2000-12-07,0.541388,0.544881,0.537895,0.541388,0.169935,589780
2000-12-08,0.541388,0.541388,0.537895,0.537895,0.168838,649903
2000-12-11,0.541388,0.544881,0.537895,0.541388,0.169935,1213916
2000-12-12,0.541388,0.544881,0.541388,0.541388,0.169935,581190
2000-12-13,0.541388,0.544881,0.534402,0.541388,0.169935,910437
2000-12-14,0.541388,0.541388,0.537895,0.541388,0.169935,893259
2000-12-15,0.537895,0.541388,0.527417,0.530909,0.166646,2061367
2000-12-18,0.527417,0.527417,0.488995,0.515192,0.161712,2997571
2000-12-19,0.515192,0.530909,0.50646,0.520431,0.163357,3298187
2000-12-20,0.508206,0.511699,0.50646,0.508206,0.159519,3991035
2000-12-21,0.497727,0.50122,0.492488,0.50122,0.157327,2654010
2000-12-22,0.50122,0.515192,0.50122,0.513445,0.161164,810231
2000-12-25,0.513445,0.513445,0.513445,0.513445,0.161164,0
2000-12-26,0.513445,0.513445,0.513445,0.513445,0.161164,0
2000-12-27,0.513445,0.513445,0.513445,0.513445,0.161164,0
2000-12-28,0.513445,0.513445,0.513445,0.513445,0.161164,0
2000-12-29,0.513445,0.513445,0.513445,0.513445,0.161164,0
2001-01-01,0.513445,0.513445,0.513445,0.513445,0.161164,0
2001-01-02,0.515192,0.515192,0.488995,0.495981,0.155682,4492062
2001-01-03,0.488995,0.509952,0.488995,0.50646,0.158971,3020475
2001-01-04,0.513445,0.516938,0.50646,0.509952,0.160067,2373435
2001-01-05,0.513445,0.548373,0.511699,0.548373,0.172127,4159953
2001-01-08,0.544881,0.551866,0.527417,0.548373,0.172127,2321900
2001-01-09,0.548373,0.558852,0.544881,0.555359,0.17432,4117007
2001-01-10,0.551866,0.562345,0.548373,0.558852,0.175416,3816391
2001-01-11,0.562345,0.565838,0.551866,0.555359,0.17432,3106365
2001-01-12,0.555359,0.555359,0.541388,0.544881,0.171031,3667515
2001-01-15,0.548373,0.551866,0.534402,0.537895,0.168838,2236010
2001-01-16,0.534402,0.548373,0.530909,0.548373,0.172127,4185720
2001-01-17,0.530909,0.530909,0.520431,0.522177,0.163905,5903526
2001-01-18,0.520431,0.527417,0.520431,0.523924,0.164453,3701871
2001-01-19,0.523924,0.530909,0.522177,0.530909,0.166646,3343995
2001-01-22,0.530909,0.544881,0.527417,0.541388,0.169935,7091675
2001-01-23,0.541388,0.541388,0.541388,0.541388,0.169935,0
2001-01-24,0.541388,0.541388,0.541388,0.541388,0.169935,0
2001-01-25,0.541388,0.541388,0.541388,0.541388,0.169935,0
2001-01-26,0.551866,0.555359,0.544881,0.551866,0.173224,5757512
2001-01-29,0.548373,0.56933,0.541388,0.565838,0.177609,9843027
2001-01-30,0.572823,0.590287,0.572823,0.590287,0.185284,14856157
2001-01-31,0.59378,0.607752,0.579809,0.604259,0.189669,8520316
2001-02-01,0.604259,0.604259,0.604259,0.604259,0.189669,0
2001-02-02,0.604259,0.614737,0.600766,0.607752,0.190766,8846700
2001-02-05,0.607752,0.611244,0.597273,0.607752,0.190766,3853611
2001-02-06,0.600766,0.611244,0.600766,0.607752,0.190766,3913734
2001-02-07,0.607752,0.614737,0.607752,0.611244,0.191862,4577952
2001-02-08,0.604259,0.607752,0.597273,0.600766,0.188573,2582434
2001-02-09,0.59378,0.607752,0.59378,0.604259,0.189669,1551751
2001-02-12,0.600766,0.607752,0.600766,0.604259,0.189669,1958298
2001-02-13,0.611244,0.611244,0.600766,0.604259,0.189669,1153792
2001-02-14,0.600766,0.600766,0.590287,0.590287,0.185284,1434367
2001-02-15,0.590287,0.59378,0.583302,0.59378,0.18638,1978339
2001-02-16,0.600766,0.600766,0.576316,0.586795,0.184187,472396
2001-02-19,0.583302,0.583302,0.551866,0.558852,0.175416,1454408
2001-02-20,0.558852,0.572823,0.551866,0.572823,0.179802,2018421
2001-02-21,0.572823,0.600766,0.572823,0.59378,0.18638,4154227
2001-02-22,0.586795,0.586795,0.576316,0.583302,0.183091,1523121
2001-02-23,0.586795,0.597273,0.586795,0.586795,0.184187,3601666
2001-02-26,0.590287,0.59378,0.579809,0.59378,0.18638,2250325
2001-02-27,0.597273,0.600766,0.586795,0.59378,0.18638,2399202
2001-02-28,0.590287,0.597273,0.583302,0.597273,0.187476,1712079
2001-03-01,0.597273,0.597273,0.586795,0.59378,0.18638,2662599
2001-03-02,0.590287,0.59378,0.586795,0.590287,0.185284,684259
2001-03-05,0.590287,0.59378,0.590287,0.590287,0.185284,2004106
2001-03-06,0.590287,0.590287,0.590287,0.590287,0.185284,0
2001-03-07,0.583302,0.583302,0.572823,0.572823,0.183882,893259
2001-03-08,0.576316,0.576316,0.572823,0.576316,0.185003,1113710
2001-03-09,0.576316,0.576316,0.572823,0.572823,0.183882,2370572
2001-03-12,0.572823,0.572823,0.548373,0.558852,0.179397,2462188
2001-03-13,0.541388,0.56933,0.537895,0.56933,0.182761,3578762
2001-03-14,0.56933,0.56933,0.56933,0.56933,0.182761,0
2001-03-15,0.551866,0.565838,0.527417,0.565838,0.18164,7532578
2001-03-16,0.551866,0.551866,0.527417,0.527417,0.169306,3364036
2001-03-19,0.523924,0.523924,0.515192,0.523924,0.168185,5757512
2001-03-20,0.523924,0.523924,0.515192,0.523924,0.168185,3770583
2001-03-21,0.523924,0.565838,0.518684,0.565838,0.18164,6109662
2001-03-22,0.565838,0.565838,0.530909,0.551866,0.177155,1671997
2001-03-23,0.551866,0.551866,0.541388,0.548373,0.176033,586916
2001-03-26,0.548373,0.548373,0.548373,0.548373,0.176033,0
2001-03-27,0.548373,0.551866,0.544881,0.544881,0.174912,704300
2001-03-28,0.544881,0.544881,0.541388,0.544881,0.174912,758697
2001-03-29,0.544881,0.544881,0.534402,0.541388,0.173791,1265450
2001-03-30,0.541388,0.544881,0.537895,0.544881,0.174912,1271176
2001-04-02,0.544881,0.548373,0.537895,0.544881,0.174912,2278955
2001-04-03,0.541388,0.544881,0.541388,0.544881,0.174912,2499407
2001-04-04,0.541388,0.541388,0.527417,0.534402,0.171548,6390237
2001-04-05,0.534402,0.534402,0.522177,0.527417,0.169306,3908008
2001-04-06,0.530909,0.537895,0.527417,0.534402,0.171548,1597559
2001-04-09,0.534402,0.534402,0.520431,0.522177,0.167624,3824980
2001-04-10,0.523924,0.527417,0.522177,0.522177,0.167624,2138668
2001-04-11,0.523924,0.534402,0.522177,0.522177,0.167624,9548137
2001-04-12,0.522177,0.527417,0.522177,0.522177,0.167624,5073253
2001-04-13,0.522177,0.522177,0.499474,0.517637,0.166167,1865360
2001-04-16,0.517637,0.522177,0.513096,0.515366,0.165438,3455432
2001-04-17,0.515366,0.515366,0.506285,0.506285,0.162523,2369691
2001-04-18,0.506285,0.506285,0.497204,0.501744,0.161065,2101008
2001-04-19,0.508555,0.510826,0.499474,0.504015,0.161794,1609892
2001-04-20,0.504015,0.508555,0.494933,0.501744,0.161065,3028183
2001-04-23,0.501744,0.501744,0.494933,0.499474,0.160336,1640724
2001-04-24,0.494933,0.499474,0.490393,0.494933,0.158879,2845391
2001-04-25,0.494933,0.499474,0.490393,0.490393,0.157421,2532662
2001-04-26,0.494933,0.499474,0.490393,0.490393,0.157421,2532662
2001-04-27,0.501744,0.504015,0.497204,0.501744,0.161065,4457485
2001-04-30,0.506285,0.508555,0.501744,0.501744,0.161065,4215231
2001-05-01,0.501744,0.501744,0.501744,0.501744,0.161065,0
2001-05-02,0.504015,0.519907,0.504015,0.519907,0.166895,10251777
2001-05-03,0.519907,0.572125,0.519907,0.556232,0.178556,23533939
2001-05-04,0.531259,0.544881,0.528988,0.531259,0.17054,4442069
2001-05-07,0.531259,0.531259,0.531259,0.531259,0.17054,0
2001-05-08,0.522177,0.526718,0.510826,0.519907,0.166895,2202
2001-05-09,0.522177,0.526718,0.522177,0.524448,0.168353,1761
2001-05-10,0.526718,0.531259,0.519907,0.522177,0.167624,2642
2001-05-11,0.522177,0.524448,0.517637,0.522177,0.167624,2642
2001-05-14,0.519907,0.524448,0.517637,0.522177,0.167624,3083
2001-05-15,0.522177,0.526718,0.519907,0.524448,0.168353,6166
2001-05-16,0.526718,0.54261,0.526718,0.528988,0.169811,5285
2001-05-17,0.535799,0.544881,0.526718,0.528988,0.169811,3083
2001-05-18,0.526718,0.528988,0.522177,0.526718,0.169082,3964
2001-05-21,0.526718,0.528988,0.522177,0.524448,0.168353,3523
2001-05-22,0.524448,0.524448,0.517637,0.524448,0.168353,3083
2001-05-23,0.519907,0.519907,0.504015,0.508555,0.163251,5113775
2001-05-24,0.510826,0.515366,0.506285,0.510826,0.16398,2667003
2001-05-25,0.517637,0.517637,0.508555,0.510826,0.16398,1334602
2001-05-28,0.510826,0.522177,0.508555,0.522177,0.167624,1455730
2001-05-29,0.522177,0.524448,0.519907,0.519907,0.166895,3510490
2001-05-30,0.519907,0.522177,0.517637,0.519907,0.166895,1865360
2001-05-31,0.517637,0.522177,0.517637,0.519907,0.166895,2089997
2001-06-01,0.519907,0.519907,0.513096,0.519907,0.166895,2722061
2001-06-04,0.519907,0.519907,0.519907,0.519907,0.166895,0
2001-06-05,0.519907,0.519907,0.515366,0.517637,0.166167,1524002
2001-06-06,0.517637,0.517637,0.510826,0.513096,0.164709,1788279
2001-06-07,0.515366,0.515366,0.510826,0.515366,0.165438,2204517
2001-06-08,0.515366,0.517637,0.513096,0.515366,0.165438,2164875
2001-06-11,0.515366,0.517637,0.513096,0.517637,0.166167,1572453
2001-06-12,0.517637,0.517637,0.515366,0.515366,0.165438,2757298
2001-06-13,0.517637,0.517637,0.513096,0.515366,0.165438,3340912
2001-06-14,0.515366,0.522177,0.513096,0.519907,0.166895,4897948
2001-06-15,0.517637,0.517637,0.515366,0.517637,0.166167,1995297
2001-06-18,0.515366,0.519907,0.513096,0.515366,0.165438,3561143
2001-06-19,0.517637,0.519907,0.515366,0.517637,0.166167,4208624
2001-06-20,0.513096,0.515366,0.513096,0.515366,0.165438,1788279
2001-06-21,0.513096,0.517637,0.508555,0.515366,0.165438,2977530
2001-06-22,0.513096,0.515366,0.513096,0.515366,0.165438,2554685
2001-06-25,0.513096,0.515366,0.513096,0.513096,0.164709,2603136
2001-06-26,0.513096,0.515366,0.513096,0.515366,0.165438,2462188
2001-06-27,0.515366,0.515366,0.513096,0.513096,0.164709,1332400
2001-06-28,0.513096,0.515366,0.506285,0.508555,0.163251,2849795
2001-06-29,0.508555,0.510826,0.506285,0.508555,0.163251,3466444
2001-07-02,0.508555,0.510826,0.506285,0.510826,0.16398,969018
2001-07-03,0.510826,0.510826,0.506285,0.508555,0.163251,2655992
2001-07-04,0.510826,0.513096,0.508555,0.513096,0.164709,1563643
2001-07-05,0.513096,0.524448,0.510826,0.522177,0.167624,16625277
2001-07-06,0.522177,0.535799,0.515366,0.522177,0.167624,23106690
2001-07-09,0.517637,0.531259,0.515366,0.528988,0.169811,7505490
2001-07-10,0.528988,0.528988,0.524448,0.528988,0.169811,9447932
2001-07-11,0.528988,0.528988,0.524448,0.526718,0.169082,3909109
2001-07-12,0.524448,0.524448,0.517637,0.519907,0.166895,3301270
2001-07-13,0.522177,0.524448,0.522177,0.524448,0.168353,4087496
2001-07-16,0.528988,0.528988,0.524448,0.526718,0.169082,1416088
2001-07-17,0.526718,0.528988,0.526718,0.528988,0.169811,2757298
2001-07-18,0.528988,0.53807,0.526718,0.533529,0.171268,5296567
2001-07-19,0.535799,0.535799,0.528988,0.531259,0.17054,6756702
2001-07-20,0.533529,0.533529,0.526718,0.531259,0.17054,3598582
2001-07-23,0.531259,0.54261,0.528988,0.535799,0.171997,5120382
2001-07-24,0.531259,0.533529,0.524448,0.533529,0.171268,4853902
2001-07-25,0.531259,0.533529,0.526718,0.526718,0.169082,9853158
2001-07-26,0.526718,0.533529,0.526718,0.533529,0.171268,3373946
2001-07-27,0.533529,0.533529,0.531259,0.533529,0.171268,2092199
2001-07-30,0.533529,0.535799,0.531259,0.535799,0.171997,4197612
2001-07-31,0.533529,0.53807,0.528988,0.53807,0.172726,9258532
2001-08-01,0.53807,0.53807,0.531259,0.535799,0.171997,5371446
2001-08-02,0.535799,0.53807,0.533529,0.535799,0.171997,4193208
2001-08-03,0.533529,0.535799,0.531259,0.531259,0.17054,3997202
2001-08-06,0.531259,0.533529,0.526718,0.528988,0.169811,2495223
2001-08-07,0.528988,0.533529,0.528988,0.528988,0.169811,4250468
2001-08-08,0.531259,0.533529,0.528988,0.533529,0.171268,2854200
2001-08-09,0.531259,0.533529,0.528988,0.531259,0.17054,3030385
2001-08-10,0.531259,0.533529,0.528988,0.533529,0.171268,4327549
2001-08-13,0.528988,0.533529,0.526718,0.531259,0.17054,1636320
2001-08-14,0.531259,0.535799,0.531259,0.533529,0.171268,2501830
2001-08-15,0.533529,0.535799,0.531259,0.535799,0.171997,2283800
2001-08-16,0.535799,0.535799,0.531259,0.533529,0.171268,2290407
2001-08-17,0.533529,0.535799,0.531259,0.533529,0.171268,2561292
2001-08-20,0.533529,0.533529,0.531259,0.531259,0.17054,1330198
2001-08-21,0.531259,0.533529,0.531259,0.533529,0.171268,1220082
2001-08-22,0.533529,0.533529,0.531259,0.533529,0.171268,2647182
2001-08-23,0.533529,0.533529,0.531259,0.531259,0.17054,3025981
2001-08-24,0.533529,0.54261,0.531259,0.54261,0.174183,10991755
2001-08-27,0.54261,0.560773,0.54261,0.558503,0.179285,16499745
2001-08-28,0.558503,0.558503,0.551692,0.553962,0.177827,8492127
2001-08-29,0.551692,0.556232,0.547151,0.553962,0.177827,6252372
2001-08-30,0.556232,0.563043,0.553962,0.560773,0.180014,11414599
2001-08-31,0.560773,0.560773,0.560773,0.560773,0.180014,0
2001-09-03,0.560773,0.560773,0.553962,0.558503,0.179285,4842891
2001-09-04,0.558503,0.558503,0.551692,0.551692,0.177099,7252223
2001-09-05,0.553962,0.558503,0.553962,0.553962,0.177827,3752745
2001-09-06,0.553962,0.560773,0.553962,0.558503,0.179285,6353679
2001-09-07,0.558503,0.565314,0.556232,0.565314,0.181472,12103924
2001-09-10,0.565314,0.569854,0.560773,0.563043,0.180742,17523821
2001-09-11,0.563043,0.563043,0.556232,0.558503,0.179285,4589624
2001-09-12,0.558503,0.558503,0.558503,0.558503,0.179285,0
2001-09-13,0.535799,0.535799,0.499474,0.531259,0.17054,9210082
2001-09-14,0.526718,0.531259,0.492663,0.508555,0.163251,6620159
2001-09-17,0.494933,0.497204,0.467689,0.492663,0.15815,7961369
2001-09-18,0.499474,0.508555,0.481311,0.492663,0.15815,3367339
2001-09-19,0.492663,0.513096,0.490393,0.513096,0.164709,3083241
2001-09-20,0.513096,0.513096,0.492663,0.501744,0.161065,2067973
2001-09-21,0.497204,0.497204,0.479041,0.483582,0.155235,6399927
2001-09-24,0.483582,0.483582,0.483582,0.483582,0.155235,0
2001-09-25,0.483582,0.499474,0.47223,0.485852,0.155963,2909258
2001-09-26,0.483582,0.497204,0.481311,0.497204,0.159608,1942441
2001-09-27,0.492663,0.504015,0.492663,0.494933,0.158879,1759649
2001-09-28,0.494933,0.494933,0.494933,0.494933,0.158879,0
2001-10-01,0.506285,0.508555,0.499474,0.506285,0.162523,935983
2001-10-02,0.504015,0.508555,0.499474,0.508555,0.163251,1065920
2001-10-03,0.506285,0.513096,0.506285,0.508555,0.163251,2636171
2001-10-04,0.510826,0.510826,0.497204,0.497204,0.159608,636469
2001-10-05,0.497204,0.497204,0.483582,0.492663,0.15815,4889139
2001-10-08,0.483582,0.490393,0.47677,0.490393,0.157421,1664950
2001-10-09,0.490393,0.501744,0.490393,0.499474,0.160336,2228742
2001-10-10,0.499474,0.504015,0.499474,0.501744,0.161065,2162673
2001-10-11,0.506285,0.508555,0.504015,0.508555,0.163251,2697836
2001-10-12,0.508555,0.510826,0.506285,0.508555,0.163251,4235052
2001-10-15,0.508555,0.519907,0.508555,0.517637,0.166167,1231094
2001-10-16,0.517637,0.524448,0.513096,0.515366,0.165438,6961518
2001-10-17,0.519907,0.519907,0.504015,0.508555,0.163251,5045504
2001-10-18,0.508555,0.513096,0.508555,0.510826,0.16398,4217433
2001-10-19,0.508555,0.510826,0.506285,0.508555,0.163251,2598731
2001-10-22,0.506285,0.513096,0.506285,0.510826,0.16398,924972
2001-10-23,0.510826,0.517637,0.510826,0.517637,0.166167,3484062
2001-10-24,0.515366,0.517637,0.515366,0.517637,0.166167,3561143
2001-10-25,0.517637,0.524448,0.515366,0.517637,0.166167,3041397
2001-10-26,0.517637,0.517637,0.515366,0.517637,0.166167,4715156
2001-10-29,0.517637,0.517637,0.506285,0.508555,0.163251,4179994
2001-10-30,0.504015,0.517637,0.504015,0.517637,0.166167,588018
2001-10-31,0.515366,0.515366,0.513096,0.515366,0.165438,1726615
2001-11-01,0.513096,0.515366,0.513096,0.515366,0.165438,878723
2001-11-02,0.515366,0.515366,0.510826,0.513096,0.164709,475700
2001-11-05,0.513096,0.513096,0.494933,0.494933,0.158879,502127
2001-11-06,0.485852,0.501744,0.485852,0.497204,0.159608,887533
2001-11-07,0.499474,0.499474,0.497204,0.499474,0.160336,363382
2001-11-08,0.499474,0.501744,0.494933,0.497204,0.159608,1645129
2001-11-09,0.497204,0.497204,0.497204,0.497204,0.159608,0
2001-11-12,0.510826,0.517637,0.510826,0.515366,0.165438,3263831
2001-11-13,0.513096,0.519907,0.513096,0.519907,0.166895,7043003
2001-11-14,0.519907,0.519907,0.519907,0.519907,0.166895,0
2001-11-15,0.522177,0.535799,0.522177,0.531259,0.17054,6294216
2001-11-16,0.533529,0.54261,0.533529,0.54261,0.174183,9062526
2001-11-19,0.54261,0.544881,0.53807,0.54261,0.174183,9505192
2001-11-20,0.54261,0.547151,0.531259,0.533529,0.171268,6728072
2001-11-21,0.531259,0.533529,0.528988,0.528988,0.169811,4704145
2001-11-22,0.528988,0.528988,0.528988,0.528988,0.169811,0
2001-11-23,0.528988,0.53807,0.528988,0.535799,0.171997,515341
2001-11-26,0.535799,0.53807,0.531259,0.535799,0.171997,3332102
2001-11-27,0.54034,0.54034,0.531259,0.533529,0.171268,3794589
2001-11-28,0.531259,0.53807,0.531259,0.535799,0.171997,1158417
2001-11-29,0.531259,0.535799,0.531259,0.531259,0.17054,4393618
2001-11-30,0.528988,0.535799,0.517637,0.522177,0.167624,3114073
2001-12-03,0.460878,0.526718,0.460878,0.524448,0.168353,5016873
2001-12-04,0.522177,0.531259,0.522177,0.528988,0.169811,2288205
2001-12-05,0.531259,0.54034,0.531259,0.54034,0.173455,8078092
2001-12-06,0.54034,0.54261,0.53807,0.54261,0.174183,7300674
2001-12-07,0.54261,0.547151,0.54034,0.54261,0.174183,5983690
2001-12-10,0.54261,0.553962,0.54261,0.549421,0.17637,5679770
2001-12-11,0.549421,0.551692,0.544881,0.549421,0.17637,1191452
2001-12-12,0.547151,0.556232,0.547151,0.553962,0.177827,3616201
2001-12-13,0.549421,0.560773,0.549421,0.556232,0.178556,5871372
2001-12-14,0.553962,0.563043,0.551692,0.560773,0.180014,3600785
2001-12-17,0.560773,0.560773,0.560773,0.560773,0.180014,0
2001-12-18,0.560773,0.560773,0.560773,0.560773,0.180014,0
2001-12-19,0.560773,0.560773,0.560773,0.560773,0.180014,0
2001-12-20,0.560773,0.560773,0.551692,0.556232,0.178556,3076634
2001-12-21,0.551692,0.558503,0.551692,0.556232,0.178556,1101157
2001-12-24,0.551692,0.556232,0.547151,0.553962,0.177827,1358828
2001-12-25,0.553962,0.553962,0.553962,0.553962,0.177827,0
2001-12-26,0.551692,0.560773,0.551692,0.558503,0.179285,931579
2001-12-27,0.560773,0.567584,0.558503,0.567584,0.1822,3462039
2001-12-28,0.567584,0.569854,0.563043,0.567584,0.1822,5580666
2001-12-31,0.567584,0.574395,0.565314,0.567584,0.1822,4111722
2002-01-01,0.567584,0.567584,0.567584,0.567584,0.1822,0
2002-01-02,0.565314,0.565314,0.560773,0.563043,0.180742,411832
2002-01-03,0.563043,0.563043,0.563043,0.563043,0.180742,0
2002-01-04,0.565314,0.567584,0.565314,0.567584,0.1822,3713103
2002-01-07,0.567584,0.572125,0.567584,0.567584,0.1822,2907056
2002-01-08,0.569854,0.569854,0.558503,0.563043,0.180742,847891
2002-01-09,0.563043,0.572125,0.563043,0.567584,0.1822,3484062
2002-01-10,0.567584,0.576665,0.567584,0.567584,0.1822,6798546
2002-01-11,0.572125,0.576665,0.567584,0.569854,0.182929,3098657
2002-01-14,0.569854,0.569854,0.563043,0.565314,0.181472,2233147
2002-01-15,0.565314,0.574395,0.565314,0.567584,0.1822,5463943
2002-01-16,0.569854,0.572125,0.567584,0.572125,0.183658,2708847
2002-01-17,0.567584,0.572125,0.563043,0.563043,0.180742,2178089
2002-01-18,0.565314,0.572125,0.565314,0.567584,0.1822,2030534
2002-01-21,0.569854,0.572125,0.567584,0.567584,0.1822,1286152
2002-01-22,0.569854,0.569854,0.565314,0.565314,0.181472,627659
2002-01-23,0.567584,0.574395,0.565314,0.569854,0.182929,4202017
2002-01-24,0.567584,0.569854,0.563043,0.563043,0.180742,2107615
2002-01-25,0.563043,0.569854,0.563043,0.569854,0.182929,1814707
2002-01-28,0.574395,0.583476,0.569854,0.578936,0.185844,7098061
2002-01-29,0.581206,0.588017,0.576665,0.576665,0.185115,3805600
2002-01-30,0.572125,0.585747,0.572125,0.576665,0.185115,4061069
2002-01-31,0.576665,0.576665,0.576665,0.576665,0.185115,0
2002-02-01,0.576665,0.576665,0.576665,0.576665,0.185115,0
2002-02-04,0.585747,0.590287,0.578936,0.585747,0.188031,11709709
2002-02-05,0.583476,0.588017,0.569854,0.572125,0.183658,10632777
2002-02-06,0.572125,0.576665,0.569854,0.574395,0.184387,6650991
2002-02-07,0.574395,0.583476,0.569854,0.576665,0.185115,8137554
2002-02-08,0.581206,0.597098,0.581206,0.590287,0.189488,9668163
2002-02-11,0.590287,0.590287,0.590287,0.590287,0.189488,0
2002-02-12,0.590287,0.590287,0.590287,0.590287,0.189488,0
2002-02-13,0.590287,0.590287,0.590287,0.590287,0.189488,0
2002-02-14,0.594828,0.633424,0.594828,0.633424,0.203335,18768129
2002-02-15,0.633424,0.637965,0.622072,0.633424,0.203335,12630277
2002-02-18,0.633424,0.635694,0.617531,0.622072,0.199691,3446623
2002-02-19,0.635694,0.67656,0.635694,0.660668,0.212081,21113595
2002-02-20,0.660668,0.67202,0.658398,0.658398,0.211352,5201868
2002-02-21,0.662938,0.665209,0.658398,0.658398,0.211352,9782683
2002-02-22,0.658398,0.658398,0.637965,0.640235,0.205522,5184249
2002-02-25,0.640235,0.644776,0.631153,0.635694,0.204064,5160024
2002-02-26,0.635694,0.647046,0.635694,0.640235,0.205522,3686675
2002-02-27,0.637965,0.653857,0.637965,0.653857,0.209895,8221242
2002-02-28,0.653857,0.660668,0.649316,0.660668,0.212081,6507841
2002-03-01,0.658398,0.658398,0.653857,0.658398,0.211352,2327847
2002-03-04,0.660668,0.678831,0.660668,0.678831,0.217912,7428409
2002-03-05,0.681101,0.690182,0.678831,0.681101,0.21864,12876936
2002-03-06,0.685642,0.699264,0.681101,0.694723,0.223013,8963422
2002-03-07,0.694723,0.699264,0.690182,0.694723,0.223013,6078389
2002-03-08,0.694723,0.712886,0.690182,0.703804,0.225928,14548494
2002-03-11,0.703804,0.726508,0.703804,0.712886,0.228844,14422962
2002-03-12,0.712886,0.712886,0.699264,0.703804,0.225928,5223891
2002-03-13,0.703804,0.712886,0.699264,0.703804,0.225928,2488616
2002-03-14,0.703804,0.703804,0.690182,0.694723,0.223013,2801344
2002-03-15,0.694723,0.694723,0.694723,0.694723,0.223013,0
2002-03-18,0.694723,0.703804,0.690182,0.690182,0.221555,3975178
2002-03-19,0.690182,0.699264,0.690182,0.694723,0.223013,4508139
2002-03-20,0.694723,0.694723,0.685642,0.694723,0.223013,8892948
2002-03-21,0.694723,0.694723,0.685642,0.694723,0.223013,4030236
2002-03-22,0.690182,0.694723,0.685642,0.690182,0.221555,3373946
2002-03-25,0.690182,0.694723,0.681101,0.685642,0.220098,2195708
2002-03-26,0.685642,0.690182,0.685642,0.685642,0.220098,2519448
2002-03-27,0.685642,0.703804,0.685642,0.699264,0.224471,8130947
2002-03-28,0.699264,0.699264,0.690182,0.690182,0.221555,9423706
2002-03-29,0.690182,0.694723,0.681101,0.690182,0.221555,2750691
2002-04-01,0.690182,0.694723,0.685642,0.690182,0.221555,7639831
2002-04-02,0.690182,0.694723,0.67202,0.67429,0.216454,13958273
2002-04-03,0.67656,0.685642,0.67202,0.681101,0.21864,4690931
2002-04-04,0.681101,0.685642,0.67656,0.67656,0.217183,6639980
2002-04-05,0.681101,0.690182,0.681101,0.681101,0.21864,4563197
2002-04-08,0.685642,0.699264,0.681101,0.694723,0.223013,8023034
2002-04-09,0.694723,0.708345,0.690182,0.699264,0.224471,9395076
2002-04-10,0.699264,0.708345,0.694723,0.694723,0.223013,9262937
2002-04-11,0.699264,0.703804,0.694723,0.694723,0.223013,12040057
2002-04-12,0.694723,0.703804,0.694723,0.699264,0.224471,9064729
2002-04-15,0.699264,0.717426,0.694723,0.708345,0.227386,16508554
2002-04-16,0.712886,0.712886,0.703804,0.703804,0.225928,2973125
2002-04-17,0.708345,0.721967,0.708345,0.717426,0.230301,7741137
2002-04-18,0.717426,0.717426,0.708345,0.712886,0.228844,4409034
2002-04-19,0.712886,0.758292,0.712886,0.749211,0.240504,19697506
2002-04-22,0.753752,0.758292,0.735589,0.735589,0.236132,4226242
2002-04-23,0.731048,0.74013,0.721967,0.735589,0.236132,5118180
2002-04-24,0.731048,0.735589,0.721967,0.726508,0.233216,3292461
2002-04-25,0.726508,0.726508,0.726508,0.726508,0.233216,0
2002-04-26,0.726508,0.749211,0.726508,0.731048,0.234674,7203772
2002-04-29,0.731048,0.735589,0.721967,0.726508,0.233216,5234903
2002-04-30,0.726508,0.731048,0.717426,0.717426,0.230301,6177494
2002-05-01,0.717426,0.717426,0.717426,0.717426,0.230301,0
2002-05-02,0.726508,0.74013,0.726508,0.731048,0.234674,5245914
2002-05-03,0.735589,0.735589,0.726508,0.726508,0.233216,2442367
2002-05-06,0.731048,0.74467,0.731048,0.735589,0.236132,1878574
2002-05-07,0.735589,0.74467,0.735589,0.74013,0.237589,2283800
2002-05-08,0.74013,0.753752,0.74013,0.74467,0.239047,11007171
2002-05-09,0.749211,0.753752,0.74467,0.749211,0.240504,5933037
2002-05-10,0.74467,0.749211,0.74467,0.749211,0.240504,3671259
2002-05-13,0.749211,0.753752,0.74467,0.74467,0.239047,3583166
2002-05-14,0.749211,0.753752,0.74467,0.749211,0.240504,3865063
2002-05-15,0.749211,0.749211,0.74467,0.749211,0.240504,7243414
2002-05-16,0.749211,0.758292,0.749211,0.753752,0.241962,6518852
2002-05-17,0.749211,0.749211,0.74013,0.749211,0.247206,6543078
2002-05-20,0.749211,0.753752,0.74013,0.74013,0.244209,3345316
2002-05-21,0.74013,0.74467,0.735589,0.74467,0.245707,2347667
2002-05-22,0.74467,0.74467,0.721967,0.735589,0.242711,3153715
2002-05-23,0.731048,0.731048,0.726508,0.731048,0.241213,3340912
2002-05-24,0.726508,0.731048,0.726508,0.731048,0.241213,2063569
2002-05-27,0.731048,0.731048,0.731048,0.731048,0.241213,0
2002-05-28,0.726508,0.735589,0.703804,0.708345,0.233722,3221987
2002-05-29,0.703804,0.712886,0.694723,0.712886,0.23522,4602838
2002-05-30,0.712886,0.712886,0.699264,0.703804,0.232223,3039194
2002-05-31,0.699264,0.703804,0.690182,0.699264,0.230725,2942293
2002-06-03,0.699264,0.699264,0.694723,0.699264,0.230725,3155917
2002-06-04,0.694723,0.712886,0.694723,0.712886,0.23522,2488616
2002-06-05,0.712886,0.712886,0.699264,0.708345,0.233722,1200261
2002-06-06,0.712886,0.721967,0.712886,0.717426,0.236718,1909407
2002-06-07,0.712886,0.731048,0.708345,0.721967,0.238216,3061218
2002-06-10,0.74467,0.74467,0.717426,0.721967,0.238216,2226540
2002-06-11,0.717426,0.726508,0.717426,0.726508,0.239715,779619
2002-06-12,0.726508,0.726508,0.712886,0.717426,0.236718,3506085
2002-06-13,0.717426,0.726508,0.717426,0.726508,0.239715,1838933
2002-06-14,0.726508,0.726508,0.717426,0.721967,0.238216,2759500
2002-06-17,0.726508,0.735589,0.726508,0.731048,0.241213,1477753
2002-06-18,0.731048,0.74013,0.731048,0.735589,0.242711,2336656
2002-06-19,0.74013,0.74467,0.735589,0.74013,0.244209,3673461
2002-06-20,0.74013,0.749211,0.735589,0.74467,0.245707,4693133
2002-06-21,0.74467,0.749211,0.74013,0.74467,0.245707,2083390
2002-06-24,0.74467,0.74467,0.721967,0.721967,0.238216,7721316
2002-06-25,0.721967,0.731048,0.712886,0.717426,0.236718,8485520
2002-06-26,0.717426,0.726508,0.699264,0.708345,0.233722,7390969
2002-06-27,0.708345,0.726508,0.703804,0.712886,0.23522,4715156
2002-06-28,0.721967,0.74467,0.721967,0.74013,0.244209,10487424
2002-07-01,0.760563,0.760563,0.720832,0.740697,0.244396,2767869
2002-07-02,0.740697,0.740697,0.72367,0.732184,0.241588,2559971
2002-07-03,0.732184,0.737859,0.720832,0.737859,0.24346,2218171
2002-07-04,0.737859,0.743535,0.735021,0.735021,0.242524,2248123
2002-07-05,0.740697,0.749211,0.735021,0.746373,0.246269,2884151
2002-07-08,0.746373,0.760563,0.746373,0.752049,0.248142,1990892
2002-07-09,0.752049,0.77759,0.749211,0.77759,0.256569,6080151
2002-07-10,0.766239,0.774752,0.766239,0.766239,0.252824,2348548
2002-07-11,0.766239,0.766239,0.760563,0.766239,0.252824,914401
2002-07-12,0.766239,0.774752,0.766239,0.766239,0.252824,2598731
2002-07-15,0.766239,0.769077,0.760563,0.763401,0.251888,761120
2002-07-16,0.763401,0.763401,0.754887,0.754887,0.249079,1723091
2002-07-17,0.754887,0.757725,0.749211,0.752049,0.248142,1444718
2002-07-18,0.752049,0.754887,0.743535,0.743535,0.245333,1615618
2002-07-19,0.743535,0.743535,0.726508,0.735021,0.242524,2896484
2002-07-22,0.726508,0.735021,0.717994,0.732184,0.241588,3106145
2002-07-23,0.726508,0.749211,0.720832,0.746373,0.246269,5530453
2002-07-24,0.743535,0.743535,0.732184,0.735021,0.242524,3712222
2002-07-25,0.737859,0.752049,0.737859,0.749211,0.247206,3895455
2002-07-26,0.749211,0.749211,0.737859,0.737859,0.24346,680074
2002-07-29,0.737859,0.754887,0.737859,0.754887,0.249079,829832
2002-07-30,0.760563,0.769077,0.757725,0.760563,0.250951,5451170
2002-07-31,0.760563,0.769077,0.760563,0.769077,0.253761,6841271
2002-08-01,0.766239,0.769077,0.757725,0.760563,0.250951,5960345
2002-08-02,0.760563,0.769077,0.757725,0.760563,0.250951,6776083
2002-08-05,0.754887,0.769077,0.754887,0.760563,0.250951,3151953
2002-08-06,0.757725,0.763401,0.743535,0.746373,0.246269,1756566
2002-08-07,0.749211,0.763401,0.749211,0.757725,0.250015,2852438
2002-08-08,0.760563,0.766239,0.757725,0.760563,0.250951,2311550
2002-08-09,0.760563,0.763401,0.757725,0.760563,0.250951,3948310
2002-08-12,0.760563,0.769077,0.760563,0.763401,0.251888,6145340
2002-08-13,0.763401,0.766239,0.760563,0.763401,0.251888,1592714
2002-08-14,0.763401,0.766239,0.757725,0.760563,0.250951,942590
2002-08-15,0.763401,0.769077,0.760563,0.766239,0.252824,8250753
2002-08-16,0.766239,0.766239,0.757725,0.763401,0.251888,2901770
2002-08-19,0.763401,0.766239,0.757725,0.757725,0.250015,2732632
2002-08-20,0.760563,0.760563,0.737859,0.746373,0.246269,6314478
2002-08-21,0.749211,0.749211,0.740697,0.743535,0.245333,3906026
2002-08-22,0.743535,0.752049,0.743535,0.749211,0.247206,3976500
2002-08-23,0.749211,0.749211,0.749211,0.749211,0.247206,0
2002-08-26,0.752049,0.754887,0.749211,0.752049,0.248142,1319627
2002-08-27,0.752049,0.757725,0.749211,0.757725,0.250015,2961673
2002-08-28,0.754887,0.757725,0.749211,0.754887,0.249079,914401
2002-08-29,0.752049,0.754887,0.749211,0.752049,0.248142,3925406
2002-08-30,0.752049,0.752049,0.746373,0.752049,0.248142,1513430
2002-09-02,0.746373,0.752049,0.746373,0.749211,0.247206,572601
2002-09-03,0.752049,0.760563,0.749211,0.757725,0.250015,5394791
2002-09-04,0.752049,0.757725,0.746373,0.757725,0.250015,1585666
2002-09-05,0.752049,0.757725,0.752049,0.752049,0.248142,806928
2002-09-06,0.752049,0.757725,0.726508,0.726508,0.239715,7255307
2002-09-09,0.726508,0.737859,0.712318,0.715156,0.235969,2951102
2002-09-10,0.717994,0.729346,0.717994,0.726508,0.239715,2538828
2002-09-11,0.729346,0.740697,0.729346,0.737859,0.24346,813975
2002-09-12,0.743535,0.757725,0.743535,0.757725,0.250015,1569810
2002-09-13,0.752049,0.752049,0.732184,0.740697,0.244396,1020112
2002-09-16,0.743535,0.743535,0.735021,0.735021,0.242524,1642046
2002-09-17,0.737859,0.740697,0.735021,0.740697,0.244396,1814707
2002-09-18,0.737859,0.737859,0.735021,0.735021,0.242524,1772423
2002-09-19,0.735021,0.735021,0.726508,0.732184,0.241588,1834088
2002-09-20,0.726508,0.726508,0.706642,0.706642,0.23316,6978696
2002-09-23,0.70948,0.720832,0.695291,0.698128,0.230351,4461009
2002-09-24,0.698128,0.698128,0.675425,0.678263,0.223796,5708400
2002-09-25,0.675425,0.678263,0.638532,0.649884,0.214432,9218010
2002-09-26,0.658398,0.661235,0.649884,0.661235,0.218178,9242676
2002-09-27,0.661235,0.666911,0.65556,0.65556,0.216305,4686526
2002-09-30,0.652722,0.658398,0.647046,0.658398,0.217242,5065324
2002-10-01,0.652722,0.661235,0.652722,0.661235,0.218178,4910281
2002-10-02,0.664073,0.669749,0.661235,0.661235,0.218178,3571274
2002-10-03,0.661235,0.666911,0.661235,0.664073,0.219114,3729840
2002-10-04,0.664073,0.666911,0.658398,0.661235,0.218178,4453962
2002-10-07,0.664073,0.664073,0.65556,0.658398,0.217242,1904562
2002-10-08,0.65556,0.65556,0.649884,0.652722,0.215369,3298187
2002-10-09,0.652722,0.652722,0.647046,0.652722,0.215369,3174857
2002-10-10,0.649884,0.649884,0.64137,0.64137,0.211623,3425040
2002-10-11,0.644208,0.652722,0.644208,0.652722,0.215369,1696663
2002-10-14,0.652722,0.652722,0.644208,0.649884,0.214432,1966226
2002-10-15,0.649884,0.652722,0.638532,0.649884,0.214432,6060771
2002-10-16,0.652722,0.664073,0.647046,0.649884,0.214432,5378934
2002-10-17,0.647046,0.652722,0.644208,0.649884,0.214432,2540590
2002-10-18,0.649884,0.669749,0.649884,0.669749,0.220987,6645706
2002-10-21,0.672587,0.675425,0.664073,0.669749,0.220987,11090859
2002-10-22,0.672587,0.675425,0.666911,0.669749,0.220987,2091318
2002-10-23,0.666911,0.666911,0.658398,0.664073,0.219114,2720299
2002-10-24,0.664073,0.669749,0.664073,0.666911,0.22005,1939799
2002-10-25,0.666911,0.669749,0.664073,0.664073,0.219114,2704443
2002-10-28,0.669749,0.675425,0.666911,0.669749,0.220987,3072670
2002-10-29,0.669749,0.672587,0.664073,0.664073,0.219114,5250319
2002-10-30,0.664073,0.666911,0.661235,0.664073,0.219114,1148727
2002-10-31,0.664073,0.666911,0.661235,0.664073,0.219114,577887
2002-11-01,0.664073,0.672587,0.664073,0.664073,0.219114,2302740
2002-11-04,0.664073,0.664073,0.664073,0.664073,0.219114,0
2002-11-05,0.672587,0.683939,0.672587,0.678263,0.223796,3011005
2002-11-06,0.678263,0.683939,0.678263,0.683939,0.225669,1959179
2002-11-07,0.683939,0.683939,0.683939,0.683939,0.225669,0
2002-11-08,0.70948,0.70948,0.675425,0.678263,0.223796,5807064
2002-11-11,0.678263,0.681101,0.658398,0.658398,0.217242,3019814
2002-11-12,0.658398,0.666911,0.65556,0.65556,0.216305,1568048
2002-11-13,0.658398,0.664073,0.649884,0.652722,0.215369,3601225
2002-11-14,0.65556,0.664073,0.649884,0.652722,0.215369,1888705
2002-11-15,0.65556,0.661235,0.652722,0.652722,0.215369,1883419
2002-11-18,0.652722,0.661235,0.647046,0.647046,0.213496,1807660
2002-11-19,0.649884,0.649884,0.635694,0.635694,0.20975,2263979
2002-11-20,0.635694,0.64137,0.635694,0.638532,0.210687,4117448
2002-11-21,0.64137,0.64137,0.632856,0.638532,0.210687,4214350
2002-11-22,0.638532,0.647046,0.638532,0.644208,0.21256,7438539
2002-11-25,0.644208,0.644208,0.638532,0.644208,0.21256,3814409
2002-11-26,0.644208,0.644208,0.635694,0.64137,0.211623,1183964
2002-11-27,0.638532,0.638532,0.632856,0.635694,0.20975,2070176
2002-11-28,0.638532,0.64137,0.630018,0.632856,0.208814,2621635
2002-11-29,0.635694,0.635694,0.630018,0.630018,0.207877,1596238
2002-12-02,0.630018,0.630018,0.630018,0.630018,0.207877,0
2002-12-03,0.635694,0.635694,0.618667,0.621505,0.205069,5893395
2002-12-04,0.624342,0.630018,0.621505,0.630018,0.207877,3306996
2002-12-05,0.630018,0.630018,0.630018,0.630018,0.207877,0
2002-12-06,0.630018,0.630018,0.630018,0.630018,0.207877,0
2002-12-09,0.632856,0.658398,0.630018,0.652722,0.215369,4394059
2002-12-10,0.652722,0.658398,0.647046,0.649884,0.214432,2255170
2002-12-11,0.649884,0.649884,0.644208,0.649884,0.214432,1948608
2002-12-12,0.647046,0.658398,0.64137,0.65556,0.216305,2047272
2002-12-13,0.652722,0.658398,0.647046,0.647046,0.213496,1037730
2002-12-16,0.647046,0.647046,0.635694,0.635694,0.20975,1013064
2002-12-17,0.64137,0.652722,0.64137,0.649884,0.214432,1784756
2002-12-18,0.647046,0.65556,0.644208,0.647046,0.213496,2485973
2002-12-19,0.647046,0.652722,0.647046,0.649884,0.214432,673027
2002-12-20,0.647046,0.649884,0.647046,0.649884,0.214432,1004255
2002-12-23,0.649884,0.649884,0.644208,0.649884,0.214432,600791
2002-12-24,0.652722,0.652722,0.638532,0.649884,0.214432,537364
2002-12-25,0.649884,0.649884,0.649884,0.649884,0.214432,0
2002-12-26,0.649884,0.652722,0.630018,0.630018,0.207877,2036701
2002-12-27,0.635694,0.658398,0.635694,0.65556,0.216305,3255902
2002-12-30,0.65556,0.65556,0.652722,0.652722,0.215369,3296425
2002-12-31,0.652722,0.652722,0.64137,0.644208,0.21256,641314
2003-01-01,0.644208,0.644208,0.644208,0.644208,0.21256,0
2003-01-02,0.64137,0.64137,0.635694,0.638532,0.210687,486271
2003-01-03,0.638532,0.652722,0.638532,0.649884,0.214432,2253408
2003-01-06,0.652722,0.652722,0.644208,0.649884,0.214432,3003957
2003-01-07,0.649884,0.652722,0.647046,0.649884,0.214432,4110401
2003-01-08,0.647046,0.652722,0.647046,0.649884,0.214432,2864771
2003-01-09,0.644208,0.649884,0.64137,0.644208,0.21256,2214648
2003-01-10,0.647046,0.649884,0.64137,0.647046,0.213496,3340471
2003-01-13,0.647046,0.658398,0.647046,0.658398,0.217242,6721465
2003-01-14,0.658398,0.675425,0.658398,0.669749,0.220987,9635569
2003-01-15,0.669749,0.675425,0.658398,0.669749,0.220987,5535739
2003-01-16,0.669749,0.669749,0.658398,0.658398,0.217242,2057843
2003-01-17,0.661235,0.666911,0.65556,0.666911,0.22005,3650557
2003-01-20,0.658398,0.666911,0.65556,0.664073,0.219114,2484211
2003-01-21,0.661235,0.669749,0.658398,0.666911,0.22005,6659801
2003-01-22,0.666911,0.666911,0.65556,0.65556,0.216305,1166346
2003-01-23,0.658398,0.658398,0.649884,0.65556,0.216305,2374976
2003-01-24,0.65556,0.65556,0.647046,0.652722,0.215369,2091318
2003-01-27,0.647046,0.666911,0.64137,0.666911,0.22005,8747595
2003-01-28,0.658398,0.661235,0.652722,0.65556,0.216305,2003225
2003-01-29,0.65556,0.661235,0.652722,0.661235,0.218178,3497276
2003-01-30,0.661235,0.661235,0.649884,0.652722,0.215369,3194237
2003-01-31,0.652722,0.652722,0.652722,0.652722,0.215369,0
2003-02-03,0.652722,0.652722,0.652722,0.652722,0.215369,0
2003-02-04,0.652722,0.652722,0.652722,0.652722,0.215369,0
2003-02-05,0.652722,0.658398,0.649884,0.652722,0.215369,3062099
2003-02-06,0.652722,0.65556,0.647046,0.65556,0.216305,2651587
2003-02-07,0.65556,0.658398,0.64137,0.647046,0.213496,9126394
2003-02-10,0.649884,0.652722,0.644208,0.647046,0.213496,2482449
2003-02-11,0.649884,0.652722,0.647046,0.652722,0.215369,2204077
2003-02-12,0.652722,0.652722,0.652722,0.652722,0.215369,0
2003-02-13,0.649884,0.652722,0.644208,0.649884,0.214432,3907788
2003-02-14,0.647046,0.652722,0.647046,0.647046,0.213496,993684
2003-02-17,0.649884,0.65556,0.649884,0.649884,0.214432,1027159
2003-02-18,0.652722,0.652722,0.647046,0.649884,0.214432,940829
2003-02-19,0.649884,0.652722,0.647046,0.652722,0.215369,1323150
2003-02-20,0.649884,0.652722,0.647046,0.647046,0.213496,288943
2003-02-21,0.647046,0.652722,0.64137,0.64137,0.211623,1819993
2003-02-24,0.647046,0.652722,0.64137,0.649884,0.214432,1679045
2003-02-25,0.647046,0.649884,0.644208,0.647046,0.213496,1397148
2003-02-26,0.647046,0.647046,0.64137,0.644208,0.21256,2094842
2003-02-27,0.647046,0.658398,0.638532,0.64137,0.211623,4485675
2003-02-28,0.647046,0.647046,0.635694,0.635694,0.20975,2591684
2003-03-03,0.635694,0.638532,0.632856,0.632856,0.208814,664218
2003-03-04,0.632856,0.632856,0.632856,0.632856,0.208814,0
2003-03-05,0.632856,0.632856,0.624342,0.632856,0.208814,2459545
2003-03-06,0.632856,0.647046,0.632856,0.644208,0.21256,2940531
2003-03-07,0.638532,0.644208,0.632856,0.644208,0.21256,3287616
2003-03-10,0.64137,0.64137,0.615829,0.632856,0.208814,4994850
2003-03-11,0.624342,0.62718,0.612991,0.624342,0.206005,6443093
2003-03-12,0.624342,0.64137,0.618667,0.64137,0.211623,5026564
2003-03-13,0.638532,0.638532,0.624342,0.624342,0.206005,322418
2003-03-14,0.638532,0.638532,0.621505,0.621505,0.205069,1811183
2003-03-17,0.624342,0.624342,0.604477,0.610153,0.201323,5874015
2003-03-18,0.618667,0.624342,0.612991,0.618667,0.204132,3278806
2003-03-19,0.618667,0.621505,0.615829,0.621505,0.205069,1539858
2003-03-20,0.621505,0.630018,0.618667,0.62718,0.206941,3419755
2003-03-21,0.630018,0.630018,0.621505,0.621505,0.205069,2434879
2003-03-24,0.624342,0.624342,0.618667,0.618667,0.204132,3421516
2003-03-25,0.618667,0.618667,0.612991,0.612991,0.202259,1413005
2003-03-26,0.615829,0.621505,0.615829,0.618667,0.204132,641314
2003-03-27,0.621505,0.635694,0.621505,0.630018,0.207877,2140650
2003-03-28,0.635694,0.647046,0.630018,0.644208,0.21256,2404928
2003-03-31,0.644208,0.647046,0.64137,0.64137,0.211623,1740709
2003-04-01,0.64137,0.64137,0.635694,0.635694,0.20975,2737918
2003-04-02,0.638532,0.64137,0.635694,0.638532,0.210687,1164584
2003-04-03,0.644208,0.647046,0.64137,0.644208,0.21256,618410
2003-04-04,0.64137,0.652722,0.64137,0.644208,0.21256,2732632
2003-04-07,0.647046,0.652722,0.647046,0.647046,0.213496,2866533
2003-04-08,0.649884,0.658398,0.649884,0.65556,0.216305,3960643
2003-04-09,0.65556,0.661235,0.652722,0.652722,0.215369,2320359
2003-04-10,0.652722,0.658398,0.647046,0.649884,0.214432,4933185
2003-04-11,0.649884,0.65556,0.647046,0.649884,0.214432,3675223
2003-04-14,0.652722,0.658398,0.652722,0.65556,0.216305,1832326
2003-04-15,0.65556,0.661235,0.65556,0.661235,0.218178,3742173
2003-04-16,0.661235,0.666911,0.658398,0.661235,0.218178,2197029
2003-04-17,0.661235,0.661235,0.65556,0.658398,0.217242,2922912
2003-04-18,0.661235,0.664073,0.658398,0.664073,0.219114,3254140
2003-04-21,0.647046,0.647046,0.638532,0.644208,0.221062,1143442
2003-04-22,0.644208,0.644208,0.632856,0.638532,0.219114,1943322
2003-04-23,0.638532,0.638532,0.62718,0.62718,0.215219,2521210
2003-04-24,0.62718,0.62718,0.612991,0.615829,0.211323,3081479
2003-04-25,0.618667,0.618667,0.607315,0.612991,0.21035,4135066
2003-04-28,0.612991,0.621505,0.607315,0.607315,0.208402,1909847
2003-04-29,0.610153,0.62718,0.610153,0.618667,0.212297,5468789
2003-04-30,0.624342,0.62718,0.618667,0.624342,0.214245,1411243
2003-05-01,0.624342,0.624342,0.624342,0.624342,0.214245,0
2003-05-02,0.62718,0.62718,0.618667,0.618667,0.212297,2616350
2003-05-05,0.624342,0.62718,0.618667,0.624342,0.214245,1740709
2003-05-06,0.624342,0.62718,0.621505,0.624342,0.214245,1442956
2003-05-07,0.630018,0.630018,0.624342,0.62718,0.215219,1381292
2003-05-08,0.62718,0.630018,0.62718,0.62718,0.215219,419320
2003-05-09,0.62718,0.630018,0.621505,0.621505,0.213271,3627653
2003-05-12,0.624342,0.62718,0.624342,0.624342,0.214245,2544114
2003-05-13,0.62718,0.638532,0.62718,0.638532,0.219114,1069444
2003-05-14,0.638532,0.638532,0.638532,0.638532,0.219114,0
2003-05-15,0.638532,0.638532,0.638532,0.638532,0.219114,0
2003-05-16,0.638532,0.647046,0.635694,0.638532,0.219114,1955655
2003-05-19,0.638532,0.64137,0.632856,0.632856,0.217166,3874312
2003-05-20,0.635694,0.638532,0.62718,0.62718,0.215219,2232266
2003-05-21,0.632856,0.632856,0.630018,0.630018,0.216192,1465860
2003-05-22,0.632856,0.638532,0.630018,0.638532,0.219114,1671997
2003-05-23,0.632856,0.649884,0.632856,0.647046,0.222036,2226981
2003-05-26,0.652722,0.65556,0.647046,0.652722,0.223983,3750278
2003-05-27,0.65556,0.661235,0.652722,0.661235,0.226905,2149811
2003-05-28,0.664073,0.666911,0.658398,0.664073,0.227878,6765159
2003-05-29,0.666911,0.666911,0.661235,0.666911,0.228852,5154826
2003-05-30,0.666911,0.678263,0.664073,0.669749,0.229826,4828884
2003-06-02,0.672587,0.678263,0.669749,0.675425,0.231774,2553276
2003-06-03,0.675425,0.678263,0.669749,0.672587,0.2308,4354946
2003-06-04,0.672587,0.672587,0.666911,0.669749,0.229826,1804841
2003-06-05,0.672587,0.672587,0.669749,0.672587,0.2308,5808121
2003-06-06,0.672587,0.672587,0.666911,0.666911,0.228852,4067411
2003-06-09,0.669749,0.672587,0.664073,0.669749,0.229826,4420487
2003-06-10,0.669749,0.672587,0.666911,0.672587,0.2308,3662538
2003-06-11,0.672587,0.681101,0.672587,0.678263,0.232748,8358226
2003-06-12,0.678263,0.695291,0.678263,0.692453,0.237617,7080179
2003-06-13,0.695291,0.70948,0.695291,0.706642,0.242486,7886050
2003-06-16,0.703804,0.703804,0.686777,0.689615,0.236643,1757271
2003-06-17,0.698128,0.703804,0.683939,0.689615,0.236643,2117393
2003-06-18,0.692453,0.698128,0.686777,0.689615,0.236643,2231209
2003-06-19,0.689615,0.689615,0.675425,0.678263,0.232748,4005042
2003-06-20,0.675425,0.689615,0.675425,0.675425,0.231774,6735208
2003-06-23,0.678263,0.692453,0.678263,0.689615,0.236643,5559348
2003-06-24,0.689615,0.692453,0.686777,0.689615,0.236643,4618166
2003-06-25,0.692453,0.700966,0.692453,0.695291,0.238591,5046296
2003-06-26,0.695291,0.70948,0.695291,0.70948,0.24346,5379286
2003-06-27,0.70948,0.732184,0.70948,0.729346,0.250277,16662540
2003-06-30,0.729346,0.754887,0.729346,0.737859,0.253199,10592959
2003-07-01,0.740697,0.752049,0.740697,0.749211,0.257094,5438485
2003-07-02,0.749211,0.766239,0.749211,0.760563,0.260989,8524545
2003-07-03,0.766239,0.77759,0.757725,0.757725,0.260015,22149652
2003-07-04,0.763401,0.766239,0.760563,0.763401,0.261963,14434149
2003-07-07,0.766239,0.79178,0.766239,0.783266,0.26878,28894375
2003-07-08,0.815902,0.815902,0.783976,0.787523,0.270241,10938987
2003-07-09,0.79107,0.79107,0.773333,0.776881,0.266589,8212486
2003-07-10,0.776881,0.783976,0.773333,0.773333,0.265371,5778029
2003-07-11,0.773333,0.783976,0.769786,0.773333,0.265371,7393577
2003-07-14,0.773333,0.780428,0.773333,0.776881,0.266589,7067141
2003-07-15,0.780428,0.798165,0.773333,0.776881,0.266589,5178999
2003-07-16,0.776881,0.780428,0.766239,0.773333,0.265371,4163890
2003-07-17,0.773333,0.773333,0.766239,0.773333,0.265371,4703158
2003-07-18,0.773333,0.773333,0.766239,0.773333,0.265371,1285447
2003-07-21,0.776881,0.780428,0.766239,0.766239,0.262937,3356257
2003-07-22,0.766239,0.766239,0.766239,0.766239,0.262937,0
2003-07-23,0.773333,0.776881,0.769786,0.773333,0.265371,5465970
2003-07-24,0.773333,0.773333,0.766239,0.773333,0.265371,5103451
2003-07-25,0.769786,0.780428,0.766239,0.769786,0.264154,7427122
2003-07-28,0.773333,0.773333,0.766239,0.773333,0.265371,3308053
2003-07-29,0.773333,0.780428,0.769786,0.769786,0.264154,3127639
2003-07-30,0.773333,0.780428,0.769786,0.776881,0.266589,4280314
2003-07-31,0.776881,0.780428,0.769786,0.776881,0.266589,6542250
2003-08-01,0.776881,0.783976,0.776881,0.780428,0.267806,3801372
2003-08-04,0.780428,0.783976,0.776881,0.776881,0.266589,3828434
2003-08-05,0.776881,0.783976,0.776881,0.776881,0.266589,6564238
2003-08-06,0.776881,0.780428,0.773333,0.780428,0.267806,3687204
2003-08-07,0.780428,0.79107,0.776881,0.787523,0.270241,5531651
2003-08-08,0.787523,0.79107,0.783976,0.787523,0.270241,4762920
2003-08-11,0.787523,0.787523,0.783976,0.787523,0.270241,3142580
2003-08-12,0.787523,0.79107,0.783976,0.787523,0.270241,6910970
2003-08-13,0.787523,0.798165,0.787523,0.794618,0.272675,5505153
2003-08-14,0.794618,0.815902,0.794618,0.812355,0.278762,6672486
2003-08-15,0.847829,0.847829,0.844281,0.844281,0.289717,10405639
2003-08-18,0.844281,0.865566,0.837187,0.844281,0.289717,5966899
2003-08-19,0.847829,0.851376,0.844281,0.844281,0.289717,5713193
2003-08-20,0.844281,0.851376,0.844281,0.847829,0.290935,4263682
2003-08-21,0.847829,0.851376,0.844281,0.847829,0.290935,3613911
2003-08-22,0.847829,0.862018,0.847829,0.858471,0.294587,8258435
2003-08-25,0.854924,0.862018,0.851376,0.858471,0.294587,8848444
2003-08-26,0.858471,0.862018,0.847829,0.854924,0.29337,9584757
2003-08-27,0.854924,0.862018,0.851376,0.858471,0.294587,10141784
2003-08-28,0.854924,0.862018,0.830092,0.833639,0.286065,15357712
2003-08-29,0.833639,0.847829,0.830092,0.840734,0.2885,3992215
2003-09-01,0.840734,0.840734,0.840734,0.840734,0.2885,0
2003-09-02,0.844281,0.847829,0.837187,0.840734,0.2885,3797425
2003-09-03,0.844281,0.844281,0.833639,0.840734,0.2885,4698084
2003-09-04,0.840734,0.851376,0.840734,0.844281,0.289717,7109143
2003-09-05,0.844281,0.851376,0.837187,0.844281,0.289717,3705809
2003-09-08,0.840734,0.840734,0.833639,0.837187,0.287283,3191630
2003-09-09,0.837187,0.840734,0.826544,0.833639,0.286065,5238479
2003-09-10,0.833639,0.833639,0.815902,0.826544,0.283631,5498670
2003-09-11,0.822997,0.830092,0.822997,0.830092,0.284848,2944125
2003-09-12,0.826544,0.830092,0.81945,0.826544,0.283631,3065622
2003-09-15,0.822997,0.833639,0.822997,0.826544,0.283631,2810506
2003-09-16,0.826544,0.826544,0.812355,0.815902,0.279979,4410550
2003-09-17,0.81945,0.840734,0.81945,0.830092,0.284848,6240621
2003-09-18,0.830092,0.833639,0.81945,0.826544,0.283631,3249419
2003-09-19,0.826544,0.830092,0.815902,0.815902,0.279979,4999995
2003-09-22,0.815902,0.81945,0.801713,0.801713,0.27511,5282173
2003-09-23,0.801713,0.80526,0.794618,0.801713,0.27511,4571231
2003-09-24,0.801713,0.830092,0.801713,0.826544,0.283631,6487562
2003-09-25,0.826544,0.840734,0.822997,0.837187,0.287283,9008561
2003-09-26,0.837187,0.837187,0.826544,0.833639,0.286065,5383092
2003-09-29,0.833639,0.833639,0.822997,0.822997,0.282414,3489312
2003-09-30,0.826544,0.830092,0.826544,0.826544,0.283631,3521449
2003-10-01,0.830092,0.840734,0.822997,0.837187,0.287283,13021355
2003-10-02,0.837187,0.837187,0.826544,0.833639,0.286065,8366683
2003-10-03,0.826544,0.833639,0.826544,0.826544,0.283631,6301228
2003-10-06,0.830092,0.830092,0.808807,0.812355,0.278762,3847321
2003-10-07,0.815902,0.833639,0.815902,0.830092,0.284848,5257084
2003-10-08,0.830092,0.844281,0.830092,0.840734,0.2885,7639672
2003-10-09,0.840734,0.88685,0.837187,0.879756,0.301891,34650980
2003-10-10,0.883303,0.940061,0.883303,0.904587,0.310412,36198873
2003-10-13,0.908135,0.922324,0.893945,0.90104,0.309194,13797134
2003-10-14,0.90104,0.904587,0.88685,0.893945,0.30676,8167664
2003-10-15,0.90104,0.90104,0.883303,0.890398,0.305543,6837113
2003-10-16,0.893945,0.897493,0.879756,0.883303,0.303108,3280145
2003-10-17,0.88685,0.893945,0.879756,0.890398,0.305543,3988833
2003-10-20,0.890398,0.890398,0.872661,0.872661,0.299456,4298073
2003-10-21,0.883303,0.897493,0.883303,0.890398,0.305543,7042616
2003-10-22,0.893945,0.911682,0.893945,0.911682,0.312846,18822218
2003-10-23,0.911682,0.911682,0.890398,0.893945,0.30676,7737208
2003-10-24,0.893945,0.893945,0.893945,0.893945,0.30676,0
2003-10-27,0.893945,0.904587,0.890398,0.90104,0.309194,8224325
2003-10-28,0.90104,0.922324,0.893945,0.91523,0.314064,16925620
2003-10-29,0.922324,0.940061,0.918777,0.932967,0.32015,19469734
2003-10-30,0.936514,0.940061,0.925872,0.932967,0.32015,9346837
2003-10-31,0.932967,0.940061,0.922324,0.936514,0.321367,12757218
2003-11-03,0.936514,0.936514,0.91523,0.925872,0.317716,7108861
2003-11-04,0.925872,0.925872,0.918777,0.925872,0.317716,6566775
2003-11-05,0.922324,0.925872,0.911682,0.91523,0.314064,11320675
2003-11-06,0.91523,0.918777,0.90104,0.908135,0.311629,5243271
2003-11-07,0.908135,0.922324,0.904587,0.91523,0.314064,4060153
2003-11-10,0.91523,0.91523,0.897493,0.904587,0.310412,3567962
2003-11-11,0.904587,0.904587,0.890398,0.897493,0.307977,5716012
2003-11-12,0.90104,0.904587,0.893945,0.893945,0.30676,6118842
2003-11-13,0.897493,0.918777,0.897493,0.911682,0.312846,12379477
2003-11-14,0.911682,0.918777,0.904587,0.91523,0.314064,11370288
2003-11-17,0.911682,0.911682,0.90104,0.904587,0.310412,12290680
2003-11-18,0.90104,0.904587,0.893945,0.904587,0.310412,4114277
2003-11-19,0.897493,0.90104,0.88685,0.88685,0.304325,7906910
2003-11-20,0.88685,0.897493,0.883303,0.897493,0.307977,7692669
2003-11-21,0.88685,0.904587,0.883303,0.904587,0.310412,7367079
2003-11-24,0.904587,0.904587,0.904587,0.904587,0.310412,0
2003-11-25,0.904587,0.904587,0.904587,0.904587,0.310412,0
2003-11-26,0.904587,0.904587,0.904587,0.904587,0.310412,0
2003-11-27,0.904587,0.904587,0.890398,0.890398,0.305543,2817272
2003-11-28,0.890398,0.90104,0.890398,0.90104,0.309194,5219592
2003-12-01,0.90104,0.91523,0.897493,0.904587,0.310412,6532665
2003-12-02,0.908135,0.911682,0.897493,0.908135,0.311629,6444150
2003-12-03,0.908135,0.91523,0.904587,0.911682,0.312846,9203069
2003-12-04,0.911682,0.911682,0.897493,0.90104,0.309194,7303088
2003-12-05,0.90104,0.908135,0.897493,0.904587,0.310412,6992438
2003-12-08,0.904587,0.904587,0.897493,0.904587,0.310412,3109316
2003-12-09,0.904587,0.908135,0.90104,0.90104,0.309194,5523758
2003-12-10,0.90104,0.911682,0.90104,0.904587,0.310412,10721645
2003-12-11,0.90104,0.908135,0.893945,0.908135,0.311629,2954555
2003-12-12,0.908135,0.908135,0.90104,0.908135,0.311629,4036755
2003-12-15,0.904587,0.911682,0.90104,0.904587,0.310412,4554599
2003-12-16,0.904587,0.904587,0.897493,0.897493,0.307977,5000559
2003-12-17,0.90104,0.904587,0.893945,0.90104,0.309194,4503857
2003-12-18,0.90104,0.91523,0.897493,0.904587,0.310412,10148268
2003-12-19,0.904587,0.904587,0.897493,0.90104,0.309194,3077744
2003-12-22,0.90104,0.904587,0.893945,0.897493,0.307977,4890619
2003-12-23,0.90104,0.929419,0.897493,0.922324,0.316498,17871664
2003-12-24,0.922324,0.940061,0.911682,0.936514,0.321367,13642655
2003-12-25,0.936514,0.936514,0.936514,0.936514,0.321367,0
2003-12-26,0.936514,0.947156,0.929419,0.947156,0.325019,9071424
2003-12-29,0.950704,0.979083,0.947156,0.975535,0.334757,16909552
2003-12-30,0.975535,0.993272,0.975535,0.993272,0.340844,25114708
2003-12-31,0.993272,1.003915,0.989725,1.003915,0.344496,29896234
2004-01-01,1.003915,1.003915,1.003915,1.003915,0.344496,0
2004-01-02,1.000367,1.000367,0.964893,0.971988,0.33354,6698702
2004-01-05,0.968441,0.968441,0.954251,0.957798,0.328671,7204988
2004-01-06,0.961346,0.971988,0.957798,0.957798,0.328671,6295591
2004-01-07,0.957798,0.968441,0.957798,0.968441,0.332323,4950381
2004-01-08,0.968441,0.98263,0.964893,0.964893,0.331106,8476059
2004-01-09,0.971988,0.986178,0.968441,0.979083,0.335975,10839196
2004-01-12,0.979083,0.986178,0.968441,0.98263,0.337192,4149232
2004-01-13,0.98263,0.98263,0.971988,0.971988,0.33354,5044253
2004-01-14,0.975535,0.986178,0.971988,0.979083,0.335975,8074356
2004-01-15,0.979083,0.986178,0.975535,0.975535,0.334757,2864066
2004-01-16,0.975535,0.979083,0.971988,0.975535,0.334757,3619549
2004-01-19,0.979083,0.986178,0.975535,0.98263,0.337192,5501489
2004-01-20,0.98263,1.000367,0.98263,1.000367,0.343279,10255388
2004-01-21,1.000367,1.000367,1.000367,1.000367,0.343279,0
2004-01-22,1.000367,1.000367,1.000367,1.000367,0.343279,0
2004-01-23,1.000367,1.000367,1.000367,1.000367,0.343279,0
2004-01-26,1.000367,1.028746,1.000367,1.021652,0.350583,13358503
2004-01-27,1.025199,1.028746,1.003915,1.011009,0.346931,6169019
2004-01-28,1.011009,1.011009,1.003915,1.011009,0.346931,13600652
2004-01-29,1.011009,1.011009,1.003915,1.011009,0.346931,5886841
2004-01-30,1.007462,1.021652,1.007462,1.018104,0.349365,8709469
2004-02-02,1.018104,1.018104,1.018104,1.018104,0.349365,0
2004-02-03,1.018104,1.018104,1.018104,1.018104,0.349365,0
2004-02-04,1.018104,1.025199,1.011009,1.018104,0.349365,19031949
2004-02-05,1.018104,1.028746,1.014557,1.025199,0.3518,19112290
2004-02-06,1.025199,1.085505,1.025199,1.07841,0.370059,28431501
2004-02-09,1.07841,1.07841,1.053578,1.06422,0.36519,17994289
2004-02-10,1.06422,1.071315,1.057126,1.057126,0.362756,4751080
2004-02-11,1.06422,1.071315,1.057126,1.071315,0.367625,12297446
2004-02-12,1.07841,1.0926,1.06422,1.071315,0.367625,10315432
2004-02-13,1.07841,1.085505,1.060673,1.06422,0.36519,11413982
2004-02-16,1.071315,1.07841,1.060673,1.06422,0.36519,7144662
2004-02-17,1.071315,1.0926,1.06422,1.085505,0.372494,11075425
2004-02-18,1.0926,1.113884,1.085505,1.106789,0.379798,18501138
2004-02-19,1.113884,1.120979,1.085505,1.085505,0.372494,9463823
2004-02-20,1.0926,1.106789,1.085505,1.099695,0.377363,8129890
2004-02-23,1.099695,1.099695,1.099695,1.099695,0.377363,0
2004-02-24,1.099695,1.113884,1.0926,1.0926,0.374929,16087542
2004-02-25,1.099695,1.099695,1.071315,1.085505,0.372494,13307480
2004-02-26,1.085505,1.0926,1.07841,1.085505,0.372494,8809542
2004-02-27,1.085505,1.085505,1.06422,1.071315,0.367625,9483274
2004-03-01,1.071315,1.07841,1.06422,1.07841,0.370059,9510618
2004-03-02,1.07841,1.0926,1.071315,1.07841,0.370059,6511241
2004-03-03,1.07841,1.085505,1.050031,1.06422,0.36519,8872405
2004-03-04,1.06422,1.071315,1.053578,1.071315,0.367625,6319270
2004-03-05,1.071315,1.07841,1.06422,1.07841,0.370059,4130345
2004-03-08,1.07841,1.07841,1.060673,1.06422,0.36519,6984263
2004-03-09,1.06422,1.06422,1.053578,1.053578,0.361538,7382301
2004-03-10,1.053578,1.053578,1.032294,1.042936,0.357886,12070801
2004-03-11,1.035841,1.06422,1.035841,1.057126,0.362756,5798889
2004-03-12,1.057126,1.06422,1.053578,1.06422,0.36519,6345486
2004-03-15,1.06422,1.07841,1.060673,1.071315,0.367625,4379823
2004-03-16,1.071315,1.07841,1.06422,1.07841,0.370059,3480292
2004-03-17,1.071315,1.07841,1.06422,1.071315,0.367625,7850813
2004-03-18,1.071315,1.099695,1.071315,1.07841,0.370059,13454630
2004-03-19,1.07841,1.0926,1.06422,1.06422,0.36519,12686462
2004-03-22,1.07841,1.099695,1.071315,1.085505,0.372494,9788850
2004-03-23,1.085505,1.085505,1.06422,1.071315,0.367625,6271911
2004-03-24,1.071315,1.07841,1.06422,1.07841,0.370059,7359749
2004-03-25,1.071315,1.085505,1.071315,1.07841,0.370059,7041770
2004-03-26,1.07841,1.085505,1.071315,1.085505,0.372494,7470253
2004-03-29,1.085505,1.085505,1.06422,1.085505,0.372494,5779720
2004-03-30,1.07841,1.085505,1.071315,1.085505,0.372494,6257535
2004-03-31,1.085505,1.099695,1.06422,1.099695,0.377363,14060143
2004-04-01,1.085505,1.085505,1.07841,1.07841,0.370059,3849576
2004-04-02,1.07841,1.085505,1.07841,1.085505,0.372494,3826742
2004-04-05,1.085505,1.0926,1.085505,1.085505,0.372494,4451988
2004-04-06,1.085505,1.0926,1.085505,1.0926,0.374929,4518234
2004-04-07,1.0926,1.0926,1.085505,1.0926,0.374929,5659632
2004-04-08,1.0926,1.0926,1.07841,1.085505,0.372494,6600884
2004-04-09,1.085505,1.085505,1.07841,1.085505,0.372494,1675591
2004-04-12,1.085505,1.085505,1.07841,1.07841,0.370059,2803741
2004-04-13,1.07841,1.085505,1.071315,1.07841,0.370059,5343063
2004-04-14,1.07841,1.07841,1.057126,1.060673,0.363973,11687422
2004-04-15,1.06422,1.071315,1.057126,1.06422,0.36519,5866826
2004-04-16,1.06422,1.085505,1.060673,1.085505,0.372494,4409422
2004-04-19,1.085505,1.085505,1.071315,1.085505,0.372494,6341822
2004-04-20,1.085505,1.099695,1.085505,1.0926,0.374929,11043852
2004-04-21,1.071315,1.071315,1.053578,1.060673,0.377453,4210121
2004-04-22,1.06422,1.07841,1.06422,1.071315,0.38124,4297791
2004-04-23,1.07841,1.085505,1.071315,1.07841,0.383765,4240848
2004-04-26,1.07841,1.085505,1.071315,1.071315,0.38124,3526523
2004-04-27,1.071315,1.071315,1.06422,1.071315,0.38124,4377286
2004-04-28,1.071315,1.07841,1.06422,1.071315,0.38124,6349997
2004-04-29,1.071315,1.071315,1.060673,1.060673,0.377453,3129613
2004-04-30,1.06422,1.071315,1.053578,1.060673,0.377453,4538531
2004-05-03,1.060673,1.060673,1.060673,1.060673,0.377453,0
2004-05-04,1.060673,1.060673,1.060673,1.060673,0.377453,0
2004-05-05,1.06422,1.071315,1.060673,1.06422,0.378715,4679479
2004-05-06,1.06422,1.07841,1.06422,1.06422,0.378715,7006251
2004-05-07,1.06422,1.06422,1.046483,1.046483,0.372404,7549747
2004-05-10,1.046483,1.046483,0.989725,1.003915,0.357255,12715498
2004-05-11,1.003915,1.025199,1.000367,1.021652,0.363567,8298746
2004-05-12,1.028746,1.046483,1.028746,1.042936,0.371141,4640013
2004-05-13,1.042936,1.042936,1.018104,1.021652,0.363567,5635389
2004-05-14,1.021652,1.025199,1.000367,1.007462,0.358517,6494046
2004-05-17,1.007462,1.007462,0.943609,0.957798,0.340844,27471080
2004-05-18,0.957798,0.971988,0.929419,0.968441,0.344631,11047235
2004-05-19,0.968441,0.99682,0.968441,0.989725,0.352205,7357494
2004-05-20,0.986178,0.986178,0.964893,0.971988,0.345894,9634935
2004-05-21,0.971988,0.993272,0.964893,0.975535,0.347156,22888009
2004-05-24,0.975535,0.975535,0.975535,0.975535,0.347156,0
2004-05-25,0.975535,0.975535,0.975535,0.975535,0.347156,0
2004-05-26,0.975535,0.975535,0.975535,0.975535,0.347156,0
2004-05-27,0.975535,0.975535,0.975535,0.975535,0.347156,0
2004-05-28,0.975535,0.975535,0.975535,0.975535,0.347156,0
2004-05-31,0.975535,0.975535,0.975535,0.975535,0.347156,0
2004-06-01,0.975535,0.975535,0.975535,0.975535,0.347156,0
2004-06-02,0.975535,0.975535,0.975535,0.975535,0.347156,0
2004-06-03,0.975535,0.975535,0.975535,0.975535,0.347156,0
2004-06-04,0.975535,0.975535,0.975535,0.975535,0.347156,0
2004-06-07,0.975535,0.975535,0.975535,0.975535,0.347156,0
2004-06-08,0.993272,1.046483,0.993272,1.019878,0.362936,30130772
2004-06-09,1.028746,1.046483,1.019878,1.037615,0.369248,12898449
2004-06-10,1.037615,1.046483,1.037615,1.037615,0.369248,6772841
2004-06-11,1.046483,1.055352,1.037615,1.055352,0.37556,7586958
2004-06-14,1.046483,1.055352,1.037615,1.046483,0.372404,14938814
2004-06-15,1.046483,1.046483,1.002141,1.011009,0.35978,15831862
2004-06-16,1.019878,1.028746,1.019878,1.028746,0.366092,10452152
2004-06-17,1.028746,1.046483,1.019878,1.037615,0.369248,11533506
2004-06-18,1.037615,1.06422,1.028746,1.06422,0.378715,17027102
2004-06-21,1.06422,1.06422,1.055352,1.06422,0.378715,17132532
2004-06-22,1.06422,1.073089,1.046483,1.06422,0.378715,13302688
2004-06-23,1.06422,1.081957,1.055352,1.073089,0.381872,9015608
2004-06-24,1.073089,1.081957,1.06422,1.073089,0.381872,10683307
2004-06-25,1.081957,1.081957,1.06422,1.073089,0.381872,9284537
2004-06-28,1.073089,1.081957,1.06422,1.081957,0.385027,7794997
2004-06-29,1.081957,1.090826,1.073089,1.081957,0.385027,14163036
2004-06-30,1.081957,1.090826,1.073089,1.073089,0.381872,18971060
2004-07-01,1.073089,1.090826,1.073089,1.090826,0.388184,12818954
2004-07-02,1.081957,1.099695,1.081957,1.081957,0.385027,7884640
2004-07-05,1.081957,1.108563,1.081957,1.099695,0.39134,14761220
2004-07-06,1.099695,1.1263,1.099695,1.117432,0.397652,19311027
2004-07-07,1.108563,1.135169,1.090826,1.135169,0.403964,24542459
2004-07-08,1.1263,1.1263,1.117432,1.1263,0.400807,4487789
2004-07-09,1.117432,1.135169,1.099695,1.135169,0.403964,11304043
2004-07-12,1.135169,1.135169,1.117432,1.1263,0.400807,11762406
2004-07-13,1.117432,1.135169,1.117432,1.135169,0.403964,7140434
2004-07-14,1.135169,1.135169,1.108563,1.117432,0.397652,10960129
2004-07-15,1.108563,1.117432,1.099695,1.099695,0.39134,10461737
2004-07-16,1.099695,1.108563,1.090826,1.099695,0.39134,9117655
2004-07-19,1.090826,1.099695,1.081957,1.081957,0.385027,9612665
2004-07-20,1.081957,1.090826,1.081957,1.081957,0.385027,5909111
2004-07-21,1.081957,1.090826,1.081957,1.081957,0.385027,8383597
2004-07-22,1.090826,1.099695,1.081957,1.081957,0.385027,7113372
2004-07-23,1.090826,1.108563,1.081957,1.099695,0.39134,19157675
2004-07-26,1.099695,1.135169,1.099695,1.117432,0.397652,20878934
2004-07-27,1.117432,1.135169,1.108563,1.117432,0.397652,17504071
2004-07-28,1.117432,1.135169,1.117432,1.135169,0.403964,15962098
2004-07-29,1.135169,1.135169,1.117432,1.135169,0.403964,8036864
2004-07-30,1.135169,1.135169,1.117432,1.1263,0.400807,13139188
2004-08-02,1.1263,1.1263,1.108563,1.117432,0.397652,6247386
2004-08-03,1.117432,1.1263,1.117432,1.1263,0.400807,4932622
2004-08-04,1.117432,1.1263,1.117432,1.117432,0.397652,14471430
2004-08-05,1.117432,1.135169,1.117432,1.117432,0.397652,7495623
2004-08-06,1.117432,1.117432,1.108563,1.117432,0.397652,4137110
2004-08-09,1.117432,1.117432,1.099695,1.108563,0.394495,3874947
2004-08-10,1.108563,1.1263,1.108563,1.117432,0.397652,5303597
2004-08-11,1.1263,1.1263,1.108563,1.108563,0.394495,17316892
2004-08-12,1.108563,1.1263,1.108563,1.1263,0.400807,13434052
2004-08-13,1.1263,1.1263,1.108563,1.117432,0.397652,5861188
2004-08-16,1.108563,1.108563,1.099695,1.108563,0.394495,13115509
2004-08-17,1.108563,1.117432,1.108563,1.117432,0.397652,11067814
2004-08-18,1.117432,1.117432,1.099695,1.117432,0.397652,25140643
2004-08-19,1.108563,1.117432,1.099695,1.108563,0.394495,11953532
2004-08-20,1.108563,1.117432,1.108563,1.117432,0.397652,13076043
2004-08-23,1.108563,1.117432,1.108563,1.108563,0.394495,4771377
2004-08-24,1.108563,1.108563,1.099695,1.099695,0.39134,5300778
2004-08-25,1.099695,1.099695,1.090826,1.090826,0.388184,8247723
2004-08-26,1.099695,1.108563,1.090826,1.108563,0.394495,12834176
2004-08-27,1.108563,1.108563,1.099695,1.108563,0.394495,6888419
2004-08-30,1.108563,1.117432,1.099695,1.108563,0.394495,11158021
2004-08-31,1.108563,1.108563,1.108563,1.108563,0.394495,0
2004-09-01,1.099695,1.117432,1.099695,1.108563,0.394495,5900090
2004-09-02,1.108563,1.1263,1.099695,1.117432,0.397652,14633802
2004-09-03,1.117432,1.117432,1.108563,1.117432,0.397652,4589836
2004-09-06,1.117432,1.1263,1.108563,1.117432,0.397652,25326694
2004-09-07,1.117432,1.1263,1.108563,1.117432,0.397652,12626137
2004-09-08,1.117432,1.1263,1.108563,1.117432,0.397652,20554189
2004-09-09,1.117432,1.1263,1.108563,1.117432,0.397652,20815225
2004-09-10,1.117432,1.1263,1.108563,1.117432,0.397652,20444814
2004-09-13,1.117432,1.1263,1.117432,1.117432,0.397652,23747511
2004-09-14,1.117432,1.135169,1.117432,1.1263,0.400807,30005610
2004-09-15,1.117432,1.1263,1.117432,1.117432,0.397652,21065549
2004-09-16,1.117432,1.135169,1.117432,1.1263,0.400807,36039883
2004-09-17,1.1263,1.135169,1.1263,1.135169,0.403964,30857501
2004-09-20,1.135169,1.144037,1.135169,1.135169,0.403964,13479155
2004-09-21,1.135169,1.152906,1.135169,1.152906,0.410276,20188852
2004-09-22,1.152906,1.152906,1.135169,1.135169,0.403964,28361027
2004-09-23,1.144037,1.144037,1.117432,1.135169,0.403964,16277258
2004-09-24,1.1263,1.135169,1.1263,1.1263,0.400807,14471994
2004-09-27,1.1263,1.1263,1.117432,1.117432,0.397652,2468284
2004-09-28,1.1263,1.135169,1.117432,1.117432,0.397652,7532270
2004-09-29,1.117432,1.1263,1.117432,1.117432,0.397652,2989228
2004-09-30,1.117432,1.135169,1.117432,1.1263,0.400807,8963739
2004-10-01,1.1263,1.144037,1.1263,1.1263,0.400807,9031958
2004-10-04,1.1263,1.135169,1.108563,1.1263,0.400807,20545169
2004-10-05,1.1263,1.135169,1.1263,1.135169,0.403964,5198732
2004-10-06,1.135169,1.135169,1.117432,1.1263,0.400807,11746056
2004-10-07,1.1263,1.135169,1.117432,1.1263,0.400807,6513496
2004-10-08,1.1263,1.135169,1.1263,1.1263,0.400807,8552171
2004-10-11,1.1263,1.1263,1.117432,1.117432,0.397652,13038833
2004-10-12,1.117432,1.1263,1.108563,1.117432,0.397652,9975183
2004-10-13,1.117432,1.1263,1.108563,1.117432,0.397652,8185705
2004-10-14,1.117432,1.1263,1.117432,1.117432,0.397652,3111571
2004-10-15,1.117432,1.1263,1.117432,1.117432,0.397652,3323557
2004-10-18,1.117432,1.135169,1.117432,1.117432,0.397652,10916717
2004-10-19,1.1263,1.1263,1.117432,1.1263,0.400807,2643060
2004-10-20,1.1263,1.1263,1.117432,1.117432,0.397652,4259453
2004-10-21,1.117432,1.1263,1.117432,1.117432,0.397652,3383883
2004-10-22,1.117432,1.1263,1.117432,1.1263,0.400807,6405248
2004-10-25,1.1263,1.135169,1.117432,1.135169,0.403964,9777292
2004-10-26,1.135169,1.161774,1.135169,1.144037,0.407119,45764179
2004-10-27,1.144037,1.152906,1.144037,1.152906,0.410276,6496583
2004-10-28,1.152906,1.152906,1.144037,1.144037,0.407119,15691477
2004-10-29,1.144037,1.152906,1.144037,1.144037,0.407119,10223252
2004-11-01,1.144037,1.161774,1.144037,1.161774,0.413431,14041820
2004-11-02,1.161774,1.197248,1.161774,1.18838,0.422899,35260158
2004-11-03,1.18838,1.206117,1.18838,1.197248,0.426055,24211513
2004-11-04,1.197248,1.206117,1.179511,1.179511,0.419743,14319770
2004-11-05,1.179511,1.18838,1.161774,1.170643,0.416587,10991702
2004-11-08,1.179511,1.179511,1.161774,1.161774,0.413431,10735176
2004-11-09,1.161774,1.18838,1.161774,1.179511,0.419743,3488749
2004-11-10,1.179511,1.206117,1.179511,1.206117,0.429211,22382569
2004-11-11,1.206117,1.206117,1.206117,1.206117,0.429211,0
2004-11-12,1.206117,1.206117,1.206117,1.206117,0.429211,0
2004-11-15,1.206117,1.206117,1.206117,1.206117,0.429211,0
2004-11-16,1.206117,1.206117,1.206117,1.206117,0.429211,0
2004-11-17,1.214985,1.232722,1.206117,1.214985,0.432367,24860438
2004-11-18,1.223854,1.241591,1.206117,1.214985,0.432367,19517938
2004-11-19,1.214985,1.223854,1.214985,1.214985,0.432367,8350897
2004-11-22,1.214985,1.223854,1.206117,1.214985,0.432367,8291699
2004-11-23,1.214985,1.241591,1.214985,1.223854,0.435523,12831921
2004-11-24,1.223854,1.241591,1.223854,1.232722,0.438679,10828766
2004-11-25,1.223854,1.232722,1.223854,1.223854,0.435523,2691546
2004-11-26,1.223854,1.250459,1.223854,1.241591,0.441835,25150227
2004-11-29,1.241591,1.259328,1.232722,1.259328,0.448147,15096676
2004-11-30,1.259328,1.259328,1.241591,1.250459,0.444991,16655563
2004-12-01,1.250459,1.259328,1.241591,1.259328,0.448147,17217100
2004-12-02,1.259328,1.277065,1.250459,1.268196,0.451303,22190316
2004-12-03,1.259328,1.277065,1.250459,1.259328,0.448147,11010871
2004-12-06,1.268196,1.277065,1.250459,1.268196,0.451303,17328731
2004-12-07,1.268196,1.268196,1.259328,1.259328,0.448147,8563447
2004-12-08,1.259328,1.277065,1.259328,1.259328,0.448147,20931367
2004-12-09,1.259328,1.268196,1.250459,1.250459,0.444991,13069842
2004-12-10,1.259328,1.259328,1.241591,1.250459,0.444991,11628224
2004-12-13,1.250459,1.277065,1.241591,1.277065,0.454459,25226903
2004-12-14,1.277065,1.277065,1.259328,1.268196,0.451303,31303461
2004-12-15,1.268196,1.294802,1.268196,1.294802,0.460771,39468870
2004-12-16,1.294802,1.30367,1.285933,1.294802,0.460771,41429741
2004-12-17,1.250459,1.250459,1.223854,1.232722,0.46411,28513815
2004-12-20,1.232722,1.241591,1.232722,1.232722,0.46411,8243212
2004-12-21,1.232722,1.241591,1.232722,1.241591,0.467449,4364319
2004-12-22,1.241591,1.259328,1.241591,1.259328,0.474126,9205043
2004-12-23,1.250459,1.259328,1.250459,1.259328,0.474126,6568184
2004-12-24,1.250459,1.259328,1.241591,1.259328,0.474126,3836045
2004-12-27,1.259328,1.259328,1.241591,1.259328,0.474126,1854314
2004-12-28,1.250459,1.259328,1.250459,1.259328,0.474126,1684048
2004-12-29,1.259328,1.259328,1.250459,1.259328,0.474126,1957488
2004-12-30,1.259328,1.259328,1.250459,1.259328,0.474126,4593782
2004-12-31,1.259328,1.259328,1.250459,1.259328,0.474126,8216150
2005-01-03,1.250459,1.259328,1.241591,1.241591,0.467449,3406999
2005-01-04,1.241591,1.250459,1.241591,1.241591,0.467449,4195181
2005-01-05,1.241591,1.250459,1.241591,1.250459,0.470787,10894729
2005-01-06,1.250459,1.259328,1.241591,1.259328,0.474126,14275230
2005-01-07,1.259328,1.277065,1.250459,1.268196,0.477465,17395259
2005-01-10,1.268196,1.277065,1.259328,1.268196,0.477465,7972028
2005-01-11,1.268196,1.277065,1.268196,1.268196,0.477465,10677105
2005-01-12,1.268196,1.285933,1.268196,1.285933,0.484143,10207466
2005-01-13,1.285933,1.285933,1.259328,1.268196,0.477465,12849962
2005-01-14,1.277065,1.277065,1.259328,1.268196,0.477465,11071196
2005-01-17,1.268196,1.294802,1.268196,1.294802,0.487482,20391253
2005-01-18,1.294802,1.330276,1.285933,1.330276,0.500838,23865344
2005-01-19,1.339144,1.36575,1.339144,1.356881,0.510854,23033186
2005-01-20,1.356881,1.36575,1.348013,1.356881,0.510854,13935263
2005-01-24,1.356881,1.356881,1.348013,1.348013,0.507516,6440203
2005-01-25,1.348013,1.348013,1.339144,1.348013,0.507516,8101137
2005-01-26,1.348013,1.356881,1.339144,1.339144,0.504177,8537512
2005-01-27,1.348013,1.348013,1.330276,1.339144,0.504177,25318238
2005-01-28,1.339144,1.339144,1.312539,1.330276,0.500838,35013217
2005-01-31,1.330276,1.348013,1.312539,1.348013,0.507516,10557018
2005-02-02,1.348013,1.356881,1.339144,1.348013,0.507516,15689786
2005-02-03,1.348013,1.348013,1.339144,1.339144,0.504177,8510450
2005-02-04,1.348013,1.348013,1.330276,1.339144,0.504177,10178149
2005-02-07,1.339144,1.348013,1.330276,1.339144,0.504177,10969714
2005-02-08,1.348013,1.36575,1.339144,1.36575,0.514193,10685562
2005-02-14,1.36575,1.383487,1.356881,1.374618,0.517532,14172620
2005-02-15,1.374618,1.383487,1.36575,1.374618,0.517532,9443527
2005-02-16,1.374618,1.374618,1.356881,1.356881,0.510854,14463537
2005-02-17,1.356881,1.36575,1.339144,1.348013,0.507516,35024492
2005-02-18,1.348013,1.348013,1.339144,1.348013,0.507516,10485416
2005-02-21,1.348013,1.356881,1.339144,1.348013,0.507516,6697293
2005-02-22,1.348013,1.36575,1.348013,1.356881,0.510854,7283637
2005-02-23,1.356881,1.356881,1.339144,1.356881,0.510854,13708055
2005-02-24,1.356881,1.36575,1.348013,1.356881,0.510854,3560914
2005-02-25,1.36575,1.36575,1.356881,1.36575,0.514193,14329918
2005-02-28,1.36575,1.374618,1.356881,1.356881,0.510854,18485634
2005-03-01,1.356881,1.36575,1.348013,1.356881,0.510854,11197486
2005-03-02,1.356881,1.356881,1.330276,1.339144,0.504177,28836868
2005-03-03,1.348013,1.348013,1.330276,1.348013,0.507516,12203856
2005-03-04,1.348013,1.36575,1.339144,1.356881,0.510854,35962080
2005-03-07,1.356881,1.374618,1.348013,1.36575,0.514193,13921168
2005-03-08,1.36575,1.36575,1.356881,1.36575,0.514193,11466979
2005-03-09,1.36575,1.374618,1.356881,1.374618,0.517532,12473349
2005-03-10,1.36575,1.374618,1.356881,1.36575,0.514193,12282223
2005-03-11,1.36575,1.374618,1.356881,1.374618,0.517532,16200018
2005-03-14,1.374618,1.374618,1.36575,1.374618,0.517532,6149850
2005-03-15,1.374618,1.374618,1.356881,1.356881,0.510854,10390135
2005-03-16,1.356881,1.36575,1.348013,1.356881,0.510854,14051405
2005-03-17,1.356881,1.356881,1.339144,1.356881,0.510854,22612596
2005-03-18,1.356881,1.36575,1.348013,1.36575,0.514193,8363300
2005-03-21,1.356881,1.36575,1.348013,1.36575,0.514193,8331728
2005-03-22,1.36575,1.36575,1.348013,1.356881,0.510854,13417702
2005-03-23,1.356881,1.356881,1.339144,1.348013,0.507516,29127785
2005-03-24,1.348013,1.356881,1.339144,1.348013,0.507516,10535030
2005-03-25,1.348013,1.356881,1.339144,1.356881,0.510854,8805314
2005-03-28,1.356881,1.374618,1.356881,1.36575,0.514193,5632852
2005-03-29,1.36575,1.374618,1.36575,1.374618,0.517532,8239266
2005-03-30,1.374618,1.374618,1.348013,1.356881,0.510854,15744474
2005-03-31,1.356881,1.356881,1.330276,1.330276,0.500838,36561955
2005-04-01,1.259328,1.277065,1.259328,1.268196,0.51157,9457058
2005-04-04,1.268196,1.268196,1.232722,1.241591,0.500838,10148268
2005-04-05,1.241591,1.259328,1.232722,1.250459,0.504415,10930248
2005-04-06,1.250459,1.250459,1.214985,1.223854,0.493683,15208307
2005-04-07,1.214985,1.232722,1.206117,1.223854,0.493683,11925906
2005-04-08,1.223854,1.250459,1.223854,1.241591,0.500838,9024065
2005-04-11,1.223854,1.241591,1.223854,1.232722,0.49726,5053837
2005-04-12,1.232722,1.232722,1.214985,1.232722,0.49726,16209603
2005-04-13,1.232722,1.232722,1.223854,1.232722,0.49726,4384615
2005-04-14,1.232722,1.241591,1.223854,1.232722,0.49726,7520994
2005-04-15,1.232722,1.232722,1.223854,1.232722,0.49726,10838914
2005-04-18,1.232722,1.232722,1.206117,1.214985,0.490105,11832317
2005-04-19,1.214985,1.214985,1.197248,1.214985,0.490105,13747520
2005-04-20,1.214985,1.223854,1.197248,1.214985,0.490105,19318920
2005-04-22,1.214985,1.214985,1.179511,1.179511,0.475796,31192957
2005-04-25,1.18838,1.18838,1.144037,1.152906,0.465064,34178803
2005-04-26,1.152906,1.18838,1.152906,1.170643,0.472219,16762684
2005-04-27,1.170643,1.179511,1.170643,1.179511,0.475796,8979526
2005-04-28,1.18838,1.197248,1.179511,1.197248,0.482951,8305230
2005-04-29,1.197248,1.206117,1.18838,1.206117,0.486528,6979189
2005-05-03,1.206117,1.214985,1.197248,1.214985,0.490105,18509313
2005-05-04,1.214985,1.241591,1.214985,1.214985,0.490105,14013067
2005-05-05,1.223854,1.241591,1.214985,1.223854,0.493683,6048931
2005-05-06,1.223854,1.223854,1.206117,1.214985,0.490105,4872860
2005-05-09,1.214985,1.214985,1.197248,1.206117,0.486528,4607877
2005-05-10,1.206117,1.206117,1.197248,1.206117,0.486528,3637590
2005-05-11,1.197248,1.206117,1.179511,1.18838,0.479373,8897212
2005-05-12,1.18838,1.18838,1.152906,1.170643,0.472219,20501193
2005-05-13,1.170643,1.170643,1.161774,1.161774,0.468641,13333133
2005-05-16,1.161774,1.170643,1.161774,1.170643,0.472219,9143589
2005-05-17,1.170643,1.170643,1.152906,1.161774,0.468641,14786590
2005-05-18,1.161774,1.161774,1.152906,1.161774,0.468641,18981772
2005-05-19,1.161774,1.161774,1.152906,1.152906,0.465064,7061503
2005-05-20,1.161774,1.161774,1.144037,1.152906,0.465064,14203065
2005-05-24,1.152906,1.152906,1.135169,1.135169,0.457909,21168723
2005-05-25,1.144037,1.144037,1.108563,1.1263,0.454331,27626969
2005-05-26,1.117432,1.152906,1.108563,1.152906,0.465064,25410700
2005-05-27,1.1263,1.161774,1.1263,1.161774,0.468641,6029198
2005-05-30,1.161774,1.161774,1.144037,1.161774,0.468641,4269601
2005-05-31,1.161774,1.161774,1.144037,1.144037,0.461486,11194667
2005-06-01,1.152906,1.152906,1.144037,1.152906,0.465064,4501884
2005-06-02,1.152906,1.152906,1.144037,1.144037,0.461486,9832544
2005-06-03,1.144037,1.161774,1.144037,1.152906,0.465064,3985450
2005-06-06,1.152906,1.170643,1.152906,1.161774,0.468641,8880298
2005-06-07,1.170643,1.18838,1.170643,1.179511,0.475796,5933354
2005-06-08,1.179511,1.18838,1.170643,1.179511,0.475796,5079208
2005-06-09,1.179511,1.179511,1.170643,1.179511,0.475796,2890565
2005-06-10,1.179511,1.206117,1.179511,1.18838,0.479373,10866540
2005-06-13,1.18838,1.197248,1.18838,1.197248,0.482951,4137110
2005-06-14,1.197248,1.206117,1.18838,1.18838,0.479373,5694869
2005-06-15,1.18838,1.214985,1.18838,1.197248,0.482951,18048695
2005-06-16,1.18838,1.206117,1.18838,1.206117,0.486528,4726837
2005-06-17,1.197248,1.214985,1.197248,1.197248,0.482951,8849289
2005-06-20,1.197248,1.206117,1.197248,1.197248,0.482951,6223143
2005-06-21,1.197248,1.206117,1.18838,1.197248,0.482951,15228604
2005-06-22,1.197248,1.214985,1.197248,1.214985,0.490105,13154410
2005-06-23,1.214985,1.223854,1.206117,1.214985,0.490105,6477414
2005-06-24,1.214985,1.214985,1.197248,1.206117,0.486528,4077912
2005-06-27,1.214985,1.214985,1.179511,1.18838,0.479373,7973719
2005-06-28,1.18838,1.197248,1.179511,1.197248,0.482951,3784740
2005-06-29,1.197248,1.197248,1.18838,1.197248,0.482951,2029653
2005-06-30,1.197248,1.197248,1.18838,1.18838,0.479373,3858597
2005-07-01,1.18838,1.197248,1.18838,1.197248,0.482951,3806728
2005-07-04,1.18838,1.206117,1.18838,1.206117,0.486528,16843870
2005-07-05,1.206117,1.206117,1.197248,1.206117,0.486528,2269829
2005-07-06,1.206117,1.214985,1.197248,1.214985,0.490105,3506790
2005-07-07,1.214985,1.223854,1.206117,1.214985,0.490105,4554317
2005-07-08,1.206117,1.232722,1.206117,1.223854,0.493683,9408008
2005-07-11,1.223854,1.241591,1.214985,1.223854,0.493683,8392054
2005-07-12,1.223854,1.241591,1.214985,1.223854,0.493683,6589608
2005-07-13,1.214985,1.223854,1.214985,1.223854,0.493683,1120256
2005-07-14,1.223854,1.232722,1.214985,1.232722,0.49726,5778875
2005-07-15,1.232722,1.232722,1.214985,1.223854,0.493683,2807123
2005-07-18,1.223854,1.223854,1.214985,1.214985,0.490105,1214409
2005-07-19,1.223854,1.223854,1.206117,1.214985,0.490105,5299651
2005-07-20,1.223854,1.232722,1.223854,1.223854,0.493683,13210790
2005-07-21,1.223854,1.241591,1.223854,1.241591,0.500838,8284369
2005-07-22,1.250459,1.277065,1.250459,1.268196,0.51157,28627701
2005-07-25,1.268196,1.277065,1.259328,1.268196,0.51157,5771545
2005-07-26,1.268196,1.268196,1.259328,1.268196,0.51157,3744147
2005-07-27,1.259328,1.268196,1.259328,1.268196,0.51157,11079653
2005-07-28,1.268196,1.268196,1.259328,1.268196,0.51157,8631102
2005-07-29,1.268196,1.277065,1.259328,1.268196,0.51157,14070010
2005-08-01,1.277065,1.277065,1.268196,1.277065,0.515148,7315210
2005-08-02,1.277065,1.277065,1.268196,1.268196,0.51157,12530856
2005-08-03,1.277065,1.285933,1.268196,1.268196,0.51157,24657473
2005-08-04,1.277065,1.277065,1.250459,1.259328,0.507993,20633684
2005-08-05,1.259328,1.268196,1.250459,1.250459,0.504415,14322589
2005-08-08,1.232722,1.232722,1.206117,1.214985,0.504415,9322875
2005-08-09,1.214985,1.223854,1.214985,1.214985,0.504415,6948744
2005-08-10,1.214985,1.223854,1.206117,1.214985,0.504415,7188356
2005-08-11,1.214985,1.223854,1.206117,1.214985,0.504415,20036628
2005-08-12,1.214985,1.214985,1.206117,1.206117,0.500733,2326772
2005-08-15,1.206117,1.223854,1.206117,1.206117,0.500733,12137892
2005-08-16,1.206117,1.214985,1.197248,1.197248,0.497051,8222352
2005-08-17,1.197248,1.206117,1.197248,1.197248,0.497051,6152669
2005-08-18,1.197248,1.206117,1.197248,1.206117,0.500733,4412805
2005-08-19,1.197248,1.214985,1.197248,1.214985,0.504415,7514792
2005-08-22,1.214985,1.214985,1.206117,1.214985,0.504415,4178267
2005-08-23,1.214985,1.214985,1.197248,1.197248,0.497051,8031790
2005-08-24,1.206117,1.206117,1.197248,1.206117,0.500733,3736254
2005-08-25,1.206117,1.214985,1.206117,1.206117,0.500733,2772732
2005-08-26,1.206117,1.232722,1.206117,1.232722,0.511779,6336465
2005-08-29,1.232722,1.232722,1.206117,1.214985,0.504415,10059189
2005-08-30,1.214985,1.223854,1.206117,1.214985,0.504415,12521835
2005-09-01,1.214985,1.214985,1.197248,1.197248,0.497051,11788905
2005-09-02,1.206117,1.206117,1.197248,1.197248,0.497051,3685512
2005-09-05,1.197248,1.206117,1.18838,1.197248,0.497051,11760151
2005-09-06,1.197248,1.206117,1.197248,1.206117,0.500733,8881989
2005-09-07,1.206117,1.214985,1.206117,1.206117,0.500733,2034727
2005-09-08,1.206117,1.214985,1.206117,1.206117,0.500733,3123975
2005-09-09,1.206117,1.214985,1.206117,1.214985,0.504415,3244626
2005-09-12,1.214985,1.214985,1.197248,1.206117,0.500733,11752258
2005-09-13,1.206117,1.214985,1.206117,1.206117,0.500733,5505999
2005-09-14,1.206117,1.214985,1.206117,1.214985,0.504415,2570330
2005-09-15,1.206117,1.214985,1.197248,1.214985,0.504415,4189543
2005-09-16,1.214985,1.214985,1.206117,1.206117,0.500733,1742683
2005-09-19,1.206117,1.223854,1.206117,1.206117,0.500733,4986746
2005-09-20,1.206117,1.214985,1.197248,1.206117,0.500733,19511173
2005-09-21,1.206117,1.206117,1.18838,1.197248,0.497051,16227644
2005-09-22,1.197248,1.197248,1.18838,1.197248,0.497051,20849617
2005-09-23,1.197248,1.206117,1.197248,1.206117,0.500733,5668371
2005-09-26,1.197248,1.214985,1.197248,1.206117,0.500733,10638767
2005-09-27,1.206117,1.223854,1.206117,1.223854,0.508097,6649370
2005-09-28,1.223854,1.223854,1.206117,1.206117,0.500733,3997290
2005-09-29,1.206117,1.214985,1.206117,1.214985,0.504415,5922078
2005-09-30,1.206117,1.206117,1.197248,1.197248,0.497051,9588422
2005-10-03,1.206117,1.206117,1.197248,1.206117,0.500733,7275744
2005-10-04,1.206117,1.214985,1.206117,1.206117,0.500733,5298523
2005-10-05,1.206117,1.214985,1.206117,1.206117,0.500733,1434288
2005-10-06,1.206117,1.214985,1.206117,1.214985,0.504415,3966845
2005-10-07,1.214985,1.214985,1.206117,1.206117,0.500733,9173470
2005-10-10,1.206117,1.206117,1.197248,1.197248,0.497051,5655968
2005-10-11,1.197248,1.206117,1.197248,1.197248,0.497051,4448888
2005-10-12,1.206117,1.206117,1.197248,1.206117,0.500733,2259117
2005-10-13,1.206117,1.206117,1.197248,1.206117,0.500733,5501489
2005-10-14,1.197248,1.206117,1.197248,1.197248,0.497051,5207753
2005-10-17,1.197248,1.206117,1.18838,1.197248,0.497051,3992779
2005-10-18,1.197248,1.197248,1.18838,1.18838,0.49337,4214350
2005-10-19,1.197248,1.197248,1.152906,1.161774,0.482324,35677928
2005-10-20,1.170643,1.170643,1.144037,1.144037,0.47496,32626118
2005-10-21,1.144037,1.152906,1.144037,1.144037,0.47496,28907906
2005-10-24,1.144037,1.161774,1.144037,1.144037,0.47496,11676710
2005-10-25,1.152906,1.152906,1.144037,1.152906,0.478642,8981217
2005-10-26,1.152906,1.161774,1.144037,1.152906,0.478642,6576641
2005-10-27,1.152906,1.161774,1.144037,1.152906,0.478642,10156161
2005-10-28,1.152906,1.170643,1.152906,1.161774,0.482324,14929230
2005-10-31,1.161774,1.161774,1.152906,1.161774,0.482324,5868518
2005-11-02,1.152906,1.161774,1.152906,1.161774,0.482324,1615266
2005-11-07,1.161774,1.161774,1.152906,1.152906,0.478642,3709192
2005-11-08,1.161774,1.161774,1.144037,1.161774,0.482324,9136260
2005-11-09,1.152906,1.161774,1.144037,1.152906,0.478642,8633357
2005-11-10,1.152906,1.161774,1.144037,1.161774,0.482324,7589777
2005-11-11,1.152906,1.161774,1.144037,1.161774,0.482324,5772109
2005-11-14,1.152906,1.161774,1.144037,1.161774,0.482324,16150405
2005-11-15,1.144037,1.161774,1.144037,1.161774,0.482324,5308671
2005-11-16,1.152906,1.161774,1.144037,1.161774,0.482324,14300037
2005-11-17,1.161774,1.161774,1.144037,1.152906,0.478642,18416851
2005-11-18,1.152906,1.161774,1.144037,1.144037,0.47496,5031285
2005-11-21,1.144037,1.152906,1.144037,1.144037,0.47496,8634484
2005-11-22,1.152906,1.152906,1.144037,1.144037,0.47496,8547660
2005-11-23,1.144037,1.152906,1.135169,1.135169,0.471278,4941079
2005-11-24,1.135169,1.144037,1.117432,1.135169,0.471278,18678451
2005-11-25,1.135169,1.144037,1.1263,1.144037,0.47496,6790882
2005-11-28,1.144037,1.144037,1.1263,1.135169,0.471278,5628342
2005-11-29,1.144037,1.144037,1.1263,1.135169,0.471278,8076893
2005-11-30,1.1263,1.144037,1.108563,1.144037,0.47496,19254083
2005-12-01,1.1263,1.1263,1.099695,1.108563,0.460233,34851408
2005-12-02,1.108563,1.1263,1.108563,1.1263,0.467596,8984600
2005-12-05,1.1263,1.1263,1.108563,1.117432,0.463915,6550707
2005-12-06,1.117432,1.1263,1.108563,1.117432,0.463915,11643446
2005-12-07,1.117432,1.135169,1.117432,1.1263,0.467596,3585157
2005-12-08,1.135169,1.144037,1.1263,1.144037,0.47496,2583861
2005-12-09,1.135169,1.144037,1.1263,1.144037,0.47496,1177199
2005-12-12,1.144037,1.152906,1.135169,1.144037,0.47496,3200651
2005-12-13,1.144037,1.152906,1.135169,1.144037,0.47496,6421034
2005-12-14,1.144037,1.152906,1.144037,1.144037,0.47496,4742624
2005-12-15,1.144037,1.152906,1.135169,1.135169,0.471278,3696788
2005-12-16,1.135169,1.144037,1.1263,1.1263,0.467596,5565761
2005-12-19,1.1263,1.152906,1.1263,1.152906,0.478642,3684385
2005-12-20,1.152906,1.152906,1.144037,1.144037,0.47496,3814621
2005-12-21,1.135169,1.135169,1.117432,1.135169,0.471278,4592091
2005-12-22,1.135169,1.144037,1.135169,1.144037,0.47496,3354002
2005-12-23,1.135169,1.144037,1.135169,1.144037,0.47496,2756946
2005-12-27,1.135169,1.152906,1.135169,1.144037,0.47496,1938883
2005-12-28,1.144037,1.152906,1.144037,1.144037,0.47496,2825165
2005-12-29,1.144037,1.179511,1.144037,1.179511,0.489688,6293053
2005-12-30,1.161774,1.170643,1.152906,1.161774,0.482324,8677896
2006-01-03,1.152906,1.161774,1.1263,1.1263,0.467596,2374130
2006-01-04,1.1263,1.144037,1.1263,1.135169,0.471278,2750180
2006-01-05,1.144037,1.152906,1.144037,1.144037,0.47496,9157120
2006-01-06,1.152906,1.170643,1.152906,1.161774,0.482324,9260858
2006-01-09,1.161774,1.170643,1.152906,1.152906,0.478642,2056715
2006-01-10,1.152906,1.152906,1.152906,1.152906,0.478642,0
2006-01-11,1.161774,1.161774,1.152906,1.161774,0.482324,11826679
2006-01-12,1.161774,1.18838,1.161774,1.161774,0.482324,24788272
2006-01-13,1.170643,1.18838,1.170643,1.18838,0.49337,9529223
2006-01-16,1.18838,1.197248,1.170643,1.179511,0.489688,7119010
2006-01-17,1.179511,1.18838,1.179511,1.18838,0.49337,6864739
2006-01-18,1.18838,1.18838,1.179511,1.179511,0.489688,9710201
2006-01-19,1.179511,1.179511,1.170643,1.170643,0.486006,3391212
2006-01-20,1.170643,1.18838,1.170643,1.179511,0.489688,11092621
2006-01-23,1.170643,1.179511,1.161774,1.170643,0.486006,5169415
2006-01-24,1.179511,1.197248,1.179511,1.18838,0.49337,7546928
2006-01-25,1.18838,1.18838,1.170643,1.179511,0.489688,11881367
2006-01-26,1.179511,1.18838,1.170643,1.179511,0.489688,3957260
2006-01-27,1.18838,1.18838,1.179511,1.18838,0.49337,5203806
2006-01-30,1.18838,1.18838,1.18838,1.18838,0.49337,0
2006-01-31,1.18838,1.18838,1.18838,1.18838,0.49337,0
2006-02-01,1.18838,1.18838,1.18838,1.18838,0.49337,0
2006-02-02,1.18838,1.18838,1.18838,1.18838,0.49337,0
2006-02-03,1.18838,1.197248,1.179511,1.179511,0.489688,15129940
2006-02-06,1.179511,1.18838,1.179511,1.18838,0.49337,6597501
2006-02-07,1.18838,1.18838,1.179511,1.18838,0.49337,4624227
2006-02-08,1.18838,1.197248,1.179511,1.179511,0.489688,14055351
2006-02-09,1.18838,1.197248,1.179511,1.18838,0.49337,9701180
2006-02-10,1.18838,1.214985,1.18838,1.206117,0.500733,8492409
2006-02-13,1.206117,1.206117,1.197248,1.206117,0.500733,6408067
2006-02-14,1.197248,1.206117,1.197248,1.197248,0.497051,3865362
2006-02-15,1.206117,1.214985,1.197248,1.206117,0.500733,15556731
2006-02-16,1.206117,1.206117,1.206117,1.206117,0.500733,0
2006-02-17,1.206117,1.206117,1.170643,1.179511,0.489688,21759014
2006-02-20,1.179511,1.18838,1.170643,1.170643,0.486006,9510054
2006-02-21,1.170643,1.179511,1.170643,1.179511,0.489688,7502953
2006-02-22,1.179511,1.179511,1.170643,1.179511,0.489688,5211135
2006-02-23,1.170643,1.179511,1.161774,1.170643,0.486006,9096231
2006-02-24,1.170643,1.179511,1.161774,1.170643,0.486006,3209671
2006-02-27,1.170643,1.18838,1.170643,1.18838,0.49337,4271293
2006-02-28,1.18838,1.18838,1.179511,1.18838,0.49337,6430619
2006-03-01,1.18838,1.18838,1.179511,1.179511,0.489688,3349492
2006-03-02,1.179511,1.18838,1.170643,1.18838,0.49337,14598847
2006-03-03,1.18838,1.18838,1.179511,1.179511,0.489688,5551102
2006-03-06,1.179511,1.18838,1.170643,1.179511,0.489688,9724296
2006-03-07,1.179511,1.18838,1.179511,1.179511,0.489688,12656018
2006-03-08,1.179511,1.18838,1.179511,1.179511,0.489688,6349433
2006-03-09,1.179511,1.197248,1.179511,1.18838,0.49337,9786313
2006-03-10,1.18838,1.197248,1.18838,1.18838,0.49337,2829111
2006-03-13,1.18838,1.197248,1.18838,1.197248,0.497051,2588936
2006-03-14,1.18838,1.206117,1.18838,1.197248,0.497051,8848162
2006-03-15,1.197248,1.206117,1.18838,1.197248,0.497051,11497424
2006-03-16,1.197248,1.206117,1.197248,1.206117,0.500733,10022542
2006-03-17,1.197248,1.206117,1.18838,1.197248,0.497051,16793692
2006-03-20,1.197248,1.197248,1.18838,1.18838,0.49337,24972069
2006-03-21,1.152906,1.152906,1.135169,1.144037,0.501139,10285833
2006-03-22,1.144037,1.144037,1.135169,1.144037,0.501139,8517779
2006-03-23,1.144037,1.152906,1.135169,1.152906,0.505024,6438512
2006-03-24,1.144037,1.152906,1.144037,1.152906,0.505024,10225507
2006-03-27,1.144037,1.152906,1.144037,1.152906,0.505024,7257139
2006-03-28,1.152906,1.161774,1.144037,1.161774,0.508909,3521449
2006-03-29,1.152906,1.161774,1.144037,1.152906,0.505024,5425377
2006-03-30,1.152906,1.152906,1.135169,1.152906,0.505024,6969041
2006-03-31,1.152906,1.161774,1.135169,1.161774,0.508909,4079603
2006-04-03,1.152906,1.161774,1.144037,1.161774,0.508909,3740764
2006-04-04,1.152906,1.161774,1.152906,1.161774,0.508909,9322875
2006-04-05,1.161774,1.170643,1.152906,1.170643,0.512794,7697461
2006-04-06,1.170643,1.179511,1.161774,1.170643,0.512794,6284033
2006-04-07,1.170643,1.179511,1.161774,1.170643,0.512794,3950495
2006-04-10,1.170643,1.18838,1.170643,1.18838,0.520563,8031226
2006-04-11,1.18838,1.18838,1.18838,1.18838,0.520563,0
2006-04-12,1.18838,1.18838,1.170643,1.179511,0.516678,5561814
2006-04-13,1.179511,1.179511,1.161774,1.170643,0.512794,8373448
2006-04-14,1.170643,1.179511,1.161774,1.170643,0.512794,4363755
2006-04-17,1.170643,1.179511,1.161774,1.179511,0.516678,1978912
2006-04-18,1.179511,1.179511,1.170643,1.179511,0.516678,7585830
2006-04-19,1.179511,1.18838,1.179511,1.179511,0.516678,12573704
2006-04-20,1.179511,1.18838,1.170643,1.179511,0.516678,4252688
2006-04-21,1.179511,1.18838,1.170643,1.179511,0.516678,19983631
2006-04-24,1.179511,1.179511,1.170643,1.179511,0.516678,2519025
2006-04-25,1.179511,1.179511,1.170643,1.170643,0.512794,2442913
2006-04-26,1.170643,1.179511,1.170643,1.179511,0.516678,4380105
2006-04-27,1.179511,1.18838,1.170643,1.179511,0.516678,11370570
2006-04-28,1.179511,1.18838,1.161774,1.18838,0.520563,12296882
2006-05-01,1.18838,1.18838,1.18838,1.18838,0.520563,0
2006-05-02,1.18838,1.18838,1.170643,1.170643,0.512794,10946598
2006-05-03,1.170643,1.179511,1.161774,1.170643,0.512794,4233519
2006-05-04,1.170643,1.179511,1.170643,1.170643,0.512794,8314250
2006-05-05,1.170643,1.179511,1.170643,1.170643,0.512794,11744929
2006-05-08,1.170643,1.179511,1.170643,1.170643,0.512794,15671745
2006-05-09,1.170643,1.179511,1.170643,1.170643,0.512794,18023324
2006-05-10,1.170643,1.179511,1.170643,1.179511,0.516678,10637076
2006-05-11,1.170643,1.179511,1.170643,1.170643,0.512794,15838064
2006-05-12,1.170643,1.170643,1.170643,1.170643,0.512794,0
2006-05-15,1.170643,1.179511,1.161774,1.170643,0.512794,11166477
2006-05-16,1.170643,1.179511,1.161774,1.179511,0.516678,8361045
2006-05-17,1.179511,1.179511,1.170643,1.179511,0.516678,9965035
2006-05-18,1.170643,1.179511,1.152906,1.170643,0.512794,14064372
2006-05-19,1.170643,1.170643,1.161774,1.170643,0.512794,12354389
2006-05-22,1.161774,1.170643,1.144037,1.144037,0.501139,15043116
2006-05-23,1.144037,1.152906,1.135169,1.152906,0.505024,13050109
2006-05-24,1.152906,1.161774,1.135169,1.135169,0.497255,24987291
2006-05-25,1.144037,1.144037,1.1263,1.1263,0.49337,13057438
2006-05-26,1.135169,1.144037,1.1263,1.135169,0.497255,11541963
2006-05-29,1.135169,1.144037,1.1263,1.1263,0.49337,3653940
2006-05-30,1.1263,1.135169,1.117432,1.117432,0.489485,8747807
2006-05-31,1.117432,1.1263,1.099695,1.117432,0.489485,35653121
2006-06-01,1.1263,1.144037,1.117432,1.135169,0.497255,7650102
2006-06-02,1.135169,1.152906,1.135169,1.144037,0.501139,2647006
2006-06-05,1.144037,1.152906,1.144037,1.152906,0.505024,4644524
2006-06-06,1.152906,1.152906,1.135169,1.135169,0.497255,1811465
2006-06-07,1.135169,1.144037,1.1263,1.135169,0.497255,3709192
2006-06-08,1.1263,1.135169,1.117432,1.1263,0.49337,4963630
2006-06-09,1.1263,1.135169,1.108563,1.117432,0.489485,10590281
2006-06-12,1.1263,1.1263,1.099695,1.108563,0.4856,3478600
2006-06-13,1.108563,1.117432,1.090826,1.108563,0.4856,10405357
2006-06-14,1.099695,1.108563,1.081957,1.090826,0.47783,14524427
2006-06-15,1.099695,1.108563,1.081957,1.090826,0.47783,7771318
2006-06-16,1.099695,1.108563,1.090826,1.099695,0.481715,3712574
2006-06-19,1.108563,1.108563,1.090826,1.090826,0.47783,2654335
2006-06-20,1.090826,1.108563,1.090826,1.108563,0.4856,6315605
2006-06-21,1.108563,1.108563,1.099695,1.108563,0.4856,4365446
2006-06-22,1.108563,1.117432,1.099695,1.108563,0.4856,3639281
2006-06-23,1.108563,1.117432,1.099695,1.108563,0.4856,3542309
2006-06-26,1.108563,1.117432,1.108563,1.117432,0.489485,1822177
2006-06-27,1.117432,1.1263,1.108563,1.117432,0.489485,7243044
2006-06-28,1.117432,1.1263,1.108563,1.1263,0.49337,4127526
2006-06-29,1.117432,1.135169,1.117432,1.1263,0.49337,17014699
2006-06-30,1.135169,1.135169,1.1263,1.1263,0.49337,5153065
2006-07-03,1.1263,1.135169,1.117432,1.1263,0.49337,8465910
2006-07-04,1.135169,1.144037,1.135169,1.135169,0.497255,9108634
2006-07-05,1.135169,1.144037,1.135169,1.135169,0.497255,10184914
2006-07-06,1.135169,1.144037,1.1263,1.135169,0.497255,3261540
2006-07-07,1.144037,1.152906,1.135169,1.152906,0.505024,8314814
2006-07-10,1.144037,1.152906,1.144037,1.144037,0.501139,6491508
2006-07-11,1.152906,1.152906,1.135169,1.135169,0.497255,7947221
2006-07-12,1.135169,1.152906,1.135169,1.135169,0.497255,7258267
2006-07-13,1.144037,1.152906,1.135169,1.144037,0.501139,7201887
2006-07-14,1.144037,1.144037,1.135169,1.135169,0.497255,10102037
2006-07-17,1.135169,1.135169,1.108563,1.108563,0.4856,16602003
2006-07-18,1.108563,1.1263,1.108563,1.117432,0.489485,8028971
2006-07-19,1.117432,1.135169,1.117432,1.1263,0.49337,2494782
2006-07-20,1.135169,1.144037,1.135169,1.144037,0.501139,3435752
2006-07-21,1.152906,1.170643,1.144037,1.170643,0.512794,12490826
2006-07-24,1.161774,1.170643,1.152906,1.170643,0.512794,10215359
2006-07-25,1.170643,1.170643,1.161774,1.170643,0.512794,10207466
2006-07-26,1.170643,1.179511,1.170643,1.179511,0.516678,3284092
2006-07-27,1.179511,1.18838,1.170643,1.18838,0.520563,4829448
2006-07-28,1.18838,1.18838,1.179511,1.179511,0.516678,5277099
2006-07-31,1.179511,1.197248,1.179511,1.179511,0.516678,13683248
2006-08-01,1.179511,1.18838,1.179511,1.18838,0.520563,4468620
2006-08-02,1.18838,1.197248,1.179511,1.18838,0.520563,6793701
2006-08-03,1.18838,1.18838,1.179511,1.18838,0.520563,9166705
2006-08-04,1.179511,1.18838,1.179511,1.18838,0.520563,10268919
2006-08-07,1.18838,1.18838,1.179511,1.18838,0.520563,2493655
2006-08-08,1.179511,1.179511,1.170643,1.179511,0.516678,9676373
2006-08-09,1.179511,1.179511,1.170643,1.179511,0.516678,6402993
2006-08-10,1.179511,1.179511,1.170643,1.179511,0.516678,13878884
2006-08-11,1.179511,1.18838,1.170643,1.18838,0.520563,3420530
2006-08-14,1.179511,1.18838,1.179511,1.18838,0.520563,2432201
2006-08-15,1.18838,1.18838,1.170643,1.179511,0.516678,3474654
2006-08-16,1.179511,1.18838,1.170643,1.170643,0.512794,9173470
2006-08-17,1.179511,1.18838,1.170643,1.179511,0.516678,3596997
2006-08-18,1.179511,1.179511,1.170643,1.179511,0.516678,5555049
2006-08-21,1.179511,1.18838,1.170643,1.179511,0.516678,2523536
2006-08-22,1.179511,1.18838,1.179511,1.179511,0.516678,2776115
2006-08-23,1.179511,1.18838,1.179511,1.179511,0.516678,3843938
2006-08-24,1.18838,1.18838,1.179511,1.18838,0.520563,6481360
2006-08-25,1.179511,1.18838,1.179511,1.179511,0.516678,1249928
2006-08-28,1.179511,1.18838,1.170643,1.179511,0.516678,4782089
2006-08-29,1.18838,1.18838,1.179511,1.18838,0.520563,6737322
2006-08-30,1.179511,1.18838,1.179511,1.18838,0.520563,4986746
2006-08-31,1.18838,1.18838,1.18838,1.18838,0.520563,0
2006-09-01,1.18838,1.197248,1.18838,1.197248,0.524448,7404853
2006-09-04,1.197248,1.197248,1.18838,1.18838,0.520563,3917795
2006-09-05,1.197248,1.197248,1.18838,1.197248,0.524448,5080335
2006-09-06,1.197248,1.206117,1.18838,1.206117,0.528333,7096458
2006-09-07,1.206117,1.214985,1.197248,1.206117,0.528333,12371866
2006-09-08,1.206117,1.214985,1.197248,1.214985,0.532218,11306862
2006-09-11,1.206117,1.206117,1.197248,1.197248,0.524448,8075766
2006-09-12,1.197248,1.197248,1.197248,1.197248,0.524448,10509
2006-09-13,1.197248,1.214985,1.197248,1.214985,0.532218,5616502
2006-09-14,1.197248,1.206117,1.197248,1.206117,0.528333,1952414
2006-09-15,1.197248,1.206117,1.18838,1.206117,0.528333,7194558
2006-09-18,1.206117,1.214985,1.197248,1.214985,0.532218,5363923
2006-09-19,1.206117,1.214985,1.206117,1.214985,0.532218,2994866
2006-09-20,1.206117,1.214985,1.197248,1.214985,0.532218,5490776
2006-09-21,1.206117,1.214985,1.206117,1.214985,0.532218,3740764
2006-09-22,1.206117,1.214985,1.206117,1.214985,0.532218,4570103
2006-09-25,1.206117,1.223854,1.197248,1.206117,0.528333,11708846
2006-09-26,1.206117,1.214985,1.206117,1.206117,0.528333,2251224
2006-09-27,1.206117,1.214985,1.206117,1.206117,0.528333,5717421
2006-09-28,1.214985,1.214985,1.197248,1.214985,0.532218,5493595
2006-09-29,1.206117,1.214985,1.197248,1.214985,0.532218,12942988
2006-10-02,1.214985,1.214985,1.18838,1.206117,0.528333,19311590
2006-10-03,1.18838,1.18838,1.170643,1.170643,0.528333,8387543
2006-10-04,1.179511,1.18838,1.170643,1.179511,0.532335,8446741
2006-10-05,1.179511,1.18838,1.179511,1.18838,0.536338,5482883
2006-10-06,1.179511,1.18838,1.179511,1.18838,0.536338,4633812
2006-10-09,1.179511,1.197248,1.179511,1.18838,0.536338,5743356
2006-10-10,1.18838,1.197248,1.179511,1.18838,0.536338,4535148
2006-10-11,1.18838,1.197248,1.179511,1.197248,0.54034,6877143
2006-10-12,1.197248,1.197248,1.18838,1.197248,0.54034,8136656
2006-10-13,1.197248,1.206117,1.18838,1.197248,0.54034,4896539
2006-10-16,1.197248,1.206117,1.18838,1.197248,0.54034,2285615
2006-10-17,1.18838,1.197248,1.179511,1.179511,0.532335,5597333
2006-10-18,1.18838,1.197248,1.18838,1.18838,0.536338,8063926
2006-10-19,1.197248,1.206117,1.197248,1.206117,0.544343,2839259
2006-10-20,1.206117,1.206117,1.197248,1.206117,0.544343,1999208
2006-10-23,1.206117,1.206117,1.206117,1.206117,0.544343,0
2006-10-24,1.206117,1.206117,1.206117,1.206117,0.544343,0
2006-10-25,1.206117,1.206117,1.206117,1.206117,0.544343,0
2006-10-26,1.206117,1.223854,1.206117,1.223854,0.552348,13600370
2006-10-27,1.214985,1.223854,1.214985,1.223854,0.552348,10962384
2006-10-30,1.214985,1.223854,1.214985,1.223854,0.552348,5374071
2006-10-31,1.214985,1.223854,1.206117,1.223854,0.552348,6649370
2006-11-01,1.223854,1.223854,1.206117,1.214985,0.548345,3394595
2006-11-02,1.214985,1.232722,1.214985,1.214985,0.548345,13017973
2006-11-03,1.214985,1.250459,1.214985,1.241591,0.560353,20492172
2006-11-06,1.241591,1.241591,1.223854,1.241591,0.560353,10952236
2006-11-07,1.241591,1.241591,1.223854,1.241591,0.560353,16434556
2006-11-08,1.241591,1.241591,1.223854,1.241591,0.560353,5387602
2006-11-09,1.232722,1.250459,1.232722,1.241591,0.560353,14324844
2006-11-10,1.241591,1.250459,1.232722,1.241591,0.560353,15590559
2006-11-13,1.241591,1.250459,1.232722,1.241591,0.560353,12848835
2006-11-14,1.241591,1.259328,1.241591,1.259328,0.568358,13691705
2006-11-15,1.259328,1.259328,1.250459,1.250459,0.564355,11256684
2006-11-16,1.250459,1.277065,1.250459,1.268196,0.572361,16283460
2006-11-17,1.268196,1.268196,1.250459,1.250459,0.564355,16253015
2006-11-20,1.250459,1.268196,1.241591,1.250459,0.564355,18987410
2006-11-21,1.250459,1.285933,1.250459,1.268196,0.572361,16689954
2006-11-22,1.268196,1.277065,1.268196,1.277065,0.576363,11848103
2006-11-23,1.277065,1.277065,1.259328,1.277065,0.576363,13846
2006-11-24,1.277065,1.285933,1.277065,1.285933,0.580366,8441104
2006-11-27,1.285933,1.330276,1.285933,1.330276,0.600379,32780598
2006-11-28,1.321407,1.321407,1.285933,1.30367,0.588371,20197309
2006-11-29,1.30367,1.312539,1.294802,1.312539,0.592373,11633298
2006-11-30,1.312539,1.330276,1.30367,1.330276,0.600379,34983336
2006-12-01,1.330276,1.339144,1.30367,1.339144,0.604381,37674318
2006-12-04,1.339144,1.339144,1.321407,1.330276,0.600379,21573527
2006-12-05,1.330276,1.36575,1.330276,1.36575,0.616388,48347477
2006-12-06,1.36575,1.392355,1.36575,1.383487,0.624394,41393658
2006-12-07,1.383487,1.401224,1.36575,1.392355,0.628396,33427268
2006-12-08,1.383487,1.383487,1.36575,1.374618,0.620391,18822782
2006-12-11,1.374618,1.374618,1.356881,1.36575,0.616388,9731625
2006-12-12,1.36575,1.374618,1.348013,1.356881,0.612386,17441490
2006-12-13,1.348013,1.348013,1.30367,1.321407,0.596376,28419097
2006-12-14,1.321407,1.330276,1.312539,1.330276,0.600379,20178703
2006-12-15,1.330276,1.356881,1.321407,1.348013,0.608383,23584575
2006-12-18,1.348013,1.36575,1.348013,1.356881,0.612386,26488671
2006-12-19,1.356881,1.356881,1.285933,1.321407,0.596376,22509422
2006-12-20,1.330276,1.348013,1.321407,1.348013,0.608383,8909051
2006-12-21,1.348013,1.356881,1.330276,1.356881,0.612386,15389848
2006-12-22,1.348013,1.348013,1.330276,1.348013,0.608383,4812534
2006-12-25,1.348013,1.348013,1.348013,1.348013,0.608383,0
2006-12-26,1.348013,1.348013,1.339144,1.348013,0.608383,4355298
2006-12-27,1.348013,1.356881,1.330276,1.356881,0.612386,21267387
2006-12-28,1.348013,1.356881,1.339144,1.356881,0.612386,14487216
2006-12-29,1.348013,1.374618,1.339144,1.374618,0.620391,22659955
2007-01-03,1.356881,1.383487,1.348013,1.383487,0.624394,11990742
2007-01-04,1.383487,1.383487,1.36575,1.36575,0.616388,13409245
2007-01-05,1.374618,1.383487,1.36575,1.374618,0.620391,10822000
2007-01-08,1.374618,1.374618,1.36575,1.374618,0.620391,8041938
2007-01-09,1.374618,1.374618,1.36575,1.36575,0.616388,12765393
2007-01-10,1.36575,1.374618,1.348013,1.374618,0.620391,12504921
2007-01-11,1.36575,1.383487,1.356881,1.383487,0.624394,24526109
2007-01-12,1.383487,1.427829,1.383487,1.401224,0.632399,62304729
2007-01-15,1.401224,1.418961,1.392355,1.401224,0.632399,28440521
2007-01-16,1.418961,1.418961,1.410092,1.418961,0.640404,18698748
2007-01-17,1.418961,1.427829,1.410092,1.410092,0.636401,18047003
2007-01-18,1.410092,1.445566,1.410092,1.445566,0.652411,51110061
2007-01-19,1.436698,1.454435,1.427829,1.445566,0.652411,43571590
2007-01-22,1.445566,1.516514,1.445566,1.507646,0.680429,48684062
2007-01-23,1.516514,1.560857,1.516514,1.560857,0.704444,63507299
2007-01-24,1.560857,1.578594,1.551988,1.560857,0.704444,53440780
2007-01-25,1.560857,1.578594,1.525383,1.534251,0.692436,17550302
2007-01-26,1.534251,1.534251,1.507646,1.516514,0.684431,13885086
2007-01-29,1.516514,1.54312,1.507646,1.54312,0.696439,20606058
2007-01-30,1.54312,1.560857,1.534251,1.560857,0.704444,18861684
2007-01-31,1.560857,1.578594,1.551988,1.569725,0.708446,24935422
2007-02-02,1.569725,1.614068,1.569725,1.614068,0.728459,89187492
2007-02-05,1.614068,1.622936,1.596331,1.605199,0.724456,29759796
2007-02-06,1.605199,1.614068,1.587462,1.596331,0.720454,26410868
2007-02-07,1.596331,1.614068,1.578594,1.596331,0.720454,29717512
2007-02-08,1.596331,1.596331,1.578594,1.587462,0.716451,19207852
2007-02-09,1.587462,1.596331,1.578594,1.596331,0.720454,24367683
2007-02-12,1.587462,1.587462,1.569725,1.578594,0.712449,17095885
2007-02-13,1.578594,1.587462,1.560857,1.578594,0.712449,32273184
2007-02-14,1.587462,1.596331,1.578594,1.587462,0.716451,27278545
2007-02-15,1.587462,1.614068,1.587462,1.614068,0.728459,38752290
2007-02-16,1.614068,1.614068,1.596331,1.614068,0.728459,5656532
2007-02-21,1.622936,1.631805,1.614068,1.631805,0.736464,21980021
2007-02-22,1.622936,1.631805,1.614068,1.622936,0.732461,14236329
2007-02-23,1.622936,1.631805,1.614068,1.631805,0.736464,12995421
2007-02-26,1.631805,1.631805,1.622936,1.622936,0.732461,15843138
2007-02-27,1.622936,1.622936,1.551988,1.587462,0.716451,33934681
2007-02-28,1.418961,1.560857,1.401224,1.560857,0.704444,77329240
2007-03-01,1.560857,1.587462,1.534251,1.551988,0.700441,37879539
2007-03-02,1.54312,1.54312,1.489909,1.507646,0.680429,44285351
2007-03-05,1.489909,1.489909,1.392355,1.463303,0.660416,64807969
2007-03-06,1.454435,1.489909,1.445566,1.489909,0.672424,25829598
2007-03-07,1.498777,1.534251,1.498777,1.525383,0.688434,24303411
2007-03-08,1.525383,1.560857,1.516514,1.54312,0.696439,10845116
2007-03-09,1.551988,1.569725,1.54312,1.551988,0.700441,20471876
2007-03-12,1.551988,1.596331,1.551988,1.596331,0.720454,16272184
2007-03-13,1.596331,1.605199,1.578594,1.596331,0.720454,26881071
2007-03-14,1.551988,1.587462,1.525383,1.587462,0.716451,29312145
2007-03-15,1.587462,1.596331,1.569725,1.596331,0.720454,57983258
2007-03-16,1.54312,1.54312,1.525383,1.54312,0.728831,31669926
2007-03-19,1.534251,1.54312,1.525383,1.525383,0.720454,9756432
2007-03-20,1.525383,1.54312,1.525383,1.54312,0.728831,10920664
2007-03-21,1.54312,1.569725,1.54312,1.551988,0.73302,26242294
2007-03-22,1.560857,1.596331,1.560857,1.569725,0.741397,37518147
2007-03-23,1.578594,1.596331,1.569725,1.587462,0.749775,18895511
2007-03-26,1.587462,1.587462,1.569725,1.587462,0.749775,10217051
2007-03-27,1.587462,1.587462,1.560857,1.569725,0.741397,11912375
2007-03-28,1.560857,1.560857,1.551988,1.560857,0.737209,5772673
2007-03-29,1.560857,1.560857,1.54312,1.560857,0.737209,8606295
2007-03-30,1.560857,1.578594,1.551988,1.569725,0.741397,22194826
2007-04-02,1.569725,1.578594,1.560857,1.569725,0.741397,19477909
2007-04-03,1.569725,1.596331,1.569725,1.587462,0.749775,19130049
2007-04-04,1.596331,1.605199,1.587462,1.596331,0.753964,25803663
2007-04-05,1.596331,1.605199,1.587462,1.605199,0.758152,23241789
2007-04-06,1.596331,1.622936,1.596331,1.614068,0.762341,34737522
2007-04-09,1.614068,1.631805,1.596331,1.622936,0.766529,23849558
2007-04-10,1.614068,1.622936,1.605199,1.622936,0.766529,9219701
2007-04-11,1.614068,1.631805,1.614068,1.631805,0.770718,20633684
2007-04-12,1.622936,1.631805,1.614068,1.631805,0.770718,14877361
2007-04-13,1.631805,1.631805,1.614068,1.631805,0.770718,14141048
2007-04-16,1.631805,1.658411,1.622936,1.640674,0.774907,29521876
2007-04-17,1.658411,1.676148,1.658411,1.676148,0.791662,39922159
2007-04-18,1.676148,1.676148,1.649542,1.667279,0.787473,17468552
2007-04-19,1.667279,1.667279,1.631805,1.640674,0.774907,26783535
2007-04-20,1.640674,1.667279,1.631805,1.649542,0.779096,11037369
2007-04-23,1.658411,1.685016,1.649542,1.667279,0.787473,34445477
2007-04-24,1.667279,1.693885,1.658411,1.685016,0.795851,29038705
2007-04-25,1.685016,1.693885,1.658411,1.685016,0.795851,11359295
2007-04-26,1.685016,1.685016,1.685016,1.685016,0.795851,0
2007-04-27,1.685016,1.685016,1.667279,1.676148,0.791662,11385229
2007-04-30,1.676148,1.685016,1.667279,1.676148,0.791662,22295181
2007-05-03,1.676148,1.72049,1.676148,1.711622,0.808417,26099654
2007-05-04,1.711622,1.738227,1.702753,1.738227,0.820983,11176626
2007-05-07,1.738227,1.773701,1.738227,1.755964,0.82936,22373548
2007-05-08,1.764833,1.764833,1.738227,1.747096,0.825171,12438394
2007-05-09,1.738227,1.747096,1.729359,1.729359,0.816794,10273994
2007-05-10,1.729359,1.755964,1.729359,1.747096,0.825171,20908251
2007-05-11,1.747096,1.755964,1.72049,1.755964,0.82936,8097754
2007-05-14,1.755964,1.773701,1.747096,1.755964,0.82936,8455762
2007-05-15,1.755964,1.764833,1.738227,1.755964,0.82936,9159939
2007-05-16,1.738227,1.755964,1.729359,1.747096,0.825171,13149900
2007-05-17,1.747096,1.755964,1.738227,1.747096,0.825171,5546592
2007-05-18,1.738227,1.755964,1.729359,1.755964,0.82936,7275744
2007-05-21,1.738227,1.747096,1.729359,1.738227,0.820983,11797361
2007-05-22,1.738227,1.755964,1.729359,1.755964,0.82936,13083936
2007-05-23,1.747096,1.755964,1.738227,1.738227,0.820983,11222857
2007-05-24,1.738227,1.747096,1.693885,1.729359,0.816794,19251828
2007-05-25,1.72049,1.738227,1.693885,1.738227,0.820983,14484397
2007-05-28,1.738227,1.755964,1.738227,1.747096,0.825171,20323034
2007-05-29,1.747096,1.747096,1.729359,1.729359,0.816794,14845225
2007-05-30,1.738227,1.747096,1.711622,1.729359,0.816794,15566316
2007-05-31,1.729359,1.764833,1.729359,1.764833,0.833549,14408285
2007-06-01,1.764833,1.764833,1.738227,1.747096,0.825171,8436029
2007-06-04,1.747096,1.755964,1.738227,1.747096,0.825171,7480965
2007-06-05,1.747096,1.755964,1.738227,1.747096,0.825171,7629242
2007-06-06,1.747096,1.764833,1.738227,1.755964,0.82936,14483270
2007-06-07,1.747096,1.755964,1.738227,1.738227,0.820983,16277822
2007-06-08,1.738227,1.747096,1.72049,1.747096,0.825171,17686176
2007-06-11,1.755964,1.755964,1.729359,1.747096,0.825171,8315378
2007-06-12,1.747096,1.755964,1.747096,1.747096,0.825171,3578955
2007-06-13,1.747096,1.747096,1.729359,1.738227,0.820983,21580856
2007-06-14,1.738227,1.747096,1.72049,1.738227,0.820983,9574891
2007-06-15,1.729359,1.755964,1.729359,1.747096,0.825171,14258316
2007-06-18,1.747096,1.755964,1.738227,1.747096,0.825171,18184005
2007-06-19,1.738227,1.747096,1.729359,1.738227,0.820983,7321975
2007-06-20,1.738227,1.747096,1.729359,1.747096,0.825171,14437039
2007-06-21,1.738227,1.755964,1.738227,1.755964,0.82936,11368315
2007-06-22,1.755964,1.755964,1.738227,1.738227,0.820983,16228772
2007-06-25,1.738227,1.747096,1.72049,1.738227,0.820983,6145904
2007-06-26,1.738227,1.738227,1.72049,1.729359,0.816794,7904373
2007-06-27,1.72049,1.738227,1.72049,1.729359,0.816794,7319156
2007-06-28,1.729359,1.738227,1.711622,1.711622,0.808417,19825769
2007-06-29,1.711622,1.738227,1.711622,1.738227,0.820983,9847766
2007-07-02,1.738227,1.738227,1.711622,1.711622,0.808417,15185192
2007-07-03,1.72049,1.738227,1.72049,1.729359,0.816794,14998576
2007-07-04,1.72049,1.738227,1.711622,1.72049,0.812605,25913039
2007-07-05,1.711622,1.729359,1.711622,1.72049,0.812605,23803890
2007-07-06,1.72049,1.738227,1.72049,1.738227,0.820983,8504812
2007-07-09,1.738227,1.755964,1.729359,1.755964,0.82936,6639786
2007-07-10,1.747096,1.755964,1.738227,1.755964,0.82936,6198336
2007-07-11,1.747096,1.747096,1.729359,1.738227,0.820983,6271066
2007-07-12,1.747096,1.747096,1.729359,1.738227,0.820983,4724582
2007-07-13,1.738227,1.755964,1.738227,1.747096,0.825171,5799171
2007-07-16,1.747096,1.747096,1.738227,1.747096,0.825171,4048595
2007-07-17,1.747096,1.747096,1.729359,1.738227,0.820983,6435129
2007-07-18,1.747096,1.755964,1.747096,1.755964,0.82936,11908992
2007-07-19,1.755964,1.773701,1.755964,1.773701,0.837737,18110148
2007-07-20,1.773701,1.791438,1.755964,1.773701,0.837737,7611201
2007-07-23,1.764833,1.773701,1.747096,1.747096,0.825171,4845798
2007-07-24,1.755964,1.791438,1.755964,1.791438,0.846115,14777570
2007-07-25,1.773701,1.791438,1.764833,1.773701,0.837737,12220770
2007-07-26,1.773701,1.791438,1.755964,1.791438,0.846115,11138852
2007-07-27,1.773701,1.773701,1.738227,1.773701,0.837737,17962998
2007-07-30,1.755964,1.791438,1.747096,1.791438,0.846115,20698520
2007-07-31,1.791438,1.809175,1.773701,1.809175,0.854492,15504862
2007-08-01,1.755964,1.755964,1.72049,1.738227,0.84161,23347218
2007-08-02,1.738227,1.755964,1.72049,1.729359,0.837317,24698629
2007-08-03,1.747096,1.747096,1.72049,1.729359,0.837317,10839478
2007-08-06,1.729359,1.729359,1.676148,1.711622,0.828729,19260285
2007-08-07,1.711622,1.72049,1.685016,1.693885,0.820141,31345745
2007-08-08,1.702753,1.72049,1.693885,1.72049,0.833022,4085241
2007-08-09,1.729359,1.729359,1.693885,1.72049,0.833022,12704504
2007-08-10,1.685016,1.693885,1.658411,1.685016,0.815847,21496287
2007-08-13,1.685016,1.685016,1.658411,1.667279,0.807259,17742
2007-08-14,1.667279,1.676148,1.658411,1.676148,0.811553,14973206
2007-08-15,1.667279,1.667279,1.622936,1.649542,0.798671,32774960
2007-08-16,1.640674,1.640674,1.569725,1.578594,0.76432,39523558
2007-08-17,1.569725,1.596331,1.472172,1.578594,0.76432,46168419
2007-08-20,1.631805,1.649542,1.596331,1.614068,0.781495,29834781
2007-08-21,1.622936,1.640674,1.605199,1.614068,0.781495,14227872
2007-08-22,1.614068,1.640674,1.605199,1.640674,0.794377,14590954
2007-08-23,1.658411,1.676148,1.649542,1.667279,0.807259,12334656
2007-08-24,1.667279,1.667279,1.622936,1.640674,0.794377,9092848
2007-08-27,1.658411,1.676148,1.640674,1.667279,0.807259,9540499
2007-08-28,1.649542,1.667279,1.640674,1.658411,0.802965,10028744
2007-08-29,1.631805,1.658411,1.605199,1.658411,0.802965,9151482
2007-08-30,1.667279,1.667279,1.640674,1.658411,0.802965,6878834
2007-09-03,1.667279,1.667279,1.640674,1.640674,0.794377,9151482
2007-09-04,1.649542,1.658411,1.640674,1.649542,0.798671,4099900
2007-09-05,1.649542,1.658411,1.640674,1.649542,0.798671,8956974
2007-09-06,1.649542,1.667279,1.631805,1.667279,0.807259,10621854
2007-09-07,1.676148,1.711622,1.658411,1.702753,0.824435,17995698
2007-09-10,1.685016,1.693885,1.658411,1.685016,0.815847,16714761
2007-09-11,1.685016,1.702753,1.676148,1.685016,0.815847,18229108
2007-09-12,1.685016,1.711622,1.685016,1.702753,0.824435,12117032
2007-09-13,1.693885,1.711622,1.685016,1.702753,0.824435,12728747
2007-09-14,1.693885,1.72049,1.693885,1.72049,0.833022,12497028
2007-09-17,1.693885,1.711622,1.685016,1.685016,0.815847,4638886
2007-09-18,1.685016,1.702753,1.676148,1.685016,0.815847,7177080
2007-09-19,1.702753,1.72049,1.693885,1.711622,0.828729,9864680
2007-09-20,1.702753,1.702753,1.693885,1.693885,0.820141,5453002
2007-09-21,1.685016,1.702753,1.685016,1.685016,0.815847,6147031
2007-09-24,1.693885,1.72049,1.685016,1.693885,0.820141,13343281
2007-09-25,1.693885,1.738227,1.693885,1.72049,0.833022,18372875
2007-09-26,1.72049,1.747096,1.72049,1.738227,0.84161,15733198
2007-09-27,1.738227,1.773701,1.738227,1.764833,0.854492,36554626
2007-09-28,1.764833,1.773701,1.755964,1.764833,0.854492,11574663
2007-10-01,1.764833,1.773701,1.755964,1.773701,0.858786,6006083
2007-10-02,1.773701,1.809175,1.764833,1.791438,0.867374,24677205
2007-10-03,1.773701,1.809175,1.773701,1.791438,0.867374,15142907
2007-10-04,1.773701,1.791438,1.773701,1.773701,0.858786,7862652
2007-10-05,1.791438,1.809175,1.773701,1.791438,0.867374,7562715
2007-10-08,1.791438,1.809175,1.791438,1.791438,0.867374,7591468
2007-10-09,1.791438,1.809175,1.791438,1.809175,0.875962,5720804
2007-10-10,1.809175,1.826912,1.791438,1.809175,0.875962,13008388
2007-10-11,1.809175,1.826912,1.791438,1.826912,0.88455,4590963
2007-10-12,1.826912,1.826912,1.809175,1.809175,0.875962,4498501
2007-10-16,1.809175,1.844649,1.809175,1.826912,0.88455,8249978
2007-10-17,1.826912,1.862386,1.826912,1.862386,0.901725,16195508
2007-10-18,1.862386,1.89786,1.862386,1.89786,0.918901,19055628
2007-10-19,1.89786,1.89786,1.862386,1.880123,0.910313,6270502
2007-10-22,1.826912,1.862386,1.809175,1.862386,0.901725,13649984
2007-10-23,1.862386,1.880123,1.844649,1.844649,0.893138,6420471
2007-10-24,1.844649,1.862386,1.826912,1.844649,0.893138,2676323
2007-10-25,1.862386,1.862386,1.844649,1.862386,0.901725,8750626
2007-10-26,1.880123,1.933334,1.844649,1.915597,0.927489,19508918
2007-10-29,1.915597,1.968808,1.915597,1.951071,0.944664,35284965
2007-10-30,1.968808,1.968808,1.915597,1.968808,0.953252,11723505
2007-10-31,1.951071,1.968808,1.915597,1.968808,0.953252,21124748
2007-11-01,1.951071,1.986545,1.915597,1.933334,0.936077,15138961
2007-11-02,1.89786,1.915597,1.880123,1.89786,0.918901,6025816
2007-11-05,1.915597,1.915597,1.880123,1.89786,0.918901,7162422
2007-11-06,1.89786,1.89786,1.862386,1.89786,0.918901,7183282
2007-11-07,1.89786,1.933334,1.89786,1.915597,0.927489,9305962
2007-11-09,1.89786,1.933334,1.880123,1.89786,0.918901,9175162
2007-11-12,1.89786,1.915597,1.880123,1.89786,0.918901,10527137
2007-11-13,1.89786,1.915597,1.862386,1.89786,0.918901,7293222
2007-11-14,1.89786,1.915597,1.880123,1.89786,0.918901,9848894
2007-11-15,1.89786,1.915597,1.880123,1.89786,0.918901,6538303
2007-11-16,1.880123,1.89786,1.862386,1.89786,0.918901,12398364
2007-11-19,1.880123,1.89786,1.880123,1.880123,0.910313,5725878
2007-11-20,1.880123,1.880123,1.844649,1.880123,0.910313,11748311
2007-11-21,1.862386,1.880123,1.862386,1.862386,0.901725,6936905
2007-11-22,1.862386,1.862386,1.826912,1.844649,0.893138,11775374
2007-11-23,1.844649,1.862386,1.826912,1.862386,0.901725,3125102
2007-11-26,1.862386,1.880123,1.844649,1.862386,0.901725,5109653
2007-11-27,1.862386,1.862386,1.844649,1.844649,0.893138,7328741
2007-11-28,1.844649,1.862386,1.844649,1.862386,0.901725,3241807
2007-11-29,1.862386,1.880123,1.844649,1.844649,0.893138,11511519
2007-11-30,1.844649,1.880123,1.844649,1.844649,0.893138,8495228
2007-12-03,1.844649,1.880123,1.809175,1.880123,0.910313,8355407
2007-12-04,1.880123,1.880123,1.844649,1.862386,0.901725,7174261
2007-12-05,1.862386,1.880123,1.862386,1.862386,0.901725,6583970
2007-12-06,1.862386,1.933334,1.862386,1.880123,0.910313,21328841
2007-12-07,1.880123,1.915597,1.880123,1.915597,0.927489,6926193
2007-12-10,1.915597,1.933334,1.89786,1.933334,0.936077,18746106
2007-12-11,1.933334,1.951071,1.933334,1.933334,0.936077,17224994
2007-12-12,1.89786,1.933334,1.89786,1.915597,0.927489,5197604
2007-12-13,1.915597,1.915597,1.862386,1.880123,0.910313,22437821
2007-12-14,1.89786,1.89786,1.862386,1.862386,0.901725,16020732
2007-12-17,1.880123,1.880123,1.844649,1.880123,0.910313,22291798
2007-12-18,1.844649,1.880123,1.826912,1.880123,0.910313,14752763
2007-12-19,1.862386,1.89786,1.862386,1.880123,0.910313,5806500
2007-12-21,1.880123,1.915597,1.862386,1.915597,0.927489,12547206
2007-12-24,1.89786,1.986545,1.89786,1.951071,0.944664,28350878
2007-12-26,1.951071,1.986545,1.933334,1.968808,0.953252,11427513
2007-12-27,1.968808,1.968808,1.933334,1.951071,0.944664,2642496
2007-12-28,1.933334,1.951071,1.933334,1.951071,0.944664,3761060
2007-12-31,1.951071,1.968808,1.933334,1.951071,0.944664,9243944
2008-01-02,1.933334,1.951071,1.915597,1.915597,0.927489,7117318
2008-01-03,1.915597,1.933334,1.89786,1.915597,0.927489,10248623
2008-01-04,1.89786,1.933334,1.89786,1.915597,0.927489,6883344
2008-01-07,1.915597,1.933334,1.880123,1.915597,0.927489,19294677
2008-01-08,1.915597,1.951071,1.89786,1.915597,0.927489,10560400
2008-01-09,1.915597,1.951071,1.915597,1.951071,0.944664,25980130
2008-01-11,1.951071,2.004282,1.951071,1.968808,0.953252,58676159
2008-01-14,1.968808,2.004282,1.968808,1.968808,0.953252,19346545
2008-01-15,1.968808,2.004282,1.933334,1.933334,0.936077,9401243
2008-01-16,1.933334,1.951071,1.89786,1.915597,0.927489,26137992
2008-01-17,1.915597,1.951071,1.915597,1.933334,0.936077,15051573
2008-01-18,1.915597,1.951071,1.89786,1.933334,0.936077,39356112
2008-01-21,1.933334,1.986545,1.933334,1.951071,0.944664,47992852
2008-01-22,1.951071,1.951071,1.844649,1.89786,0.918901,65703271
2008-01-23,1.89786,1.89786,1.89786,1.89786,0.918901,0
2008-01-24,1.951071,1.986545,1.951071,1.968808,0.953252,49387675
2008-01-25,1.986545,2.004282,1.968808,2.004282,0.970428,33537771
2008-01-28,1.986545,1.986545,1.951071,1.968808,0.953252,33688868
2008-01-29,1.986545,2.004282,1.968808,2.004282,0.970428,13664643
2008-01-30,1.986545,2.022019,1.968808,1.968808,0.953252,26436238
2008-01-31,1.968808,2.022019,1.968808,2.022019,0.979016,16119396
2008-02-04,2.022019,2.057493,2.022019,2.039756,0.987604,22091088
2008-02-05,2.022019,2.057493,2.022019,2.057493,0.996192,6961712
2008-02-06,2.057493,2.057493,2.004282,2.022019,0.979016,8441104
2008-02-11,2.022019,2.039756,1.986545,2.004282,0.970428,17611192
2008-02-12,2.022019,2.022019,1.986545,1.986545,0.961841,11728579
2008-02-13,2.022019,2.057493,1.986545,2.057493,0.996192,23707482
2008-02-14,2.039756,2.07523,2.022019,2.057493,0.996192,22512241
2008-02-15,2.039756,2.057493,2.022019,2.039756,0.987604,10857519
2008-02-18,2.039756,2.07523,2.039756,2.057493,0.996192,9679756
2008-02-19,2.057493,2.092967,2.039756,2.092967,1.013367,15737145
2008-02-20,2.092967,2.092967,2.039756,2.057493,0.996192,12889428
2008-02-21,2.07523,2.07523,2.039756,2.057493,0.996192,6048931
2008-02-22,2.057493,2.057493,1.986545,2.022019,0.979016,21597206
2008-02-25,2.022019,2.039756,2.004282,2.022019,0.979016,17482083
2008-02-26,2.039756,2.039756,2.004282,2.039756,0.987604,14530065
2008-02-27,1.968808,1.968808,1.89786,1.89786,0.960669,18189079
2008-02-28,1.915597,1.915597,1.844649,1.844649,0.933735,32721963
2008-02-29,1.844649,1.915597,1.826912,1.862386,0.942713,16714197
2008-03-03,1.844649,1.844649,1.826912,1.826912,0.924756,199881
2008-03-04,1.826912,1.844649,1.773701,1.791438,0.9068,46767166
2008-03-05,1.791438,1.791438,1.755964,1.764833,0.893333,27030476
2008-03-06,1.764833,1.809175,1.764833,1.791438,0.9068,26651607
2008-03-07,1.773701,1.809175,1.764833,1.809175,0.915778,17306744
2008-03-10,1.764833,1.764833,1.658411,1.693885,0.85742,61174325
2008-03-11,1.685016,1.755964,1.667279,1.755964,0.888844,40142602
2008-03-12,1.791438,1.809175,1.773701,1.809175,0.915778,14158525
2008-03-13,1.791438,1.809175,1.747096,1.755964,0.888844,29448019
2008-03-14,1.773701,1.773701,1.755964,1.773701,0.897822,15641300
2008-03-17,1.755964,1.755964,1.729359,1.738227,0.879865,18072938
2008-03-18,1.738227,1.755964,1.72049,1.755964,0.888844,10320788
2008-03-19,1.791438,1.791438,1.747096,1.755964,0.888844,15971682
2008-03-21,1.755964,1.773701,1.729359,1.764833,0.893333,11870091
2008-03-24,1.773701,1.809175,1.755964,1.809175,0.915778,17254875
2008-03-25,1.809175,1.89786,1.791438,1.862386,0.942713,15949695
2008-03-26,1.862386,1.880123,1.826912,1.862386,0.942713,22358326
2008-03-27,1.862386,1.915597,1.826912,1.89786,0.960669,29871427
2008-03-28,1.89786,1.951071,1.880123,1.915597,0.969647,29529205
2008-03-31,1.89786,1.933334,1.862386,1.862386,0.942713,8968814
2008-04-01,1.862386,1.915597,1.862386,1.89786,0.960669,12856728
2008-04-02,1.915597,1.951071,1.89786,1.915597,0.969647,23900863
2008-04-03,1.89786,1.933334,1.89786,1.89786,0.960669,20628046
2008-04-04,1.89786,1.915597,1.89786,1.89786,0.960669,5782821
2008-04-07,1.89786,1.915597,1.880123,1.89786,0.960669,16832030
2008-04-08,1.915597,1.933334,1.89786,1.915597,0.969647,15780557
2008-04-09,1.915597,1.933334,1.89786,1.915597,0.969647,18097745
2008-04-10,1.915597,1.951071,1.89786,1.915597,0.969647,33710292
2008-04-11,1.915597,1.933334,1.89786,1.915597,0.969647,18078012
2008-04-14,1.915597,1.933334,1.89786,1.933334,0.978626,22034709
2008-04-15,1.951071,1.951071,1.915597,1.933334,0.978626,8840269
2008-04-16,1.951071,1.951071,1.915597,1.933334,0.978626,13192185
2008-04-17,1.951071,1.968808,1.933334,1.951071,0.987604,26352233
2008-04-18,1.951071,1.968808,1.933334,1.951071,0.987604,11183391
2008-04-21,1.968808,1.986545,1.951071,1.951071,0.987604,19825205
2008-04-22,1.951071,1.968808,1.933334,1.968808,0.996582,8625464
2008-04-23,1.968808,1.986545,1.951071,1.968808,0.996582,10430164
2008-04-24,1.968808,2.004282,1.951071,1.986545,1.00556,17718876
2008-04-25,1.986545,2.004282,1.968808,2.004282,1.014538,11897153
2008-04-28,2.004282,2.022019,1.986545,2.004282,1.014538,9547829
2008-04-29,2.022019,2.022019,1.986545,2.004282,1.014538,10220997
2008-04-30,2.022019,2.039756,1.986545,2.022019,1.023517,21116854
2008-05-02,2.022019,2.039756,2.004282,2.022019,1.023517,16550134
2008-05-05,2.022019,2.057493,2.022019,2.057493,1.041473,18885363
2008-05-06,2.057493,2.07523,2.039756,2.057493,1.041473,22668976
2008-05-07,2.057493,2.07523,2.057493,2.057493,1.041473,17961307
2008-05-08,2.057493,2.07523,2.057493,2.057493,1.041473,20307812
2008-05-09,2.057493,2.092967,2.057493,2.092967,1.05943,39126648
2008-05-12,2.07523,2.128441,2.07523,2.128441,1.077386,35128794
2008-05-13,2.128441,2.128441,2.092967,2.110704,1.068408,13285774
2008-05-14,2.110704,2.110704,2.057493,2.057493,1.041473,18479996
2008-05-15,2.057493,2.092967,2.057493,2.092967,1.05943,16519125
2008-05-16,2.092967,2.092967,2.057493,2.057493,1.041473,14104965
2008-05-20,2.057493,2.07523,2.039756,2.057493,1.041473,24269583
2008-05-21,2.039756,2.057493,2.039756,2.057493,1.041473,17700835
2008-05-22,2.039756,2.039756,2.022019,2.039756,1.032495,17930862
2008-05-23,2.039756,2.07523,2.022019,2.07523,1.050451,22762565
2008-05-26,2.057493,2.07523,2.039756,2.057493,1.041473,16501084
2008-05-27,2.039756,2.07523,2.039756,2.057493,1.041473,20190543
2008-05-28,2.057493,2.07523,2.022019,2.039756,1.032495,19445773
2008-05-29,2.039756,2.057493,2.022019,2.022019,1.023517,12600202
2008-05-30,2.022019,2.057493,2.004282,2.039756,1.032495,14464101
2008-06-02,2.039756,2.039756,2.022019,2.022019,1.023517,5337989
2008-06-03,2.022019,2.039756,2.004282,2.004282,1.014538,14743178
2008-06-04,2.004282,2.022019,1.986545,2.004282,1.014538,11735908
2008-06-05,1.986545,1.986545,1.915597,1.933334,0.978626,26254133
2008-06-06,1.951071,1.968808,1.933334,1.968808,0.996582,28232482
2008-06-09,1.933334,1.951071,1.89786,1.933334,0.978626,16838232
2008-06-10,1.933334,1.951071,1.915597,1.933334,0.978626,18691418
2008-06-11,1.951071,1.951071,1.915597,1.915597,0.969647,7973719
2008-06-12,1.915597,1.933334,1.915597,1.933334,0.978626,30513587
2008-06-13,1.915597,1.933334,1.89786,1.915597,0.969647,15423112
2008-06-16,1.933334,1.933334,1.89786,1.933334,0.978626,9944739
2008-06-17,1.915597,1.933334,1.915597,1.915597,0.969647,5501489
2008-06-18,1.915597,1.915597,1.862386,1.862386,0.942713,24859874
2008-06-19,1.862386,1.880123,1.809175,1.809175,0.915778,33370325
2008-06-20,1.809175,1.844649,1.809175,1.826912,0.924756,11121374
2008-06-23,1.826912,1.826912,1.791438,1.809175,0.915778,4815353
2008-06-24,1.809175,1.844649,1.809175,1.844649,0.933735,4663129
2008-06-25,1.844649,1.880123,1.826912,1.880123,0.951691,8456326
2008-06-26,1.880123,1.880123,1.844649,1.862386,0.942713,3242371
2008-06-27,1.826912,1.844649,1.809175,1.826912,0.924756,12672368
2008-06-30,1.826912,1.844649,1.809175,1.844649,0.933735,8639559
2008-07-01,1.826912,1.844649,1.809175,1.809175,0.915778,11245408
2008-07-02,1.809175,1.826912,1.791438,1.809175,0.915778,6473467
2008-07-03,1.809175,1.809175,1.791438,1.791438,0.9068,0
2008-07-04,1.773701,1.791438,1.764833,1.791438,0.9068,18624891
2008-07-07,1.773701,1.791438,1.764833,1.773701,0.897822,14987864
2008-07-08,1.773701,1.791438,1.764833,1.791438,0.9068,5509945
2008-07-09,1.791438,1.791438,1.773701,1.791438,0.9068,6366346
2008-07-10,1.773701,1.809175,1.773701,1.809175,0.915778,9498215
2008-07-11,1.809175,1.862386,1.791438,1.862386,0.942713,7158475
2008-07-14,1.844649,1.862386,1.809175,1.826912,0.924756,6759874
2008-07-15,1.844649,1.844649,1.791438,1.809175,0.915778,9934027
2008-07-16,1.809175,1.826912,1.791438,1.809175,0.915778,5502052
2008-07-17,1.809175,1.826912,1.791438,1.826912,0.924756,9184182
2008-07-18,1.826912,1.844649,1.773701,1.809175,0.915778,25796898
2008-07-21,1.826912,1.826912,1.809175,1.826912,0.924756,7599925
2008-07-22,1.809175,1.809175,1.791438,1.791438,0.9068,11021583
2008-07-23,1.809175,1.826912,1.809175,1.826912,0.924756,9276644
2008-07-24,1.826912,1.826912,1.791438,1.809175,0.915778,11467543
2008-07-25,1.809175,1.826912,1.791438,1.826912,0.924756,7987250
2008-07-28,1.826912,1.844649,1.809175,1.826912,0.924756,10188297
2008-07-29,1.826912,1.826912,1.809175,1.826912,0.924756,4602239
2008-07-30,1.826912,1.862386,1.826912,1.862386,0.942713,16079931
2008-07-31,1.862386,1.862386,1.826912,1.844649,0.933735,12089970
2008-08-01,1.809175,1.826912,1.791438,1.791438,0.933735,11528996
2008-08-04,1.809175,1.809175,1.773701,1.791438,0.933735,11447810
2008-08-05,1.791438,1.791438,1.764833,1.773701,0.92449,19555149
2008-08-06,1.791438,1.791438,1.773701,1.773701,0.92449,10494437
2008-08-07,1.773701,1.809175,1.773701,1.773701,0.92449,23624604
2008-08-08,1.773701,1.791438,1.764833,1.773701,0.92449,8474931
2008-08-11,1.791438,1.791438,1.773701,1.791438,0.933735,4621408
2008-08-12,1.791438,1.791438,1.773701,1.773701,0.92449,6043293
2008-08-13,1.773701,1.809175,1.773701,1.791438,0.933735,9584475
2008-08-14,1.791438,1.809175,1.773701,1.809175,0.94298,6983699
2008-08-15,1.791438,1.809175,1.773701,1.791438,0.933735,7082927
2008-08-18,1.791438,1.791438,1.764833,1.791438,0.933735,10515861
2008-08-19,1.773701,1.791438,1.755964,1.755964,0.915245,16990456
2008-08-20,1.747096,1.764833,1.738227,1.764833,0.919868,7792178
2008-08-21,1.764833,1.764833,1.755964,1.764833,0.919868,11454012
2008-08-22,1.764833,1.773701,1.764833,1.764833,0.919868,5402825
2008-08-25,1.764833,1.773701,1.747096,1.755964,0.915245,16073729
2008-08-26,1.755964,1.764833,1.738227,1.755964,0.915245,6699548
2008-08-27,1.755964,1.755964,1.738227,1.755964,0.915245,7530578
2008-08-28,1.755964,1.764833,1.747096,1.755964,0.915245,4422389
2008-08-29,1.764833,1.809175,1.764833,1.809175,0.94298,18654772
2008-09-01,1.809175,1.809175,1.809175,1.809175,0.94298,0
2008-09-02,1.791438,1.826912,1.773701,1.791438,0.933735,16038210
2008-09-03,1.791438,1.826912,1.791438,1.791438,0.933735,15927707
2008-09-04,1.791438,1.826912,1.791438,1.809175,0.94298,12944680
2008-09-05,1.791438,1.809175,1.773701,1.791438,0.933735,10283
2008-09-08,1.791438,1.826912,1.791438,1.809175,0.94298,19127230
2008-09-09,1.809175,1.826912,1.791438,1.809175,0.94298,8206002
2008-09-10,1.791438,1.809175,1.791438,1.809175,0.94298,11346327
2008-09-11,1.809175,1.809175,1.747096,1.755964,0.915245,23920596
2008-09-12,1.764833,1.791438,1.755964,1.791438,0.933735,25007024
2008-09-15,1.773701,1.773701,1.755964,1.755964,0.915245,23750330
2008-09-16,1.738227,1.738227,1.72049,1.729359,0.901378,496
2008-09-17,1.738227,1.747096,1.738227,1.738227,0.906,11788
2008-09-18,1.729359,1.729359,1.667279,1.711622,0.892133,42356052
2008-09-19,1.72049,1.764833,1.72049,1.747096,0.910623,23624604
2008-09-22,1.764833,1.764833,1.738227,1.747096,0.910623,12889992
2008-09-23,1.738227,1.755964,1.738227,1.738227,0.906,8015440
2008-09-24,1.738227,1.755964,1.738227,1.738227,0.906,8354843
2008-09-25,1.747096,1.755964,1.738227,1.747096,0.910623,7983868
2008-09-26,1.747096,1.755964,1.738227,1.755964,0.915245,7376663
2008-09-29,1.747096,1.764833,1.747096,1.755964,0.915245,9177981
2008-09-30,1.72049,1.773701,1.702753,1.773701,0.92449,17833326
2008-10-03,1.764833,1.773701,1.755964,1.764833,0.919868,7683366
2008-10-06,1.764833,1.773701,1.729359,1.747096,0.910623,24675514
2008-10-07,1.729359,1.773701,1.711622,1.755964,0.915245,21002405
2008-10-08,1.711622,1.755964,1.702753,1.711622,0.892133,31773100
2008-10-09,1.711622,1.72049,1.693885,1.711622,0.892133,18099436
2008-10-10,1.685016,1.685016,1.560857,1.587462,0.827418,59745110
2008-10-13,1.596331,1.622936,1.472172,1.560857,0.813551,61594350
2008-10-14,1.614068,1.614068,1.596331,1.605199,0.836663,39729342
2008-10-15,1.605199,1.605199,1.560857,1.578594,0.822796,29521312
2008-10-16,1.54312,1.551988,1.525383,1.551988,0.808928,32781161
2008-10-17,1.569725,1.569725,1.534251,1.534251,0.799683,34537939
2008-10-20,1.534251,1.578594,1.489909,1.569725,0.818173,16145331
2008-10-21,1.578594,1.587462,1.569725,1.578594,0.822796,12657145
2008-10-22,1.560857,1.578594,1.54312,1.54312,0.804306,26117132
2008-10-23,1.525383,1.560857,1.507646,1.551988,0.808928,20853563
2008-10-24,1.551988,1.551988,1.516514,1.516514,0.790438,43377081
2008-10-28,1.489909,1.489909,1.392355,1.454435,0.758082,34543013
2008-10-29,1.498777,1.498777,1.436698,1.463303,0.762704,36276676
2008-10-30,1.472172,1.498777,1.445566,1.48104,0.771949,19351620
2008-10-31,1.463303,1.489909,1.463303,1.48104,0.771949,14250423
2008-11-03,1.489909,1.560857,1.489909,1.525383,0.795061,21171542
2008-11-04,1.54312,1.551988,1.516514,1.54312,0.804306,7400342
2008-11-05,1.560857,1.560857,1.534251,1.54312,0.804306,16147022
2008-11-06,1.54312,1.54312,1.516514,1.534251,0.799683,12569194
2008-11-07,1.516514,1.525383,1.48104,1.525383,0.795061,6503348
2008-11-10,1.54312,1.54312,1.516514,1.534251,0.799683,3744147
2008-11-11,1.525383,1.54312,1.525383,1.525383,0.795061,9790823
2008-11-12,1.525383,1.525383,1.498777,1.507646,0.785816,10012958
2008-11-13,1.498777,1.525383,1.48104,1.525383,0.795061,8295081
2008-11-14,1.54312,1.54312,1.507646,1.516514,0.790438,3986578
2008-11-17,1.498777,1.516514,1.489909,1.516514,0.790438,9233232
2008-11-18,1.507646,1.516514,1.507646,1.507646,0.785816,8615316
2008-11-19,1.507646,1.516514,1.498777,1.507646,0.785816,5765907
2008-11-20,1.498777,1.498777,1.463303,1.472172,0.767327,8410659
2008-11-21,1.463303,1.507646,1.445566,1.507646,0.785816,6116586
2008-11-24,1.507646,1.507646,1.472172,1.48104,0.771949,6523645
2008-11-25,1.498777,1.507646,1.472172,1.48104,0.771949,6874887
2008-11-26,1.48104,1.489909,1.463303,1.489909,0.776572,14452825
2008-11-27,1.489909,1.507646,1.489909,1.498777,0.781194,9096231
2008-11-28,1.498777,1.507646,1.48104,1.507646,0.785816,15385338
2008-12-01,1.489909,1.498777,1.489909,1.489909,0.776572,2630092
2008-12-02,1.472172,1.472172,1.445566,1.463303,0.762704,11416238
2008-12-03,1.472172,1.472172,1.445566,1.463303,0.762704,8492409
2008-12-04,1.463303,1.463303,1.454435,1.454435,0.758082,3294240
2008-12-05,1.454435,1.463303,1.436698,1.463303,0.762704,5212263
2008-12-09,1.472172,1.498777,1.472172,1.472172,0.767327,9277208
2008-12-10,1.48104,1.48104,1.454435,1.463303,0.762704,10485980
2008-12-11,1.472172,1.466851,1.463303,1.463303,0.762704,9274389
2008-12-12,1.463303,1.472172,1.454435,1.463303,0.762704,6785808
2008-12-15,1.463303,1.472172,1.463303,1.472172,0.767327,4575741
2008-12-16,1.472172,1.489909,1.472172,1.489909,0.776572,5664425
2008-12-17,1.48104,1.507646,1.48104,1.498777,0.781194,4083550
2008-12-18,1.489909,1.507646,1.489909,1.498777,0.781194,10432983
2008-12-19,1.507646,1.525383,1.507646,1.525383,0.795061,5932790
2008-12-22,1.534251,1.560857,1.525383,1.54312,0.804306,7822059
2008-12-23,1.534251,1.54312,1.516514,1.525383,0.795061,2119296
2008-12-24,1.525383,1.534251,1.516514,1.534251,0.799683,1249364
2008-12-26,1.525383,1.54312,1.525383,1.54312,0.804306,1866153
2008-12-30,1.54312,1.551988,1.534251,1.551988,0.808928,6663465
2008-12-31,1.560857,1.569725,1.54312,1.569725,0.818173,12289552
2009-01-02,1.560857,1.578594,1.560857,1.578594,0.822796,8080276
2009-01-05,1.578594,1.587462,1.54312,1.560857,0.813551,10849062
2009-01-06,1.560857,1.560857,1.534251,1.560857,0.813551,9083263
2009-01-07,1.560857,1.560857,1.534251,1.54312,0.804306,7420075
2009-01-08,1.54312,1.560857,1.534251,1.54312,0.804306,9707382
2009-01-09,1.54312,1.569725,1.54312,1.569725,0.818173,11972701
2009-01-12,1.569725,1.596331,1.578594,1.587462,0.827418,10026489
2009-01-13,1.587462,1.596331,1.569725,1.587462,0.827418,15348692
2009-01-14,1.596331,1.596331,1.578594,1.587462,0.827418,10859774
2009-01-15,1.569725,1.587462,1.569725,1.578594,0.822796,17354102
2009-01-16,1.578594,1.587462,1.569725,1.569725,0.818173,5446801
2009-01-19,1.578594,1.578594,1.54312,1.551988,0.808928,12667294
2009-01-20,1.54312,1.551988,1.534251,1.54312,0.804306,10434111
2009-01-21,1.569725,1.578594,1.525383,1.525383,0.795061,20780270
2009-01-22,1.534251,1.54312,1.525383,1.54312,0.804306,11754513
2009-01-23,1.534251,1.560857,1.516514,1.551988,0.808928,15640736
2009-01-28,1.551988,1.560857,1.54312,1.551988,0.808928,7268415
2009-01-29,1.551988,1.560857,1.54312,1.551988,0.808928,8377959
2009-01-30,1.551988,1.560857,1.534251,1.560857,0.813551,1963126
2009-02-03,1.551988,1.560857,1.54312,1.54312,0.804306,18053205
2009-02-04,1.551988,1.560857,1.54312,1.560857,0.813551,7722832
2009-02-05,1.551988,1.578594,1.551988,1.569725,0.818173,6451479
2009-02-06,1.578594,1.614068,1.578594,1.605199,0.836663,25176726
2009-02-11,1.596331,1.605199,1.596331,1.605199,0.836663,12759756
2009-02-12,1.614068,1.614068,1.596331,1.605199,0.836663,17540154
2009-02-13,1.596331,1.614068,1.596331,1.614068,0.841286,10703040
2009-02-16,1.614068,1.614068,1.605199,1.614068,0.841286,16664584
2009-02-17,1.614068,1.614068,1.605199,1.614068,0.841286,14639440
2009-02-18,1.605199,1.622936,1.605199,1.614068,0.841286,17024847
2009-02-19,1.622936,1.640674,1.614068,1.622936,0.845908,14689054
2009-02-20,1.622936,1.631805,1.614068,1.614068,0.841286,29282828
2009-02-23,1.614068,1.631805,1.614068,1.622936,0.845908,23268851
2009-02-24,1.614068,1.631805,1.614068,1.622936,0.845908,26348851
2009-02-25,1.534251,1.54312,1.525383,1.525383,0.795061,33158339
2009-02-26,1.578087,1.587208,1.559843,1.568965,0.842982,25422910
2009-02-27,1.578087,1.605452,1.568965,1.578087,0.847883,12510564
2009-03-02,1.605452,1.605452,1.550721,1.550721,0.83318,10550992
2009-03-03,1.532477,1.541599,1.523355,1.532477,0.823378,13701655
2009-03-04,1.541599,1.541599,1.477746,1.49599,0.803774,24107941
2009-03-05,1.49599,1.505111,1.477746,1.486868,0.798873,23074164
2009-03-06,1.49599,1.49599,1.459502,1.459502,0.784169,23228738
2009-03-09,1.459502,1.459502,1.459502,1.459502,0.784169,0
2009-03-10,1.45038,1.45038,1.359161,1.368283,0.735159,49863568
2009-03-11,1.377405,1.377405,1.313552,1.331795,0.715554,37987740
2009-03-12,1.331795,1.331795,1.277064,1.286186,0.691049,21706575
2009-03-13,1.30443,1.313552,1.295308,1.30443,0.700852,18984003
2009-03-16,1.30443,1.313552,1.295308,1.30443,0.700852,13318511
2009-03-17,1.322674,1.350039,1.30443,1.340917,0.720455,24694443
2009-03-18,1.350039,1.395649,1.350039,1.377405,0.74006,14163731
2009-03-19,1.386527,1.404771,1.340917,1.350039,0.725357,16476299
2009-03-20,1.350039,1.350039,1.295308,1.322674,0.710653,27663674
2009-03-23,1.331795,1.377405,1.322674,1.377405,0.74006,34993843
2009-03-24,1.386527,1.395649,1.350039,1.368283,0.735159,47159085
2009-03-25,1.350039,1.350039,1.340917,1.350039,0.725357,33420156
2009-03-26,1.350039,1.377405,1.340917,1.359161,0.730258,24897800
2009-03-27,1.368283,1.386527,1.368283,1.377405,0.74006,19830867
2009-03-30,1.368283,1.377405,1.359161,1.359161,0.730258,18886436
2009-03-31,1.359161,1.386527,1.359161,1.377405,0.74006,11282201
2009-04-01,1.377405,1.413892,1.377405,1.404771,0.754763,7901322
2009-04-02,1.423014,1.459502,1.413892,1.441258,0.774367,9757297
2009-04-03,1.45038,1.45038,1.423014,1.423014,0.764565,10764764
2009-04-06,1.432136,1.459502,1.432136,1.45038,0.779268,14318852
2009-04-07,1.441258,1.45038,1.432136,1.45038,0.779268,7206291
2009-04-08,1.423014,1.441258,1.423014,1.432136,0.769466,11634101
2009-04-09,1.432136,1.441258,1.432136,1.441258,0.774367,9925026
2009-04-10,1.45038,1.49599,1.45038,1.477746,0.793972,20440938
2009-04-13,1.486868,1.505111,1.477746,1.486868,0.798873,2765325
2009-04-14,1.505111,1.541599,1.505111,1.541599,0.828279,14014639
2009-04-15,1.532477,1.532477,1.505111,1.523355,0.818477,10477543
2009-04-16,1.532477,1.541599,1.523355,1.541599,0.828279,14544134
2009-04-17,1.541599,1.559843,1.532477,1.550721,0.83318,11734958
2009-04-20,1.541599,1.550721,1.523355,1.550721,0.83318,17479929
2009-04-21,1.532477,1.532477,1.514233,1.532477,0.823378,10552089
2009-04-22,1.541599,1.550721,1.505111,1.514233,0.813576,12133998
2009-04-23,1.523355,1.541599,1.514233,1.532477,0.823378,16648961
2009-04-24,1.541599,1.559843,1.541599,1.559843,0.838081,11091999
2009-04-27,1.559843,1.568965,1.523355,1.541599,0.828279,11064592
2009-04-28,1.532477,1.541599,1.395649,1.541599,0.828279,2443490
2009-04-29,1.532477,1.550721,1.514233,1.550721,0.83318,6464668
2009-04-30,1.550721,1.568965,1.523355,1.523355,0.818477,11210943
2009-05-04,1.541599,1.568965,1.541599,1.559843,0.838081,16493292
2009-05-05,1.568965,1.568965,1.532477,1.550721,0.83318,34922038
2009-05-06,1.550721,1.587208,1.541599,1.578087,0.847883,13763594
2009-05-07,1.59633,1.605452,1.559843,1.559843,0.838081,9186144
2009-05-08,1.559843,1.568965,1.541599,1.568965,0.842982,21750974
2009-05-11,1.578087,1.587208,1.550721,1.568965,0.842982,7761001
2009-05-12,1.559843,1.568965,1.541599,1.559843,0.838081,12069866
2009-05-13,1.568965,1.568965,1.541599,1.550721,0.83318,16299801
2009-05-14,1.541599,1.541599,1.523355,1.541599,0.828279,46957920
2009-05-15,1.541599,1.559843,1.532477,1.550721,0.83318,14222929
2009-05-18,1.541599,1.550721,1.532477,1.541599,0.828279,13295489
2009-05-19,1.559843,1.559843,1.532477,1.541599,0.828279,28777478
2009-05-20,1.541599,1.568965,1.541599,1.568965,0.842982,21322334
2009-05-21,1.559843,1.568965,1.550721,1.559843,0.838081,11043763
2009-05-22,1.559843,1.568965,1.559843,1.568965,0.842982,11064592
2009-05-25,1.568965,1.578087,1.559843,1.578087,0.847883,3341412
2009-05-26,1.578087,1.578087,1.568965,1.578087,0.847883,2296673
2009-05-27,1.578087,1.59633,1.568965,1.59633,0.857685,15689730
2009-05-28,1.587208,1.587208,1.568965,1.568965,0.842982,21460464
2009-05-29,1.568965,1.578087,1.568965,1.568965,0.842982,21845801
2009-06-01,1.578087,1.587208,1.568965,1.568965,0.842982,18667183
2009-06-02,1.578087,1.587208,1.568965,1.578087,0.847883,25435517
2009-06-03,1.578087,1.587208,1.578087,1.587208,0.852784,17307268
2009-06-04,1.578087,1.605452,1.578087,1.59633,0.857685,32947666
2009-06-05,1.605452,1.605452,1.587208,1.587208,0.852784,19295890
2009-06-08,1.59633,1.605452,1.587208,1.59633,0.857685,11248765
2009-06-09,1.59633,1.605452,1.587208,1.605452,0.862586,7797177
2009-06-10,1.59633,1.614574,1.59633,1.614574,0.867487,8186899
2009-06-11,1.614574,1.632818,1.605452,1.632818,0.87729,18018195
2009-06-12,1.632818,1.651062,1.632818,1.64194,0.882191,17449782
2009-06-15,1.64194,1.64194,1.623696,1.632818,0.87729,14926730
2009-06-16,1.623696,1.632818,1.614574,1.623696,0.872389,14338036
2009-06-17,1.623696,1.632818,1.605452,1.614574,0.867487,20098904
2009-06-18,1.605452,1.614574,1.605452,1.605452,0.862586,15602577
2009-06-19,1.605452,1.614574,1.605452,1.605452,0.862586,19262454
2009-06-22,1.605452,1.614574,1.59633,1.605452,0.862586,19075541
2009-06-23,1.605452,1.605452,1.587208,1.59633,0.857685,13510357
2009-06-24,1.605452,1.614574,1.59633,1.605452,0.862586,25279299
2009-06-25,1.614574,1.605452,1.605452,1.605452,0.862586,405
2009-06-26,1.614574,1.632818,1.605452,1.623696,0.872389,18060401
2009-06-29,1.623696,1.651062,1.614574,1.64194,0.882191,30142875
2009-06-30,1.64194,1.651062,1.632818,1.651062,0.887092,17590104
2009-07-01,1.64194,1.651062,1.632818,1.651062,0.887092,15107614
2009-07-02,1.64194,1.678427,1.64194,1.660184,0.891993,13914330
2009-07-03,1.651062,1.669305,1.651062,1.669305,0.896894,23900199
2009-07-06,1.660184,1.669305,1.651062,1.660184,0.891993,20166872
2009-07-07,1.660184,1.687549,1.660184,1.678427,0.901794,21951590
2009-07-08,1.678427,1.687549,1.669305,1.678427,0.901794,17904183
2009-07-09,1.678427,1.678427,1.669305,1.678427,0.901794,9994090
2009-07-10,1.678427,1.705793,1.678427,1.705793,0.916498,22696501
2009-07-13,1.705793,1.724037,1.696671,1.714915,0.921399,21009899
2009-07-14,1.733159,1.78789,1.714915,1.769646,0.950805,37236799
2009-07-15,1.778768,1.824378,1.769646,1.815256,0.975311,42692905
2009-07-16,1.842621,1.879109,1.824378,1.824378,0.980212,40221378
2009-07-17,1.824378,1.860865,1.815256,1.842621,0.990014,41506747
2009-07-20,1.842621,1.897353,1.824378,1.879109,1.009618,34605217
2009-07-21,1.879109,1.879109,1.824378,1.842621,0.990014,16652250
2009-07-22,1.842621,1.897353,1.842621,1.879109,1.009618,54563252
2009-07-23,1.860865,1.897353,1.842621,1.860865,0.999816,23735212
2009-07-24,1.860865,1.879109,1.824378,1.860865,0.999816,16315149
2009-07-27,1.860865,1.879109,1.842621,1.879109,1.009618,14351192
2009-07-28,1.879109,1.897353,1.860865,1.897353,1.019421,10303237
2009-07-29,1.897353,1.915596,1.860865,1.879109,1.009618,21747685
2009-07-30,1.879109,1.897353,1.860865,1.879109,1.009618,11511868
2009-07-31,1.897353,1.897353,1.860865,1.860865,0.999816,36541220
2009-08-03,1.824378,1.835324,1.806134,1.809783,1.001836,22994685
2009-08-04,1.815256,1.831675,1.815256,1.818904,1.006885,28292381
2009-08-05,1.822553,1.822553,1.815256,1.81708,1.005875,14485484
2009-08-06,1.813431,1.81708,1.809783,1.815256,1.004866,26736782
2009-08-07,1.81708,1.879109,1.81708,1.81708,1.005875,49904130
2009-08-10,1.835324,1.835324,1.81708,1.820729,1.007895,2423839
2009-08-11,1.81708,1.820729,1.813431,1.818904,1.006885,11757431
2009-08-12,1.818904,1.828026,1.815256,1.81708,1.005875,27193376
2009-08-13,1.818904,1.818904,1.815256,1.81708,1.005875,10149212
2009-08-14,1.818904,1.820729,1.815256,1.81708,1.005875,15785653
2009-08-17,1.813431,1.81708,1.811607,1.813431,1.003855,21754811
2009-08-18,1.806134,1.813431,1.795188,1.806134,0.999816,26868334
2009-08-19,1.811607,1.813431,1.800661,1.802485,0.997796,20168517
2009-08-20,1.804309,1.813431,1.800661,1.802485,0.997796,17957900
2009-08-21,1.806134,1.813431,1.800661,1.804309,0.998806,13988328
2009-08-24,1.804309,1.807958,1.802485,1.804309,0.998806,17211344
2009-08-25,1.804309,1.806134,1.802485,1.804309,0.998806,19611066
2009-08-26,1.806134,1.81708,1.802485,1.804309,0.998806,13704944
2009-08-27,1.804309,1.813431,1.802485,1.811607,1.002845,20938094
2009-08-28,1.813431,1.824378,1.809783,1.815256,1.004866,18153583
2009-09-01,1.811607,1.811607,1.804309,1.807958,1.000826,16676916
2009-09-02,1.807958,1.811607,1.804309,1.809783,1.001836,13993261
2009-09-03,1.809783,1.815256,1.807958,1.809783,1.001836,8100294
2009-09-04,1.815256,1.842621,1.811607,1.822553,1.008905,21490611
2009-09-07,1.824378,1.835324,1.822553,1.824378,1.009915,17580785
2009-09-08,1.831675,1.835324,1.824378,1.828026,1.011935,19062934
2009-09-09,1.828026,1.838973,1.824378,1.831675,1.013955,20095067
2009-09-10,1.835324,1.860865,1.835324,1.849919,1.024054,26228664
2009-09-11,1.842621,1.879109,1.842621,1.879109,1.040213,28074225
2009-09-14,1.879109,1.879109,1.857216,1.864514,1.032133,7747845
2009-09-15,1.868163,1.87546,1.857216,1.860865,1.030113,12089599
2009-09-16,1.860865,1.871811,1.857216,1.864514,1.032133,22874644
2009-09-17,1.864514,1.871811,1.864514,1.868163,1.034153,14717892
2009-09-18,1.857216,1.87546,1.857216,1.868163,1.034153,12408064
2009-09-23,1.871811,1.871811,1.864514,1.864514,1.032133,14429575
2009-09-24,1.871811,1.871811,1.857216,1.868163,1.034153,11265208
2009-09-25,1.871811,1.87546,1.868163,1.871811,1.036173,16207715
2009-09-28,1.871811,1.871811,1.857216,1.860865,1.030113,8029037
2009-09-29,1.860865,1.868163,1.857216,1.860865,1.030113,3518459
2009-09-30,1.860865,1.860865,1.849919,1.860865,1.030113,14655405
2009-10-01,1.864514,1.879109,1.857216,1.860865,1.030113,8015882
2009-10-02,1.857216,1.864514,1.849919,1.857216,1.028093,3067346
2009-10-05,1.860865,1.860865,1.853568,1.857216,1.028093,5419929
2009-10-06,1.857216,1.868163,1.857216,1.857216,1.028093,8468639
2009-10-07,1.857216,1.871811,1.857216,1.871811,1.036173,17388391
2009-10-08,1.871811,1.90465,1.868163,1.897353,1.050312,22010240
2009-10-09,1.901001,1.922894,1.901001,1.911948,1.058391,12530845
2009-10-12,1.911948,1.919245,1.908299,1.911948,1.058391,9792926
2009-10-13,1.915596,1.915596,1.911948,1.911948,1.058391,9195462
2009-10-14,1.915596,1.944787,1.915596,1.937489,1.07253,19941590
2009-10-15,1.952084,1.952084,1.937489,1.937489,1.07253,12415189
2009-10-16,1.941138,1.948435,1.937489,1.944787,1.07657,9375797
2009-10-19,1.948435,1.948435,1.941138,1.941138,1.07455,10102620
2009-10-20,1.944787,1.959382,1.941138,1.944787,1.07657,16747625
2009-10-21,1.948435,1.959382,1.941138,1.952084,1.080609,12139479
2009-10-22,1.944787,1.959382,1.944787,1.948435,1.078589,11264660
2009-10-23,1.948435,1.966679,1.948435,1.96303,1.086668,7852539
2009-10-26,1.96303,1.96303,1.952084,1.955733,1.082629,4964431
2009-10-27,1.955733,1.955733,1.944787,1.952084,1.080609,10508238
2009-10-28,1.952084,1.955733,1.952084,1.952084,1.080609,10195803
2009-10-29,1.948435,1.949165,1.949165,1.948435,1.078589,7827
2009-10-30,1.955733,1.959382,1.948435,1.952084,1.080609,11203818
2009-11-02,1.944787,1.952084,1.937489,1.948435,1.078589,6093035
2009-11-03,1.952084,1.955733,1.948435,1.952084,1.080609,7421707
2009-11-04,1.952084,1.973977,1.952084,1.970328,1.090708,13555304
2009-11-05,1.970328,1.970328,1.970328,1.970328,1.090708,907553
2009-11-06,1.973977,1.99222,1.973977,1.984923,1.098787,23589957
2009-11-09,1.988572,1.99222,1.981274,1.984923,1.098787,21206679
2009-11-10,1.995869,1.999518,1.99222,1.995869,1.104847,14965099
2009-11-11,1.995869,2.003167,1.995869,1.999518,1.106867,9200943
2009-11-12,1.999518,2.003167,1.995869,1.999518,1.106867,3898314
2009-11-13,1.999518,2.003167,1.999518,1.999518,1.106867,2669950
2009-11-16,1.999518,2.006815,1.999518,2.003167,1.108887,15786201
2009-11-17,2.006815,2.010464,1.999518,2.003167,1.108887,14797919
2009-11-18,2.003167,2.006815,2.003167,2.003167,1.108887,10476447
2009-11-19,2.003167,2.003167,1.999518,2.003167,1.108887,10650752
2009-11-20,2.003167,2.003167,1.999518,2.003167,1.108887,11213684
2009-11-23,1.999518,2.003167,1.999518,1.999518,1.106867,8046029
2009-11-24,1.999518,2.003167,1.995869,1.995869,1.104847,14169760
2009-11-25,1.995869,1.999518,1.995869,1.995869,1.104847,6128115
2009-11-26,1.995869,1.999518,1.99222,1.99222,1.102827,6010267
2009-11-30,1.966679,1.988572,1.952084,1.984923,1.098787,9903649
2009-12-01,1.988572,1.995869,1.973977,1.988572,1.100808,5072413
2009-12-02,1.999518,2.003167,1.995869,2.003167,1.108887,5745519
2009-12-03,2.003167,2.003167,1.995869,1.999518,1.106867,3548606
2009-12-04,2.003167,2.003167,1.999518,2.003167,1.108887,2399721
2009-12-07,2.003167,2.003167,1.99222,1.999518,1.106867,10132220
2009-12-08,1.999518,1.999518,1.988572,1.995869,1.104847,14516179
2009-12-09,1.988572,1.995869,1.988572,1.99222,1.102827,7393204
2009-12-10,1.999518,2.003167,1.99222,2.003167,1.108887,22114385
2009-12-11,2.003167,2.003167,1.995869,1.999518,1.106867,18975781
2009-12-14,2.003167,2.003167,1.995869,1.999518,1.106867,12233758
2009-12-15,1.999518,1.999518,1.995869,1.999518,1.106867,15261091
2009-12-16,1.995869,2.003167,1.995869,1.999518,1.106867,10982920
2009-12-17,1.999518,2.003167,1.995869,1.999518,1.106867,18293357
2009-12-21,1.999518,2.003167,1.995869,1.995869,1.104847,5867753
2009-12-22,1.999518,2.003167,1.995869,1.999518,1.106867,3890640
2009-12-23,1.999518,2.003167,1.999518,1.999518,1.106867,3428017
2009-12-24,1.999518,2.006815,1.999518,2.003167,1.108887,3273444
2009-12-28,2.003167,2.006815,1.999518,2.006815,1.110906,2157447
2009-12-29,2.006815,2.006815,2.003167,2.006815,1.110906,1956831
2009-12-30,2.006815,2.036005,2.003167,2.032357,1.125045,10191966
2009-12-31,2.028708,2.061547,2.02141,2.061547,1.141204,14631835
2010-01-04,2.057898,2.057898,2.039654,2.043303,1.131105,8852331
2010-01-05,2.046952,2.072493,2.046952,2.072493,1.147264,15761535
2010-01-06,2.068844,2.090737,2.068844,2.076142,1.149283,8120027
2010-01-07,2.076142,2.083439,2.076142,2.07979,1.151303,17372495
2010-01-08,2.07979,2.083439,2.07979,2.07979,1.151303,17242040
2010-01-11,2.072493,2.090737,2.065195,2.083439,1.153323,10740646
2010-01-12,2.083439,2.087088,2.07979,2.083439,1.153323,13382094
2010-01-13,2.083439,2.083439,2.076142,2.07979,1.151303,20307742
2010-01-14,2.083439,2.105332,2.07979,2.101683,1.163422,21652858
2010-01-15,2.105332,2.130873,2.101683,2.123576,1.175541,11588058
2010-01-18,2.123576,2.163712,2.116278,2.160063,1.195739,8544829
2010-01-19,2.160063,2.196551,2.160063,2.196551,1.215938,11402241
2010-01-20,2.196551,2.214794,2.192902,2.203848,1.219977,28979739
2010-01-21,2.189253,2.196551,2.178307,2.189253,1.211898,27828661
2010-01-22,2.185604,2.185604,2.174658,2.185604,1.209878,16293223
2010-01-25,2.178307,2.189253,2.178307,2.181956,1.207859,15194219
2010-01-26,2.181956,2.185604,2.152766,2.181956,1.207859,22196605
2010-01-27,2.167361,2.167361,2.119927,2.134522,1.181601,48415951
2010-01-28,2.138171,2.145468,2.127224,2.141819,1.18564,45738875
2010-01-29,2.141819,2.171009,2.134522,2.149117,1.18968,22745833
2010-02-02,2.160063,2.189253,2.160063,2.185604,1.209878,22917399
2010-02-03,2.158507,2.158507,2.136293,2.139995,1.210258,18601913
2010-02-04,2.136293,2.139995,2.136293,2.136293,1.208164,6689688
2010-02-05,2.121483,2.121483,2.102971,2.110376,1.193507,30246206
2010-02-08,2.110376,2.110376,2.05484,2.073352,1.172568,38615879
2010-02-09,2.05484,2.05484,2.02522,2.036328,1.151629,36709015
2010-02-10,2.043732,2.058542,2.043732,2.051137,1.160004,22804576
2010-02-11,2.058542,2.058542,2.047435,2.05484,1.162099,11030638
2010-02-12,2.062244,2.062244,2.05484,2.05484,1.162099,14828700
2010-02-17,2.058542,2.065947,2.058542,2.062244,1.166286,17875901
2010-02-18,2.05484,2.062244,2.051137,2.058542,1.164192,16090039
2010-02-19,2.058542,2.058542,2.051137,2.05484,1.162099,27586320
2010-02-22,2.073352,2.080757,2.069649,2.073352,1.172568,15174421
2010-02-23,2.073352,2.073352,2.065947,2.069649,1.170474,20556854
2010-02-24,2.084459,2.091864,2.05484,2.058542,1.164192,17501551
2010-02-25,2.05484,2.062244,2.051137,2.05484,1.162099,19868114
2010-03-01,2.04003,2.05484,2.032625,2.043732,1.155816,40253729
2010-03-02,2.036328,2.080757,2.028923,2.05484,1.162099,16622124
2010-03-03,2.05484,2.077054,2.051137,2.065947,1.16838,32691637
2010-03-04,2.069649,2.084459,2.058542,2.077054,1.174662,19455411
2010-03-05,2.106673,2.106673,2.077054,2.095566,1.185131,37696479
2010-03-08,2.128888,2.217746,2.128888,2.206639,1.247948,62370106
2010-03-09,2.195531,2.202936,2.180722,2.199234,1.24376,22421583
2010-03-10,2.199234,2.202936,2.195531,2.199234,1.24376,16421715
2010-03-11,2.199234,2.210341,2.191829,2.199234,1.24376,21548099
2010-03-12,2.195531,2.202936,2.173317,2.188127,1.237478,23692105
2010-03-15,2.188127,2.188127,2.158507,2.158507,1.220727,7688495
2010-03-16,2.16221,2.165912,2.143698,2.151102,1.216539,9960526
2010-03-17,2.154805,2.16221,2.143698,2.154805,1.218633,22461557
2010-03-18,2.154805,2.158507,2.151102,2.154805,1.218633,22014281
2010-03-19,2.154805,2.154805,2.13259,2.154805,1.218633,8333480
2010-03-22,2.136293,2.154805,2.136293,2.151102,1.216539,16394165
2010-03-23,2.151102,2.158507,2.1474,2.154805,1.218633,32400476
2010-03-24,2.158507,2.177019,2.154805,2.158507,1.220727,25676756
2010-03-25,2.158507,2.158507,2.151102,2.154805,1.218633,17535582
2010-03-26,2.154805,2.154805,2.143698,2.151102,1.216539,15821026
2010-03-29,2.151102,2.154805,2.139995,2.151102,1.216539,15689220
2010-03-30,2.151102,2.154805,2.151102,2.151102,1.216539,12113175
2010-03-31,2.151102,2.158507,2.1474,2.154805,1.218633,18526287
2010-04-01,2.158507,2.173317,2.158507,2.165912,1.224915,17336253
2010-04-02,2.169615,2.188127,2.169615,2.184424,1.235384,12962351
2010-04-05,2.195531,2.221448,2.195531,2.221448,1.256322,6420134
2010-04-06,2.221448,2.221448,2.214043,2.217746,1.254229,12985579
2010-04-07,2.217746,2.228853,2.217746,2.225151,1.258417,7591261
2010-04-08,2.221448,2.225151,2.210341,2.225151,1.258417,16736104
2010-04-09,2.221448,2.228853,2.221448,2.225151,1.258417,6822034
2010-04-12,2.225151,2.228853,2.221448,2.228853,1.26051,15708126
2010-04-13,2.221448,2.228853,2.214043,2.225151,1.258417,10119881
2010-04-14,2.225151,2.232556,2.225151,2.228853,1.26051,17797574
2010-04-15,2.228853,2.232556,2.228853,2.228853,1.26051,30266733
2010-04-16,2.232556,2.23996,2.221448,2.225151,1.258417,12790031
2010-04-19,2.217746,2.221448,2.210341,2.214043,1.252135,15234381
2010-04-20,2.214043,2.225151,2.210341,2.217746,1.254229,23989208
2010-04-21,2.225151,2.232556,2.217746,2.221448,1.256322,14587236
2010-04-22,2.221448,2.228853,2.217746,2.228853,1.26051,4138920
2010-04-23,2.228853,2.228853,2.217746,2.221448,1.256322,2507552
2010-04-26,2.221448,2.228853,2.221448,2.228853,1.26051,3134170
2010-04-27,2.225151,2.228853,2.217746,2.221448,1.256322,11862528
2010-04-28,2.214043,2.225151,2.206639,2.221448,1.256322,15144170
2010-04-29,2.217746,2.225151,2.217746,2.221448,1.256322,5986363
2010-04-30,2.225151,2.228853,2.221448,2.221448,1.256322,11173788
2010-05-03,2.221448,2.225151,2.214043,2.225151,1.258417,6362874
2010-05-04,2.225151,2.228853,2.214043,2.214043,1.252135,6128432
2010-05-05,2.191829,2.214043,2.191829,2.210341,1.250041,30622717
2010-05-06,2.206639,2.214043,2.202936,2.210341,1.250041,17119097
2010-05-07,2.191829,2.202936,2.191829,2.199234,1.24376,17360021
2010-05-10,2.195531,2.210341,2.195531,2.210341,1.250041,5925862
2010-05-11,2.214043,2.217746,2.202936,2.214043,1.252135,2830044
2010-05-12,2.214043,2.217746,2.202936,2.210341,1.250041,5389995
2010-05-13,2.217746,2.217746,2.210341,2.214043,1.252135,4831441
2010-05-14,2.214043,2.214043,2.210341,2.214043,1.252135,6844181
2010-05-17,2.210341,2.217746,2.206639,2.210341,1.250041,14820057
2010-05-18,2.210341,2.214043,2.202936,2.210341,1.250041,10866961
2010-05-19,2.206639,2.206639,2.173317,2.180722,1.23329,18037957
2010-05-20,2.177019,2.180722,2.151102,2.169615,1.227009,20078787
2010-05-21,2.1474,2.16221,2.13259,2.158507,1.220727,31050006
2010-05-24,2.143698,2.1474,2.106673,2.13259,1.20607,28312873
2010-05-25,2.110376,2.125186,2.084459,2.091864,1.183038,27576057
2010-05-26,2.091864,2.125186,2.088161,2.110376,1.193507,18420950
2010-05-27,2.110376,2.125186,2.102971,2.117781,1.197695,15846414
2010-05-31,2.121483,2.128888,2.106673,2.117781,1.197695,12813799
2010-06-01,2.121483,2.121483,2.110376,2.117781,1.197695,14550503
2010-06-02,2.110376,2.125186,2.106673,2.117781,1.197695,7511854
2010-06-03,2.121483,2.139995,2.121483,2.136293,1.208164,14621268
2010-06-04,2.136293,2.1474,2.125186,2.143698,1.212352,18306431
2010-06-07,2.128888,2.139995,2.110376,2.128888,1.203976,8179526
2010-06-08,2.128888,2.139995,2.128888,2.13259,1.20607,17452934
2010-06-09,2.139995,2.143698,2.128888,2.13259,1.20607,19708218
2010-06-10,2.13259,2.136293,2.128888,2.13259,1.20607,17422143
2010-06-11,2.143698,2.143698,2.13259,2.139995,1.210258,7118057
2010-06-14,2.136293,2.143698,2.136293,2.139995,1.210258,7516175
2010-06-15,2.13259,2.154805,2.13259,2.1474,1.214445,18998411
2010-06-16,2.154805,2.16221,2.151102,2.158507,1.220727,12835947
2010-06-17,2.154805,2.158507,2.151102,2.151102,1.216539,5163657
2010-06-18,2.151102,2.158507,2.151102,2.154805,1.218633,6393124
2010-06-21,2.16221,2.217746,2.16221,2.206639,1.247948,27201166
2010-06-22,2.210341,2.210341,2.191829,2.202936,1.245853,14002213
2010-06-23,2.199234,2.206639,2.191829,2.199234,1.24376,7780327
2010-06-24,2.199234,2.210341,2.199234,2.206639,1.247948,11724780
2010-06-25,2.202936,2.202936,2.202936,2.202936,1.245853,206351
2010-06-28,2.217746,2.217746,2.195531,2.202936,1.245853,12317366
2010-06-29,2.202936,2.206639,2.195531,2.202936,1.245853,20348341
2010-06-30,2.202936,2.206639,2.195531,2.202936,1.245853,16948938
2010-07-01,2.199234,2.202936,2.199234,2.199234,1.24376,4541360
2010-07-02,2.202936,2.202936,2.195531,2.199234,1.24376,14872456
2010-07-05,2.195531,2.206639,2.195531,2.199234,1.24376,5352182
2010-07-06,2.195531,2.214043,2.191829,2.206639,1.247948,7464317
2010-07-07,2.206639,2.206639,2.195531,2.202936,1.245853,6780979
2010-07-08,2.202936,2.206639,2.199234,2.206639,1.247948,10991205
2010-07-09,2.206639,2.214043,2.206639,2.210341,1.250041,25118201
2010-07-12,2.214043,2.221448,2.214043,2.217746,1.254229,20775090
2010-07-13,2.217746,2.221448,2.214043,2.217746,1.254229,9375502
2010-07-14,2.221448,2.232556,2.217746,2.228853,1.26051,12793272
2010-07-15,2.228853,2.228853,2.217746,2.221448,1.256322,8623561
2010-07-16,2.221448,2.247365,2.217746,2.23996,1.266792,15671934
2010-07-19,2.225151,2.247365,2.225151,2.23996,1.266792,16677764
2010-07-20,2.243663,2.265877,2.23996,2.258472,1.277262,12524258
2010-07-21,2.26958,2.280687,2.247365,2.247365,1.27098,9583475
2010-07-22,2.247365,2.251068,2.23996,2.247365,1.27098,6040382
2010-07-23,2.258472,2.265877,2.23996,2.251068,1.273074,8517144
2010-07-26,2.262175,2.265877,2.243663,2.251068,1.273074,5928563
2010-07-27,2.251068,2.265877,2.251068,2.258472,1.277262,6844181
2010-07-28,2.258472,2.265877,2.25477,2.25477,1.275168,8349145
2010-07-29,2.25477,2.258472,2.247365,2.25477,1.275168,4614826
2010-07-30,2.25477,2.273282,2.251068,2.251068,1.273074,11168386
2010-08-02,2.251068,2.262175,2.251068,2.251068,1.273074,9055171
2010-08-03,2.228853,2.228853,2.210341,2.228853,1.286969,19858391
2010-08-04,2.221448,2.221448,2.214043,2.221448,1.282694,5058320
2010-08-05,2.217746,2.221448,2.214043,2.217746,1.280556,9723924
2010-08-06,2.217746,2.225151,2.214043,2.225151,1.284832,7544805
2010-08-09,2.217746,2.225151,2.214043,2.217746,1.280556,15596307
2010-08-10,2.221448,2.225151,2.217746,2.221448,1.282694,10061541
2010-08-11,2.217746,2.221448,2.206639,2.214043,1.278418,12395694
2010-08-12,2.210341,2.221448,2.206639,2.214043,1.278418,12529120
2010-08-13,2.217746,2.221448,2.214043,2.217746,1.280556,6707514
2010-08-16,2.225151,2.225151,2.214043,2.221448,1.282694,14696354
2010-08-17,2.221448,2.232556,2.221448,2.228853,1.286969,6822574
2010-08-18,2.228853,2.232556,2.221448,2.221448,1.282694,4047088
2010-08-19,2.221448,2.228853,2.217746,2.221448,1.282694,13537111
2010-08-20,2.221448,2.232556,2.221448,2.228853,1.286969,3478270
2010-08-23,2.225151,2.228853,2.221448,2.228853,1.286969,4495984
2010-08-24,2.225151,2.228853,2.221448,2.225151,1.284832,11018754
2010-08-25,2.221448,2.225151,2.217746,2.221448,1.282694,10861019
2010-08-26,2.221448,2.228853,2.217746,2.225151,1.284832,2507012
2010-08-27,2.228853,2.258472,2.221448,2.247365,1.297658,17490747
2010-08-30,2.247365,2.258472,2.228853,2.228853,1.286969,20308367
2010-09-01,2.232556,2.247365,2.232556,2.247365,1.297658,13718614
2010-09-02,2.25477,2.265877,2.243663,2.262175,1.30621,15886388
2010-09-03,2.258472,2.262175,2.25477,2.262175,1.30621,13467427
2010-09-06,2.258472,2.262175,2.25477,2.258472,1.304072,10009683
2010-09-07,2.262175,2.262175,2.25477,2.258472,1.304072,8420450
2010-09-08,2.258472,2.26958,2.258472,2.26958,1.310486,15502315
2010-09-09,2.265877,2.276985,2.265877,2.273282,1.312623,8644088
2010-09-13,2.273282,2.284389,2.265877,2.276985,1.314762,15694081
2010-09-14,2.276985,2.351033,2.276985,2.336223,1.348966,45238584
2010-09-15,2.343628,2.373247,2.343628,2.36214,1.363931,53119927
2010-09-17,2.358438,2.365843,2.351033,2.36214,1.363931,25506596
2010-09-20,2.36214,2.36214,2.343628,2.351033,1.357518,8201674
2010-09-21,2.351033,2.354735,2.343628,2.34733,1.35538,8654892
2010-09-22,2.336223,2.358438,2.336223,2.343628,1.353242,18708871
2010-09-23,2.343628,2.343628,2.332521,2.336223,1.348966,8476089
2010-09-24,2.325116,2.328818,2.317711,2.321414,1.340415,12887265
2010-09-27,2.321414,2.332521,2.321414,2.325116,1.342553,20695682
2010-09-28,2.325116,2.325116,2.310306,2.317711,1.338277,14015717
2010-09-29,2.328818,2.328818,2.314009,2.317711,1.338277,12838108
2010-09-30,2.325116,2.336223,2.314009,2.325116,1.342553,7125619
2010-10-01,2.321414,2.343628,2.317711,2.325116,1.342553,11780960
2010-10-04,2.328818,2.343628,2.325116,2.328818,1.344691,17126660
2010-10-05,2.325116,2.328818,2.317711,2.325116,1.342553,17358941
2010-10-06,2.332521,2.343628,2.325116,2.328818,1.344691,14044888
2010-10-07,2.328818,2.328818,2.317711,2.325116,1.342553,9344712
2010-10-08,2.325116,2.332521,2.321414,2.328818,1.344691,18707250
2010-10-11,2.332521,2.343628,2.328818,2.332521,1.346829,19007054
2010-10-12,2.332521,2.332521,2.321414,2.328818,1.344691,9006014
2010-10-13,2.332521,2.332521,2.328818,2.328818,1.344691,14894603
2010-10-14,2.332521,2.339926,2.325116,2.336223,1.348966,7459456
2010-10-15,2.328818,2.332521,2.328818,2.332521,1.346829,11808509
2010-10-18,2.332521,2.336223,2.325116,2.328818,1.344691,31487558
2010-10-19,2.332521,2.343628,2.332521,2.339926,1.351104,16990533
2010-10-20,2.328818,2.343628,2.321414,2.339926,1.351104,23007687
2010-10-21,2.343628,2.343628,2.328818,2.336223,1.348966,19607203
2010-10-22,2.339926,2.339926,2.332521,2.336223,1.348966,18385838
2010-10-25,2.339926,2.351033,2.339926,2.34733,1.35538,17800815
2010-10-26,2.354735,2.36214,2.34733,2.354735,1.359655,10602269
2010-10-27,2.351033,2.388057,2.351033,2.358438,1.361794,16010091
2010-10-28,2.358438,2.384355,2.354735,2.36214,1.363931,24334929
2010-10-29,2.358438,2.36214,2.351033,2.354735,1.359655,13323737
2010-11-01,2.365843,2.369545,2.358438,2.358438,1.361794,4813615
2010-11-02,2.365843,2.369545,2.351033,2.358438,1.361794,2279593
2010-11-03,2.369545,2.369545,2.351033,2.358438,1.361794,2948886
2010-11-04,2.369545,2.37695,2.358438,2.365843,1.366069,4150264
2010-11-08,2.365843,2.380652,2.365843,2.373247,1.370344,8694325
2010-11-09,2.373247,2.37695,2.369545,2.369545,1.368207,4586196
2010-11-10,2.365843,2.373247,2.36214,2.373247,1.370344,8120106
2010-11-11,2.373247,2.373247,2.365843,2.369545,1.368207,9766599
2010-11-12,2.36214,2.365843,2.34733,2.365843,1.366069,15884768
2010-11-15,2.36214,2.365843,2.358438,2.36214,1.363931,6485497
2010-11-16,2.36214,2.373247,2.358438,2.36214,1.363931,4817396
2010-11-18,2.369545,2.373247,2.351033,2.369545,1.368207,15408322
2010-11-19,2.365843,2.373247,2.365843,2.369545,1.368207,11391484
2010-11-22,2.373247,2.37695,2.365843,2.369545,1.368207,3166582
2010-11-23,2.369545,2.373247,2.365843,2.373247,1.370344,17282774
2010-11-24,2.351033,2.373247,2.351033,2.369545,1.368207,12297379
2010-11-25,2.365843,2.373247,2.314009,2.369545,1.368207,2672850
2010-11-26,2.369545,2.373247,2.36214,2.369545,1.368207,6567605
2010-11-29,2.36214,2.37695,2.354735,2.37695,1.372482,10828068
2010-11-30,2.37695,2.37695,2.365843,2.369545,1.368207,8625181
2010-12-01,2.365843,2.380652,2.358438,2.37695,1.372482,4172952
2010-12-02,2.402867,2.402867,2.369545,2.373247,1.370344,6366115
2010-12-03,2.37695,2.384355,2.365843,2.369545,1.368207,10926922
2010-12-06,2.373247,2.373247,2.36214,2.369545,1.368207,8998451
2010-12-08,2.369545,2.37695,2.365843,2.369545,1.368207,9111891
2010-12-09,2.373247,2.380652,2.365843,2.369545,1.368207,16228868
2010-12-10,2.369545,2.37695,2.36214,2.37695,1.372482,6708594
2010-12-13,2.37695,2.380652,2.365843,2.369545,1.368207,14696354
2010-12-14,2.380652,2.380652,2.365843,2.369545,1.368207,2503771
2010-12-15,2.369545,2.369545,2.36214,2.365843,1.366069,4581874
2010-12-16,2.365843,2.369545,2.354735,2.365843,1.366069,11742606
2010-12-17,2.358438,2.37695,2.358438,2.369545,1.368207,10637382
2010-12-20,2.369545,2.373247,2.36214,2.365843,1.366069,3660854
2010-12-21,2.365843,2.406569,2.365843,2.395462,1.383172,6366115
2010-12-22,2.391759,2.395462,2.37695,2.384355,1.376758,5755703
2010-12-23,2.384355,2.384355,2.37695,2.37695,1.372482,4437104
2010-12-24,2.37695,2.380652,2.373247,2.37695,1.372482,7519957
2010-12-27,2.369545,2.373247,2.369545,2.369545,1.368207,2524838
2010-12-28,2.373247,2.406569,2.373247,2.399164,1.385309,9083801
2010-12-29,2.399164,2.406569,2.399164,2.402867,1.387447,13926046
2010-12-30,2.406569,2.410271,2.399164,2.410271,1.391722,15005882
2010-12-31,2.410271,2.410271,2.410271,2.410271,1.391722,0
2011-01-03,2.417676,2.417676,2.410271,2.413974,1.393861,45241825
2011-01-04,2.413974,2.462105,2.413974,2.439891,1.408826,70086151
2011-01-05,2.439891,2.517642,2.428784,2.48432,1.434479,64590819
2011-01-06,2.491725,2.517642,2.488022,2.491725,1.438755,51835360
2011-01-07,2.491725,2.510237,2.46951,2.506534,1.447306,43851921
2011-01-10,2.499129,2.506534,2.476915,2.48432,1.434479,7410839
2011-01-11,2.480617,2.495427,2.480617,2.491725,1.438755,34375403
2011-01-12,2.499129,2.502832,2.488022,2.491725,1.438755,13925506
2011-01-13,2.495427,2.495427,2.491725,2.495427,1.440893,24452690
2011-01-14,2.495427,2.499129,2.48432,2.488022,1.436617,12099130
2011-01-17,2.499129,2.510237,2.491725,2.495427,1.440893,3078531
2011-01-18,2.499129,2.506534,2.495427,2.495427,1.440893,8682981
2011-01-19,2.495427,2.495427,2.48432,2.488022,1.436617,16931652
2011-01-21,2.48432,2.488022,2.46951,2.48432,1.434479,29907508
2011-01-24,2.48432,2.48432,2.462105,2.46951,1.425928,18712112
2011-01-25,2.46951,2.476915,2.465808,2.46951,1.425928,22067760
2011-01-26,2.46951,2.488022,2.4547,2.473213,1.428066,28046560
2011-01-27,2.48432,2.48432,2.473213,2.480617,1.432341,24618527
2011-01-28,2.480617,2.495427,2.46951,2.480617,1.432341,19215567
2011-01-31,2.443593,2.488022,2.443593,2.476915,1.430203,42687276
2011-02-02,2.480617,2.502832,2.480617,2.488022,1.436617,12064018
2011-02-07,2.491725,2.502832,2.488022,2.491725,1.438755,16822534
2011-02-08,2.491725,2.506534,2.491725,2.499129,1.44303,11167846
2011-02-09,2.499129,2.506534,2.488022,2.495427,1.440893,20423968
2011-02-10,2.462105,2.462105,2.406569,2.417676,1.431031,24924814
2011-02-11,2.410271,2.413974,2.37695,2.413974,1.42884,11380140
2011-02-14,2.413974,2.439891,2.395462,2.425081,1.435414,10817804
2011-02-16,2.421379,2.421379,2.402867,2.406569,1.424457,14959426
2011-02-17,2.406569,2.421379,2.406569,2.417676,1.431031,3439917
2011-02-18,2.410271,2.425081,2.410271,2.425081,1.435414,11751789
2011-02-21,2.425081,2.425081,2.402867,2.421379,1.433223,9460312
2011-02-22,2.421379,2.425081,2.399164,2.421379,1.433223,7597744
2011-02-23,2.421379,2.450998,2.406569,2.450998,1.450755,2183439
2011-02-24,2.447296,2.447296,2.406569,2.406569,1.424457,15495292
2011-02-25,2.425081,2.425081,2.402867,2.413974,1.42884,5781091
2011-02-28,2.413974,2.417676,2.399164,2.413974,1.42884,10694101
2011-03-01,2.413974,2.425081,2.406569,2.425081,1.435414,2300660
2011-03-02,2.421379,2.421379,2.410271,2.413974,1.42884,11100323
2011-03-03,2.406569,2.436188,2.406569,2.425081,1.435414,9173472
2011-03-04,2.439891,2.443593,2.425081,2.436188,1.441988,11130033
2011-03-07,2.436188,2.436188,2.421379,2.421379,1.433223,14157247
2011-03-08,2.425081,2.432486,2.421379,2.428784,1.437606,20233281
2011-03-09,2.432486,2.436188,2.425081,2.436188,1.441988,10556353
2011-03-10,2.436188,2.436188,2.425081,2.428784,1.437606,10257629
2011-03-11,2.425081,2.425081,2.402867,2.406569,1.424457,17802435
2011-03-14,2.402867,2.410271,2.388057,2.399164,1.420074,16860888
2011-03-15,2.402867,2.413974,2.399164,2.402867,1.422266,37897429
2011-03-16,2.421379,2.421379,2.402867,2.406569,1.424457,22969333
2011-03-17,2.406569,2.406569,2.399164,2.402867,1.422266,9193459
2011-03-18,2.406569,2.417676,2.406569,2.410271,1.426648,10855077
2011-03-21,2.399164,2.413974,2.399164,2.410271,1.426648,21189954
2011-03-22,2.410271,2.413974,2.406569,2.406569,1.424457,5951791
2011-03-23,2.406569,2.413974,2.402867,2.410271,1.426648,13695386
2011-03-24,2.417676,2.417676,2.410271,2.413974,1.42884,17169875
2011-03-25,2.413974,2.417676,2.410271,2.413974,1.42884,6749108
2011-03-28,2.413974,2.413974,2.406569,2.413974,1.42884,12522638
2011-03-29,2.417676,2.417676,2.410271,2.410271,1.426648,20886909
2011-03-30,2.413974,2.425081,2.413974,2.421379,1.433223,14379804
2011-03-31,2.428784,2.436188,2.421379,2.428784,1.437606,22417802
2011-04-01,2.425081,2.432486,2.421379,2.432486,1.439797,10080448
2011-04-04,2.443593,2.443593,2.425081,2.432486,1.439797,16994314
2011-04-05,2.432486,2.436188,2.425081,2.425081,1.435414,4928675
2011-04-06,2.432486,2.436188,2.410271,2.425081,1.435414,9174552
2011-04-07,2.428784,2.436188,2.428784,2.428784,1.437606,13202194
2011-04-08,2.432486,2.439891,2.428784,2.432486,1.439797,13326437
2011-04-11,2.432486,2.432486,2.417676,2.421379,1.433223,9051390
2011-04-12,2.421379,2.425081,2.417676,2.417676,1.431031,6436340
2011-04-13,2.417676,2.417676,2.399164,2.406569,1.424457,10226299
2011-04-14,2.421379,2.421379,2.410271,2.413974,1.42884,10640623
2011-04-15,2.413974,2.417676,2.410271,2.413974,1.42884,7752237
2011-04-18,2.425081,2.432486,2.417676,2.417676,1.431031,11365555
2011-04-19,2.406569,2.417676,2.406569,2.413974,1.42884,5130165
2011-04-20,2.421379,2.428784,2.410271,2.413974,1.42884,11055487
2011-04-21,2.421379,2.421379,2.406569,2.413974,1.42884,5317070
2011-04-22,2.413974,2.417676,2.410271,2.410271,1.426648,726552
2011-04-25,2.413974,2.425081,2.410271,2.417676,1.431031,3001284
2011-04-26,2.413974,2.421379,2.413974,2.417676,1.431031,5715729
2011-04-27,2.421379,2.428784,2.413974,2.421379,1.433223,10340818
2011-04-28,2.425081,2.425081,2.417676,2.421379,1.433223,4214546
2011-04-29,2.425081,2.425081,2.417676,2.421379,1.433223,8850440
2011-05-03,2.425081,2.425081,2.421379,2.421379,1.433223,6284547
2011-05-04,2.428784,2.428784,2.417676,2.417676,1.431031,9607243
2011-05-05,2.410271,2.425081,2.410271,2.425081,1.435414,10792956
2011-05-06,2.425081,2.425081,2.402867,2.421379,1.433223,10837791
2011-05-09,2.425081,2.432486,2.410271,2.421379,1.433223,6657276
2011-05-10,2.421379,2.425081,2.417676,2.425081,1.435414,6854985
2011-05-11,2.421379,2.443593,2.413974,2.425081,1.435414,10286800
2011-05-12,2.425081,2.425081,2.417676,2.417676,1.431031,8693245
2011-05-13,2.417676,2.428784,2.417676,2.428784,1.437606,9719602
2011-05-16,2.428784,2.432486,2.421379,2.425081,1.435414,5915598
2011-05-18,2.428784,2.432486,2.413974,2.417676,1.431031,5434291
2011-05-19,2.421379,2.425081,2.413974,2.421379,1.433223,12306022
2011-05-20,2.421379,2.425081,2.417676,2.421379,1.433223,5224158
2011-05-23,2.421379,2.421379,2.413974,2.413974,1.42884,6733443
2011-05-24,2.410271,2.417676,2.410271,2.413974,1.42884,5634701
2011-05-25,2.410271,2.436188,2.410271,2.436188,1.441988,9002233
2011-05-26,2.439891,2.443593,2.425081,2.425081,1.435414,4538119
2011-05-27,2.425081,2.432486,2.421379,2.425081,1.435414,4877357
2011-05-30,2.425081,2.428784,2.421379,2.421379,1.433223,2101331
2011-05-31,2.406569,2.4547,2.406569,2.4547,1.452946,19895124
2011-06-01,2.450998,2.450998,2.436188,2.439891,1.44418,5671974
2011-06-02,2.436188,2.436188,2.432486,2.432486,1.439797,6196496
2011-06-03,2.425081,2.436188,2.425081,2.428784,1.437606,6305614
2011-06-06,2.428784,2.436188,2.425081,2.428784,1.437606,5788654
2011-06-07,2.428784,2.450998,2.425081,2.450998,1.450755,6798806
2011-06-08,2.443593,2.443593,2.425081,2.432486,1.439797,8300528
2011-06-09,2.432486,2.436188,2.432486,2.436188,1.441988,7123999
2011-06-10,2.436188,2.447296,2.436188,2.436188,1.441988,6778819
2011-06-13,2.436188,2.447296,2.432486,2.443593,1.446372,5187965
2011-06-14,2.443593,2.447296,2.436188,2.443593,1.446372,8086614
2011-06-15,2.443593,2.443593,2.436188,2.439891,1.44418,3975243
2011-06-16,2.439891,2.447296,2.432486,2.432486,1.439797,13161140
2011-06-17,2.439891,2.450998,2.432486,2.432486,1.439797,11297491
2011-06-20,2.432486,2.439891,2.432486,2.439891,1.44418,19891342
2011-06-21,2.443593,2.447296,2.436188,2.443593,1.446372,22860215
2011-06-22,2.447296,2.4547,2.443593,2.447296,1.448563,15522302
2011-06-23,2.443593,2.450998,2.439891,2.443593,1.446372,10836171
2011-06-24,2.443593,2.447296,2.439891,2.447296,1.448563,6624865
2011-06-27,2.447296,2.450998,2.439891,2.443593,1.446372,2368184
2011-06-28,2.450998,2.450998,2.443593,2.447296,1.448563,11178110
2011-06-29,2.450998,2.4547,2.447296,2.450998,1.450755,11184052
2011-06-30,2.4547,2.473213,2.447296,2.462105,1.457329,20367788
2011-07-01,2.46951,2.46951,2.450998,2.462105,1.457329,7251483
2011-07-04,2.473213,2.473213,2.462105,2.46951,1.461712,10217656
2011-07-05,2.465808,2.465808,2.447296,2.458403,1.455138,7294698
2011-07-06,2.462105,2.476915,2.4547,2.462105,1.457329,14658001
2011-07-07,2.476915,2.476915,2.465808,2.46951,1.461712,6599476
2011-07-08,2.46951,2.473213,2.46951,2.473213,1.463903,6201898
2011-07-11,2.473213,2.473213,2.462105,2.46951,1.461712,5408362
2011-07-12,2.46951,2.480617,2.4547,2.462105,1.457329,9901105
2011-07-13,2.462105,2.473213,2.462105,2.465808,1.459521,3565780
2011-07-14,2.473213,2.48432,2.46951,2.480617,1.468286,22334072
2011-07-15,2.480617,2.480617,2.473213,2.476915,1.466095,18939531
2011-07-18,2.473213,2.473213,2.465808,2.46951,1.461712,11783120
2011-07-19,2.46951,2.46951,2.458403,2.462105,1.457329,7104012
2011-07-20,2.462105,2.480617,2.458403,2.476915,1.466095,19610985
2011-07-21,2.480617,2.480617,2.46951,2.473213,1.463903,10033992
2011-07-22,2.476915,2.48432,2.476915,2.48432,1.470478,12756539
2011-07-25,2.488022,2.491725,2.465808,2.473213,1.463903,5827548
2011-07-26,2.473213,2.499129,2.473213,2.495427,1.477052,10471544
2011-07-27,2.495427,2.499129,2.48432,2.491725,1.474861,6766935
2011-07-28,2.495427,2.495427,2.473213,2.48432,1.470478,6315337
2011-07-29,2.488022,2.488022,2.473213,2.488022,1.472669,10365127
2011-08-01,2.488022,2.491725,2.476915,2.491725,1.474861,8292425
2011-08-02,2.491725,2.491725,2.480617,2.48432,1.470478,8153597
2011-08-03,2.473213,2.488022,2.473213,2.480617,1.468286,12709543
2011-08-04,2.488022,2.491725,2.48432,2.488022,1.472669,14988596
2011-08-05,2.436188,2.436188,2.406569,2.432486,1.461546,42665128
2011-08-08,2.406569,2.413974,2.36214,2.410271,1.448199,40676696
2011-08-09,2.365843,2.402867,2.317711,2.373247,1.425953,44788067
2011-08-10,2.406569,2.410271,2.373247,2.395462,1.439301,15274355
2011-08-11,2.369545,2.391759,2.354735,2.373247,1.425953,25215435
2011-08-12,2.388057,2.391759,2.380652,2.391759,1.437075,16086258
2011-08-15,2.391759,2.395462,2.384355,2.391759,1.437075,11451445
2011-08-16,2.402867,2.406569,2.391759,2.395462,1.439301,14670425
2011-08-17,2.399164,2.406569,2.399164,2.402867,1.44375,17147187
2011-08-18,2.406569,2.410271,2.406569,2.410271,1.448199,9236674
2011-08-19,2.395462,2.402867,2.388057,2.399164,1.441525,16523270
2011-08-22,2.388057,2.391759,2.37695,2.388057,1.434851,12607447
2011-08-23,2.388057,2.417676,2.380652,2.410271,1.448199,20948490
2011-08-24,2.406569,2.425081,2.406569,2.417676,1.452648,21236951
2011-08-25,2.425081,2.425081,2.402867,2.421379,1.454873,19382485
2011-08-26,2.421379,2.421379,2.399164,2.406569,1.445974,11588112
2011-08-29,2.421379,2.421379,2.406569,2.417676,1.452648,4387947
2011-09-02,2.458403,2.458403,2.421379,2.428784,1.459322,16093821
2011-09-05,2.428784,2.428784,2.413974,2.413974,1.450423,14411675
2011-09-06,2.410271,2.410271,2.373247,2.406569,1.445974,19970750
2011-09-07,2.406569,2.406569,2.399164,2.406569,1.445974,7259586
2011-09-08,2.406569,2.410271,2.406569,2.406569,1.445974,5049677
2011-09-09,2.425081,2.425081,2.402867,2.406569,1.445974,3860723
2011-09-12,2.395462,2.399164,2.380652,2.384355,1.432627,13876889
2011-09-13,2.384355,2.388057,2.380652,2.384355,1.432627,4008735
2011-09-14,2.388057,2.388057,2.37695,2.37695,1.428178,6010131
2011-09-15,2.37695,2.380652,2.373247,2.373247,1.425953,9748772
2011-09-20,2.365843,2.365843,2.328818,2.332521,1.401483,33726097
2011-09-21,2.332521,2.339926,2.325116,2.339926,1.405932,6609200
2011-09-22,2.339926,2.339926,2.325116,2.332521,1.401483,17529640
2011-09-23,2.321414,2.321414,2.273282,2.302901,1.383686,14869755
2011-09-26,2.291794,2.291794,2.16221,2.188127,1.314724,36746828
2011-09-27,2.202936,2.258472,2.188127,2.258472,1.356991,20352663
2011-09-28,2.262175,2.265877,2.202936,2.228853,1.339194,19237715
2011-09-29,2.217746,2.25477,2.206639,2.25477,1.354767,8962799
2011-09-30,2.251068,2.265877,2.247365,2.258472,1.356991,11475213
2011-10-03,2.273282,2.273282,2.232556,2.251068,1.352543,4259382
2011-10-04,2.243663,2.262175,2.232556,2.262175,1.359216,6957081
2011-10-05,2.258472,2.280687,2.25477,2.280687,1.370339,7610708
2011-10-06,2.288092,2.291794,2.276985,2.280687,1.370339,11470351
2011-10-07,2.280687,2.284389,2.258472,2.280687,1.370339,11888457
2011-10-10,2.288092,2.288092,2.273282,2.280687,1.370339,8476089
2011-10-11,2.291794,2.295497,2.280687,2.284389,1.372563,6991113
2011-10-12,2.284389,2.310306,2.284389,2.302901,1.383686,14485141
2011-10-13,2.310306,2.310306,2.302901,2.310306,1.388135,15716229
2011-10-14,2.310306,2.314009,2.295497,2.314009,1.39036,7053774
2011-10-17,2.325116,2.328818,2.310306,2.314009,1.39036,9837903
2011-10-18,2.310306,2.317711,2.306604,2.310306,1.388135,10053438
2011-10-19,2.317711,2.317711,2.310306,2.314009,1.39036,11218084
2011-10-20,2.317711,2.321414,2.310306,2.314009,1.39036,8877989
2011-10-21,2.310306,2.317711,2.310306,2.314009,1.39036,5281958
2011-10-24,2.325116,2.328818,2.314009,2.314009,1.39036,18151937
2011-10-25,2.314009,2.317711,2.306604,2.310306,1.388135,20601149
2011-10-27,2.325116,2.336223,2.310306,2.336223,1.403707,23761789
2011-10-28,2.354735,2.354735,2.336223,2.336223,1.403707,22997963
2011-10-31,2.36214,2.369545,2.339926,2.354735,1.41483,16981890
2011-11-01,2.34733,2.365843,2.34733,2.36214,1.419279,14132938
2011-11-02,2.343628,2.354735,2.339926,2.351033,1.412606,15680037
2011-11-03,2.365843,2.365843,2.339926,2.343628,1.408157,5886428
2011-11-04,2.351033,2.354735,2.343628,2.343628,1.408157,8850980
2011-11-08,2.354735,2.36214,2.339926,2.343628,1.408157,10094493
2011-11-09,2.34733,2.351033,2.343628,2.343628,1.408157,6690768
2011-11-10,2.310306,2.343628,2.310306,2.332521,1.401483,6132214
2011-11-11,2.328818,2.336223,2.328818,2.328818,1.399258,3095817
2011-11-14,2.328818,2.339926,2.325116,2.332521,1.401483,12588541
2011-11-15,2.332521,2.332521,2.325116,2.328818,1.399258,7127780
2011-11-16,2.328818,2.336223,2.317711,2.332521,1.401483,9420338
2011-11-17,2.317711,2.351033,2.317711,2.34733,1.410381,7525899
2011-11-18,2.328818,2.332521,2.314009,2.321414,1.394809,3468006
2011-11-21,2.310306,2.317711,2.299199,2.306604,1.385911,16224546
2011-11-22,2.295497,2.302901,2.291794,2.299199,1.381461,7780327
2011-11-23,2.299199,2.299199,2.276985,2.288092,1.374788,16407130
2011-11-24,2.288092,2.302901,2.280687,2.295497,1.379237,13350746
2011-11-25,2.306604,2.306604,2.280687,2.295497,1.379237,10008063
2011-11-29,2.306604,2.321414,2.302901,2.317711,1.392584,13780195
2011-11-30,2.317711,2.321414,2.314009,2.321414,1.394809,6759372
2011-12-01,2.369545,2.37695,2.351033,2.358438,1.417055,15340258
2011-12-02,2.358438,2.365843,2.339926,2.34733,1.410381,11725320
2011-12-05,2.34733,2.351033,2.343628,2.343628,1.408157,7089967
2011-12-06,2.343628,2.354735,2.339926,2.354735,1.41483,12330331
2011-12-07,2.354735,2.354735,2.343628,2.343628,1.408157,4096245
2011-12-08,2.339926,2.343628,2.339926,2.339926,1.405932,3402104
2011-12-09,2.325116,2.343628,2.325116,2.336223,1.403707,4657500
2011-12-12,2.339926,2.354735,2.339926,2.34733,1.410381,9882739
2011-12-13,2.34733,2.351033,2.328818,2.34733,1.410381,9229652
2011-12-14,2.351033,2.369545,2.34733,2.365843,1.421504,7081324
2011-12-15,2.343628,2.369545,2.328818,2.369545,1.423728,4692072
2011-12-16,2.369545,2.413974,2.365843,2.410271,1.448199,4803891
2011-12-19,2.402867,2.413974,2.395462,2.410271,1.448199,5176621
2011-12-20,2.410271,2.413974,2.373247,2.406569,1.445974,2443810
2011-12-21,2.410271,2.443593,2.395462,2.443593,1.46822,9546202
2011-12-22,2.436188,2.4547,2.428784,2.4547,1.474893,3770512
2011-12-23,2.450998,2.450998,2.421379,2.439891,1.465996,6259158
2011-12-27,2.443593,2.443593,2.421379,2.428784,1.459322,1797745
2011-12-28,2.417676,2.432486,2.413974,2.428784,1.459322,4803351
2011-12-29,2.428784,2.443593,2.417676,2.439891,1.465996,5395397
2011-12-30,2.436188,2.476915,2.421379,2.476915,1.488241,18130870
2012-01-03,2.462105,2.462105,2.432486,2.436188,1.46377,12614470
2012-01-04,2.436188,2.447296,2.428784,2.432486,1.461546,10355944
2012-01-05,2.432486,2.4547,2.432486,2.436188,1.46377,6678344
2012-01-06,2.436188,2.439891,2.428784,2.436188,1.46377,7495108
2012-01-09,2.432486,2.443593,2.428784,2.439891,1.465996,5169599
2012-01-10,2.439891,2.447296,2.436188,2.443593,1.46822,11676703
2012-01-11,2.447296,2.447296,2.432486,2.443593,1.46822,7635557
2012-01-12,2.439891,2.443593,2.432486,2.439891,1.465996,18059565
2012-01-13,2.432486,2.439891,2.432486,2.436188,1.46377,20237063
2012-01-16,2.436188,2.436188,2.428784,2.432486,1.461546,23877389
2012-01-17,2.432486,2.447296,2.432486,2.439891,1.465996,15484489
2012-01-18,2.447296,2.450998,2.432486,2.450998,1.472669,20651387
2012-01-19,2.450998,2.4547,2.447296,2.4547,1.474893,17416741
2012-01-20,2.4547,2.465808,2.4547,2.462105,1.479343,15774029
2012-01-25,2.473213,2.48432,2.462105,2.465808,1.481568,12138564
2012-01-26,2.48432,2.48432,2.476915,2.480617,1.490466,13034736
2012-01-27,2.480617,2.499129,2.465808,2.488022,1.494915,6698331
2012-01-30,2.488022,2.510237,2.48432,2.502832,1.503813,24794629
2012-01-31,2.517642,2.521344,2.499129,2.506534,1.506038,19643936
2012-02-02,2.510237,2.554666,2.510237,2.543558,1.528283,26440041
2012-02-03,2.550963,2.56207,2.543558,2.547261,1.530508,30020948
2012-02-08,2.56207,2.599095,2.558368,2.584285,1.552754,30126284
2012-02-09,2.584285,2.584285,2.57688,2.584285,1.552754,12381649
2012-02-10,2.587987,2.59169,2.584285,2.59169,1.557203,12511834
2012-02-13,2.587987,2.595392,2.580583,2.580583,1.55053,32070961
2012-02-14,2.59169,2.59169,2.584285,2.587987,1.554978,28362030
2012-02-15,2.558368,2.56207,2.532451,2.547261,1.561789,19228532
2012-02-16,2.547261,2.547261,2.525046,2.525046,1.548168,18281582
2012-02-17,2.528749,2.539856,2.525046,2.536154,1.554978,22176337
2012-02-20,2.536154,2.547261,2.528749,2.536154,1.554978,15038293
2012-02-21,2.532451,2.539856,2.528749,2.536154,1.554978,4354995
2012-02-22,2.539856,2.539856,2.528749,2.532451,1.552708,14265824
2012-02-23,2.521344,2.539856,2.521344,2.532451,1.552708,18941152
2012-02-24,2.532451,2.536154,2.525046,2.528749,1.550439,3567401
2012-02-27,2.543558,2.543558,2.521344,2.521344,1.545899,7086186
2012-02-28,2.532451,2.539856,2.517642,2.521344,1.545899,12393533
2012-02-29,2.525046,2.539856,2.521344,2.528749,1.550439,20438553
2012-03-01,2.528749,2.536154,2.528749,2.532451,1.552708,22738673
2012-03-02,2.536154,2.539856,2.532451,2.536154,1.554978,12133702
2012-03-05,2.536154,2.569475,2.536154,2.547261,1.561789,22760821
2012-03-06,2.547261,2.554666,2.547261,2.550963,1.564058,28853061
2012-03-07,2.550963,2.550963,2.536154,2.543558,1.559518,30803680
2012-03-08,2.543558,2.550963,2.539856,2.543558,1.559518,26490819
2012-03-09,2.543558,2.547261,2.539856,2.543558,1.559518,7220152
2012-03-12,2.547261,2.547261,2.536154,2.543558,1.559518,6927911
2012-03-13,2.543558,2.550963,2.525046,2.528749,1.550439,17403236
2012-03-14,2.547261,2.547261,2.532451,2.536154,1.554978,19244197
2012-03-15,2.536154,2.547261,2.528749,2.528749,1.550439,16428737
2012-03-16,2.528749,2.539856,2.517642,2.517642,1.543629,6341807
2012-03-19,2.532451,2.532451,2.517642,2.525046,1.548168,11100323
2012-03-20,2.528749,2.528749,2.513939,2.521344,1.545899,21710155
2012-03-21,2.525046,2.536154,2.521344,2.525046,1.548168,16333664
2012-03-22,2.510237,2.536154,2.510237,2.528749,1.550439,19383566
2012-03-23,2.528749,2.536154,2.525046,2.528749,1.550439,12638238
2012-03-26,2.536154,2.543558,2.528749,2.528749,1.550439,16314217
2012-03-27,2.536154,2.536154,2.525046,2.532451,1.552708,15921501
2012-03-28,2.536154,2.539856,2.532451,2.532451,1.552708,8347525
2012-03-29,2.539856,2.539856,2.528749,2.532451,1.552708,27098531
2012-03-30,2.532451,2.543558,2.525046,2.525046,1.548168,27566874
2012-04-02,2.525046,2.543558,2.525046,2.539856,1.557249,10384033
2012-04-03,2.543558,2.565773,2.543558,2.554666,1.566329,19915110
2012-04-04,2.554666,2.558368,2.543558,2.550963,1.564058,8138472
2012-04-05,2.550963,2.550963,2.532451,2.539856,1.557249,25156555
2012-04-06,2.539856,2.554666,2.536154,2.554666,1.566329,3671657
2012-04-09,2.554666,2.554666,2.521344,2.532451,1.552708,20672454
2012-04-10,2.521344,2.550963,2.521344,2.539856,1.557249,11982990
2012-04-12,2.539856,2.543558,2.528749,2.539856,1.557249,13924426
2012-04-13,2.539856,2.550963,2.536154,2.543558,1.559518,17250363
2012-04-16,2.539856,2.558368,2.528749,2.550963,1.564058,22223874
2012-04-17,2.554666,2.554666,2.543558,2.554666,1.566329,15797257
2012-04-18,2.554666,2.554666,2.547261,2.550963,1.564058,17121798
2012-04-19,2.550963,2.554666,2.543558,2.543558,1.559518,16286668
2012-04-20,2.543558,2.547261,2.536154,2.543558,1.559518,12786790
2012-04-23,2.547261,2.547261,2.517642,2.532451,1.552708,13582487
2012-04-24,2.528749,2.536154,2.528749,2.536154,1.554978,21811170
2012-04-25,2.536154,2.543558,2.532451,2.539856,1.557249,17936402
2012-04-26,2.543558,2.547261,2.528749,2.528749,1.550439,14529976
2012-04-27,2.517642,2.532451,2.513939,2.532451,1.552708,18475509
2012-04-30,2.532451,2.539856,2.517642,2.536154,1.554978,13441498
2012-05-02,2.539856,2.554666,2.536154,2.554666,1.566329,19483500
2012-05-03,2.543558,2.547261,2.536154,2.539856,1.557249,8941731
2012-05-04,2.539856,2.543558,2.532451,2.539856,1.557249,4646697
2012-05-07,2.532451,2.539856,2.532451,2.536154,1.554978,13647849
2012-05-08,2.539856,2.539856,2.532451,2.536154,1.554978,16673982
2012-05-09,2.536154,2.539856,2.536154,2.539856,1.557249,8893655
2012-05-10,2.539856,2.543558,2.536154,2.539856,1.557249,10400779
2012-05-11,2.539856,2.543558,2.539856,2.539856,1.557249,18450121
2012-05-14,2.539856,2.543558,2.539856,2.539856,1.557249,11730182
2012-05-15,2.536154,2.536154,2.521344,2.532451,1.552708,13108742
2012-05-16,2.532451,2.536154,2.506534,2.517642,1.543629,22592822
2012-05-17,2.517642,2.525046,2.510237,2.521344,1.545899,13027713
2012-05-18,2.521344,2.521344,2.502832,2.521344,1.545899,19211246
2012-05-21,2.513939,2.528749,2.513939,2.521344,1.545899,12034848
2012-05-22,2.528749,2.528749,2.513939,2.517642,1.543629,10380252
2012-05-23,2.517642,2.521344,2.499129,2.517642,1.543629,15741618
2012-05-24,2.521344,2.528749,2.517642,2.517642,1.543629,10399159
2012-05-25,2.521344,2.525046,2.517642,2.521344,1.545899,2140224
2012-05-28,2.521344,2.528749,2.521344,2.528749,1.550439,7191522
2012-05-29,2.517642,2.547261,2.517642,2.543558,1.559518,2299580
2012-05-30,2.536154,2.536154,2.528749,2.536154,1.554978,14783865
2012-05-31,2.536154,2.547261,2.517642,2.547261,1.561789,5835110
2012-06-01,2.539856,2.547261,2.532451,2.536154,1.554978,9603462
2012-06-04,2.528749,2.536154,2.521344,2.525046,1.548168,10921520
2012-06-05,2.525046,2.536154,2.521344,2.536154,1.554978,5952871
2012-06-06,2.536154,2.536154,2.521344,2.532451,1.552708,11771236
2012-06-07,2.539856,2.543558,2.532451,2.536154,1.554978,8607355
2012-06-08,2.539856,2.543558,2.525046,2.532451,1.552708,7592342
2012-06-11,2.536154,2.539856,2.532451,2.536154,1.554978,15057200
2012-06-12,2.521344,2.543558,2.521344,2.543558,1.559518,11607019
2012-06-13,2.536154,2.536154,2.525046,2.528749,1.550439,25336437
2012-06-14,2.528749,2.543558,2.525046,2.536154,1.554978,16560003
2012-06-15,2.539856,2.539856,2.517642,2.528749,1.550439,57566214
2012-06-18,2.539856,2.539856,2.528749,2.536154,1.554978,11716677
2012-06-19,2.543558,2.56207,2.536154,2.558368,1.568599,15047476
2012-06-20,2.558368,2.56207,2.547261,2.56207,1.570868,16060869
2012-06-21,2.56207,2.565773,2.550963,2.550963,1.564058,11352050
2012-06-22,2.550963,2.580583,2.547261,2.547261,1.561789,14556986
2012-06-25,2.554666,2.580583,2.554666,2.554666,1.566329,14458131
2012-06-26,2.554666,2.554666,2.539856,2.539856,1.557249,35500074
2012-06-27,2.547261,2.57688,2.547261,2.573178,1.577679,21811711
2012-06-28,2.565773,2.565773,2.539856,2.547261,1.561789,9818997
2012-06-29,2.56207,2.565773,2.547261,2.547261,1.561789,9266925
2012-07-02,2.547261,2.565773,2.547261,2.550963,1.564058,11171628
2012-07-03,2.554666,2.569475,2.554666,2.56207,1.570868,20383994
2012-07-04,2.569475,2.573178,2.550963,2.573178,1.577679,5379192
2012-07-05,2.57688,2.580583,2.56207,2.573178,1.577679,15062602
2012-07-06,2.558368,2.59169,2.558368,2.587987,1.586759,14088103
2012-07-09,2.587987,2.59169,2.584285,2.584285,1.584489,7173156
2012-07-10,2.584285,2.59169,2.584285,2.59169,1.589029,7068359
2012-07-11,2.59169,2.602797,2.587987,2.602797,1.595839,7961830
2012-07-12,2.606499,2.613904,2.602797,2.610202,1.600379,16839280
2012-07-13,2.613904,2.613904,2.602797,2.610202,1.600379,9786585
2012-07-16,2.610202,2.621309,2.606499,2.613904,1.60265,14850848
2012-07-17,2.610202,2.621309,2.606499,2.613904,1.60265,14247998
2012-07-18,2.621309,2.647226,2.621309,2.636119,1.61627,15118241
2012-07-19,2.643524,2.662036,2.636119,2.650928,1.625349,18697527
2012-07-20,2.662036,2.676845,2.643524,2.650928,1.625349,21500022
2012-07-23,2.658333,2.662036,2.647226,2.654631,1.62762,12751137
2012-07-24,2.658333,2.658333,2.639821,2.654631,1.62762,20004782
2012-07-25,2.628714,2.658333,2.628714,2.658333,1.629889,19041086
2012-07-26,2.662036,2.669441,2.647226,2.658333,1.629889,22405917
2012-07-27,2.662036,2.665738,2.650928,2.658333,1.629889,13681341
2012-07-30,2.662036,2.665738,2.654631,2.662036,1.63216,6718318
2012-07-31,2.658333,2.669441,2.658333,2.658333,1.629889,23629983
2012-08-01,2.654631,2.669441,2.654631,2.658333,1.629889,15288940
2012-08-02,2.665738,2.665738,2.658333,2.658333,1.629889,33491115
2012-08-03,2.636119,2.665738,2.625012,2.662036,1.655213,25214355
2012-08-06,2.662036,2.665738,2.658333,2.662036,1.655213,22576617
2012-08-07,2.665738,2.669441,2.654631,2.662036,1.655213,21783081
2012-08-08,2.662036,2.669441,2.658333,2.665738,1.657515,21294751
2012-08-09,2.665738,2.676845,2.662036,2.673143,1.66212,20862060
2012-08-10,2.673143,2.676845,2.669441,2.673143,1.66212,18963299
2012-08-13,2.673143,2.676845,2.669441,2.673143,1.66212,10312188
2012-08-14,2.669441,2.673143,2.669441,2.673143,1.66212,12928859
2012-08-15,2.625012,2.676845,2.625012,2.669441,1.659818,2344956
2012-08-16,2.662036,2.669441,2.658333,2.662036,1.655213,6773957
2012-08-17,2.665738,2.665738,2.658333,2.662036,1.655213,5918299
2012-08-22,2.658333,2.665738,2.654631,2.665738,1.657515,10983102
2012-08-23,2.665738,2.673143,2.662036,2.662036,1.655213,5528824
2012-08-24,2.658333,2.662036,2.658333,2.658333,1.652911,4116772
2012-08-27,2.658333,2.662036,2.654631,2.654631,1.650609,1988972
2012-08-28,2.650928,2.658333,2.650928,2.654631,1.650609,2773325
2012-08-29,2.647226,2.658333,2.647226,2.654631,1.650609,13856902
2012-08-30,2.654631,2.654631,2.647226,2.650928,1.648306,9716901
2012-09-03,2.654631,2.658333,2.647226,2.654631,1.650609,20864221
2012-09-04,2.650928,2.658333,2.650928,2.654631,1.650609,19065935
2012-09-05,2.654631,2.658333,2.647226,2.650928,1.648306,15592526
2012-09-06,2.639821,2.647226,2.621309,2.632416,1.636796,26542677
2012-09-07,2.621309,2.632416,2.621309,2.628714,1.634494,7392472
2012-09-10,2.625012,2.636119,2.617607,2.632416,1.636796,9864373
2012-09-11,2.621309,2.632416,2.621309,2.628714,1.634494,8624641
2012-09-12,2.613904,2.636119,2.610202,2.632416,1.636796,8653811
2012-09-13,2.632416,2.643524,2.632416,2.636119,1.639098,6902522
2012-09-14,2.636119,2.647226,2.636119,2.643524,1.643703,35119782
2012-09-18,2.643524,2.654631,2.639821,2.647226,1.646005,11477374
2012-09-19,2.639821,2.662036,2.639821,2.662036,1.655213,8070408
2012-09-20,2.662036,2.665738,2.650928,2.654631,1.650609,11930592
2012-09-21,2.654631,2.658333,2.650928,2.654631,1.650609,10582282
2012-09-24,2.643524,2.643524,2.625012,2.636119,1.639098,6207300
2012-09-25,2.625012,2.658333,2.610202,2.639821,1.6414,14308499
2012-09-26,2.625012,2.647226,2.625012,2.643524,1.643703,3798602
2012-09-27,2.650928,2.662036,2.647226,2.658333,1.652911,11177029
2012-09-28,2.662036,2.665738,2.654631,2.662036,1.655213,5992845
2012-10-01,2.665738,2.669441,2.658333,2.662036,1.655213,5504515
2012-10-02,2.673143,2.673143,2.665738,2.669441,1.659818,12635537
2012-10-03,2.673143,2.676845,2.662036,2.665738,1.657515,15295963
2012-10-04,2.665738,2.673143,2.658333,2.669441,1.659818,11737204
2012-10-05,2.673143,2.673143,2.669441,2.673143,1.66212,5930183
2012-10-08,2.673143,2.691655,2.665738,2.68425,1.669026,6544377
2012-10-09,2.680548,2.69906,2.676845,2.695357,1.675932,6362334
2012-10-10,2.695357,2.710167,2.695357,2.702762,1.680536,8984947
2012-10-11,2.702762,2.702762,2.691655,2.695357,1.675932,5869682
2012-10-12,2.687953,2.702762,2.687953,2.691655,1.67363,8799122
2012-10-15,2.69906,2.69906,2.687953,2.691655,1.67363,8450701
2012-10-16,2.691655,2.695357,2.687953,2.691655,1.67363,5500734
2012-10-17,2.691655,2.717572,2.691655,2.717572,1.689745,13706730
2012-10-18,2.717572,2.724977,2.717572,2.724977,1.694349,16813351
2012-10-19,2.724977,2.773108,2.724977,2.754596,1.712766,13920104
2012-10-22,2.754596,2.776811,2.750894,2.765703,1.719671,6980849
2012-10-23,2.750894,2.776811,2.750894,2.773108,1.724276,12416221
2012-10-24,2.773108,2.787918,2.773108,2.780513,1.728881,14767119
2012-10-25,2.780513,2.854561,2.780513,2.854561,1.774922,8483652
2012-10-29,2.858264,2.917502,2.858264,2.9138,1.811756,20824787
2012-10-30,2.9138,2.965634,2.910097,2.939717,1.827871,23139493
2012-10-31,2.92861,2.961931,2.924907,2.943419,1.830173,17728429
2012-11-01,2.943419,2.954526,2.936014,2.950824,1.834777,5754082
2012-11-02,2.943419,2.947122,2.924907,2.924907,1.818662,13197333
2012-11-05,2.932312,2.932312,2.876776,2.876776,1.788735,19868654
2012-11-06,2.876776,2.884181,2.828644,2.836049,1.763412,16159183
2012-11-07,2.847156,2.884181,2.847156,2.869371,1.784131,21887337
2012-11-08,2.865668,2.876776,2.861966,2.873073,1.786433,10193887
2012-11-09,2.858264,2.880478,2.780513,2.873073,1.786433,11712896
2012-11-12,2.854561,2.869371,2.854561,2.865668,1.781829,11392564
2012-11-14,2.865668,2.869371,2.850859,2.861966,1.779527,25762105
2012-11-16,2.843454,2.861966,2.843454,2.858264,1.777225,20569278
2012-11-19,2.850859,2.850859,2.847156,2.847156,1.770318,19060533
2012-11-20,2.850859,2.858264,2.850859,2.850859,1.77262,24486181
2012-11-21,2.858264,2.858264,2.839752,2.847156,1.770318,35816084
2012-11-22,2.850859,2.854561,2.843454,2.843454,1.768016,24005414
2012-11-23,2.843454,2.850859,2.843454,2.850859,1.77262,13434475
2012-11-26,2.839752,2.858264,2.839752,2.858264,1.777225,10347841
2012-11-27,2.847156,2.854561,2.843454,2.847156,1.770318,10015625
2012-11-28,2.850859,2.858264,2.847156,2.858264,1.777225,10483968
2012-11-29,2.858264,2.869371,2.858264,2.865668,1.781829,18654852
2012-11-30,2.861966,2.880478,2.861966,2.873073,1.786433,14052990
2012-12-03,2.884181,2.887883,2.869371,2.880478,1.791037,4803891
2012-12-04,2.873073,2.880478,2.854561,2.880478,1.791037,8821270
2012-12-05,2.880478,2.887883,2.880478,2.880478,1.791037,10987423
2012-12-06,2.884181,2.895288,2.884181,2.887883,1.795641,15844794
2012-12-07,2.884181,2.89899,2.884181,2.895288,1.800245,4710979
2012-12-10,2.895288,2.924907,2.895288,2.921205,1.81636,14738489
2012-12-11,2.924907,2.932312,2.924907,2.924907,1.818662,16600517
2012-12-12,2.92861,2.943419,2.92861,2.943419,1.830173,18444179
2012-12-13,2.943419,2.947122,2.936014,2.947122,1.832475,20988464
2012-12-14,2.947122,2.954526,2.936014,2.950824,1.834777,20918240
2012-12-17,2.947122,2.961931,2.939717,2.958229,1.839381,15273815
2012-12-18,2.961931,2.961931,2.954526,2.961931,1.841683,6737764
2012-12-19,2.961931,2.965634,2.958229,2.961931,1.841683,12003517
2012-12-20,2.958229,2.973039,2.958229,2.969336,1.846287,5898312
2012-12-21,2.973039,2.980443,2.965634,2.965634,1.843986,3832093
2012-12-24,2.976741,2.998955,2.965634,2.995253,1.862403,6487657
2012-12-26,2.995253,3.017467,2.965634,3.017467,1.876215,5360285
2012-12-27,3.017467,3.039682,3.00636,3.013765,1.873913,5786493
2012-12-28,3.013765,3.02117,3.00636,3.017467,1.876215,7037029
2012-12-31,3.002658,3.017467,2.976741,3.013765,1.873913,4186457
2013-01-02,3.013765,3.013765,2.976741,2.991551,1.860101,10837251
2013-01-03,2.991551,3.00636,2.991551,2.998955,1.864704,14747672
2013-01-04,2.998955,2.998955,2.984146,2.987848,1.857798,22818081
2013-01-07,2.987848,2.998955,2.984146,2.995253,1.862403,11995414
2013-01-08,2.991551,3.002658,2.980443,2.995253,1.862403,25208953
2013-01-09,2.998955,2.998955,2.991551,2.991551,1.860101,10948530
2013-01-10,2.995253,2.998955,2.995253,2.995253,1.862403,3148215
2013-01-11,2.998955,3.010063,2.995253,2.998955,1.864704,4721783
2013-01-14,2.998955,3.00636,2.991551,3.002658,1.867007,13574924
2013-01-15,2.995253,3.010063,2.995253,3.00636,1.869309,10476946
2013-01-16,3.00636,3.013765,2.995253,2.998955,1.864704,24015137
2013-01-17,2.998955,3.013765,2.995253,2.995253,1.862403,11285067
2013-01-18,2.995253,3.010063,2.984146,2.987848,1.857798,26065691
2013-01-21,2.987848,2.987848,2.902693,2.924907,1.818662,50623178
2013-01-22,2.891585,2.906395,2.850859,2.887883,1.795641,55394658
2013-01-23,2.873073,2.921205,2.873073,2.906395,1.807151,30387735
2013-01-25,2.906395,2.906395,2.876776,2.902693,1.80485,21022496
2013-01-29,2.902693,2.902693,2.891585,2.895288,1.800245,18832574
2013-01-30,2.89899,2.906395,2.858264,2.873073,1.786433,43244210
2013-01-31,2.854561,2.876776,2.850859,2.873073,1.786433,28537591
2013-02-04,2.876776,2.891585,2.873073,2.887883,1.795641,11656176
2013-02-05,2.887883,2.902693,2.887883,2.902693,1.80485,14571571
2013-02-06,2.89899,2.9138,2.884181,2.910097,1.809454,36113728
2013-02-07,2.887883,2.939717,2.884181,2.92861,1.820965,22638738
2013-02-08,2.939717,2.939717,2.902693,2.936014,1.825569,10859399
2013-02-13,2.936014,2.961931,2.936014,2.958229,1.839381,4612125
2013-02-14,2.958229,2.965634,2.954526,2.961931,1.841683,26608040
2013-02-15,2.961931,2.969336,2.943419,2.965634,1.843986,14907568
2013-02-18,2.969336,2.969336,2.943419,2.954526,1.837079,14182635
2013-02-19,2.961931,2.961931,2.932312,2.943419,1.830173,17334632
2013-02-20,2.958229,2.958229,2.9138,2.943419,1.830173,34431042
2013-02-21,2.887883,2.910097,2.854561,2.906395,1.841904,21844662
2013-02-22,2.902693,2.917502,2.884181,2.9138,1.846597,9026001
2013-02-25,2.906395,2.92861,2.895288,2.92861,1.855983,11290469
2013-02-26,2.92861,2.947122,2.92861,2.947122,1.867715,6329382
2013-02-27,2.947122,2.961931,2.947122,2.958229,1.874754,24094545
2013-02-28,2.958229,2.998955,2.954526,2.984146,1.891179,20756723
2013-03-01,2.984146,2.991551,2.976741,2.980443,1.888832,5235502
2013-03-04,2.973039,2.984146,2.965634,2.980443,1.888832,18170303
2013-03-05,2.976741,2.987848,2.973039,2.984146,1.891179,14025441
2013-03-06,2.954526,2.995253,2.954526,2.995253,1.898218,6768015
2013-03-07,2.995253,2.995253,2.984146,2.987848,1.893525,9982674
2013-03-08,2.991551,2.998955,2.984146,2.987848,1.893525,8894735
2013-03-11,2.980443,2.987848,2.980443,2.987848,1.893525,11408770
2013-03-12,2.987848,2.998955,2.984146,2.987848,1.893525,4531096
2013-03-13,2.995253,2.995253,2.980443,2.987848,1.893525,8623021
2013-03-14,2.984146,2.984146,2.965634,2.980443,1.888832,6090619
2013-03-15,2.969336,2.984146,2.961931,2.961931,1.8771,8754286
2013-03-18,2.958229,2.958229,2.92861,2.947122,1.867715,17238479
2013-03-19,2.939717,2.950824,2.932312,2.947122,1.867715,3047740
2013-03-20,2.92861,2.954526,2.924907,2.950824,1.870061,12437828
2013-03-21,2.947122,2.954526,2.943419,2.950824,1.870061,10246285
2013-03-22,2.950824,2.961931,2.943419,2.950824,1.870061,2858134
2013-03-25,2.954526,2.980443,2.947122,2.965634,1.879447,9330127
2013-03-26,2.969336,2.995253,2.965634,2.980443,1.888832,12264428
2013-03-27,2.980443,3.017467,2.980443,3.002658,1.90291,16883575
2013-03-28,2.998955,3.017467,2.998955,3.00636,1.905257,9481919
2013-03-29,2.998955,3.017467,2.998955,3.010063,1.907603,8814247
2013-04-01,3.02117,3.024872,3.002658,3.017467,1.912296,5362446
2013-04-02,3.017467,3.039682,3.017467,3.039682,1.926374,15044235
2013-04-03,3.03598,3.039682,2.943419,3.017467,1.912296,24363018
2013-04-04,3.017467,3.032277,3.00636,3.013765,1.90995,13429613
2013-04-05,3.013765,3.032277,3.00636,3.032277,1.921681,11840920
2013-04-08,3.028575,3.032277,3.017467,3.024872,1.916988,14097826
2013-04-09,3.00636,3.024872,2.991551,3.013765,1.90995,12906711
2013-04-10,3.002658,3.02117,3.002658,3.017467,1.912296,8799122
2013-04-11,3.017467,3.032277,3.013765,3.024872,1.916988,13079572
2013-04-12,3.028575,3.039682,3.013765,3.017467,1.912296,8083913
2013-04-15,3.024872,3.028575,3.002658,3.00636,1.905257,13093616
2013-04-16,3.013765,3.013765,3.002658,3.010063,1.907603,4930295
2013-04-17,3.013765,3.024872,3.013765,3.017467,1.912296,10050737
2013-04-18,3.017467,3.028575,2.998955,3.013765,1.90995,11326661
2013-04-19,3.017467,3.02117,3.010063,3.013765,1.90995,14542401
2013-04-22,3.00636,3.028575,3.00636,3.02117,1.914642,12612849
2013-04-23,3.02117,3.032277,3.017467,3.024872,1.916988,8187629
2013-04-24,3.024872,3.032277,3.024872,3.032277,1.921681,13941171
2013-04-25,3.032277,3.03598,3.024872,3.032277,1.921681,16216983
2013-04-26,3.032277,3.039682,3.024872,3.03598,1.924028,15153353
2013-04-29,3.03598,3.03598,3.013765,3.028575,1.919335,19396530
2013-04-30,3.028575,3.039682,3.024872,3.039682,1.926374,25508757
2013-05-02,3.024872,3.050789,3.017467,3.039682,1.926374,22086126
2013-05-03,3.03598,3.03598,2.995253,3.024872,1.916988,17624713
2013-05-06,3.12854,3.12854,3.028575,3.039682,1.926374,31186673
2013-05-07,3.061896,3.087813,3.061896,3.080409,1.952185,27133103
2013-05-08,3.110028,3.121135,3.098921,3.102623,1.966263,16494100
2013-05-09,3.091516,3.102623,3.073004,3.076706,1.949838,12218512
2013-05-10,3.076706,3.095218,3.069301,3.073004,1.947492,5567717
2013-05-13,3.091516,3.11373,3.073004,3.095218,1.961569,11054407
2013-05-14,3.106325,3.12854,3.106325,3.110028,1.970955,13317794
2013-05-15,3.117433,3.12854,3.084111,3.095218,1.961569,12516696
2013-05-16,3.091516,3.095218,3.080409,3.091516,1.959224,13668376
2013-05-17,3.091516,3.091516,3.058194,3.073004,1.947492,12507512
2013-05-20,3.073004,3.080409,3.069301,3.076706,1.949838,9191298
2013-05-21,3.076706,3.095218,3.073004,3.091516,1.959224,13314013
2013-05-22,3.098921,3.110028,3.098921,3.106325,1.968608,21985651
2013-05-23,3.091516,3.11373,3.091516,3.106325,1.968608,25187345
2013-05-27,3.080409,3.106325,3.073004,3.098921,1.963916,24146943
2013-05-28,3.091516,3.110028,3.091516,3.102623,1.966263,7353039
2013-05-29,3.102623,3.135945,3.102623,3.135945,1.987381,6165705
2013-05-30,3.12854,3.135945,3.095218,3.121135,1.977994,7314145
2013-05-31,3.121135,3.139647,3.117433,3.139647,1.989726,25068504
2013-06-03,3.12854,3.14335,3.121135,3.135945,1.987381,11170547
2013-06-04,3.135945,3.139647,3.124838,3.135945,1.987381,8794800
2013-06-05,3.135945,3.139647,3.12854,3.135945,1.987381,16060329
2013-06-06,3.135945,3.147052,3.132242,3.147052,1.994419,32317287
2013-06-07,3.147052,3.184076,3.135945,3.14335,1.992073,15815624
2013-06-10,3.150754,3.165564,3.147052,3.150754,1.996765,9313381
2013-06-11,3.154457,3.158159,3.147052,3.158159,2.001458,9688811
2013-06-12,3.158159,3.158159,3.147052,3.150754,1.996765,5647665
2013-06-13,3.14335,3.147052,3.132242,3.139647,1.989726,7236898
2013-06-14,3.139647,3.147052,3.135945,3.135945,1.987381,13999512
2013-06-17,3.139647,3.150754,3.139647,3.147052,1.994419,3764029
2013-06-18,3.14335,3.150754,3.132242,3.150754,1.996765,4910308
2013-06-19,3.150754,3.158159,3.14335,3.147052,1.994419,14593719
2013-06-20,3.132242,3.147052,3.12854,3.139647,1.989726,11966244
2013-06-21,3.12854,3.132242,3.110028,3.121135,1.977994,22538263
2013-06-24,3.121135,3.124838,3.102623,3.110028,1.970955,16403348
2013-06-25,3.087813,3.102623,3.084111,3.084111,1.954531,28539212
2013-06-26,3.084111,3.091516,3.065599,3.087813,1.956877,20245706
2013-06-27,3.106325,3.11373,3.087813,3.110028,1.970955,2904050
2013-06-28,3.110028,3.150754,3.102623,3.135945,1.987381,16416313
2013-07-01,3.135945,3.150754,3.135945,3.135945,1.987381,6090079
2013-07-02,3.14335,3.14335,3.135945,3.139647,1.989726,15451537
2013-07-03,3.14335,3.147052,3.135945,3.14335,1.992073,7595043
2013-07-04,3.147052,3.158159,3.14335,3.150754,1.996765,5613633
2013-07-05,3.154457,3.158159,3.147052,3.150754,1.996765,7120758
2013-07-08,3.150754,3.150754,3.12854,3.139647,1.989726,4952983
2013-07-09,3.139647,3.147052,3.135945,3.135945,1.987381,12064558
2013-07-10,3.135945,3.150754,3.135945,3.139647,1.989726,4507868
2013-07-11,3.147052,3.161862,3.14335,3.150754,1.996765,15470984
2013-07-12,3.154457,3.154457,3.139647,3.139647,1.989726,12852152
2013-07-15,3.139647,3.158159,3.139647,3.154457,1.999112,12025665
2013-07-16,3.158159,3.161862,3.150754,3.150754,1.996765,1858246
2013-07-17,3.150754,3.158159,3.150754,3.154457,1.999112,5527203
2013-07-18,3.150754,3.158159,3.14335,3.150754,1.996765,8073109
2013-07-19,3.150754,3.165564,3.150754,3.154457,1.999112,7310364
2013-07-22,3.154457,3.169266,3.150754,3.154457,1.999112,5681697
2013-07-23,3.169266,3.172969,3.158159,3.165564,2.006151,10646025
2013-07-24,3.165564,3.217398,3.165564,3.209993,2.034307,20554153
2013-07-25,3.206291,3.213695,3.195183,3.198886,2.027269,9749313
2013-07-26,3.187779,3.202588,3.187779,3.198886,2.027269,7938062
2013-07-29,3.202588,3.209993,3.191481,3.195183,2.024922,27191443
2013-07-30,3.191481,3.202588,3.191481,3.198886,2.027269,10605511
2013-07-31,3.195183,3.202588,3.180374,3.195183,2.024922,18069288
2013-08-01,3.195183,3.224803,3.176671,3.217398,2.039,16487618
2013-08-02,3.2211,3.2211,3.191481,3.217398,2.039,6184612
2013-08-05,3.217398,3.232208,3.202588,3.232208,2.048386,9513791
2013-08-06,3.191481,3.206291,3.191481,3.202588,2.055515,13877429
2013-08-12,3.198886,3.198886,3.191481,3.195183,2.050762,8112003
2013-08-13,3.195183,3.206291,3.191481,3.198886,2.053138,3732158
2013-08-14,3.206291,3.206291,3.187779,3.191481,2.048386,4256681
2013-08-15,3.191481,3.2211,3.187779,3.206291,2.057891,41079136
2013-08-16,3.198886,3.202588,3.187779,3.191481,2.048386,7985599
2013-08-19,3.191481,3.2211,3.172969,3.202588,2.055515,25589785
2013-08-20,3.191481,3.198886,3.147052,3.172969,2.036505,23035777
2013-08-21,3.172969,3.172969,3.154457,3.172969,2.036505,19802751
2013-08-22,3.139647,3.147052,3.110028,3.12854,2.007989,24500766
2013-08-23,3.135945,3.161862,3.121135,3.14335,2.017494,10306246
2013-08-26,3.14335,3.150754,3.14335,3.14335,2.017494,9121074
2013-08-27,3.14335,3.14335,3.121135,3.124838,2.005613,14048669
2013-08-28,3.098921,3.124838,3.073004,3.11373,1.998483,36902403
2013-08-29,3.124838,3.135945,3.11373,3.121135,2.003236,4694773
2013-08-30,3.121135,3.158159,3.121135,3.158159,2.026999,12325469
2013-09-02,3.132242,3.165564,3.132242,3.165564,2.031752,8627342
2013-09-03,3.150754,3.187779,3.150754,3.187779,2.04601,3963899
2013-09-04,3.187779,3.198886,3.172969,3.187779,2.04601,11920328
2013-09-05,3.191481,3.217398,3.191481,3.206291,2.057891,8035836
2013-09-06,3.206291,3.224803,3.206291,3.2211,2.067396,15277597
2013-09-09,3.2211,3.258124,3.2211,3.254422,2.088783,7726849
2013-09-10,3.265529,3.317363,3.254422,3.287744,2.110171,21770116
2013-09-11,3.298851,3.306256,3.284041,3.284041,2.107794,10794576
2013-09-12,3.309958,3.309958,3.272934,3.280339,2.105418,9667204
2013-09-13,3.280339,3.284041,3.272934,3.280339,2.105418,13994650
2013-09-17,3.280339,3.287744,3.272934,3.276637,2.103042,3982265
2013-09-18,3.276637,3.287744,3.272934,3.287744,2.110171,2443810
2013-09-19,3.313661,3.313661,3.295149,3.298851,2.117299,22145547
2013-09-20,3.302553,3.332173,3.298851,3.317363,2.129181,12235798
2013-09-23,3.317363,3.317363,3.306256,3.313661,2.126805,13223262
2013-09-24,3.321065,3.32847,3.309958,3.309958,2.124428,7799774
2013-09-25,3.302553,3.313661,3.291446,3.291446,2.112546,7106713
2013-09-26,3.284041,3.287744,3.265529,3.272934,2.100665,8570622
2013-09-27,3.272934,3.298851,3.272934,3.291446,2.112546,9612105
2013-09-30,3.291446,3.384007,3.269232,3.284041,2.107794,19928075
2013-10-01,3.280339,3.280339,3.254422,3.269232,2.098289,10251687
2013-10-02,3.269232,3.295149,3.269232,3.280339,2.105418,9336069
2013-10-03,3.295149,3.309958,3.280339,3.291446,2.112546,7660406
2013-10-04,3.295149,3.350685,3.287744,3.313661,2.126805,11296411
2013-10-07,3.339578,3.346982,3.32847,3.32847,2.136309,4319883
2013-10-08,3.313661,3.350685,3.313661,3.339578,2.143439,14470015
2013-10-09,3.339578,3.339578,3.321065,3.332173,2.138685,4484100
2013-10-10,3.332173,3.350685,3.332173,3.346982,2.148191,6102503
2013-10-11,3.369197,3.372899,3.350685,3.369197,2.16245,5791895
2013-10-14,3.380304,3.380304,3.365494,3.376602,2.167202,6822034
2013-10-16,3.376602,3.421031,3.376602,3.417328,2.193341,9667204
2013-10-17,3.424733,3.439543,3.417328,3.421031,2.195718,12250383
2013-10-18,3.424733,3.43584,3.413626,3.417328,2.193341,12101291
2013-10-21,3.413626,3.421031,3.395114,3.417328,2.193341,1866349
2013-10-22,3.417328,3.454352,3.417328,3.424733,2.198094,13466886
2013-10-23,3.439543,3.439543,3.424733,3.424733,2.198094,3752145
2013-10-24,3.428436,3.43584,3.424733,3.432138,2.202847,4960546
2013-10-25,3.428436,3.43584,3.424733,3.424733,2.198094,14432202
2013-10-28,3.413626,3.43584,3.413626,3.421031,2.195718,11056567
2013-10-29,3.421031,3.424733,3.409923,3.417328,2.193341,10179842
2013-10-30,3.417328,3.417328,3.402519,3.406221,2.186213,7784649
2013-10-31,3.406221,3.406221,3.380304,3.387709,2.174331,22267629
2013-11-01,3.395114,3.395114,3.369197,3.372899,2.164826,11003089
2013-11-04,3.372899,3.380304,3.365494,3.376602,2.167202,8784537
2013-11-06,3.372899,3.376602,3.339578,3.365494,2.160072,14836263
2013-11-07,3.380304,3.380304,3.35809,3.376602,2.167202,15153893
2013-11-08,3.372899,3.398816,3.35809,3.391411,2.176707,19125356
2013-11-11,3.372899,3.391411,3.365494,3.387709,2.174331,2731730
2013-11-12,3.395114,3.395114,3.34328,3.384007,2.171955,11853885
2013-11-13,3.380304,3.380304,3.346982,3.35809,2.15532,12795433
2013-11-14,3.35809,3.369197,3.354387,3.361792,2.157697,14366840
2013-11-15,3.361792,3.369197,3.354387,3.365494,2.160072,6099262
2013-11-18,3.365494,3.376602,3.354387,3.361792,2.157697,14088103
2013-11-19,3.361792,3.424733,3.354387,3.376602,2.167202,24555325
2013-11-20,3.376602,3.417328,3.376602,3.380304,2.169578,16038181
2013-11-21,3.372899,3.387709,3.35809,3.387709,2.174331,13702948
2013-11-22,3.380304,3.395114,3.380304,3.387709,2.174331,13289705
2013-11-25,3.391411,3.398816,3.387709,3.391411,2.176707,6748568
2013-11-26,3.372899,3.398816,3.372899,3.395114,2.179084,14834642
2013-11-27,3.395114,3.398816,3.387709,3.395114,2.179084,9353895
2013-11-28,3.402519,3.413626,3.395114,3.398816,2.181459,7882963
2013-11-29,3.398816,3.409923,3.398816,3.402519,2.183836,7361682
2013-12-02,3.409923,3.409923,3.391411,3.398816,2.181459,12514535
2013-12-03,3.332173,3.398816,3.332173,3.398816,2.181459,10078287
2013-12-04,3.398816,3.406221,3.376602,3.402519,2.183836,5307887
2013-12-05,3.409923,3.421031,3.376602,3.413626,2.190965,28646369
2013-12-06,3.417328,3.424733,3.413626,3.421031,2.195718,22559871
2013-12-09,3.421031,3.443245,3.413626,3.43584,2.205223,13241628
2013-12-10,3.43584,3.43584,3.417328,3.428436,2.200471,26469752
2013-12-11,3.428436,3.432138,3.406221,3.417328,2.193341,30007443
2013-12-12,3.413626,3.421031,3.398816,3.417328,2.193341,5966376
2013-12-13,3.413626,3.446948,3.413626,3.424733,2.198094,3486373
2013-12-16,3.406221,3.439543,3.406221,3.428436,2.200471,1913886
2013-12-17,3.43584,3.443245,3.424733,3.439543,2.207599,9375502
2013-12-18,3.443245,3.469162,3.428436,3.46546,2.224233,4646156
2013-12-19,3.476567,3.498781,3.45065,3.45065,2.214728,5326253
2013-12-20,3.476567,3.480269,3.432138,3.432138,2.202847,2558330
2013-12-23,3.432138,3.480269,3.421031,3.480269,2.233738,765446
2013-12-24,3.45065,3.487674,3.45065,3.483972,2.236115,2625853
2013-12-26,3.495079,3.506186,3.483972,3.502484,2.247997,3394001
2013-12-27,3.502484,3.528401,3.498781,3.517293,2.257502,4890321
2013-12-30,3.517293,3.569127,3.495079,3.569127,2.29077,6813391
2013-12-31,3.565425,3.683902,3.528401,3.591342,2.305028,12037009
2014-01-02,3.591342,3.595044,3.528401,3.532103,2.267008,10045876
2014-01-03,3.532103,3.532103,3.495079,3.498781,2.24562,12159091
2014-01-06,3.517293,3.517293,3.502484,3.513591,2.255126,9900025
2014-01-07,3.513591,3.554318,3.461757,3.517293,2.257502,5582842
2014-01-08,3.546913,3.57283,3.539508,3.54321,2.274136,10489370
2014-01-09,3.54321,3.561722,3.535806,3.550615,2.278889,11135435
2014-01-10,3.554318,3.554318,3.535806,3.546913,2.276513,29266845
2014-01-13,3.54321,3.561722,3.54321,3.55802,2.283641,3721895
2014-01-15,3.561722,3.565425,3.517293,3.55802,2.283641,20990625
2014-01-16,3.561722,3.561722,3.54321,3.554318,2.281266,28976764
2014-01-20,3.535806,3.55802,3.517293,3.550615,2.278889,13553857
2014-01-21,3.535806,3.55802,3.535806,3.554318,2.281266,23399863
2014-01-22,3.54321,3.55802,3.535806,3.546913,2.276513,24919412
2014-01-23,3.54321,3.550615,3.524698,3.546913,2.276513,25134407
2014-01-24,3.539508,3.546913,3.517293,3.54321,2.274136,15050177
2014-01-27,3.517293,3.520996,3.487674,3.520996,2.259879,25408282
2014-01-28,3.517293,3.528401,3.509889,3.513591,2.255126,25589785
2014-01-29,3.517293,3.539508,3.517293,3.539508,2.27176,16165125
2014-01-30,3.550615,3.554318,3.524698,3.532103,2.267008,12737633
2014-02-03,3.532103,3.532103,3.532103,3.532103,2.267008,0
2014-02-04,3.535806,3.535806,3.509889,3.524698,2.262254,13971962
2014-02-05,3.532103,3.532103,3.520996,3.528401,2.264631,8814787
2014-02-06,3.535806,3.535806,3.528401,3.532103,2.267008,33906520
2014-02-07,3.54321,3.550615,3.528401,3.532103,2.267008,19183156
2014-02-10,3.54321,3.54321,3.532103,3.539508,2.27176,8432334
2014-02-11,3.539508,3.561722,3.520996,3.54321,2.274136,31128873
2014-02-12,3.554318,3.554318,3.532103,3.535806,2.269384,7543725
2014-02-13,3.535806,3.546913,3.535806,3.535806,2.269384,13954676
2014-02-14,3.535806,3.54321,3.532103,3.539508,2.27176,16515167
2014-02-17,3.539508,3.565425,3.539508,3.550615,2.278889,18000684
2014-02-18,3.520996,3.550615,3.509889,3.54321,2.310272,5469403
2014-02-19,3.539508,3.550615,3.524698,3.535806,2.305444,10858318
2014-02-20,3.54321,3.54321,3.520996,3.539508,2.307858,18804484
2014-02-21,3.539508,3.554318,3.535806,3.54321,2.310272,10511518
2014-02-24,3.54321,3.550615,3.532103,3.532103,2.303029,10997147
2014-02-25,3.54321,3.546913,3.535806,3.54321,2.310272,18195692
2014-02-26,3.532103,3.546913,3.532103,3.535806,2.305444,5400259
2014-02-27,3.535806,3.535806,3.520996,3.532103,2.303029,3054763
2014-02-28,3.535806,3.546913,3.520996,3.532103,2.303029,11966244
2014-03-03,3.532103,3.532103,3.506186,3.513591,2.290959,17341115
2014-03-04,3.513591,3.520996,3.513591,3.517293,2.293373,19821118
2014-03-05,3.517293,3.528401,3.517293,3.528401,2.300616,15317030
2014-03-06,3.517293,3.535806,3.517293,3.532103,2.303029,9554845
2014-03-07,3.532103,3.54321,3.528401,3.532103,2.303029,28931388
2014-03-10,3.532103,3.535806,3.506186,3.524698,2.298201,17277913
2014-03-11,3.509889,3.535806,3.509889,3.535806,2.305444,9622909
2014-03-12,3.539508,3.539508,3.483972,3.513591,2.290959,13512802
2014-03-13,3.513591,3.524698,3.506186,3.524698,2.298201,11647533
2014-03-14,3.524698,3.524698,3.498781,3.502484,2.283717,8146035
2014-03-17,3.502484,3.528401,3.502484,3.524698,2.298201,2904590
2014-03-18,3.524698,3.554318,3.524698,3.546913,2.312686,13348045
2014-03-19,3.524698,3.554318,3.524698,3.546913,2.312686,10406181
2014-03-20,3.546913,3.55802,3.535806,3.55802,2.319928,13298888
2014-03-21,3.554318,3.554318,3.54321,3.546913,2.312686,8180066
2014-03-24,3.550615,3.554318,3.54321,3.546913,2.312686,8145494
2014-03-25,3.535806,3.546913,3.535806,3.54321,2.310272,16664799
2014-03-26,3.539508,3.554318,3.539508,3.554318,2.317514,7416241
2014-03-27,3.532103,3.57283,3.532103,3.57283,2.329584,22814299
2014-03-28,3.57283,3.57283,3.546913,3.546913,2.312686,17250903
2014-03-31,3.546913,3.569127,3.532103,3.546913,2.312686,19461353
2014-04-01,3.561722,3.561722,3.54321,3.550615,2.3151,5867522
2014-04-02,3.554318,3.639473,3.550615,3.606151,2.35131,39549324
2014-04-03,3.628366,3.702414,3.628366,3.702414,2.414077,52917356
2014-04-04,3.809784,3.939369,3.809784,3.850511,2.510641,53448901
2014-04-07,3.850511,3.850511,3.724629,3.754248,2.447874,24084822
2014-04-08,3.743141,3.743141,3.676497,3.683902,2.402007,26214783
2014-04-09,3.702414,3.702414,3.661688,3.6802,2.399593,15488810
2014-04-10,3.702414,3.702414,3.6802,3.687605,2.404421,22912614
2014-04-11,3.683902,3.683902,3.646878,3.646878,2.377866,10205231
2014-04-14,3.65058,3.65058,3.643176,3.643176,2.375452,18700228
2014-04-15,3.643176,3.672795,3.635771,3.661688,2.387522,30976000
2014-04-16,3.661688,3.661688,3.646878,3.654283,2.382694,22676011
2014-04-17,3.66539,3.717224,3.654283,3.698712,2.411663,55291482
2014-04-18,3.698712,3.717224,3.698712,3.709819,2.418905,27231417
2014-04-21,3.702414,3.776463,3.702414,3.739438,2.438218,47843370
2014-04-22,3.739438,3.77276,3.717224,3.77276,2.459944,237668675
2014-04-23,3.746843,3.77276,3.743141,3.754248,2.447874,32338354
2014-04-24,3.746843,3.765355,3.739438,3.750546,2.44546,35810683
2014-04-25,3.750546,3.75795,3.743141,3.750546,2.44546,28580266
2014-04-28,3.743141,3.754248,3.724629,3.732034,2.43339,20011264
2014-04-29,3.732034,3.746843,3.724629,3.732034,2.43339,18052002
2014-04-30,3.732034,3.739438,3.6802,3.728331,2.430975,62827645
2014-05-02,3.720926,3.720926,3.676497,3.691307,2.406835,26818173
2014-05-05,3.695009,3.698712,3.657985,3.66539,2.389936,25844754
2014-05-06,3.654283,3.6802,3.65058,3.672795,2.394764,22531781
2014-05-07,3.672795,3.713521,3.669092,3.709819,2.418905,33345805
2014-05-08,3.709819,3.750546,3.706117,3.709819,2.418905,24464574
2014-05-09,3.732034,3.732034,3.702414,3.706117,2.416492,16997555
2014-05-12,3.706117,3.720926,3.687605,3.695009,2.409249,34866434
2014-05-14,3.713521,3.717224,3.687605,3.695009,2.409249,54855011
2014-05-15,3.683902,3.698712,3.683902,3.695009,2.409249,32370765
2014-05-16,3.709819,3.720926,3.672795,3.672795,2.394764,67646662
2014-05-19,3.683902,3.683902,3.669092,3.672795,2.394764,47503592
2014-05-20,3.683902,3.683902,3.672795,3.676497,2.397178,29615807
2014-05-21,3.672795,3.676497,3.65058,3.657985,2.385108,28114084
2014-05-22,3.6802,3.702414,3.676497,3.6802,2.399593,23730458
2014-05-23,3.683902,3.687605,3.669092,3.683902,2.402007,38057324
2014-05-26,3.683902,3.687605,3.672795,3.6802,2.399593,37115237
2014-05-27,3.683902,3.713521,3.683902,3.713521,2.421319,33876810
2014-05-28,3.713521,3.791272,3.698712,3.791272,2.472015,61033141
2014-05-29,3.794975,3.850511,3.78757,3.817189,2.488913,89843527
2014-05-30,3.817189,3.998607,3.802379,3.998607,2.607203,584247353
2014-06-02,3.961583,3.983798,3.89494,3.913452,2.551679,61739707
2014-06-03,3.924559,3.928262,3.887535,3.898642,2.542023,36386523
2014-06-04,3.887535,3.887535,3.86532,3.869023,2.522711,36097522
2014-06-05,3.946774,3.946774,3.861618,3.869023,2.522711,28471148
2014-06-06,3.869023,3.869023,3.846808,3.846808,2.508225,24358697
2014-06-09,3.846808,3.857916,3.835701,3.850511,2.510641,11444422
2014-06-10,3.850511,3.869023,3.835701,3.854213,2.513054,28100579
2014-06-11,3.861618,3.88013,3.843106,3.846808,2.508225,17914794
2014-06-12,3.854213,3.88013,3.828296,3.857916,2.515469,25631920
2014-06-13,3.854213,3.872725,3.846808,3.854213,2.513054,24741690
2014-06-16,3.854213,3.857916,3.839404,3.846808,2.508225,16361214
2014-06-17,3.846808,3.869023,3.839404,3.869023,2.522711,40410924
2014-06-18,3.869023,3.872725,3.857916,3.872725,2.525124,44338631
2014-06-19,4.04,4.072,4.02,4.072,2.655057,5081500
2014-06-20,4.072,4.072,4.028,4.048,2.639409,37800000
2014-06-23,4.048,4.052,4.02,4.036,2.631584,28039500
2014-06-24,4.048,4.048,4.008,4.028,2.626368,30463500
2014-06-25,4.012,4.024,4,4.004,2.610719,37734500
2014-06-26,4.004,4.004,3.916,3.98,2.595071,42811000
2014-06-27,3.96,3.96,3.904,3.92,2.555949,48207000
2014-06-30,3.916,3.936,3.872,3.916,2.553341,71400500
2014-07-01,3.912,3.952,3.896,3.944,2.571597,34298500
2014-07-02,3.952,3.964,3.936,3.952,2.576813,12954000
2014-07-03,3.952,3.984,3.948,3.98,2.595071,28881000
2014-07-04,3.98,3.98,3.968,3.98,2.595071,14476000
2014-07-07,3.98,4.004,3.976,3.996,2.605503,30824500
2014-07-08,4,4.012,3.996,4,2.608111,32207000
2014-07-09,4,4.016,3.988,4.008,2.613328,16668000
2014-07-10,3.956,4.016,3.956,4.012,2.615936,15356500
2014-07-11,4.012,4.02,3.98,4.016,2.618544,25967500
2014-07-14,4.016,4.04,4.008,4.024,2.62376,20557000
2014-07-16,4.028,4.072,4.02,4.032,2.628976,20465000
2014-07-17,4.036,4.036,4.024,4.028,2.626368,9761500
2014-07-18,4.016,4.028,4,4.004,2.610719,15917500
2014-07-21,4.004,4.04,3.98,4.024,2.62376,18836000
2014-07-22,4.036,4.036,4,4.004,2.610719,13258500
2014-07-23,3.996,4.008,3.992,3.996,2.605503,5091500
2014-07-24,4,4.004,3.984,4,2.608111,11542500
2014-07-25,4.008,4.02,3.972,3.976,2.592463,9268000
2014-07-30,3.976,3.976,3.952,3.96,2.58203,26886500
2014-07-31,3.96,3.964,3.948,3.956,2.579422,34869500
2014-08-01,3.956,3.96,3.944,3.948,2.574206,23981000
2014-08-04,3.944,3.968,3.94,3.964,2.584638,18654500
2014-08-05,3.96,3.98,3.96,3.976,2.592463,10271000
2014-08-06,3.976,3.976,3.956,3.96,2.58203,40697500
2014-08-07,3.96,3.968,3.952,3.952,2.576813,39020000
2014-08-08,3.904,3.92,3.788,3.792,2.501607,47769000
2014-08-11,3.792,3.82,3.784,3.796,2.504246,23895500
2014-08-12,3.796,3.812,3.788,3.8,2.506885,29062000
2014-08-13,3.812,3.844,3.796,3.804,2.509524,39744000
2014-08-14,3.82,3.832,3.8,3.824,2.522718,21880500
2014-08-15,3.824,3.836,3.82,3.828,2.525357,29242000
2014-08-18,3.836,3.856,3.828,3.848,2.538551,20069000
2014-08-19,3.852,3.9,3.852,3.868,2.551745,27308500
2014-08-20,3.872,3.884,3.864,3.868,2.551745,12410000
2014-08-21,3.88,3.9,3.86,3.868,2.551745,11694500
2014-08-22,3.88,3.884,3.864,3.864,2.549106,8230000
2014-08-25,3.868,3.872,3.856,3.868,2.551745,10629000
2014-08-26,3.868,3.896,3.852,3.868,2.551745,8009000
2014-08-27,3.88,3.9,3.856,3.868,2.551745,19690500
2014-08-28,3.88,3.88,3.852,3.856,2.543828,35119000
2014-08-29,3.86,3.88,3.848,3.856,2.543828,37052000
2014-09-02,3.856,3.856,3.828,3.836,2.530634,43525500
2014-09-03,3.84,3.84,3.812,3.832,2.527995,27422500
2014-09-04,3.84,3.844,3.832,3.836,2.530634,13977000
2014-09-05,3.844,3.868,3.844,3.864,2.549106,16794500
2014-09-08,3.86,3.864,3.832,3.84,2.533273,19221500
2014-09-09,3.84,3.848,3.832,3.844,2.535912,11810000
2014-09-10,3.836,3.844,3.832,3.836,2.530634,9550500
2014-09-11,3.844,3.844,3.824,3.824,2.522718,12662000
2014-09-12,3.812,3.836,3.8,3.804,2.509524,17961500
2014-09-15,3.8,3.812,3.792,3.792,2.501607,18202500
2014-09-17,3.788,3.8,3.784,3.792,2.501607,27787000
2014-09-18,3.792,3.8,3.792,3.8,2.506885,22515000
2014-09-19,3.8,3.84,3.796,3.808,2.512163,27625000
2014-09-22,3.812,3.824,3.808,3.824,2.522718,14376500
2014-09-23,3.8,3.816,3.796,3.8,2.506885,39593000
2014-09-24,3.8,3.8,3.788,3.788,2.498969,23549500
2014-09-25,3.78,3.796,3.78,3.788,2.498969,8605000
2014-09-26,3.788,3.788,3.76,3.78,2.493691,16467000
2014-09-29,3.78,3.792,3.768,3.78,2.493691,18391000
2014-09-30,3.788,3.788,3.776,3.78,2.493691,39808000
2014-10-01,3.784,3.784,3.748,3.756,2.477858,12389500
2014-10-02,3.768,3.78,3.76,3.764,2.483135,18124000
2014-10-03,3.76,3.78,3.756,3.76,2.480497,14891500
2014-10-07,3.76,3.796,3.724,3.752,2.475219,23673500
2014-10-08,3.752,3.752,3.736,3.736,2.464664,20591500
2014-10-09,3.728,3.744,3.72,3.732,2.462025,17744500
2014-10-10,3.708,3.732,3.656,3.656,2.411887,10882000
2014-10-13,3.652,3.724,3.624,3.696,2.438275,23553000
2014-10-14,3.696,3.704,3.692,3.692,2.435637,20182000
2014-10-15,3.68,3.704,3.68,3.692,2.435637,11320500
2014-10-16,3.692,3.696,3.676,3.684,2.430359,28292000
2014-10-17,3.68,3.692,3.672,3.692,2.435637,19721000
2014-10-20,3.7,3.76,3.692,3.72,2.454108,22454500
2014-10-21,3.72,3.728,3.668,3.712,2.448831,18217000
2014-10-22,3.712,3.712,3.712,3.712,2.448831,0
2014-10-24,3.74,3.76,3.72,3.728,2.459386,17451500
2014-10-27,3.724,3.744,3.716,3.72,2.454108,41594500
2014-10-28,3.728,3.728,3.712,3.712,2.448831,18623500
2014-10-29,3.716,3.736,3.708,3.716,2.45147,27391000
2014-10-30,3.72,3.724,3.712,3.716,2.45147,21560000
2014-10-31,3.716,3.724,3.704,3.708,2.446192,14900000
2014-11-03,3.7,3.708,3.692,3.696,2.438275,12388500
2014-11-04,3.696,3.696,3.688,3.692,2.435637,19671000
2014-11-05,3.688,3.688,3.652,3.652,2.409248,18616500
2014-11-06,3.66,3.696,3.66,3.668,2.419804,17794500
2014-11-07,3.672,3.704,3.648,3.648,2.406609,9405000
2014-11-10,3.652,3.668,3.644,3.656,2.411887,22048500
2014-11-11,3.692,3.708,3.648,3.652,2.409248,16007500
2014-11-12,3.68,3.68,3.616,3.62,2.388138,13799000
2014-11-13,3.62,3.636,3.612,3.628,2.393415,12676000
2014-11-14,3.66,3.66,3.628,3.64,2.401332,9329500
2014-11-17,3.64,3.656,3.64,3.652,2.409248,12334500
2014-11-18,3.644,3.664,3.644,3.66,2.414526,17789500
2014-11-19,3.66,3.668,3.656,3.668,2.419804,12902000
2014-11-20,3.668,3.668,3.656,3.664,2.417165,12515500
2014-11-21,3.644,3.664,3.64,3.66,2.414526,23202000
2014-11-24,3.644,3.684,3.644,3.66,2.414526,12737000
2014-11-25,3.66,3.696,3.66,3.688,2.432998,22742500
2014-11-26,3.696,3.728,3.684,3.72,2.454108,10856500
2014-11-27,3.732,3.776,3.712,3.72,2.454108,11476500
2014-11-28,3.72,3.752,3.712,3.716,2.45147,21429000
2014-12-01,3.716,3.72,3.652,3.676,2.425081,26851500
2014-12-02,3.676,3.684,3.64,3.664,2.417165,18191000
2014-12-03,3.664,3.668,3.636,3.64,2.401332,29128000
2014-12-04,3.64,3.652,3.58,3.604,2.377583,24356500
2014-12-05,3.604,3.64,3.6,3.632,2.396054,25250500
2014-12-08,3.636,3.636,3.6,3.636,2.398693,21435500
2014-12-09,3.636,3.664,3.6,3.62,2.388138,8337000
2014-12-10,3.612,3.664,3.604,3.664,2.417165,8908000
2014-12-11,3.612,3.652,3.596,3.596,2.372304,9628500
2014-12-12,3.604,3.62,3.584,3.592,2.369666,18661500
2014-12-15,3.58,3.588,3.52,3.532,2.330083,18469000
2014-12-16,3.52,3.54,3.488,3.516,2.319529,23867500
2014-12-17,3.504,3.544,3.496,3.524,2.324806,30711000
2014-12-18,3.536,3.544,3.496,3.5,2.308973,9900000
2014-12-19,3.536,3.54,3.508,3.508,2.31425,24625500
2014-12-22,3.536,3.56,3.512,3.54,2.335361,11793000
2014-12-23,3.552,3.616,3.544,3.596,2.372304,13425500
2014-12-24,3.596,3.596,3.532,3.58,2.36175,4355000
2014-12-26,3.576,3.692,3.568,3.692,2.435637,12724000
2014-12-29,3.64,3.684,3.64,3.68,2.42772,7990500
2014-12-30,3.68,3.696,3.656,3.668,2.419804,9932000
2014-12-31,3.648,3.696,3.644,3.66,2.414526,11972000
2015-01-02,3.652,3.656,3.604,3.644,2.40397,8445000
2015-01-05,3.648,3.648,3.552,3.564,2.351194,13339000
2015-01-06,3.556,3.56,3.5,3.52,2.322167,25213000
2015-01-07,3.52,3.54,3.516,3.516,2.319529,24566000
2015-01-08,3.516,3.536,3.512,3.52,2.322167,20605500
2015-01-09,3.532,3.544,3.5,3.512,2.31689,13383500
2015-01-12,3.524,3.524,3.484,3.504,2.311612,21568500
2015-01-13,3.504,3.504,3.48,3.492,2.303695,16801000
2015-01-14,3.492,3.52,3.492,3.504,2.311612,37376500
2015-01-15,3.516,3.548,3.504,3.504,2.311612,37232500
2015-01-16,3.504,3.524,3.496,3.512,2.31689,24604500
2015-01-19,3.508,3.532,3.504,3.528,2.327445,18489000
2015-01-20,3.54,3.564,3.524,3.552,2.343278,12204500
2015-01-21,3.552,3.568,3.54,3.548,2.340639,33498000
2015-01-22,3.576,3.576,3.528,3.568,2.353833,35876000
2015-01-23,3.58,3.656,3.58,3.628,2.393415,26769000
2015-01-26,3.628,3.628,3.604,3.612,2.38286,23667000
2015-01-27,3.612,3.664,3.612,3.624,2.390777,25658500
2015-01-28,3.624,3.648,3.62,3.628,2.393415,30991500
2015-01-29,3.64,3.64,3.604,3.616,2.385499,28117500
2015-01-30,3.636,3.636,3.612,3.628,2.393415,38716500
2015-02-04,3.652,3.704,3.652,3.672,2.422443,44420500
2015-02-05,3.66,3.72,3.66,3.688,2.432998,50198000
2015-02-06,3.708,3.808,3.696,3.756,2.477858,41536500
2015-02-09,3.78,3.796,3.736,3.756,2.477858,18156500
2015-02-10,3.76,3.776,3.748,3.756,2.477858,15090500
2015-02-11,3.76,3.764,3.712,3.712,2.448831,15044000
2015-02-12,3.704,3.716,3.688,3.704,2.443553,20769500
2015-02-13,3.72,3.72,3.696,3.708,2.446192,28492000
2015-02-16,3.708,3.716,3.7,3.708,2.446192,29336500
2015-02-17,3.716,3.724,3.7,3.708,2.446192,22239000
2015-02-18,3.652,3.704,3.648,3.66,2.455585,9341500
2015-02-23,3.688,3.688,3.656,3.66,2.455585,35443000
2015-02-24,3.672,3.688,3.652,3.66,2.455585,36702500
2015-02-25,3.652,3.676,3.644,3.66,2.455585,30164500
2015-02-26,3.668,3.7,3.656,3.676,2.46632,17400500
2015-02-27,3.688,3.716,3.664,3.664,2.458268,29506500
2015-03-02,3.692,3.7,3.664,3.7,2.482421,27721500
2015-03-03,3.7,3.736,3.696,3.72,2.49584,26286000
2015-03-04,3.732,3.764,3.72,3.764,2.525361,52565500
2015-03-05,3.768,3.776,3.708,3.724,2.498524,34505000
2015-03-06,3.688,3.736,3.688,3.732,2.503892,20357000
2015-03-09,3.724,3.728,3.668,3.676,2.46632,29947500
2015-03-10,3.68,3.7,3.668,3.676,2.46632,33614000
2015-03-11,3.672,3.676,3.62,3.64,2.442166,34573000
2015-03-12,3.664,3.688,3.652,3.68,2.469003,25443500
2015-03-13,3.68,3.688,3.64,3.668,2.460953,13930500
2015-03-16,3.668,3.676,3.644,3.668,2.460953,32573500
2015-03-17,3.672,3.684,3.668,3.68,2.469003,32315500
2015-03-18,3.68,3.72,3.676,3.7,2.482421,20510000
2015-03-19,3.716,3.756,3.7,3.728,2.501208,32175500
2015-03-20,3.74,3.74,3.692,3.72,2.49584,32368000
2015-03-23,3.692,3.744,3.676,3.684,2.471687,9919500
2015-03-24,3.7,3.7,3.676,3.684,2.471687,21478500
2015-03-25,3.688,3.724,3.688,3.712,2.490473,20950500
2015-03-26,3.708,3.72,3.7,3.72,2.49584,9066500
2015-03-27,3.708,3.732,3.708,3.732,2.503892,25102500
2015-03-30,3.732,3.756,3.728,3.752,2.51731,20023000
2015-03-31,3.76,3.788,3.76,3.776,2.533412,34017000
2015-04-01,3.784,3.788,3.76,3.76,2.522677,21388000
2015-04-02,3.78,3.792,3.776,3.784,2.53878,27227500
2015-04-03,3.792,3.808,3.784,3.804,2.552198,16090500
2015-04-06,3.808,3.836,3.804,3.832,2.570984,26885500
2015-04-07,3.836,3.888,3.836,3.856,2.587086,36185500
2015-04-08,3.856,3.86,3.848,3.852,2.584402,17922500
2015-04-09,3.852,3.868,3.82,3.824,2.565616,13897500
2015-04-10,3.82,3.84,3.812,3.812,2.557566,14733500
2015-04-13,3.8,3.812,3.796,3.804,2.552198,17846500
2015-04-14,3.816,3.816,3.792,3.796,2.546831,18404500
2015-04-15,3.776,3.824,3.772,3.804,2.552198,21795500
2015-04-16,3.804,3.868,3.804,3.848,2.581719,26706000
2015-04-17,3.852,3.896,3.844,3.892,2.611239,34735500
2015-04-20,3.9,3.924,3.864,3.92,2.630025,20360500
2015-04-21,3.924,3.96,3.92,3.936,2.64076,13142000
2015-04-22,3.94,3.94,3.92,3.924,2.63271,26292500
2015-04-23,3.9,3.928,3.9,3.916,2.627341,15576000
2015-04-24,3.916,3.956,3.916,3.94,2.643444,43882500
2015-04-27,3.94,3.98,3.936,3.948,2.648811,37521000
2015-04-28,3.96,3.972,3.956,3.96,2.656862,33521000
2015-04-29,3.956,3.96,3.924,3.94,2.643444,21445500
2015-04-30,3.94,3.964,3.848,3.896,2.613923,39111500
2015-05-05,3.96,3.96,3.868,3.892,2.611239,18754000
2015-05-06,3.892,3.892,3.856,3.872,2.597821,19278500
2015-05-07,3.844,3.9,3.844,3.864,2.592453,20629000
2015-05-08,3.86,3.884,3.852,3.856,2.587086,24903000
2015-05-11,3.856,3.872,3.84,3.856,2.587086,25887500
2015-05-12,3.844,3.86,3.844,3.848,2.581719,28460500
2015-05-13,3.84,3.86,3.808,3.836,2.573668,20833000
2015-05-14,3.856,3.856,3.828,3.832,2.570984,10257500
2015-05-15,3.836,3.84,3.824,3.84,2.576351,17369500
2015-05-18,3.844,3.856,3.836,3.848,2.581719,17031500
2015-05-19,3.848,3.852,3.836,3.836,2.573668,13102000
2015-05-20,3.852,3.852,3.832,3.844,2.579035,7317000
2015-05-21,3.844,3.848,3.832,3.836,2.573668,10296000
2015-05-22,3.828,3.836,3.796,3.828,2.5683,13639500
2015-05-25,3.816,3.82,3.784,3.792,2.544147,11182000
2015-05-26,3.78,3.836,3.74,3.8,2.549515,28776000
2015-05-27,3.78,3.796,3.728,3.756,2.519994,38104000
2015-05-28,3.748,3.808,3.748,3.792,2.544147,29008500
2015-05-29,3.78,3.784,3.7,3.7,2.482421,109290000
2015-06-01,3.732,3.74,3.668,3.708,2.48779,50848500
2015-06-02,3.708,3.728,3.7,3.708,2.48779,27660000
2015-06-03,3.72,3.736,3.7,3.712,2.490473,36454000
2015-06-04,3.692,3.72,3.692,3.712,2.490473,22059500
2015-06-05,3.712,3.728,3.696,3.716,2.493156,9336000
2015-06-08,3.704,3.736,3.688,3.736,2.506575,11353000
2015-06-09,3.736,3.752,3.724,3.748,2.514627,12058500
2015-06-10,3.752,3.752,3.732,3.744,2.511943,11497000
2015-06-11,3.768,3.788,3.744,3.752,2.51731,26384500
2015-06-12,3.724,3.76,3.724,3.752,2.51731,13839000
2015-06-15,3.752,3.768,3.748,3.76,2.522677,12744000
2015-06-16,3.76,3.772,3.756,3.756,2.519994,21579500
2015-06-17,3.756,3.768,3.752,3.756,2.519994,25524000
2015-06-18,3.768,3.772,3.74,3.768,2.528045,14200000
2015-06-19,3.76,3.78,3.76,3.78,2.536096,34248500
2015-06-22,3.772,3.796,3.772,3.788,2.541464,10073000
2015-06-23,3.8,3.8,3.776,3.784,2.53878,17782500
2015-06-24,3.776,3.796,3.776,3.788,2.541464,14211500
2015-06-25,3.784,3.792,3.78,3.78,2.536096,20240000
2015-06-26,3.776,3.776,3.74,3.744,2.511943,16505000
2015-06-29,3.74,3.74,3.704,3.708,2.48779,23182500
2015-06-30,3.708,3.744,3.7,3.744,2.511943,29367500
2015-07-01,3.74,3.812,3.74,3.768,2.528045,17412000
2015-07-02,3.768,3.796,3.768,3.776,2.533412,23805000
2015-07-03,3.772,3.78,3.748,3.776,2.533412,17400500
2015-07-06,3.776,3.776,3.72,3.76,2.522677,13198000
2015-07-07,3.752,3.76,3.736,3.744,2.511943,17880000
2015-07-08,3.704,3.76,3.696,3.736,2.506575,38296000
2015-07-09,3.736,3.736,3.7,3.7,2.482421,23740500
2015-07-10,3.72,3.784,3.72,3.764,2.525361,14343500
2015-07-13,3.728,3.764,3.728,3.764,2.525361,10870000
2015-07-14,3.768,3.836,3.76,3.796,2.546831,40692000
2015-07-15,3.816,3.816,3.796,3.8,2.549515,16225000
2015-07-16,3.8,3.8,3.792,3.796,2.546831,10754000
2015-07-20,3.796,3.816,3.792,3.804,2.552198,20035000
2015-07-21,3.804,3.812,3.8,3.812,2.557566,22236000
2015-07-22,3.82,3.82,3.792,3.804,2.552198,13935000
2015-07-23,3.812,3.816,3.792,3.804,2.552198,12087500
2015-07-24,3.8,3.816,3.788,3.8,2.549515,10921000
2015-07-27,3.8,3.808,3.78,3.78,2.536096,11815500
2015-07-28,3.796,3.796,3.748,3.756,2.519994,18785000
2015-07-29,3.756,3.788,3.748,3.768,2.528045,20792000
2015-07-30,3.768,3.792,3.768,3.776,2.533412,27328000
2015-07-31,3.78,3.828,3.776,3.8,2.549515,43187500
2015-08-03,3.8,3.836,3.8,3.812,2.557566,11572500
2015-08-04,3.816,3.84,3.816,3.832,2.570984,11925500
2015-08-05,3.812,3.844,3.812,3.828,2.5683,31741500
2015-08-06,3.824,3.836,3.776,3.8,2.549515,44326000
2015-08-07,3.824,3.828,3.8,3.816,2.56025,11528000
2015-08-10,3.8,3.8,3.744,3.776,2.533412,45077500
2015-08-11,3.768,3.804,3.74,3.744,2.511943,40586000
2015-08-12,3.696,3.696,3.612,3.64,2.473883,34319000
2015-08-13,3.62,3.672,3.608,3.66,2.487476,33122000
2015-08-14,3.676,3.696,3.56,3.64,2.473883,38575500
2015-08-17,3.632,3.632,3.576,3.596,2.443979,31799500
2015-08-18,3.596,3.608,3.576,3.592,2.44126,49901000
2015-08-19,3.596,3.608,3.58,3.588,2.438542,32314000
2015-08-20,3.588,3.588,3.504,3.576,2.430386,28153500
2015-08-21,3.528,3.556,3.48,3.54,2.405919,38754500
2015-08-24,3.48,3.496,3.412,3.456,2.34883,58584500
2015-08-25,3.408,3.516,3.408,3.512,2.386889,43698500
2015-08-26,3.5,3.58,3.488,3.568,2.424949,37510000
2015-08-27,3.56,3.62,3.56,3.604,2.449416,47821500
2015-08-28,3.616,3.64,3.58,3.6,2.446697,45416500
2015-09-01,3.704,3.776,3.588,3.6,2.446697,46782500
2015-09-02,3.592,3.596,3.536,3.548,2.411356,37738500
2015-09-03,3.56,3.58,3.544,3.548,2.411356,21691500
2015-09-04,3.552,3.576,3.524,3.536,2.4032,19098500
2015-09-07,3.54,3.564,3.52,3.556,2.416793,41783500
2015-09-08,3.556,3.576,3.532,3.572,2.427668,36964000
2015-09-09,3.584,3.624,3.572,3.616,2.457572,48104000
2015-09-10,3.576,3.608,3.556,3.604,2.449416,53029500
2015-09-11,3.604,3.608,3.552,3.552,2.414075,30172000
2015-09-14,3.556,3.604,3.54,3.6,2.446697,51871000
2015-09-15,3.612,3.628,3.576,3.604,2.449416,35264000
2015-09-17,3.64,3.704,3.624,3.676,2.49835,62191500
2015-09-18,3.688,3.704,3.664,3.704,2.51738,39791500
2015-09-21,3.696,3.704,3.66,3.68,2.501069,35806500
2015-09-22,3.68,3.68,3.612,3.624,2.463009,26724000
2015-09-23,3.6,3.608,3.528,3.536,2.4032,59438500
2015-09-25,3.52,3.564,3.512,3.52,2.392326,31331000
2015-09-28,3.528,3.544,3.46,3.496,2.376014,29537000
2015-09-29,3.492,3.492,3.468,3.484,2.367859,27152500
2015-09-30,3.488,3.536,3.476,3.504,2.381452,49055500
2015-10-01,3.528,3.56,3.496,3.532,2.400482,28896500
2015-10-02,3.54,3.576,3.5,3.56,2.419512,18489500
2015-10-05,3.564,3.636,3.564,3.636,2.471164,30648500
2015-10-06,3.656,3.664,3.62,3.64,2.473883,27369000
2015-10-07,3.656,3.676,3.604,3.652,2.482039,33254000
2015-10-08,3.66,3.7,3.656,3.676,2.49835,40914500
2015-10-09,3.68,3.7,3.676,3.68,2.501069,35934500
2015-10-12,3.656,3.72,3.656,3.696,2.511943,27841000
2015-10-13,3.668,3.72,3.668,3.708,2.520098,44119500
2015-10-15,3.712,3.74,3.708,3.716,2.525535,43146500
2015-10-16,3.736,3.744,3.716,3.736,2.539128,10766500
2015-10-19,3.712,3.76,3.712,3.74,2.541847,38214500
2015-10-20,3.756,3.756,3.712,3.72,2.528254,37148500
2015-10-21,3.708,3.74,3.696,3.728,2.533691,37898500
2015-10-22,3.72,3.74,3.708,3.728,2.533691,24179000
2015-10-23,3.752,3.752,3.72,3.728,2.533691,27013000
2015-10-26,3.728,3.74,3.704,3.72,2.528254,49767000
2015-10-27,3.7,3.74,3.676,3.68,2.501069,27499500
2015-10-28,3.696,3.7,3.616,3.636,2.471164,29418500
2015-10-29,3.636,3.656,3.616,3.616,2.457572,20352000
2015-10-30,3.616,3.628,3.612,3.616,2.457572,33446500
2015-11-02,3.608,3.624,3.604,3.616,2.457572,18268000
2015-11-03,3.62,3.656,3.608,3.624,2.463009,16957000
2015-11-04,3.64,3.64,3.612,3.636,2.471164,21035000
2015-11-05,3.636,3.652,3.616,3.64,2.473883,30252000
2015-11-06,3.636,3.652,3.636,3.648,2.47932,20833500
2015-11-09,3.648,3.656,3.616,3.636,2.471164,14467000
2015-11-11,3.616,3.628,3.552,3.564,2.42223,26100000
2015-11-12,3.568,3.604,3.56,3.592,2.44126,24721500
2015-11-13,3.596,3.608,3.548,3.604,2.449416,24727000
2015-11-16,3.6,3.604,3.556,3.592,2.44126,25810000
2015-11-17,3.596,3.656,3.596,3.62,2.46029,30257000
2015-11-18,3.6,3.62,3.584,3.6,2.446697,18707000
2015-11-19,3.608,3.616,3.584,3.608,2.452134,15419500
2015-11-20,3.62,3.62,3.568,3.62,2.46029,7515000
2015-11-23,3.62,3.648,3.616,3.644,2.476601,6450500
2015-11-24,3.64,3.672,3.636,3.648,2.47932,14621500
2015-11-25,3.624,3.66,3.624,3.648,2.47932,18050000
2015-11-26,3.64,3.664,3.628,3.652,2.482039,22207000
2015-11-27,3.624,3.66,3.624,3.652,2.482039,24008000
2015-11-30,3.632,3.676,3.624,3.676,2.49835,53670500
2015-12-01,3.64,3.684,3.624,3.676,2.49835,41959000
2015-12-02,3.66,3.692,3.66,3.672,2.495632,15987000
2015-12-03,3.652,3.672,3.64,3.668,2.492913,8394000
2015-12-04,3.664,3.668,3.652,3.656,2.484757,18725000
2015-12-07,3.672,3.676,3.648,3.668,2.492913,9286500
2015-12-08,3.652,3.668,3.632,3.664,2.490194,17565500
2015-12-09,3.648,3.68,3.644,3.66,2.487476,18781500
2015-12-10,3.64,3.648,3.632,3.648,2.47932,17689500
2015-12-11,3.648,3.656,3.628,3.648,2.47932,31527000
2015-12-14,3.624,3.656,3.62,3.652,2.482039,20939500
2015-12-15,3.636,3.656,3.632,3.648,2.47932,23036000
2015-12-16,3.664,3.676,3.636,3.644,2.476601,19436500
2015-12-17,3.636,3.676,3.636,3.668,2.492913,28533000
2015-12-18,3.668,3.672,3.648,3.664,2.490194,26746500
2015-12-21,3.656,3.676,3.64,3.648,2.47932,8862500
2015-12-22,3.668,3.668,3.632,3.656,2.484757,9183000
2015-12-23,3.66,3.676,3.652,3.676,2.49835,17324000
2015-12-28,3.652,3.7,3.652,3.676,2.49835,20236000
2015-12-29,3.68,3.7,3.68,3.7,2.514661,16904500
2015-12-30,3.7,3.744,3.7,3.712,2.522817,20781000
2015-12-31,3.696,3.72,3.696,3.704,2.51738,11706000
2016-01-04,3.704,3.704,3.636,3.656,2.484757,17092500
2016-01-05,3.656,3.68,3.656,3.664,2.490194,22092000
2016-01-06,3.664,3.68,3.652,3.668,2.492913,33922000
2016-01-07,3.656,3.68,3.656,3.668,2.492913,21811500
2016-01-08,3.672,3.676,3.644,3.656,2.484757,28384500
2016-01-11,3.66,3.66,3.584,3.632,2.468446,32296000
2016-01-12,3.624,3.656,3.624,3.64,2.473883,40278000
2016-01-13,3.664,3.696,3.64,3.648,2.47932,21073000
2016-01-14,3.652,3.656,3.624,3.648,2.47932,16873500
2016-01-15,3.64,3.672,3.64,3.652,2.482039,16181500
2016-01-18,3.66,3.66,3.596,3.628,2.465727,30285500
2016-01-19,3.612,3.644,3.612,3.636,2.471164,20076000
2016-01-20,3.644,3.652,3.616,3.628,2.465727,27788500
2016-01-21,3.62,3.632,3.552,3.572,2.427668,30991500
2016-01-22,3.58,3.648,3.58,3.64,2.473883,27356500
2016-01-26,3.6,3.632,3.6,3.628,2.465727,25328500
2016-01-27,3.612,3.66,3.608,3.636,2.471164,24941000
2016-01-28,3.64,3.656,3.628,3.648,2.47932,32592500
2016-01-29,3.66,3.68,3.648,3.68,2.501069,40139000
2016-02-02,3.66,3.7,3.644,3.668,2.492913,36395500
2016-02-03,3.62,3.68,3.62,3.676,2.49835,18681000
2016-02-04,3.68,3.7,3.676,3.696,2.511943,28787000
2016-02-05,3.696,3.72,3.692,3.708,2.520098,27696500
2016-02-08,3.708,3.708,3.708,3.708,2.520098,0
2016-02-09,3.708,3.708,3.708,3.708,2.520098,0
2016-02-10,3.72,3.72,3.692,3.696,2.511943,27032000
2016-02-11,3.7,3.708,3.68,3.7,2.514661,36924500
2016-02-12,3.7,3.712,3.688,3.7,2.514661,23476000
2016-02-15,3.7,3.712,3.68,3.688,2.506505,24812500
2016-02-16,3.7,3.7,3.684,3.688,2.506505,27383500
2016-02-17,3.692,3.7,3.684,3.692,2.509224,18292500
2016-02-18,3.64,3.692,3.636,3.652,2.525824,23707000
2016-02-19,3.66,3.66,3.644,3.66,2.531356,38057000
2016-02-22,3.664,3.68,3.648,3.672,2.539656,18765000
2016-02-23,3.676,3.688,3.668,3.68,2.545189,23920000
2016-02-24,3.68,3.684,3.66,3.668,2.536889,24436500
2016-02-25,3.672,3.684,3.66,3.676,2.542422,43516500
2016-02-26,3.684,3.692,3.672,3.692,2.553488,37038500
2016-02-29,3.668,3.7,3.648,3.696,2.556255,36467500
2016-03-01,3.692,3.704,3.656,3.704,2.561788,27704000
2016-03-02,3.712,3.732,3.7,3.728,2.578387,40583500
2016-03-03,3.756,3.784,3.724,3.732,2.581154,44732000
2016-03-04,3.732,3.788,3.732,3.76,2.600519,48197500
2016-03-07,3.776,3.78,3.756,3.76,2.600519,33993000
2016-03-08,3.776,3.776,3.712,3.74,2.586687,39259000
2016-03-09,3.752,3.756,3.7,3.72,2.572854,29715000
2016-03-10,3.72,3.748,3.708,3.728,2.578387,25859000
2016-03-11,3.716,3.728,3.7,3.716,2.570087,22746500
2016-03-14,3.704,3.74,3.704,3.724,2.575621,35102500
2016-03-15,3.74,3.768,3.712,3.756,2.597752,28508000
2016-03-16,3.744,3.76,3.744,3.756,2.597752,32158000
2016-03-17,3.756,3.788,3.752,3.76,2.600519,27213000
2016-03-18,3.772,3.784,3.764,3.78,2.614352,56715000
2016-03-21,3.78,3.804,3.78,3.792,2.622651,41419000
2016-03-22,3.8,3.8,3.788,3.796,2.625417,29251500
2016-03-23,3.796,3.8,3.744,3.76,2.600519,22819000
2016-03-24,3.76,3.78,3.752,3.756,2.597752,23565500
2016-03-25,3.744,3.752,3.704,3.704,2.561788,8702000
2016-03-28,3.72,3.724,3.696,3.716,2.570087,22651500
2016-03-29,3.716,3.78,3.7,3.744,2.589453,30171500
2016-03-30,3.76,3.784,3.752,3.76,2.600519,41004000
2016-03-31,3.748,3.764,3.748,3.756,2.597752,35005500
2016-04-01,3.772,3.772,3.752,3.756,2.597752,19124000
2016-04-04,3.756,3.78,3.752,3.768,2.606052,30904500
2016-04-05,3.768,3.792,3.768,3.792,2.622651,30772000
2016-04-06,3.792,3.812,3.784,3.804,2.63095,42730500
2016-04-07,3.808,3.872,3.808,3.872,2.677981,43313500
2016-04-08,3.868,3.868,3.832,3.84,2.655849,45030500
2016-04-11,3.84,3.844,3.812,3.828,2.64755,24412000
2016-04-12,3.84,3.856,3.82,3.828,2.64755,15815500
2016-04-13,3.832,3.876,3.82,3.832,2.650316,24209000
2016-04-14,3.852,3.852,3.824,3.84,2.655849,19133500
2016-04-15,3.848,3.852,3.836,3.84,2.655849,27117000
2016-04-18,3.836,3.836,3.808,3.816,2.63925,31022500
2016-04-19,3.824,3.832,3.792,3.8,2.628184,25214500
2016-04-20,3.776,3.836,3.776,3.804,2.63095,28201000
2016-04-21,3.82,3.852,3.804,3.82,2.642016,29090500
2016-04-22,3.84,3.844,3.82,3.828,2.64755,58343000
2016-04-25,3.82,3.828,3.808,3.824,2.644783,28849500
2016-04-26,3.828,3.828,3.748,3.768,2.606052,40557000
2016-04-27,3.768,3.772,3.744,3.752,2.594986,26332500
2016-04-28,3.76,3.776,3.728,3.74,2.586687,40248000
2016-04-29,3.736,3.748,3.712,3.74,2.586687,60367000
2016-05-03,3.78,3.82,3.704,3.712,2.567321,20143500
2016-05-04,3.716,3.792,3.712,3.784,2.617118,16754000
2016-05-05,3.748,3.772,3.736,3.752,2.594986,16735500
2016-05-06,3.752,3.8,3.72,3.792,2.622651,14570000
2016-05-09,3.764,3.828,3.764,3.812,2.636484,26326500
2016-05-10,3.824,3.84,3.772,3.796,2.625417,43551500
2016-05-11,3.8,3.82,3.788,3.792,2.622651,24535000
2016-05-12,3.788,3.812,3.78,3.8,2.628184,13521000
2016-05-13,3.812,3.82,3.78,3.808,2.633717,35663500
2016-05-16,3.792,3.808,3.792,3.8,2.628184,23152500
2016-05-17,3.8,3.84,3.8,3.832,2.650316,24529000
2016-05-18,3.824,3.856,3.804,3.832,2.650316,31097500
2016-05-19,3.808,3.824,3.78,3.82,2.642016,27840500
2016-05-20,3.82,3.836,3.8,3.832,2.650316,17374500
2016-05-23,3.832,3.86,3.808,3.856,2.666915,15914500
2016-05-24,3.856,3.86,3.832,3.836,2.653083,23086500
2016-05-25,3.852,3.86,3.832,3.844,2.658615,15421500
2016-05-26,3.824,3.848,3.82,3.828,2.64755,19847500
2016-05-27,3.848,3.848,3.82,3.828,2.64755,19773500
2016-05-30,3.84,3.84,3.82,3.824,2.644783,16848500
2016-05-31,3.82,3.844,3.816,3.824,2.644783,89886000
2016-06-01,3.832,3.832,3.784,3.784,2.617118,22016000
2016-06-02,3.796,3.832,3.796,3.808,2.633717,31277500
2016-06-03,3.808,3.828,3.808,3.824,2.644783,15292500
2016-06-06,3.824,3.84,3.808,3.82,2.642016,17637000
2016-06-07,3.812,3.84,3.812,3.824,2.644783,29103000
2016-06-08,3.832,3.848,3.82,3.828,2.64755,25506500
2016-06-09,3.84,3.84,3.804,3.808,2.633717,22198000
2016-06-10,3.824,3.828,3.808,3.808,2.633717,9690500
2016-06-13,3.808,3.816,3.744,3.808,2.633717,8576000
2016-06-14,3.816,3.836,3.8,3.836,2.653083,13612500
2016-06-15,3.832,3.836,3.816,3.828,2.64755,21330500
2016-06-16,3.836,3.836,3.82,3.828,2.64755,26877000
2016-06-17,3.832,3.836,3.824,3.828,2.64755,17927500
2016-06-20,3.832,3.848,3.828,3.832,2.650316,19990500
2016-06-21,3.844,3.86,3.828,3.848,2.661382,15010500
2016-06-23,3.848,3.86,3.844,3.852,2.664148,22021000
2016-06-24,3.86,3.86,3.808,3.84,2.655849,24754000
2016-06-27,3.836,3.864,3.804,3.856,2.666915,10991500
2016-06-28,3.852,3.856,3.816,3.836,2.653083,35140000
2016-06-29,3.848,3.876,3.828,3.86,2.669681,25562500
2016-06-30,3.868,3.884,3.868,3.88,2.683514,71346000
2016-07-01,3.88,3.884,3.864,3.88,2.683514,25200500
2016-07-04,3.892,3.896,3.872,3.876,2.680748,22527000
2016-07-05,3.88,3.892,3.868,3.876,2.680748,15771500
2016-07-06,3.876,3.876,3.876,3.876,2.680748,0
2016-07-07,3.876,3.876,3.876,3.876,2.680748,0
2016-07-08,3.884,3.892,3.852,3.868,2.675215,38555500
2016-07-11,3.876,3.884,3.852,3.868,2.675215,17283500
2016-07-12,3.88,3.9,3.868,3.872,2.677981,21591000
2016-07-13,3.884,3.896,3.856,3.88,2.683514,28928500
2016-07-14,3.888,3.888,3.872,3.888,2.689047,34761500
2016-07-15,3.896,3.9,3.876,3.884,2.68628,27703000
2016-07-18,3.884,3.892,3.868,3.88,2.683514,19313500
2016-07-19,3.892,3.936,3.884,3.908,2.702879,40555500
2016-07-20,3.916,3.916,3.888,3.912,2.705646,17187000
2016-07-21,3.9,3.92,3.892,3.892,2.691814,21529000
2016-07-22,3.892,3.9,3.852,3.86,2.669681,14669000
2016-07-25,3.86,3.892,3.86,3.876,2.680748,29747000
2016-07-26,3.892,3.9,3.872,3.9,2.697347,35584500
2016-07-27,3.892,3.92,3.892,3.92,2.711179,28483500
2016-07-28,3.9,3.916,3.896,3.908,2.702879,22623000
2016-07-29,3.916,3.924,3.876,3.884,2.68628,26046000
2016-08-01,3.896,3.94,3.896,3.936,2.722245,28693000
2016-08-02,3.94,3.96,3.936,3.952,2.733311,27843500
2016-08-03,3.956,3.956,3.896,3.916,2.708413,35459500
2016-08-04,3.92,3.928,3.908,3.92,2.711179,32195500
2016-08-05,3.936,3.936,3.9,3.916,2.708413,26646000
2016-08-08,3.92,3.936,3.912,3.928,2.716713,12045000
2016-08-09,3.916,3.924,3.9,3.924,2.713946,36480500
2016-08-10,3.876,3.92,3.876,3.912,2.741982,9824000
2016-08-11,3.92,3.94,3.912,3.932,2.756,14167500
2016-08-12,3.94,3.952,3.936,3.94,2.761608,24372000
2016-08-15,3.94,3.96,3.904,3.952,2.770018,22437500
2016-08-16,3.928,3.968,3.928,3.96,2.775626,31998500
2016-08-17,3.948,3.968,3.948,3.968,2.781234,16126500
2016-08-18,3.968,3.976,3.956,3.976,2.786841,10144500
2016-08-19,3.98,3.98,3.96,3.964,2.77843,5097000
2016-08-22,3.968,3.968,3.94,3.96,2.775626,13155000
2016-08-23,3.96,3.964,3.92,3.96,2.775626,27326500
2016-08-24,3.968,3.968,3.948,3.952,2.770018,23206500
2016-08-25,3.94,3.96,3.94,3.948,2.767215,14701500
2016-08-26,3.948,3.956,3.932,3.94,2.761608,7412500
2016-08-29,3.952,3.96,3.94,3.952,2.770018,9239500
2016-08-30,3.96,3.98,3.948,3.96,2.775626,26201000
2016-09-01,3.984,3.992,3.94,3.952,2.770018,25388500
2016-09-02,3.964,3.98,3.948,3.98,2.789644,13519500
2016-09-05,3.964,3.988,3.964,3.968,2.781234,16101000
2016-09-06,3.968,3.984,3.956,3.98,2.789644,21188000
2016-09-07,3.96,3.992,3.96,3.984,2.792449,13424500
2016-09-08,3.984,3.984,3.964,3.976,2.786841,28976000
2016-09-09,3.98,3.98,3.948,3.96,2.775626,14135500
2016-09-13,3.98,3.992,3.94,3.96,2.775626,19142000
2016-09-14,3.944,3.952,3.884,3.892,2.727964,54055000
2016-09-15,3.88,3.924,3.88,3.9,2.733572,48801500
2016-09-19,3.952,3.956,3.896,3.896,2.730767,36966500
2016-09-20,3.92,3.94,3.896,3.912,2.741982,54619500
2016-09-21,3.912,3.924,3.892,3.9,2.733572,33095000
2016-09-22,3.916,3.94,3.9,3.916,2.744786,42128000
2016-09-23,3.936,3.948,3.916,3.948,2.767215,39548000
2016-09-26,3.956,4,3.94,3.996,2.800859,26464000
2016-09-27,3.976,3.996,3.976,3.988,2.795252,58165500
2016-09-28,3.98,4.02,3.98,3.988,2.795252,38693000
2016-09-29,4,4,3.964,3.976,2.786841,35490000
2016-09-30,3.972,4,3.956,3.964,2.77843,40075500
2016-10-04,3.984,3.984,3.964,3.976,2.786841,29741000
2016-10-05,3.992,3.992,3.968,3.984,2.792449,39747000
2016-10-06,3.992,3.996,3.98,3.992,2.798056,25005000
2016-10-07,3.992,3.992,3.972,3.976,2.786841,27996000
2016-10-10,3.98,3.988,3.948,3.956,2.772823,27307500
2016-10-11,3.956,3.96,3.952,3.956,2.772823,24823000
2016-10-12,3.952,3.956,3.944,3.952,2.770018,28159000
2016-10-13,3.956,3.968,3.94,3.948,2.767215,27984000
2016-10-14,3.944,3.96,3.944,3.944,2.764411,22142000
2016-10-17,3.944,3.96,3.936,3.94,2.761608,36035000
2016-10-18,3.948,3.956,3.932,3.952,2.770018,28650000
2016-10-19,3.952,3.972,3.952,3.96,2.775626,26571000
2016-10-20,3.952,3.968,3.952,3.96,2.775626,18067000
2016-10-21,3.964,3.968,3.94,3.96,2.775626,18755500
2016-10-24,3.96,3.972,3.956,3.964,2.77843,22081000
2016-10-25,3.952,3.976,3.952,3.956,2.772823,26772500
2016-10-26,3.948,3.968,3.948,3.96,2.775626,31430000
2016-10-27,3.96,3.96,3.936,3.952,2.770018,20978000
2016-10-28,3.948,3.968,3.944,3.968,2.781234,20875000
2016-10-31,3.976,3.98,3.944,3.972,2.784037,19831000
2016-11-01,3.972,4.004,3.96,4,2.803663,36347000
2016-11-02,3.984,3.984,3.96,3.972,2.784037,29336000
2016-11-03,3.984,3.984,3.964,3.968,2.781234,36609500
2016-11-04,3.968,3.972,3.956,3.96,2.775626,25924500
2016-11-07,3.948,3.964,3.948,3.956,2.772823,31696000
2016-11-08,3.96,3.968,3.956,3.96,2.775626,27612000
2016-11-09,3.956,3.968,3.932,3.936,2.758804,35545000
2016-11-10,3.94,3.964,3.94,3.956,2.772823,36887500
2016-11-11,3.936,3.956,3.88,3.928,2.753197,48316000
2016-11-14,3.932,3.932,3.892,3.904,2.736375,28737000
2016-11-15,3.92,3.944,3.9,3.94,2.761608,26099000
2016-11-16,3.94,3.952,3.916,3.932,2.756,58300000
2016-11-17,3.944,3.944,3.892,3.912,2.741982,24894500
2016-11-18,3.896,3.92,3.892,3.904,2.736375,31156500
2016-11-21,3.9,3.912,3.9,3.908,2.739178,12121500
2016-11-22,3.908,3.928,3.896,3.908,2.739178,30802000
2016-11-23,3.908,3.92,3.892,3.912,2.741982,34760000
2016-11-24,3.904,3.916,3.904,3.912,2.741982,12147000
2016-11-25,3.908,3.916,3.9,3.9,2.733572,21033500
2016-11-28,3.9,3.912,3.892,3.908,2.739178,26446000
2016-11-29,3.916,3.924,3.904,3.916,2.744786,31669500
2016-11-30,3.92,3.92,3.9,3.916,2.744786,58556000
2016-12-01,3.924,3.928,3.904,3.928,2.753197,22120500
2016-12-02,3.92,3.932,3.908,3.928,2.753197,24138000
2016-12-05,3.928,3.932,3.904,3.904,2.736375,30450500
2016-12-06,3.9,3.936,3.9,3.924,2.750393,16372500
2016-12-07,3.936,3.936,3.92,3.928,2.753197,27253000
2016-12-08,3.94,3.94,3.916,3.924,2.750393,31943500
2016-12-09,3.924,3.928,3.912,3.924,2.750393,29209000
2016-12-13,3.94,3.944,3.924,3.94,2.761608,36291500
2016-12-14,3.928,3.936,3.928,3.936,2.758804,19023500
2016-12-15,3.924,3.94,3.916,3.932,2.756,30982500
2016-12-16,3.932,3.96,3.928,3.96,2.775626,32354500
2016-12-19,3.936,3.952,3.932,3.948,2.767215,29935000
2016-12-20,3.936,3.948,3.936,3.944,2.764411,24319500
2016-12-21,3.952,3.952,3.94,3.948,2.767215,28134500
2016-12-22,3.936,3.948,3.936,3.936,2.758804,16481000
2016-12-23,3.936,3.94,3.928,3.936,2.758804,30291000
2016-12-27,3.92,3.94,3.92,3.936,2.758804,23952500
2016-12-28,3.932,3.94,3.928,3.936,2.758804,34040500
2016-12-29,3.936,3.948,3.92,3.936,2.758804,33199500
2016-12-30,3.94,3.96,3.92,3.944,2.764411,53438000
2017-01-02,3.944,3.944,3.944,3.944,2.764411,0
2017-01-03,3.94,3.956,3.94,3.952,2.770018,7758500
2017-01-04,3.952,3.968,3.952,3.964,2.77843,17266500
2017-01-05,3.968,3.976,3.964,3.972,2.784037,32832500
2017-01-06,3.964,4,3.96,4,2.803663,21399500
2017-01-09,3.996,4,3.988,4,2.803663,21043500
2017-01-10,4,4.02,3.992,4.004,2.806467,31434000
2017-01-11,4.012,4.016,4.004,4.012,2.812074,24676000
2017-01-12,4.012,4.028,4.008,4.012,2.812074,31860500
2017-01-13,4.02,4.032,4.012,4.016,2.814878,30629500
2017-01-16,4.012,4.012,3.988,4.004,2.806467,19464500
2017-01-17,4.004,4.016,4,4.012,2.812074,33948000
2017-01-18,3.992,4.02,3.992,4.016,2.814878,18821000
2017-01-19,4.016,4.024,3.976,4.02,2.817681,24680000
2017-01-20,4.02,4.024,3.98,4.02,2.817681,20859000
2017-01-23,4.02,4.04,4.008,4.032,2.826092,41063000
2017-01-24,4.036,4.036,4.004,4.032,2.826092,39735000
2017-01-25,4.04,4.04,4.032,4.04,2.8317,19787500
2017-01-26,4.032,4.056,4.032,4.056,2.842915,19000500
2017-01-27,4.02,4.052,4.02,4.044,2.834503,29367000
2017-01-31,4.048,4.052,4.02,4.02,2.817681,31867500
2017-02-02,4.02,4.04,3.988,4.028,2.823289,30857000
2017-02-03,4.032,4.044,4.032,4.04,2.8317,25246000
2017-02-06,4.052,4.052,4.032,4.036,2.828896,19161000
2017-02-07,4.036,4.048,4.032,4.04,2.8317,16193000
2017-02-08,4.04,4.044,3.996,3.996,2.800859,31039500
2017-02-10,4.012,4.044,4.004,4.02,2.817681,27318500
2017-02-13,4.048,4.048,4.032,4.044,2.834503,19908000
2017-02-14,4.04,4.044,4.036,4.044,2.834503,13568500
2017-02-15,4.036,4.048,4.036,4.044,2.834503,37310500
2017-02-16,3.992,4.024,3.98,4.016,2.860142,16131000
2017-02-17,4,4.012,3.996,4,2.848747,23241500
2017-02-20,4.012,4.016,3.996,4.008,2.854445,30223000
2017-02-21,4.012,4.016,4,4.008,2.854445,36145000
2017-02-22,4.012,4.012,4,4.008,2.854445,28021000
2017-02-23,4.012,4.012,3.98,4.004,2.851596,27291500
2017-02-24,4,4.008,3.988,4.004,2.851596,17480000
2017-02-27,4.004,4.008,3.988,3.988,2.840201,26407500
2017-02-28,3.98,4.012,3.98,3.992,2.843049,37439500
2017-03-01,3.988,4.004,3.984,3.988,2.840201,19147500
2017-03-02,3.988,4.012,3.984,3.996,2.845898,24254000
2017-03-03,3.996,3.996,3.968,3.976,2.831655,27374000
2017-03-06,3.988,4.008,3.976,3.988,2.840201,9166000
2017-03-07,3.984,4,3.98,3.988,2.840201,17569500
2017-03-08,3.98,4,3.96,3.984,2.837352,33572000
2017-03-09,3.972,3.984,3.96,3.96,2.82026,31705000
2017-03-10,3.952,3.968,3.932,3.96,2.82026,34289500
2017-03-13,3.968,3.976,3.968,3.972,2.828806,26319500
2017-03-14,3.976,3.976,3.968,3.968,2.825957,36343000
2017-03-15,3.968,3.972,3.96,3.972,2.828806,20209500
2017-03-16,3.972,4.048,3.968,3.976,2.831655,57852500
2017-03-17,4,4.044,3.988,4.036,2.874386,82850000
2017-03-20,4.024,4.048,4.02,4.028,2.868688,18695500
2017-03-21,4.032,4.032,3.988,4.016,2.860142,17520000
2017-03-22,3.964,4,3.964,3.992,2.843049,41238000
2017-03-23,3.984,3.996,3.984,3.992,2.843049,34708500
2017-03-24,3.996,3.996,3.988,3.992,2.843049,37719500
2017-03-27,4,4,3.98,3.984,2.837352,17321000
2017-03-28,3.996,4.016,3.98,3.984,2.837352,22182500
2017-03-29,3.992,4,3.98,3.988,2.840201,30571500
2017-03-30,3.98,3.988,3.98,3.988,2.840201,20555500
2017-03-31,3.988,4.004,3.98,3.98,2.834503,21020500
2017-04-03,3.984,3.996,3.976,3.992,2.843049,24628500
2017-04-04,4,4,3.988,3.992,2.843049,10603000
2017-04-05,3.992,3.992,3.98,3.988,2.840201,48606500
2017-04-06,3.98,3.988,3.972,3.984,2.837352,14147500
2017-04-07,3.988,4,3.98,4,2.848747,30389500
2017-04-10,3.996,4.004,3.984,3.996,2.845898,3352000
2017-04-11,4,4.004,3.984,3.996,2.845898,11802500
2017-04-12,3.992,3.996,3.988,3.992,2.843049,12663000
2017-04-13,3.996,3.996,3.984,3.988,2.840201,6793000
2017-04-14,3.984,3.992,3.972,3.98,2.834503,3995500
2017-04-17,4,4,3.98,3.984,2.837352,8524000
2017-04-18,3.984,3.992,3.98,3.984,2.837352,15353500
2017-04-19,3.984,3.988,3.98,3.984,2.837352,10588000
2017-04-20,3.972,3.992,3.972,3.984,2.837352,12148500
2017-04-21,3.992,3.996,3.98,3.992,2.843049,23528000
2017-04-24,3.984,3.984,3.984,3.984,2.837352,0
2017-04-25,4.02,4.02,3.98,3.992,2.843049,30315500
2017-04-26,4,4,3.988,3.992,2.843049,18419000
2017-04-27,3.988,3.996,3.988,3.992,2.843049,13530500
2017-04-28,3.988,3.992,3.98,3.992,2.843049,27034500
2017-05-02,3.992,4.116,3.992,4.048,2.882932,53218000
2017-05-03,4.048,4.092,4.012,4.028,2.868688,8767000
2017-05-04,4.036,4.036,3.988,3.996,2.845898,26931000
2017-05-05,4.016,4.016,3.996,4,2.848747,8610000
2017-05-08,4.012,4.012,3.992,4,2.848747,8416000
2017-05-09,4,4.004,3.984,3.996,2.845898,11664500
2017-05-11,4.004,4.044,3.992,3.992,2.843049,24071000
2017-05-12,3.996,4.008,3.988,3.996,2.845898,8165500
2017-05-15,3.996,4,3.988,3.996,2.845898,9508500
2017-05-16,4.076,4.108,3.996,4.032,2.871537,33418500
2017-05-17,4.04,4.048,3.996,4.008,2.854445,18302000
2017-05-18,3.992,4.02,3.984,4.004,2.851596,18138000
2017-05-19,4.016,4.016,3.996,4,2.848747,9458000
2017-05-22,4,4.02,3.996,4.02,2.862991,18786500
2017-05-23,4.02,4.06,4.016,4.028,2.868688,25663500
2017-05-24,4.048,4.048,4.012,4.016,2.860142,17387000
2017-05-25,4.016,4.024,4.008,4.016,2.860142,9342500
2017-05-26,4.02,4.036,4.008,4.016,2.860142,25644000
2017-05-29,4.016,4.028,4.004,4.004,2.851596,13993000
2017-05-31,4.016,4.016,4.004,4.012,2.857293,88620000
2017-06-01,4.016,4.02,3.996,4.008,2.854445,10869500
2017-06-02,4.012,4.032,4.008,4.024,2.865839,31391500
2017-06-05,4.032,4.076,4.024,4.06,2.891478,27772500
2017-06-06,4.06,4.076,4.052,4.06,2.891478,22040500
2017-06-07,4.068,4.072,4.032,4.032,2.871537,15416500
2017-06-08,4.048,4.072,4.044,4.064,2.894327,22769500
2017-06-09,4.032,4.08,4.032,4.076,2.902873,13964000
2017-06-13,4.072,4.08,4.072,4.076,2.902873,15002500
2017-06-14,4.084,4.084,4.064,4.08,2.905722,15852000
2017-06-15,4.08,4.084,4.076,4.076,2.902873,7511500
2017-06-16,4.084,4.1,4.076,4.08,2.905722,28365000
2017-06-19,4.064,4.08,4.064,4.068,2.897176,13766000
2017-06-20,4.068,4.08,4.064,4.064,2.894327,16386500
2017-06-21,4.084,4.084,4.068,4.076,2.902873,13918000
2017-06-22,4.08,4.08,4.06,4.076,2.902873,21836000
2017-06-23,4.076,4.076,4.068,4.076,2.902873,19917000
2017-06-26,4.076,4.076,4.076,4.076,2.902873,0
2017-06-27,4.076,4.076,4.076,4.076,2.902873,0
2017-06-28,4.1,4.132,4.052,4.052,2.88578,26421500
2017-06-29,4.052,4.068,4.052,4.06,2.891478,18110500
2017-06-30,4.052,4.068,4.032,4.064,2.894327,26001000
2017-07-03,4.064,4.064,4.044,4.064,2.894327,8164000
2017-07-04,4.068,4.068,4.044,4.06,2.891478,9238500
2017-07-05,4.052,4.072,4.052,4.068,2.897176,9662000
2017-07-06,4.068,4.072,4.06,4.064,2.894327,10427000
2017-07-07,4.06,4.072,4.056,4.056,2.88863,13158500
2017-07-10,4.056,4.064,4.052,4.064,2.894327,16429000
2017-07-11,4.072,4.076,4.056,4.064,2.894327,19420500
2017-07-12,4.068,4.072,4.048,4.068,2.897176,18571000
2017-07-13,4.072,4.088,4.064,4.072,2.900024,20788000
2017-07-14,4.076,4.08,4.068,4.072,2.900024,17752000
2017-07-17,4.072,4.08,4.068,4.072,2.900024,4996000
2017-07-18,4.064,4.08,4.064,4.072,2.900024,13764000
2017-07-19,4.076,4.1,4.068,4.072,2.900024,19428000
2017-07-20,4.08,4.08,4.06,4.072,2.900024,26464500
2017-07-21,4.068,4.072,4.068,4.072,2.900024,22462000
2017-07-24,4.084,4.084,4.068,4.076,2.902873,40644000
2017-07-25,4.084,4.088,4.076,4.084,2.908571,13018000
2017-07-26,4.092,4.116,4.076,4.1,2.919966,10927500
2017-07-27,4.096,4.104,4.092,4.1,2.919966,23404000
2017-07-28,4.116,4.128,4.104,4.108,2.925663,35099000
2017-07-31,4.112,4.128,4.056,4.056,2.88863,57395500
2017-08-01,4.06,4.128,4.048,4.12,2.934209,20679000
2017-08-02,4.108,4.148,4.108,4.128,2.939907,13174000
2017-08-03,4.128,4.14,4.12,4.12,2.934209,8574000
2017-08-04,4.116,4.152,4.116,4.152,2.957,13383500
2017-08-07,4.096,4.136,4.068,4.132,2.981533,16644500
2017-08-08,4.132,4.148,4.12,4.124,2.975761,33051000
2017-08-09,4.112,4.132,4.112,4.124,2.975761,23833000
2017-08-10,4.12,4.124,4.116,4.12,2.972874,22700000
2017-08-11,4.116,4.124,4.092,4.116,2.969987,26252000
2017-08-14,4.112,4.132,4.108,4.116,2.969987,24466000
2017-08-15,4.124,4.124,4.108,4.116,2.969987,20850000
2017-08-16,4.116,4.128,4.116,4.116,2.969987,22750500
2017-08-17,4.12,4.12,4.108,4.112,2.967101,15134500
2017-08-18,4.108,4.12,4.088,4.116,2.969987,20646500
2017-08-21,4.116,4.124,4.112,4.116,2.969987,17727000
2017-08-22,4.104,4.12,4.104,4.116,2.969987,18375500
2017-08-23,4.116,4.12,4.112,4.112,2.967101,22953500
2017-08-24,4.116,4.116,4.108,4.112,2.967101,17364000
2017-08-25,4.116,4.12,4.108,4.116,2.969987,17506000
2017-08-28,4.124,4.124,4.112,4.116,2.969987,11621500
2017-08-29,4.104,4.12,4.096,4.116,2.969987,24235000
2017-08-30,4.112,4.12,4.104,4.12,2.972874,44057000
2017-08-31,4.12,4.12,4.12,4.12,2.972874,0
2017-09-01,4.12,4.12,4.12,4.12,2.972874,0
2017-09-04,4.12,4.12,4.12,4.12,2.972874,0
2017-09-05,4.136,4.136,4.104,4.12,2.972874,24537000
2017-09-06,4.124,4.124,4.108,4.12,2.972874,20186000
2017-09-07,4.128,4.128,4.112,4.116,2.969987,26694500
2017-09-08,4.12,4.12,4.112,4.12,2.972874,20407500
2017-09-11,4.12,4.128,4.108,4.12,2.972874,20483000
2017-09-12,4.112,4.14,4.112,4.124,2.975761,28205500
2017-09-13,4.136,4.18,4.116,4.116,2.969987,15475000
2017-09-14,4.124,4.128,4.116,4.116,2.969987,18004500
2017-09-15,4.124,4.124,4.108,4.108,2.964215,28273500
2017-09-18,4.108,4.124,4.108,4.116,2.969987,9175000
2017-09-19,4.124,4.132,4.116,4.12,2.972874,10849000
2017-09-20,4.112,4.128,4.112,4.12,2.972874,15657000
2017-09-21,4.124,4.124,4.116,4.116,2.969987,5799500
2017-09-22,4.116,4.116,4.116,4.116,2.969987,0
2017-09-25,4.108,4.12,4.104,4.12,2.972874,20520500
2017-09-26,4.12,4.12,4.108,4.112,2.967101,14404000
2017-09-27,4.116,4.12,4.108,4.116,2.969987,19429500
2017-09-28,4.112,4.128,4.108,4.116,2.969987,37695000
2017-09-29,4.132,4.132,4.088,4.088,2.949784,24418500
2017-10-02,4.092,4.12,4.092,4.116,2.969987,17210500
2017-10-03,4.112,4.12,4.108,4.12,2.972874,21119000
2017-10-04,4.12,4.12,4.108,4.116,2.969987,21375000
2017-10-05,4.112,4.116,4.104,4.112,2.967101,19194000
2017-10-06,4.116,4.116,4.1,4.112,2.967101,26671000
2017-10-09,4.108,4.12,4.108,4.112,2.967101,14061000
2017-10-10,4.104,4.12,4.104,4.112,2.967101,12420500
2017-10-11,4.112,4.12,4.104,4.112,2.967101,22344500
2017-10-12,4.116,4.12,4.104,4.112,2.967101,18195500
2017-10-13,4.1,4.112,4.092,4.1,2.958442,25960000
2017-10-16,4.1,4.1,4.072,4.092,2.95267,25775000
2017-10-17,4.092,4.096,4.088,4.092,2.95267,38443500
2017-10-18,4.092,4.092,4.092,4.092,2.95267,0
2017-10-19,4.08,4.1,4.08,4.096,2.955556,27744000
2017-10-20,4.096,4.096,4.076,4.092,2.95267,39573000
2017-10-23,4.096,4.096,4.088,4.092,2.95267,12950500
2017-10-24,4.092,4.092,4.088,4.088,2.949784,14947000
2017-10-25,4.08,4.092,4.08,4.092,2.95267,14341500
2017-10-26,4.096,4.096,4.088,4.096,2.955556,44520000
2017-10-27,4.096,4.1,4.092,4.096,2.955556,28594500
2017-10-30,4.096,4.1,4.088,4.1,2.958442,14103000
2017-10-31,4.088,4.108,4.084,4.092,2.95267,48641500
2017-11-01,4.088,4.096,4.076,4.088,2.949784,19439500
2017-11-02,4.076,4.1,4.076,4.088,2.949784,22424000
2017-11-03,4.084,4.096,4.084,4.092,2.95267,13723500
2017-11-06,4.092,4.1,4.088,4.096,2.955556,13935000
2017-11-07,4.092,4.108,4.084,4.096,2.955556,16288500
2017-11-08,4.088,4.1,4.08,4.092,2.95267,13369000
2017-11-09,4.096,4.1,4.088,4.092,2.95267,18887000
2017-11-10,4.092,4.096,4.068,4.092,2.95267,17552500
2017-11-13,4.08,4.1,4.076,4.092,2.95267,17576500
2017-11-14,4.096,4.096,4.084,4.092,2.95267,19867000
2017-11-15,4.092,4.1,4.084,4.084,2.946897,24705500
2017-11-16,4.1,4.1,4.088,4.088,2.949784,34284500
2017-11-17,4.084,4.092,4.072,4.076,2.941125,23238500
2017-11-20,4.076,4.08,4.056,4.064,2.932466,35590000
2017-11-21,4.064,4.072,4.06,4.064,2.932466,26560000
2017-11-22,4.072,4.088,4.064,4.072,2.938238,34902000
2017-11-23,4.072,4.076,4.056,4.064,2.932466,8161000
2017-11-24,4.056,4.064,4.052,4.064,2.932466,32560500
2017-11-27,4.06,4.064,4.052,4.06,2.929579,22060500
2017-11-28,4.064,4.064,4.04,4.056,2.926693,21252500
2017-11-29,4.052,4.056,4.048,4.052,2.923807,27550500
2017-11-30,4.048,4.052,3.98,3.98,2.871854,65789500
2017-12-01,3.98,3.98,3.98,3.98,2.871854,0
2017-12-04,4.004,4.036,3.996,4,2.886285,24275500
2017-12-05,4,4.02,3.996,4,2.886285,28640000
2017-12-06,4,4.012,3.996,4.004,2.889172,24375500
2017-12-07,4.004,4.012,3.992,3.992,2.880513,21577500
2017-12-08,3.988,4.008,3.988,4.004,2.889172,18481000
2017-12-11,4.008,4.008,3.996,4.004,2.889172,19808500
2017-12-12,4.008,4.052,4.004,4.04,2.915148,18089500
2017-12-13,4.04,4.072,4.012,4.072,2.938238,13964500
2017-12-14,4.068,4.216,4.064,4.16,3.001736,50855500
2017-12-15,4.176,4.18,4.072,4.152,2.995964,36893500
2017-12-18,4.164,4.164,4.108,4.14,2.987305,22777500
2017-12-19,4.16,4.16,4.048,4.1,2.958442,29701000
2017-12-20,4.096,4.196,4.096,4.144,2.990192,33846000
2017-12-21,4.148,4.148,4.112,4.136,2.984419,8661500
2017-12-22,4.144,4.148,4.116,4.14,2.987305,11178000
2017-12-25,4.14,4.14,4.14,4.14,2.987305,0
2017-12-26,4.104,4.164,4.104,4.14,2.987305,11155000
2017-12-27,4.144,4.156,4.128,4.14,2.987305,14481500
2017-12-28,4.144,4.184,4.136,4.164,3.004623,12196000
2017-12-29,4.172,4.172,4.144,4.156,2.998851,12664000
2018-01-02,4.152,4.16,4.124,4.152,2.995964,10640000
2018-01-03,4.16,4.172,4.148,4.152,2.995964,19802000
2018-01-04,4.152,4.176,4.14,4.148,2.993078,23738000
2018-01-05,4.148,4.172,4.148,4.156,2.998851,19008500
2018-01-08,4.172,4.172,4.152,4.164,3.004623,38458000
2018-01-09,4.176,4.196,4.152,4.164,3.004623,34583500
2018-01-10,4.176,4.18,4.16,4.168,3.00751,31996500
2018-01-11,4.176,4.176,4.164,4.172,3.010396,20925500
2018-01-12,4.18,4.196,4.168,4.176,3.013282,18041500
2018-01-15,4.188,4.192,4.172,4.176,3.013282,19692000
2018-01-16,4.184,4.188,4.168,4.176,3.013282,17384000
2018-01-17,4.18,4.184,4.172,4.176,3.013282,27636500
2018-01-18,4.176,4.192,4.16,4.176,3.013282,22616500
2018-01-19,4.172,4.184,4.172,4.18,3.016168,20384000
2018-01-22,4.192,4.192,4.18,4.192,3.024827,16319000
2018-01-23,4.188,4.196,4.18,4.192,3.024827,16096500
2018-01-24,4.188,4.2,4.184,4.192,3.024827,8247000
2018-01-25,4.192,4.24,4.192,4.24,3.059463,20442500
2018-01-26,4.236,4.276,4.236,4.26,3.073894,20867000
2018-01-29,4.26,4.408,4.26,4.38,3.160482,31916500
2018-01-30,4.38,4.476,4.356,4.396,3.172028,37765000
2018-02-02,4.52,4.524,4.384,4.4,3.174914,44830500
2018-02-05,4.36,4.404,4.344,4.396,3.172028,30047000
2018-02-06,4.2,4.344,4.2,4.296,3.09987,81680000
2018-02-07,4.336,4.4,4.336,4.388,3.166255,34472500
2018-02-08,4.388,4.4,4.376,4.396,3.172028,39817000
2018-02-09,4.308,4.384,4.308,4.36,3.146052,36119000
2018-02-12,4.392,4.396,4.38,4.388,3.166255,46628000
2018-02-13,4.396,4.404,4.388,4.404,3.1778,49272500
2018-02-14,4.408,4.412,4.392,4.408,3.180686,16060500
2018-02-15,4.416,4.416,4.368,4.368,3.151824,6407000
2018-02-16,4.368,4.368,4.368,4.368,3.151824,0
2018-02-19,4.388,4.4,4.384,4.396,3.172028,15443500
2018-02-20,4.4,4.456,4.396,4.416,3.186459,22095500
2018-02-21,4.416,4.452,4.416,4.428,3.195117,23700500
2018-02-22,4.428,4.476,4.428,4.456,3.215322,33233000
2018-02-23,4.472,4.58,4.464,4.56,3.290366,42346500
2018-02-26,4.58,4.608,4.56,4.58,3.304797,47488000
2018-02-27,4.592,4.6,4.58,4.6,3.319228,35892000
2018-02-28,4.6,4.6,4.576,4.6,3.319228,42251000
2018-03-01,4.6,4.6,4.584,4.6,3.319228,19797000
2018-03-02,4.592,4.6,4.588,4.596,3.316343,18314000
2018-03-05,4.596,4.608,4.58,4.58,3.304797,16840500
2018-03-06,4.592,4.632,4.592,4.6,3.319228,37698000
2018-03-07,4.604,4.604,4.588,4.588,3.310569,37313000
2018-03-08,4.608,4.64,4.592,4.6,3.319228,19952500
2018-03-09,4.62,4.62,4.592,4.6,3.319228,13658000
2018-03-12,4.624,4.624,4.592,4.6,3.319228,19761500
2018-03-13,4.532,4.6,4.516,4.6,3.369032,20065500
2018-03-14,4.612,4.628,4.592,4.6,3.369032,22308000
2018-03-15,4.6,4.624,4.56,4.6,3.369032,25369500
2018-03-16,4.6,4.632,4.56,4.604,3.371961,62736500
2018-03-19,4.624,4.632,4.616,4.624,3.386608,20388500
2018-03-20,4.624,4.704,4.608,4.704,3.445201,38165500
2018-03-21,4.708,4.736,4.68,4.736,3.468638,40099500
2018-03-22,4.72,4.824,4.72,4.808,3.52137,40608000
2018-03-23,4.776,4.816,4.768,4.8,3.515511,26935500
2018-03-26,4.796,4.796,4.736,4.784,3.503793,21390000
2018-03-27,4.78,4.804,4.78,4.796,3.512582,23412500
2018-03-28,4.788,4.8,4.784,4.792,3.509652,20071000
2018-03-29,4.792,4.816,4.776,4.8,3.515511,42832000
2018-03-30,4.804,4.804,4.796,4.8,3.515511,15848000
2018-04-02,4.8,4.804,4.768,4.78,3.500863,19856000
2018-04-03,4.78,4.8,4.768,4.792,3.509652,20028000
2018-04-04,4.78,4.804,4.744,4.78,3.500863,28928000
2018-04-05,4.78,4.796,4.752,4.788,3.506722,33088000
2018-04-06,4.788,4.796,4.772,4.788,3.506722,9189000
2018-04-09,4.792,4.796,4.764,4.788,3.506722,20108500
2018-04-10,4.768,4.796,4.768,4.792,3.509652,30149500
2018-04-11,4.78,4.808,4.78,4.792,3.509652,21497000
2018-04-12,4.78,4.808,4.776,4.808,3.52137,26366000
2018-04-13,4.804,4.808,4.788,4.796,3.512582,25046000
2018-04-16,4.792,4.808,4.76,4.808,3.52137,15913500
2018-04-17,4.82,4.82,4.78,4.796,3.512582,15977000
2018-04-18,4.8,4.8,4.784,4.8,3.515511,19294500
2018-04-19,4.812,4.86,4.792,4.848,3.550666,30332000
2018-04-20,4.848,4.848,4.804,4.84,3.544807,25208500
2018-04-23,4.84,4.868,4.832,4.86,3.559455,11950500
2018-04-24,4.88,4.9,4.82,4.82,3.530159,29667000
2018-04-25,4.832,4.832,4.764,4.768,3.492075,38921000
2018-04-26,4.792,4.792,4.644,4.744,3.474497,38256000
2018-04-27,4.808,4.816,4.72,4.72,3.456919,22837500
2018-04-30,4.724,4.776,4.724,4.76,3.486216,20770500
2018-05-02,4.76,4.8,4.72,4.8,3.515511,31728500
2018-05-03,4.8,4.816,4.764,4.788,3.506722,26184000
2018-05-04,4.772,4.784,4.752,4.76,3.486216,17019000
2018-05-07,4.78,4.78,4.696,4.74,3.471567,30659500
2018-05-08,4.76,4.788,4.724,4.776,3.497934,28800500
2018-05-14,4.784,5.156,4.716,4.96,3.632695,70989000
2018-05-15,5.02,5.096,4.8,4.8,3.515511,27412500
2018-05-16,4.824,4.988,4.8,4.9,3.588751,28939000
2018-05-17,4.928,4.956,4.864,4.868,3.565313,30902500
2018-05-18,4.872,4.892,4.864,4.876,3.571173,28490000
2018-05-21,4.912,5.072,4.88,5,3.661991,30973500
2018-05-22,5.02,5.052,5.004,5.04,3.691286,23272000
2018-05-23,5.072,5.096,4.98,5.02,3.676639,25269500
2018-05-24,5.016,5.024,4.844,4.872,3.568244,49620500
2018-05-25,4.968,5.04,4.932,4.984,3.650272,49286000
2018-05-28,4.984,4.992,4.912,4.98,3.647342,28234000
2018-05-30,4.98,4.98,4.98,4.98,3.647342,0
2018-05-31,4.796,4.796,4.796,4.796,3.512582,0
2018-06-01,4.784,4.824,4.772,4.8,3.515511,25435500
2018-06-04,4.848,4.86,4.788,4.804,3.518441,39832500
2018-06-05,4.828,4.832,4.796,4.804,3.518441,44600500
2018-06-06,4.832,5,4.804,5,3.661991,35968500
2018-06-07,5.004,5.044,4.944,4.96,3.632695,25420500
2018-06-08,4.984,4.996,4.856,4.92,3.603399,28207500
2018-06-11,4.876,4.936,4.836,4.868,3.565313,32240000
2018-06-12,4.856,4.892,4.848,4.86,3.559455,18886500
2018-06-13,4.856,4.86,4.764,4.816,3.527229,37336000
2018-06-14,4.796,4.828,4.74,4.808,3.52137,40453000
2018-06-18,4.768,4.82,4.7,4.8,3.515511,30949500
2018-06-19,4.764,4.8,4.664,4.672,3.421765,51356500
2018-06-20,4.696,4.752,4.556,4.556,3.336806,66546000
2018-06-21,4.564,4.596,4.472,4.524,3.31337,80485500
2018-06-22,4.508,4.608,4.492,4.584,3.357313,29764000
2018-06-25,4.608,4.608,4.544,4.544,3.328017,22936500
2018-06-26,4.556,4.592,4.548,4.58,3.354383,26291500
2018-06-27,4.596,4.656,4.596,4.62,3.38368,26499500
2018-06-28,4.596,4.624,4.584,4.6,3.369032,20033000
2018-06-29,4.624,4.672,4.596,4.672,3.421765,34564500
2018-07-02,4.628,4.672,4.56,4.596,3.366102,23085000
2018-07-03,4.572,4.624,4.564,4.6,3.369032,12947000
2018-07-04,4.612,4.612,4.58,4.596,3.366102,3000500
2018-07-05,4.572,4.596,4.508,4.58,3.354383,11465500
2018-07-06,4.596,4.596,4.468,4.504,3.298721,43761500
2018-07-09,4.504,4.524,4.48,4.508,3.301651,27164500
2018-07-10,4.516,4.524,4.5,4.508,3.301651,36690500
2018-07-11,4.496,4.572,4.484,4.56,3.339735,27598000
2018-07-12,4.576,4.612,4.56,4.6,3.369032,46922000
2018-07-13,4.588,4.624,4.58,4.6,3.369032,51629000
2018-07-16,4.608,4.624,4.592,4.604,3.371961,43114000
2018-07-17,4.604,4.72,4.596,4.72,3.456919,26394000
2018-07-18,4.676,4.756,4.636,4.74,3.471567,24088000
2018-07-19,4.76,4.8,4.728,4.78,3.500863,18283500
2018-07-20,4.788,4.796,4.76,4.788,3.506722,24975500
2018-07-23,4.796,4.8,4.768,4.792,3.509652,21290000
2018-07-24,4.8,4.82,4.788,4.796,3.512582,32416000
2018-07-25,4.796,4.808,4.784,4.8,3.515511,27843500
2018-07-26,4.82,4.82,4.796,4.804,3.518441,37868500
2018-07-27,4.812,4.816,4.804,4.808,3.52137,28136000
2018-07-30,4.804,4.812,4.796,4.804,3.518441,33845500
2018-07-31,4.808,4.82,4.796,4.812,3.524299,56903000
2018-08-01,4.812,4.84,4.812,4.84,3.544807,29540500
2018-08-02,4.84,4.848,4.824,4.836,3.541877,28725500
2018-08-03,4.844,4.848,4.828,4.832,3.538947,17481000
2018-08-06,4.84,4.856,4.836,4.852,3.553596,19912500
2018-08-07,4.856,4.892,4.848,4.864,3.562385,21222000
2018-08-08,4.864,4.876,4.848,4.864,3.562385,22990000
2018-08-09,4.884,4.888,4.86,4.88,3.574103,17658000
2018-08-10,4.884,4.904,4.88,4.88,3.574103,11638000
2018-08-13,4.888,4.888,4.852,4.876,3.571173,16629000
2018-08-14,4.876,4.884,4.86,4.88,3.574103,16654000
2018-08-15,4.864,4.92,4.86,4.896,3.585821,25747000
2018-08-16,4.892,4.904,4.872,4.896,3.585821,25759500
2018-08-17,4.9,4.904,4.892,4.9,3.588751,18881500
2018-08-20,4.916,4.92,4.892,4.9,3.588751,22664500
2018-08-21,4.9,4.936,4.892,4.936,3.615117,24608000
2018-08-23,4.94,5.064,4.94,5.064,3.708864,29807000
2018-08-24,5.016,5.024,4.94,4.98,3.647342,38319500
2018-08-27,4.98,5,4.956,4.996,3.659061,26161000
2018-08-28,5,5.004,4.984,5,3.661991,32322000
2018-08-29,4.984,5.02,4.984,5.008,3.66785,34987500
2018-08-30,5.02,5.032,5.004,5.024,3.679567,33101000
2018-09-03,5.024,5.04,5.02,5.024,3.679567,18893000
2018-09-04,5.028,5.04,5.024,5.036,3.688357,28563000
2018-09-05,4.976,5.008,4.944,4.996,3.706161,35601000
2018-09-06,4.996,5.012,4.976,4.996,3.706161,23159500
2018-09-07,5.008,5.008,4.992,5,3.709128,21312500
2018-09-12,5.1,5.232,4.972,4.984,3.697259,51379000
2018-09-13,4.976,5,4.856,4.984,3.697259,39011500
2018-09-14,4.984,4.992,4.976,4.988,3.700226,24517500
2018-09-18,4.92,4.992,4.908,4.98,3.694291,23228000
2018-09-19,4.992,5.052,4.96,5.012,3.71803,25231500
2018-09-20,5.016,5.024,4.984,5.004,3.712095,23138000
2018-09-21,5.02,5.024,5.004,5.012,3.71803,48230500
2018-09-24,5.004,5.032,4.992,5,3.709128,16875000
2018-09-25,4.992,5.016,4.992,5,3.709128,22307500
2018-09-26,5,5.004,4.98,5,3.709128,38715500
2018-09-27,4.988,5.004,4.98,5,3.709128,53479000
2018-09-28,4.98,5.012,4.96,5,3.709128,24640000
2018-10-01,5,5.008,4.988,5,3.709128,12531000
2018-10-02,4.984,5.008,4.984,5.004,3.712095,22384500
2018-10-03,5,5.012,4.996,5,3.709128,13521000
2018-10-04,4.996,5.004,4.992,5,3.709128,32406500
2018-10-05,4.98,5.008,4.98,4.996,3.706161,15970000
2018-10-08,5,5,4.992,4.996,3.706161,5642500
2018-10-09,4.996,5,4.988,4.992,3.703193,16502500
2018-10-10,4.996,5,4.984,4.996,3.706161,39474000
2018-10-11,4.94,4.984,4.864,4.98,3.694291,36265500
2018-10-12,4.964,5,4.932,4.996,3.706161,30903000
2018-10-15,4.984,5.004,4.968,4.996,3.706161,17461500
2018-10-16,4.992,5,4.984,4.996,3.706161,27444000
2018-10-17,5,5.004,4.98,4.996,3.706161,42438500
2018-10-18,4.984,5.004,4.984,5.004,3.712095,41301000
2018-10-19,5.004,5.008,4.964,5,3.709128,25270500
2018-10-22,4.992,5.004,4.972,4.996,3.706161,24491500
2018-10-23,4.992,5,4.972,4.98,3.694291,32717000
2018-10-24,5,5,4.972,4.976,3.691324,25368500
2018-10-25,4.908,4.996,4.892,4.98,3.694291,22141500
2018-10-26,4.972,4.976,4.888,4.924,3.652749,22918000
2018-10-29,4.912,4.952,4.892,4.916,3.646815,24663000
2018-10-30,4.92,4.92,4.868,4.908,3.64088,18087500
2018-10-31,4.912,4.944,4.904,4.92,3.649782,35882500
2018-11-01,4.904,4.936,4.904,4.92,3.649782,23675000
2018-11-02,4.94,4.94,4.908,4.924,3.652749,16125000
2018-11-05,4.952,4.952,4.856,4.916,3.646815,26375000
2018-11-07,4.904,4.956,4.904,4.92,3.649782,22254000
2018-11-08,4.948,4.976,4.928,4.94,3.664618,19604500
2018-11-09,4.924,4.952,4.924,4.94,3.664618,17669500
2018-11-12,4.92,4.94,4.884,4.936,3.661651,7238000
2018-11-13,4.892,4.94,4.892,4.928,3.655716,25059500
2018-11-14,4.94,4.94,4.872,4.904,3.637912,12663000
2018-11-15,4.872,4.912,4.844,4.9,3.634945,19753000
2018-11-16,4.9,4.936,4.896,4.924,3.652749,33661000
2018-11-19,4.932,5,4.916,5,3.709128,17727500
2018-11-21,4.96,4.976,4.924,4.964,3.682423,22840500
2018-11-22,4.94,4.972,4.936,4.96,3.679455,8375000
2018-11-23,4.964,4.964,4.952,4.96,3.679455,5887500
2018-11-26,4.932,5,4.932,4.988,3.700226,15792500
2018-11-27,4.992,4.992,4.948,4.96,3.679455,19108000
2018-11-28,4.972,4.984,4.956,4.976,3.691324,21723500
2018-11-29,4.976,4.98,4.964,4.98,3.694291,26792500
2018-11-30,4.988,4.996,4.952,4.984,3.697259,50849000
2018-12-03,4.996,4.996,4.972,4.976,3.691324,27689000
2018-12-04,4.964,4.98,4.928,4.976,3.691324,26117000
2018-12-05,4.944,4.984,4.944,4.976,3.691324,12797000
2018-12-06,4.952,4.976,4.948,4.976,3.691324,15628500
2018-12-07,4.956,4.976,4.944,4.96,3.679455,23259500
2018-12-10,4.94,4.96,4.928,4.94,3.664618,8797500
2018-12-11,4.908,4.944,4.9,4.9,3.634945,20109000
2018-12-12,4.928,4.996,4.92,4.98,3.694291,17378000
2018-12-13,4.996,5.004,4.976,4.996,3.706161,23983500
2018-12-14,4.968,4.992,4.92,4.948,3.670553,21167000
2018-12-17,4.92,4.968,4.844,4.844,3.593403,16237500
2018-12-18,4.864,4.904,4.844,4.852,3.599339,23679500
2018-12-19,4.84,4.948,4.82,4.932,3.658684,17613000
2018-12-20,4.876,4.936,4.876,4.932,3.658684,14488000
2018-12-21,4.904,4.96,4.904,4.936,3.661651,19826000
2018-12-24,4.936,4.956,4.904,4.956,3.676487,6733000
2018-12-26,4.9,4.96,4.9,4.952,3.67352,8880000
2018-12-27,4.948,4.98,4.924,4.976,3.691324,5962500
2018-12-28,4.96,4.98,4.96,4.976,3.691324,10220000
2018-12-31,4.976,4.984,4.932,4.952,3.67352,11676500
2019-01-02,4.964,4.964,4.92,4.932,3.658684,15246000
2019-01-03,4.92,4.936,4.892,4.92,3.649782,14466000
2019-01-04,4.888,4.932,4.888,4.932,3.658684,20244500
2019-01-07,4.932,4.976,4.928,4.94,3.664618,14096000
2019-01-08,4.964,4.968,4.928,4.932,3.658684,23567000
2019-01-09,4.94,4.956,4.932,4.936,3.661651,37478500
2019-01-10,4.94,4.96,4.924,4.96,3.679455,36907000
2019-01-11,4.96,4.96,4.932,4.952,3.67352,38008500
2019-01-14,4.952,4.952,4.908,4.94,3.664618,10199500
2019-01-15,4.94,4.996,4.936,4.996,3.706161,34950000
2019-01-16,4.992,4.992,4.936,4.94,3.664618,20439000
2019-01-17,4.952,4.96,4.92,4.936,3.661651,16533000
2019-01-18,4.936,4.96,4.932,4.96,3.679455,23212000
2019-01-22,4.948,5.036,4.92,5.036,3.735833,27453000
2019-01-23,4.976,4.98,4.952,4.96,3.679455,13562000
2019-01-24,4.956,4.968,4.952,4.964,3.682423,21358500
2019-01-25,4.976,4.996,4.956,4.96,3.679455,19549500
2019-01-28,4.96,4.968,4.952,4.964,3.682423,33492500
2019-01-29,4.96,4.964,4.948,4.96,3.679455,34851500
2019-01-30,4.956,4.968,4.948,4.964,3.682423,19306000
2019-01-31,4.968,4.98,4.952,4.956,3.676487,36363500
2019-02-04,5,5,4.956,4.964,3.682423,17893000
2019-02-07,5,5,4.96,4.972,3.688357,18341000
2019-02-08,4.964,5,4.964,4.984,3.697259,15196000
2019-02-11,4.972,5.02,4.96,5.016,3.720997,20068500
2019-02-12,5.012,5.016,4.98,4.992,3.703193,18028500
2019-02-13,4.996,5,4.968,4.992,3.703193,21078000
2019-02-14,4.996,4.996,4.976,4.988,3.700226,33131000
2019-02-15,4.984,5.004,4.976,4.984,3.697259,31204500
2019-02-18,5,5.016,4.988,5,3.709128,17013500
2019-02-19,4.996,5.02,4.996,5,3.709128,18416500
2019-02-20,5.008,5.02,4.996,5.012,3.71803,25748500
2019-02-21,4.944,5.012,4.936,5,3.709128,69811000
2019-02-22,4.984,5.004,4.98,4.996,3.706161,60100500
2019-02-25,5,5.012,4.98,5.004,3.712095,30733000
2019-02-26,5.004,5.016,4.976,5.012,3.71803,29226000
2019-02-27,5,5.016,4.996,5.012,3.71803,26709000
2019-02-28,5.012,5.016,4.988,5,3.709128,32792500
2019-03-01,5.008,5.016,5,5.004,3.712095,26480000
2019-03-04,4.988,5.008,4.988,5,3.709128,22879000
2019-03-05,4.94,4.944,4.912,4.92,3.70461,21494500
2019-03-06,4.932,4.94,4.904,4.904,3.692562,24675000
2019-03-07,4.892,4.916,4.892,4.908,3.695574,24869500
2019-03-08,4.912,4.916,4.888,4.9,3.689551,26783000
2019-03-11,4.896,4.912,4.84,4.84,3.644373,24954000
2019-03-12,4.852,4.884,4.832,4.88,3.674492,13627000
2019-03-13,4.88,4.908,4.876,4.896,3.686539,10159500
2019-03-14,4.884,4.9,4.884,4.888,3.680515,14370000
2019-03-15,4.888,4.9,4.888,4.896,3.686539,26921000
2019-03-18,4.892,4.916,4.888,4.896,3.686539,18646500
2019-03-19,4.9,4.9,4.888,4.896,3.686539,15597500
2019-03-20,4.884,4.896,4.884,4.892,3.683527,29402500
2019-03-21,4.892,4.892,4.76,4.772,3.593171,48261500
2019-03-22,4.792,4.828,4.76,4.772,3.593171,33668000
2019-03-25,4.756,4.776,4.74,4.752,3.578111,19041000
2019-03-26,4.724,4.764,4.724,4.748,3.5751,12347500
2019-03-27,4.748,4.752,4.676,4.68,3.523897,28967000
2019-03-28,4.68,4.684,4.64,4.656,3.505826,36389000
2019-03-29,4.648,4.66,4.604,4.632,3.487755,52681500
2019-04-01,4.652,4.664,4.456,4.496,3.38535,51445500
2019-04-02,4.5,4.576,4.5,4.54,3.418482,34304000
2019-04-03,4.58,4.616,4.564,4.6,3.46366,35151500
2019-04-04,4.6,4.62,4.52,4.596,3.460649,39179500
2019-04-05,4.568,4.6,4.56,4.576,3.445588,31616000
2019-04-08,4.588,4.588,4.512,4.524,3.406434,26169000
2019-04-09,4.52,4.536,4.504,4.516,3.40041,26350000
2019-04-10,4.516,4.536,4.504,4.528,3.409446,20502500
2019-04-11,4.524,4.56,4.516,4.524,3.406434,29229500
2019-04-12,4.524,4.54,4.516,4.52,3.403422,11000000
2019-04-15,4.532,4.552,4.512,4.516,3.40041,11931500
2019-04-16,4.504,4.532,4.504,4.52,3.403422,10047500
2019-04-17,4.508,4.52,4.496,4.52,3.403422,12853500
2019-04-18,4.52,4.52,4.44,4.516,3.40041,44697000
2019-04-19,4.512,4.516,4.496,4.504,3.391375,10789500
2019-04-22,4.504,4.52,4.496,4.508,3.394387,40441000
2019-04-23,4.52,4.524,4.508,4.52,3.403422,25701000
2019-04-24,4.54,4.564,4.52,4.528,3.409446,32993500
2019-04-25,4.528,4.528,4.52,4.52,3.403422,15237500
2019-04-26,4.528,4.536,4.516,4.528,3.409446,26019000
2019-04-29,4.512,4.516,4.48,4.512,3.397399,27014500
2019-04-30,4.512,4.52,4.472,4.5,3.388363,49727500
2019-05-02,4.512,4.548,4.496,4.496,3.38535,33747000
2019-05-03,4.496,4.512,4.464,4.508,3.394387,17369500
2019-05-06,4.496,4.512,4.48,4.512,3.397399,9434500
2019-05-07,4.48,4.512,4.48,4.496,3.38535,7939500
2019-05-08,4.46,4.544,4.424,4.48,3.373303,20742500
2019-05-09,4.48,4.488,4.452,4.456,3.355232,28136000
2019-05-10,4.444,4.464,4.412,4.452,3.352221,21454500
2019-05-13,4.452,4.464,4.404,4.464,3.361256,20633500
2019-05-14,4.448,4.504,4.444,4.492,3.382339,32461500
2019-05-15,4.52,4.52,4.492,4.496,3.38535,36207500
2019-05-16,4.48,4.516,4.452,4.452,3.352221,27167500
2019-05-17,4.46,4.496,4.46,4.484,3.376316,23350000
2019-05-21,4.516,4.528,4.484,4.496,3.38535,26764000
2019-05-23,4.516,4.516,4.452,4.5,3.388363,28325500
2019-05-24,4.492,4.508,4.484,4.504,3.391375,35772000
2019-05-27,4.528,4.564,4.516,4.556,3.430529,19429000
2019-05-28,4.56,4.624,4.556,4.624,3.481731,75237500
2019-05-29,4.624,4.66,4.572,4.6,3.46366,23264500
2019-05-30,4.636,4.78,4.596,4.72,3.554016,29934500
2019-05-31,4.736,4.772,4.636,4.72,3.554016,36408000
2019-06-03,4.736,4.74,4.672,4.708,3.544981,19441500
2019-06-04,4.684,4.712,4.68,4.684,3.52691,16611500
2019-06-05,4.684,4.684,4.684,4.684,3.52691,0
2019-06-06,4.684,4.684,4.684,4.684,3.52691,0
2019-06-07,4.724,4.736,4.68,4.684,3.52691,32366000
2019-06-10,4.7,4.728,4.684,4.7,3.538957,19282000
2019-06-11,4.7,4.712,4.684,4.696,3.535945,17830000
2019-06-12,4.692,4.704,4.68,4.696,3.535945,19113000
2019-06-13,4.684,4.696,4.676,4.684,3.52691,18462500
2019-06-14,4.684,4.684,4.608,4.624,3.481731,20993000
2019-06-17,4.62,4.632,4.6,4.604,3.466671,15948000
2019-06-18,4.592,4.62,4.576,4.608,3.469684,25886000
2019-06-19,4.624,4.628,4.608,4.62,3.478719,42969500
2019-06-20,4.596,4.616,4.58,4.616,3.475707,23904000
2019-06-21,4.628,4.628,4.596,4.612,3.472696,29053000
2019-06-24,4.576,4.612,4.576,4.604,3.466671,10974000
2019-06-25,4.612,4.616,4.588,4.604,3.466671,14248000
2019-06-26,4.6,4.608,4.588,4.604,3.466671,22277500
2019-06-27,4.604,4.68,4.588,4.632,3.487755,21425000
2019-06-28,4.632,4.66,4.596,4.6,3.46366,13994000
2019-07-01,4.604,4.624,4.564,4.6,3.46366,10985500
2019-07-02,4.6,4.612,4.592,4.6,3.46366,22586000
2019-07-03,4.596,4.608,4.588,4.6,3.46366,10336500
2019-07-04,4.592,4.604,4.592,4.6,3.46366,7406500
2019-07-05,4.6,4.6,4.58,4.6,3.46366,4701500
2019-07-08,4.6,4.604,4.584,4.596,3.460649,15893000
2019-07-09,4.584,4.624,4.584,4.612,3.472696,14363500
2019-07-10,4.612,4.624,4.592,4.624,3.481731,19585000
2019-07-11,4.632,4.644,4.592,4.6,3.46366,41474500
2019-07-12,4.608,4.612,4.576,4.592,3.457637,16992500
2019-07-15,4.6,4.608,4.564,4.596,3.460649,8844500
2019-07-16,4.596,4.6,4.588,4.596,3.460649,3376000
2019-07-17,4.592,4.596,4.584,4.592,3.457637,31585500
2019-07-18,4.592,4.6,4.572,4.572,3.442577,38172000
2019-07-19,4.572,4.588,4.564,4.576,3.445588,14272500
2019-07-22,4.572,4.58,4.564,4.576,3.445588,9851500
2019-07-23,4.572,4.58,4.56,4.56,3.433541,8470500
2019-07-24,4.552,4.56,4.524,4.54,3.418482,14017000
2019-07-25,4.54,4.548,4.52,4.536,3.415469,8135000
2019-07-26,4.528,4.536,4.484,4.484,3.376316,10074000
2019-07-29,4.484,4.484,4.412,4.44,3.343185,12726000
2019-07-31,4.452,4.452,4.312,4.38,3.298006,38749500
2019-08-01,4.36,4.38,4.344,4.364,3.285959,17037000
2019-08-02,4.348,4.364,4.308,4.356,3.279935,17311000
2019-08-05,4.34,4.34,4.3,4.312,3.246804,18684500
2019-08-06,4.204,4.336,4.204,4.32,3.252829,24877000
2019-08-07,4.32,4.32,4.244,4.256,3.204638,27413000
2019-08-08,4.26,4.3,4.232,4.284,3.225722,21917500
2019-08-09,4.288,4.324,4.288,4.304,3.240781,11182000
2019-08-13,4.292,4.296,4.092,4.148,3.123317,28337500
2019-08-14,4.18,4.192,4.136,4.16,3.132354,22412000
2019-08-15,4.1,4.164,4.072,4.16,3.132354,55376500
2019-08-16,4.16,4.16,4.14,4.16,3.132354,26624500
2019-08-19,4.188,4.216,4.128,4.152,3.12633,23160500
2019-08-20,4.152,4.164,4.14,4.16,3.132354,20597000
2019-08-21,4.16,4.168,4.144,4.148,3.123317,22343000
2019-08-22,4.148,4.164,4.144,4.16,3.132354,37772500
2019-08-23,4.12,4.176,4.072,4.164,3.135365,41457000
2019-08-26,4.12,4.164,4.1,4.16,3.132354,23072500
2019-08-27,4.16,4.164,4.124,4.14,3.117293,55145500
2019-08-28,4.076,4.1,4.036,4.064,3.109642,11051500
2019-08-29,4.08,4.08,4.032,4.064,3.109642,17952000
2019-08-30,4.068,4.092,4.056,4.064,3.109642,30175000
2019-09-03,4.064,4.08,4.016,4.016,3.072914,21558500
2019-09-04,4.016,4.06,4,4.052,3.10046,23453500
2019-09-05,4.064,4.076,4.04,4.048,3.097399,17071000
2019-09-06,4.048,4.064,4.028,4.04,3.091278,35693500
2019-09-10,4.068,4.068,4.024,4.032,3.085157,39489500
2019-09-11,4.04,4.04,4.02,4.032,3.085157,20676000
2019-09-12,4.04,4.04,4.016,4.028,3.082097,19000000
2019-09-13,4.024,4.048,4.024,4.028,3.082097,10280000
2019-09-17,4.048,4.048,4.024,4.032,3.085157,42627000
2019-09-18,4.036,4.036,4.024,4.032,3.085157,15058000
2019-09-19,4.032,4.036,4.028,4.032,3.085157,13148500
2019-09-20,4.032,4.032,4.02,4.032,3.085157,57066500
2019-09-23,4.036,4.036,4.02,4.028,3.082097,19131000
2019-09-24,4.048,4.048,4.02,4.02,3.075975,25020000
2019-09-25,4.02,4.02,3.992,4.008,3.066792,30805500
2019-09-26,4.012,4.02,4.004,4.02,3.075975,40319000
2019-09-27,4.02,4.04,4,4.008,3.066792,7777000
2019-09-30,4.016,4.028,3.996,4.016,3.072914,24147000
2019-10-01,4.016,4.02,4,4,3.060672,6805000
2019-10-02,4,4.016,3.94,3.94,3.014761,18294000
2019-10-03,3.936,3.936,3.848,3.856,2.950487,25542000
2019-10-04,3.864,3.88,3.84,3.856,2.950487,11139000
2019-10-07,3.864,3.88,3.852,3.868,2.95967,15775000
2019-10-08,3.868,3.9,3.86,3.86,2.953548,13904500
2019-10-09,3.856,3.86,3.824,3.824,2.926002,14298500
2019-10-10,3.84,3.84,3.824,3.836,2.935184,4513000
2019-10-11,3.844,3.844,3.816,3.816,2.919881,8200000
2019-10-14,3.836,3.848,3.824,3.832,2.932123,8392000
2019-10-15,3.84,3.86,3.816,3.852,2.947427,13039500
2019-10-16,3.86,3.88,3.844,3.852,2.947427,19134000
2019-10-17,3.852,3.872,3.832,3.856,2.950487,15018000
2019-10-18,3.86,3.872,3.844,3.856,2.950487,9733000
2019-10-21,3.856,3.856,3.84,3.856,2.950487,6415000
2019-10-22,3.868,3.888,3.852,3.86,2.953548,26688500
2019-10-23,3.868,3.868,3.812,3.852,2.947427,14934500
2019-10-24,3.864,3.864,3.832,3.844,2.941305,14471000
2019-10-25,3.856,3.856,3.84,3.852,2.947427,7443500
2019-10-29,3.868,3.868,3.848,3.868,2.95967,38407000
2019-10-30,3.864,3.884,3.844,3.88,2.968851,17572000
2019-10-31,3.88,4.088,3.88,4.06,3.106582,48450000
2019-11-01,4.04,4.056,3.952,3.96,3.030065,16613000
2019-11-04,3.96,3.98,3.94,3.96,3.030065,9947500
2019-11-05,3.948,3.996,3.948,3.972,3.039247,46262500
2019-11-06,3.968,3.972,3.944,3.96,3.030065,18177500
2019-11-07,3.96,3.976,3.952,3.972,3.039247,22946500
2019-11-08,3.972,4.04,3.964,3.988,3.051489,43450000
2019-11-11,4,4,3.976,4,3.060672,23485500
2019-11-12,4,4.02,3.984,3.996,3.057611,23724500
2019-11-13,3.996,3.996,3.956,3.992,3.05455,14411500
2019-11-14,3.984,4,3.976,3.992,3.05455,18058500
2019-11-15,3.992,4.004,3.952,3.98,3.045368,13704500
2019-11-18,3.976,3.98,3.94,3.976,3.042307,8021500
2019-11-19,3.948,4.016,3.948,4,3.060672,15344000
2019-11-20,3.98,4.004,3.972,3.984,3.048428,11881000
2019-11-21,3.972,3.98,3.9,3.964,3.033126,24551500
2019-11-22,3.96,3.972,3.936,3.972,3.039247,17800000
2019-11-25,3.972,3.976,3.952,3.96,3.030065,10543000
2019-11-26,3.952,3.964,3.9,3.9,2.984155,61551000
2019-11-27,3.908,3.968,3.9,3.948,3.020883,21038500
2019-11-28,3.94,3.968,3.928,3.948,3.020883,16356500
2019-11-29,3.928,3.964,3.924,3.924,3.002519,24530500
2019-12-02,3.932,3.948,3.9,3.912,2.993337,15139000
2019-12-03,3.912,3.912,3.86,3.892,2.978033,23331500
2019-12-04,3.888,3.9,3.84,3.86,2.953548,28814000
2019-12-05,3.88,3.904,3.864,3.868,2.95967,14487500
2019-12-06,3.86,3.876,3.816,3.832,2.932123,13878000
2019-12-09,3.832,3.84,3.78,3.804,2.910698,23070000
2019-12-10,3.792,3.804,3.784,3.792,2.901516,22450000
2019-12-11,3.788,3.82,3.788,3.8,2.907638,14174500
2019-12-12,3.804,3.828,3.776,3.792,2.901516,19266500
2019-12-13,3.816,3.816,3.784,3.784,2.895396,17745500
2019-12-16,3.784,3.792,3.76,3.768,2.883153,28877500
2019-12-17,3.776,3.816,3.768,3.8,2.907638,18271500
2019-12-18,3.8,3.912,3.784,3.912,2.993337,21104500
2019-12-19,3.872,3.96,3.872,3.936,3.011701,17698500
2019-12-20,3.96,3.964,3.916,3.964,3.033126,30675000
2019-12-23,3.968,4.028,3.94,4.008,3.066792,15942500
2019-12-24,4,4.004,3.944,3.964,3.033126,7029000
2019-12-26,3.964,3.972,3.928,3.936,3.011701,3001500
2019-12-27,3.936,3.988,3.932,3.976,3.042307,6628500
2019-12-30,3.976,4,3.956,3.996,3.057611,10901000
2019-12-31,3.96,3.98,3.88,3.888,2.974972,17153000
2020-01-02,3.896,3.98,3.892,3.98,3.045368,8920000
2020-01-03,3.96,3.996,3.96,3.992,3.05455,18124000
2020-01-06,3.98,3.984,3.94,3.98,3.045368,10826500
2020-01-07,3.96,4.028,3.96,4.024,3.079036,17987000
2020-01-08,4,4.008,3.916,3.92,2.999459,14962000
2020-01-09,3.948,3.972,3.9,3.912,2.993337,16211500
2020-01-10,3.928,3.932,3.904,3.908,2.990276,8277000
2020-01-13,3.916,3.944,3.836,3.844,2.941305,16042000
2020-01-14,3.872,3.884,3.812,3.828,2.929063,15711000
2020-01-15,3.84,3.928,3.832,3.912,2.993337,21739000
2020-01-16,3.916,3.94,3.86,3.912,2.993337,10385000
2020-01-17,3.912,3.94,3.904,3.92,2.999459,14001000
2020-01-20,3.912,3.924,3.884,3.896,2.981094,6295000
2020-01-21,3.896,3.9,3.88,3.896,2.981094,6231000
2020-01-22,3.848,3.92,3.784,3.804,2.910698,21753000
2020-01-23,3.8,3.836,3.796,3.828,2.929063,7881000
2020-01-24,3.824,3.864,3.816,3.836,2.935184,10569000
2020-01-28,3.8,3.804,3.7,3.792,2.901516,11633500
2020-01-29,3.792,3.808,3.792,3.8,2.907638,15967000
2020-01-30,3.8,3.8,3.76,3.78,2.892335,17295000
2020-01-31,3.768,3.816,3.712,3.72,2.846424,33068500
2020-02-03,3.72,3.744,3.7,3.712,2.840303,18030500
2020-02-04,3.736,3.776,3.64,3.64,2.785211,27234500
2020-02-05,3.656,3.66,3.56,3.6,2.754605,23788500
2020-02-06,3.62,3.7,3.62,3.68,2.815818,25752000
2020-02-07,3.676,3.68,3.648,3.668,2.806636,30848500
2020-02-10,3.668,3.676,3.628,3.656,2.797454,15397000
2020-02-11,3.656,3.684,3.64,3.66,2.800514,26813000
2020-02-12,3.64,3.66,3.552,3.556,2.720937,36406000
2020-02-13,3.564,3.6,3.528,3.56,2.723997,17924000
2020-02-14,3.56,3.56,3.5,3.524,2.696452,18568500
2020-02-17,3.524,3.544,3.516,3.524,2.696452,14926500
2020-02-18,3.528,3.56,3.524,3.54,2.708694,18955000
2020-02-19,3.536,3.6,3.536,3.588,2.745422,11843500
2020-02-20,3.6,3.636,3.596,3.624,2.772969,19144000
2020-02-21,3.616,3.656,3.58,3.628,2.776029,22115000
2020-02-24,3.568,3.588,3.468,3.48,2.662784,56264500
2020-02-25,3.476,3.56,3.472,3.504,2.681148,22035500
2020-02-26,3.5,3.52,3.44,3.44,2.632178,45729500
2020-02-27,3.456,3.568,3.444,3.46,2.647481,56346000
2020-02-28,3.44,3.476,3.4,3.42,2.616874,64043000
2020-03-02,3.36,3.5,3.228,3.416,2.613814,51754500
2020-03-03,3.46,3.592,3.412,3.552,2.717876,33799500
2020-03-04,3.552,3.592,3.52,3.58,2.739301,32330000
2020-03-05,3.58,3.608,3.564,3.6,2.754605,29172500
2020-03-06,3.58,3.58,3.5,3.532,2.702573,27754000
2020-03-09,3.496,3.496,3.4,3.404,2.604631,34401500
2020-03-10,3.4,3.492,3.388,3.46,2.647481,41927000
2020-03-11,3.416,3.416,3.36,3.36,2.631815,37804000
2020-03-12,3.36,3.36,3.24,3.24,2.537822,38089000
2020-03-13,3.24,3.24,3.24,3.24,2.537822,0
2020-03-16,3,3,2.872,2.9,2.271507,68884500
2020-03-17,2.78,2.9,2.748,2.78,2.177514,95654000
2020-03-18,2.764,2.816,2.588,2.604,2.039657,105806500
2020-03-19,2.592,2.64,2.516,2.532,1.983261,49108500
2020-03-20,2.552,2.888,2.54,2.808,2.199446,94277500
2020-03-23,2.7,2.856,2.672,2.78,2.177514,48282500
2020-03-24,2.856,3.092,2.856,3.048,2.387432,45994000
2020-03-25,3.188,3.272,3.064,3.144,2.462627,41540000
2020-03-26,3.148,3.184,3.08,3.108,2.434429,31628000
2020-03-27,3.148,3.272,3.144,3.18,2.490825,30974500
2020-03-30,3.172,3.18,3.084,3.164,2.478293,15103500
2020-03-31,3.18,3.216,3.16,3.18,2.490825,50821500
2020-04-01,3.192,3.192,3.12,3.136,2.456361,26511500
2020-04-02,3.132,3.18,3.128,3.16,2.47516,17943000
2020-04-03,3.108,3.16,3.108,3.14,2.459494,20343500
2020-04-06,3.152,3.204,3.124,3.18,2.490825,17663000
2020-04-07,3.216,3.22,3.156,3.18,2.490825,30936000
2020-04-08,3.176,3.184,3.156,3.164,2.478293,11437500
2020-04-09,3.18,3.2,3.168,3.176,2.487692,8653000
2020-04-10,3.172,3.18,3.156,3.176,2.487692,1889000
2020-04-13,3.176,3.176,3.12,3.168,2.481426,6604500
2020-04-14,3.168,3.176,3.152,3.168,2.481426,12716500
2020-04-15,3.168,3.184,3.156,3.168,2.481426,20991000
2020-04-16,3.16,3.216,3.144,3.188,2.497091,24637500
2020-04-17,3.2,3.24,3.2,3.208,2.512757,20315500
2020-04-20,3.216,3.256,3.216,3.232,2.531556,13632500
2020-04-21,3.22,3.224,3.148,3.148,2.46576,16618000
2020-04-22,3.14,3.16,3.108,3.144,2.462627,18921500
2020-04-23,3.16,3.2,3.156,3.172,2.484559,11869000
2020-04-24,3.164,3.18,3.132,3.164,2.478293,12245500
2020-04-27,3.176,3.192,3.152,3.152,2.468893,11295500
2020-04-28,3.156,3.192,3.152,3.188,2.497091,7561000
2020-04-29,3.192,3.208,3.188,3.2,2.506491,10814000
2020-04-30,3.204,3.34,3.204,3.276,2.56602,30029000
2020-05-04,3.24,3.24,3.172,3.172,2.484559,15379500
2020-05-05,3.18,3.236,3.18,3.212,2.51589,9276500
2020-05-06,3.2,3.208,3.148,3.148,2.46576,13026000
2020-05-08,3.148,3.208,3.14,3.148,2.46576,16859500
2020-05-12,3.148,3.168,3.1,3.104,2.431296,22958000
2020-05-13,3.104,3.12,3.1,3.12,2.443829,9804000
2020-05-14,3.12,3.128,3.08,3.084,2.415631,15233000
2020-05-15,3.088,3.116,3.052,3.068,2.403098,15228500
2020-05-18,3.068,3.088,3.068,3.072,2.406231,14190500
2020-05-19,3.084,3.132,3.084,3.1,2.428163,10476000
2020-05-20,3.116,3.12,3.076,3.092,2.421896,6457500
2020-05-21,3.092,3.116,3.084,3.096,2.42503,69676500
2020-05-22,3.1,3.116,3.044,3.052,2.390566,23888500
2020-05-27,3.052,3.064,3.044,3.048,2.387432,26056000
2020-05-28,3.048,3.056,3.036,3.036,2.378033,25596500
2020-05-29,3.028,3.032,2.932,2.932,2.296572,169109500
2020-06-02,2.932,2.932,2.932,2.932,2.296572,0
2020-06-03,3.14,3.52,3.14,3.476,2.722676,70375000
2020-06-04,3.52,3.572,3.36,3.5,2.741474,44429500
2020-06-05,3.492,3.496,3.404,3.464,2.713276,28933500
2020-06-09,3.5,3.548,3.464,3.476,2.722676,28754000
2020-06-10,3.476,3.476,3.42,3.468,2.716409,17722500
2020-06-11,3.468,3.476,3.368,3.448,2.700743,21951000
2020-06-12,3.336,3.392,3.3,3.36,2.631815,35714500
2020-06-15,3.368,3.368,3.188,3.284,2.572286,21413000
2020-06-16,3.312,3.34,3.284,3.284,2.572286,14995000
2020-06-17,3.292,3.392,3.244,3.392,2.65688,16079500
2020-06-18,3.392,3.392,3.34,3.36,2.631815,12915500
2020-06-19,3.324,3.36,3.308,3.316,2.597351,33346000
2020-06-22,3.32,3.356,3.304,3.356,2.628682,4430000
2020-06-23,3.328,3.34,3.264,3.28,2.569153,18011500
2020-06-24,3.28,3.296,3.26,3.296,2.581685,10363000
2020-06-25,3.264,3.292,3.248,3.276,2.56602,4860500
2020-06-26,3.276,3.312,3.24,3.312,2.594218,6320000
2020-06-29,3.32,3.32,3.264,3.288,2.575419,7244500
2020-06-30,3.288,3.332,3.272,3.3,2.584818,17177500
2020-07-01,3.284,3.38,3.276,3.304,2.587952,15108500
2020-07-02,3.304,3.412,3.288,3.388,2.653747,20069500
2020-07-03,3.4,3.44,3.388,3.412,2.672546,8488500
2020-07-06,3.412,3.476,3.404,3.468,2.716409,11701500
2020-07-07,3.476,3.588,3.468,3.48,2.725809,38160000
2020-07-08,3.468,3.6,3.456,3.6,2.819802,24455000
2020-07-09,3.6,3.72,3.6,3.7,2.89813,44906500
2020-07-10,3.7,3.72,3.66,3.7,2.89813,22633000
2020-07-13,3.7,3.72,3.652,3.704,2.901263,16932500
2020-07-14,3.688,3.74,3.64,3.74,2.929461,16912500
2020-07-15,3.704,3.756,3.676,3.72,2.913795,16011000
2020-07-16,3.72,3.724,3.676,3.684,2.885597,4744500
2020-07-17,3.672,3.72,3.656,3.656,2.863666,19776000
2020-07-20,3.66,3.672,3.508,3.528,2.763406,15008000
2020-07-21,3.54,3.64,3.54,3.596,2.816669,20088500
2020-07-22,3.6,3.616,3.568,3.572,2.79787,16052000
2020-07-23,3.568,3.604,3.54,3.584,2.80727,11210000
2020-07-24,3.58,3.58,3.532,3.544,2.775938,24860000
2020-07-27,3.548,3.548,3.476,3.504,2.744607,8084000
2020-07-28,3.504,3.508,3.5,3.504,2.744607,18191500
2020-07-29,3.504,3.532,3.46,3.508,2.74774,13214500
2020-07-30,3.536,3.536,3.368,3.4,2.663146,29342500
2020-08-03,3.344,3.4,3.28,3.312,2.594218,19686000
2020-08-04,3.332,3.356,3.308,3.34,2.616149,12625500
2020-08-05,3.348,3.372,3.292,3.336,2.613017,10519500
2020-08-06,3.368,3.396,3.34,3.396,2.660013,10207500
2020-08-07,3.396,3.4,3.344,3.352,2.625549,10963500
2020-08-10,3.36,3.36,3.324,3.36,2.631815,6868500
2020-08-11,3.36,3.4,3.36,3.384,2.650614,5652500
2020-08-12,3.38,3.48,3.376,3.48,2.725809,11879500
2020-08-13,3.48,3.56,3.46,3.56,2.788471,11841000
2020-08-14,3.56,3.56,3.508,3.56,2.788471,10796500
2020-08-17,3.54,3.588,3.532,3.56,2.788471,6414500
2020-08-18,3.56,3.592,3.432,3.532,2.766539,17554000
2020-08-19,3.524,3.532,3.468,3.496,2.738341,12081000
2020-08-21,3.52,3.52,3.452,3.46,2.710143,8520000
2020-08-24,3.46,3.46,3.388,3.396,2.660013,14582500
2020-08-25,3.356,3.464,3.356,3.392,2.65688,13211500
2020-08-26,3.396,3.436,3.312,3.32,2.600484,23337000
2020-08-27,3.34,3.372,3.296,3.324,2.603617,24254000
2020-08-28,3.336,3.36,3.284,3.284,2.572286,30454000
2020-09-01,3.312,3.312,3.164,3.184,2.493958,47234500
2020-09-02,3.216,3.24,3.184,3.228,2.528422,26374500
2020-09-03,3.24,3.24,3.176,3.22,2.522156,20806000
2020-09-04,3.2,3.208,3.18,3.2,2.506491,13688000
2020-09-07,3.2,3.216,3.18,3.212,2.51589,7675500
2020-09-08,3.212,3.216,3.184,3.2,2.506491,10996500
2020-09-09,3.2,3.3,3.184,3.22,2.522156,13432000
2020-09-10,3.236,3.256,3.208,3.236,2.534688,8974000
2020-09-11,3.22,3.252,3.196,3.216,2.519023,9038000
2020-09-14,3.216,3.216,3.2,3.208,2.512757,6614000
2020-09-15,3.208,3.34,3.18,3.34,2.616149,12217000
2020-09-17,3.304,3.32,3.22,3.3,2.584818,11972000
2020-09-18,3.28,3.292,3.188,3.188,2.497091,41922000
2020-09-21,3.2,3.208,3.1,3.136,2.456361,32468000
2020-09-22,3.116,3.22,3.112,3.172,2.484559,11100000
2020-09-23,3.18,3.18,3.12,3.128,2.450094,12040000
2020-09-24,3.128,3.14,3.104,3.104,2.431296,11549500
2020-09-25,3.116,3.144,3.084,3.088,2.418764,16302500
2020-09-28,3.092,3.116,3.08,3.084,2.415631,13431500
2020-09-29,3.092,3.144,3.092,3.116,2.440695,30525000
2020-09-30,3.132,3.176,3.1,3.14,2.459494,14752500
2020-10-01,3.14,3.16,3.104,3.156,2.472026,5812500
2020-10-02,3.148,3.148,3.112,3.148,2.46576,3529500
2020-10-05,3.148,3.18,3.12,3.16,2.47516,8730500
2020-10-06,3.16,3.188,3.148,3.168,2.481426,5992500
2020-10-07,3.16,3.16,3.116,3.116,2.440695,12234000
2020-10-08,3.132,3.2,3.116,3.2,2.506491,12953500
2020-10-09,3.176,3.244,3.152,3.228,2.528422,11676000
2020-10-12,3.2,3.2,3.156,3.164,2.478293,11298500
2020-10-13,3.156,3.208,3.14,3.192,2.500224,7972500
2020-10-14,3.168,3.2,3.152,3.188,2.497091,14276500
2020-10-15,3.18,3.22,3.168,3.22,2.522156,9026000
2020-10-16,3.22,3.224,3.168,3.172,2.484559,11058000
2020-10-19,3.18,3.188,3.152,3.168,2.481426,6427000
2020-10-20,3.168,3.196,3.152,3.16,2.47516,11038500
2020-10-21,3.172,3.188,3.136,3.152,2.468893,31583500
2020-10-22,3.164,3.164,3.112,3.112,2.437562,30216000
2020-10-23,3.124,3.188,3.12,3.168,2.481426,14573000
2020-10-26,3.16,3.16,3.132,3.14,2.459494,6767000
2020-10-27,3.136,3.16,3.132,3.144,2.462627,16207500
2020-10-28,3.136,3.156,3.128,3.136,2.456361,9243500
2020-10-30,3.136,3.14,3.012,3.016,2.362368,41696000
2020-11-02,3.02,3.052,2.98,2.984,2.337302,14768500
2020-11-03,2.988,3.016,2.968,2.992,2.343569,29267000
2020-11-04,3.012,3.012,2.972,2.972,2.327903,13526500
2020-11-05,2.984,3.02,2.98,3,2.349835,18312500
2020-11-06,3.004,3.072,3,3.044,2.3843,21797000
2020-11-09,3.048,3.076,3.04,3.06,2.396831,12624500
2020-11-10,3.152,3.48,3.148,3.44,2.694478,101641500
2020-11-11,3.428,3.536,3.34,3.536,2.769672,51951500
2020-11-12,3.536,3.592,3.48,3.584,2.80727,38170000
2020-11-13,3.56,3.568,3.504,3.552,2.782205,21029500
2020-11-16,3.552,3.736,3.54,3.696,2.894997,41005500
2020-11-17,3.72,3.808,3.708,3.78,2.960792,48842000
2020-11-18,3.8,3.82,3.72,3.812,2.985857,27107500
2020-11-19,3.748,3.788,3.616,3.676,2.879331,31708500
2020-11-20,3.66,3.688,3.62,3.66,2.866799,21828500
2020-11-23,3.66,3.728,3.624,3.644,2.854266,15839000
2020-11-24,3.644,3.744,3.636,3.676,2.879331,17588500
2020-11-25,3.7,3.796,3.688,3.784,2.963925,28193500
2020-11-26,3.78,3.78,3.708,3.744,2.932594,7983000
2020-11-27,3.752,3.78,3.684,3.72,2.913795,20664500
2020-11-30,3.724,3.752,3.48,3.48,2.725809,164211000
2020-12-01,3.56,3.632,3.54,3.584,2.80727,34244500
2020-12-02,3.604,3.636,3.568,3.588,2.810403,39162500
2020-12-03,3.608,3.728,3.588,3.72,2.913795,30615500
2020-12-04,3.712,3.756,3.676,3.72,2.913795,13952500
2020-12-07,3.72,3.748,3.676,3.72,2.913795,10372000
2020-12-08,3.72,3.744,3.64,3.692,2.891864,21144000
2020-12-09,3.86,4.02,3.856,3.972,3.111182,99185500
2020-12-10,3.996,4.072,3.98,4.04,3.164444,41789500
2020-12-11,4.06,4.496,4.06,4.38,3.430759,76945000
2020-12-14,4.44,4.592,4.22,4.26,3.336766,56096000
2020-12-15,4.26,4.396,4.256,4.336,3.396295,42219000
2020-12-16,4.496,4.496,4.352,4.376,3.427626,33899000
2020-12-17,4.384,4.4,4.28,4.3,3.368097,27487000
2020-12-18,4.312,4.332,4.104,4.128,3.233373,61236500
2020-12-21,4.172,4.288,4.124,4.132,3.236506,19255000
2020-12-22,4.132,4.152,4.06,4.092,3.205175,15381500
2020-12-23,4.08,4.168,4.06,4.12,3.227107,14185500
2020-12-24,4.144,4.144,4.084,4.112,3.22084,10114000
2020-12-28,4.128,4.216,4.128,4.156,3.255305,12576500
2020-12-29,4.168,4.18,4.136,4.14,3.242772,12164000
2020-12-30,4.14,4.156,4.124,4.14,3.242772,13831500
2020-12-31,4.14,4.164,4.12,4.12,3.227107,17087000
2021-01-04,4.124,4.128,4.088,4.104,3.214575,7818000
2021-01-05,4.108,4.132,4.08,4.124,3.23024,12748000
2021-01-06,4.136,4.136,4.052,4.068,3.186376,18564000
2021-01-07,4.064,4.08,3.972,4.08,3.195776,29601000
2021-01-08,4.08,4.12,4.032,4.068,3.186376,37053000
2021-01-11,4.06,4.068,4.036,4.056,3.176977,24891500
2021-01-12,4.04,4.068,3.936,4.016,3.145646,31240500
2021-01-13,4.088,4.3,4.084,4.28,3.352431,49179000
2021-01-14,4.308,4.4,4.28,4.34,3.399428,29711000
2021-01-15,4.36,4.364,4.24,4.24,3.3211,27416000
2021-01-18,4.224,4.24,4.184,4.196,3.286636,19029500
2021-01-19,4.192,4.256,4.18,4.18,3.274103,22170000
2021-01-20,4.2,4.356,4.196,4.264,3.339899,43513500
2021-01-21,4.3,4.352,4.272,4.312,3.377496,31750500
2021-01-22,4.3,4.388,4.3,4.332,3.393161,35937500
2021-01-25,4.348,4.36,4.236,4.26,3.336766,223687500
2021-01-26,4.4,4.97,4.35,4.4,3.446425,141894200
2021-01-27,4.47,4.54,4.3,4.36,3.415094,60407200
2021-01-29,4.36,4.36,4.17,4.19,3.281936,67509100
2021-02-02,4.19,4.25,4.06,4.1,3.211441,48025200
2021-02-03,4.12,4.2,4.1,4.1,3.211441,48899400
2021-02-04,4.11,4.14,4.08,4.08,3.195776,24323300
2021-02-05,4.08,4.12,4.06,4.12,3.227107,17621900
2021-02-08,4.12,4.17,4.08,4.08,3.195776,18363900
2021-02-09,4.08,4.17,4.08,4.14,3.242772,20285200
2021-02-10,4.15,4.25,4.13,4.22,3.305434,34216200
2021-02-11,4.28,4.28,4.2,4.24,3.3211,11203700
2021-02-15,4.27,4.28,4.2,4.21,3.297602,12865000
2021-02-16,4.23,4.25,4.21,4.22,3.305434,13232500
2021-02-17,4.22,4.25,4.18,4.19,3.281936,18268700
2021-02-18,4.2,4.22,4.11,4.11,3.219274,23851800
2021-02-19,4.13,4.15,4.1,4.13,3.23494,20162400
2021-02-22,4.13,4.14,4.1,4.1,3.211441,24325100
2021-02-23,4.11,4.13,4.07,4.08,3.195776,30316000
2021-02-24,4.1,4.15,4.08,4.08,3.195776,32719900
2021-02-25,4.1,4.24,4.08,4.17,3.26627,50817000
2021-02-26,4.21,4.26,4.12,4.16,3.258438,61755400
2021-03-01,4.2,4.25,4.2,4.2,3.289768,29926000
2021-03-02,4.23,4.27,4.21,4.22,3.305434,25100200
2021-03-03,4.25,4.26,4.19,4.22,3.305434,33399000
2021-03-04,4.25,4.29,4.21,4.23,3.313268,37597900
2021-03-05,4.23,4.36,4.23,4.35,3.407261,32529700
2021-03-08,4.4,4.46,4.4,4.4,3.446425,33222300
2021-03-09,4.41,4.44,4.36,4.42,3.46209,20939100
2021-03-10,4.46,4.49,4.43,4.45,3.485588,25605000
2021-03-11,4.34,4.36,4.3,4.34,3.501726,26021100
2021-03-12,4.34,4.35,4.3,4.32,3.485589,17977400
2021-03-15,4.32,4.33,4.29,4.32,3.485589,14448800
2021-03-16,4.31,4.32,4.28,4.3,3.469451,11280300
2021-03-17,4.31,4.31,4.23,4.24,3.421041,15305200
2021-03-18,4.25,4.32,4.25,4.28,3.453315,14657200
2021-03-19,4.28,4.29,4.23,4.23,3.412973,43230400
2021-03-22,4.27,4.27,4.21,4.22,3.404904,13674100
2021-03-23,4.23,4.24,4.17,4.18,3.37263,24498600
2021-03-24,4.19,4.21,4.16,4.18,3.37263,15178900
2021-03-25,4.19,4.21,4.17,4.17,3.364561,13433000
2021-03-26,4.18,4.21,4.17,4.19,3.380698,10095100
2021-03-29,4.21,4.24,4.18,4.23,3.412973,14717100
2021-03-30,4.23,4.28,4.23,4.28,3.453315,15998600
2021-03-31,4.29,4.3,4.18,4.2,3.388766,31225600
2021-04-01,4.28,4.33,4.21,4.22,3.404904,15447400
2021-04-02,4.24,4.26,4.21,4.24,3.421041,4172400
2021-04-05,4.24,4.27,4.2,4.22,3.404904,9077900
2021-04-06,4.23,4.26,4.2,4.2,3.388766,13911100
2021-04-07,4.26,4.26,4.19,4.22,3.404904,16764600
2021-04-08,4.22,4.26,4.19,4.21,3.396836,15000600
2021-04-09,4.22,4.23,4.19,4.2,3.388766,12148300
2021-04-12,4.21,4.23,4.19,4.21,3.396836,10292100
2021-04-13,4.21,4.23,4.19,4.23,3.412973,8603400
2021-04-14,4.23,4.24,4.19,4.2,3.388766,8830200
2021-04-15,4.2,4.23,4.19,4.23,3.412973,15248600
2021-04-16,4.21,4.22,4.2,4.2,3.388766,8213400
2021-04-19,4.2,4.2,4.18,4.19,3.380698,11708700
2021-04-20,4.19,4.21,4.18,4.2,3.388766,15497200
2021-04-21,4.2,4.23,4.18,4.18,3.37263,12567900
2021-04-22,4.19,4.2,4.18,4.2,3.388766,10248000
2021-04-23,4.2,4.21,4.17,4.17,3.364561,11271700
2021-04-26,4.18,4.19,4.17,4.19,3.380698,18377800
2021-04-27,4.18,4.19,4.16,4.17,3.364561,14140700
2021-04-28,4.17,4.18,4.16,4.17,3.364561,12915500
2021-04-30,4.18,4.19,4.14,4.15,3.348424,33591500
2021-05-03,4.15,4.15,4.12,4.13,3.332288,9064700
2021-05-04,4.13,4.15,4.12,4.12,3.324219,7804500
2021-05-05,4.13,4.15,4.1,4.11,3.31615,12741900
2021-05-06,4.11,4.13,4.07,4.09,3.300014,19845900
2021-05-07,4.1,4.13,4.07,4.1,3.308082,11020200
2021-05-10,4.1,4.1,4.08,4.1,3.308082,9767500
2021-05-11,4.09,4.1,4.08,4.1,3.308082,12408400
2021-05-12,4.14,4.22,4.12,4.14,3.340355,26248900
2021-05-17,4.15,4.26,4.15,4.26,3.437178,39070300
2021-05-18,4.24,4.26,4.18,4.19,3.380698,19205600
2021-05-19,4.19,4.2,4.16,4.19,3.380698,17506900
2021-05-20,4.17,4.24,4.17,4.2,3.388766,26149100
2021-05-21,4.16,4.19,4.12,4.15,3.348424,20096700
2021-05-24,4.15,4.2,4.15,4.16,3.356493,18215000
2021-05-25,4.16,4.19,4.16,4.17,3.364561,16569200
2021-05-27,4.19,4.27,4.18,4.27,3.445246,74114100
2021-05-28,4.25,4.28,4.22,4.27,3.445246,18033000
2021-05-31,4.2,4.24,4.18,4.21,3.396836,12790500
2021-06-01,4.21,4.23,4.19,4.21,3.396836,8405000
2021-06-02,4.21,4.26,4.21,4.24,3.421041,14395300
2021-06-03,4.23,4.26,4.21,4.24,3.421041,11070300
2021-06-04,4.25,4.25,4.17,4.2,3.388766,18729800
2021-06-08,4.24,4.27,4.21,4.27,3.445246,16685800
2021-06-09,4.27,4.27,4.2,4.2,3.388766,11225500
2021-06-10,4.21,4.22,4.19,4.2,3.388766,9387100
2021-06-11,4.21,4.24,4.19,4.21,3.396836,11723500
2021-06-14,4.21,4.26,4.2,4.23,3.412973,14577100
2021-06-15,4.25,4.26,4.2,4.21,3.396836,15973100
2021-06-16,4.22,4.23,4.19,4.21,3.396836,13060800
2021-06-17,4.21,4.23,4.18,4.19,3.380698,12439000
2021-06-18,4.19,4.22,4.16,4.2,3.388766,35111800
2021-06-21,4.18,4.21,4.17,4.18,3.37263,12613000
2021-06-22,4.17,4.21,4.17,4.2,3.388766,12777100
2021-06-23,4.2,4.22,4.18,4.19,3.380698,7912000
2021-06-24,4.19,4.22,4.18,4.18,3.37263,20575700
2021-06-25,4.18,4.22,4.17,4.19,3.380698,12096100
2021-06-28,4.18,4.19,4.13,4.15,3.348424,18567700
2021-06-29,4.14,4.16,4.13,4.15,3.348424,10179000
2021-06-30,4.15,4.18,4.1,4.11,3.31615,26957900
2021-07-01,4.11,4.15,4.11,4.12,3.324219,18695400
2021-07-02,4.12,4.14,4.1,4.11,3.31615,12208200
2021-07-05,4.12,4.12,4.08,4.12,3.324219,9191800
2021-07-06,4.12,4.14,4.09,4.1,3.308082,10595400
2021-07-07,4.08,4.1,4.07,4.08,3.291945,15383000
2021-07-08,4.07,4.08,4.02,4.05,3.267739,18951300
2021-07-09,4.05,4.09,4.04,4.06,3.275808,16839500
2021-07-12,4.07,4.1,4.04,4.08,3.291945,10621400
2021-07-13,4.09,4.13,4.08,4.08,3.291945,16729000
2021-07-14,4.08,4.11,4.05,4.07,3.283877,23312700
2021-07-15,4.06,4.09,4.05,4.05,3.267739,12089200
2021-07-16,4.06,4.07,4.03,4.06,3.275808,15352100
2021-07-19,4.06,4.08,4.04,4.04,3.25967,29842000
2021-07-21,4.03,4.04,4.01,4.01,3.235465,26834300
2021-07-22,4.02,4.04,4,4.02,3.243534,26500100
2021-07-23,4.02,4.06,4,4.02,3.243534,18926900
2021-07-26,4.02,4.05,4,4,3.227397,15908300
2021-07-27,4.01,4.03,3.99,4.01,3.235465,30951800
2021-07-28,4.01,4.02,4,4.01,3.235465,17165200
2021-07-29,4.01,4.03,3.99,3.99,3.219328,20947800
2021-07-30,4,4.01,3.98,3.98,3.21126,23542300
2021-08-02,3.99,4.01,3.95,3.97,3.203192,16301300
2021-08-03,3.98,4.01,3.96,4,3.227397,17619200
2021-08-04,3.99,4,3.94,3.96,3.195123,24330500
2021-08-05,3.97,4.01,3.96,3.96,3.195123,28194300
2021-08-06,3.96,3.97,3.93,3.94,3.178986,14505200
2021-08-09,3.95,3.97,3.95,3.96,3.195123,7720700
2021-08-11,3.97,4.02,3.94,3.96,3.195123,20486800
2021-08-12,3.96,3.97,3.94,3.95,3.187055,8021600
2021-08-13,3.95,3.96,3.93,3.94,3.178986,10645600
2021-08-16,3.94,3.94,3.91,3.93,3.170918,15045500
2021-08-17,3.94,3.96,3.93,3.95,3.187055,30820700
2021-08-18,3.95,3.96,3.93,3.94,3.178986,14321400
2021-08-19,3.94,3.95,3.91,3.91,3.154781,22535700
2021-08-20,3.92,3.93,3.91,3.92,3.162849,11463100
2021-08-23,3.93,3.96,3.92,3.94,3.178986,17167500
2021-08-24,3.94,4.13,3.93,4.11,3.31615,56126400
2021-08-25,4.12,4.16,4.08,4.1,3.308082,22290100
2021-08-26,4.12,4.16,4.1,4.16,3.356493,27978200
2021-08-27,4.16,4.18,4.14,4.18,3.37263,20661600
2021-08-30,4.18,4.19,4.1,4.18,3.37263,50683700
2021-09-01,4.19,4.19,4.06,4.08,3.291945,35537700
2021-09-02,4.08,4.09,4.05,4.07,3.283877,20994700
2021-09-03,4.08,4.13,4.06,4.13,3.332288,16580500
2021-09-06,4.13,4.13,4.07,4.09,3.300014,16986600
2021-09-07,4.1,4.11,4.09,4.1,3.308082,9414900
2021-09-08,4.1,4.15,4.09,4.15,3.348424,17679900
2021-09-09,4.12,4.12,4.1,4.1,3.308082,12565800
2021-09-10,4.1,4.11,4.08,4.1,3.308082,12239500
2021-09-13,4.07,4.07,4.02,4.06,3.336848,14485400
2021-09-14,4.05,4.06,3.99,4,3.287535,25125400
2021-09-15,4,4.02,3.99,4.01,3.295753,21194100
2021-09-17,4.03,4.06,4,4.06,3.336848,25790600
2021-09-20,4.05,4.05,4,4.02,3.303973,5930400
2021-09-21,4.01,4.03,4,4.03,3.312191,7601900
2021-09-22,4.03,4.06,4.02,4.04,3.32041,13205500
2021-09-23,4.05,4.08,4.04,4.06,3.336848,8365600
2021-09-24,4.07,4.08,4.03,4.04,3.32041,13142900
2021-09-27,4.05,4.08,4.02,4.08,3.353285,14443700
2021-09-28,4.08,4.11,4.04,4.11,3.377942,15097600
2021-09-29,4.09,4.1,4.07,4.1,3.369723,9457200
2021-09-30,4.1,4.1,4.05,4.07,3.345067,21417800
2021-10-01,4.07,4.1,4.02,4.04,3.32041,18087900
2021-10-04,4.06,4.07,4.01,4.03,3.312191,12620000
2021-10-05,4.03,4.06,4,4.06,3.336848,9445100
2021-10-06,4.06,4.1,4.04,4.06,3.336848,16163300
2021-10-07,4.06,4.08,4.05,4.08,3.353285,8972700
2021-10-08,4.08,4.09,4.05,4.08,3.353285,8769000
2021-10-11,4.1,4.13,4.08,4.11,3.377942,13009300
2021-10-12,4.12,4.17,4.07,4.16,3.419036,18398600
2021-10-13,4.16,4.2,4.16,4.19,3.443693,9115000
2021-10-14,4.2,4.22,4.17,4.19,3.443693,9419000
2021-10-15,4.2,4.21,4.19,4.2,3.451911,9385200
2021-10-18,4.2,4.25,4.2,4.23,3.476568,13360300
2021-10-20,4.25,4.28,4.24,4.27,3.509443,18349300
2021-10-21,4.28,4.28,4.2,4.23,3.476568,19783500
2021-10-22,4.23,4.24,4.2,4.23,3.476568,8128200
2021-10-25,4.23,4.27,4.23,4.24,3.484787,6765800
2021-10-26,4.24,4.25,4.22,4.23,3.476568,13502500
2021-10-27,4.24,4.26,4.23,4.23,3.476568,9136000
2021-10-28,4.24,4.24,4.18,4.2,3.451911,13131000
2021-10-29,4.21,4.22,4.17,4.17,3.427255,20361500
2021-11-01,4.08,4.1,4.01,4.04,3.32041,51794900
2021-11-02,4.06,4.08,4.04,4.04,3.32041,22210200
2021-11-03,4.05,4.06,4.03,4.04,3.32041,13948300
2021-11-05,4.06,4.06,4.01,4.03,3.312191,15177700
2021-11-08,4.04,4.05,4.02,4.04,3.32041,13626300
2021-11-09,4.03,4.05,4.01,4.03,3.312191,12276500
2021-11-10,4.03,4.03,4.01,4.02,3.303973,10463100
2021-11-11,4.02,4.03,4.01,4.02,3.303973,11040800
2021-11-12,4.03,4.05,4.01,4.02,3.303973,15585600
2021-11-15,4.02,4.04,4,4.01,3.295753,9846000
2021-11-16,4.01,4.02,4,4.02,3.303973,11170800
2021-11-17,4.03,4.05,4.02,4.05,3.328629,17803000
2021-11-18,4.05,4.06,4.03,4.05,3.328629,13575700
2021-11-19,4.07,4.07,4.05,4.07,3.345067,11812500
2021-11-22,4.07,4.09,4.05,4.07,3.345067,13156000
2021-11-23,4.07,4.09,4.06,4.07,3.345067,13206600
2021-11-24,4.07,4.08,4.05,4.07,3.345067,7858200
2021-11-25,4.07,4.08,4.02,4.02,3.303973,10060500
2021-11-26,4.02,4.03,3.99,4,3.287535,22785200
2021-11-29,3.99,3.99,3.96,3.96,3.25466,23410500
2021-11-30,3.96,3.99,3.93,3.94,3.238221,91707100
2021-12-01,3.94,3.95,3.9,3.91,3.213566,29325600
2021-12-02,3.91,3.93,3.9,3.91,3.213566,27477100
2021-12-06,3.9,3.92,3.88,3.88,3.188909,48415600
2021-12-07,3.9,4.01,3.9,3.99,3.279316,18349600
2021-12-08,3.99,4,3.97,3.98,3.271097,17080100
2021-12-09,3.99,4,3.97,3.99,3.279316,10742400
2021-12-10,3.99,4,3.98,3.99,3.279316,8653700
2021-12-13,4,4.02,3.99,4,3.287535,17267900
2021-12-14,4,4.03,3.99,4,3.287535,15463700
2021-12-15,4,4.02,3.98,4.01,3.295753,15603200
2021-12-16,4.02,4.05,4,4.03,3.312191,13374200
2021-12-17,4.03,4.08,4.01,4.08,3.353285,33607700
2021-12-20,4.08,4.08,4.05,4.07,3.345067,8751100
2021-12-21,4.07,4.1,4.06,4.08,3.353285,15104800
2021-12-22,4.09,4.11,4.07,4.1,3.369723,11093600
2021-12-23,4.09,4.14,4.09,4.14,3.402598,9992800
2021-12-24,4.14,4.15,4.11,4.12,3.386161,4602100
2021-12-27,4.12,4.15,4.11,4.15,3.410817,7916100
2021-12-28,4.15,4.19,4.14,4.18,3.435473,9562500
2021-12-29,4.18,4.19,4.16,4.19,3.443693,9481400
2021-12-30,4.19,4.2,4.13,4.15,3.410817,20189000
2021-12-31,4.15,4.16,4.12,4.16,3.419036,13867200
2022-01-03,4.16,4.19,4.14,4.15,3.410817,4077500
2022-01-04,4.15,4.16,4.11,4.13,3.39438,13730800
2022-01-05,4.13,4.17,4.12,4.17,3.427255,12865000
2022-01-06,4.16,4.17,4.11,4.12,3.386161,13660500
2022-01-07,4.13,4.16,4.12,4.16,3.419036,10787000
2022-01-10,4.15,4.19,4.14,4.18,3.435473,12661000
2022-01-11,4.18,4.23,4.17,4.23,3.476568,30974000
2022-01-12,4.23,4.25,4.21,4.25,3.493005,16577500
2022-01-13,4.23,4.25,4.22,4.24,3.484787,13170900
2022-01-14,4.23,4.24,4.18,4.2,3.451911,15196900
2022-01-17,4.2,4.22,4.19,4.22,3.468349,15074000
2022-01-19,4.22,4.22,4.14,4.18,3.435473,18648200
2022-01-20,4.18,4.19,4.15,4.17,3.427255,19457300
2022-01-21,4.18,4.19,4.16,4.18,3.435473,17882300
2022-01-24,4.17,4.19,4.16,4.19,3.443693,11819200
2022-01-25,4.19,4.19,4.16,4.18,3.435473,11850600
2022-01-26,4.18,4.22,4.18,4.2,3.451911,16102700
2022-01-27,4.2,4.22,4.19,4.21,3.460131,13549600
2022-01-28,4.2,4.23,4.2,4.22,3.468349,13879200
2022-01-31,4.22,4.23,4.2,4.21,3.460131,13111700
2022-02-03,4.23,4.24,4.21,4.23,3.476568,20856200
2022-02-04,4.24,4.24,4.2,4.23,3.476568,15673700
2022-02-07,4.22,4.23,4.21,4.22,3.468349,15145400
2022-02-08,4.22,4.23,4.21,4.21,3.460131,10413100
2022-02-09,4.21,4.3,4.21,4.3,3.5341,36077400
2022-02-10,4.3,4.35,4.27,4.35,3.575194,26148500
2022-02-11,4.34,4.36,4.32,4.35,3.575194,13417700
2022-02-14,4.33,4.37,4.33,4.36,3.583413,17378100
2022-02-15,4.36,4.4,4.36,4.39,3.608069,28095200
2022-02-16,4.4,4.43,4.37,4.41,3.624507,20299300
2022-02-17,4.42,4.42,4.39,4.41,3.624507,29126300
2022-02-18,4.39,4.41,4.37,4.39,3.608069,19394800
2022-02-21,4.38,4.39,4.35,4.37,3.591632,22645400
2022-02-22,4.36,4.37,4.29,4.34,3.566975,20577100
2022-02-23,4.34,4.39,4.34,4.36,3.583413,19025500
2022-02-24,4.36,4.37,4.26,4.28,3.517662,29953400
2022-02-25,4.29,4.4,4.29,4.37,3.591632,25459900
2022-02-28,4.39,4.45,4.38,4.45,3.657382,50158300
2022-03-01,4.45,4.47,4.42,4.42,3.632725,24884600
2022-03-02,4.42,4.45,4.38,4.41,3.624507,31759600
2022-03-03,4.43,4.45,4.41,4.43,3.640944,19133700
2022-03-04,4.42,4.43,4.4,4.42,3.632725,27433300
2022-03-07,4.41,4.42,4.27,4.31,3.542318,28351900
2022-03-08,4.27,4.33,4.25,4.3,3.5341,41646200
2022-03-09,4.31,4.43,4.31,4.4,3.616288,35152900
2022-03-10,4.43,4.57,4.43,4.52,3.714914,70716700
2022-03-11,4.42,4.43,4.32,4.4,3.678961,35870300
2022-03-14,4.4,4.44,4.36,4.44,3.712406,30810500
2022-03-15,4.45,4.49,4.44,4.48,3.745851,34415500
2022-03-16,4.49,4.52,4.48,4.52,3.779297,39359900
2022-03-17,4.53,4.66,4.52,4.63,3.871271,57938300
2022-03-18,4.61,4.69,4.58,4.69,3.921437,115146900
2022-03-21,4.65,4.65,4.6,4.63,3.871271,29221900
2022-03-22,4.63,4.63,4.58,4.62,3.862909,26040000
2022-03-23,4.62,4.67,4.61,4.65,3.887993,17264900
2022-03-24,4.64,4.67,4.62,4.65,3.887993,17258000
2022-03-25,4.66,4.66,4.63,4.66,3.896354,13375100
2022-03-28,4.66,4.67,4.64,4.67,3.904715,13380300
2022-03-29,4.66,4.67,4.62,4.63,3.871271,19876500
2022-03-30,4.64,4.66,4.63,4.65,3.887993,20101300
2022-03-31,4.65,4.67,4.64,4.67,3.904715,39257100
2022-04-01,4.67,4.78,4.65,4.78,3.99669,33035700
2022-04-04,4.79,4.79,4.72,4.72,3.946522,15623700
2022-04-05,4.72,4.73,4.68,4.7,3.9298,31302900
2022-04-06,4.7,4.72,4.7,4.71,3.93816,15657600
2022-04-07,4.7,4.71,4.67,4.68,3.913076,29188600
2022-04-08,4.68,4.69,4.66,4.68,3.913076,12062900
2022-04-11,4.68,4.7,4.66,4.67,3.904715,10264800
2022-04-12,4.67,4.68,4.66,4.67,3.904715,14655000
2022-04-13,4.68,4.69,4.66,4.67,3.904715,21202400
2022-04-14,4.68,4.69,4.67,4.67,3.904715,13579500
2022-04-15,4.67,4.68,4.66,4.67,3.904715,7951900
2022-04-18,4.67,4.67,4.63,4.63,3.871271,11238400
2022-04-20,4.63,4.67,4.62,4.65,3.887993,27578600
2022-04-21,4.65,4.67,4.64,4.67,3.904715,20921300
2022-04-22,4.67,4.72,4.66,4.72,3.946522,14405700
2022-04-25,4.71,4.71,4.67,4.71,3.93816,14532000
2022-04-26,4.71,4.72,4.68,4.72,3.946522,14044600
2022-04-27,4.7,4.74,4.7,4.71,3.93816,15171100
2022-04-28,4.72,4.73,4.7,4.71,3.93816,20714200
2022-04-29,4.72,4.72,4.69,4.69,3.921437,13825900
2022-05-05,4.74,4.77,4.58,4.63,3.871271,29066000
2022-05-06,4.61,4.66,4.58,4.59,3.837826,32875900
2022-05-09,4.57,4.58,4.51,4.56,3.812741,17510500
2022-05-10,4.61,4.71,4.58,4.64,3.879631,29713300
2022-05-11,4.63,4.69,4.59,4.65,3.887993,24629500
2022-05-12,4.66,4.68,4.62,4.63,3.871271,18632100
2022-05-13,4.63,4.64,4.53,4.53,3.787657,20864100
2022-05-17,4.56,4.57,4.53,4.53,3.787657,17980500
2022-05-18,4.54,4.63,4.52,4.61,3.854548,17252100
2022-05-19,4.63,4.63,4.56,4.57,3.821102,15114300
2022-05-20,4.58,4.62,4.52,4.52,3.779297,15040800
2022-05-23,4.52,4.56,4.52,4.54,3.796018,12137500
2022-05-24,4.56,4.56,4.5,4.5,3.762573,14617100
2022-05-25,4.51,4.58,4.51,4.55,3.80438,12750300
2022-05-26,4.6,4.6,4.56,4.6,3.846186,9802100
2022-05-27,4.6,4.62,4.57,4.62,3.862909,7655200
2022-05-30,4.62,4.63,4.58,4.59,3.837826,6093000
2022-05-31,4.6,4.73,4.58,4.73,3.954883,54183600
2022-06-01,4.7,4.7,4.61,4.63,3.871271,17850500
2022-06-02,4.63,4.68,4.59,4.61,3.854548,9399500
2022-06-03,4.62,4.64,4.57,4.58,3.829464,7983700
2022-06-07,4.6,4.61,4.52,4.52,3.779297,12117400
2022-06-08,4.53,4.6,4.52,4.57,3.821102,9658600
2022-06-09,4.57,4.59,4.55,4.57,3.821102,14056900
2022-06-10,4.57,4.57,4.52,4.53,3.787657,9392400
2022-06-13,4.5,4.5,4.39,4.48,3.745851,23442500
2022-06-14,4.44,4.52,4.43,4.51,3.770935,17369600
2022-06-15,4.51,4.51,4.45,4.48,3.745851,15614300
2022-06-16,4.5,4.55,4.5,4.55,3.80438,14544200
2022-06-17,4.52,4.52,4.47,4.49,3.754212,34639600
2022-06-20,4.49,4.5,4.41,4.43,3.704044,13226300
2022-06-21,4.45,4.47,4.43,4.47,3.737489,11604300
2022-06-22,4.5,4.5,4.4,4.4,3.678961,13206400
2022-06-23,4.41,4.44,4.38,4.4,3.678961,8632200
2022-06-24,4.41,4.45,4.4,4.43,3.704044,5344600
2022-06-27,4.43,4.45,4.39,4.44,3.712406,13940100
2022-06-28,4.43,4.47,4.42,4.46,3.729129,13544800
2022-06-29,4.44,4.47,4.4,4.42,3.695683,16836000
2022-06-30,4.42,4.46,4.37,4.37,3.653877,29041000
2022-07-01,4.34,4.44,4.33,4.42,3.695683,14767000
2022-07-04,4.42,4.43,4.38,4.39,3.670599,6948200
2022-07-05,4.42,4.44,4.39,4.41,3.687322,12932700
2022-07-06,4.42,4.46,4.38,4.39,3.670599,14741200
2022-07-07,4.4,4.41,4.36,4.36,3.645516,8531500
2022-07-08,4.39,4.4,4.37,4.4,3.678961,6207500
2022-07-12,4.4,4.4,4.37,4.4,3.678961,5809200
2022-07-13,4.39,4.41,4.35,4.37,3.653877,10705800
2022-07-14,4.36,4.4,4.36,4.4,3.678961,7444900
2022-07-15,4.4,4.4,4.37,4.4,3.678961,7077700
2022-07-18,4.4,4.4,4.37,4.39,3.670599,11309900
2022-07-19,4.4,4.41,4.38,4.4,3.678961,12538500
2022-07-20,4.41,4.44,4.39,4.43,3.704044,15565800
2022-07-21,4.44,4.45,4.42,4.44,3.712406,9273600
2022-07-22,4.44,4.59,4.44,4.57,3.821102,16923900
2022-07-25,4.57,4.62,4.55,4.62,3.862909,12775900
2022-07-26,4.62,4.63,4.59,4.6,3.846186,10907400
2022-07-27,4.6,4.62,4.59,4.6,3.846186,9189500
2022-07-28,4.61,4.69,4.61,4.64,3.879631,11959100
2022-07-29,4.64,4.66,4.59,4.64,3.879631,14654900
2022-08-01,4.62,4.65,4.59,4.64,3.879631,7972300
2022-08-02,4.66,4.67,4.61,4.66,3.896354,8710200
2022-08-03,4.62,4.64,4.58,4.61,3.854548,13128700
2022-08-04,4.61,4.65,4.6,4.65,3.887993,21825500
2022-08-05,4.65,4.66,4.61,4.63,3.871271,15284400
2022-08-08,4.63,4.66,4.62,4.64,3.879631,11521400
2022-08-09,4.68,4.68,4.64,4.66,3.896354,9230600
2022-08-10,4.66,4.66,4.61,4.63,3.871271,13678800
2022-08-11,4.64,4.68,4.63,4.65,3.887993,18054500
2022-08-12,4.65,4.68,4.65,4.65,3.887993,13425100
2022-08-15,4.65,4.69,4.63,4.66,3.896354,14367000
2022-08-16,4.65,4.67,4.63,4.65,3.887993,13102100
2022-08-17,4.65,4.69,4.64,4.65,3.887993,14319300
2022-08-18,4.65,4.69,4.64,4.65,3.887993,13407400
2022-08-19,4.65,4.66,4.61,4.61,3.854548,7798000
2022-08-22,4.6,4.61,4.58,4.59,3.837826,9127800
2022-08-23,4.58,4.61,4.57,4.6,3.846186,11924900
2022-08-24,4.6,4.62,4.58,4.62,3.862909,12105600
2022-08-25,4.62,4.67,4.59,4.61,3.854548,19147100
2022-08-26,4.61,4.65,4.61,4.63,3.871271,7479600
2022-08-29,4.6,4.65,4.59,4.63,3.871271,10097900
2022-08-30,4.64,4.71,4.63,4.71,3.93816,34658400
2022-09-01,4.64,4.68,4.64,4.66,3.896354,17469100
2022-09-02,4.66,4.7,4.66,4.67,3.904715,10020500
2022-09-05,4.68,4.7,4.66,4.67,3.904715,7982900
2022-09-06,4.68,4.7,4.66,4.66,3.896354,14229000
2022-09-07,4.65,4.66,4.63,4.64,3.879631,11790000
2022-09-08,4.65,4.67,4.64,4.64,3.879631,10419200
2022-09-09,4.65,4.69,4.64,4.69,3.921437,6386900
2022-09-12,4.7,4.72,4.68,4.7,3.9298,8842900
2022-09-13,4.64,4.64,4.52,4.52,3.844738,21018600
2022-09-14,4.5,4.54,4.44,4.44,3.77669,12469500
2022-09-15,4.46,4.51,4.45,4.47,3.802208,29008300
2022-09-19,4.44,4.47,4.43,4.45,3.785196,21797100
2022-09-20,4.47,4.51,4.45,4.45,3.785196,16001400
2022-09-21,4.44,4.52,4.4,4.4,3.742666,19007100
2022-09-22,4.41,4.44,4.38,4.39,3.734159,12473300
2022-09-23,4.4,4.4,4.31,4.34,3.691629,21868500
2022-09-26,4.34,4.35,4.27,4.28,3.640593,43351500
2022-09-27,4.28,4.33,4.21,4.21,3.581051,29482600
2022-09-28,4.21,4.28,4.2,4.26,3.623581,19989500
2022-09-29,4.29,4.31,4.18,4.2,3.572545,33204200
2022-09-30,4.21,4.25,4.19,4.23,3.598063,30972700
2022-10-03,4.23,4.26,4.2,4.25,3.615075,22300900
2022-10-04,4.27,4.3,4.26,4.27,3.632087,22486200
2022-10-05,4.29,4.33,4.24,4.25,3.615075,21158600
2022-10-06,4.27,4.31,4.25,4.25,3.615075,25275900
2022-10-07,4.25,4.28,4.24,4.26,3.623581,20257200
2022-10-11,4.28,4.28,4.2,4.2,3.572545,21199800
2022-10-12,4.22,4.25,4.21,4.22,3.589556,14847300
2022-10-13,4.25,4.25,4.16,4.17,3.547026,20304000
2022-10-14,4.2,4.24,4.19,4.2,3.572545,22585500
2022-10-17,4.22,4.24,4.2,4.2,3.572545,12479600
2022-10-18,4.22,4.25,4.17,4.2,3.572545,15075100
2022-10-19,4.2,4.35,4.19,4.34,3.691629,16813700
2022-10-20,4.34,4.44,4.3,4.44,3.77669,34568200
2022-10-21,4.43,4.5,4.39,4.5,3.827726,27590600
2022-10-25,4.5,4.52,4.42,4.45,3.785196,18772500
2022-10-26,4.45,4.48,4.42,4.45,3.785196,8191100
2022-10-27,4.46,4.47,4.42,4.43,3.768185,15662300
2022-10-28,4.44,4.45,4.35,4.38,3.725654,21222500
2022-10-31,4.4,4.5,4.4,4.47,3.802208,24726100
2022-11-01,4.45,4.47,4.41,4.41,3.751172,12012700
2022-11-02,4.42,4.47,4.4,4.45,3.785196,16355900
2022-11-03,4.42,4.44,4.32,4.36,3.708642,23490300
2022-11-04,4.39,4.4,4.33,4.36,3.708642,21278500
2022-11-07,4.37,4.43,4.33,4.35,3.700136,14100100
2022-11-08,4.37,4.38,4.33,4.38,3.725654,11463800
2022-11-09,4.37,4.43,4.36,4.4,3.742666,17079500
2022-11-10,4.38,4.43,4.38,4.43,3.768185,9145000
2022-11-11,4.46,4.47,4.43,4.45,3.785196,14374300
2022-11-14,4.45,4.45,4.36,4.38,3.725654,11820400
2022-11-15,4.38,4.39,4.35,4.37,3.717147,20225900
2022-11-16,4.35,4.36,4.29,4.3,3.657605,16312200
2022-11-17,4.3,4.35,4.3,4.31,3.666111,28185800
2022-11-21,4.31,4.33,4.26,4.33,3.683124,19398800
2022-11-22,4.33,4.34,4.25,4.29,3.649099,18790700
2022-11-23,4.28,4.31,4.27,4.28,3.640593,18715000
2022-11-24,4.32,4.54,4.3,4.52,3.844738,47419900
2022-11-25,4.53,4.61,4.51,4.52,3.844738,38871900
2022-11-29,4.5,4.52,4.4,4.41,3.751172,26243800
2022-11-30,4.42,4.5,4.34,4.5,3.827726,81286000
2022-12-01,4.5,4.55,4.44,4.47,3.802208,26248800
2022-12-02,4.48,4.48,4.37,4.41,3.751172,26264900
2022-12-05,4.42,4.45,4.37,4.44,3.77669,18815800
2022-12-06,4.43,4.47,4.4,4.45,3.785196,30090800
2022-12-07,4.44,4.46,4.42,4.42,3.759678,22047700
2022-12-08,4.43,4.44,4.37,4.41,3.751172,18999400
2022-12-09,4.4,4.43,4.38,4.41,3.751172,20308100
2022-12-12,4.41,4.46,4.35,4.4,3.742666,25896800
2022-12-13,4.39,4.41,4.38,4.39,3.734159,14143600
2022-12-14,4.36,4.44,4.35,4.44,3.811419,17725800
2022-12-15,4.44,4.45,4.37,4.38,3.759913,17099000
2022-12-16,4.38,4.4,4.35,4.38,3.759913,17906900
2022-12-19,4.38,4.41,4.37,4.4,3.777081,10632100
2022-12-20,4.39,4.4,4.36,4.37,3.751329,15806300
2022-12-21,4.38,4.41,4.37,4.41,3.785665,9549300
2022-12-22,4.42,4.43,4.39,4.4,3.777081,12276300
2022-12-23,4.4,4.44,4.39,4.44,3.811419,5728200
2022-12-27,4.43,4.43,4.29,4.3,3.691238,30009600
2022-12-28,4.3,4.35,4.23,4.3,3.691238,28305100
2022-12-29,4.29,4.37,4.28,4.35,3.73416,12789100
2022-12-30,4.36,4.41,4.31,4.32,3.708407,19952600
2023-01-03,4.32,4.32,4.28,4.28,3.67407,8332800
2023-01-04,4.28,4.31,4.27,4.28,3.67407,10414300
2023-01-05,4.29,4.31,4.27,4.3,3.691238,15493400
2023-01-06,4.3,4.31,4.28,4.3,3.691238,5689300
2023-01-09,4.31,4.34,4.3,4.31,3.699823,14017600
2023-01-10,4.31,4.32,4.28,4.3,3.691238,11088200
2023-01-11,4.31,4.32,4.28,4.31,3.699823,14240600
2023-01-12,4.33,4.33,4.3,4.31,3.699823,14902100
2023-01-13,4.3,4.33,4.29,4.33,3.716991,17232700
2023-01-16,4.33,4.33,4.3,4.32,3.708407,14220300
2023-01-17,4.32,4.32,4.3,4.32,3.708407,10434200
2023-01-18,4.3,4.31,4.28,4.29,3.682654,16429500
2023-01-19,4.29,4.31,4.28,4.29,3.682654,27752700
2023-01-20,4.3,4.31,4.28,4.29,3.682654,12592500
2023-01-25,4.3,4.3,4.27,4.29,3.682654,9143400
2023-01-26,4.3,4.3,4.27,4.28,3.67407,9354500
2023-01-27,4.28,4.28,4.24,4.25,3.648317,26025500
2023-01-30,4.26,4.28,4.24,4.26,3.656902,31798600
2023-01-31,4.26,4.27,4.24,4.24,3.639733,33770800
2023-02-02,4.23,4.24,4.2,4.21,3.61398,33096300
2023-02-03,4.21,4.22,4.2,4.21,3.61398,20304800
2023-02-07,4.2,4.21,4.15,4.16,3.571058,26943900
2023-02-08,4.16,4.18,4.12,4.12,3.536721,21577600
2023-02-09,4.12,4.17,4.1,4.13,3.545306,20045300
2023-02-10,4.13,4.2,4.13,4.2,3.605395,11367100
2023-02-13,4.2,4.21,4.16,4.19,3.596811,11373900
2023-02-14,4.21,4.21,4.17,4.19,3.596811,16737600
2023-02-15,4.2,4.21,4.16,4.18,3.588227,9995500
2023-02-16,4.19,4.2,4.16,4.17,3.579643,12580000
2023-02-17,4.17,4.19,4.15,4.15,3.562474,22890600
2023-02-20,4.16,4.17,4.15,4.16,3.571058,8123600
2023-02-21,4.16,4.18,4.15,4.15,3.562474,9811400
2023-02-22,4.15,4.16,4.13,4.13,3.545306,14582400
2023-02-23,4.14,4.14,4.11,4.12,3.536721,10815400
2023-02-24,4.12,4.15,4.12,4.13,3.545306,16613600
2023-02-27,4.13,4.17,4.11,4.15,3.562474,24828300
2023-02-28,4.16,4.19,4.13,4.13,3.545306,44462800
2023-03-01,4.13,4.16,4.12,4.14,3.55389,13661700
2023-03-02,4.14,4.16,4.13,4.14,3.55389,8879100
2023-03-03,4.15,4.16,4.13,4.14,3.55389,12102000
2023-03-06,4.15,4.16,4.1,4.1,3.519553,15901700
2023-03-07,4.1,4.15,4.1,4.13,3.545306,12080400
2023-03-08,4.12,4.13,4.09,4.11,3.528137,17781300
2023-03-09,4.12,4.14,4.11,4.13,3.545306,10588000
2023-03-10,4.11,4.12,4.06,4.07,3.4938,24296500
2023-03-13,4.02,4.02,3.95,4.01,3.485109,21200500
2023-03-14,4,4,3.88,3.88,3.372125,56619000
2023-03-15,3.91,3.98,3.91,3.95,3.432963,49007100
2023-03-16,3.95,3.96,3.91,3.93,3.415581,18157400
2023-03-17,3.96,4.06,3.95,3.97,3.450345,36598000
2023-03-20,3.98,3.98,3.95,3.95,3.432963,10070600
2023-03-21,3.97,4.01,3.97,3.99,3.467727,11573200
2023-03-22,3.97,4.01,3.95,4,3.476418,13796800
2023-03-23,3.96,3.97,3.92,3.95,3.432963,22366200
2023-03-24,3.95,3.96,3.9,3.9,3.389508,23742200
2023-03-27,3.9,3.93,3.88,3.89,3.380816,12869200
2023-03-28,3.92,3.95,3.9,3.94,3.424272,13620300
2023-03-29,3.94,3.97,3.92,3.96,3.441654,12821200
2023-03-30,3.96,3.98,3.94,3.98,3.459036,7654900
2023-03-31,3.98,4.02,3.97,4,3.476418,16293100
2023-04-03,4.02,4.04,4,4,3.476418,9600500
2023-04-04,4.01,4.02,3.98,4,3.476418,10427100
2023-04-05,4,4.02,3.99,4.02,3.4938,4899000
2023-04-06,4.02,4.02,3.97,4.01,3.485109,8397600
2023-04-07,4.01,4.01,3.97,3.99,3.467727,4285500
2023-04-10,4,4.01,3.98,3.98,3.459036,2326100
2023-04-11,3.98,3.99,3.97,3.99,3.467727,13927900
2023-04-12,4,4.04,3.98,4.02,3.4938,11040900
2023-04-13,4.01,4.02,3.98,3.99,3.467727,15502900
2023-04-14,4,4.01,3.97,3.99,3.467727,10411700
2023-04-17,3.99,3.99,3.95,3.97,3.450345,17306500
2023-04-18,3.97,3.99,3.95,3.98,3.459036,8243200
2023-04-19,3.98,3.99,3.95,3.97,3.450345,10768200
2023-04-20,3.97,3.97,3.91,3.93,3.415581,17022100
2023-04-25,3.93,3.96,3.91,3.93,3.415581,16146300
2023-04-26,3.92,3.92,3.88,3.89,3.380816,20150000
2023-04-27,3.89,3.91,3.88,3.89,3.380816,11129100
2023-04-28,3.9,3.92,3.88,3.89,3.380816,17410700
2023-05-02,3.89,3.94,3.89,3.92,3.406889,15171900
2023-05-03,3.92,3.93,3.9,3.91,3.398199,11331900
2023-05-05,3.91,4.03,3.9,4.01,3.485109,21960500
2023-05-08,4.02,4.03,4,4.01,3.485109,10506600
2023-05-09,4.01,4.02,3.99,4.02,3.4938,9835500
2023-05-10,4.01,4.02,3.98,3.99,3.467727,9559000
2023-05-11,3.99,4.02,3.99,4.01,3.485109,11351200
2023-05-12,4.01,4.02,3.96,3.97,3.450345,11328100
2023-05-15,3.97,3.99,3.94,3.94,3.424272,8601700
2023-05-16,3.95,3.98,3.94,3.95,3.432963,10718700
2023-05-17,3.95,3.98,3.94,3.96,3.441654,6458700
2023-05-18,3.97,3.98,3.95,3.97,3.450345,7343300
2023-05-19,3.96,3.98,3.95,3.98,3.459036,10017000
2023-05-22,3.97,3.98,3.92,3.95,3.432963,9877700
2023-05-23,3.95,3.96,3.9,3.91,3.398199,12814400
2023-05-24,3.91,3.93,3.9,3.92,3.406889,12481100
2023-05-25,3.91,3.93,3.89,3.89,3.380816,15591300
2023-05-26,3.9,3.94,3.89,3.9,3.389508,19493800
2023-05-29,3.91,3.91,3.86,3.89,3.380816,15939500
2023-05-30,3.89,3.89,3.84,3.84,3.337361,25397200
2023-05-31,3.85,3.87,3.81,3.81,3.311288,54046900
2023-06-01,3.82,3.86,3.81,3.83,3.328671,11697900
2023-06-02,3.83,3.83,3.78,3.78,3.285215,26325400
2023-06-06,3.79,3.84,3.78,3.81,3.311288,20117500
2023-06-07,3.82,3.83,3.78,3.81,3.311288,12371400
2023-06-08,3.82,3.83,3.78,3.81,3.311288,11953200
2023-06-09,3.82,3.86,3.81,3.82,3.319979,6947300
2023-06-12,3.84,3.87,3.84,3.85,3.346052,11785300
2023-06-13,3.86,3.87,3.8,3.81,3.311288,19966400
2023-06-14,3.82,3.84,3.79,3.82,3.319979,17409800
2023-06-15,3.82,3.85,3.81,3.85,3.346052,11271500
2023-06-16,3.85,3.9,3.81,3.87,3.363435,30200800
2023-06-19,3.88,3.89,3.85,3.87,3.363435,6043800
2023-06-20,3.87,3.89,3.86,3.88,3.372125,15097100
2023-06-21,3.88,3.93,3.87,3.91,3.398199,21398100
2023-06-22,3.91,3.95,3.9,3.92,3.406889,15186300
2023-06-23,3.92,3.93,3.88,3.88,3.372125,17580900
2023-06-26,3.88,3.9,3.83,3.86,3.354743,15667600
2023-06-27,3.87,3.89,3.84,3.85,3.346052,12746300
2023-06-28,3.86,3.89,3.85,3.87,3.363435,10464900
2023-06-30,3.88,3.92,3.83,3.85,3.346052,20184100
2023-07-03,3.86,3.95,3.86,3.94,3.424272,16439000
2023-07-04,3.94,3.94,3.89,3.91,3.398199,6844700
2023-07-05,3.92,3.94,3.9,3.9,3.389508,8212400
2023-07-06,3.9,3.9,3.86,3.88,3.372125,9813300
2023-07-07,3.88,3.9,3.85,3.85,3.346052,9052700
2023-07-10,3.85,3.89,3.85,3.86,3.354743,7382400
2023-07-11,3.86,3.89,3.84,3.87,3.363435,12043200
2023-07-12,3.87,3.9,3.85,3.87,3.363435,7951900
2023-07-13,3.89,3.93,3.88,3.92,3.406889,9472500
2023-07-14,3.94,4.01,3.92,3.99,3.467727,22818900
2023-07-17,3.99,4,3.96,3.99,3.467727,8707200
2023-07-18,3.99,4,3.92,3.96,3.441654,11847000
2023-07-20,3.98,3.99,3.95,3.97,3.450345,8417700
2023-07-21,3.97,3.99,3.95,3.98,3.459036,7289800
2023-07-24,3.99,4,3.97,3.98,3.459036,5025400
2023-07-25,3.98,4.05,3.97,4.05,3.519873,12399500
2023-07-26,4.05,4.09,4.04,4.08,3.545946,14486700
2023-07-27,4.08,4.12,4.06,4.11,3.57202,14883100
2023-07-28,4.1,4.15,4.07,4.14,3.598092,13353000
2023-07-31,4.14,4.2,4.11,4.17,3.624166,27652500
2023-08-01,4.17,4.18,4.11,4.12,3.58071,13858900
2023-08-02,4.12,4.15,4.11,4.13,3.589402,10658100
2023-08-03,4.11,4.12,4.07,4.09,3.554637,10188800
2023-08-04,4.09,4.14,4.09,4.12,3.58071,12342500
2023-08-07,4.12,4.14,4.1,4.13,3.589402,5163400
2023-08-08,4.13,4.16,4.12,4.14,3.598092,7967000
2023-08-09,4.14,4.18,4.12,4.17,3.624166,17868200
2023-08-10,4.16,4.18,4.13,4.15,3.606784,12481400
2023-08-11,4.15,4.17,4.11,4.16,3.615474,13129600
2023-08-14,4.14,4.16,4.12,4.15,3.606784,11664300
2023-08-15,4.15,4.22,4.15,4.21,3.65893,13607200
2023-08-16,4.19,4.22,4.18,4.19,3.641548,18688500
2023-08-17,4.18,4.18,4.15,4.16,3.615474,20965000
2023-08-18,4.15,4.16,4.1,4.13,3.589402,15127800
2023-08-21,4.13,4.15,4.12,4.14,3.598092,7631800
2023-08-22,4.14,4.15,4.11,4.13,3.589402,9565900
2023-08-23,4.13,4.14,4.08,4.08,3.545946,11283700
2023-08-24,4.1,4.1,4.07,4.08,3.545946,14390500
2023-08-25,4.08,4.1,4.06,4.08,3.545946,9072900
2023-08-28,4.09,4.1,4.06,4.08,3.545946,8737900
2023-08-29,4.08,4.15,4.08,4.14,3.598092,14749300
2023-08-30,4.16,4.26,4.16,4.23,3.676312,47921900
2023-09-01,4.28,4.28,4.21,4.24,3.685003,21406100
2023-09-04,4.24,4.29,4.24,4.28,3.719767,17528400
2023-09-05,4.27,4.29,4.23,4.25,3.693694,15109300
2023-09-06,4.25,4.27,4.23,4.25,3.693694,16503900
2023-09-07,4.25,4.28,4.24,4.25,3.693694,9887500
2023-09-08,4.25,4.25,4.21,4.25,3.693694,6381000
2023-09-11,4.25,4.25,4.21,4.24,3.685003,10298700
2023-09-12,4.23,4.24,4.21,4.24,3.685003,12885900
2023-09-13,4.13,4.17,4.1,4.14,3.676123,12676400
2023-09-14,4.15,4.18,4.13,4.17,3.702762,14345500
2023-09-15,4.17,4.2,4.15,4.19,3.720521,18641500
2023-09-18,4.19,4.21,4.17,4.2,3.7294,5462200
2023-09-19,4.19,4.21,4.18,4.2,3.7294,5506400
2023-09-20,4.22,4.23,4.18,4.19,3.720521,11543900
2023-09-21,4.22,4.23,4.18,4.21,3.738281,17789800
2023-09-22,4.19,4.22,4.18,4.2,3.7294,8434300
2023-09-25,4.2,4.21,4.16,4.18,3.711642,10340000
2023-09-26,4.18,4.2,4.17,4.19,3.720521,9326500
2023-09-27,4.17,4.17,4.13,4.14,3.676123,12324400
2023-09-29,4.12,4.13,4.06,4.06,3.605088,22967900
2023-10-02,4.07,4.1,4.04,4.06,3.605088,11300500
2023-10-03,4.06,4.12,4.05,4.06,3.605088,14771300
2023-10-04,4.05,4.07,4.01,4.05,3.596208,14821000
2023-10-05,4.05,4.08,4.02,4.04,3.587328,24486800
2023-10-06,4.04,4.06,4.02,4.03,3.578449,25701400
2023-10-09,4.02,4.06,4.02,4.03,3.578449,10411200
2023-10-10,4.04,4.14,4.04,4.13,3.667244,9045800
2023-10-11,4.14,4.16,4.1,4.15,3.685003,16570500
2023-10-12,4.15,4.19,4.15,4.18,3.711642,11868900
2023-10-13,4.17,4.18,4.15,4.17,3.702762,9114400
2023-10-16,4.17,4.18,4.13,4.17,3.702762,11850600
2023-10-17,4.18,4.19,4.16,4.18,3.711642,11011600
2023-10-18,4.17,4.18,4.15,4.17,3.702762,7068700
2023-10-19,4.17,4.17,4.12,4.12,3.658364,8936000
2023-10-20,4.12,4.16,4.11,4.14,3.676123,9798200
2023-10-23,4.14,4.18,4.13,4.16,3.693882,14370500
2023-10-24,4.16,4.17,4.12,4.14,3.676123,11121100
2023-10-25,4.16,4.18,4.15,4.16,3.693882,7486600
2023-10-26,4.18,4.19,4.16,4.17,3.702762,13494700
2023-10-27,4.17,4.18,4.16,4.17,3.702762,9879000
2023-10-30,4.16,4.18,4.14,4.15,3.685003,8101800
2023-10-31,4.15,4.17,4.15,4.16,3.693882,12343100
2023-11-01,4.16,4.17,4.15,4.15,3.685003,8695300
2023-11-02,4.15,4.18,4.15,4.17,3.702762,9390600
2023-11-03,4.18,4.2,4.17,4.18,3.711642,11758100
2023-11-06,4.19,4.25,4.18,4.25,3.773798,21950200
2023-11-07,4.25,4.25,4.23,4.24,3.764919,15702400
2023-11-08,4.24,4.24,4.2,4.21,3.738281,10768900
2023-11-09,4.2,4.22,4.19,4.21,3.738281,10146300
2023-11-10,4.2,4.2,4.14,4.16,3.693882,10485000
2023-11-14,4.17,4.2,4.16,4.18,3.711642,7768300
2023-11-15,4.19,4.23,4.17,4.23,3.756039,16942600
2023-11-16,4.21,4.24,4.2,4.24,3.764919,11113300
2023-11-17,4.22,4.24,4.21,4.23,3.756039,9231700
2023-11-20,4.23,4.23,4.19,4.21,3.738281,8071700
2023-11-21,4.21,4.28,4.2,4.27,3.791558,17433500
2023-11-22,4.26,4.27,4.21,4.27,3.791558,13376000
2023-11-23,4.27,4.27,4.25,4.27,3.791558,6885700
2023-11-24,4.27,4.28,4.23,4.25,3.773798,5955700
2023-11-27,4.25,4.28,4.23,4.24,3.764919,12299400
2023-11-28,4.24,4.27,4.21,4.22,3.747159,21603700
2023-11-29,4.22,4.26,4.22,4.24,3.764919,13770400
2023-11-30,4.24,4.28,4.23,4.27,3.791558,114990700
2023-12-01,4.29,4.32,4.28,4.32,3.835955,28684400
2023-12-04,4.32,4.32,4.27,4.28,3.800437,15725000
2023-12-05,4.27,4.28,4.23,4.25,3.773798,10697800
2023-12-06,4.27,4.28,4.24,4.25,3.773798,12996300
2023-12-07,4.25,4.27,4.24,4.26,3.782678,15959200
2023-12-08,4.26,4.27,4.23,4.24,3.764919,16161200
2023-12-11,4.25,4.26,4.22,4.25,3.773798,15767100
2023-12-12,4.25,4.26,4.24,4.25,3.773798,19935700
2023-12-13,4.25,4.26,4.24,4.26,3.782678,15616900
2023-12-14,4.27,4.31,4.25,4.3,3.818196,18552000
2023-12-15,4.3,4.34,4.29,4.31,3.827075,31911200
2023-12-18,4.3,4.35,4.3,4.35,3.862594,23950200
2023-12-19,4.35,4.36,4.33,4.34,3.853714,15342900
2023-12-20,4.35,4.37,4.29,4.32,3.835955,41065900
2023-12-21,4.31,4.32,4.27,4.27,3.791558,14744300
2023-12-22,4.28,4.29,4.24,4.25,3.773798,16125400
2023-12-26,4.25,4.26,4.23,4.24,3.764919,7990900
2023-12-27,4.24,4.26,4.23,4.25,3.773798,12207400
2023-12-28,4.25,4.3,4.24,4.28,3.800437,13996000
2023-12-29,4.28,4.31,4.24,4.29,3.809316,24568300
2024-01-02,4.28,4.28,4.25,4.28,3.800437,8576900
2024-01-03,4.28,4.28,4.25,4.27,3.791558,12400500
2024-01-04,4.27,4.32,4.25,4.29,3.809316,16120800
2024-01-05,4.29,4.33,4.29,4.33,3.844835,15439300
2024-01-08,4.33,4.37,4.32,4.36,3.871473,23074100
2024-01-09,4.36,4.4,4.36,4.39,3.898111,22495600
2024-01-10,4.39,4.39,4.3,4.31,3.827075,14896000
2024-01-11,4.31,4.34,4.28,4.3,3.818196,10936800
2024-01-12,4.3,4.31,4.28,4.3,3.818196,12800100
2024-01-15,4.3,4.36,4.3,4.36,3.871473,8937100
2024-01-16,4.35,4.38,4.34,4.36,3.871473,8381000
2024-01-17,4.37,4.37,4.32,4.35,3.862594,11074600
2024-01-18,4.33,4.37,4.29,4.31,3.827075,35536500
2024-01-19,4.31,4.37,4.31,4.35,3.862594,8487600
2024-01-22,4.35,4.37,4.31,4.34,3.853714,22297600
2024-01-23,4.33,4.37,4.32,4.35,3.862594,23332700
2024-01-24,4.36,4.38,4.36,4.37,3.880353,14257500
2024-01-26,4.35,4.39,4.33,4.37,3.880353,9603400
2024-01-29,4.37,4.42,4.36,4.41,3.915871,13539200
2024-01-30,4.41,4.42,4.39,4.4,3.906991,9349500
2024-01-31,4.41,4.42,4.38,4.39,3.898111,18344500
2024-02-02,4.39,4.44,4.39,4.43,3.93363,24070100
2024-02-05,4.42,4.45,4.41,4.41,3.915871,14364100
2024-02-06,4.41,4.42,4.38,4.39,3.898111,23973900
2024-02-07,4.39,4.39,4.37,4.39,3.898111,14235400
2024-02-08,4.39,4.42,4.37,4.37,3.880353,8365200
2024-02-09,4.37,4.38,4.34,4.35,3.862594,2942100
2024-02-13,4.34,4.4,4.34,4.4,3.906991,10327300
2024-02-14,4.39,4.41,4.38,4.4,3.906991,6846700
2024-02-15,4.4,4.41,4.38,4.39,3.898111,10631300
2024-02-16,4.4,4.42,4.38,4.41,3.915871,14089200
2024-02-19,4.41,4.43,4.39,4.43,3.93363,12529100
2024-02-20,4.43,4.48,4.41,4.48,3.978028,28881300
2024-02-21,4.48,4.52,4.47,4.51,4.004666,28422100
2024-02-22,4.5,4.51,4.46,4.48,3.978028,8731000
2024-02-23,4.48,4.5,4.46,4.48,3.978028,11139400
2024-02-26,4.48,4.48,4.42,4.46,3.960268,21472500
2024-02-27,4.43,4.48,4.43,4.47,3.969147,19013800
2024-02-28,4.47,4.49,4.43,4.43,3.93363,25931000
2024-02-29,4.43,4.46,4.4,4.4,3.906991,48736400
2024-03-01,4.39,4.42,4.31,4.36,3.871473,33244400
2024-03-04,4.35,4.41,4.3,4.3,3.818196,23785400
2024-03-05,4.29,4.32,4.25,4.32,3.835955,38814900
2024-03-06,4.31,4.34,4.29,4.3,3.818196,22000200
2024-03-07,4.29,4.35,4.28,4.3,3.818196,22291100
2024-03-08,4.28,4.32,4.27,4.29,3.809316,24972000
2024-03-11,4.3,4.32,4.27,4.3,3.818196,19399800
2024-03-12,4.3,4.33,4.29,4.31,3.827075,23946000
2024-03-13,4.25,4.26,4.18,4.22,3.836165,26996700
2024-03-14,4.22,4.23,4.18,4.23,3.845256,28185700
2024-03-15,4.23,4.29,4.21,4.27,3.881618,32001900
2024-03-18,4.27,4.3,4.26,4.29,3.899799,12110500
2024-03-19,4.29,4.29,4.24,4.28,3.890709,26636100
2024-03-20,4.29,4.29,4.24,4.24,3.854347,11803900
2024-03-21,4.25,4.26,4.22,4.22,3.836165,10024700
2024-03-22,4.22,4.25,4.21,4.24,3.854347,17502500
2024-03-25,4.24,4.25,4.21,4.24,3.854347,14713100
2024-03-26,4.24,4.26,4.23,4.25,3.863437,16271800
2024-03-27,4.26,4.26,4.2,4.21,3.827076,20600300
2024-03-29,4.21,4.25,4.2,4.22,3.836165,19877600
2024-04-01,4.22,4.26,4.22,4.24,3.854347,8088500
2024-04-02,4.23,4.25,4.22,4.23,3.845256,10873200
2024-04-03,4.23,4.24,4.16,4.16,3.781623,25263500
2024-04-04,4.16,4.23,4.14,4.21,3.827076,23803600
2024-04-05,4.21,4.21,4.17,4.18,3.799804,13110300
2024-04-08,4.19,4.2,4.17,4.19,3.808895,19929100
2024-04-09,4.19,4.21,4.17,4.19,3.808895,13498700
2024-04-12,4.19,4.2,4.16,4.18,3.799804,15882300
2024-04-15,4.17,4.18,4.12,4.12,3.745261,16898900
2024-04-16,4.12,4.14,4.1,4.1,3.727081,22006100
2024-04-17,4.11,4.17,4.1,4.15,3.772533,18664000
2024-04-18,4.15,4.17,4.12,4.14,3.763442,14350700
2024-04-19,4.15,4.19,4.14,4.15,3.772533,14865600
2024-04-22,4.15,4.21,4.15,4.2,3.817985,12448700
2024-04-23,4.19,4.25,4.18,4.21,3.827076,24050100
2024-04-24,4.22,4.27,4.21,4.25,3.863437,20944900
2024-04-25,4.26,4.26,4.23,4.23,3.845256,17279200
2024-04-26,4.22,4.23,4.19,4.21,3.827076,7923600
2024-04-29,4.21,4.22,4.18,4.18,3.799804,14843500
2024-04-30,4.18,4.19,4.12,4.12,3.745261,35196100
2024-05-02,4.12,4.15,4.09,4.1,3.727081,35165000
2024-05-03,4.11,4.14,4.1,4.12,3.745261,31959200
2024-05-06,4.12,4.21,4.12,4.2,3.817985,22357400
2024-05-07,4.22,4.23,4.2,4.21,3.827076,29487900
2024-05-08,4.2,4.21,4.16,4.2,3.817985,21513800
2024-05-09,4.2,4.2,4.16,4.17,3.790714,17164600
2024-05-10,4.18,4.19,4.17,4.18,3.799804,12868100
2024-05-13,4.19,4.2,4.17,4.18,3.799804,12460400
2024-05-14,4.18,4.19,4.17,4.17,3.790714,12797500
2024-05-15,4.17,4.18,4.15,4.15,3.772533,29076300
2024-05-16,4.15,4.2,4.15,4.19,3.808895,18567600
2024-05-17,4.19,4.2,4.17,4.19,3.808895,17449300
2024-05-20,4.19,4.23,4.17,4.19,3.808895,13249900
2024-05-21,4.19,4.2,4.17,4.19,3.808895,33827500
2024-05-23,4.2,4.24,4.18,4.2,3.817985,17258500
2024-05-24,4.2,4.2,4.16,4.17,3.790714,11812400
2024-05-27,4.17,4.19,4.13,4.13,3.754352,22313900
2024-05-28,4.13,4.15,4.1,4.12,3.745261,29310100
2024-05-29,4.12,4.13,4.08,4.08,3.7089,34893100
2024-05-30,4.08,4.1,4.06,4.08,3.7089,35930700
2024-05-31,4.09,4.13,4.06,4.1,3.727081,66553000
2024-06-04,4.12,4.18,4.09,4.15,3.772533,26611000
2024-06-05,4.15,4.18,4.13,4.13,3.754352,14229300
2024-06-06,4.13,4.15,4.11,4.13,3.754352,7851400
2024-06-07,4.14,4.15,4.1,4.11,3.736171,13112800
2024-06-10,4.12,4.12,4.09,4.11,3.736171,8354300
2024-06-11,4.14,4.14,4.08,4.08,3.7089,23043700
2024-06-12,4.08,4.11,4.06,4.06,3.690719,12656100
2024-06-13,4.07,4.11,4.07,4.08,3.7089,17121800
2024-06-14,4.08,4.1,4.07,4.08,3.7089,13565900
2024-06-18,4.08,4.11,4.05,4.06,3.690719,19637200
2024-06-19,4.06,4.08,4.04,4.04,3.672538,21133000
2024-06-20,4.04,4.05,4.02,4.03,3.663448,19258400
2024-06-21,4.04,4.04,4,4,3.636176,69111000
2024-06-24,3.98,4.05,3.98,4.03,3.663448,19369500
2024-06-25,4.03,4.04,4,4,3.636176,10044000
2024-06-26,4,4.04,4,4.01,3.645267,19778900
2024-06-27,4.01,4.03,3.99,4,3.636176,15705300
2024-06-28,4,4.04,4,4.02,3.654357,17674900
2024-07-01,4.02,4.05,4.01,4.03,3.663448,9005200
2024-07-02,4.03,4.05,4.02,4.04,3.672538,15890000
2024-07-03,4.04,4.07,4.03,4.05,3.681628,16131600
2024-07-04,4.06,4.08,4.04,4.05,3.681628,16278700
2024-07-05,4.05,4.06,4.02,4.04,3.672538,15321000
2024-07-09,4.12,4.13,4.08,4.11,3.736171,35926400
2024-07-10,4.11,4.14,4.1,4.14,3.763442,33814300
2024-07-11,4.14,4.16,4.1,4.12,3.745261,26867600
2024-07-12,4.12,4.13,4.1,4.11,3.736171,29266900
2024-07-15,4.11,4.14,4.1,4.13,3.754352,29413100
2024-07-16,4.14,4.14,4.11,4.13,3.754352,13658200
2024-07-17,4.14,4.19,4.13,4.17,3.790714,18477500
2024-07-18,4.18,4.25,4.18,4.25,3.863437,42643100
2024-07-19,4.25,4.25,4.22,4.24,3.854347,22512900
2024-07-22,4.24,4.24,4.19,4.19,3.808895,21415300
2024-07-23,4.19,4.21,4.17,4.2,3.817985,20496000
2024-07-24,4.2,4.21,4.18,4.18,3.799804,14158500
2024-07-25,4.17,4.22,4.15,4.21,3.827076,7172700
2024-07-26,4.2,4.22,4.17,4.21,3.827076,21604300
2024-07-29,4.21,4.24,4.2,4.24,3.854347,18617200
2024-07-30,4.24,4.24,4.18,4.18,3.799804,16850700
2024-07-31,4.18,4.22,4.18,4.21,3.827076,20366400
2024-08-01,4.21,4.26,4.2,4.26,3.872528,17275600
2024-08-02,4.23,4.28,4.22,4.28,3.890709,31927800
2024-08-05,4.25,4.25,4.11,4.13,3.754352,52191800
2024-08-06,4.12,4.2,4.08,4.2,3.817985,24258800
2024-08-07,4.2,4.25,4.17,4.24,3.854347,20752800
2024-08-08,4.24,4.24,4.21,4.22,3.836165,17612000
2024-08-09,4.24,4.26,4.2,4.24,3.854347,9834500
2024-08-12,4.24,4.27,4.24,4.26,3.872528,10979100
2024-08-13,4.26,4.26,4.23,4.26,3.872528,9046000
2024-08-14,4.26,4.26,4.21,4.22,3.836165,18130300
2024-08-15,4.22,4.27,4.22,4.27,3.881618,17361200
2024-08-16,4.27,4.29,4.26,4.29,3.899799,20480100
2024-08-19,4.29,4.61,4.28,4.54,4.12706,130686600
2024-08-20,4.54,4.7,4.5,4.67,4.245235,119844900
2024-08-21,4.65,4.66,4.57,4.63,4.208874,36688900
2024-08-22,4.6,4.61,4.56,4.59,4.172513,23264400
2024-08-23,4.58,4.58,4.51,4.53,4.11797,16541600
2024-08-26,4.53,4.56,4.48,4.51,4.099789,26212000
2024-08-27,4.51,4.7,4.5,4.68,4.254326,68913700
2024-08-28,4.69,4.82,4.67,4.8,4.363411,97990500
2024-08-29,4.78,4.84,4.67,4.7,4.272507,49689600
2024-08-30,4.7,4.82,4.66,4.82,4.381593,80599800
2024-09-02,4.82,4.83,4.72,4.75,4.317959,25125200
2024-09-03,4.75,4.81,4.75,4.8,4.363411,34206700
2024-09-04,4.75,4.8,4.74,4.76,4.32705,35150500
2024-09-05,4.79,4.8,4.74,4.75,4.317959,29672900
2024-09-06,4.78,4.78,4.62,4.75,4.317959,44921900
2024-09-09,4.74,4.83,4.7,4.8,4.363411,41653000
2024-09-10,4.71,4.84,4.71,4.81,4.465534,52054800
2024-09-11,4.8,4.8,4.7,4.7,4.363411,26859400
2024-09-12,4.7,4.72,4.62,4.65,4.316993,23279100
2024-09-13,4.65,4.72,4.62,4.7,4.363411,28843400
2024-09-17,4.69,4.72,4.67,4.7,4.363411,18539100
2024-09-18,4.7,4.72,4.68,4.71,4.372695,17285700
2024-09-19,4.72,4.72,4.66,4.69,4.354127,27730500
2024-09-20,4.7,4.77,4.7,4.7,4.363411,45101500
2024-09-23,4.69,4.71,4.64,4.7,4.363411,29713800
2024-09-24,4.7,4.7,4.66,4.68,4.344843,14155900
2024-09-25,4.68,4.69,4.58,4.63,4.298424,17468900
2024-09-26,4.62,4.67,4.6,4.67,4.33556,25929700
2024-09-27,4.66,4.66,4.57,4.59,4.26129,15460300
2024-09-30,4.57,4.58,4.53,4.56,4.233438,25847700
2024-10-01,4.55,4.64,4.52,4.61,4.279857,11242600
2024-10-02,4.56,4.58,4.51,4.53,4.205586,9765000
2024-10-03,4.53,4.58,4.52,4.57,4.242721,16011400
2024-10-04,4.58,4.58,4.5,4.53,4.205586,18247700
2024-10-07,4.57,4.6,4.53,4.56,4.233438,17375700
2024-10-08,4.57,4.58,4.51,4.57,4.242721,12180900
2024-10-09,4.57,4.57,4.57,4.57,4.242721,0
2024-10-10,4.57,4.57,4.57,4.57,4.242721,0
2024-10-11,4.47,4.48,4.3,4.31,4.001341,162101300
2024-10-14,4.33,4.44,4.33,4.39,4.075612,52168700
2024-10-15,4.42,4.5,4.39,4.48,4.159167,27591700
2024-10-16,4.48,4.49,4.43,4.46,4.140599,34906900
2024-10-17,4.48,4.55,4.47,4.54,4.21487,18905000
2024-10-18,4.57,4.57,4.54,4.57,4.242721,17963800
2024-10-21,4.57,4.58,4.55,4.57,4.242721,19347400
2024-10-22,4.57,4.58,4.55,4.55,4.224154,17429900
2024-10-23,4.56,4.57,4.52,4.55,4.224154,14219600
2024-10-24,4.53,4.55,4.5,4.52,4.196302,13804300
2024-10-25,4.5,4.5,4.41,4.41,4.094179,20250400
2024-10-28,4.42,4.49,4.42,4.46,4.140599,21861900
2024-10-29,4.47,4.49,4.46,4.46,4.140599,14418600
2024-10-30,4.47,4.48,4.42,4.42,4.103464,26965500
2024-11-01,4.4,4.47,4.38,4.46,4.140599,17966700
2024-11-04,4.45,4.47,4.38,4.42,4.103464,13917100
2024-11-05,4.4,4.47,4.4,4.43,4.112748,15821600
2024-11-06,4.43,4.49,4.43,4.49,4.16845,19473100
2024-11-07,4.49,4.51,4.42,4.5,4.177734,26290600
2024-11-08,4.5,4.5,4.47,4.49,4.16845,8246400
2024-11-11,4.48,4.5,4.4,4.41,4.094179,16496300
2024-11-12,4.42,4.45,4.41,4.44,4.122031,9893900
2024-11-13,4.43,4.47,4.4,4.47,4.149882,13859200
2024-11-14,4.48,4.49,4.44,4.47,4.149882,13837200
2024-11-15,4.47,4.49,4.45,4.47,4.149882,15601800
2024-11-18,4.45,4.5,4.42,4.5,4.177734,12082700
2024-11-19,4.49,4.5,4.44,4.44,4.122031,15466400
2024-11-20,4.45,4.46,4.4,4.41,4.094179,16172200
2024-11-21,4.42,4.44,4.4,4.4,4.084896,9302900
2024-11-22,4.41,4.42,4.38,4.38,4.066328,5726300
2024-11-25,4.38,4.49,4.37,4.45,4.131315,54570900
2024-11-26,4.46,4.49,4.43,4.43,4.112748,11539800
2024-11-27,4.43,4.47,4.42,4.44,4.122031,14955000
2024-11-28,4.44,4.46,4.41,4.41,4.094179,12632500
2024-11-29,4.42,4.51,4.41,4.47,4.149882,37348900
2024-12-02,4.46,4.54,4.46,4.47,4.149882,14733200
2024-12-03,4.47,4.51,4.46,4.51,4.187018,25722700
2024-12-04,4.5,4.53,4.49,4.53,4.205586,25316800
2024-12-05,4.53,4.57,4.51,4.57,4.242721,27939000
2024-12-06,4.55,4.59,4.53,4.58,4.252005,37491600
2024-12-09,4.57,4.58,4.53,4.54,4.21487,10989100
2024-12-10,4.53,4.56,4.5,4.52,4.196302,22392100
2024-12-11,4.51,4.63,4.5,4.61,4.279857,33008600
2024-12-12,4.61,4.62,4.57,4.57,4.242721,14777900
2024-12-13,4.57,4.6,4.56,4.57,4.242721,9833200
2024-12-16,4.57,4.58,4.52,4.54,4.21487,12823400
2024-12-17,4.53,4.55,4.49,4.52,4.196302,16587600
2024-12-18,4.52,4.52,4.48,4.49,4.16845,8810400
2024-12-19,4.46,4.5,4.46,4.49,4.16845,14550000
2024-12-20,4.49,4.52,4.46,4.46,4.140599,29477700
2024-12-23,4.47,4.54,4.47,4.52,4.196302,12857600
2024-12-24,4.52,4.56,4.52,4.55,4.224154,7660400
2024-12-26,4.52,4.56,4.5,4.54,4.21487,12876600
2024-12-27,4.54,4.58,4.54,4.57,4.242721,8748200
2024-12-30,4.55,4.56,4.53,4.54,4.21487,11905500
2024-12-31,4.53,4.59,4.52,4.56,4.233438,11200200
2025-01-02,4.55,4.56,4.53,4.54,4.21487,3001900
2025-01-03,4.54,4.55,4.5,4.5,4.177734,11107400
2025-01-06,4.51,4.53,4.5,4.51,4.187018,8119200
2025-01-07,4.5,4.54,4.49,4.51,4.187018,14053200
2025-01-08,4.5,4.51,4.45,4.45,4.131315,17069200
2025-01-09,4.46,4.49,4.42,4.44,4.122031,8980400
2025-01-10,4.44,4.47,4.43,4.44,4.122031,6207100
2025-01-13,4.43,4.47,4.4,4.45,4.131315,14134300
2025-01-14,4.45,4.47,4.4,4.4,4.084896,19518100
2025-01-15,4.41,4.43,4.38,4.4,4.084896,13318700
2025-01-16,4.44,4.46,4.39,4.39,4.075612,9821600
2025-01-17,4.39,4.47,4.38,4.44,4.122031,13173500
2025-01-20,4.44,4.45,4.28,4.31,4.001341,36329400
2025-01-21,4.32,4.39,4.32,4.37,4.057045,11629200
2025-01-22,4.37,4.42,4.36,4.4,4.084896,9355500
2025-01-23,4.39,4.4,4.34,4.34,4.029193,12460000
2025-01-24,4.33,4.36,4.29,4.33,4.019909,19098700
2025-01-27,4.34,4.4,4.33,4.38,4.066328,10041800
2025-01-28,4.38,4.4,4.35,4.37,4.057045,6446300
2025-01-31,4.34,4.36,4.28,4.31,4.001341,16612200
2025-02-03,4.28,4.34,4.27,4.32,4.010625,12500800
2025-02-04,4.32,4.4,4.31,4.4,4.084896,12771200
2025-02-05,4.4,4.47,4.4,4.44,4.122031,18796200
2025-02-06,4.44,4.46,4.42,4.45,4.131315,12884300
2025-02-07,4.45,4.46,4.42,4.45,4.131315,11460100
2025-02-10,4.45,4.48,4.43,4.45,4.131315,20170000
2025-02-12,4.48,4.53,4.47,4.5,4.177734,29424000
2025-02-13,4.49,4.52,4.45,4.45,4.131315,12843800
2025-02-14,4.46,4.49,4.45,4.49,4.16845,6966300
2025-02-17,4.46,4.48,4.45,4.47,4.149882,7446100
2025-02-18,4.47,4.51,4.46,4.5,4.177734,11568400
2025-02-19,4.5,4.54,4.47,4.54,4.21487,7196500
2025-02-20,4.52,4.53,4.48,4.49,4.16845,9709500
2025-02-21,4.48,4.51,4.47,4.5,4.177734,12687700
2025-02-24,4.47,4.5,4.45,4.47,4.149882,13701100
2025-02-25,4.46,4.48,4.39,4.46,4.140599,14634100
2025-02-26,4.47,4.55,4.47,4.55,4.224154,20082900
2025-02-27,4.54,4.54,4.47,4.49,4.16845,21969400
2025-02-28,4.47,4.57,4.46,4.53,4.205586,47005900
2025-03-03,4.53,4.58,4.51,4.56,4.233438,16487400
2025-03-04,4.55,4.57,4.53,4.53,4.205586,15709700
2025-03-05,4.54,4.7,4.54,4.63,4.298424,39155400
2025-03-06,4.63,4.66,4.56,4.59,4.26129,19409200
2025-03-07,4.59,4.59,4.51,4.55,4.224154,14792400
2025-03-10,4.55,4.59,4.5,4.55,4.224154,13225200
2025-03-11,4.52,4.57,4.5,4.52,4.196302,23299800
2025-03-12,4.4,4.41,4.31,4.33,4.120179,28354500
2025-03-13,4.34,4.5,4.33,4.48,4.26291,29293000
2025-03-14,4.45,4.51,4.38,4.48,4.26291,23185700
2025-03-17,4.49,4.54,4.49,4.54,4.320003,13583700
2025-03-19,4.5,4.56,4.48,4.54,4.320003,23187300
2025-03-20,4.55,4.56,4.47,4.48,4.26291,27232100
2025-03-21,4.47,4.52,4.45,4.49,4.272425,27311700
2025-03-24,4.49,4.5,4.46,4.48,4.26291,7028800
2025-03-25,4.48,4.5,4.44,4.44,4.224848,19849300
2025-03-26,4.44,4.5,4.43,4.47,4.253395,28786700
2025-03-27,4.47,4.5,4.45,4.49,4.272425,35086800
2025-03-28,4.48,4.49,4.41,4.42,4.205817,22559100
2025-04-02,4.44,4.45,4.36,4.39,4.177271,32706300
2025-04-03,4.37,4.41,4.35,4.4,4.186787,21146000
2025-04-04,4.37,4.4,4.33,4.37,4.15824,18808300
2025-04-07,4.29,4.29,4.14,4.21,4.005993,43217300
2025-04-08,4.24,4.26,4.2,4.22,4.015509,27838600
2025-04-09,4.2,4.22,4.03,4.09,3.891809,60091700
2025-04-10,4.22,4.28,4.2,4.25,4.044055,33318100
2025-04-11,4.2,4.27,4.15,4.24,4.03454,19686800
2025-04-14,4.3,4.33,4.27,4.31,4.101148,19252500
2025-04-15,4.32,4.34,4.3,4.31,4.101148,13459700
2025-04-16,4.3,4.32,4.25,4.3,4.091632,9022800
2025-04-17,4.3,4.37,4.28,4.33,4.120179,12482800
2025-04-18,4.33,4.41,4.31,4.39,4.177271,8373900
2025-04-21,4.42,4.42,4.35,4.4,4.186787,7031200
2025-04-22,4.38,4.39,4.33,4.37,4.15824,14985700
2025-04-23,4.4,4.42,4.36,4.4,4.186787,9558100
2025-04-24,4.38,4.4,4.36,4.37,4.15824,13592400
2025-04-25,4.38,4.39,4.36,4.36,4.148725,9312300
2025-04-28,4.37,4.45,4.37,4.45,4.234364,8640800
2025-04-29,4.45,4.45,4.43,4.43,4.215333,11945000
2025-04-30,4.43,4.5,4.43,4.47,4.253395,13692400
2025-05-02,4.45,4.45,4.4,4.43,4.215333,7262800
2025-05-05,4.43,4.47,4.43,4.47,4.253395,7015900
2025-05-06,4.47,4.47,4.44,4.47,4.253395,7198500
2025-05-07,4.47,4.47,4.44,4.47,4.253395,10552700
2025-05-08,4.47,4.52,4.45,4.45,4.234364,19610600
2025-05-09,4.46,4.47,4.44,4.44,4.224848,8113200
2025-05-13,4.43,4.52,4.39,4.5,4.281941,33901500
2025-05-14,4.5,4.54,4.48,4.53,4.310487,21406200
2025-05-15,4.53,4.53,4.48,4.51,4.291457,10298600
2025-05-16,4.51,4.52,4.48,4.5,4.281941,8161400
2025-05-19,4.48,4.5,4.44,4.49,4.272425,13296100
2025-05-20,4.49,4.52,4.46,4.52,4.300972,14588600
2025-05-21,4.5,4.51,4.41,4.43,4.215333,18923800
2025-05-22,4.41,4.41,4.3,4.3,4.091632,41595300
2025-05-23,4.39,4.41,4.39,4.4,4.186787,9997400
2025-05-26,4.39,4.44,4.37,4.41,4.196302,16195300
2025-05-27,4.41,4.41,4.34,4.38,4.167756,13330400
2025-05-28,4.38,4.43,4.32,4.33,4.120179,16423500
2025-05-29,4.33,4.35,4.31,4.31,4.101148,19902900
2025-05-30,4.31,4.35,4.3,4.31,4.101148,62139600
2025-06-03,4.32,4.33,4.28,4.28,4.072602,18451900
2025-06-04,4.28,4.3,4.25,4.29,4.082117,21045100
2025-06-05,4.31,4.31,4.26,4.28,4.072602,23638500
2025-06-06,4.28,4.29,4.26,4.26,4.053571,14137900
2025-06-09,4.26,4.28,4.24,4.26,4.053571,18625200
2025-06-10,4.26,4.29,4.24,4.26,4.053571,15850500
2025-06-11,4.26,4.33,4.25,4.31,4.101148,10447900
2025-06-12,4.32,4.33,4.27,4.29,4.082117,12924700
2025-06-13,4.29,4.29,4.24,4.25,4.044055,14188000
2025-06-16,4.25,4.26,4.22,4.23,4.025024,12945700
2025-06-17,4.23,4.24,4.2,4.22,4.015509,15506300
2025-06-18,4.22,4.24,4.21,4.24,4.03454,14552600
2025-06-19,4.22,4.23,4.19,4.19,3.986963,10303600
2025-06-20,4.19,4.25,4.19,4.21,4.005993,40109900
2025-06-23,4.18,4.42,4.17,4.42,4.205817,15845300
2025-06-24,4.36,4.37,4.25,4.31,4.101148,23979400
2025-06-25,4.3,4.34,4.29,4.3,4.091632,17253700
2025-06-26,4.3,4.34,4.28,4.34,4.129694,14682900
2025-06-30,4.35,4.36,4.31,4.31,4.101148,22329800
2025-07-01,4.32,4.32,4.23,4.26,4.053571,25061600
2025-07-02,4.24,4.32,4.24,4.32,4.110663,20522600
2025-07-03,4.3,4.32,4.28,4.3,4.091632,11581800
2025-07-04,4.3,4.38,4.3,4.38,4.167756,19664100
2025-07-07,4.35,4.35,4.29,4.33,4.120179,19697800
2025-07-08,4.3,4.34,4.26,4.34,4.129694,11579500
2025-07-09,4.32,4.34,4.25,4.26,4.053571,16631800
2025-07-10,4.26,4.31,4.25,4.3,4.091632,14145300
2025-07-11,4.31,4.35,4.27,4.32,4.110663,14035300
2025-07-14,4.31,4.35,4.3,4.34,4.129694,7884800
2025-07-15,4.33,4.33,4.26,4.26,4.053571,14995200
2025-07-16,4.26,4.28,4.21,4.23,4.025024,18505100
2025-07-17,4.24,4.27,4.24,4.25,4.044055,14718200
2025-07-18,4.26,4.31,4.25,4.31,4.101148,14023700
2025-07-21,4.31,4.31,4.24,4.3,4.091632,7910500
2025-07-22,4.28,4.31,4.27,4.31,4.101148,9926900
2025-07-23,4.29,4.3,4.25,4.29,4.082117,16396000
2025-07-24,4.29,4.31,4.28,4.31,4.101148,11009700
2025-07-25,4.3,4.32,4.26,4.29,4.082117,11590600
2025-07-28,4.29,4.3,4.25,4.25,4.044055,15590600
2025-07-29,4.25,4.27,4.21,4.21,4.005993,28626300
2025-07-30,4.21,4.29,4.2,4.29,4.082117,15364100
2025-07-31,4.24,4.25,4.21,4.21,4.005993,31332200
2025-08-01,4.22,4.29,4.21,4.29,4.082117,9255700
2025-08-04,4.27,4.27,4.24,4.24,4.03454,9032600
2025-08-05,4.25,4.29,4.21,4.24,4.03454,23002500
2025-08-06,4.25,4.3,4.24,4.3,4.091632,7460700
2025-08-07,4.29,4.32,4.25,4.29,4.082117,9436300
2025-08-08,4.29,4.34,4.27,4.33,4.120179,15643000
2025-08-11,4.32,4.41,4.32,4.4,4.186787,18804900
2025-08-12,4.38,4.42,4.37,4.4,4.186787,20120500
2025-08-13,4.39,4.48,4.38,4.44,4.224848,19150200
2025-08-14,4.44,4.48,4.42,4.45,4.234364,15941800
2025-08-15,4.45,4.46,4.43,4.45,4.234364,10682700
2025-08-18,4.45,4.5,4.44,4.46,4.243879,17642800
2025-08-19,4.46,4.48,4.43,4.46,4.243879,17277300
2025-08-20,4.46,4.48,4.44,4.46,4.243879,15757900
2025-08-21,4.46,4.47,4.44,4.45,4.234364,29495100
2025-08-22,4.45,4.48,4.45,4.47,4.253395,18579200
2025-08-25,4.48,4.51,4.47,4.51,4.291457,25558700
2025-08-26,4.5,4.51,4.42,4.42,4.205817,46596200
2025-08-27,4.43,4.43,4.32,4.33,4.120179,37450700
2025-08-28,4.34,4.37,4.27,4.28,4.072602,25135800
2025-08-29,4.29,4.3,4.26,4.27,4.063086,36135100
2025-09-02,4.26,4.3,4.22,4.3,4.091632,21673500
2025-09-03,4.29,4.3,4.25,4.26,4.053571,37252700
2025-09-04,4.27,4.29,4.26,4.27,4.063086,17703300
2025-09-08,4.29,4.31,4.27,4.28,4.072602,16642800
2025-09-09,4.3,4.3,4.27,4.29,4.082117,33604100
2025-09-10,4.3,4.31,4.28,4.3,4.091632,19777700
2025-09-11,4.21,4.24,4.19,4.22,4.116016,15859900
2025-09-12,4.23,4.26,4.2,4.25,4.145277,15965200
2025-09-17,4.28,4.3,4.25,4.3,4.194045,23542200
2025-09-18,4.28,4.29,4.25,4.25,4.145277,26812600
2025-09-19,4.25,4.28,4.24,4.24,4.135523,27688900
2025-09-22,4.25,4.28,4.24,4.27,4.164784,26047900
2025-09-23,4.28,4.3,4.27,4.28,4.174538,9326200
2025-09-24,4.27,4.3,4.26,4.3,4.194045,13478700
2025-09-25,4.28,4.3,4.26,4.28,4.174538,18447500
2025-09-26,4.28,4.36,4.27,4.34,4.233059,17949200
2025-09-29,4.34,4.36,4.34,4.35,4.242813,9106800
2025-09-30,4.34,4.36,4.29,4.33,4.223306,24131800
2025-10-01,4.33,4.39,4.32,4.36,4.252567,12161400
2025-10-02,4.36,4.39,4.35,4.37,4.26232,9424300
2025-10-03,4.37,4.38,4.33,4.34,4.233059,8292500
2025-10-06,4.35,4.37,4.33,4.37,4.26232,8938200
2025-10-07,4.35,4.37,4.32,4.36,4.252567,11336100
2025-10-08,4.36,4.36,4.31,4.34,4.233059,4906900
2025-10-09,4.34,4.36,4.29,4.29,4.184291,15159600
2025-10-10,4.29,4.3,4.26,4.3,4.194045,17876300
2025-10-13,4.26,4.27,4.22,4.22,4.116016,13190100
2025-10-14,4.22,4.26,4.21,4.21,4.106263,19545700
2025-10-15,4.21,4.24,4.2,4.2,4.096509,19535400
2025-10-16,4.21,4.23,4.2,4.22,4.116016,8148600
2025-10-17,4.22,4.22,4.2,4.2,4.096509,9618400
2025-10-21,4.22,4.27,4.2,4.27,4.164784,13127000
2025-10-22,4.27,4.27,4.2,4.21,4.106263,13241100
2025-10-23,4.21,4.23,4.2,4.21,4.106263,11224100
2025-10-24,4.21,4.24,4.2,4.22,4.116016,12606000
2025-10-27,4.24,4.26,4.21,4.22,4.116016,9681400
2025-10-28,4.22,4.22,4.2,4.21,4.106263,9972000
2025-10-29,4.21,4.22,4.18,4.19,4.086756,10488500
2025-10-30,4.19,4.22,4.19,4.22,4.116016,5432300
2025-10-31,4.22,4.24,4.21,4.22,4.116016,8141700
2025-11-03,4.22,4.25,4.2,4.24,4.135523,6479600
2025-11-04,4.24,4.28,4.24,4.26,4.155031,7887500
2025-11-05,4.26,4.34,4.26,4.34,4.233059,14238500
2025-11-06,4.3,4.32,4.26,4.26,4.155031,13438000
2025-11-07,4.26,4.28,4.25,4.27,4.164784,4637000
2025-11-10,4.27,4.3,4.26,4.27,4.164784,9640600
2025-11-11,4.28,4.31,4.27,4.3,4.194045,9071100
2025-11-12,4.3,4.31,4.27,4.27,4.164784,13498800
2025-11-13,4.27,4.32,4.27,4.3,4.194045,10088700
2025-11-14,4.29,4.3,4.27,4.29,4.184291,10909500
2025-11-17,4.29,4.3,4.28,4.3,4.194045,10355200
2025-11-18,4.3,4.31,4.24,4.25,4.145277,19975400
2025-11-19,4.24,4.28,4.24,4.28,4.174538,13262300
2025-11-20,4.28,4.33,4.27,4.3,4.194045,19983000
2025-11-21,4.29,4.29,4.27,4.28,4.174538,7090500
2025-11-24,4.28,4.31,4.27,4.3,4.194045,67040800
2025-11-25,4.3,4.31,4.29,4.3,4.194045,7924200
2025-11-26,4.3,4.38,4.3,4.38,4.272074,18202700
2025-11-27,4.38,4.38,4.34,4.35,4.242813,14245300
2025-11-28,4.34,4.39,4.29,4.35,4.242813,16684200
2025-12-01,4.35,4.38,4.34,4.36,4.252567,12100400
2025-12-02,4.36,4.43,4.36,4.41,4.301334,22294800
2025-12-03,4.41,4.44,4.4,4.44,4.330595,16021100
2025-12-04,4.43,4.44,4.37,4.39,4.281827,10405300
2025-12-05,4.39,4.39,4.35,4.39,4.281827,10328000
2025-12-08,4.39,4.39,4.33,4.37,4.26232,10756500
2025-12-09,4.4,4.42,4.35,4.37,4.26232,10199300
2025-12-10,4.37,4.39,4.36,4.37,4.26232,8215200
2025-12-11,4.37,4.42,4.36,4.42,4.311088,13737100
2025-12-12,4.41,4.47,4.41,4.47,4.359856,22124900
2025-12-15,4.45,4.49,4.45,4.49,4.379363,7365400
2025-12-16,4.49,4.49,4.45,4.47,4.359856,11387500
2025-12-17,4.46,4.47,4.38,4.41,4.301334,20226700
2025-12-18,4.4,4.43,4.4,4.41,4.301334,13778200
2025-12-19,4.42,4.52,4.42,4.52,4.408624,27962300
2025-12-22,4.5,4.54,4.49,4.53,4.418378,10206800
2025-12-23,4.52,4.53,4.5,4.52,4.408624,8730300
2025-12-24,4.52,4.53,4.49,4.52,4.408624,11517200
2025-12-26,4.52,4.52,4.49,4.52,4.408624,7507600
2025-12-29,4.52,4.55,4.44,4.51,4.398871,21921300
2025-12-30,4.5,4.55,4.49,4.54,4.428131,15034700
2025-12-31,4.52,4.55,4.47,4.54,4.428131,17271600
2026-01-02,4.53,4.53,4.47,4.49,4.379363,12588900
2026-01-05,4.48,4.56,4.48,4.56,4.447639,17006600
2026-01-06,4.56,4.56,4.5,4.52,4.408624,16413500
2026-01-07,4.53,4.53,4.5,4.53,4.418378,16656900
2026-01-08,4.53,4.53,4.48,4.49,4.379363,19825800
2026-01-09,4.49,4.58,4.48,4.58,4.467145,25236100
2026-01-12,4.57,4.62,4.56,4.59,4.4769,32553000
2026-01-13,4.6,4.65,4.6,4.64,4.525667,40899900
2026-01-14,4.64,4.7,4.63,4.67,4.554928,35357000
2026-01-15,4.67,4.75,4.64,4.75,4.632957,35173800
2026-01-16,4.74,4.76,4.69,4.73,4.61345,32571400
2026-01-19,4.73,4.73,4.73,4.73,4.61345,0
2026-01-20,4.8,4.8,4.68,4.72,4.603696,32961700
2026-01-21,4.7,4.75,4.68,4.74,4.623203,22091700
2026-01-22,4.76,4.81,4.76,4.78,4.662218,26996000
2026-01-23,4.77,4.78,4.73,4.78,4.662218,25731800
2026-01-26,4.78,4.92,4.78,4.87,4.75,41829600
2026-01-27,4.87,5.01,4.87,5,4.876797,59122100
2026-01-28,4.99,5,4.9,4.95,4.828029,43932400
2026-01-29,4.95,4.95,4.79,4.85,4.730493,44556600
2026-01-30,4.86,4.93,4.85,4.87,4.75,50480000
2026-02-03,4.92,4.95,4.89,4.95,4.828029,23035400
2026-02-04,4.92,4.95,4.89,4.91,4.789014,28588200
2026-02-05,4.91,4.98,4.89,4.9,4.779261,25832900
2026-02-06,4.89,4.97,4.88,4.97,4.847536,46137100
2026-02-09,4.99,5.08,4.94,5.08,4.954825,41475600
2026-02-10,5.08,5.18,5.08,5.11,4.984086,43079400
2026-02-11,5.1,5.17,5.09,5.14,5.013347,36544000
2026-02-12,5.15,5.17,5.11,5.13,5.003593,24164100
2026-02-13,5.12,5.13,5.02,5.04,4.915811,34353300
2026-02-16,5.04,5.1,5.02,5.05,4.925565,3896100
2026-02-19,5.05,5.1,5,5.06,4.935318,23815000
2026-02-20,5.06,5.07,5.01,5.03,4.906057,19130000
2026-02-23,5.04,5.11,5.03,5.08,4.954825,22706500
2026-02-24,5.08,5.1,5.05,5.09,4.964579,24401100
2026-02-25,5.09,5.12,4.95,4.95,4.828029,34302900
2026-02-26,4.95,5.02,4.94,5,4.876797,57420400
2026-02-27,4.97,4.98,4.88,4.93,4.808521,56710300
2026-03-02,4.84,4.9,4.77,4.85,4.730493,32290700
2026-03-03,4.85,4.91,4.84,4.89,4.769507,32042200
2026-03-04,4.88,4.89,4.82,4.84,4.720739,25046300
2026-03-05,4.87,4.92,4.87,4.9,4.779261,25177700
2026-03-06,4.88,4.91,4.86,4.87,4.75,17019400
2026-03-09,4.8,4.82,4.66,4.74,4.623203,32309400
2026-03-10,4.78,4.9,4.78,4.87,4.75,23757500
2026-03-11,4.78,4.82,4.75,4.75,4.75,14879800
2026-03-12,4.74,4.82,4.74,4.81,4.81,15505500
2026-03-13,4.78,4.81,4.73,4.79,4.79,29938000
2026-03-16,4.78,4.82,4.75,4.8,4.8,13057300
2026-03-17,4.82,4.9,4.81,4.86,4.86,23363600
2026-03-18,4.87,4.95,4.87,4.93,4.93,24393500
2026-03-19,4.89,4.99,4.87,4.87,4.87,33618500
2026-03-20,4.87,4.87,4.87,4.87,4.87,0
2026-03-24,4.91,4.93,4.83,4.86,4.86,26008700
2026-03-25,4.9,4.96,4.88,4.93,4.93,31746200
2026-03-26,4.91,4.92,4.82,4.82,4.82,10991600
2026-03-27,4.82,4.84,4.76,4.8,4.8,17350000
2026-03-30,4.75,4.77,4.61,4.66,4.66,39308300
2026-03-31,4.67,4.7,4.64,4.68,4.68,41177300
2026-04-01,4.75,4.78,4.72,4.77,4.77,19847400
2026-04-02,4.77,4.8,4.64,4.71,4.71,15022300
2026-04-03,4.75,4.75,4.65,4.66,4.66,7510200
2026-04-06,4.63,4.67,4.6,4.64,4.64,19954300
2026-04-07,4.64,4.66,4.58,4.6,4.6,16370400
2026-04-08,4.68,4.74,4.66,4.7,4.7,27512300
2026-04-09,4.69,4.69,4.58,4.6,4.6,20627400
2026-04-10,4.61,4.66,4.6,4.65,4.65,11519100
2026-04-13,4.6,4.62,4.57,4.6,4.6,16456200
2026-04-14,4.64,4.67,4.62,4.64,4.64,14185300
2026-04-15,4.65,4.68,4.58,4.6,4.6,18139300
2026-04-16,4.6,4.67,4.6,4.66,4.66,30979600
2026-04-17,4.68,4.71,4.65,4.68,4.68,34946100
2026-04-20,4.66,4.7,4.64,4.69,4.69,26773600
2026-04-21,4.69,4.82,4.68,4.8,4.8,25381100
2026-04-22,4.79,4.82,4.73,4.76,4.76,15995400
2026-04-23,4.79,4.88,4.78,4.84,4.84,27177900
2026-04-24,4.84,4.86,4.81,4.81,4.81,10640500
2026-04-27,4.81,4.83,4.72,4.72,4.72,19048300
2026-04-28,4.72,4.79,4.7,4.78,4.78,17297900
2026-04-29,4.81,4.84,4.74,4.75,4.75,18300600
2026-04-30,4.74,4.75,4.68,4.68,4.68,22357000
2026-05-04,4.7,4.76,4.69,4.75,4.75,15909100
2026-05-05,4.76,4.76,4.71,4.75,4.75,17156900
2026-05-06,4.76,4.81,4.74,4.79,4.79,21453700
2026-05-07,4.81,4.96,4.8,4.89,4.89,41558800
2026-05-08,4.9,4.91,4.85,4.88,4.88,10542900
2026-05-11,4.88,4.89,4.84,4.85,4.85,15209000
2026-05-12,4.85,4.89,4.84,4.84,4.84,13593200
2026-05-13,4.86,4.89,4.83,4.88,4.88,15540400
2026-05-14,4.88,4.9,4.83,4.83,4.83,29687900
2026-05-15,4.85,4.94,4.84,4.91,4.91,36424800
2026-05-18,4.91,4.91,4.81,4.83,4.83,18328300
2026-05-19,4.85,4.85,4.79,4.79,4.79,19187300
2026-05-20,4.79,4.82,4.77,4.77,4.77,14224400
2026-05-21,4.79,4.82,4.75,4.77,4.77,26283700
2026-05-22,4.78,4.8,4.77,4.77,4.77,11384500
2026-05-25,4.77,4.79,4.75,4.76,4.76,12250500
2026-05-26,4.76,4.8,4.75,4.8,4.8,18733000
2026-05-27,4.8,4.8,4.8,4.8,4.8,0
2026-05-28,4.78,4.82,4.74,4.77,4.77,25932100
2026-05-29,4.77,4.79,4.66,4.71,4.71,108600800
2026-06-02,4.71,4.71,4.71,4.71,4.71,0
2026-06-03,4.83,4.84,4.72,4.74,4.74,34742700
2026-06-04,4.74,4.81,4.74,4.78,4.78,17604600
2026-06-05,4.78,4.91,4.78,4.87,4.87,30485100
2026-06-08,4.83,4.84,4.76,4.78,4.78,10653400
2026-06-09,4.8,4.82,4.76,4.77,4.77,12684000
2026-06-10,4.78,4.85,4.78,4.8,4.8,17132100
2026-06-11,4.79,4.81,4.75,4.78,4.78,15771700
2026-06-12,4.8,4.83,4.78,4.83,4.83,12650300
2026-06-15,4.85,4.94,4.85,4.92,4.92,22287500
2026-06-16,4.91,5.05,4.91,5.05,5.05,38468200
2026-06-18,5.15,5.15,4.98,5,5,33096700
2026-06-19,4.88,4.95,4.84,4.95,4.95,52138000
2026-06-22,4.92,4.95,4.88,4.9,4.9,15329500
2026-06-23,4.91,4.91,4.83,4.85,4.85,21527300
2026-06-24,4.85,4.9,4.85,4.87,4.87,15243400
2026-06-25,4.87,4.88,4.79,4.81,4.81,23122900
2026-06-26,4.81,4.83,4.74,4.83,4.83,17120300
2026-06-29,4.83,4.83,4.76,4.79,4.79,13940600
2026-06-30,4.79,4.82,4.78,4.8,4.8,20790200
2026-07-01,4.8,4.82,4.75,4.75,4.75,12138100
2026-07-02,4.76,4.8,4.75,4.79,4.79,2859800
