Date,Open,High,Low,Close,Adj Close,Volume
2001-07-23,72.470985,72.470985,72.470985,72.470985,26.364344,463095
2001-07-24,76.625542,77.352501,75.161797,77.106911,28.050856,238341541
2001-07-25,77.106911,82.480515,77.106911,82.480515,30.005724,94092605
2001-07-26,85.408005,88.089897,84.671227,88.089897,32.046368,64114300
2001-07-27,90.290428,91.754173,87.353119,87.844307,31.957024,60369077
2001-07-30,87.844307,87.844307,87.844307,87.844307,31.957024,0
2001-07-31,87.844307,93.944878,87.353119,93.944878,34.176369,77956786
2001-08-01,94.681664,94.927254,89.062454,90.044838,32.757561,61392002
2001-08-02,89.79924,93.217918,89.79924,92.72673,33.733212,61392002
2001-08-03,93.69928,95.899811,92.72673,94.436066,34.355057,52895123
2001-08-06,93.45369,97.363556,92.72673,97.363556,35.420052,48605439
2001-08-07,96.62677,97.609146,94.436066,95.654213,34.798203,38953644
2001-08-08,95.654213,97.363556,94.436066,97.363556,35.420052,35422904
2001-08-09,96.872368,98.827301,95.654213,95.899811,34.887562,32073649
2001-08-10,95.899811,96.145409,94.190475,94.927254,34.533745,24187224
2001-08-13,95.654213,96.390999,93.45369,94.190475,34.265709,23774757
2001-08-14,94.681664,95.654213,91.508575,95.654213,34.798203,27965449
2001-08-15,94.927254,96.872368,94.681664,95.899811,34.887562,18742625
2001-08-16,95.163025,95.899811,92.972321,92.972321,33.822559,26464060
2001-08-17,93.217918,93.69928,91.017387,93.69928,34.087025,31694177
2001-08-20,92.72673,99.79985,92.72673,98.090515,35.684513,70796311
2001-08-21,98.827301,100.536636,97.117966,99.55426,36.217026,44513739
2001-08-22,98.581703,99.55426,95.654213,95.654213,34.798203,43045344
2001-08-23,96.390999,97.363556,93.69928,95.163025,34.619514,41609948
2001-08-24,94.436066,94.436066,92.235535,92.72673,33.733212,35785877
2001-08-27,93.944878,94.436066,92.72673,94.190475,34.265709,22405355
2001-08-28,94.927254,94.927254,91.508575,91.989944,33.465183,24649193
2001-08-29,91.508575,95.408623,90.771797,93.45369,33.997677,77016358
2001-08-30,95.654221,95.654221,95.654221,95.654221,34.844631,6212299
2001-08-31,98.729057,100.4384,97.70739,98.729057,35.964718,46870035
2001-09-03,99.416725,99.75074,96.341881,97.019722,35.342052,14385935
2001-09-04,98.729057,99.75074,98.041397,99.75074,36.336903,19445003
2001-09-05,100.094566,100.094566,95.998047,95.998047,34.969894,14478530
2001-09-06,95.654221,95.654221,91.557693,92.579369,33.724533,14284920
2001-09-07,89.848358,94.966553,89.848358,94.966553,34.594135,8535596
2001-09-10,93.944878,95.654221,92.579369,95.310379,34.719379,7862178
2001-09-11,95.310379,95.310379,88.826683,88.826683,32.35751,23317168
2001-09-12,88.826683,88.826683,88.826683,88.826683,32.35751,0
2001-09-13,82.676994,82.676994,82.676994,82.676994,30.117329,1346838
2001-09-14,77.205147,80.279991,77.205147,77.205147,28.124056,32500935
2001-09-17,77.205147,77.205147,77.205147,77.205147,28.124056,0
2001-09-18,77.205147,77.205147,77.205147,77.205147,28.124056,0
2001-09-19,74.817963,80.279991,74.817963,80.279991,29.244152,20640323
2001-09-20,77.548973,79.258316,77.548973,77.548973,28.249302,11818520
2001-09-21,75.161797,75.839638,75.161797,75.161797,27.379719,12534029
2001-09-24,76.183472,80.279991,75.839638,79.60215,28.997238,19083039
2001-09-25,83.698669,85.064171,81.301666,81.301666,29.616329,34066637
2001-09-26,84.042496,86.773514,81.989326,86.773514,31.609589,26524331
2001-09-27,85.408005,88.482857,83.698669,88.139015,32.107021,16069484
2001-09-28,88.826683,89.504524,84.720345,86.085846,31.359089,20463550
2001-10-01,86.085846,86.085846,86.085846,86.085846,31.359089,0
2001-10-02,86.085846,86.085846,80.279991,80.967651,29.494654,13493653
2001-10-03,77.892807,80.967651,77.892807,79.258316,28.871977,8990156
2001-10-04,84.720345,84.720345,81.301666,81.645493,29.741568,17492086
2001-10-05,81.989326,83.011002,79.60215,81.989326,29.866837,10177060
2001-10-08,80.279991,81.645493,80.279991,81.301666,29.616329,7845341
2001-10-09,81.989326,84.042496,81.989326,83.698669,30.489502,7550722
2001-10-10,83.698669,83.698669,83.698669,83.698669,30.489502,0
2001-10-11,85.751839,88.826683,85.408005,87.451355,31.856516,26566419
2001-10-12,88.826683,89.16069,85.408005,86.773514,31.609589,24680844
2001-10-15,85.408005,89.16069,84.720345,88.139015,32.107021,19714371
2001-10-16,87.795189,88.482857,86.773514,88.139015,32.107021,7045655
2001-10-17,88.139015,88.139015,84.376511,85.408005,31.112179,32930241
2001-10-18,84.376511,87.795189,84.042496,87.117348,31.734842,12988589
2001-10-19,87.117348,89.504524,85.751839,87.795189,31.98176,20766591
2001-10-22,89.16069,93.267036,88.826683,93.267036,33.97504,28494086
2001-10-23,94.288712,94.288712,91.213867,93.267036,33.97504,20581399
2001-10-24,93.267036,95.998047,92.579369,95.310379,34.719379,23275079
2001-10-25,95.654221,98.729057,94.632538,98.729057,35.964718,29159087
2001-10-26,100.782234,105.566422,100.782234,105.566422,38.455418,61053947
2001-10-29,105.222588,105.566422,102.825584,104.191086,37.954414,18089746
2001-10-30,101.803909,102.825584,99.072899,99.416725,36.215225,21599946
2001-10-31,98.729057,102.825584,98.729057,101.460075,36.959576,18603229
2001-11-01,105.222588,108.297432,104.53492,107.953598,39.325016,32888152
2001-11-02,110.006767,112.737785,107.953598,112.050117,40.817284,46482820
2001-11-05,113.081612,117.855972,112.050117,113.415627,41.314697,35447148
2001-11-06,114.781128,115.124962,111.028442,111.706284,40.692032,23232991
2001-11-07,113.081612,114.447121,109.662933,112.737785,41.06778,20951779
2001-11-08,112.393951,112.393951,109.662933,110.006767,40.072945,13089601
2001-11-09,109.319107,114.447121,107.609764,111.372276,40.570351,28283641
2001-11-12,111.706284,114.447121,111.706284,113.081612,41.193027,19133546
2001-11-13,112.737785,114.447121,111.706284,112.737785,41.06778,17441579
2001-11-14,115.124962,117.855972,114.781128,116.490471,42.434807,33317455
2001-11-15,116.834297,122.983994,116.834297,121.962318,44.42807,32736630
2001-11-16,121.618484,121.618484,118.199806,119.231308,43.433224,21743049
2001-11-19,120.930817,124.693329,120.252975,122.983994,44.80024,24790275
2001-11-20,124.693329,126.058838,119.565315,120.252975,43.805389,21515770
2001-11-21,118.54364,125.037163,118.54364,124.693329,45.422909,20606653
2001-11-22,124.693329,133.230194,122.296326,130.15535,47.412605,40986027
2001-11-23,130.843018,138.014389,130.843018,135.283371,49.280628,31154093
2001-11-26,138.702057,144.507904,137.336548,142.798569,52.018234,40363113
2001-11-27,143.820251,143.820251,138.358215,143.14241,52.143478,32004286
2001-11-28,142.798569,142.798569,137.336548,138.358215,50.400719,16843919
2001-11-29,136.305054,140.745407,134.939545,140.745407,51.270313,17643605
2001-11-30,140.745407,140.745407,137.336548,138.358215,50.400719,15623343
2001-12-03,140.745407,147.92659,140.745407,147.92659,53.886257,27736488
2001-12-04,146.895096,150.657608,145.185745,148.604431,54.133179,18594810
2001-12-05,153.388611,158.850632,152.700943,158.850632,57.865635,42736921
2001-12-06,169.784515,169.784515,166.365845,169.784515,61.84861,24756605
2001-12-07,173.890854,181.062225,171.150024,176.621872,64.339279,40464128
2001-12-10,174.224869,176.621872,167.741165,168.07518,61.225933,27113575
2001-12-11,168.07518,179.696716,167.053497,179.35289,65.334099,29352695
2001-12-12,179.35289,187.889755,179.35289,183.449402,66.826393,33233278
2001-12-13,187.211914,187.211914,170.81601,177.643539,64.711449,42837932
2001-12-14,172.181519,176.955887,171.493851,174.224869,63.466106,32492516
2001-12-17,172.515533,177.643539,170.81601,175.590378,63.96352,18392784
2001-12-18,179.009048,179.35289,171.150024,171.837692,62.596516,23973754
2001-12-19,172.515533,177.299713,171.837692,171.837692,62.596516,18948355
2001-12-20,172.515533,176.955887,171.150024,173.890854,63.344448,18864178
2001-12-21,171.150024,172.181519,162.613144,163.291,59.483135,43275654
2001-12-24,165.688004,167.397339,162.956985,165.688004,60.356323,18897848
2001-12-25,168.762848,176.955887,168.07518,176.955887,64.460945,24916540
2001-12-26,182.771561,186.18042,179.35289,179.35289,65.334099,35775439
2001-12-27,180.374557,191.308441,177.643539,181.062225,65.95681,40506216
2001-12-28,184.480896,189.255264,181.406052,189.255264,68.94133,35118856
2001-12-31,194.383286,200.876801,190.620773,200.876801,73.174789,37921967
2002-01-01,200.876801,200.876801,200.876801,200.876801,73.174789,0
2002-01-02,200.532974,204.629486,195.070938,203.951645,74.294891,37004432
2002-01-03,201.554642,202.920151,193.017776,194.727112,70.934593,27290347
2002-01-04,197.114288,200.876801,196.436447,197.114288,71.804207,22786850
2002-01-07,198.145782,201.554642,195.070938,199.167465,72.552139,21330578
2002-01-08,200.532974,208.391998,200.532974,206.682663,75.289749,30808967
2002-01-09,208.048172,208.391998,201.898468,203.607819,74.16964,22626912
2002-01-10,200.532974,206.682663,198.823624,206.682663,75.289749,26019267
2002-01-11,206.338821,206.338821,192.673935,196.092621,71.432045,32004286
2002-01-14,191.308441,202.586136,191.308441,201.220627,73.300049,27719653
2002-01-15,201.220627,210.779175,201.220627,210.101334,76.535095,41937235
2002-01-16,222.056885,224.787903,215.907196,223.422394,81.387642,44555154
2002-01-17,218.638214,221.369217,213.510193,221.369217,80.639709,31061500
2002-01-18,222.056885,236.743454,218.98204,232.990768,84.873192,34866323
2002-01-21,234.012436,246.655655,234.012436,242.549301,88.355118,30135546
2002-01-22,242.549301,256.558014,239.140457,256.214203,93.332954,35329299
2002-01-23,252.805344,258.267365,238.452789,239.140457,87.113358,45775727
2002-01-24,239.140457,244.258652,232.303101,241.527634,87.982964,35649174
2002-01-25,252.117676,255.19252,242.549301,242.893143,88.48037,46735351
2002-01-28,240.162125,243.91481,236.065613,236.399612,86.11496,24899705
2002-01-29,234.690277,240.162125,234.012436,237.431107,86.490677,22130264
2002-01-30,234.012436,237.08728,232.303101,232.990768,84.873192,21372667
2002-01-31,232.990768,233.324768,219.659882,223.76622,81.512871,60220588
2002-02-01,226.841064,227.175079,222.056885,222.056885,80.890213,31036247
2002-02-04,222.056885,230.593765,222.056885,225.131729,82.010315,25564707
2002-02-05,225.131729,232.990768,225.131729,232.990768,84.873192,29487379
2002-02-06,239.140457,243.91481,237.765121,242.549301,88.355118,37703106
2002-02-07,242.549301,242.549301,242.549301,242.549301,88.355118,0
2002-02-08,242.549301,242.549301,242.549301,242.549301,88.355118,0
2002-02-11,242.549301,242.549301,242.549301,242.549301,88.355118,0
2002-02-12,242.549301,242.549301,242.549301,242.549301,88.355118,0
2002-02-13,242.549301,242.549301,242.549301,242.549301,88.355118,0
2002-02-14,242.549301,242.549301,242.549301,242.549301,88.355118,0
2002-02-15,242.549301,242.549301,242.549301,242.549301,88.355118,0
2002-02-18,248.355164,248.355164,236.065613,236.065613,85.993271,26103444
2002-02-19,237.431107,241.183807,234.012436,234.012436,85.245361,22652166
2002-02-20,234.012436,238.452789,234.012436,234.012436,85.245361,30590106
2002-02-21,236.743454,237.08728,224.100235,224.444061,81.759811,38940514
2002-02-22,216.928879,223.76622,215.219528,223.078568,81.26239,27315601
2002-02-25,224.787903,224.787903,215.56337,215.907196,78.650032,19318738
2002-02-26,222.056885,227.175079,220.347549,221.713058,80.764969,31953782
2002-02-27,222.400726,233.324768,222.400726,232.646927,84.747917,35447148
2002-02-28,232.646927,232.646927,232.646927,232.646927,84.747917,0
2002-03-01,231.625259,236.399612,227.518906,231.959259,84.497421,27812246
2002-03-04,241.87146,244.258652,237.765121,243.236969,88.605621,51878596
2002-03-05,246.655655,252.805344,244.94632,247.677322,90.223152,46508071
2002-03-06,242.215302,247.677322,242.215302,247.677322,90.223152,29007569
2002-03-07,248.699005,251.430008,240.839966,242.549301,88.355118,30716371
2002-03-08,244.258652,245.967987,239.140457,239.140457,87.113358,17744616
2002-03-11,241.183807,249.386658,241.183807,248.699005,90.595322,27113575
2002-03-12,249.386658,250.064499,244.602478,247.677322,90.223152,13931375
2002-03-13,246.989655,257.579712,245.967987,250.064499,91.092735,41171218
2002-03-14,248.699005,254.170853,248.355164,254.170853,92.588585,23931665
2002-03-15,257.245697,260.320526,249.386658,249.730499,90.971085,39967480
2002-03-18,251.773849,252.461502,248.021164,248.699005,90.595322,17677274
2002-03-19,244.258652,244.258652,239.474457,240.162125,87.485527,30413333
2002-03-20,238.796616,244.258652,235.034103,243.236969,88.605621,30329153
2002-03-21,243.236969,247.333496,240.839966,240.839966,87.732452,22172353
2002-03-22,244.94632,246.655655,242.549301,244.602478,89.103058,22997292
2002-03-25,245.624161,245.967987,242.549301,242.893143,88.48037,16296763
2002-03-26,245.290146,259.632874,245.290146,259.632874,94.578262,73301773
2002-03-27,264.760895,265.438721,251.430008,251.430008,91.590149,45295917
2002-03-28,253.139343,264.417053,252.117676,263.729401,96.070557,37492661
2002-03-29,262.363892,262.363892,255.19252,259.289032,94.453033,25522619
2002-04-01,258.955017,261.342224,255.880188,258.611206,94.206131,11380798
2002-04-02,260.998383,267.491913,260.998383,262.707703,95.698364,29579975
2002-04-03,263.729401,265.09491,252.805344,254.504852,92.710274,37947221
2002-04-04,254.504852,254.504852,242.549301,243.580811,88.730888,43713379
2002-04-05,243.580811,243.580811,243.580811,243.580811,88.730888,0
2002-04-08,243.580811,245.967987,239.140457,239.474457,87.235039,20034244
2002-04-09,243.580811,244.602478,239.140457,241.527634,87.982964,17643605
2002-04-10,240.162125,244.602478,240.162125,242.549301,88.355118,12761309
2002-04-11,244.94632,247.677322,244.258652,244.602478,89.103058,18131834
2002-04-12,243.580811,250.752167,240.839966,249.730499,90.971085,20253108
2002-04-15,249.730499,252.461502,242.549301,242.549301,88.355118,28797123
2002-04-16,244.258652,247.677322,243.236969,244.258652,88.977806,13695679
2002-04-17,249.386658,250.752167,246.311813,248.355164,90.470078,29116999
2002-04-18,248.021164,248.021164,240.162125,241.527634,87.982964,29184341
2002-04-19,241.527634,243.91481,235.721771,238.796616,86.988098,32181059
2002-04-22,235.721771,236.399612,222.734726,224.787903,81.885063,56491524
2002-04-23,223.078568,229.572083,218.98204,225.475571,82.135559,32829226
2002-04-24,224.787903,228.206573,222.400726,226.153412,82.382492,19537599
2002-04-25,223.078568,225.475571,220.003723,220.003723,80.142296,20084751
2002-04-26,216.928879,218.294373,213.510193,216.928879,79.022194,26010848
2002-04-29,215.219528,219.325882,212.832352,215.56337,78.524773,18081327
2002-04-30,218.98204,223.422394,216.251022,223.078568,81.26239,31751756
2002-05-01,223.078568,223.078568,223.078568,223.078568,81.26239,0
2002-05-02,225.131729,226.153412,208.048172,209.413666,76.284592,33309039
2002-05-03,208.391998,215.219528,208.391998,214.197861,78.027367,45312751
2002-05-06,210.101334,211.123016,199.511292,199.511292,72.677376,35312464
2002-05-07,199.511292,207.360504,199.167465,205.317154,74.792313,35413475
2002-05-08,208.391998,208.391998,190.9646,193.017776,70.311951,52324737
2002-05-09,199.845306,199.845306,186.18042,191.652267,69.814499,63141548
2002-05-10,191.652267,201.554642,188.233582,201.220627,73.300049,50270808
2002-05-13,198.145782,198.823624,191.308441,192.673935,70.186676,25556291
2002-05-14,194.039444,195.404953,186.18042,186.868073,68.071754,40329444
2002-05-15,187.889755,193.017776,187.889755,190.620773,69.438759,49799414
2002-05-16,187.889755,187.889755,177.299713,182.427734,66.454224,70380814
2002-05-17,181.062225,186.18042,180.374557,181.062225,65.95681,47745482
2002-05-20,177.987381,182.083893,173.203186,179.009048,65.208885,36120569
2002-05-21,179.009048,182.083893,177.987381,178.665222,65.083626,28426744
2002-05-22,181.062225,183.105576,179.696716,181.740067,66.20372,30522764
2002-05-23,181.740067,181.740067,174.912537,177.987381,64.836708,21541023
2002-05-24,179.696716,186.524246,179.009048,186.18042,67.821236,45127560
2002-05-27,183.793228,185.502579,181.740067,183.105576,66.701141,16322017
2002-05-28,183.449402,185.846405,179.35289,180.718384,65.831551,20202601
2002-05-29,179.696716,180.030731,177.643539,178.331207,64.96196,9074333
2002-05-30,180.374557,180.718384,170.472183,171.150024,62.346035,42299196
2002-05-31,169.106674,170.81601,167.053497,167.397339,60.979004,20463550
2002-06-03,163.978653,171.493851,163.978653,165.688004,60.356323,28595097
2002-06-04,164.322495,171.493851,164.322495,171.493851,62.471272,30101876
2002-06-05,173.203186,173.890854,169.784515,171.493851,62.471272,19335573
2002-06-06,171.493851,172.515533,168.762848,168.762848,61.476421,11650166
2002-06-07,165.688004,167.397339,157.151123,157.485138,57.368214,39159375
2002-06-10,158.850632,161.925491,156.463455,159.194473,57.990891,25084897
2002-06-11,159.882141,161.24765,148.260605,148.260605,54.007923,32273655
2002-06-12,145.185745,146.895096,140.745407,143.14241,52.143478,34226575
2002-06-13,145.185745,153.044785,143.820251,152.700943,55.625446,52324737
2002-06-14,150.657608,152.700943,148.604431,152.700943,55.625446,19722787
2002-06-17,154.410294,156.119629,152.366943,152.366943,55.503769,20749753
2002-06-18,156.119629,156.807297,153.044785,153.732452,56.001186,23594955
2002-06-19,152.700943,153.388611,146.895096,149.292099,54.383678,20783426
2002-06-20,147.92659,153.044785,145.529587,153.044785,55.75069,19259812
2002-06-21,150.313766,162.956985,149.626099,158.516632,57.743954,52711955
2002-06-24,158.516632,160.903809,156.463455,160.225967,58.366646,34184483
2002-06-25,161.24765,161.925491,156.463455,158.516632,57.743954,28704528
2002-06-26,153.388611,154.410294,147.582748,147.582748,53.761005,33569989
2002-06-27,147.582748,150.313766,145.529587,145.529587,53.013073,20236270
2002-06-28,149.626099,149.626099,145.873413,146.217255,53.263588,22963623
2002-07-01,145.529587,145.529587,136.305054,136.305054,49.652809,19714371
2002-07-02,130.499191,136.305054,130.499191,132.896194,48.411026,17138538
2002-07-03,130.843018,139.723724,125.037163,138.014389,50.275459,32374669
2002-07-04,138.702057,142.798569,135.627213,140.745407,51.270313,30733206
2002-07-05,139.379898,140.745407,133.230194,138.358215,50.400719,35657590
2002-07-08,140.745407,147.92659,140.411392,147.92659,53.886257,41768878
2002-07-09,148.948257,154.75412,146.895096,154.410294,56.248112,53528475
2002-07-10,151.001434,154.076279,148.604431,149.626099,54.505344,22433305
2002-07-11,145.529587,145.529587,139.379898,139.379898,50.7729,48376814
2002-07-12,139.723724,145.529587,139.723724,143.820251,52.390408,53520059
2002-07-15,143.820251,147.582748,140.067566,143.820251,52.390408,39218301
2002-07-16,145.529587,147.238922,140.745407,140.745407,51.270313,27635473
2002-07-17,139.379898,140.067566,131.520859,133.230194,48.532688,41979323
2002-07-18,134.261703,136.305054,130.843018,131.8647,48.035278,29680989
2002-07-19,128.446014,130.499191,126.402672,128.789856,46.915192,24950212
2002-07-22,125.371178,131.186859,125.037163,128.789856,46.915192,34740058
2002-07-23,129.477509,132.208527,128.789856,132.208527,48.160538,30733206
2002-07-24,129.133682,129.82135,125.037163,125.371178,45.669823,29159087
2002-07-25,130.499191,131.8647,126.402672,126.402672,46.045589,40775585
2002-07-26,119.565315,121.618484,117.855972,118.887474,43.307964,33772015
2002-07-29,120.252975,127.080513,119.565315,127.080513,46.292503,53511641
2002-07-30,132.896194,135.961212,132.896194,135.961212,49.527546,63806550
2002-07-31,135.961212,138.702057,134.595703,136.64888,49.778042,43065212
2002-08-01,135.961212,137.670563,133.917862,136.305054,49.652809,24217868
2002-08-02,133.917862,142.798569,133.574036,142.798569,52.018234,36027973
2002-08-05,135.961212,138.014389,132.896194,132.896194,48.411026,28973896
2002-08-06,126.402672,134.595703,126.402672,132.208527,48.160538,38443866
2002-08-07,138.014389,140.745407,137.336548,139.036057,50.64764,38494373
2002-08-08,140.067566,147.92659,138.358215,143.14241,52.143478,67367258
2002-08-09,148.604431,149.626099,145.873413,148.604431,54.133179,50775872
2002-08-12,148.260605,149.292099,145.185745,145.529587,53.013073,21995580
2002-08-13,145.185745,145.873413,143.820251,144.851746,52.766171,18830506
2002-08-14,144.851746,154.75412,144.507904,154.75412,56.37336,58132987
2002-08-15,158.172791,159.194473,154.75412,154.75412,56.37336,70439737
2002-08-16,155.097946,158.516632,152.700943,155.441788,56.623859,39942226
2002-08-19,155.441788,155.441788,144.851746,144.851746,52.766171,46937377
2002-08-20,144.851746,145.873413,141.776901,143.486237,52.268738,37038101
2002-08-21,143.820251,145.873413,143.486237,145.529587,53.013073,29655736
2002-08-22,148.604431,153.732452,146.895096,150.313766,54.755844,43957494
2002-08-23,153.044785,154.75412,150.313766,150.313766,54.755844,38039813
2002-08-26,149.292099,153.044785,147.92659,150.657608,54.881111,26776864
2002-08-27,151.335449,154.410294,146.217255,149.292099,54.383678,35304045
2002-08-28,148.604431,148.604431,143.486237,148.260605,54.007923,53107588
2002-08-29,150.176239,150.176239,143.004868,146.354782,53.666988,59572768
2002-08-30,145.873413,145.873413,141.570602,143.004868,52.438614,14267227
2002-09-02,142.042145,142.042145,137.267776,141.570602,51.91267,11913694
2002-09-03,143.486237,146.826324,142.042145,144.439148,52.964539,20859701
2002-09-04,142.523514,148.26059,142.523514,144.920517,53.141056,21190398
2002-09-05,147.307693,151.12915,146.826324,147.307693,54.016418,32038989
2002-09-06,147.307693,147.307693,147.307693,147.307693,54.016418,0
2002-09-09,151.12915,157.347595,148.741959,157.347595,57.697956,37403158
2002-09-10,158.781876,166.434601,155.441788,165.000336,60.504154,44218962
2002-09-11,164.047424,166.434601,161.660248,165.000336,60.504154,23939051
2002-09-12,163.566055,170.747253,163.566055,169.784515,62.258457,42797391
2002-09-13,167.397339,169.312973,161.660248,163.566055,59.978218,32773396
2002-09-16,163.566055,163.566055,155.441788,156.394699,57.348553,21211872
2002-09-17,157.828964,166.434601,157.828964,166.434601,61.030083,35676661
2002-09-18,160.225967,163.094513,159.744614,159.744614,58.576912,18875518
2002-09-19,163.094513,167.397339,162.13179,163.566055,59.978218,28903808
2002-09-20,158.781876,162.613144,156.394699,162.613144,59.628777,17703044
2002-09-23,163.566055,163.566055,158.310333,158.781876,58.223885,14967275
2002-09-24,158.781876,162.613144,150.657593,152.573242,55.947224,37111114
2002-09-25,147.789063,150.176239,142.042145,142.042145,52.085587,31360417
2002-09-26,144.439148,146.354782,141.089233,142.523514,52.262096,44824524
2002-09-27,145.873413,146.826324,142.523514,143.004868,52.438614,24278340
2002-09-30,140.136322,144.439148,136.305054,144.439148,52.964539,15332330
2002-10-01,141.089233,144.439148,140.607864,143.486237,52.615112,14116911
2002-10-02,146.826324,149.69487,144.920517,144.920517,53.141056,33220053
2002-10-03,142.523514,144.920517,141.089233,141.089233,51.736153,13421157
2002-10-04,139.654953,142.042145,133.917877,135.352142,49.632416,25498054
2002-10-07,130.567963,132.002228,126.265137,126.265137,46.300278,25326262
2002-10-08,126.265137,130.567963,124.349503,129.133682,47.352158,31411953
2002-10-09,128.652313,130.567963,123.396591,123.396591,45.248432,25021334
2002-10-10,123.396591,123.396591,123.396591,123.396591,45.248432,0
2002-10-11,125.783775,125.783775,115.743858,117.178131,42.96817,30157880
2002-10-14,118.612404,119.565315,114.781128,116.215401,42.615139,19622806
2002-10-15,120.046677,124.349503,120.046677,124.349503,45.597843,11419795
2002-10-16,132.955139,132.955139,132.955139,132.955139,48.753456,7790712
2002-10-17,142.042145,142.042145,138.702057,142.042145,52.085587,78547065
2002-10-18,147.789063,150.657593,140.607864,150.176239,55.068275,81514752
2002-10-21,147.789063,154.960419,147.307693,154.47905,56.64608,56845586
2002-10-22,156.394699,157.347595,149.223328,150.176239,55.068275,47680545
2002-10-23,148.741959,160.225967,148.741959,160.225967,58.753422,72676113
2002-10-24,165.963058,168.831604,161.178879,165.481689,60.680656,91521568
2002-10-25,160.69751,163.094513,157.347595,160.225967,58.753422,46881718
2002-10-28,162.613144,164.047424,155.441788,155.441788,56.9991,43037898
2002-10-29,153.044785,155.441788,151.610504,154.007507,56.473183,37158356
2002-10-30,154.47905,157.347595,151.610504,153.044785,56.120152,40950639
2002-10-31,155.91333,159.744614,154.960419,155.441788,56.9991,47577471
2002-11-01,155.91333,156.876053,152.091873,152.573242,55.947224,32515709
2002-11-04,157.347595,157.347595,144.920517,147.789063,54.192913,49492939
2002-11-05,148.741959,150.176239,146.354782,150.176239,55.068275,48045602
2002-11-06,151.610504,159.744614,148.741959,159.263245,58.400394,65783007
2002-11-07,160.225967,161.660248,154.960419,154.960419,56.822575,42312083
2002-11-08,153.526154,158.781876,153.526154,154.47905,56.64608,37553476
2002-11-11,153.526154,153.526154,146.354782,146.354782,53.666988,36561384
2002-11-12,143.486237,148.741959,143.486237,147.789063,54.192913,29346168
2002-11-13,147.789063,148.26059,141.089233,143.004868,52.438614,43690705
2002-11-14,145.392059,147.307693,142.523514,142.523514,52.262096,33061145
2002-11-15,146.354782,146.354782,143.004868,143.486237,52.615112,41431654
2002-11-18,143.486237,144.920517,139.173599,142.523514,52.262096,24617626
2002-11-19,142.523514,144.439148,140.607864,141.570602,51.91267,23019971
2002-11-20,141.570602,142.523514,137.267776,137.267776,50.334866,25064283
2002-11-21,139.654953,140.607864,135.833511,136.305054,49.981846,32283791
2002-11-22,141.570602,145.392059,141.089233,143.957779,52.788036,55222163
2002-11-25,143.486237,143.486237,139.173599,141.089233,51.736153,22581904
2002-11-26,141.089233,142.523514,136.305054,136.305054,49.981846,28336898
2002-11-27,133.917877,134.399231,132.002228,133.436508,48.929966,22053647
2002-11-28,135.352142,136.786407,133.436508,136.305054,49.981846,34456945
2002-11-29,138.220688,140.136322,137.739319,139.654953,51.210224,34834887
2002-12-02,139.654953,141.089233,137.739319,141.089233,51.736153,15839113
2002-12-03,141.089233,145.873413,141.089233,143.004868,52.438614,42470989
2002-12-04,142.042145,143.486237,139.654953,139.654953,51.210224,16066737
2002-12-05,140.136322,143.004868,140.136322,141.570602,51.91267,20288497
2002-12-06,143.004868,145.873413,142.042145,143.957779,52.788036,34633032
2002-12-09,147.789063,148.741959,143.486237,143.486237,52.615112,33318832
2002-12-10,141.570602,142.042145,138.220688,140.136322,51.386726,21753013
2002-12-11,140.136322,142.042145,138.220688,139.173599,51.033714,20790986
2002-12-12,139.654953,140.136322,132.955139,134.399231,49.283001,24518845
2002-12-13,133.917877,136.305054,132.955139,133.917877,49.10648,30849339
2002-12-16,132.955139,135.352142,132.955139,134.870773,49.455906,12300222
2002-12-17,137.739319,138.702057,135.352142,135.352142,49.632416,24359940
2002-12-18,137.267776,138.702057,136.305054,137.739319,50.507782,23621239
2002-12-19,137.739319,144.920517,137.739319,141.570602,51.91267,47362732
2002-12-20,143.486237,147.789063,140.136322,146.826324,53.83989,58967204
2002-12-23,147.789063,148.26059,143.486237,143.486237,52.615112,25901763
2002-12-24,143.957779,146.826324,141.570602,141.570602,51.91267,21156040
2002-12-25,141.089233,142.042145,139.173599,139.173599,51.033714,13597244
2002-12-26,141.089233,144.439148,140.136322,144.439148,52.964539,16599288
2002-12-27,143.486237,143.486237,139.173599,140.136322,51.386726,20722268
2002-12-30,138.702057,138.702057,135.833511,136.305054,49.981846,12600856
2002-12-31,135.833511,137.739319,135.833511,136.305054,49.981846,12819890
2003-01-01,136.305054,136.305054,136.305054,136.305054,49.981846,0
2003-01-02,136.786407,139.173599,136.305054,137.267776,50.334866,11707544
2003-01-03,140.607864,142.042145,138.220688,141.089233,51.736153,27383458
2003-01-06,142.042145,142.523514,139.654953,140.607864,51.559639,23303426
2003-01-07,142.042145,144.920517,139.654953,139.654953,51.210224,31506438
2003-01-08,139.654953,141.089233,137.267776,139.654953,51.210224,23947641
2003-01-09,139.654953,142.523514,139.173599,139.173599,51.033714,25399275
2003-01-10,142.523514,143.957779,140.136322,140.136322,51.386726,31145678
2003-01-13,141.089233,148.741959,141.089233,147.789063,54.192913,62570518
2003-01-14,148.26059,148.26059,143.957779,144.439148,52.964539,31407659
2003-01-15,144.920517,146.354782,142.042145,142.042145,52.085587,20778101
2003-01-16,141.089233,142.042145,138.220688,138.702057,50.860802,25059988
2003-01-17,138.702057,139.654953,136.786407,136.786407,50.15834,18617832
2003-01-20,136.305054,137.739319,135.352142,137.739319,50.507782,11235119
2003-01-21,138.702057,140.607864,136.786407,138.220688,50.684284,19670049
2003-01-22,138.702057,139.654953,134.399231,135.352142,49.632416,17303631
2003-01-23,135.833511,138.220688,135.833511,135.833511,49.808937,15585722
2003-01-24,138.702057,139.173599,135.833511,135.833511,49.808937,19558385
2003-01-27,135.352142,135.833511,133.436508,135.352142,49.632416,16277181
2003-01-28,135.352142,136.305054,134.399231,134.399231,49.283001,13330968
2003-01-29,134.399231,134.399231,134.399231,134.399231,49.283001,0
2003-01-30,134.399231,134.399231,134.399231,134.399231,49.283001,0
2003-01-31,134.399231,134.399231,134.399231,134.399231,49.283001,0
2003-02-03,134.399231,134.399231,134.399231,134.399231,49.283001,0
2003-02-04,134.399231,134.399231,134.399231,134.399231,49.283001,0
2003-02-05,134.399231,134.399231,134.399231,134.399231,49.283001,0
2003-02-06,134.399231,134.870773,125.302406,125.302406,45.947269,19090255
2003-02-07,125.302406,125.783775,120.528046,124.830864,45.774349,20279908
2003-02-10,123.868134,125.783775,122.91523,124.830864,45.774349,9195104
2003-02-11,126.746506,126.746506,124.349503,124.830864,45.774349,11389732
2003-02-12,123.396591,124.830864,122.433861,122.433861,44.895393,8563771
2003-02-13,121.962318,123.868134,121.962318,122.433861,44.895393,12630919
2003-02-14,123.868134,126.265137,122.91523,124.830864,45.774349,18746674
2003-02-17,129.133682,129.133682,126.265137,128.180771,47.002735,14576452
2003-02-18,127.699409,127.699409,123.396591,123.396591,45.248432,12858542
2003-02-19,125.302406,125.302406,121.962318,122.433861,44.895393,12184264
2003-02-20,122.433861,125.302406,122.433861,124.349503,45.597843,10814233
2003-02-21,125.302406,125.783775,123.868134,123.868134,45.421333,5621853
2003-02-24,124.349503,125.783775,123.396591,124.830864,45.774349,8422045
2003-02-25,123.868134,123.868134,121.962318,121.962318,44.722488,7700523
2003-02-26,122.91523,123.868134,121.962318,122.91523,45.071907,7077782
2003-02-27,122.433861,122.91523,121.480957,122.433861,44.895393,4977638
2003-02-28,122.433861,122.433861,122.433861,122.433861,44.895393,0
2003-03-03,125.302406,130.567963,124.349503,130.086594,47.70158,27950368
2003-03-04,128.180771,129.615051,127.21804,129.133682,47.352158,14692410
2003-03-05,127.699409,128.180771,125.302406,125.783775,46.123783,8087053
2003-03-06,126.746506,127.21804,124.830864,124.830864,45.774349,7331173
2003-03-07,123.868134,128.180771,122.91523,124.830864,45.774349,7975388
2003-03-10,125.302406,127.699409,124.830864,127.21804,46.649719,7949620
2003-03-11,125.302406,128.652313,125.302406,127.21804,46.649719,6171584
2003-03-12,129.133682,131.049316,128.180771,130.567963,47.878101,12901490
2003-03-13,130.086594,131.049316,126.265137,127.699409,46.826252,13550001
2003-03-14,131.049316,131.049316,127.699409,127.699409,46.826252,18441745
2003-03-17,126.746506,128.652313,126.265137,126.265137,46.300278,5604674
2003-03-18,130.086594,132.955139,129.615051,130.567963,47.878101,24351350
2003-03-19,128.652313,130.567963,128.180771,128.652313,47.175648,9212283
2003-03-20,130.567963,132.483597,129.615051,131.520859,48.22752,25691319
2003-03-21,131.049316,132.002228,129.615051,131.049316,48.054611,7825072
2003-03-24,131.520859,132.483597,130.567963,131.049316,48.054611,9212283
2003-03-25,129.133682,130.086594,128.652313,129.133682,47.352158,7511552
2003-03-26,129.133682,130.086594,127.699409,127.699409,46.826252,8018335
2003-03-27,127.699409,129.615051,127.21804,129.133682,47.352158,6059920
2003-03-28,129.133682,129.615051,128.180771,129.615051,47.528675,5939668
2003-03-31,129.133682,129.133682,125.302406,125.302406,45.947269,7387005
2003-04-01,124.830864,126.265137,124.349503,125.783775,46.123783,6618240
2003-04-02,126.265137,126.265137,123.868134,125.783775,46.123783,5458653
2003-04-03,129.133682,129.615051,127.699409,127.699409,46.826252,14271522
2003-04-04,127.21804,129.133682,126.746506,128.652313,47.175648,8967481
2003-04-07,129.133682,135.833511,128.652313,135.352142,49.632416,33361779
2003-04-08,134.870773,135.833511,133.436508,134.870773,49.455906,15276498
2003-04-09,134.399231,137.739319,133.436508,136.786407,50.15834,16887038
2003-04-10,136.786407,137.267776,133.917877,133.917877,49.10648,11570111
2003-04-11,133.917877,136.305054,132.955139,134.870773,49.455906,14335945
2003-04-14,135.352142,135.833511,132.955139,132.955139,48.753456,6717019
2003-04-15,133.436508,134.870773,132.955139,133.436508,48.929966,5617558
2003-04-16,134.870773,138.702057,134.870773,136.786407,50.15834,20593426
2003-04-17,136.786407,137.739319,135.352142,137.739319,50.507782,10943075
2003-04-18,140.607864,142.523514,140.136322,140.607864,51.559639,25197420
2003-04-21,140.607864,143.004868,139.654953,143.004868,52.438614,16831206
2003-04-22,142.523514,142.523514,139.654953,139.654953,51.210224,15701682
2003-04-23,142.523514,145.392059,141.570602,142.042145,52.085587,20709383
2003-04-24,141.089233,141.089233,138.220688,138.220688,50.684284,17488305
2003-04-25,136.305054,138.220688,132.002228,132.955139,48.753456,18566293
2003-04-28,128.652313,130.567963,124.349503,129.615051,47.528675,14430429
2003-04-29,131.520859,136.305054,131.049316,136.305054,49.981846,23642712
2003-04-30,141.089233,141.089233,135.833511,136.305054,49.981846,19932030
2003-05-01,136.305054,136.305054,136.305054,136.305054,49.981846,0
2003-05-02,136.305054,137.739319,135.352142,137.739319,50.507782,9547275
2003-05-05,137.267776,138.220688,135.833511,136.786407,50.15834,7103550
2003-05-06,136.786407,138.702057,136.786407,138.220688,50.684284,7971093
2003-05-07,139.654953,139.654953,137.739319,138.702057,50.860802,7932441
2003-05-08,138.702057,138.702057,134.870773,136.786407,50.15834,9542980
2003-05-09,136.786407,138.220688,136.786407,137.739319,50.507782,4853091
2003-05-12,137.739319,139.654953,137.267776,137.739319,50.507782,8611013
2003-05-13,139.654953,140.607864,139.173599,139.654953,51.210224,10917306
2003-05-14,139.654953,139.654953,138.702057,138.702057,50.860802,4578223
2003-05-15,138.220688,138.702057,137.267776,137.739319,50.507782,4530981
2003-05-16,138.702057,139.654953,137.739319,137.739319,50.507782,6884516
2003-05-19,136.786407,137.267776,136.305054,137.267776,50.334866,3075055
2003-05-20,135.352142,138.220688,135.352142,137.739319,50.507782,3865293
2003-05-21,136.786407,137.739319,136.786407,136.786407,50.15834,4333423
2003-05-22,136.786407,139.173599,136.305054,138.702057,50.860802,7683344
2003-05-23,139.654953,142.523514,139.173599,141.089233,51.736153,21967752
2003-05-26,142.042145,143.486237,141.570602,142.042145,52.085587,15027402
2003-05-27,142.523514,142.523514,140.607864,141.089233,51.736153,9903740
2003-05-28,143.486237,145.873413,141.570602,142.042145,52.085587,25051397
2003-05-29,142.042145,143.004868,140.607864,142.042145,52.085587,15216372
2003-05-30,142.042145,147.789063,141.570602,147.307693,54.016418,47474398
2003-06-02,149.223328,157.347595,149.223328,157.347595,57.697956,64842451
2003-06-03,157.347595,161.660248,156.876053,161.660248,59.279362,49767804
2003-06-04,161.660248,161.660248,161.660248,161.660248,59.279362,0
2003-06-05,161.660248,161.660248,156.394699,158.781876,58.223885,38236344
2003-06-06,157.828964,157.828964,154.47905,156.394699,57.348553,20666436
2003-06-09,155.441788,155.441788,145.873413,152.091873,55.770706,67329123
2003-06-10,149.223328,154.007507,147.789063,152.091873,55.770706,33683888
2003-06-11,153.044785,160.69751,153.044785,156.876053,57.525036,59697315
2003-06-12,160.69751,160.69751,157.347595,157.828964,57.874466,28195170
2003-06-13,154.47905,164.047424,152.573242,160.69751,58.926342,52752670
2003-06-16,163.566055,165.963058,160.69751,160.69751,58.926342,38622874
2003-06-17,162.613144,164.047424,160.69751,161.178879,59.102848,34697453
2003-06-18,162.13179,166.434601,162.13179,162.613144,59.628777,33318832
2003-06-19,163.566055,169.312973,163.094513,168.35025,61.732533,32047579
2003-06-20,166.91597,167.397339,160.69751,161.660248,59.279362,32872175
2003-06-23,161.660248,163.094513,159.263245,161.660248,59.279362,17849067
2003-06-24,160.69751,163.566055,160.69751,161.660248,59.279362,13434041
2003-06-25,163.094513,166.434601,162.13179,163.566055,59.978218,24527437
2003-06-26,165.000336,166.91597,164.528793,165.000336,60.504154,23470923
2003-06-27,167.397339,169.312973,163.566055,164.047424,60.154705,34340987
2003-06-30,164.047424,165.963058,162.13179,165.963058,60.857159,13184945
2003-07-01,165.481689,171.218796,165.000336,171.218796,62.784393,26618989
2003-07-02,171.70015,173.13443,168.35025,168.35025,61.732533,26683412
2003-07-03,171.218796,173.615799,169.312973,169.784515,62.258457,28311130
2003-07-04,170.747253,173.615799,169.784515,172.653061,63.310314,13588654
2003-07-07,176.484344,184.608612,174.087326,184.608612,67.694313,41569087
2003-07-08,188.43988,189.392792,184.13707,186.052704,68.223869,33353189
2003-07-09,184.608612,188.43988,179.834244,181.268524,66.469543,23243300
2003-07-10,181.268524,183.655701,180.305786,181.268524,66.469543,20808165
2003-07-11,180.305786,186.052704,180.305786,181.268524,66.469543,25850224
2003-07-14,183.174332,187.005615,182.702789,185.089981,67.870842,23264773
2003-07-15,186.052704,187.486984,183.655701,184.13707,67.521408,20370097
2003-07-16,185.089981,186.524246,183.655701,184.608612,67.694313,15658734
2003-07-17,183.174332,184.13707,176.955887,177.437241,65.064636,21061556
2003-07-18,179.352875,179.352875,176.002975,177.437241,65.064636,17028766
2003-07-21,178.399979,179.834244,176.002975,176.002975,64.538712,13962298
2003-07-22,176.002975,177.91861,174.568695,176.002975,64.538712,12660982
2003-07-23,176.955887,186.052704,176.955887,182.702789,66.995476,31506438
2003-07-24,185.089981,195.139709,185.089981,195.139709,71.555969,44974840
2003-07-25,195.139709,205.179626,195.139709,199.442535,73.133789,50313240
2003-07-28,204.698257,207.566803,197.045532,197.526886,72.431335,35290131
2003-07-29,197.526886,199.914063,195.139709,198.008255,72.607857,20430223
2003-07-30,197.526886,199.442535,195.611252,196.092621,71.905426,18338672
2003-07-31,197.045532,198.479797,195.611252,196.573975,72.081909,12330285
2003-08-01,199.914063,202.311081,198.479797,200.876801,73.659706,21078735
2003-08-04,202.311081,207.095261,202.311081,204.226715,74.888107,19515438
2003-08-05,204.226715,205.179626,193.695618,193.695618,71.026436,29672572
2003-08-06,189.392792,192.742706,189.392792,191.308426,70.15107,20580541
2003-08-07,191.308426,193.695618,183.174332,187.486984,68.749786,25274725
2003-08-08,187.958527,190.827072,183.174332,184.608612,67.694313,18115343
2003-08-11,184.608612,185.57135,181.268524,183.174332,67.168373,10857180
2003-08-12,186.052704,189.392792,185.089981,188.43988,69.099205,12854248
2003-08-13,142.415802,148.441071,141.709946,146.672791,53.783588,26683412
2003-08-14,146.672791,146.672791,143.834793,145.610352,53.394009,22165312
2003-08-15,148.441071,151.279053,147.378632,147.378632,54.042408,26868085
2003-08-18,151.279053,151.279053,145.253799,147.735214,54.173176,51794937
2003-08-19,202.743317,202.743317,202.743317,202.743317,75.798264,10019953
2003-08-20,204.030228,207.262268,202.743317,203.381866,76.037003,33865652
2003-08-21,203.381866,208.549179,201.446579,206.613892,77.245323,16130428
2003-08-22,208.549179,218.883804,208.549179,215.651779,80.62426,28445638
2003-08-25,219.522354,222.106003,213.716492,222.106003,83.037231,13707918
2003-08-26,220.819092,220.819092,215.651779,215.651779,80.62426,14539772
2003-08-27,218.235428,220.819092,215.003403,215.003403,80.381874,14565693
2003-08-28,216.948517,218.235428,210.484467,211.132843,78.934784,12529654
2003-08-29,214.364853,219.522354,213.06813,219.522354,82.071327,12553219
2003-09-01,222.754379,224.689651,218.235428,222.106003,83.037231,14146231
2003-09-02,222.754379,228.570053,220.819092,228.570053,85.453918,16493333
2003-09-03,231.153717,233.727554,225.986404,225.986404,84.487991,18331423
2003-09-04,225.986404,228.570053,222.754379,225.986404,84.487991,13323803
2003-09-05,228.570053,233.089005,226.624939,226.624939,84.726723,13606586
2003-09-08,227.273315,238.24649,227.273315,237.607941,88.832878,20954238
2003-09-09,242.126892,253.748428,240.830139,247.294189,92.45417,33005519
2003-09-10,246.645828,250.516403,242.775253,247.294189,92.45417,15187816
2003-09-11,247.294189,247.294189,247.294189,247.294189,92.45417,0
2003-09-12,246.645828,249.877853,243.413803,244.06218,91.245872,10660928
2003-09-15,244.06218,245.349091,242.126892,242.775253,90.764679,7609225
2003-09-16,240.830139,247.932739,240.830139,247.932739,92.692909,10538388
2003-09-17,253.100052,253.100052,248.581116,248.581116,92.935333,12091339
2003-09-18,248.581116,249.877853,245.349091,248.581116,92.935333,7599799
2003-09-19,251.813141,256.332092,250.516403,254.39679,95.109573,16926933
2003-09-22,251.813141,253.748428,245.997467,245.997467,91.969398,8530627
2003-09-23,244.710541,247.294189,242.775253,244.06218,91.245872,12468384
2003-09-24,244.710541,246.645828,238.894852,243.413803,91.003448,13832814
2003-09-25,238.894852,241.478516,238.894852,240.191605,89.798782,7649287
2003-09-26,240.191605,242.775253,240.191605,240.191605,89.798782,7050728
2003-09-29,241.478516,244.710541,239.543228,243.413803,91.003448,7309947
2003-09-30,245.997467,245.997467,239.543228,239.543228,89.556404,7274598
2003-10-01,239.543228,240.830139,235.672653,239.543228,89.556404,7093145
2003-10-02,242.775253,246.645828,241.478516,246.645828,92.211784,10592589
2003-10-03,247.932739,247.932739,244.710541,245.997467,91.969398,8132375
2003-10-06,248.581116,249.229477,245.349091,247.294189,92.45417,10488902
2003-10-07,247.932739,253.100052,246.645828,249.229477,93.177704,13451056
2003-10-08,249.229477,250.516403,244.06218,245.349091,91.726982,10295665
2003-10-09,245.349091,245.997467,242.126892,245.349091,91.726982,8679088
2003-10-10,245.349091,245.349091,245.349091,245.349091,91.726982,0
2003-10-13,246.645828,247.294189,242.126892,242.126892,90.522324,8631958
2003-10-14,244.710541,244.710541,235.024292,236.311203,88.348053,15131261
2003-10-15,237.607941,238.894852,229.208603,231.153717,86.419861,15828793
2003-10-16,229.208603,235.672653,227.921692,233.727554,87.382118,12918480
2003-10-17,234.375916,237.607941,233.089005,236.959564,88.590454,11617678
2003-10-20,236.959564,240.191605,234.375916,240.191605,89.798782,7430130
2003-10-21,241.478516,243.413803,237.607941,240.191605,89.798782,10201405
2003-10-22,240.191605,242.775253,238.24649,241.478516,90.279907,9225804
2003-10-23,239.543228,242.775253,238.894852,242.775253,90.764679,10724554
2003-10-24,242.775253,247.294189,239.543228,239.543228,89.556404,9583994
2003-10-27,239.543228,241.478516,236.311203,236.311203,88.348053,5021759
2003-10-28,237.607941,239.543228,235.024292,235.672653,88.109322,9713605
2003-10-29,240.191605,240.191605,236.959564,236.959564,88.590454,7590373
2003-10-30,238.24649,240.191605,232.440628,234.375916,87.624527,8997220
2003-10-31,234.375916,234.375916,224.051117,225.986404,84.487991,18856929
2003-11-03,225.338028,225.338028,219.522354,220.170715,82.313721,11957018
2003-11-04,222.106003,225.338028,214.364853,215.003403,80.381874,16703064
2003-11-05,215.003403,220.819092,213.716492,219.522354,82.071327,15824080
2003-11-06,219.522354,220.819092,215.651779,217.587067,81.347778,11834479
2003-11-07,219.522354,220.170715,215.003403,218.883804,81.832588,11462148
2003-11-10,218.235428,219.522354,216.30014,218.235428,81.590172,8186574
2003-11-11,216.948517,216.948517,214.364853,216.30014,80.866669,8648454
2003-11-12,216.30014,216.30014,211.132843,215.003403,80.381874,9390760
2003-11-13,217.587067,218.235428,215.003403,215.003403,80.381874,5872465
2003-11-14,215.651779,222.106003,215.003403,220.819092,82.556122,13922362
2003-11-17,219.522354,219.522354,216.30014,216.30014,80.866669,5231488
2003-11-18,215.651779,219.522354,215.003403,216.948517,81.109062,6164674
2003-11-19,216.30014,218.235428,215.003403,216.30014,80.866669,5926665
2003-11-20,216.30014,219.522354,214.364853,215.003403,80.381874,7906147
2003-11-21,213.06813,213.716492,210.484467,213.716492,79.900734,6336701
2003-11-24,213.716492,214.364853,210.484467,210.484467,78.692375,4420844
2003-11-25,213.06813,213.716492,209.197556,209.845917,78.453659,7276955
2003-11-26,209.845917,213.06813,209.845917,211.132843,78.934784,3652616
2003-11-27,211.132843,212.419754,207.262268,207.262268,77.487724,4592871
2003-11-28,207.900818,209.197556,194.343979,194.992355,72.900452,17796492
2003-12-01,193.057068,194.343979,188.538132,192.408691,71.934532,12468384
2003-12-02,193.695618,205.326981,193.695618,202.743317,75.798264,18036858
2003-12-03,204.030228,204.678604,198.22438,198.86293,74.347527,11184076
2003-12-04,201.446579,210.484467,199.511292,209.845917,78.453659,18357346
2003-12-05,210.484467,216.30014,207.900818,215.651779,80.62426,15428183
2003-12-08,212.419754,213.06813,209.845917,209.845917,78.453659,5815908
2003-12-09,212.419754,212.419754,207.900818,209.845917,78.453659,4809670
2003-12-10,206.613892,209.197556,204.030228,206.613892,77.245323,5969082
2003-12-11,206.613892,207.900818,202.743317,204.030228,76.279381,7420703
2003-12-12,206.613892,207.262268,204.030228,204.030228,76.279381,5865395
2003-12-15,207.262268,213.716492,205.965515,213.716492,79.900734,7844877
2003-12-16,207.900818,210.484467,207.262268,208.549179,77.968842,5420011
2003-12-17,208.549179,209.845917,198.86293,202.094955,75.555862,10550172
2003-12-18,200.159668,203.381866,199.511292,201.446579,75.313469,6211805
2003-12-19,202.743317,204.030228,200.159668,200.159668,74.832321,3881199
2003-12-22,200.159668,203.381866,198.86293,202.743317,75.798264,4081504
2003-12-23,202.743317,204.030228,202.094955,203.381866,76.037003,3023423
2003-12-24,203.381866,206.613892,203.381866,203.381866,76.037003,3970748
2003-12-25,203.381866,204.030228,201.446579,202.094955,75.555862,2281117
2003-12-26,202.094955,203.381866,202.094955,202.743317,75.798264,2071386
2003-12-29,202.743317,203.381866,200.798218,201.446579,75.313469,1776820
2003-12-30,203.381866,206.613892,203.381866,206.613892,77.245323,7719981
2003-12-31,207.262268,209.845917,205.965515,205.965515,77.002907,4703627
2004-01-01,205.965515,205.965515,205.965515,205.965515,77.002907,0
2004-01-02,207.900818,211.132843,207.262268,211.132843,78.934784,6909337
2004-01-05,213.06813,213.716492,210.484467,212.419754,79.415932,6716101
2004-01-06,214.364853,215.003403,207.262268,208.549179,77.968842,8648454
2004-01-07,209.197556,213.06813,205.326981,211.132843,78.934784,10298023
2004-01-08,212.419754,216.948517,211.132843,212.419754,79.415932,11504564
2004-01-09,214.364853,215.651779,213.06813,213.06813,79.658348,10778755
2004-01-12,213.06813,215.003403,211.781204,213.06813,79.658348,5078314
2004-01-13,214.364853,220.819092,214.364853,218.235428,81.590172,15576644
2004-01-14,218.883804,225.986404,217.587067,224.051117,83.764458,17735223
2004-01-15,225.986404,226.624939,222.754379,223.402756,83.522072,11224138
2004-01-16,225.338028,227.273315,225.338028,225.986404,84.487991,12847786
2004-01-19,225.986404,225.986404,225.986404,225.986404,84.487991,0
2004-01-20,225.986404,225.986404,225.986404,225.986404,84.487991,0
2004-01-21,225.986404,225.986404,225.986404,225.986404,84.487991,0
2004-01-22,225.986404,225.986404,225.986404,225.986404,84.487991,0
2004-01-23,225.986404,225.986404,225.986404,225.986404,84.487991,0
2004-01-26,225.986404,225.986404,225.986404,225.986404,84.487991,0
2004-01-27,228.570053,228.570053,223.402756,223.402756,83.522072,9237585
2004-01-28,223.402756,223.402756,217.587067,223.402756,83.522072,11273625
2004-01-29,220.819092,235.024292,220.819092,234.375916,87.624527,35555281
2004-01-30,238.24649,242.775253,234.375916,240.191605,89.798782,26355399
2004-02-02,240.191605,240.830139,236.311203,236.311203,88.348053,12331706
2004-02-03,236.311203,240.191605,235.024292,237.607941,88.832878,10415850
2004-02-04,238.24649,243.413803,236.959564,240.830139,90.037521,13198907
2004-02-05,238.894852,241.478516,238.24649,238.894852,89.313988,5754638
2004-02-06,238.894852,241.478516,234.375916,235.672653,88.109322,8844046
2004-02-09,236.311203,238.894852,234.375916,235.672653,88.109322,7079006
2004-02-10,235.672653,236.959564,231.792267,231.792267,86.6586,5735786
2004-02-11,231.792267,233.727554,228.570053,230.505341,86.177437,7583304
2004-02-12,231.153717,238.894852,231.153717,237.607941,88.832878,22156068
2004-02-13,238.894852,240.191605,236.311203,237.607941,88.832878,5384664
2004-02-16,237.607941,237.607941,233.089005,235.024292,87.86692,4484470
2004-02-17,235.024292,237.607941,235.024292,235.024292,87.86692,5674516
2004-02-18,237.607941,242.126892,237.607941,240.191605,89.798782,12140827
2004-02-19,242.126892,247.932739,242.126892,245.349091,91.726982,19043095
2004-02-20,245.349091,247.294189,242.775253,242.775253,90.764679,7307590
2004-02-23,244.710541,246.645828,241.478516,244.06218,91.245872,7003597
2004-02-24,244.06218,245.349091,242.126892,242.126892,90.522324,4592871
2004-02-25,242.126892,244.06218,240.830139,240.830139,90.037521,4731906
2004-02-26,244.06218,244.06218,240.830139,240.830139,90.037521,5507203
2004-02-27,242.126892,247.294189,242.126892,244.06218,91.245872,7253390
2004-03-01,245.349091,251.813141,245.349091,248.581116,92.935333,11601183
2004-03-02,252.451691,255.683716,249.877853,251.813141,94.143654,27095349
2004-03-03,251.813141,251.813141,247.294189,247.294189,92.45417,12098410
2004-03-04,247.294189,253.748428,247.294189,251.164764,93.901253,6833928
2004-03-05,251.813141,253.748428,245.349091,246.645828,92.211784,7248677
2004-03-08,248.581116,249.877853,242.775253,242.775253,90.764679,6909337
2004-03-09,240.830139,242.775253,237.607941,238.24649,89.071594,10484188
2004-03-10,238.24649,238.24649,231.153717,231.792267,86.6586,12277505
2004-03-11,229.856979,234.375916,229.856979,233.089005,87.143387,6678396
2004-03-12,229.856979,232.440628,229.208603,229.856979,85.935051,6998884
2004-03-15,230.505341,231.153717,221.467468,221.467468,82.798546,12065418
2004-03-16,221.467468,223.402756,219.522354,220.819092,82.556122,9598133
2004-03-17,223.402756,224.051117,218.883804,218.883804,81.832588,6218874
2004-03-18,218.883804,226.624939,218.883804,226.624939,84.726723,10175483
2004-03-19,226.624939,228.570053,224.051117,227.921692,85.211517,8047539
2004-03-22,212.419754,212.419754,212.419754,212.419754,79.415932,1567090
2004-03-23,197.576004,211.781204,197.576004,204.030228,76.279381,19620444
2004-03-24,206.613892,209.197556,202.094955,204.678604,76.52179,8973655
2004-03-25,206.613892,208.549179,203.381866,203.381866,76.037003,8031043
2004-03-26,207.262268,211.132843,205.326981,208.549179,77.968842,12975037
2004-03-29,219.522354,222.754379,216.30014,222.754379,83.279655,9965752
2004-03-30,222.754379,225.338028,220.819092,224.689651,84.003204,7755330
2004-03-31,225.986404,226.624939,217.587067,218.883804,81.832588,6463952
2004-04-01,218.883804,222.754379,218.235428,220.819092,82.556122,5860682
2004-04-02,222.106003,223.402756,216.30014,216.948517,81.109062,8342106
2004-04-05,219.522354,220.170715,213.06813,216.948517,81.109062,7983914
2004-04-06,219.522354,220.170715,216.30014,218.235428,81.590172,9492090
2004-04-07,219.522354,220.819092,216.30014,220.170715,82.313721,4640001
2004-04-08,220.170715,224.689651,219.522354,221.467468,82.798546,8269052
2004-04-09,221.467468,221.467468,218.235428,218.235428,81.590172,4465618
2004-04-12,220.819092,224.051117,218.883804,220.170715,82.313721,8408087
2004-04-13,221.467468,224.689651,219.522354,222.754379,83.279655,9857353
2004-04-14,221.467468,224.051117,220.170715,223.402756,83.522072,8865254
2004-04-15,224.689651,229.856979,223.402756,223.402756,83.522072,19410713
2004-04-16,223.402756,225.986404,222.106003,224.689651,84.003204,6899911
2004-04-19,225.986404,229.208603,222.106003,223.402756,83.522072,8695585
2004-04-20,224.689651,224.689651,217.587067,218.883804,81.832588,8768637
2004-04-21,218.883804,220.819092,217.587067,217.587067,81.347778,4095643
2004-04-22,220.819092,224.689651,218.235428,219.522354,82.071327,10470049
2004-04-23,222.754379,222.754379,216.948517,220.170715,82.313721,8285549
2004-04-26,220.170715,222.106003,218.235428,220.170715,82.313721,4965202
2004-04-27,218.235428,218.235428,205.965515,207.900818,77.726471,13045733
2004-04-28,206.613892,209.197556,201.446579,205.326981,76.764198,8049895
2004-04-29,200.159668,211.132843,200.159668,208.549179,77.968842,10224971
2004-04-30,205.326981,206.613892,194.992355,204.678604,76.52179,12671046
2004-05-03,204.678604,204.678604,198.22438,200.159668,74.832321,7123781
2004-05-04,202.094955,206.613892,200.798218,206.613892,77.245323,6511083
2004-05-05,205.326981,205.965515,192.408691,192.408691,71.934532,10908364
2004-05-06,196.927643,198.22438,189.176682,189.825043,70.968597,7491400
2004-05-07,189.825043,192.408691,186.593018,187.241394,70.00267,11113382
2004-05-10,184.01918,184.01918,179.500244,179.500244,67.108528,8111165
2004-05-11,180.787155,182.074066,178.203506,181.435532,67.832054,8264339
2004-05-12,184.65773,190.473419,183.370819,189.176682,70.726204,7889652
2004-05-13,187.889755,190.473419,185.954468,187.889755,70.245064,4225252
2004-05-14,189.176682,189.176682,182.722443,185.954468,69.521515,4083860
2004-05-17,180.787155,185.954468,180.787155,184.01918,68.797989,6664257
2004-05-18,186.593018,189.825043,184.65773,186.593018,69.760262,7107285
2004-05-19,191.12178,199.511292,189.825043,199.511292,74.589928,10630292
2004-05-20,198.86293,203.381866,195.640717,198.86293,74.347527,9690039
2004-05-21,199.511292,205.965515,198.22438,204.030228,76.279381,9727744
2004-05-24,202.743317,206.613892,202.094955,204.030228,76.279381,3812860
2004-05-25,202.743317,207.900818,202.743317,204.678604,76.52179,3046988
2004-05-26,209.845917,210.484467,204.030228,204.030228,76.279381,6598276
2004-05-27,204.030228,205.326981,200.798218,201.446579,75.313469,2351813
2004-05-28,203.381866,206.613892,201.446579,206.613892,77.245323,3650260
2004-05-31,205.326981,205.326981,200.159668,200.159668,74.832321,2573326
2004-06-01,200.798218,202.743317,198.86293,202.094955,75.555862,3200162
2004-06-02,199.511292,201.446579,197.576004,197.576004,73.866402,2149151
2004-06-03,196.927643,199.511292,186.593018,187.241394,70.00267,8365670
2004-06-04,188.538132,189.825043,185.954468,188.538132,70.487465,6864562
2004-06-07,191.12178,193.695618,189.825043,193.695618,72.415649,4048513
2004-06-08,193.695618,193.695618,185.306107,187.241394,70.00267,12272792
2004-06-09,184.01918,187.241394,184.01918,185.954468,69.521515,3782225
2004-06-10,184.01918,184.65773,180.138779,180.787155,67.589676,7324085
2004-06-11,178.203506,179.500244,169.81398,170.45253,63.725922,9093837
2004-06-14,170.45253,173.684555,168.517242,170.45253,63.725922,5271550
2004-06-15,168.517242,172.397644,168.517242,171.100906,63.968338,5620316
2004-06-16,173.036194,173.036194,159.479355,161.414642,60.346985,10335727
2004-06-17,161.414642,172.397644,161.414642,172.397644,64.453117,12004148
2004-06-18,169.81398,169.81398,163.998306,164.646683,61.55534,5149010
2004-06-21,168.517242,168.517242,160.127731,161.414642,60.346985,6793867
2004-06-22,161.414642,161.414642,161.414642,161.414642,60.346985,0
2004-06-23,162.063019,167.868881,162.063019,167.230331,62.521255,6027995
2004-06-24,169.165619,170.45253,165.933594,170.45253,63.725922,5285690
2004-06-25,169.165619,173.036194,169.165619,171.749268,64.210747,4293591
2004-06-28,171.749268,171.749268,167.868881,169.81398,63.487206,2660517
2004-06-29,169.81398,170.45253,168.517242,170.45253,63.725922,2575684
2004-06-30,173.036194,174.971481,169.165619,173.036194,64.691849,5481281
2004-07-01,174.332932,174.971481,172.397644,173.036194,64.691849,3183667
2004-07-02,171.100906,171.100906,169.165619,170.45253,63.725922,2233986
2004-07-05,167.868881,169.165619,164.646683,167.230331,62.521255,2066673
2004-07-06,167.230331,169.81398,167.230331,169.81398,63.487206,1684915
2004-07-07,167.230331,172.397644,167.230331,169.81398,63.487206,3004570
2004-07-08,169.81398,171.749268,167.868881,168.517242,63.00238,2578039
2004-07-09,167.868881,170.45253,165.295044,169.165619,63.244789,3431103
2004-07-12,169.81398,171.100906,167.230331,169.165619,63.244789,2891458
2004-07-13,167.230331,167.230331,160.776108,161.414642,60.346985,5302185
2004-07-14,161.414642,162.711395,158.830994,159.479355,59.623466,4397279
2004-07-15,156.895706,159.479355,156.24733,156.24733,58.415123,4121565
2004-07-16,154.960419,157.544067,146.570908,147.209442,55.036182,4981697
2004-07-19,143.338882,147.209442,138.819931,139.468307,52.142052,7613938
2004-07-20,139.468307,143.338882,137.523193,139.468307,52.142052,7703486
2004-07-21,144.625793,149.14473,142.690506,149.14473,55.759712,9918623
2004-07-22,145.922531,156.895706,145.27417,154.960419,57.933979,11396165
2004-07-23,154.312057,158.830994,154.312057,154.960419,57.933979,8306757
2004-07-26,151.728394,153.673508,149.14473,152.37677,56.968067,4029660
2004-07-27,149.14473,153.025131,147.209442,151.089844,56.486931,5818264
2004-07-28,152.37677,154.312057,147.857819,149.14473,55.759712,10300379
2004-07-29,146.400055,149.445343,145.63382,147.922699,57.091251,12662194
2004-07-30,150.977829,152.500473,148.688934,149.445343,57.678928,5182138
2004-08-02,149.445343,149.445343,146.400055,147.922699,57.091251,4114283
2004-08-03,147.922699,149.445343,146.400055,147.922699,57.091251,4212283
2004-08-04,147.156464,147.156464,142.588531,144.877411,55.915916,5837720
2004-08-05,144.877411,154.789352,143.34494,154.789352,59.741463,9032838
2004-08-06,152.500473,165.457703,151.734238,157.078232,60.624878,13500257
2004-08-09,154.789352,160.123535,154.023117,160.123535,61.800209,5351102
2004-08-10,160.889771,163.935059,155.545761,156.311996,60.329144,7057643
2004-08-11,157.834641,158.600876,154.023117,155.545761,60.033405,6638611
2004-08-12,155.545761,157.078232,152.500473,156.311996,60.329144,2740602
2004-08-13,155.545761,158.600876,154.789352,156.311996,60.329144,2617258
2004-08-16,156.311996,156.311996,154.789352,155.545761,60.033405,1652472
2004-08-17,156.311996,158.600876,155.545761,155.545761,60.033405,2754119
2004-08-18,156.311996,160.889771,152.500473,160.889771,62.09594,6930920
2004-08-19,163.935059,171.558121,162.412415,171.558121,66.213425,13349878
2004-08-20,173.090591,176.902115,171.558121,174.613235,67.39257,11111100
2004-08-23,176.13588,176.902115,173.090591,174.613235,67.39257,5079069
2004-08-24,174.613235,174.613235,174.613235,174.613235,67.39257,0
2004-08-25,174.613235,174.613235,174.613235,174.613235,67.39257,0
2004-08-26,175.369644,179.947403,175.369644,177.658524,68.567909,11754855
2004-08-27,177.658524,184.525177,176.13588,181.470062,70.038979,10345691
2004-08-30,181.470062,182.236298,177.658524,179.181183,69.155571,6153683
2004-08-31,179.181183,187.570465,177.658524,183.002533,70.630432,11082375
2004-09-01,186.814056,188.3367,183.758942,186.814056,72.101509,6957954
2004-09-02,186.814056,189.859344,185.281586,189.859344,73.27684,5462619
2004-09-03,189.859344,189.859344,177.658524,178.424759,68.863632,8056223
2004-09-06,176.13588,177.658524,172.324356,175.369644,67.684525,5273379
2004-09-07,176.902115,184.525177,176.902115,184.525177,71.218102,6876852
2004-09-08,184.525177,185.281586,181.470062,182.236298,70.334702,3712147
2004-09-09,182.236298,183.002533,180.713654,182.236298,70.334702,2357052
2004-09-10,184.525177,185.281586,181.470062,183.002533,70.630432,2395914
2004-09-13,186.814056,186.814056,183.002533,186.047821,71.805771,4519798
2004-09-14,186.814056,187.570465,184.525177,186.047821,71.805771,3157944
2004-09-15,186.047821,189.102936,184.525177,186.047821,71.805771,3524597
2004-09-16,186.047821,189.859344,185.281586,189.102936,72.984894,5229448
2004-09-17,189.102936,189.859344,183.758942,183.758942,70.922394,5607928
2004-09-20,184.525177,185.281586,178.424759,182.236298,70.334702,5212551
2004-09-21,182.236298,183.758942,178.424759,182.236298,70.334702,5903616
2004-09-22,181.470062,183.002533,178.424759,179.181183,69.155571,2840290
2004-09-23,176.902115,180.713654,176.902115,177.658524,68.567909,2782843
2004-09-24,175.369644,176.902115,169.269226,169.269226,65.33004,6647059
2004-09-27,166.223938,167.746582,161.646179,162.412415,62.683647,4791830
2004-09-28,162.412415,162.412415,162.412415,162.412415,62.683647,0
2004-09-29,161.646179,169.269226,160.889771,166.223938,64.154694,7454710
2004-09-30,170.035461,174.613235,168.512817,173.847,67.09684,8904425
2004-10-01,174.613235,175.369644,170.035461,173.847,67.09684,6816023
2004-10-04,176.902115,182.236298,176.902115,182.236298,70.334702,7726742
2004-10-05,182.236298,182.236298,176.902115,177.658524,68.567909,6603129
2004-10-06,178.424759,182.236298,177.658524,180.713654,69.747032,4923623
2004-10-07,183.002533,183.758942,179.947403,180.713654,69.747032,4590762
2004-10-08,179.181183,179.947403,177.658524,177.658524,68.567909,2934912
2004-10-11,177.658524,177.658524,175.369644,176.902115,68.275963,2990669
2004-10-12,176.902115,176.902115,170.801712,171.558121,66.213425,3387735
2004-10-13,171.558121,173.847,170.035461,170.801712,65.921494,3526286
2004-10-14,169.269226,170.035461,166.990173,167.746582,64.742371,3882802
2004-10-15,167.746582,170.801712,166.990173,167.746582,64.742371,4751279
2004-10-18,169.269226,170.801712,166.223938,167.746582,64.742371,2811568
2004-10-19,170.801712,172.324356,167.746582,170.035461,65.625763,4555280
2004-10-20,170.035461,171.558121,166.990173,166.990173,64.450417,2546293
2004-10-21,166.223938,168.512817,164.701294,166.223938,64.154694,3139358
2004-10-22,167.746582,170.035461,166.990173,167.746582,64.742371,3046427
2004-10-25,167.746582,167.746582,167.746582,167.746582,64.742371,0
2004-10-26,166.990173,170.801712,165.457703,168.512817,65.038094,5482894
2004-10-27,167.746582,167.746582,160.123535,163.935059,63.271297,6625095
2004-10-28,167.746582,167.746582,165.457703,165.457703,63.858952,4085559
2004-10-29,166.223938,171.558121,166.223938,170.801712,65.921494,4573866
2004-11-01,171.558121,171.558121,168.512817,168.512817,65.038094,2493914
2004-11-02,170.801712,171.558121,168.512817,171.558121,66.213425,2863946
2004-11-03,171.558121,178.424759,170.801712,178.424759,68.863632,7708156
2004-11-04,178.424759,179.181183,176.13588,178.424759,68.863632,5019932
2004-11-05,180.713654,184.525177,176.902115,177.658524,68.567909,10291622
2004-11-08,177.658524,177.658524,170.035461,174.613235,67.39257,4239316
2004-11-09,176.13588,178.424759,172.324356,178.424759,68.863632,4183559
2004-11-10,180.713654,180.713654,175.369644,175.369644,67.684525,2845359
2004-11-11,174.613235,176.13588,173.847,174.613235,67.39257,1843400
2004-11-12,175.369644,178.424759,174.613235,177.658524,68.567909,3553321
2004-11-15,179.181183,180.713654,178.424759,179.181183,69.155571,3876042
2004-11-16,179.181183,180.713654,178.424759,179.947403,69.451302,3293115
2004-11-17,179.947403,186.814056,179.181183,186.047821,71.805771,10416656
2004-11-18,188.3367,188.3367,182.236298,184.525177,71.218102,7966672
2004-11-19,184.525177,186.047821,183.002533,183.002533,70.630432,3088669
2004-11-22,181.470062,182.236298,175.369644,175.369644,67.684525,5952615
2004-11-23,176.13588,177.658524,173.847,176.13588,67.980225,4467418
2004-11-24,176.13588,176.13588,168.512817,171.558121,66.213425,8956803
2004-11-25,170.801712,170.801712,166.990173,166.990173,64.450417,6256752
2004-11-26,165.457703,169.269226,163.935059,164.701294,63.56702,6587922
2004-11-29,163.935059,165.457703,160.889771,161.646179,62.387886,4259592
2004-11-30,159.357285,160.123535,156.311996,157.834641,60.916813,7689571
2004-12-01,155.545761,160.889771,154.789352,159.357285,61.504482,5991477
2004-12-02,162.412415,162.412415,157.078232,159.357285,61.504482,5339275
2004-12-03,159.357285,160.889771,157.078232,159.357285,61.504482,3365770
2004-12-06,159.357285,161.646179,157.834641,161.646179,62.387886,3517839
2004-12-07,160.889771,163.168823,158.600876,159.357285,61.504482,5428826
2004-12-08,158.600876,160.123535,157.078232,159.357285,61.504482,2916325
2004-12-09,159.357285,163.168823,159.357285,161.646179,62.387886,5052036
2004-12-10,161.646179,162.412415,159.357285,159.357285,61.504482,2772706
2004-12-13,159.357285,163.935059,156.311996,159.357285,61.504482,6184097
2004-12-14,160.123535,160.889771,158.600876,160.123535,61.800209,3578665
2004-12-15,160.889771,162.412415,159.357285,160.889771,62.09594,6658888
2004-12-16,161.646179,164.701294,160.889771,163.935059,63.271297,5295344
2004-12-17,164.701294,166.223938,163.168823,163.168823,62.975563,3700320
2004-12-20,160.889771,165.457703,160.123535,165.457703,63.858952,3090358
2004-12-21,164.701294,165.457703,163.935059,163.935059,63.271297,1938020
2004-12-22,163.935059,166.223938,161.646179,161.646179,62.387886,2847050
2004-12-23,161.646179,163.168823,158.600876,160.889771,62.09594,3065014
2004-12-24,160.889771,162.412415,160.123535,161.646179,62.387886,1659230
2004-12-27,161.646179,161.646179,158.600876,158.600876,61.21254,1290887
2004-12-28,158.600876,160.889771,158.600876,160.889771,62.09594,1878883
2004-12-29,162.412415,163.935059,161.646179,161.646179,62.387886,3134289
2004-12-30,162.412415,165.457703,161.646179,164.701294,63.56702,4705659
2004-12-31,164.701294,166.223938,163.168823,164.701294,63.56702,2221881
2005-01-03,166.223938,166.223938,163.935059,163.935059,63.271297,1865367
2005-01-04,162.412415,163.168823,160.123535,160.123535,61.800209,2569948
2005-01-05,158.600876,159.357285,154.789352,155.545761,60.033405,5580894
2005-01-06,154.789352,155.545761,150.977829,151.734238,58.56234,5601170
2005-01-07,151.734238,153.256882,145.63382,152.500473,58.85807,6826161
2005-01-10,151.734238,151.734238,147.156464,149.445343,57.678928,6461198
2005-01-11,148.688934,152.500473,147.922699,151.734238,58.56234,4470798
2005-01-12,149.445343,150.977829,146.400055,146.400055,56.50359,4023042
2005-01-13,147.156464,148.688934,144.111176,144.877411,55.915916,4954036
2005-01-14,144.111176,144.111176,139.533401,140.299652,54.149124,9100424
2005-01-17,141.822296,143.34494,139.533401,142.588531,55.032524,7069471
2005-01-18,141.822296,141.822296,136.488113,137.244522,52.969994,8500599
2005-01-19,137.244522,139.533401,132.67659,133.432999,51.498913,11055342
2005-01-20,131.910355,138.010757,131.910355,135.721878,52.382301,21220242
2005-01-21,137.244522,139.533401,136.488113,137.244522,52.969994,13848323
2005-01-24,138.010757,138.010757,133.432999,134.199234,51.794651,6981609
2005-01-25,133.432999,137.244522,133.432999,135.721878,52.382301,5395033
2005-01-26,137.244522,138.776993,135.721878,135.721878,52.382301,7758846
2005-01-27,136.488113,136.488113,130.387711,131.910355,50.91124,10246002
2005-01-28,131.910355,136.488113,131.144119,133.432999,51.498913,15250729
2005-01-31,134.199234,142.588531,134.199234,142.588531,55.032524,22191788
2005-02-01,144.111176,145.63382,141.065887,142.588531,55.032524,20437936
2005-02-02,143.34494,147.156464,142.588531,145.63382,56.207867,14483630
2005-02-03,147.156464,147.156464,144.877411,146.400055,56.50359,11553787
2005-02-04,146.400055,146.400055,146.400055,146.400055,56.50359,0
2005-02-07,146.400055,146.400055,146.400055,146.400055,56.50359,0
2005-02-08,146.400055,146.400055,146.400055,146.400055,56.50359,0
2005-02-09,146.400055,146.400055,146.400055,146.400055,56.50359,0
2005-02-10,146.400055,146.400055,146.400055,146.400055,56.50359,0
2005-02-11,146.400055,146.400055,146.400055,146.400055,56.50359,0
2005-02-14,150.211594,153.256882,147.922699,148.688934,57.386986,15512624
2005-02-15,149.445343,154.023117,147.156464,154.023117,59.445736,14338321
2005-02-16,155.545761,163.168823,151.734238,160.889771,62.09594,19015256
2005-02-17,160.123535,162.412415,157.834641,157.834641,60.916813,8585082
2005-02-18,157.834641,163.168823,157.078232,162.412415,62.683647,9615765
2005-02-21,164.701294,166.990173,162.412415,162.412415,62.683647,9957072
2005-02-22,162.412415,163.168823,157.834641,157.834641,60.916813,4829003
2005-02-23,154.789352,165.457703,154.789352,163.935059,63.271297,11035066
2005-02-24,163.935059,175.369644,163.168823,175.369644,67.684525,28647919
2005-02-25,179.181183,182.236298,174.613235,177.658524,68.567909,25518697
2005-02-28,177.658524,177.658524,177.658524,177.658524,68.567909,0
2005-03-01,177.658524,185.664703,175.752762,184.525177,71.218102,20385558
2005-03-02,184.525177,185.281586,180.713654,180.713654,69.747032,10409897
2005-03-03,181.470062,183.758942,176.518997,178.807877,69.01149,12227955
2005-03-04,177.658524,180.330536,175.369644,175.369644,67.684525,7422606
2005-03-07,176.13588,177.275406,172.324356,172.324356,66.509155,9397801
2005-03-08,174.230118,178.424759,172.707474,174.613235,67.39257,10193623
2005-03-09,174.613235,178.041656,173.847,177.658524,68.567909,8514117
2005-03-10,177.658524,178.424759,173.090591,174.613235,67.39257,6902196
2005-03-11,176.13588,179.947403,175.369644,177.275406,68.420029,10871171
2005-03-14,174.230118,178.424759,174.230118,175.369644,67.684525,8438082
2005-03-15,175.369644,176.902115,167.746582,169.652359,65.477898,12070818
2005-03-16,169.652359,171.558121,168.895935,170.418594,65.773628,7476674
2005-03-17,168.512817,170.035461,168.129715,168.895935,65.185951,3877733
2005-03-18,168.895935,170.801712,166.990173,170.035461,65.625763,5177069
2005-03-21,170.801712,180.713654,170.418594,179.181183,69.155571,15916448
2005-03-22,179.181183,179.181183,171.558121,171.941238,66.361305,10001003
2005-03-23,170.035461,174.230118,169.269226,173.463882,66.948967,5342655
2005-03-24,174.230118,176.518997,172.707474,173.090591,66.804886,6584542
2005-03-25,173.847,175.752762,171.558121,175.369644,67.684525,4264661
2005-03-28,176.902115,176.902115,174.230118,174.230118,67.24469,3609079
2005-03-29,174.230118,174.613235,167.746582,168.895935,65.185951,7383745
2005-03-30,167.746582,170.418594,165.084412,167.363464,64.594498,6114821
2005-03-31,170.801712,172.324356,169.652359,170.801712,65.921494,7082988
2005-04-01,171.941238,175.369644,170.801712,175.369644,67.684525,7892328
2005-04-04,173.847,176.902115,172.324356,173.847,67.09684,7054264
2005-04-05,173.847,173.847,173.847,173.847,67.09684,0
2005-04-06,173.847,177.275406,173.090591,173.090591,66.804886,4996276
2005-04-07,173.847,174.996353,171.558121,172.324356,66.509155,4545142
2005-04-08,174.230118,179.564301,173.463882,177.658524,68.567909,9803315
2005-04-11,177.658524,181.470062,176.13588,177.658524,68.567909,6912334
2005-04-12,177.658524,181.85318,176.13588,180.713654,69.747032,7676053
2005-04-13,181.096756,181.85318,179.181183,181.470062,70.038979,6787301
2005-04-14,178.424759,193.287766,178.424759,192.148239,74.160255,29381223
2005-04-15,190.625595,192.914474,188.3367,192.148239,74.160255,19454564
2005-04-18,188.3367,189.859344,181.470062,184.525177,71.218102,12893675
2005-04-19,186.814056,189.476242,184.525177,186.814056,72.101509,14786076
2005-04-20,187.570465,188.3367,181.096756,181.85318,70.186836,11185444
2005-04-21,178.807877,184.908295,178.424759,183.375824,70.774513,8978769
2005-04-22,185.281586,189.102936,184.142059,184.525177,71.218102,15075006
2005-04-25,184.525177,185.664703,183.002533,185.281586,71.510048,4367729
2005-04-26,185.281586,185.664703,177.658524,180.330536,69.599159,7159022
2005-04-27,180.330536,182.619415,178.807877,181.096756,69.89489,7174229
2005-04-28,179.181183,181.096756,175.369644,179.564301,69.303444,7794328
2005-04-29,179.564301,181.85318,178.041656,180.330536,69.599159,4976001
2005-05-02,180.330536,180.330536,180.330536,180.330536,69.599159,0
2005-05-03,184.142059,189.102936,184.142059,186.814056,72.101509,15647795
2005-05-04,187.953583,189.859344,184.908295,189.476242,73.129013,10786688
2005-05-05,192.148239,199.771286,192.148239,198.248642,76.514717,28495850
2005-05-06,207.394348,210.06636,198.248642,207.394348,80.04454,28656366
2005-05-09,207.394348,207.777466,202.826416,206.254822,79.604744,13834806
2005-05-10,207.394348,207.394348,202.060181,203.582825,78.573471,8520875
2005-05-11,200.537537,208.160583,200.537537,204.34906,78.869202,15426451
2005-05-12,202.826416,205.115295,200.920639,205.115295,79.164932,9652937
2005-05-13,205.115295,209.683228,203.582825,205.115295,79.164932,11942405
2005-05-16,205.871704,207.777466,203.582825,205.871704,79.456894,9210250
2005-05-17,207.394348,209.683228,204.34906,205.488586,79.308998,9215319
2005-05-18,203.582825,204.732178,201.29393,203.582825,78.573471,11481132
2005-05-19,207.021057,208.160583,205.871704,208.160583,80.340279,10612655
2005-05-20,208.160583,210.449463,207.021057,207.777466,80.192413,13027157
2005-05-23,207.394348,207.777466,199.388184,199.388184,76.954536,13468154
2005-05-24,198.248642,199.771286,195.193527,195.576645,75.483452,15201729
2005-05-25,196.725998,199.014877,192.914474,195.576645,75.483452,16088792
2005-05-26,195.959763,197.482407,192.914474,194.820236,75.191528,11834268
2005-05-27,195.959763,203.582825,195.959763,202.060181,77.985817,16098929
2005-05-30,203.582825,205.115295,201.677063,204.732178,79.017075,7272228
2005-05-31,203.965942,206.637939,202.060181,206.637939,79.752609,10457208
2005-06-01,206.254822,207.394348,203.582825,204.34906,78.869202,7529054
2005-06-02,206.637939,207.021057,203.965942,205.871704,79.456894,7576365
2005-06-03,205.871704,208.160583,204.34906,205.871704,79.456894,9642800
2005-06-06,205.488586,205.871704,203.582825,205.871704,79.456894,3392804
2005-06-07,205.871704,205.871704,203.582825,203.965942,78.721344,3732423
2005-06-08,203.965942,213.12146,203.965942,213.12146,82.254936,15125695
2005-06-09,213.12146,215.783646,209.683228,209.683228,80.927933,10095623
2005-06-10,213.494766,220.361404,212.35524,219.978302,84.901344,15215246
2005-06-13,219.978302,220.361404,216.549881,220.361404,85.049225,6336165
2005-06-14,220.361404,225.695587,212.738358,212.738358,82.107094,17301956
2005-06-15,216.549881,219.212051,214.644119,219.212051,84.605621,13643877
2005-06-16,219.212051,219.978302,216.549881,219.595169,84.753494,8037637
2005-06-17,221.127655,223.033401,216.166763,217.306305,83.870102,11124617
2005-06-20,215.400528,217.306305,214.261002,214.261002,82.694748,5597790
2005-06-21,214.261002,215.400528,211.589005,212.738358,82.107094,5454170
2005-06-22,214.261002,217.306305,213.494766,216.932999,83.726028,8127188
2005-06-23,218.072525,218.072525,215.027237,215.400528,83.13456,6511888
2005-06-24,213.877884,214.644119,211.972122,211.972122,81.81134,8581702
2005-06-27,210.06636,211.205887,208.160583,209.683228,80.927933,10012832
2005-06-28,209.683228,211.972122,209.683228,211.205887,81.515602,6489922
2005-06-29,213.494766,214.261002,208.926819,209.683228,80.927933,10215589
2005-06-30,210.06636,211.205887,208.926819,209.300125,80.78009,3631045
2005-07-01,209.683228,216.932999,209.683228,215.783646,83.282425,7431054
2005-07-04,216.932999,218.83876,215.783646,217.306305,83.870102,7975119
2005-07-05,217.306305,221.500946,217.306305,220.744537,85.197083,10739378
2005-07-06,221.127655,222.267181,217.689407,218.072525,84.165833,5834340
2005-07-07,217.306305,219.978302,217.306305,218.83876,84.461555,5226069
2005-07-08,219.595169,223.789825,219.595169,221.500946,85.489044,10093934
2005-07-11,224.556061,229.890244,224.556061,227.601349,87.843506,15490658
2005-07-12,227.984467,229.890244,227.218246,228.750702,88.287109,14061218
2005-07-13,231.039581,238.662643,231.039581,233.318649,90.05011,17820678
2005-07-14,236.373764,238.662643,234.468002,237.896408,91.816933,10686999
2005-07-15,237.896408,238.279526,233.318649,233.318649,90.05011,11013100
2005-07-18,233.318649,233.318649,233.318649,233.318649,90.05011,0
2005-07-19,232.562241,241.707932,230.273346,239.419052,92.404602,12352988
2005-07-20,240.185287,241.324829,234.85112,234.85112,90.641579,12260058
2005-07-21,236.373764,247.425232,236.373764,240.951523,92.996056,19388667
2005-07-22,240.185287,243.230591,232.562241,232.945343,89.906036,12305678
2005-07-25,235.990646,248.957703,235.990646,248.957703,96.086067,21277689
2005-07-26,253.52565,256.963867,240.56842,240.951523,92.996056,30957662
2005-07-27,240.951523,244.379944,238.279526,238.279526,91.964775,14955041
2005-07-28,240.951523,253.908768,240.951523,252.769241,97.557129,24023362
2005-07-29,256.197632,264.970062,254.291885,256.58078,99.028214,29933737
2005-08-01,258.486542,261.914948,256.963867,257.720276,99.468002,13493498
2005-08-02,261.53183,262.298065,245.146179,248.957703,96.086067,19059187
2005-08-03,254.291885,266.109589,252.386108,266.109589,102.705864,19076083
2005-08-04,284.410828,284.410828,280.599304,284.410828,109.76931,26086417
2005-08-05,284.410828,284.410828,284.410828,284.410828,109.76931,0
2005-08-08,282.121948,285.933472,272.209991,284.410828,109.76931,25422388
2005-08-09,283.644592,283.644592,268.398468,281.738831,108.73806,27426305
2005-08-10,272.593109,274.272949,257.494354,257.494354,101.887596,25912999
2005-08-11,257.494354,263.368805,244.075409,257.494354,101.887596,20150055
2005-08-12,257.494354,259.174164,244.075409,244.075409,96.577866,14648238
2005-08-15,244.075409,244.9104,229.811646,233.171295,92.263237,16247117
2005-08-16,233.171295,239.045761,232.748886,239.045761,94.587715,10915661
2005-08-17,236.521118,249.105057,236.521118,247.01265,97.740112,14061749
2005-08-18,247.01265,248.270065,241.138184,241.138184,95.415657,11268949
2005-08-19,241.560593,241.560593,234.006287,237.365936,93.922989,10830480
2005-08-22,242.395584,246.167831,241.560593,242.395584,95.913193,8544572
2005-08-23,244.075409,252.042297,242.395584,248.270065,98.237656,11788410
2005-08-24,246.59024,251.207291,246.59024,248.270065,98.237656,9387998
2005-08-25,248.270065,256.659363,245.332825,252.042297,99.73027,14818599
2005-08-26,256.659363,259.174164,247.425232,247.425232,97.903366,12658368
2005-08-29,247.425232,250.784882,244.9104,245.755234,97.242577,7625741
2005-08-30,249.94989,249.94989,236.521118,239.045761,94.587715,10865390
2005-08-31,241.138184,245.755234,231.49147,232.336288,91.932831,16713514
2005-09-01,232.336288,232.336288,232.336288,232.336288,91.932831,0
2005-09-02,238.200943,243.230591,236.521118,242.817993,96.080345,14486255
2005-09-05,246.59024,246.59024,237.365936,237.788345,94.090157,10087595
2005-09-06,240.715759,248.270065,236.521118,248.270065,98.237656,14354994
2005-09-07,248.270065,257.07193,244.9104,254.979538,100.892517,21554834
2005-09-08,256.659363,259.174164,253.299698,258.75177,102.385162,13856479
2005-09-09,259.174164,262.11142,257.494354,260.43158,103.049828,11874987
2005-09-12,264.203827,266.296234,261.266571,263.368805,104.212044,12913909
2005-09-13,263.368805,264.203827,259.586761,260.009186,102.88269,9632368
2005-09-14,259.586761,262.946411,256.659363,257.916779,102.054749,10393406
2005-09-15,257.494354,258.75177,254.134705,254.979538,100.892517,8378401
2005-09-16,254.979538,256.236938,250.784882,252.042297,99.73027,8002768
2005-09-19,253.299698,260.009186,253.299698,257.916779,102.054749,8948132
2005-09-20,257.916779,272.593109,257.916779,267.976044,106.035065,19753477
2005-09-21,268.398468,273.428131,266.718658,266.718658,105.537552,16621352
2005-09-22,266.718658,270.078278,265.038818,265.883636,105.207138,9160385
2005-09-23,265.038818,265.883636,251.619873,255.814529,101.222908,17274867
2005-09-26,258.329346,259.174164,249.94989,251.619873,99.563118,10260748
2005-09-27,251.619873,257.494354,246.167831,257.494354,101.887596,10908678
2005-09-28,257.494354,262.946411,255.814529,256.659363,101.557213,14470895
2005-09-29,254.977783,257.913391,252.461548,255.397156,101.057755,12562851
2005-09-30,257.494019,265.042694,257.494019,262.526459,103.878754,16914603
2005-10-03,264.203949,272.59137,263.365204,270.075134,106.865654,17004022
2005-10-04,271.752625,272.59137,265.462067,269.236389,106.533798,14848415
2005-10-05,269.655762,281.817535,268.397675,275.107605,108.856949,24982632
2005-10-06,270.913879,273.430115,269.236389,270.913879,107.197556,10385783
2005-10-07,270.494507,271.752625,265.881439,267.558929,105.870033,9603660
2005-10-10,231.652756,231.652756,231.652756,231.652756,91.662361,0
2005-10-11,268.817047,270.494507,265.462067,265.881439,105.206268,8244483
2005-10-12,264.203949,267.978302,262.107086,263.365204,104.210609,7822422
2005-10-13,262.526459,265.462067,252.88092,258.332733,102.21933,13567927
2005-10-14,261.687714,262.526459,255.816513,255.816513,101.223686,6563395
2005-10-17,257.494019,258.332733,238.202927,238.202927,94.254196,17203130
2005-10-18,240.719147,242.396637,234.847946,241.557892,95.581726,16264821
2005-10-19,236.525436,237.364182,231.912354,237.364182,93.922325,11355091
2005-10-20,239.041672,244.912872,235.686691,242.396637,95.91362,12415011
2005-10-21,236.525436,244.912872,235.686691,240.719147,95.249832,11697270
2005-10-24,243.235382,243.654755,236.525436,236.525436,93.590424,5480822
2005-10-25,241.977264,244.074127,237.364182,237.364182,93.922325,6972340
2005-10-26,236.525436,239.041672,222.266815,232.751099,92.096992,15023677
2005-10-27,230.654236,236.525436,225.62178,231.912354,91.765114,9651350
2005-10-28,227.718643,231.912354,225.202408,227.299271,89.939751,8672504
2005-10-31,233.170471,242.81601,231.492981,242.81601,96.079552,11006951
2005-11-01,247.429092,250.784058,244.912872,244.912872,96.909248,16372124
2005-11-02,250.784058,260.429596,248.68721,260.429596,103.049049,19466041
2005-11-03,267.558929,269.236389,255.397156,255.397156,101.057755,19615074
2005-11-04,264.203949,267.558929,259.171478,264.203949,104.542488,14593271
2005-11-07,264.203949,265.881439,259.171478,265.881439,105.206268,9586968
2005-11-08,266.720184,266.720184,258.332733,258.752106,102.385269,9439128
2005-11-09,258.332733,267.558929,256.655273,266.300812,105.3722,12376858
2005-11-10,268.397675,270.913879,265.042694,266.300812,105.3722,12965835
2005-11-11,270.913879,274.688232,266.720184,267.558929,105.870033,11700847
2005-11-14,267.558929,273.430115,267.558929,268.817047,106.367821,9100526
2005-11-15,268.817047,268.817047,262.107086,263.784576,104.376572,7476667
2005-11-16,263.784576,269.236389,263.784576,265.881439,105.206268,8307672
2005-11-17,265.881439,265.881439,255.397156,260.848969,103.214996,17399853
2005-11-18,264.203949,275.107605,264.203949,270.913879,107.197556,22971288
2005-11-21,272.59137,280.97879,270.494507,277.62384,109.8526,18345316
2005-11-22,276.785095,276.785095,269.236389,269.236389,106.533798,9690695
2005-11-23,271.752625,275.107605,270.494507,275.107605,108.856949,9098141
2005-11-24,275.107605,275.526978,269.655762,273.010742,108.02726,7588739
2005-11-25,275.526978,286.430634,274.26886,283.495026,112.175781,17869604
2005-11-28,291.043701,298.592407,286.430634,297.753662,117.817741,20210012
2005-11-29,293.559937,296.076172,291.043701,291.043701,115.162674,9437936
2005-11-30,292.721191,299.850525,291.882446,293.979309,116.32428,13384319
2005-12-01,292.721191,296.076172,289.785614,293.140564,115.992409,9269827
2005-12-02,300.269897,304.882965,296.914917,301.947357,119.477119,14842454
2005-12-05,306.141083,317.464111,303.624847,315.367249,124.787247,15857068
2005-12-06,306.979828,312.851013,306.979828,312.851013,123.79158,8566393
2005-12-07,310.334808,312.851013,291.043701,291.043701,115.162674,19783182
2005-12-08,289.366241,290.624329,282.236908,288.527496,114.167084,12592658
2005-12-09,288.527496,295.237427,288.527496,292.721191,115.826469,12676116
2005-12-12,285.172516,287.688751,273.430115,284.333771,112.50766,11693693
2005-12-13,284.333771,293.140564,281.817535,285.591888,113.005501,10931838
2005-12-14,290.204956,291.882446,284.753143,291.043701,115.162674,9740770
2005-12-15,294.398682,294.398682,289.785614,289.785614,114.664871,5529705
2005-12-16,293.559937,308.657318,293.559937,298.173035,117.983704,17823106
2005-12-19,300.269897,304.04422,296.495544,301.108612,119.145256,10357169
2005-12-20,300.269897,300.269897,296.914917,297.753662,117.817741,5399748
2005-12-21,298.173035,298.592407,292.721191,297.753662,117.817741,8438821
2005-12-22,259.247742,262.152466,256.342987,256.342987,101.43203,10822323
2005-12-23,298.592407,304.04422,293.559937,304.04422,120.306847,11940491
2005-12-26,267.961945,275.586853,267.961945,272.319031,107.753571,20094076
2005-12-27,315.367249,319.560974,308.657318,312.851013,123.79158,14359588
2005-12-28,308.657318,317.044739,306.141083,317.044739,125.450981,9733616
2005-12-29,317.044739,338.013306,315.786621,330.884003,130.927048,25277120
2005-12-30,330.884003,338.432678,324.593414,324.593414,128.437943,19505386
2006-01-02,318.722229,334.658325,318.722229,334.238953,132.254578,16450813
2006-01-03,334.238953,347.658844,332.14209,335.49707,132.752396,19948907
2006-01-04,339.690796,340.529541,323.754669,325.432159,128.769836,20680955
2006-01-05,328.78714,338.852051,325.012787,329.625885,130.429214,18491964
2006-01-06,332.14209,338.013306,310.334808,310.334808,122.795959,33435760
2006-01-09,312.012268,314.528503,301.947357,306.141083,121.136559,19402851
2006-01-10,306.141083,308.657318,298.173035,299.431152,118.481499,13417702
2006-01-11,298.592407,304.04422,296.076172,303.205475,119.97496,17780184
2006-01-12,304.04422,305.72171,292.301819,293.559937,116.158348,15235900
2006-01-13,295.237427,299.01178,291.043701,291.043701,115.162674,10451357
2006-01-16,291.463074,296.914917,288.946869,291.043701,115.162674,13579850
2006-01-17,295.237427,302.786102,293.559937,293.979309,116.32428,20952790
2006-01-18,289.366241,290.204956,273.849487,281.398163,111.346062,25206777
2006-01-19,280.140045,282.236908,270.075134,273.010742,108.02726,20028788
2006-01-20,275.94635,279.301331,272.59137,272.59137,107.861305,12539006
2006-01-23,267.558929,276.365723,266.720184,274.26886,108.525078,11446895
2006-01-24,276.785095,280.559418,275.526978,275.94635,109.188828,8735694
2006-01-25,275.94635,275.94635,266.720184,267.978302,106.03598,13117252
2006-02-03,277.62384,280.559418,274.688232,275.94635,109.188828,13492815
2006-02-06,268.397675,280.97879,264.623322,280.97879,111.180153,10326170
2006-02-07,280.140045,286.850006,277.62384,281.817535,111.512001,11663887
2006-02-08,285.172516,286.430634,280.97879,280.97879,111.180153,8870420
2006-02-09,286.011261,286.850006,278.043213,278.043213,110.018555,7830768
2006-02-10,279.720673,280.140045,267.139557,268.817047,106.367821,10619466
2006-02-13,268.397675,275.107605,263.365204,275.107605,108.856949,9654927
2006-02-14,274.26886,280.97879,273.010742,278.881958,110.350433,8362516
2006-02-15,276.785095,292.721191,274.688232,288.527496,114.167084,26501572
2006-02-16,292.721191,294.818054,289.366241,289.366241,114.49897,12140791
2006-02-17,291.043701,291.882446,284.333771,285.172516,112.839531,8553278
2006-02-20,283.495026,286.850006,281.398163,285.172516,112.839531,5601241
2006-02-21,286.430634,288.946869,282.656281,282.656281,111.843887,7301404
2006-02-22,285.591888,286.430634,274.26886,275.107605,108.856949,10733923
2006-02-23,275.94635,276.365723,267.558929,267.558929,105.870033,11682963
2006-02-24,267.139557,275.107605,267.139557,275.107605,108.856949,6842384
2006-02-27,272.59137,283.495026,271.333252,281.398163,111.346062,8364901
2006-03-01,280.97879,294.818054,278.462585,293.140564,115.992409,18911640
2006-03-02,297.753662,298.592407,286.011261,286.011261,113.171402,11629311
2006-03-03,287.688751,294.818054,285.172516,286.430634,113.337357,11344361
2006-03-06,287.688751,296.914917,287.688751,293.979309,116.32428,13483276
2006-03-07,291.882446,292.301819,286.850006,286.850006,113.503326,8536587
2006-03-08,286.430634,289.366241,278.462585,280.97879,111.180153,12163444
2006-03-09,283.495026,286.430634,281.817535,282.656281,111.843887,7089182
2006-03-10,282.656281,284.333771,277.204468,279.720673,110.682297,9809921
2006-03-13,283.495026,287.688751,279.720673,287.688751,113.83519,7874882
2006-03-14,286.011261,287.688751,278.881958,281.398163,111.346062,7173833
2006-03-15,285.172516,296.076172,284.333771,296.076172,117.153976,17354547
2006-03-16,296.914917,312.431641,295.237427,300.269897,118.8134,29894746
2006-03-17,303.624847,309.915436,302.786102,309.076691,122.298149,15916681
2006-03-20,312.851013,318.722229,309.496063,309.496063,122.464088,17526233
2006-03-21,311.173523,313.689758,293.559937,296.914917,117.485847,14304744
2006-03-22,293.559937,299.850525,291.882446,297.33429,117.651794,9384284
2006-03-23,300.269897,304.463593,297.33429,298.592407,118.149658,12385204
2006-03-24,302.786102,306.141083,296.914917,299.431152,118.481499,12735729
2006-03-27,304.463593,304.463593,300.269897,301.947357,119.477119,6966379
2006-03-28,303.624847,306.141083,300.269897,302.36673,119.643082,8264751
2006-03-29,304.463593,315.367249,304.463593,313.270386,123.957512,15737842
2006-03-30,316.205994,317.883484,308.657318,309.496063,122.464088,15108328
2006-03-31,314.528503,317.883484,312.012268,314.947876,124.621338,14054369
2006-04-03,317.044739,317.883484,314.528503,314.947876,124.621338,7402747
2006-04-04,317.044739,324.593414,315.367249,315.367249,124.787247,14187903
2006-04-06,319.560974,320.399719,315.786621,318.722229,126.114761,11903531
2006-04-07,318.722229,319.560974,313.270386,314.528503,124.45533,7817653
2006-04-10,314.528503,318.722229,311.592896,312.851013,123.79158,5619124
2006-04-11,315.367249,316.625366,311.173523,316.205994,125.11911,6361903
2006-04-12,316.205994,320.399719,315.367249,320.399719,126.778542,6744619
2006-04-13,322.915924,322.915924,312.012268,312.012268,123.459724,7544626
2006-04-14,312.851013,317.883484,312.012268,317.044739,125.450981,5933881
2006-04-17,316.625366,316.625366,306.141083,306.141083,121.136559,7213177
2006-04-18,303.624847,310.334808,302.786102,307.3992,121.634369,5130298
2006-04-19,310.754181,312.851013,301.947357,306.979828,121.46846,9647774
2006-04-20,310.334808,312.851013,306.141083,310.334808,122.795959,11166714
2006-04-21,312.851013,331.303375,311.173523,325.851532,128.93576,24480690
2006-04-24,325.432159,332.14209,325.012787,327.10965,129.433609,16181363
2006-04-25,332.14209,333.81958,322.915924,323.754669,128.106033,14031716
2006-04-26,318.722229,322.077179,306.979828,308.657318,122.13221,25070859
2006-04-27,311.173523,314.109131,307.818573,308.237946,121.96627,11892801
2006-04-28,311.173523,312.851013,308.237946,312.431641,123.625679,6097221
2006-05-02,315.367249,317.044739,309.076691,310.334808,122.795959,8130026
2006-05-03,312.431641,320.819092,312.012268,315.786621,124.953194,9451051
2006-05-04,317.464111,323.754669,317.464111,317.883484,125.782921,10026913
2006-05-05,322.915924,326.270905,319.141602,320.399719,126.778542,19704493
2006-05-08,326.270905,342.626404,322.496552,342.626404,135.573395,30098622
2006-05-09,345.142609,349.336334,338.013306,338.013306,133.748032,24367425
2006-05-10,343.045746,345.561981,334.658325,338.432678,133.914001,14384626
2006-05-11,335.49707,350.594452,335.49707,347.658844,137.564697,11367014
2006-05-12,335.916443,342.207031,335.49707,335.49707,132.752396,10584891
2006-05-15,332.14209,332.14209,327.10965,327.10965,129.433609,8770270
2006-05-16,331.303375,335.077698,327.529022,327.529022,129.599533,7104681
2006-05-17,331.303375,331.303375,324.174042,326.270905,129.101715,7101105
2006-05-18,278.12851,281.75943,274.860687,274.860687,108.7593,14565176
2006-05-19,273.771393,276.676147,270.866669,271.229767,107.32254,13752710
2006-05-22,314.528503,315.367249,301.947357,301.947357,119.477119,9855227
2006-05-23,297.753662,299.01178,289.366241,290.204956,114.830833,11914261
2006-05-24,295.656799,305.72171,291.882446,301.947357,119.477119,11488624
2006-05-25,304.463593,306.141083,294.398682,297.753662,117.817741,9719309
2006-05-26,301.947357,306.141083,291.882446,293.559937,116.158348,8418553
2006-05-29,257.79538,259.247742,252.348984,256.342987,101.43203,5184635
2006-05-30,297.753662,299.431152,291.463074,296.076172,117.153976,4488861
2006-06-01,306.979828,317.044739,303.624847,310.754181,122.961899,12497277
2006-06-02,315.367249,319.560974,312.012268,314.109131,124.289459,11712769
2006-06-05,318.722229,319.560974,298.592407,301.108612,119.145256,11910685
2006-06-06,306.141083,314.109131,301.947357,314.109131,124.289459,7682928
2006-06-07,305.302338,309.496063,292.721191,294.398682,116.490204,12554505
2006-06-08,291.043701,291.463074,273.849487,274.26886,108.525078,16527118
2006-06-09,276.785095,282.656281,265.042694,279.301331,110.516373,14347666
2006-06-12,275.526978,280.140045,271.333252,275.107605,108.856949,6403632
2006-06-13,266.720184,266.720184,256.655273,258.332733,102.21933,13619194
2006-06-14,252.461548,256.655273,249.106583,253.719666,100.394012,20868140
2006-06-15,255.816513,261.687714,252.042175,253.300293,100.228058,13669269
2006-06-16,260.010223,266.300812,256.235901,258.332733,102.21933,16906257
2006-06-19,257.074646,260.848969,250.3647,251.20343,99.398354,7969070
2006-06-20,251.622803,254.139038,234.847946,239.880402,94.917953,14117559
2006-06-21,241.977264,245.751602,231.492981,234.847946,92.926682,13590580
2006-06-22,244.912872,251.20343,241.557892,251.20343,99.398354,9113641
2006-06-23,251.622803,260.010223,249.106583,256.235901,101.389641,10075795
2006-06-26,252.461548,259.171478,252.461548,256.655273,101.55558,7418246
2006-06-27,254.977783,256.235901,250.3647,251.622803,99.564308,13100561
2006-06-28,247.429092,248.68721,240.299774,245.751602,97.241119,10113948
2006-06-29,250.784058,253.300293,248.267838,248.267838,98.236771,11288324
2006-06-30,255.816513,255.816513,251.622803,251.622803,99.564308,10190252
2006-07-03,252.461548,256.235901,249.945328,250.3647,99.066483,5869499
2006-07-04,252.461548,261.687714,251.622803,257.074646,101.721527,9405745
2006-07-05,256.655273,257.913391,252.461548,252.461548,99.896187,4623587
2006-07-06,251.622803,254.558411,249.106583,253.300293,100.228058,6462053
2006-07-07,253.300293,259.590851,252.042175,257.913391,102.053398,9143447
2006-07-10,255.816513,260.848969,254.977783,260.429596,103.049049,6559818
2006-07-11,259.590851,260.848969,254.139038,254.139038,100.559944,6778002
2006-07-12,255.816513,260.010223,252.461548,252.461548,99.896187,6917496
2006-07-13,251.20343,254.558411,250.3647,251.20343,99.398354,4769043
2006-07-14,244.912872,247.00972,241.557892,241.557892,95.581726,8424514
2006-07-17,239.880402,241.557892,229.815491,232.751099,92.096992,8046567
2006-07-18,234.009216,238.622299,234.009216,236.106064,93.424507,3539822
2006-07-19,239.041672,239.880402,233.170471,233.170471,92.262924,4418518
2006-07-20,241.557892,243.235382,239.461044,242.396637,95.91362,5802733
2006-07-21,239.041672,239.880402,237.364182,239.880402,94.917953,4445940
2006-07-24,237.783554,239.880402,234.847946,239.880402,94.917953,2465595
2006-07-25,244.074127,248.267838,244.074127,244.912872,96.909248,5825386
2006-07-26,212.045807,213.861191,208.41481,208.41481,82.467384,5457293
2006-07-27,208.41481,218.581375,208.41481,217.129089,85.915512,9358507
2006-07-28,249.945328,257.494019,248.68721,251.622803,99.564308,8593815
2006-07-31,256.655273,257.074646,249.945328,250.3647,99.066483,7111835
2006-08-01,249.106583,252.042175,244.074127,247.429092,97.904892,11045103
2006-08-02,240.803024,245.877426,238.957794,243.570877,99.442734,10944953
2006-08-03,243.109573,246.800034,239.880402,239.880402,97.93602,8900768
2006-08-04,239.880402,251.874435,239.880402,247.261353,100.949455,11479303
2006-08-07,247.261353,255.103592,245.416107,253.719666,103.586182,9608537
2006-08-08,260.177979,260.177979,255.564896,258.332733,105.469543,6346078
2006-08-09,258.332733,262.945831,256.948822,262.945831,107.352936,7540507
2006-08-10,262.023224,266.636292,262.023224,262.945831,107.352936,6892351
2006-08-11,263.868439,265.25238,260.177979,262.484528,107.164604,4834075
2006-08-14,263.868439,267.097595,262.945831,263.407135,107.541283,4103544
2006-08-15,263.868439,266.174988,262.023224,266.174988,108.67131,4474229
2006-08-16,270.788086,274.017242,269.404144,271.24939,110.743042,8682909
2006-08-17,274.478546,284.166016,273.555939,276.785095,113.003082,15294537
2006-08-18,282.320801,284.166016,277.707703,277.707703,113.379776,6503240
2006-08-21,277.707703,278.63031,261.100586,261.56192,106.787918,7587
2006-08-22,262.945831,273.094635,262.945831,270.326782,110.366371,5419
2006-08-23,269.404144,272.633301,262.945831,272.171997,111.119713,6074026
2006-08-24,270.788086,278.63031,270.326782,272.633301,111.308037,5619883
2006-08-25,275.401154,276.785095,267.558929,267.558929,109.236328,4461222
2006-08-28,267.558929,267.558929,263.407135,267.558929,109.236328,3796808
2006-08-29,271.710693,271.710693,267.558929,267.558929,109.236328,3087955
2006-08-30,271.24939,277.246399,270.326782,276.323792,112.814758,5945045
2006-08-31,281.398163,283.243408,276.785095,276.785095,113.003082,9009155
2006-09-01,279.552948,293.392181,279.552948,291.546967,119.029938,14703826
2006-09-04,282.05719,291.722717,281.617859,287.329315,117.307976,14119998
2006-09-05,302.618347,303.079681,295.237427,296.621338,121.101639,6295136
2006-09-06,295.237427,302.157043,293.392181,296.621338,121.101639,7049512
2006-09-07,294.776123,304.463593,294.776123,304.463593,124.303391,11130296
2006-09-08,290.844025,294.358734,287.768646,294.358734,120.177887,10925444
2006-09-11,309.537994,312.767151,300.773132,301.69574,123.173393,9439453
2006-09-12,301.69574,303.079681,295.237427,296.160034,120.91333,6367756
2006-09-13,302.618347,302.618347,289.701721,292.469574,119.406593,7153564
2006-09-14,295.237427,295.237427,283.704712,286.011261,116.769829,6641976
2006-09-15,285.549957,293.392181,285.549957,293.392181,119.783287,6037174
2006-09-18,298.927887,305.3862,297.082672,302.618347,123.550041,10479972
2006-09-19,300.773132,301.69574,296.160034,296.160034,120.91333,6559601
2006-09-20,296.160034,299.850525,293.392181,298.927887,122.043327,7542675
2006-09-21,302.618347,304.463593,293.853516,293.853516,119.97168,7091783
2006-09-22,293.853516,297.543976,293.392181,294.314819,120.159973,5404192
2006-09-25,293.392181,295.237427,287.395172,290.624329,118.653275,4629223
2006-09-26,292.930878,293.853516,287.856476,287.856476,117.523209,5282799
2006-09-27,292.469574,294.776123,290.163025,293.392181,119.783287,6031755
2006-09-28,294.776123,294.776123,286.011261,287.395172,117.334892,5765122
2006-09-29,288.31781,292.00827,288.31781,289.701721,118.276604,3207181
2006-10-02,290.624329,294.314819,288.31781,294.314819,120.159973,5515831
2006-10-03,293.392181,295.237427,291.546967,293.853516,119.97168,4428706
2006-10-04,295.237427,300.311829,295.237427,298.00528,121.666679,8773955
2006-10-05,304.463593,310.460602,302.157043,307.692749,125.62178,14320135
2006-10-09,293.04068,293.04068,293.04068,293.04068,119.639755,0
2006-10-11,310.921906,319.225464,309.537994,316.457611,129.200211,13608030
2006-10-12,316.457611,317.380249,308.615387,308.615387,125.998451,10472384
2006-10-13,314.612396,314.612396,305.847534,306.770142,125.245087,8032585
2006-10-16,310.921906,312.305847,307.231445,310.921906,126.940147,6930286
2006-10-17,304.463593,309.076691,296.160034,296.160034,120.91333,7048428
2006-10-18,292.469574,293.392181,284.166016,286.933868,117.146538,8809723
2006-10-19,286.011261,291.085663,283.243408,285.549957,116.581535,5222102
2006-10-20,289.701721,290.163025,287.395172,287.856476,117.523209,3307981
2006-10-23,291.546967,294.314819,287.856476,294.314819,120.159973,4081867
2006-10-24,295.237427,304.463593,295.237427,301.234436,122.985016,9772202
2006-10-25,303.540985,306.308838,299.850525,299.850525,122.420013,4821068
2006-10-26,289.965332,291.283356,289.086609,289.086609,118.025459,6538195
2006-10-27,304.463593,305.3862,300.773132,303.079681,123.73838,2279385
2006-10-30,299.850525,301.69574,298.466583,300.773132,122.796684,3280884
2006-10-31,304.463593,304.463593,297.082672,299.389191,122.231651,3893273
2006-11-01,299.850525,303.540985,299.850525,301.234436,122.985016,3466227
2006-11-02,299.389191,303.079681,297.543976,301.234436,122.985016,3180084
2006-11-03,301.234436,305.3862,301.234436,302.618347,123.550041,6798054
2006-11-06,295.237427,298.00528,293.392181,293.853516,119.97168,5402025
2006-11-07,296.160034,297.543976,295.237427,295.237427,120.536613,3685169
2006-11-08,295.237427,299.389191,293.392181,295.237427,120.536613,6256117
2006-11-09,298.466583,298.927887,290.624329,290.624329,118.653275,5033508
2006-11-10,292.469574,292.930878,288.779114,290.624329,118.653275,3497659
2006-11-13,292.930878,292.930878,284.627319,285.088654,116.393188,4214099
2006-11-14,285.088654,286.933868,283.704712,286.011261,116.769829,4838410
2006-11-15,289.701721,292.930878,289.701721,292.469574,119.406593,5046514
2006-11-16,297.082672,302.157043,296.160034,297.543976,121.478325,6560685
2006-11-17,302.157043,302.157043,298.00528,298.00528,121.666679,4573945
2006-11-20,302.618347,304.002289,299.850525,302.157043,123.361725,5720683
2006-11-21,302.157043,307.692749,300.311829,305.3862,124.680077,6271291
2006-11-22,306.308838,306.308838,301.69574,301.69574,123.173393,2349837
2006-11-23,302.618347,303.540985,298.00528,298.927887,122.043327,3324239
2006-11-24,299.850525,300.311829,295.237427,298.927887,122.043327,2747619
2006-11-27,307.231445,312.767151,303.540985,307.692749,125.62178,8242857
2006-11-28,306.308838,306.308838,301.69574,304.002289,124.115044,3400110
2006-11-29,307.231445,307.231445,299.850525,301.69574,123.173393,4764707
2006-11-30,304.002289,305.3862,300.773132,305.3862,124.680077,2925374
2006-12-01,305.3862,311.844543,305.3862,307.231445,125.433418,7033254
2006-12-04,308.615387,312.305847,303.540985,311.383209,127.128479,4750617
2006-12-05,313.689758,323.377258,312.305847,320.148071,130.706909,13161474
2006-12-06,322.915924,325.683777,318.302856,323.377258,132.025269,7872172
2006-12-07,321.993317,321.993317,312.767151,314.151062,128.25853,5282799
2006-12-08,313.689758,313.689758,307.231445,309.999298,126.563469,3032677
2006-12-11,309.076691,309.999298,305.3862,309.076691,126.186798,2308650
2006-12-12,308.154053,308.154053,295.237427,300.773132,122.796684,4885017
2006-12-13,299.389191,302.157043,289.240417,300.773132,122.796684,5850748
2006-12-14,302.157043,308.615387,297.543976,305.847534,124.868454,5953716
2006-12-15,309.076691,309.999298,306.770142,309.537994,126.37513,3882434
2006-12-18,308.154053,315.535004,308.154053,309.999298,126.563469,4646565
2006-12-19,309.999298,314.612396,305.3862,305.3862,124.680077,3634227
2006-12-20,307.692749,310.460602,306.770142,309.999298,126.563469,3451052
2006-12-21,309.076691,309.999298,304.924896,305.847534,124.868454,2257708
2006-12-22,304.924896,308.615387,304.924896,308.154053,125.81015,1631229
2006-12-25,308.154053,308.154053,305.3862,305.3862,124.680077,1546687
2006-12-26,307.231445,311.844543,307.231445,309.999298,126.563469,3096626
2006-12-27,310.921906,316.457611,308.615387,309.537994,126.37513,3831492
2006-12-28,313.689758,314.612396,310.921906,313.689758,128.07019,2931877
2006-12-29,313.689758,314.612396,309.999298,310.921906,126.940147,3354588
2007-01-02,311.844543,332.603424,311.844543,332.603424,135.792068,12744183
2007-01-03,334.909943,350.133148,334.448639,345.058746,140.877182,18152712
2007-01-04,345.981354,354.284912,345.058746,349.671814,142.760574,9593363
2007-01-05,351.517059,353.362305,343.213501,344.136139,140.500534,6591034
2007-01-08,341.368286,341.368286,331.219482,331.219482,135.227036,7234855
2007-01-09,332.14209,335.832581,330.296875,330.758179,135.038712,5153818
2007-01-10,326.606415,333.064728,322.915924,333.064728,135.980362,6104375
2007-01-11,335.832581,343.213501,321.993317,327.529022,133.720352,12409266
2007-01-12,330.296875,334.909943,326.606415,327.529022,133.720352,7382261
2007-01-15,330.758179,339.061737,326.606415,336.755188,137.487122,5455134
2007-01-16,338.600433,346.903992,338.600433,338.600433,138.240433,7872172
2007-01-17,336.755188,343.674805,333.987335,342.290894,139.747177,4478564
2007-01-18,345.058746,352.439667,341.82959,351.978363,143.702271,8454212
2007-01-19,349.671814,356.130157,348.749207,349.21051,142.57222,5616632
2007-01-22,351.055756,351.978363,348.287903,350.594452,143.137253,4696423
2007-01-23,349.671814,351.517059,343.213501,343.674805,140.312164,5894103
2007-01-24,349.671814,352.901001,347.826599,347.826599,142.007202,5681664
2007-01-25,349.671814,351.055756,342.290894,345.981354,141.253876,3665659
2007-01-26,341.368286,346.442657,339.984344,341.368286,139.370514,4914282
2007-01-29,341.368286,341.368286,331.680786,333.987335,136.357086,6410027
2007-01-30,338.600433,341.368286,333.987335,339.523041,138.617126,7529668
2007-01-31,339.523041,339.523041,326.606415,331.219482,135.227036,6256117
2007-02-01,333.987335,334.909943,325.222473,331.219482,135.227036,2938380
2007-02-02,333.987335,339.061737,332.14209,332.603424,135.792068,4926204
2007-02-05,332.603424,332.603424,328.912933,331.219482,135.227036,3305813
2007-02-06,333.987335,334.448639,330.296875,333.987335,136.357086,3701427
2007-02-07,338.600433,345.981354,336.755188,343.213501,140.12384,7494984
2007-02-08,344.136139,345.981354,339.523041,343.213501,140.12384,3485736
2007-02-09,343.213501,344.136139,335.832581,335.832581,137.110443,4315983
2007-02-12,333.064728,334.448639,324.761169,327.990326,133.908676,5985149
2007-02-13,327.990326,331.219482,325.222473,326.145081,133.155304,3109632
2007-02-14,328.45163,335.371277,327.529022,334.909943,136.73378,5982981
2007-02-26,340.445648,343.213501,338.600433,338.600433,138.240433,6195420
2007-02-27,323.794647,327.309357,321.59787,325.112701,132.733841,4596652
2007-03-01,336.755188,339.061737,328.45163,332.14209,135.603699,9612873
2007-03-02,330.296875,331.680786,325.222473,327.067719,133.531998,5315315
2007-03-05,319.225464,319.225464,300.311829,301.234436,122.985016,8647142
2007-03-06,303.540985,308.615387,300.773132,306.770142,125.245087,5692503
2007-03-07,312.767151,312.767151,306.308838,306.308838,125.056816,4822152
2007-03-08,306.770142,316.918915,306.770142,316.457611,129.200211,5997071
2007-03-09,319.225464,320.148071,312.767151,313.689758,128.07019,3199594
2007-03-12,315.535004,316.457611,311.844543,311.844543,127.316841,2631644
2007-03-13,311.844543,327.529022,311.844543,327.529022,133.720352,7901437
2007-03-14,319.225464,324.761169,319.225464,321.993317,131.460266,5482231
2007-03-15,327.529022,335.832581,327.067719,332.14209,135.603699,6212762
2007-03-16,335.371277,337.677795,327.529022,327.529022,133.720352,4226022
2007-03-19,330.296875,331.219482,325.683777,326.606415,133.343658,1505500
2007-03-20,329.374268,332.14209,325.222473,326.145081,133.155304,2816987
2007-03-21,329.374268,335.371277,326.606415,333.987335,136.357086,3205013
2007-03-22,344.136139,348.749207,341.368286,344.136139,140.500534,11241935
2007-03-23,344.136139,346.903992,339.523041,346.442657,141.442215,5016166
2007-03-26,346.442657,346.903992,342.290894,344.597443,140.688828,3609298
2007-03-27,345.981354,352.439667,345.981354,345.981354,141.253876,6997486
2007-03-28,345.981354,348.749207,337.677795,337.677795,137.863754,4591287
2007-03-29,333.526031,347.826599,333.526031,345.981354,141.253876,4823236
2007-03-30,348.749207,352.439667,344.597443,350.594452,143.137253,4860088
2007-04-02,354.746216,355.20752,346.903992,346.903992,141.630539,3326407
2007-04-03,346.903992,356.130157,346.442657,356.130157,145.397324,6141226
2007-04-04,357.052765,359.359314,353.362305,355.20752,145.020615,4895856
2007-04-09,355.20752,357.975372,352.439667,357.514069,145.962326,3171413
2007-04-10,359.820618,361.665863,356.130157,361.665863,147.657394,2754122
2007-04-11,364.433685,364.433685,358.89801,363.049774,148.222412,4568526
2007-04-12,360.743225,369.046783,359.820618,366.740234,149.72908,5415031
2007-04-13,367.201538,368.124176,358.89801,358.89801,146.527313,2753038
2007-04-16,364.433685,370.892029,358.436676,359.820618,146.904053,5411779
2007-04-17,359.820618,362.58847,348.749207,354.284912,144.643936,4880682
2007-04-18,354.284912,363.049774,352.439667,361.665863,147.657394,3273297
2007-04-19,359.820618,361.665863,352.439667,352.439667,143.890625,4466642
2007-04-20,355.20752,358.89801,354.284912,357.975372,146.150681,1799229
2007-04-23,363.972382,370.892029,360.743225,369.046783,150.670807,6114129
2007-04-24,369.046783,379.195557,367.201538,377.350342,154.060898,6539008
2007-04-25,376.427704,381.502106,375.043793,377.811646,154.249222,4507829
2007-04-26,382.886047,382.886047,374.582489,374.582489,152.930893,3246200
2007-04-27,375.505096,380.118195,374.121185,374.582489,152.930893,3358923
2007-04-30,374.582489,385.6539,374.582489,385.6539,157.450989,7739940
2007-05-02,386.576508,398.570526,381.963409,397.647919,162.347794,7258700
2007-05-03,400.415771,401.338379,388.883057,398.109222,162.536087,6161820
2007-05-04,408.719299,425.78772,408.719299,425.326416,173.648056,11800129
2007-05-07,431.784729,442.85614,429.016876,433.629974,177.038223,7313977
2007-05-08,424.865112,437.781738,424.865112,436.397827,178.168213,3909531
2007-05-09,436.397827,437.320435,417.945496,420.713318,171.764694,7186080
2007-05-10,424.403809,435.47522,424.403809,433.629974,177.038223,5439960
2007-05-11,431.784729,438.243042,427.632965,435.47522,177.791565,3525840
2007-05-14,438.704376,461.308472,435.013885,460.847168,188.150146,9926112
2007-05-15,456.695404,458.079315,440.088287,443.317444,180.993286,6816479
2007-05-16,443.317444,446.5466,430.862122,434.091278,177.226532,7875424
2007-05-17,436.859131,444.701385,429.939514,429.939514,175.531525,6251781
2007-05-18,436.397827,438.243042,432.707367,435.013885,177.60321,6726518
2007-05-21,438.243042,445.623993,438.243042,438.243042,178.921585,6236607
2007-05-22,445.162689,456.695404,441.010895,454.850159,185.701752,7281461
2007-05-23,459.924561,464.998932,447.469238,448.391846,183.065048,6850080
2007-05-24,458.540619,479.760834,455.772766,477.915588,195.118668,14584600
2007-05-25,473.30249,488.987,468.689423,486.219147,198.508804,8065102
2007-05-28,488.987,490.832214,470.534637,472.379883,192.858612,6209510
2007-05-29,476.992981,487.141754,470.534637,477.915588,195.118668,7066854
2007-05-30,477.915588,484.373901,475.147736,478.838196,195.495392,4720268
2007-05-31,484.373901,490.832214,478.838196,482.528656,197.00206,6988815
2007-06-01,485.296509,494.522705,484.373901,489.909607,200.015503,8449877
2007-06-04,493.600067,498.213165,489.909607,493.600067,201.522156,5844245
2007-06-05,491.754852,491.754852,477.915588,479.760834,195.872055,9629131
2007-06-06,484.373901,489.909607,469.61203,477.915588,195.118668,7694417
2007-06-07,477.915588,485.296509,472.379883,484.373901,197.755402,8565851
2007-06-08,475.147736,481.606049,475.147736,477.915588,195.118668,5472476
2007-06-11,482.528656,484.373901,477.915588,480.683441,196.248749,5854000
2007-06-12,479.760834,480.683441,462.23111,465.92157,190.221878,9021078
2007-06-13,463.153717,470.534637,448.853149,452.082306,184.571762,9099117
2007-06-14,459.463257,472.379883,459.463257,466.844177,190.598587,10933031
2007-06-15,470.534637,487.141754,469.61203,484.373901,197.755402,11426193
2007-06-20,484.373901,484.373901,459.924561,473.30249,193.235336,17431936
2007-06-21,467.766785,467.766785,453.927551,457.156708,186.643463,17486129
2007-06-22,453.004913,466.844177,450.237091,465.92157,190.221878,7622881
2007-06-25,441.977448,455.157654,441.977448,449.885559,183.67485,10488426
2007-06-26,476.992981,477.915588,467.766785,469.61203,191.728592,4474229
2007-06-27,469.61203,472.379883,460.385864,465.92157,190.221878,4170744
2007-06-28,472.379883,474.225128,464.998932,466.844177,190.598587,4017918
2007-06-29,472.379883,479.760834,466.844177,472.379883,192.858612,8151811
2007-07-02,475.147736,476.070343,470.534637,473.30249,193.235336,2928625
2007-07-03,478.838196,488.987,476.992981,476.992981,194.742065,6145562
2007-07-04,481.606049,510.207184,481.606049,506.516724,206.795654,12895925
2007-07-05,512.052429,539.730896,512.052429,531.427368,216.965973,11644052
2007-07-06,536.040466,548.957092,523.12384,546.18927,222.992783,10883173
2007-07-09,551.724915,573.867737,547.111877,573.867737,234.293076,7996818
2007-07-10,548.298096,550.055481,532.481812,541.268677,220.983856,6543885
2007-07-11,562.796326,566.486816,550.802307,551.724915,225.252853,7476558
2007-07-12,553.57019,560.951111,531.427368,531.427368,216.965973,11852155
2007-07-13,540.653564,549.8797,535.117859,543.421387,221.862717,8216844
2007-07-16,542.498779,542.498779,521.278564,522.201172,213.199158,6604040
2007-07-17,523.12384,539.730896,512.975037,539.730896,220.356049,6026336
2007-07-18,539.730896,552.647583,530.504761,530.504761,216.589264,5929871
2007-07-19,536.040466,552.647583,536.040466,552.647583,225.629517,5785716
2007-07-20,556.338013,567.409424,556.338013,565.564209,230.902969,4599958
2007-07-23,564.641602,577.558228,558.183289,571.099915,233.163071,5534257
2007-07-24,573.867737,579.403442,558.183289,579.403442,236.553207,10840901
2007-07-25,576.404968,590.936157,566.717468,580.279907,242.425644,10269958
2007-07-26,590.936157,600.623657,563.811218,564.779968,235.950195,7671759
2007-07-27,547.342529,557.998718,541.530029,541.530029,226.236984,8240534
2007-07-30,533.780029,554.123718,532.811279,537.655029,224.618134,7909179
2007-07-31,552.186279,574.467468,544.436279,574.467468,239.997406,10359765
2007-08-01,579.311218,595.779907,551.217529,551.217529,230.284103,11876155
2007-08-02,588.029907,588.029907,552.186279,571.561218,238.783234,10256539
2007-08-03,595.779907,598.686157,574.467468,581.248657,242.830429,14316419
2007-08-06,557.998718,565.748718,555.092468,557.029968,232.712463,5809561
2007-08-07,565.748718,567.686218,529.905029,532.811279,222.594543,11490090
2007-08-08,538.623779,569.623718,538.623779,561.873718,234.736053,9252149
2007-08-09,561.873718,562.842468,542.498779,555.092468,231.903,11073057
2007-08-10,523.12384,539.592529,523.12384,530.873779,221.785095,8481051
2007-08-13,532.811279,538.623779,513.43634,513.43634,214.500122,6942983
2007-08-14,513.43634,513.43634,489.217651,495.998871,207.215271,7486984
2007-08-15,485.342651,490.186401,462.092712,470.811432,196.692596,13636159
2007-08-16,462.092712,481.467651,460.155212,472.748932,197.50206,15654228
2007-08-17,484.373901,492.123871,477.592682,483.405151,201.953934,15634616
2007-08-20,515.37384,515.37384,491.155151,491.155151,205.191696,14048031
2007-08-21,491.155151,495.030121,467.905182,472.264557,197.299713,8567761
2007-08-22,474.686432,489.217651,474.686432,489.217651,204.382248,7362081
2007-08-23,508.59259,522.15509,505.68634,513.43634,214.500122,8865052
2007-08-24,518.28009,522.15509,508.59259,509.56134,212.881302,7852404
2007-08-27,528.936279,528.936279,510.53009,513.43634,214.500122,8100147
2007-08-28,512.46759,525.06134,512.46759,523.12384,218.547348,5882852
2007-08-29,510.53009,521.18634,510.53009,521.18634,217.7379,5882852
2007-08-30,529.905029,546.373779,522.15509,541.530029,226.236984,8256018
2007-08-31,547.342529,552.186279,538.623779,542.498779,226.641693,9831248
2007-09-03,545.405029,554.123718,538.623779,538.623779,225.022827,5625819
2007-09-04,544.436279,556.061218,542.498779,546.373779,228.260559,8124921
2007-09-05,556.061218,569.623718,554.123718,557.998718,233.117172,10766475
2007-09-06,560.904968,581.248657,553.154968,581.248657,242.830429,9511247
2007-09-07,582.217407,585.123657,568.654968,571.561218,238.783234,7296016
2007-09-10,573.498718,591.904907,571.561218,581.248657,242.830429,11280541
2007-09-11,599.654907,604.498657,578.342468,581.248657,242.830429,13110739
2007-09-12,589.967407,589.967407,571.561218,571.561218,238.783234,7772920
2007-09-13,579.311218,579.311218,566.717468,572.529968,239.187927,6426853
2007-09-14,576.404968,584.154907,576.404968,577.373718,241.211517,7421952
2007-09-17,580.279907,581.248657,549.280029,552.186279,230.688873,7727501
2007-09-18,552.186279,552.186279,552.186279,552.186279,230.688873,0
2007-09-19,568.654968,568.654968,537.655029,542.498779,226.641693,11901962
2007-09-20,552.186279,560.904968,532.811279,535.717529,223.808655,9699118
2007-09-21,539.592529,557.029968,538.623779,555.092468,231.903,6532143
2007-09-26,554.123718,563.811218,547.342529,561.873718,234.736053,6455756
2007-09-27,571.561218,578.342468,566.717468,569.623718,237.97377,6773692
2007-09-28,574.467468,576.404968,568.654968,569.623718,237.97377,5032269
2007-10-01,581.248657,588.029907,571.561218,572.529968,239.187927,4839236
2007-10-02,581.248657,595.779907,578.342468,590.936157,246.877625,11861704
2007-10-03,597.717407,605.467407,593.842407,600.623657,250.924728,12623512
2007-10-04,595.779907,599.654907,585.123657,585.123657,244.449295,7898856
2007-10-05,588.998657,595.779907,562.842468,562.842468,235.140762,12427382
2007-10-08,568.654968,575.436218,566.717468,571.561218,238.783234,6522853
2007-10-09,576.404968,576.404968,557.029968,575.436218,240.402145,6078981
2007-10-11,575.436218,588.029907,573.498718,580.279907,242.425644,9451376
2007-10-12,571.561218,574.467468,552.186279,552.186279,230.688873,8451115
2007-10-15,557.029968,559.936218,545.405029,556.061218,232.307709,4243622
2007-10-16,570.592468,586.092407,562.842468,584.154907,244.04451,12732932
2007-10-17,586.092407,600.623657,584.154907,592.873657,247.686966,13099384
2007-10-18,600.623657,603.529907,592.873657,592.873657,247.686966,6822208
2007-10-19,595.779907,601.592407,585.123657,588.029907,245.663422,7001822
2007-10-22,562.842468,574.467468,562.842468,571.561218,238.783234,7253693
2007-10-23,581.248657,605.467407,579.311218,600.623657,250.924728,13325449
2007-10-24,610.311096,634.529785,592.873657,592.873657,247.686966,18415525
2007-10-25,608.373596,619.998596,598.686157,619.998596,259.019104,11276412
2007-10-26,628.717346,628.717346,608.373596,618.061096,258.209656,9322343
2007-10-29,626.779846,628.717346,618.061096,618.061096,258.209656,6180143
2007-10-30,627.748596,635.498535,619.998596,619.998596,259.019104,7655243
2007-10-31,630.654846,630.654846,603.529907,613.217346,256.186096,10104797
2007-11-01,619.998596,626.779846,611.279846,617.092346,257.804871,8254986
2007-11-02,574.467468,574.467468,574.467468,574.467468,239.997406,2894458
2007-11-05,534.748779,534.748779,534.748779,534.748779,223.403976,3638717
2007-11-06,497.936371,519.24884,497.936371,505.68634,211.262405,48500754
2007-11-07,506.65509,513.43634,490.186401,504.717621,210.857742,24729862
2007-11-08,494.061371,499.873871,485.342651,491.155151,205.191696,17838491
2007-11-09,494.061371,500.842621,480.498901,484.373901,202.358627,18994623
2007-11-12,473.717682,487.280151,472.748932,485.342651,202.763351,13735256
2007-11-13,485.342651,495.030121,484.373901,485.342651,202.763351,9282085
2007-11-14,503.748871,513.43634,496.967621,510.53009,213.286041,12560544
2007-11-15,506.65509,507.62384,492.123871,492.123871,205.596329,10126474
2007-11-16,479.530151,487.280151,479.530151,484.373901,202.358627,9572150
2007-11-19,487.280151,492.123871,480.498901,480.498901,200.739792,4561558
2007-11-20,472.748932,484.373901,461.123962,484.373901,202.358627,12040285
2007-11-21,479.530151,479.530151,460.155212,460.155212,192.240738,14349451
2007-11-22,455.311462,458.217712,435.936523,436.905273,182.527542,21968565
2007-11-23,438.842743,443.686493,422.374054,423.342804,176.861465,14525968
2007-11-26,433.030273,443.686493,423.342804,437.874023,182.932251,16762876
2007-11-27,408.811584,431.092773,408.811584,427.702148,178.682693,13289320
2007-11-28,429.155273,437.874023,417.530304,417.530304,174.433151,8990988
2007-11-29,411.717804,415.108429,390.405365,392.342865,163.910522,38139957
2007-11-30,396.217865,411.233429,394.280365,406.874084,169.981262,20623530
2007-12-03,413.655304,419.952179,409.780334,412.686554,172.409546,10470217
2007-12-04,412.686554,418.499054,411.233429,416.561554,174.028412,7440532
2007-12-05,411.717804,429.639648,411.717804,426.249023,178.075592,10801572
2007-12-06,433.030273,433.030273,411.717804,414.139679,173.016693,9930345
2007-12-07,418.014679,421.405304,411.717804,415.108429,173.421341,8024792
2007-12-10,413.655304,415.108429,408.811584,411.233429,171.80249,6090336
2007-12-11,407.358459,409.780334,393.311615,399.124084,166.7435,11246477
2007-12-12,388.467865,395.249115,379.749146,382.655396,159.863358,13069448
2007-12-13,377.811646,389.436615,372.967896,372.967896,155.816162,16849586
2007-12-14,380.717896,381.686646,348.749207,358.921051,149.947784,22585857
2007-12-17,360.374176,366.671051,358.436676,358.436676,149.745377,12642093
2007-12-18,360.374176,375.874146,346.811707,368.124176,153.792618,15871003
2007-12-19,377.811646,393.79599,374.905396,390.405365,163.101074,13912805
2007-12-20,392.342865,393.311615,375.874146,378.780396,158.244492,8766987
2007-12-21,386.530365,395.249115,379.749146,391.374115,163.505798,7802856
2007-12-24,408.811584,416.561554,406.874084,414.624054,173.21904,8680277
2007-12-25,413.655304,415.592804,407.842834,409.780334,171.195419,5015753
2007-12-26,381.202271,381.202271,381.202271,381.202271,159.256256,2486715
2007-12-27,381.202271,395.249115,381.202271,387.98349,162.089264,14871775
2007-12-28,387.98349,399.124084,375.874146,389.92099,162.898727,15677970
2007-12-31,391.85849,407.842834,387.01474,407.842834,170.386032,12163124
2008-01-02,407.842834,415.592804,397.186615,397.186615,165.934128,13483385
2008-01-03,379.264771,384.592865,374.905396,377.811646,157.839737,15271260
2008-01-04,372.483521,376.842896,352.139832,355.530457,148.531235,21960307
2008-01-07,333.249237,335.186737,330.827362,330.827362,138.210983,15401325
2008-01-08,317.749268,324.530518,310.483673,313.389923,130.926025,25242895
2008-01-09,309.999298,327.921143,309.999298,326.952393,136.592102,17927266
2008-01-10,332.280487,346.327332,331.311737,332.280487,138.818039,17810620
2008-01-11,341.967987,344.389832,335.186737,337.124237,140.841614,9960280
2008-01-14,344.874207,346.811707,320.655518,324.046143,135.37793,14884162
2008-01-15,325.014893,339.546112,321.624268,326.468018,136.389725,12834093
2008-01-16,316.780548,323.561768,310.968048,310.968048,129.914246,15201066
2008-01-17,321.624268,323.561768,311.936798,313.874298,131.128418,13212933
2008-01-18,309.999298,315.811798,302.249329,315.811798,131.937851,14937840
2008-01-21,314.843048,326.952393,313.874298,318.718018,133.151978,13169578
2008-01-22,296.436829,303.702423,296.436829,296.436829,123.843483,12455253
2008-01-23,302.249329,305.155548,283.843109,284.811859,118.986885,16780425
2008-01-24,292.561829,298.374329,282.389984,286.749359,119.796318,14569323
2008-01-25,302.249329,306.608673,302.249329,306.608673,128.093048,4855752
2008-01-28,326.952393,327.921143,317.264893,323.561768,135.175598,24143538
2008-01-29,328.889893,328.889893,318.718018,325.499268,135.985046,9201569
2008-01-30,321.624268,329.374268,318.233643,326.468018,136.389725,9760022
2008-01-31,303.702423,303.702423,303.702423,303.702423,126.878876,3369297
2008-02-01,282.874359,293.046204,282.874359,286.749359,119.796318,28705097
2008-02-12,280.936859,280.936859,266.890015,266.890015,111.499611,21274886
2008-02-13,276.09314,281.421234,272.21814,276.09314,115.344437,12114608
2008-02-14,294.983704,294.983704,294.983704,294.983704,123.236427,4226074
2008-02-15,302.733704,315.327423,301.280579,315.327423,131.735474,20397465
2008-02-18,321.624268,327.436768,320.655518,325.499268,135.985046,16937328
2008-02-19,328.405518,328.889893,318.718018,323.561768,135.175598,8774213
2008-02-20,321.139893,326.468018,318.718018,318.718018,133.151978,9378085
2008-02-21,322.593018,334.217987,322.593018,334.217987,139.627472,11979381
2008-02-22,330.342987,333.733612,327.921143,333.733612,139.42511,7388919
2008-02-25,339.061737,343.421112,330.342987,330.342987,138.008606,10076926
2008-02-26,337.124237,337.608612,332.280487,334.217987,139.627472,9282085
2008-02-27,339.061737,349.233582,338.092987,344.874207,144.079346,14708678
2008-02-29,340.030487,347.296082,340.030487,344.874207,144.079346,7034854
2008-03-03,333.249237,336.155487,321.624268,328.889893,137.401535,8392277
2008-03-04,334.217987,346.811707,331.796112,346.811707,144.888794,8234341
2008-03-05,350.686707,356.499207,339.061737,341.967987,142.865219,12508931
2008-03-06,346.811707,364.733551,345.842957,364.249176,152.173706,13588675
2008-03-07,360.374176,373.936646,358.436676,366.186676,152.983185,14525968
2008-03-10,363.280426,370.061676,356.499207,356.499207,148.935974,12269447
2008-03-11,348.749207,367.639801,348.749207,367.155426,153.387878,10954347
2008-03-12,382.655396,382.655396,368.124176,368.124176,153.792618,11454993
2008-03-13,369.092926,376.842896,356.499207,356.983582,149.138351,10442346
2008-03-14,362.311676,364.249176,356.983582,357.467926,149.340668,7481823
2008-03-17,348.749207,349.233582,337.124237,339.061737,141.651077,11278477
2008-03-18,340.999237,346.811707,339.061737,346.811707,144.888794,7721307
2008-03-19,354.561707,365.217926,354.077332,362.311676,151.364304,9423505
2008-03-20,366.186676,368.124176,353.592957,367.155426,153.387878,12079511
2008-03-21,373.936646,384.592865,371.514771,384.592865,160.672791,15779132
2008-03-24,411.233429,411.233429,390.405365,394.280365,164.719986,15227905
2008-03-25,398.155334,404.936584,396.70224,397.186615,165.934128,10309184
2008-03-26,397.186615,401.061584,382.655396,382.655396,159.863358,11586090
2008-03-27,383.624146,391.85849,381.686646,389.436615,162.696335,8410857
2008-03-28,387.499115,395.249115,385.561615,391.374115,163.505798,10540410
2008-03-31,391.374115,393.79599,386.04599,387.499115,161.886963,7266080
2008-04-01,392.342865,400.092834,387.499115,387.499115,161.886963,8096018
2008-04-02,397.186615,404.936584,392.342865,403.967834,168.76712,13937579
2008-04-03,402.030334,404.936584,397.67099,400.092834,167.148254,7217564
2008-04-07,392.342865,394.76474,384.10849,389.92099,162.898727,13313062
2008-04-08,382.655396,394.76474,382.171021,394.76474,164.922363,10189442
2008-04-09,396.217865,397.186615,388.467865,393.311615,164.315262,5764142
2008-04-10,394.280365,400.092834,393.311615,399.124084,166.7435,4434590
2008-04-11,404.936584,410.264709,402.030334,402.030334,167.957718,11452929
2008-04-14,402.999084,409.780334,402.030334,402.999084,168.362427,6777821
2008-04-15,411.717804,430.608398,410.749084,419.952179,175.444962,16330359
2008-04-16,424.311554,428.186523,406.874084,407.358459,170.183609,17091135
2008-04-17,411.717804,415.592804,379.264771,382.655396,159.863358,33692979
2008-04-18,361.342926,370.061676,358.436676,360.374176,150.55484,29611421
2008-04-21,365.217926,374.905396,365.217926,374.905396,156.62561,15450873
2008-04-22,376.842896,382.655396,371.514771,378.780396,158.244492,10762346
2008-04-23,382.655396,391.374115,378.780396,384.592865,160.672791,11921575
2008-04-24,387.499115,390.405365,377.811646,377.811646,157.839737,9569053
2008-04-25,382.655396,383.624146,378.780396,378.780396,158.244492,5940658
2008-04-28,378.780396,386.04599,373.936646,385.561615,161.077484,9732151
2008-04-29,385.561615,392.82724,384.592865,387.499115,161.886963,11560284
2008-04-30,389.436615,392.342865,381.686646,382.655396,159.863358,7395113
2008-05-02,399.124084,404.936584,398.155334,404.452209,168.969528,17187135
2008-05-05,405.420959,406.389709,396.217865,399.124084,166.7435,9393569
2008-05-06,399.124084,401.545959,394.280365,399.124084,166.7435,5940658
2008-05-07,402.514709,410.264709,402.514709,403.483459,168.564789,11716155
2008-05-08,400.092834,407.842834,400.092834,401.545959,167.755341,7664533
2008-05-09,402.030334,404.452209,388.467865,388.467865,162.291626,8587374
2008-05-12,389.436615,391.374115,381.202271,385.561615,161.077484,7254726
2008-05-13,387.499115,401.545959,387.499115,397.186615,165.934128,8685439
2008-05-14,401.061584,403.967834,394.280365,394.280365,164.719986,7426081
2008-05-15,396.70224,400.577209,394.280365,400.092834,167.148254,7299113
2008-05-16,404.936584,409.780334,402.030334,403.967834,168.76712,11004928
2008-05-19,405.905334,406.874084,401.545959,404.936584,169.171844,4529558
2008-05-20,406.874084,412.686554,397.186615,397.186615,165.934128,11980414
2008-05-21,395.249115,400.577209,394.280365,395.249115,165.124695,6234852
2008-05-22,387.499115,391.85849,386.530365,389.92099,162.898727,7177306
2008-05-23,383.624146,387.01474,368.124176,368.124176,153.792618,14525968
2008-05-26,361.342926,367.155426,352.624207,356.983582,149.138351,11304283
2008-05-27,361.342926,371.030396,360.374176,371.030396,155.006729,6222465
2008-05-28,369.092926,370.061676,363.280426,363.764801,151.971359,5742464
2008-05-29,370.061676,371.514771,364.733551,368.124176,153.792618,4091880
2008-05-30,370.061676,371.999146,354.561707,368.124176,153.792618,9859119
2008-06-02,363.764801,364.733551,350.686707,356.499207,148.935974,11779123
2008-06-03,348.749207,352.624207,346.811707,349.717957,146.102951,7753307
2008-06-04,349.717957,356.014832,348.749207,353.592957,147.721817,7397178
2008-06-05,353.592957,358.436676,348.749207,358.436676,149.745377,6827370
2008-06-06,361.342926,367.155426,360.858551,361.342926,150.959579,7691372
2008-06-09,351.655457,359.405426,349.717957,358.436676,149.745377,5022979
2008-06-10,355.530457,360.858551,348.749207,348.749207,145.698257,7353823
2008-06-11,348.749207,351.655457,340.030487,341.483612,142.662842,8225050
2008-06-12,334.217987,335.186737,317.749268,318.718018,133.151978,16223004
2008-06-13,327.436768,327.436768,315.811798,315.811798,131.937851,7504533
2008-06-16,319.686768,323.561768,303.218048,310.968048,129.914246,8199244
2008-06-17,314.843048,328.405518,306.124298,328.405518,137.199188,7407500
2008-06-18,326.468018,335.186737,324.530518,330.342987,138.008606,7895759
2008-06-19,322.593018,326.468018,320.655518,320.655518,133.961441,6637434
2008-06-20,324.530518,333.249237,322.593018,323.077393,134.973221,7883372
2008-06-23,314.843048,325.499268,310.483673,325.014893,135.782669,7097822
2008-06-24,325.499268,328.405518,309.030548,309.030548,129.104828,7341435
2008-06-25,310.968048,322.593018,306.124298,322.593018,134.770859,8592535
2008-06-26,324.530518,339.061737,324.530518,334.702362,139.829819,13033319
2008-06-27,325.014893,337.608612,322.593018,335.671112,140.234573,16591521
2008-06-30,339.061737,342.936737,327.436768,339.061737,141.651077,9408021
2008-07-01,337.608612,339.061737,327.436768,327.436768,136.794464,7250597
2008-07-02,322.593018,332.280487,311.936798,311.936798,130.319,12948674
2008-07-03,303.218048,325.014893,302.249329,320.171143,133.759079,10722088
2008-07-04,323.077393,323.077393,309.999298,312.905548,130.723679,9181956
2008-07-07,306.124298,311.936798,302.249329,308.546173,128.902435,9548408
2008-07-08,303.702423,304.671173,287.233734,287.718109,120.201073,13295513
2008-07-09,290.624329,302.733704,290.624329,294.499329,123.034096,9664021
2008-07-10,294.499329,297.405579,290.624329,292.077454,122.022255,7833824
2008-07-11,291.593079,299.827454,291.108704,297.405579,124.248222,6050078
2008-07-14,293.530579,305.155548,292.561829,297.405579,124.248222,10206990
2008-07-15,292.561829,294.983704,278.999359,278.999359,116.558586,15496293
2008-07-16,265.645172,272.983429,259.285339,263.199097,117.64193,20743323
2008-07-17,279.832489,281.30014,272.983429,281.30014,125.732521,11869972
2008-07-18,292.552155,300.868835,290.106049,297.444336,132.948456,21738790
2008-07-21,306.250244,317.991455,305.27182,316.523804,141.47641,14398499
2008-07-22,313.099304,320.926758,309.185547,317.991455,142.13237,10179518
2008-07-23,322.883636,324.840515,312.610077,318.96991,142.569763,11721776
2008-07-24,318.96991,325.818939,313.588501,319.948334,143.00705,10013947
2008-07-25,314.077728,317.502258,309.185547,317.502258,141.913757,8280568
2008-07-28,318.137238,318.137238,318.137238,318.137238,142.197556,0
2008-07-29,309.185547,313.099304,308.207123,313.099304,139.945816,7767504
2008-07-30,317.013031,317.013031,309.185547,311.631653,139.28978,12207245
2008-07-31,314.077728,319.948334,309.185547,313.099304,139.945816,12536342
2008-08-01,309.674774,317.991455,304.293365,317.991455,142.13237,7788966
2008-08-04,317.991455,319.948334,313.099304,315.54538,141.039093,4345714
2008-08-05,319.948334,321.415985,314.077728,319.948334,143.00705,10424808
2008-08-06,329.732697,339.517029,327.775818,339.517029,151.753677,13014657
2008-08-07,339.705872,344.117645,336.274506,341.176453,152.495377,12896816
2008-08-08,340.495483,359.574982,338.049377,352.236694,157.43895,15647432
2008-08-11,360.064178,364.467133,355.661224,362.021057,161.812271,15337754
2008-08-12,364.467133,371.80542,358.1073,366.913239,163.998947,15038296
2008-08-13,364.95636,365.445587,354.193573,360.553406,161.156281,12075402
2008-08-14,357.128876,360.064178,353.215149,357.128876,159.625626,6651436
2008-08-15,359.085754,363.977936,348.322968,348.322968,155.689667,8956136
2008-08-18,350.279846,356.150452,344.40921,344.40921,153.940323,8055719
2008-08-19,337.560181,348.322968,337.560181,346.366089,154.815018,7898325
2008-08-20,346.366089,354.193573,338.049377,353.704346,158.094925,7401613
2008-08-21,352.236694,354.6828,346.366089,346.366089,154.815018,5249197
2008-08-22,348.812164,353.215149,343.430786,350.279846,156.564285,7793055
2008-08-25,357.128876,357.618103,352.236694,357.128876,159.625626,6533901
2008-08-26,351.25827,357.128876,351.25827,353.704346,158.094925,4613488
2008-08-27,355.171997,369.848541,355.171997,369.848541,165.310913,14649921
2008-08-28,367.891663,369.848541,361.042633,362.999481,162.249588,9225955
2008-08-29,366.424011,369.848541,357.128876,358.596527,160.281601,7833936
2008-09-01,355.171997,356.639648,339.517029,344.40921,153.940323,10113085
2008-09-02,346.366089,350.769043,335.603302,342.941559,153.284348,11451958
2008-09-03,332.667999,336.581726,327.286591,332.667999,148.692368,15005591
2008-09-04,332.667999,337.560181,329.732697,332.667999,148.692368,8771147
2008-09-05,326.797394,347.344513,319.948334,333.646423,149.129684,27262917
2008-09-08,350.279846,356.150452,344.40921,354.193573,158.31366,14095975
2008-09-09,346.366089,348.322968,332.667999,337.560181,150.879013,13233373
2008-09-10,337.560181,343.430786,336.581726,342.452362,153.065689,13190448
2008-09-11,337.560181,340.495483,328.265045,328.265045,146.724365,12943114
2008-09-12,332.667999,335.603302,315.056152,326.797394,146.068359,14284031
2008-09-15,317.991455,326.797394,314.566956,314.566956,140.601761,8424675
2008-09-16,307.228668,315.056152,303.314941,308.69632,137.977753,13562470
2008-09-17,320.926758,328.754242,313.099304,316.034607,141.257751,8150769
2008-09-18,303.804169,318.480682,301.358063,318.480682,142.351074,12932894
2008-09-19,334.624878,340.495483,331.200348,340.495483,152.19101,16211598
2008-09-22,348.322968,348.322968,337.560181,340.495483,152.19101,8845756
2008-09-23,340.495483,343.430786,340.006256,342.941559,153.284348,9316916
2008-09-24,342.941559,346.366089,340.495483,340.495483,152.19101,9554029
2008-09-25,336.581726,343.430786,336.092529,342.941559,153.284348,5660057
2008-09-26,344.40921,344.40921,330.711121,330.711121,147.817749,9876994
2008-09-29,331.372528,331.372528,331.372528,331.372528,148.113312,0
2008-09-30,307.717896,318.96991,307.717896,317.991455,142.13237,8454314
2008-10-01,326.797394,326.797394,316.034607,317.991455,142.13237,3919523
2008-10-02,296.465881,319.459106,295.976685,303.314941,135.572433,11292519
2008-10-03,324.351288,324.351288,282.767792,312.610077,139.727112,9649079
2008-10-06,291.084503,301.358063,291.084503,291.084503,130.105804,7827804
2008-10-07,311.142426,311.142426,279.343262,292.552155,130.761841,6275325
2008-10-08,272.494232,288.1492,272.494232,272.983429,122.01519,7088869
2008-10-09,292.062927,292.062927,270.048126,275.918762,123.327225,7099089
2008-10-13,266.623627,275.918762,266.623627,270.537354,120.921867,8036300
2008-10-14,289.127625,289.127625,289.127625,289.127625,129.23114,4678899
2008-10-15,309.185547,309.185547,285.703094,299.401184,133.82312,7710269
2008-10-16,319.948334,319.948334,289.127625,289.127625,129.23114,7941250
2008-10-17,309.185547,309.185547,288.638397,289.127625,129.23114,5573184
2008-10-20,309.185547,309.185547,280.321716,297.933533,133.16716,6340736
2008-10-21,318.480682,318.480682,299.890411,300.868835,134.479111,8587180
2008-10-22,321.905212,321.905212,295.487457,298.42276,133.385803,4770882
2008-10-23,288.1492,293.530579,288.1492,293.530579,131.199158,6669833
2008-10-24,314.077728,314.077728,283.257019,283.257019,126.607193,5310519
2008-10-27,302.825714,302.825714,263.688324,263.688324,117.860565,7183919
2008-10-28,281.789368,281.789368,245.58725,269.069702,120.2659,11495905
2008-10-29,287.659973,287.659973,269.069702,272.005005,121.577866,13964132
2008-10-30,253.414734,290.106049,253.414734,288.638397,129.012482,12889968
2008-10-31,268.580475,296.465881,268.580475,289.616852,129.449844,11721776
2008-11-03,269.558929,291.5737,269.558929,289.616852,129.449844,9497817
2008-11-04,309.674774,309.674774,280.810913,282.767792,126.388496,6125085
2008-11-05,302.336517,302.336517,271.026581,273.961884,122.452515,11862818
2008-11-06,254.882385,260.263794,254.882385,254.882385,113.924591,8333714
2008-11-07,272.494232,272.494232,237.270554,243.630386,108.895294,16092019
2008-11-10,226.996979,250.479431,226.996979,245.098038,109.551262,7403657
2008-11-11,227.975418,242.651947,227.975418,231.88916,103.647331,8739464
2008-11-12,215.74498,237.270554,215.74498,232.867599,104.084671,7936140
2008-11-13,249.01178,249.01178,216.723419,216.723419,96.868698,9722666
2008-11-14,201.557663,223.572464,201.557663,216.234192,96.650032,7164500
2008-11-17,230.910721,230.910721,201.557663,213.788116,95.556702,5784746
2008-11-18,228.464645,228.464645,199.111588,199.111588,88.996742,7642815120
2008-11-19,185.413483,200.579239,185.413483,198.62236,88.778091,9511104240
2008-11-20,184.924271,191.773315,184.924271,184.924271,82.655457,7369930440
2008-11-21,197.643921,197.643921,176.118347,196.665497,87.903412,9632727000
2008-11-24,182.967392,192.751755,182.967392,187.370361,83.748779,7998485
2008-11-25,200.090012,200.090012,192.262527,200.090012,89.434082,8268303
2008-11-26,213.788116,213.788116,199.6008,205.960632,92.05806,8895836
2008-11-27,220.147934,220.147934,210.363586,217.701859,97.30603,8630105760
2008-11-28,217.701859,220.147934,215.255768,217.212631,97.087357,4403970
2008-12-01,232.378387,232.378387,215.255768,219.658722,98.180695,8887659
2008-12-02,234.824463,234.824463,204.492981,204.492981,91.402077,10300119
2008-12-03,218.680283,218.680283,190.305664,190.305664,85.060776,13968220
2008-12-04,203.514542,203.514542,190.794876,190.794876,85.279434,8683251840
2008-12-05,204.003754,204.003754,177.585999,177.585999,79.375481,6877307
2008-12-08,177.585999,189.816452,173.183044,187.859573,83.967453,21424002
2008-12-09,175.139923,195.687057,175.139923,188.838013,84.404785,15977551320
2008-12-10,202.04689,202.04689,175.629135,202.04689,90.308762,13215999240
2008-12-11,215.74498,215.74498,202.04689,205.471405,91.839394,16288251480
2008-12-12,219.658722,219.658722,195.687057,204.982193,91.620743,14291185320
2008-12-15,219.16951,219.16951,213.298889,219.16951,97.962029,9101266
2008-12-16,234.335251,234.335251,212.809677,221.615585,99.055328,9952625
2008-12-17,206.449844,236.781342,206.449844,224.061676,100.148682,20551180
2008-12-18,208.406708,231.88916,208.406708,231.88916,103.647331,8100689
2008-12-19,248.03334,248.03334,229.932297,229.932297,102.772682,5930898120
2008-12-22,245.58725,245.58725,227.486206,231.88916,103.647331,11295586
2008-12-23,231.88916,231.88916,215.74498,215.74498,96.431366,6434763
2008-12-24,230.421509,230.421509,205.960632,215.74498,96.431366,6224223600
2008-12-25,201.068451,215.74498,201.068451,210.363586,94.026062,2987422920
2008-12-26,225.040115,225.040115,208.406708,213.788116,95.556702,4614510600
2008-12-29,199.111588,210.363586,199.111588,209.385147,93.58873,3909303000
2008-12-30,195.197845,221.615585,195.197845,217.212631,97.087357,7081715160
2008-12-31,232.378387,232.378387,213.788116,215.74498,96.431366,4066697160
2009-01-02,215.74498,215.74498,215.74498,215.74498,96.431366,0
2009-01-05,215.74498,230.421509,201.068451,230.421509,102.991333,11260836720
2009-01-06,229.932297,236.781342,229.443069,236.781342,105.833984,9183029
2009-01-07,252.925522,252.925522,244.608826,251.947083,112.612602,12996260
2009-01-08,234.824463,248.03334,234.824463,237.759781,106.271309,13176139
2009-01-09,221.126373,247.544128,221.126373,242.651947,108.457962,9799319
2009-01-12,257.328491,257.328491,240.695084,245.58725,109.769943,6566607
2009-01-13,262.709869,262.709869,241.673508,258.306915,115.455246,9333269
2009-01-14,275.918762,275.918762,242.651947,242.651947,108.457962,13004436
2009-01-15,259.285339,259.285339,227.975418,229.932297,102.772682,9882104
2009-01-16,245.58725,245.58725,231.88916,235.31369,105.177986,6388772
2009-01-19,232.378387,244.608826,232.378387,244.608826,109.332626,8110909440
2009-01-20,261.731445,261.731445,235.802902,238.738205,106.708649,7019370
2009-01-21,255.371613,255.371613,233.356812,234.824463,104.959312,7252395
2009-02-02,250.968643,250.968643,236.292114,246.565689,110.207283,12135702
2009-02-03,263.688324,263.688324,243.141174,244.608826,109.332626,11702358
2009-02-04,227.486206,250.479431,227.486206,240.695084,107.583305,7786922
2009-02-05,257.328491,257.328491,240.695084,240.695084,107.583305,7330070
2009-02-06,257.328491,257.328491,243.630386,249.990219,111.73793,11325225
2009-02-09,232.867599,267.112823,232.867599,267.112823,119.391235,17824377
2009-02-10,285.703094,285.703094,263.688324,269.069702,120.2659,8073093
2009-02-11,287.659973,287.659973,262.220642,276.897186,123.764534,8762970
2009-02-12,257.817688,276.897186,257.817688,266.623627,119.172546,9944449
2009-02-13,248.03334,285.213898,248.03334,284.72467,127.263168,12657965
2009-02-16,284.72467,286.681549,279.832489,283.746246,126.825844,9209602
2009-02-17,264.177521,303.314941,264.177521,270.048126,120.703194,10210179
2009-02-18,251.45787,276.407959,251.45787,276.407959,123.545853,8770125
2009-02-19,295.487457,295.487457,269.558929,281.789368,125.951157,9295453
2009-02-20,301.358063,301.358063,274.940308,274.940308,122.889854,6644282
2009-02-23,274.940308,294.019806,272.494232,285.213898,127.481827,6834381
2009-02-24,265.645172,288.638397,265.645172,285.703094,127.700508,9394591
2009-02-25,305.27182,305.27182,284.72467,284.72467,127.263168,8095578
2009-02-26,265.155975,291.5737,265.155975,285.703094,127.700508,4581805
2009-02-27,266.134399,297.444336,266.134399,297.444336,132.948456,10666009
2009-03-02,317.991455,317.991455,283.257019,284.72467,127.263168,10043587
2009-03-03,265.155975,288.638397,265.155975,288.1492,128.793839,9461024
2009-03-04,268.091278,298.42276,268.091278,294.019806,131.417831,15820157
2009-03-05,314.566956,314.566956,289.616852,291.5737,130.324493,15776209
2009-03-06,271.515778,296.955109,271.515778,291.5737,130.324493,9366996
2009-03-09,311.631653,311.631653,283.746246,285.703094,127.700508,8229466
2009-03-10,305.27182,305.27182,281.789368,286.681549,128.137848,6827227
2009-03-11,306.739471,306.739471,289.127625,292.552155,130.761841,8136460
2009-03-12,312.610077,312.610077,294.019806,296.465881,132.511154,7841090
2009-03-13,317.013031,317.013031,275.918762,299.401184,133.82312,15299938
2009-03-16,319.948334,319.948334,296.955109,298.911987,133.604462,5811319
2009-03-17,319.459106,319.459106,296.465881,303.804169,135.791138,7742975
2009-03-18,282.767792,306.739471,282.767792,299.890411,134.041824,8380728
2009-03-19,279.343262,305.761017,279.343262,301.358063,134.697815,9326115
2009-03-20,322.39444,322.39444,294.509033,294.509033,131.636475,6083182
2009-03-23,315.056152,315.056152,294.99823,301.358063,134.697815,6546166
2009-03-24,301.358063,318.96991,301.358063,314.077728,140.383072,18989503
2009-03-25,292.552155,334.624878,292.552155,332.178772,148.473724,14210444
2009-03-26,355.171997,355.171997,325.329742,326.308167,145.849716,8886637
2009-03-27,326.308167,332.178772,316.034607,317.013031,141.695068,12603797
2009-03-30,317.013031,317.013031,306.739471,306.739471,137.103104,8003595
2009-03-31,306.739471,315.54538,306.739471,312.12085,139.508423,8220267
2009-04-02,287.170746,315.54538,287.170746,312.12085,139.508423,8604554
2009-04-03,290.595276,315.54538,290.595276,313.588501,140.164413,11649211
2009-04-06,292.062927,316.034607,292.062927,296.955109,132.729813,15139478
2009-04-07,317.502258,317.502258,291.084503,297.933533,133.16716,12795940
2009-04-08,277.386414,296.955109,277.386414,287.170746,128.356461,18271009
2009-04-09,267.112823,307.228668,267.112823,307.228668,137.321777,16713420
2009-04-10,286.192322,313.099304,286.192322,302.336517,135.135132,13292652
2009-04-13,281.30014,307.228668,281.30014,305.27182,136.447128,8797720
2009-04-14,326.308167,326.308167,303.314941,316.523804,141.47641,19797936
2009-04-15,294.509033,319.948334,294.509033,310.163971,138.633759,12917563
2009-04-16,331.689575,331.689575,288.638397,316.034607,141.257751,13756658
2009-04-17,294.019806,322.883636,294.019806,304.293365,136.009781,16608150
2009-04-20,283.257019,315.056152,283.257019,312.610077,139.727112,9925030
2009-04-21,312.610077,313.588501,291.084503,311.142426,139.071091,13348864
2009-04-22,332.667999,332.667999,306.250244,306.250244,136.88443,9717556
2009-04-23,285.213898,307.228668,285.213898,304.293365,136.009781,8499284
2009-04-24,283.257019,316.523804,283.257019,308.207123,137.759094,14506835
2009-04-27,308.207123,317.502258,308.207123,311.142426,139.071091,18373213
2009-04-28,289.616852,325.818939,289.616852,320.926758,143.444397,19944088
2009-04-29,298.911987,324.840515,298.911987,315.056152,140.820419,11428451
2009-04-30,293.041382,337.070953,293.041382,337.070953,150.66037,8162011
2009-05-04,313.588501,360.553406,313.588501,360.553406,161.156281,4222047
2009-05-05,335.603302,385.50351,335.603302,385.50351,172.308197,37313658
2009-05-06,385.50351,396.266296,379.632904,396.266296,177.118805,26258251
2009-05-07,368.870117,393.330994,368.870117,389.906464,174.276169,13192492
2009-05-08,416.813446,416.813446,380.122101,391.374115,174.932175,14492527
2009-05-11,418.770294,418.770294,363.977936,391.863342,175.150894,12963555
2009-05-12,364.467133,385.014282,364.467133,372.294617,166.404266,17671071
2009-05-13,372.294617,376.697571,368.38089,372.783844,166.62291,12810249
2009-05-14,346.855316,378.654449,346.855316,372.783844,166.62291,10750838
2009-05-15,346.855316,381.589752,346.855316,374.740723,167.497559,9188139
2009-05-18,374.740723,388.438812,374.740723,384.035858,171.652267,10072204
2009-05-19,384.035858,398.712372,384.035858,388.438812,173.620209,15556470
2009-05-20,388.438812,401.158478,386.481934,394.309418,176.244171,14064292
2009-05-21,394.309418,399.201599,391.374115,394.309418,176.244171,10591400
2009-05-22,394.309418,416.813446,393.330994,407.518311,182.148163,17905118
2009-05-25,379.143677,414.856567,379.143677,392.352539,175.369553,18910806
2009-05-26,392.352539,398.712372,381.589752,386.481934,172.745544,13973330
2009-05-27,386.481934,405.561432,386.481934,391.374115,174.932175,16489593
2009-06-01,391.374115,418.770294,391.374115,398.223175,177.993484,11630815
2009-06-02,398.223175,407.029083,393.330994,398.223175,177.993484,12022256
2009-06-03,425.619354,425.619354,398.712372,399.201599,178.430847,9452847
2009-06-04,427.087006,427.087006,389.417236,392.352539,175.369553,12561893
2009-06-05,419.748749,419.748749,396.266296,398.223175,177.993484,9445693
2009-06-08,370.826965,406.050629,370.826965,388.438812,173.620209,10259237
2009-06-09,415.345764,415.345764,367.891663,373.762268,167.060242,13191470
2009-06-10,373.762268,399.690826,373.762268,380.611328,170.121552,7811451
2009-06-11,379.632904,385.50351,374.740723,380.611328,170.121552,9300564
2009-06-12,379.632904,383.546631,370.826965,371.80542,166.185638,7825760
2009-06-15,362.021057,363.977936,347.83374,360.553406,161.156281,14427116
2009-06-16,347.344513,354.6828,342.452362,343.430786,153.502975,14820602
2009-06-17,348.322968,354.193573,345.387665,345.387665,154.37767,8928541
2009-06-18,354.193573,361.042633,350.769043,360.064178,160.937607,13769944
2009-06-19,362.021057,371.80542,357.128876,370.826965,165.748245,8616819
2009-06-22,371.80542,374.740723,364.95636,372.783844,166.62291,7576382
2009-06-23,369.848541,369.848541,366.913239,366.913239,163.998947,4848557
2009-06-24,368.870117,387.460388,368.870117,378.165253,169.028259,9524390
2009-06-25,383.546631,387.460388,380.611328,383.057404,171.21489,6214003
2009-06-26,385.014282,385.50351,378.654449,381.589752,170.558868,5684586
2009-06-29,383.546631,383.546631,372.294617,372.294617,166.404266,6697428
2009-06-30,380.611328,384.525055,377.676025,383.546631,171.433548,7477244
2009-07-01,385.992706,392.352539,382.078979,390.395691,174.494843,7539589
2009-07-02,396.266296,402.136902,394.309418,396.755493,177.337509,9932184
2009-07-03,396.266296,403.115326,396.266296,399.201599,178.430847,6923298
2009-07-06,404.093781,408.007507,398.712372,406.050629,181.492126,6053542
2009-07-07,410.94281,432.468384,410.453613,426.597778,190.676071,16623480
2009-07-08,426.597778,437.849792,421.705597,435.403717,194.612061,12229730
2009-07-09,435.403717,438.33902,426.597778,426.597778,190.676071,9777856
2009-07-10,426.597778,429.533081,414.856567,416.324219,186.084137,8274435
2009-07-13,419.748749,422.684052,410.94281,420.727173,188.052124,7083759
2009-07-14,424.6409,435.403717,418.770294,431.48996,192.862732,9195293
2009-07-15,435.403717,444.209625,431.48996,436.382141,195.049438,10130460
2009-07-16,440.295868,446.166504,435.403717,437.849792,195.705399,12865439
2009-07-17,432.84314,443.137268,431.372559,436.764709,201.538132,13119240
2009-07-20,446.07843,447.058838,434.313721,434.313721,200.40715,10068420
2009-07-21,437.254913,445.098053,429.411774,443.137268,204.478592,8561880
2009-07-22,445.098053,449.019592,440.686279,443.137268,204.478592,7425600
2009-07-23,446.07843,446.07843,439.215698,439.215698,202.669113,4704240
2009-07-24,443.137268,445.588226,429.411774,431.862732,199.276199,8029440
2009-07-27,433.333344,445.098053,433.333344,441.176483,203.573868,6258720
2009-07-28,446.07843,456.862732,444.117645,453.92157,209.45488,9569640
2009-07-29,460.784302,468.137268,458.823517,468.137268,216.014511,13571100
2009-07-30,467.647064,475.490204,455.392151,474.509796,218.954956,17189040
2009-07-31,473.529419,474.019592,459.803925,462.254913,213.300171,8487420
2009-08-03,464.705872,467.15686,455.882355,465.686279,214.88353,7205280
2009-08-04,472.549011,475,439.705872,444.117645,204.931015,12488880
2009-08-05,463.725494,475,453.92157,464.705872,214.431137,19757400
2009-08-06,467.647064,472.549011,457.84314,463.725494,213.97876,11641260
2009-08-07,463.725494,463.725494,463.725494,463.725494,213.97876,0
2009-08-10,468.627441,488.235291,463.725494,485.294128,223.931259,12974400
2009-08-11,487.745087,492.15686,481.372559,490.196075,226.193161,8749560
2009-08-12,490.196075,492.15686,478.431366,489.215698,225.740784,7311360
2009-08-13,488.235291,489.705872,483.333344,489.215698,225.740784,5932320
2009-08-14,490.196075,499.019592,474.019592,474.019592,218.72879,6203640
2009-08-17,478.431366,479.901947,470.588226,471.568634,217.597839,5266260
2009-08-18,464.705872,469.607849,455.882355,463.725494,213.97876,7258320
2009-08-19,469.607849,469.607849,461.764709,462.745087,213.526367,5506980
2009-08-20,463.725494,469.117645,454.901947,467.647064,215.788269,6482100
2009-08-21,472.549011,475,450.980377,451.960785,208.550064,7854000
2009-08-24,456.862732,460.784302,448.039215,452.450989,208.77626,10062300
2009-08-25,454.411774,462.745087,452.941162,458.823517,211.716812,7194060
2009-08-26,461.764709,461.764709,442.647064,448.039215,206.74057,9115740
2009-08-27,445.098053,456.372559,442.15686,453.431366,209.228683,6045540
2009-08-28,455.882355,465.686279,451.470581,464.705872,214.431137,7510260
2009-08-31,467.15686,472.549011,465.686279,468.627441,216.240692,6107760
2009-09-01,469.607849,500.980377,469.607849,500.980377,231.169403,14920560
2009-09-02,498.039215,502.941162,494.117645,494.117645,228.002701,8948460
2009-09-03,499.019592,507.84314,496.07843,506.862732,233.883743,11766720
2009-09-04,514.705872,521.568604,509.803925,518.627441,239.312332,10905840
2009-09-07,513.725464,515.686279,502.941162,507.84314,234.336121,10002120
2009-09-08,505.882355,509.803925,496.07843,498.039215,229.812286,11968680
2009-09-09,495.098053,502.941162,485.294128,485.294128,223.931259,13390560
2009-09-10,501.960785,502.941162,486.274506,490.196075,226.193161,8231400
2009-09-11,478.431366,486.764709,478.431366,482.352936,222.574066,5694660
2009-09-14,485.294128,493.137268,483.333344,492.15686,227.097916,6229140
2009-09-15,493.137268,496.07843,490.196075,496.07843,228.907486,4561440
2009-09-16,498.039215,501.960785,493.137268,500,230.717072,5918040
2009-09-17,505.882355,506.862732,500,501.960785,231.621796,6019020
2009-09-18,503.92157,505.882355,499.019592,504.901947,232.978958,4866420
2009-09-21,500,502.941162,490.196075,493.137268,227.550308,3468000
2009-09-22,499.019592,499.019592,491.176483,491.176483,226.645569,2973300
2009-09-23,496.07843,501.960785,493.137268,497.058838,229.359924,5497800
2009-09-24,494.117645,499.019592,493.137268,497.058838,229.359924,2843760
2009-09-25,495.098053,500.980377,492.15686,499.019592,230.264603,4394160
2009-09-28,501.960785,506.862732,497.058838,498.039215,229.812286,3703620
2009-09-29,500.980377,507.84314,500.980377,507.84314,234.336121,5191800
2009-09-30,509.803925,525.490173,508.823517,525.490173,242.47905,10939500
2009-10-01,529.411743,529.411743,516.666687,525.490173,242.47905,5866020
2009-10-02,513.725464,519.607849,509.803925,513.725464,237.050415,4093260
2009-10-05,513.725464,517.647034,509.803925,517.647034,238.859985,2952900
2009-10-06,519.607849,521.568604,512.745117,519.607849,239.76474,5671200
2009-10-07,517.647034,517.647034,497.058838,502.941162,232.074158,11960520
2009-10-08,500,502.941162,480.882355,480.882355,221.895493,13772040
2009-10-09,480.392151,494.117645,479.411774,494.117645,228.002701,10609020
2009-10-12,497.058838,498.039215,485.294128,492.15686,227.097916,3346620
2009-10-13,488.725494,498.039215,485.294128,492.15686,227.097916,4614480
2009-10-14,496.07843,500,493.137268,498.039215,229.812286,5773200
2009-10-15,503.92157,503.92157,498.039215,501.960785,231.621796,6011880
2009-10-16,502.941162,517.647034,500.980377,516.666687,238.407593,9153480
2009-10-19,519.607849,519.607849,505.882355,507.84314,234.336121,5104080
2009-10-20,509.803925,513.725464,508.823517,509.803925,235.240891,3867840
2009-10-21,507.84314,507.84314,493.137268,505.882355,233.431396,13626180
2009-10-22,490.196075,497.058838,483.333344,483.823517,223.25267,12610260
2009-10-23,480.392151,482.352936,466.176483,466.176483,215.109711,15013380
2009-10-26,466.666656,473.529419,452.941162,457.84314,211.26445,10486620
2009-10-27,457.84314,465.686279,457.84314,461.274506,212.847778,9301380
2009-10-28,460.784302,470.588226,458.333344,460.784302,212.621567,8902560
2009-10-29,455.882355,463.725494,452.941162,462.254913,213.300171,10284660
2009-10-30,465.196075,467.15686,455.882355,455.882355,210.359634,6903360
2009-11-02,455.882355,478.431366,455.882355,476.960785,220.085983,10816080
2009-11-03,477.450989,481.372559,475.490204,475.490204,219.407364,7621440
2009-11-04,480.392151,482.352936,477.941162,479.901947,221.443069,3353760
2009-11-05,479.901947,479.901947,467.15686,470.588226,217.145447,5137740
2009-11-06,471.568634,475,466.666656,468.137268,216.014511,3883140
2009-11-09,474.509796,475.490204,470.098053,475.490204,219.407364,2645880
2009-11-10,482.352936,493.137268,480.392151,493.137268,227.550308,9984780
2009-11-11,495.098053,507.84314,490.196075,504.901947,232.978958,9248340
2009-11-12,504.901947,504.901947,497.058838,499.019592,230.264603,5898660
2009-11-13,495.098053,502.941162,493.137268,498.039215,229.812286,5196900
2009-11-16,501.960785,509.803925,499.019592,509.803925,235.240891,6209760
2009-11-17,511.764709,514.705872,495.098053,495.098053,228.455154,6505560
2009-11-18,496.07843,503.92157,496.07843,499.019592,230.264603,4339080
2009-11-19,499.019592,515.686279,499.019592,509.803925,235.240891,9232020
2009-11-20,508.823517,533.333313,500.980377,518.627441,239.312332,17592960
2009-11-23,518.627441,521.568604,510.784302,514.705872,237.502838,8661840
2009-11-24,516.666687,517.647034,502.941162,504.901947,232.978958,7359300
2009-11-25,500,509.803925,499.019592,500.980377,231.169403,6168960
2009-11-26,501.960785,510.784302,501.960785,506.862732,233.883743,4195260
2009-11-27,497.058838,502.941162,494.117645,494.117645,228.002701,6027180
2009-11-30,500,502.941162,497.058838,497.058838,229.359924,3469020
2009-12-01,495.098053,501.960785,492.15686,500,230.717072,3949440
2009-12-02,504.901947,509.803925,499.019592,500,230.717072,4902120
2009-12-03,500.980377,504.901947,495.098053,496.07843,228.907486,3410880
2009-12-04,504.901947,504.901947,493.137268,493.137268,227.550308,4429860
2009-12-07,500.980377,519.607849,500,518.627441,239.312332,10603920
2009-12-08,517.647034,521.568604,511.764709,520.588257,240.217148,6709560
2009-12-09,514.705872,520.588257,514.705872,517.647034,238.859985,4958220
2009-12-10,517.647034,521.568604,501.960785,507.84314,234.336121,6055740
2009-12-11,511.764709,511.764709,502.941162,509.803925,235.240891,4029000
2009-12-14,509.803925,515.686279,508.823517,514.705872,237.502838,2797860
2009-12-15,519.607849,523.529419,512.745117,512.745117,236.598068,3995340
2009-12-16,515.686279,517.647034,510.784302,514.705872,237.502838,3396600
2009-12-17,517.647034,520.588257,513.725464,517.647034,238.859985,4994940
2009-12-18,517.647034,519.607849,513.725464,518.627441,239.312332,3995340
2009-12-21,521.568604,521.568604,513.725464,517.647034,238.859985,4086120
2009-12-22,519.607849,529.411743,518.627441,525.490173,242.47905,6451500
2009-12-23,525.490173,530.392151,522.549011,529.411743,244.288605,3542460
2009-12-24,533.333313,536.274536,527.450989,534.313721,246.550537,3947400
2009-12-25,538.235291,538.235291,532.352966,534.313721,246.550537,2035920
2009-12-28,532.352966,535.294128,530.392151,534.313721,246.550537,2445960
2009-12-29,532.352966,534.313721,529.411743,531.372559,245.193405,2250120
2009-12-30,531.372559,545.098022,530.392151,544.117676,251.074402,7350120
2009-12-31,544.117676,547.058838,542.15686,547.058838,252.431564,3039600
2010-01-04,547.058838,555.882324,546.07843,555.882324,256.503052,4473720
2010-01-05,558.823547,562.745117,549.019592,556.862732,256.955414,5757900
2010-01-06,556.862732,563.725464,550.980408,563.725464,260.122131,5451900
2010-01-07,563.725464,563.725464,549.019592,550,253.788757,4554300
2010-01-08,549.019592,549.019592,534.313721,539.215698,248.812469,7581660
2010-01-11,539.215698,548.039185,535.294128,547.058838,252.431564,3232380
2010-01-12,546.07843,548.039185,544.117676,547.058838,252.431564,2768280
2010-01-13,544.117676,544.117676,532.352966,536.274536,247.455368,5869080
2010-01-14,539.215698,566.666687,537.254883,561.764709,259.217316,7071660
2010-01-15,564.705872,578.431396,561.764709,572.549011,264.193604,7899900
2010-01-18,570.588257,578.431396,567.647034,574.509827,265.098419,3129360
2010-01-19,576.470581,576.470581,557.84314,558.823547,257.86026,3589380
2010-01-20,563.725464,569.607849,560.784302,564.705872,260.574524,4033080
2010-01-21,552.941162,553.92157,537.254883,539.215698,248.812469,7060440
2010-01-22,521.568604,527.450989,502.941162,512.745117,236.598068,12157380
2010-01-25,507.84314,519.607849,507.84314,515.686279,237.955185,4003500
2010-01-26,515.686279,517.647034,500,505.882355,233.431396,6191400
2010-01-27,513.725464,522.549011,508.823517,511.764709,236.14566,5194860
2010-01-28,516.666687,518.627441,507.84314,512.745117,236.598068,5024520
2010-01-29,500.980377,509.803925,490.196075,509.803925,235.240891,7769340
2010-02-01,514.705872,514.705872,495.098053,495.098053,228.455154,3831120
2010-02-02,504.901947,504.901947,485.294128,488.235291,225.288376,7111440
2010-02-03,496.07843,500.980377,490.196075,499.019592,230.264603,5626320
2010-02-04,500,504.901947,497.058838,504.901947,232.978958,3196680
2010-02-05,495.098053,500.980377,490.196075,500.980377,231.169403,6535140
2010-02-08,502.941162,502.941162,495.098053,496.07843,228.907486,2867220
2010-02-09,496.07843,511.764709,496.07843,501.960785,231.621796,4499220
2010-02-10,514.705872,514.705872,504.901947,507.84314,234.336121,3344580
2010-02-22,519.607849,524.509827,517.647034,518.627441,239.312332,5473320
2010-02-23,520.588257,523.529419,512.745117,523.529419,241.574356,4087140
2010-02-24,519.607849,520.588257,514.705872,517.647034,238.859985,3353760
2010-02-25,512.745117,512.745117,494.117645,497.058838,229.359924,9456420
2010-02-26,497.058838,497.058838,486.274506,495.098053,228.455154,9937860
2010-03-01,495.098053,513.725464,488.235291,507.84314,234.336121,7923360
2010-03-02,512.745117,512.745117,504.901947,505.882355,233.431396,3777060
2010-03-03,511.764709,514.705872,506.862732,514.705872,237.502838,4537980
2010-03-04,515.686279,515.686279,503.92157,503.92157,232.526611,2937600
2010-03-05,506.862732,510.784302,498.039215,499.019592,230.264603,6063900
2010-03-08,505.882355,517.647034,504.901947,517.647034,238.859985,7593900
2010-03-09,517.647034,524.509827,514.705872,521.568604,240.669525,4328880
2010-03-10,524.509827,527.450989,521.568604,527.450989,243.383835,4581840
2010-03-11,532.352966,535.294128,526.470581,535.294128,247.002945,5335620
2010-03-12,535.294128,535.294128,525.490173,527.450989,243.383835,3330300
2010-03-15,525.490173,528.431396,517.647034,519.607849,239.76474,3939240
2010-03-16,524.509827,525.490173,520.588257,521.568604,240.669525,3311940
2010-03-17,527.450989,537.254883,526.470581,536.274536,247.455368,5627340
2010-03-18,535.294128,536.274536,529.411743,530.392151,244.741013,5307060
2010-03-19,533.333313,535.294128,527.450989,528.431396,243.836227,4196280
2010-03-22,527.450989,528.431396,517.647034,519.607849,239.76474,3078360
2010-03-23,521.568604,524.509827,505.882355,508.823517,234.788544,9111660
2010-03-24,512.745117,514.705872,509.803925,509.803925,235.240891,3226260
2010-03-25,512.745117,527.450989,509.803925,524.509827,242.026688,5136720
2010-03-26,522.549011,549.019592,522.549011,549.019592,253.336349,12110460
2010-03-29,549.019592,550.980408,541.176453,547.058838,252.431564,5936400
2010-03-30,545.098022,545.098022,536.274536,539.215698,248.812469,3957600
2010-03-31,539.215698,547.058838,537.254883,540.196106,249.264923,5877240
2010-04-01,544.117676,555.882324,544.117676,554.901978,256.050659,6416820
2010-04-02,558.823547,558.823547,547.058838,549.019592,253.336349,2535720
2010-04-06,557.84314,563.725464,553.92157,558.823547,257.86026,3971880
2010-04-07,557.84314,563.725464,553.92157,555.882324,256.503052,3256860
2010-04-08,546.07843,552.941162,537.254883,539.215698,248.812469,5008200
2010-04-09,541.176453,546.07843,536.274536,546.07843,251.979218,3070200
2010-04-12,550,550.980408,535.294128,539.215698,248.812469,3139560
2010-04-13,539.215698,539.215698,529.411743,533.333313,246.09816,3835200
2010-04-14,539.215698,544.117676,535.294128,540.196106,249.264923,3118140
2010-04-15,548.039185,548.039185,540.196106,543.137268,250.621994,2958000
2010-04-16,542.15686,542.15686,534.313721,535.294128,247.002945,1874760
2010-04-19,529.411743,534.313721,519.607849,520.588257,240.217148,4602240
2010-04-20,524.509827,526.470581,514.705872,514.705872,237.502838,8552700
2010-04-21,520.588257,539.215698,518.627441,539.215698,248.812469,7845840
2010-04-22,538.235291,551.960754,536.274536,549.019592,253.336349,8928060
2010-04-23,553.92157,559.803894,547.058838,551.960754,254.693512,5958840
2010-04-26,558.823547,567.647034,558.823547,567.647034,261.931732,6658560
2010-04-27,567.647034,567.647034,561.764709,564.705872,260.574524,4508400
2010-04-28,551.960754,558.823547,551.960754,557.84314,257.407837,3180360
2010-04-29,551.960754,556.862732,538.235291,539.215698,248.812469,6692220
2010-04-30,534.313721,535.294128,519.607849,523.529419,241.574356,11397480
2010-05-03,523.529419,534.313721,523.529419,527.450989,243.383835,5283600
2010-05-04,530.392151,532.352966,520.588257,529.411743,244.288605,3649560
2010-05-05,519.607849,527.450989,511.764709,524.509827,242.026688,7049220
2010-05-06,522.549011,523.529419,509.803925,513.725464,237.050415,4947000
2010-05-07,500,522.549011,500,518.627441,239.312332,5917020
2010-05-10,521.568604,522.549011,515.686279,522.549011,241.121887,3116100
2010-05-11,525.490173,527.450989,513.725464,513.725464,237.050415,3463920
2010-05-12,515.686279,519.607849,511.764709,511.764709,236.14566,2187900
2010-05-13,515.686279,522.549011,508.823517,516.666687,238.407593,4347240
2010-05-14,515.686279,523.529419,513.725464,514.705872,237.502838,3016140
2010-05-17,511.764709,517.647034,507.84314,509.803925,235.240891,3037560
2010-05-18,507.84314,511.764709,505.882355,505.882355,233.431396,3428220
2010-05-19,502.941162,506.862732,492.15686,504.901947,232.978958,6257700
2010-05-20,501.960785,506.862732,493.137268,493.137268,227.550308,4249320
2010-05-21,483.333344,491.176483,482.352936,483.333344,223.026443,8536380
2010-05-24,486.274506,491.176483,486.274506,489.215698,225.740784,3645480
2010-05-25,485.294128,487.745087,473.529419,481.862732,222.34787,4968420
2010-05-26,485.294128,496.07843,482.352936,495.098053,228.455154,4842960
2010-05-27,491.176483,501.960785,490.196075,500.980377,231.169403,4007580
2010-05-28,505.882355,510.784302,503.92157,503.92157,232.526611,4363560
2010-05-31,508.823517,512.745117,501.960785,512.745117,236.598068,2490840
2010-06-01,508.823517,510.784302,503.92157,505.882355,233.431396,2370480
2010-06-02,500,508.823517,500,505.882355,233.431396,3397620
2010-06-03,517.647034,524.509827,517.647034,524.509827,242.026688,5715060
2010-06-04,522.549011,525.490173,514.705872,516.666687,238.407593,3738300
2010-06-07,502.941162,512.745117,490.196075,509.803925,235.240891,5101020
2010-06-08,507.84314,507.84314,500.980377,504.901947,232.978958,2201160
2010-06-09,502.941162,509.803925,501.960785,505.882355,233.431396,4513500
2010-06-10,504.901947,504.901947,497.058838,504.901947,232.978958,2990640
2010-06-11,509.803925,517.647034,507.84314,510.784302,235.693268,4818480
2010-06-14,511.764709,514.705872,500,506.862732,233.883743,6008820
2010-06-15,500.980377,507.84314,498.039215,505.882355,233.431396,10201020
2010-06-17,500.980377,503.92157,491.176483,491.176483,226.645569,11479080
2010-06-18,490.196075,495.098053,485.294128,486.274506,224.383606,11977860
2010-06-21,490.196075,499.019592,490.196075,497.058838,229.359924,6656520
2010-06-22,493.137268,497.058838,488.725494,497.058838,229.359924,4472700
2010-06-23,490.196075,497.058838,490.196075,496.07843,228.907486,4238100
2010-06-24,491.176483,495.098053,488.725494,489.215698,225.740784,5302980
2010-06-25,480.392151,482.352936,472.058838,472.549011,218.050217,9354420
2010-06-28,471.568634,472.549011,452.450989,455.882355,210.359634,11980920
2010-06-29,455.882355,460.784302,452.941162,452.941162,209.002487,13275300
2010-06-30,444.117645,454.901947,443.627441,443.627441,204.704819,10292820
2010-07-01,443.627441,445.098053,433.333344,433.333344,199.954727,5321340
2010-07-02,424.509796,428.431366,415.686279,417.15686,192.490356,17362440
2010-07-05,420.588226,432.352936,420.588226,431.372559,199.050003,7123680
2010-07-06,429.411774,445.588226,427.450989,444.117645,204.931015,10524360
2010-07-07,447.058838,450.980377,438.725494,439.215698,202.669113,9479880
2010-07-08,448.039215,453.92157,444.117645,445.098053,205.383423,8432340
2010-07-09,445.098053,463.725494,444.117645,462.254913,213.300171,10722240
2010-07-12,464.705872,467.647064,455.882355,458.823517,211.716812,7627560
2010-07-13,465.686279,465.686279,450,453.431366,209.228683,7686720
2010-07-14,459.803925,470.588226,459.803925,465.686279,214.88353,8422140
2010-07-15,460.784302,463.725494,452.941162,453.92157,209.45488,8031480
2010-07-16,457.84314,460.294128,454.901947,459.803925,212.169205,8648580
2010-07-19,455.882355,459.803925,451.960785,454.901947,209.907242,5231580
2010-07-20,460.784302,461.764709,458.333344,458.823517,211.716812,5297880
2010-07-21,462.745087,463.725494,450,452.941162,209.002487,6089400
2010-07-22,452.941162,456.862732,443.137268,444.117645,204.931015,6315840
2010-07-23,450.980377,462.745087,449.019592,460.784302,212.621567,5981280
2010-07-26,465.686279,471.07843,463.725494,470.588226,217.145447,7296060
2010-07-27,473.039215,478.431366,463.725494,473.529419,218.502609,14807340
2010-07-28,460,465,442,442,215.316208,20485000
2010-07-29,426,434,425,427,208.009079,13756000
2010-07-30,430,437,429,433.5,211.175476,8073000
2010-08-02,420,432,413,430.5,209.714066,18290000
2010-08-03,435,447.5,435,438,213.367645,12152000
2010-08-04,445,445,435.5,438.5,213.611176,9547000
2010-08-05,442,444,437.5,438,213.367645,6881000
2010-08-06,440,447,439,444.5,216.534042,8662000
2010-08-09,446,467,446,463,225.546143,11686000
2010-08-10,464,464,452,453,220.674698,9273000
2010-08-11,453,461.5,452,455,221.649002,8329000
2010-08-12,460,460,452.5,459,223.59758,6118000
2010-08-13,459,464,457.5,460,224.084747,7057000
2010-08-16,459,463.5,454,460,224.084747,4735000
2010-08-17,461.5,465,456,456,222.136169,5378000
2010-08-18,460,463,455,457,222.623306,9330000
2010-08-19,457,461.5,456,458,223.110474,4850000
2010-08-20,457,461.5,453,453,220.674698,4193000
2010-08-23,450,455,446,448,218.239075,5737000
2010-08-24,453,456,447,447,217.751892,4394000
2010-08-25,446,446,431,431,209.957642,10350000
2010-08-26,433,443.5,433,438,213.367645,4654000
2010-08-27,441,444,433,436.5,212.636932,4907000
2010-08-30,435,436.5,428,435.5,212.14978,6796000
2010-08-31,430.5,441.5,428,436.5,212.636932,6175000
2010-09-01,436.5,440.5,433,437.5,213.124039,6681000
2010-09-02,445,445.5,441.5,445,216.777603,5883000
2010-09-03,452,476,452,475,231.391861,20499000
2010-09-06,480.5,484,475,477,232.366135,10131000
2010-09-07,480.5,483,472,472,229.930405,7445000
2010-09-08,473,479.5,467,467,227.49472,6694000
2010-09-09,470,474.5,461.5,461.5,224.815445,6864000
2010-09-10,466,476,460,475,231.391861,8185000
2010-09-13,479.5,483,472,480,233.82756,9083000
2010-09-14,484.5,498.5,484.5,485,236.263199,14883000
2010-09-15,492,494,476.5,478,232.853287,13665000
2010-09-16,478,479.5,470.5,475,231.391861,8142000
2010-09-17,480,488.5,475,478.5,233.096848,12103000
2010-09-20,476,477.5,473,473.5,230.661118,6039000
2010-09-21,475.5,483,472,472,229.930405,8613000
2010-09-23,472,472,464,465,226.520462,10906000
2010-09-24,460,463.5,445,446,217.264771,16983000
2010-09-27,450,455,446.5,452,220.187622,8366000
2010-09-28,454,463,454,454.5,221.405426,8039000
2010-09-29,458,458.5,448,449,218.726181,8730000
2010-09-30,451,452,438,439,213.854813,9330000
2010-10-01,437,449,430.5,449,218.726181,13519000
2010-10-04,449,449,423,428,208.496216,14210000
2010-10-05,423,425,412,415.5,202.406998,14606000
2010-10-06,424,424,412.5,412.5,200.945541,11775000
2010-10-07,412.5,419,412,414.5,201.919815,9262000
2010-10-08,414.5,416,401.5,410,199.727692,19491000
2010-10-11,410,414.5,408.5,410,199.727692,6431000
2010-10-12,410,413,401,401,195.343414,9605000
2010-10-13,401,407,401,405,197.291977,9171000
2010-10-14,409,412,404,404,196.804825,8909000
2010-10-15,401,403,390,390,189.984894,13179000
2010-10-18,390,392.5,376,376,183.164932,13515000
2010-10-19,376,388,372,380.5,185.357056,10475000
2010-10-20,380,394,378.5,392.5,191.202728,11696000
2010-10-21,394,395,386,387,188.523453,9394000
2010-10-22,392.5,392.5,382.5,387,188.523453,7115000
2010-10-25,390,396.5,389,395,192.420578,6555000
2010-10-26,396,396.5,390,393,191.446289,4251000
2010-10-27,391,392,382.5,383,186.574875,8070000
2010-10-28,385,392,385,391,190.471985,8551000
2010-10-29,389.5,391,384.5,385,187.54921,7773000
2010-11-01,380,399,380,393.5,191.68985,14480000
2010-11-02,388,391,380,387.5,188.767029,15110000
2010-11-03,390,397,385,393,191.446289,12761000
2010-11-04,397,408,396,402,195.830597,12531000
2010-11-05,408,408,396,396,192.90773,14783000
2010-11-08,391,393,385,385,187.54921,10535000
2010-11-09,385,391,382,382.5,186.331329,5944000
2010-11-10,384.5,385,380.5,381,185.600616,6441000
2010-11-11,381,387,381,382,186.087738,6418000
2010-11-12,381,381.5,376.5,378,184.139191,6472000
2010-11-15,378,384,378,380,185.113464,4345000
2010-11-16,382,393,382,385,187.54921,8713000
2010-11-17,383,387,381,383,186.574875,5527000
2010-11-18,385,387,380,380.5,185.357056,5974000
2010-11-19,382,388,381,382.5,186.331329,8332000
2010-11-22,384,396,381.5,396,192.90773,11640000
2010-11-23,398,410,398,399,194.369156,24076000
2010-11-24,399,405,399,400,194.856308,11953000
2010-11-25,403,404,395,397,193.394867,9656000
2010-11-26,402,406,398,398,193.882004,9955000
2010-11-29,401,403.5,395,395,192.420578,7542000
2010-11-30,396,401.5,390.5,390.5,190.228455,9676000
2010-12-01,391.5,395.5,390,391.5,190.715576,6326000
2010-12-02,395,402,394,395,192.420578,10327000
2010-12-03,402,422.5,402,422.5,205.816956,32478000
2010-12-06,430,433.5,423,423.5,206.304108,20834000
2010-12-07,419,422,415,419.5,204.355545,9521000
2010-12-08,420,432.5,420,424,206.547653,12823000
2010-12-09,430,431.5,425.5,426,207.521973,9378000
2010-12-10,426,429,416,418,203.624863,9511000
2010-12-13,421,429.5,418.5,428,208.496216,8236000
2010-12-14,431,436.5,427,431,209.957642,13701000
2010-12-15,433,434.5,423,427,208.009079,7851000
2010-12-16,428,428,421,421.5,205.329865,5917000
2010-12-17,426,436,424.5,432,210.444778,11390000
2010-12-20,437,437,428,430,209.470505,6283000
2010-12-21,435,435,430.5,434,211.419113,4542000
2010-12-22,434,436,428,428.5,208.739792,8850000
2010-12-23,430,433,426,431.5,210.201218,5094000
2010-12-24,433.5,435,423.5,423.5,206.304108,6628000
2010-12-27,423,424,412,413,201.189072,8338000
2010-12-28,413.5,418.5,411,414,201.676254,6069000
2010-12-29,415,417.5,410,410,199.727692,6224000
2010-12-30,412,414,407,407.5,198.509827,5644000
2010-12-31,410,421.5,409,417.5,203.381287,6645000
2011-01-03,421.5,422.5,414,415,202.163406,4683000
2011-01-04,421,423.5,418,418,203.624863,6853000
2011-01-05,421.5,424,418,420,204.599121,8747000
2011-01-06,421,421.5,407.5,411,200.214813,7931000
2011-01-07,409,409,385,390,189.984894,21146000
2011-01-10,385,385.5,378,385,187.54921,6816000
2011-01-11,390,401,389,398,193.882004,8594000
2011-01-12,408,416,406,415,202.163406,12198000
2011-01-13,415,417.5,410.5,411,200.214813,5819000
2011-01-14,411,411.5,403.5,405.5,197.535599,5549000
2011-01-17,405,405,397.5,397.5,193.638443,6723000
2011-01-18,395.5,405,395,400,194.856308,3866000
2011-01-19,404.5,406,398.5,401.5,195.587006,4709000
2011-01-20,398,403.5,397.5,398,193.882004,3002000
2011-01-21,391,397,390,395.5,192.664154,3627000
2011-01-24,396,402.5,394,394,191.933441,3226000
2011-01-25,400,402,396,396,192.90773,3492000
2011-01-26,400,402.5,398,401,195.343414,2950000
2011-01-27,403,411.5,402,406,197.779099,7551000
2011-01-28,404,404,396,396,192.90773,9783000
2011-02-08,380,380,368.5,368.5,179.511368,20341000
2011-02-09,361,361.5,345,345.5,168.307098,23307000
2011-02-10,346,357,346,353.5,172.204224,11903000
2011-02-11,354,354,340,345,168.063553,10932000
2011-02-14,350,352.5,348,348,169.524994,5979000
2011-02-15,350,356.5,346.5,351.5,171.229965,6696000
2011-02-16,351.5,353.5,347.5,348,169.524994,4949000
2011-02-17,350,351,339,339,165.140717,7439000
2011-02-18,342,345,341,343,167.089279,4519000
2011-02-21,344,345,339,339,165.140717,4845000
2011-02-22,333,334.5,325.5,331.5,161.487137,8531000
2011-02-23,331.5,342,331.5,334,162.704987,8717000
2011-02-24,336,341.5,334,334,162.704987,4803000
2011-02-25,337,339.5,328,334,162.704987,9043000
2011-03-01,334,339,328,328,159.78215,8099000
2011-03-02,332,350,332,345.5,168.307098,14048000
2011-03-03,344,344,337,340.5,165.871429,8817000
2011-03-04,344,344,335,335.5,163.435715,5485000
2011-03-07,331,334,328.5,332,161.730698,5139000
2011-03-08,332,344,332,341,166.11499,6311000
2011-03-09,348,349.5,343,343,167.089279,6942000
2011-03-10,344.5,348,341,348,169.524994,6148000
2011-03-11,346,347,342,345,168.063553,4755000
2011-03-14,341,341,332,336,163.679306,5175000
2011-03-15,336,341,312.5,318.5,155.154312,11527000
2011-03-16,326,328.5,321,328.5,160.025726,6099000
2011-03-17,329,350,325,344,167.576401,14017000
2011-03-18,350,350,341,346.5,168.794281,8207000
2011-03-21,346.5,346.5,341,341,166.11499,3674000
2011-03-22,344,355,344,348,169.524994,7441000
2011-03-23,350,352,347,348,169.524994,5213000
2011-03-24,350,351.5,342.5,342.5,166.845703,5383000
2011-03-25,346,348,343,343,167.089279,4042000
2011-03-28,341,345,340.5,340.5,165.871429,2466000
2011-03-29,340.5,347,340.5,341,166.11499,4663000
2011-03-30,341,342.5,335.5,335.5,163.435715,5304000
2011-03-31,335.5,338,332,338,164.653564,5177000
2011-04-01,339.5,343,337,343,167.089279,3759000
2011-04-06,347,353,345,349.5,170.255661,13675000
2011-04-07,352,352,346.5,351,170.986374,5727000
2011-04-08,351,352,347.5,350,170.499268,4402000
2011-04-11,350,354,346,354,172.4478,3932000
2011-04-12,351,352,346,346,168.55072,3186000
2011-04-13,345,348,341.5,347.5,169.281403,2925000
2011-04-14,346,346,337,339,165.140717,6957000
2011-04-15,337,342.5,336,336,163.679306,4190000
2011-04-18,336,337.5,319.5,320,155.88504,9125000
2011-04-19,315,316,308,309,150.526489,10853000
2011-04-20,310,312,303.5,308,150.039352,7843000
2011-04-21,314,316.5,311,314.5,153.205765,5377000
2011-04-22,313,316,311,311,151.500778,3480000
2011-04-25,312,314,305.5,305.5,148.821457,2958000
2011-04-26,303.5,313.5,301,313,152.475052,5446000
2011-04-27,318,329,318,320.5,156.128586,11045000
2011-04-28,321,323.5,314,314.5,153.205765,6056000
2011-04-29,314,321,311,316.5,154.180008,5738000
2011-05-03,322.5,338.5,321,337.5,164.409988,16655000
2011-05-04,343,347,340,344,167.576401,11869000
2011-05-05,347,348.5,340.5,347.5,169.281403,9219000
2011-05-06,347.5,347.5,341.5,347.5,169.281403,7244000
2011-05-09,348.5,362.5,348,360,175.370651,16713000
2011-05-10,358,358,352.5,352.5,171.717117,6541000
2011-05-11,354,358.5,350,350,170.499268,6371000
2011-05-12,348,354,347.5,352.5,171.717117,4597000
2011-05-13,352,362,349,352.5,171.717117,8588000
2011-05-16,355,357,345.5,345.5,168.307098,5387000
2011-05-17,342,344.5,334.5,334.5,162.948578,11825000
2011-05-18,336,340,336,340,165.627853,4082000
2011-05-19,340,342,328.5,330,160.756454,6583000
2011-05-20,329,330,318,318,154.910767,8599000
2011-05-23,312.5,314.5,310,310,151.01358,9343000
2011-05-24,314,323,314,314,152.962189,7568000
2011-05-25,313,317.5,310,310,151.01358,4869000
2011-05-26,314,314.5,305.5,307.5,149.795746,7317000
2011-05-27,307.5,313.5,307.5,309.5,150.770004,8517000
2011-05-30,314.5,319,312,317,154.423599,6163000
2011-05-31,320,322,318,320,155.88504,7316000
2011-06-01,322,331,322,330,160.756454,8644000
2011-06-02,327,329,320,320.5,156.128586,7074000
2011-06-03,322.5,324,319,319.5,155.641464,3474000
2011-06-07,315.5,319,310,313.5,152.718597,7157000
2011-06-08,314.5,318,312,316,153.936493,6681000
2011-06-09,314,316.5,310,312.5,152.231445,4867000
2011-06-10,313,313,306,306,149.065079,10147000
2011-06-13,304,305.5,301.5,302,147.116516,7611000
2011-06-14,303,305,302.5,304,148.09079,5334000
2011-06-15,306,311,303.5,304,148.09079,8962000
2011-06-16,301,301,297.5,297.5,144.924347,8840000
2011-06-17,300,302,298,301.5,146.872925,6249000
2011-06-20,305,305,295,295,143.706497,5197000
2011-06-21,301.5,312,300,312,151.9879,12779000
2011-06-22,319,322,315,321,156.372208,12835000
2011-06-23,320,320.5,315.5,318,154.910767,7518000
2011-06-24,319,319,311,311,151.500778,9178000
2011-06-27,305,311.5,304,311,151.500778,5842000
2011-06-28,312,314,309,309,150.526489,4312000
2011-06-29,312,318,311.5,317,154.423599,7352000
2011-06-30,317.5,319,311,312,151.9879,6422000
2011-07-01,315,316.5,313,313.5,152.718597,5073000
2011-07-04,315,316,307,314,152.962189,6528000
2011-07-05,311,313.5,309,309,150.526489,4247000
2011-07-06,309,311.5,308.5,309,150.526489,5337000
2011-07-07,310,310.5,304.5,304.5,148.334335,13152000
2011-07-08,291,294.5,287.5,288.5,150.419846,15273000
2011-07-11,288.5,288.5,275,275,143.381134,9955000
2011-07-12,267,268.5,261,262,136.603119,14323000
2011-07-13,263,266,244,247,128.782318,24311000
2011-07-14,258,259,253.5,258,134.517578,16285000
2011-07-15,261.5,268.5,256,263,137.124512,11987000
2011-07-18,261,261,251,251,130.867874,9268000
2011-07-19,253,260.5,253,259.5,135.299667,8394000
2011-07-20,265.5,274.5,263.5,272,141.816986,16383000
2011-07-21,272,273,268.5,271,141.295578,6328000
2011-07-22,281,285,275,277,144.42392,16246000
2011-07-25,277,277.5,270,270.5,141.034912,8079000
2011-07-26,275,281,273.5,281,146.50943,11211000
2011-07-27,281.5,284,276,277,144.42392,10495000
2011-07-28,268,272.5,266,266,138.688644,15781000
2011-07-29,263,266.5,255,258.5,134.778259,12267000
2011-08-01,261,263,254.5,255,132.953415,11313000
2011-08-02,251,261,249,258.5,134.778259,14410000
2011-08-03,252.5,255.5,250,251.5,131.128555,13505000
2011-08-04,252,254.5,237.5,237.5,123.829178,15531000
2011-08-05,221,232,221,224,116.790466,25219000
2011-08-08,233,235,225,231,120.440147,17407000
2011-08-09,221,247,221,247,128.782318,23417000
2011-08-10,255,261,253,256,133.474792,21384000
2011-08-11,252.5,264.5,252.5,264,137.645905,19309000
2011-08-12,269,271.5,256.5,257,133.996201,16051000
2011-08-15,265,267.5,261,266.5,138.949387,8661000
2011-08-16,269,270,262.5,262.5,136.863785,8406000
2011-08-17,262.5,265,255.5,256,133.474792,10503000
2011-08-18,253,261,253,254,132.432037,10752000
2011-08-19,250,257,246,252,131.389267,12974000
2011-08-22,260,269.5,255,269,140.252808,18708000
2011-08-23,270,273,264,272,141.816986,16287000
2011-08-24,274.5,283,274.5,280,145.988052,27358000
2011-08-25,285,291.5,281,281,146.50943,23090000
2011-08-26,285,292.5,282,292.5,152.505402,18647000
2011-08-29,292.5,292.5,287.5,289,150.680557,11870000
2011-08-30,291,298,288.5,290,151.20192,16937000
2011-08-31,293,294,286.5,291.5,151.984009,12071000
2011-09-01,294.5,300.5,290,290,151.20192,14672000
2011-09-02,290,296,288,293.5,153.026764,12917000
2011-09-05,287.5,291,285,285,148.595016,12593000
2011-09-06,280,281,273.5,274,142.859756,19095000
2011-09-07,280,284,278.5,282.5,147.29155,15492000
2011-09-08,285,285.5,281,283.5,147.812897,11070000
2011-09-09,283,289,281.5,282.5,147.29155,11854000
2011-09-13,282,286.5,281,283.5,147.812897,8302000
2011-09-14,287.5,291,268,279.5,145.727386,17942000
2011-09-15,290,297.5,287,296.5,154.590912,19912000
2011-09-16,305,312,302,311,162.151016,25158000
2011-09-19,309,314.5,307,309.5,161.368927,10686000
2011-09-20,313,328.5,313,326.5,170.232498,23738000
2011-09-21,336,341,331,339,176.749832,32642000
2011-09-22,337,348,331,348,181.442337,22362000
2011-09-23,338.5,339,324,324,168.929062,25583000
2011-09-26,306,306,306,306,159.544113,37780000
2011-09-27,326,327,320,327,170.493179,15601000
2011-09-28,336,336,322.5,333,173.621536,15246000
2011-09-29,329,335.5,326.5,328.5,171.275284,9994000
2011-09-30,331,337.5,330.5,337.5,175.967758,10018000
2011-10-03,332,333.5,320,325,169.450424,11813000
2011-10-04,313,327,311.5,327,170.493179,12469000
2011-10-05,329,333,322.5,328.5,171.275284,8725000
2011-10-06,337,337,330,330,172.057373,9089000
2011-10-07,312,312,310.5,310.5,161.890335,31041000
2011-10-11,315,320,313.5,320,166.843506,12893000
2011-10-12,320,332,317.5,329,171.53598,13089000
2011-10-13,332,337.5,328,336,175.185684,16885000
2011-10-14,339.5,344,336,336.5,175.446381,14359000
2011-10-17,342,342.5,333,336,175.185684,8574000
2011-10-18,330,342.5,330,339,176.749832,12517000
2011-10-19,342,342,326,328,171.014587,12296000
2011-10-20,328,333,324,326.5,170.232498,9530000
2011-10-21,328,332,320,332,173.100113,8852000
2011-10-24,340,345,337,344,179.356781,16472000
2011-10-25,343,345,339,339,176.749832,13182000
2011-10-26,334,339.5,333.5,338,176.22847,8497000
2011-10-27,335,337,326,327,170.493179,15423000
2011-10-28,332,333.5,322,324,168.929062,15284000
2011-10-31,320,322,315,318,165.800751,16681000
2011-11-01,318,326,318,319.5,166.582809,11985000
2011-11-02,315,326,314,326,169.971786,9925000
2011-11-03,324.5,325.5,311,311,162.151016,13078000
2011-11-04,320,322,316.5,321,167.364883,9913000
2011-11-07,321,323,317.5,317.5,165.540024,4643000
2011-11-08,321,322,316,317,165.279327,5118000
2011-11-09,321,325,318,318,165.800751,6665000
2011-11-10,311,315,307,309.5,161.368927,9961000
2011-11-11,312,317,307,312.5,162.933075,10109000
2011-11-14,317,323,316.5,321,167.364883,7300000
2011-11-15,320,323,314.5,315,164.236588,6199000
2011-11-16,315.5,317.5,306,306,159.544113,11517000
2011-11-17,301,308.5,298,308.5,160.847565,11385000
2011-11-18,306.5,312,303.5,308,160.586853,7458000
2011-11-21,308,312,301,301,156.93718,9345000
2011-11-22,303,305,289,289,150.680557,15431000
2011-11-23,285.5,292,284,284,148.073624,10421000
2011-11-24,284,284,268,273.5,142.599045,17250000
2011-11-25,282,288,271.5,273.5,142.599045,12793000
2011-11-28,275.5,284,274,281,146.50943,8627000
2011-11-29,283,285,279,282.5,147.29155,7686000
2011-11-30,283,287,278,279.5,145.727386,9506000
2011-12-01,291,292,286.5,287.5,149.898468,9581000
2011-12-02,287.5,290.5,285.5,289,150.680557,4254000
2011-12-05,288,289,280.5,280.5,146.248749,5000000
2011-12-06,276,278.5,261,262,136.603119,12792000
2011-12-07,259,266.5,253,263.5,137.385223,15561000
2011-12-08,261,262,254,257,133.996201,9243000
2011-12-09,250,261.5,248,260,135.560349,10329000
2011-12-12,265,267,260,261,136.081741,5725000
2011-12-13,260,269,260,269,140.252808,9172000
2011-12-14,270,271,265.5,267.5,139.470734,7036000
2011-12-15,265,266,256.5,256.5,133.735474,10287000
2011-12-16,256.5,260,255,255,132.953415,6472000
2011-12-19,252,253,243,243.5,126.957474,8385000
2011-12-20,243.5,254.5,243.5,251,130.867874,8076000
2011-12-21,268,268.5,265,268.5,139.992111,10068000
2011-12-22,268.5,269.5,266,268,139.731476,6939000
2011-12-23,275,286,273.5,281.5,146.770172,13789000
2011-12-26,282.5,283,278,281,146.50943,6778000
2011-12-27,280,281.5,277,279,145.46669,5602000
2011-12-28,280,282,273.5,275.5,143.641846,8480000
2011-12-29,274,277.5,271.5,277.5,144.684601,5451000
2011-12-30,281,282,276,277.5,144.684601,5381000
2012-01-02,279.5,280,254,254,132.432037,10596000
2012-01-03,279,281,260.5,260.5,135.821045,16202000
2012-01-04,282,285.5,261,261,136.081741,15873000
2012-01-05,283.5,283.5,279,282,147.030838,13977000
2012-01-06,281.5,281.5,277.5,278.5,145.205978,10342000
2012-01-09,275,276,266.5,267,139.210052,11573000
2012-01-10,268.5,271.5,268.5,270,140.7742,9138000
2012-01-11,272,277,270.5,274.5,143.120453,7532000
2012-01-12,274.5,276,267,272,141.816986,9214000
2012-01-13,274.5,274.5,269,272,141.816986,12606000
2012-01-16,272,272,259.5,260,135.560349,11933000
2012-01-17,260,266,256.5,263,137.124512,12253000
2012-01-18,263,266.5,261,263,137.124512,9011000
2012-01-30,269,279.5,266,279.5,145.727386,17233000
2012-01-31,281,287,277,282.5,147.29155,17012000
2012-02-01,282,291,277.5,288,150.159134,12874000
2012-02-02,290,290,283,286.5,149.37706,16478000
2012-02-03,286,299,286,292.5,152.505402,18129000
2012-02-06,289,291,284,285,148.595016,15976000
2012-02-07,282,289,280.5,285,148.595016,10149000
2012-02-08,288,293.5,288,291,151.723343,13012000
2012-02-09,291,298,289.5,292.5,152.505402,14241000
2012-02-10,293,295.5,289,291.5,151.984009,10118000
2012-02-13,292,311.5,291,311.5,162.411728,27414000
2012-02-14,316,324.5,314,316,164.75798,25707000
2012-02-15,321,323,316.5,317.5,165.540024,11977000
2012-02-16,317.5,318.5,299,303,157.979919,13059000
2012-02-17,308,313,301,303,157.979919,15374000
2012-02-20,306.5,311,303,308,160.586853,7495000
2012-02-21,308,311,304,306,159.544113,5680000
2012-02-22,304,315.5,304,313,163.193817,12599000
2012-02-23,310,313,304,304,158.501343,10805000
2012-02-24,304,306,300,302,157.458542,6862000
2012-02-29,310,311,300,301,156.93718,14707000
2012-03-01,302,306.5,301,303.5,158.240662,8453000
2012-03-02,307,316.5,306.5,315,164.236588,19523000
2012-03-05,317,319.5,308,308,160.586853,11543000
2012-03-06,310,314,306,314,163.715179,12704000
2012-03-07,312,322,310,317.5,165.540024,18935000
2012-03-08,319,321,312,312,162.672394,12788000
2012-03-09,312,315,310,310,161.629639,11079000
2012-03-12,310,312.5,303,303,157.979919,8555000
2012-03-13,305,307.5,303,303.5,158.240662,7582000
2012-03-14,306,311,305.5,306,159.544113,9772000
2012-03-15,310,316,310,313.5,163.454498,16734000
2012-03-16,313,313.5,308,309,161.108261,9426000
2012-03-19,310,311,305,307,160.065521,6631000
2012-03-20,310,312,303,304,158.501343,8234000
2012-03-21,304.5,306.5,299.5,302.5,157.719238,8054000
2012-03-22,301,303.5,299,300,156.415771,9373000
2012-03-23,300,301,294,296,154.330246,11910000
2012-03-26,296,300,295,296,154.330246,7129000
2012-03-27,299,299,295,295,153.808823,5087000
2012-03-28,295.5,297.5,286.5,286.5,149.37706,16865000
2012-03-29,283.5,283.5,268,274,142.859756,24306000
2012-03-30,276.5,282.5,275,282.5,147.29155,12545000
2012-04-02,282.5,282.5,275.5,276.5,144.163208,6181000
2012-04-03,278,281,271,277,144.42392,9414000
2012-04-05,271,276,269,274.5,143.120453,5914000
2012-04-06,277,279,276,279,145.46669,5692000
2012-04-09,273.5,277.5,272.5,273,142.338364,3546000
2012-04-10,276,278.5,273,275.5,143.641846,3985000
2012-04-11,272.5,277,272.5,277,144.42392,2783000
2012-04-12,277,280.5,274,278,144.945297,6874000
2012-04-13,280,282,278,279.5,145.727386,7282000
2012-04-16,278,287.5,277,282,147.030838,8797000
2012-04-17,285,286,274,274,142.859756,9857000
2012-04-18,280,281,276,277.5,144.684601,6917000
2012-04-19,278,278,273.5,276.5,144.163208,5519000
2012-04-20,276.5,276.5,260,260,135.560349,18277000
2012-04-23,260,263.5,256,260.5,135.821045,8278000
2012-04-24,260,262,257,258,134.517578,7208000
2012-04-25,260,263.5,259,263,137.124512,7584000
2012-04-26,265,265,257,257,133.996201,7557000
2012-04-27,258,260.5,239.5,240.5,125.393318,18681000
2012-04-30,235,253,235,253,131.91066,11718000
2012-05-02,255.5,269,249,267,139.210052,20470000
2012-05-03,265,267,262,265.5,138.427933,9581000
2012-05-04,264.5,271.5,263.5,271,141.295578,10502000
2012-05-07,267,273.5,266,273.5,142.599045,8885000
2012-05-08,276,276,265,265,138.167282,8703000
2012-05-09,262,269,260.5,265,138.167282,5789000
2012-05-10,265,268,262,264,137.645905,4252000
2012-05-11,265.5,267,263,263,137.124512,5169000
2012-05-14,263.5,265,261.5,264,137.645905,3544000
2012-05-15,260.5,269,260.5,269,140.252808,6998000
2012-05-16,269,269,262,262,136.603119,5931000
2012-05-17,267,276,264.5,272.5,142.077682,9865000
2012-05-18,268,269,261,262,136.603119,7114000
2012-05-21,264,268,262,262,136.603119,3851000
2012-05-22,266,266.5,262,262.5,136.863785,5561000
2012-05-23,260,260,252,253,131.91066,7652000
2012-05-24,255,258,254.5,256.5,133.735474,4533000
2012-05-25,256.5,259,254.5,254.5,132.692703,4538000
2012-05-28,255.5,259,249,259,135.038971,6343000
2012-05-29,262,273,261,272.5,142.077682,12274000
2012-05-30,272,272,267,267,139.210052,8598000
2012-05-31,262,271,261,264,137.645905,11705000
2012-06-01,263,267.5,256,257.5,134.256897,7941000
2012-06-04,245.5,249,241,245,127.739555,10192000
2012-06-05,253.5,254.5,251,254,132.432037,7086000
2012-06-06,255,259,252.5,257.5,134.256897,5552000
2012-06-07,264,265,260.5,260.5,135.821045,7412000
2012-06-08,261,262,253,254,132.432037,7077000
2012-06-11,260,262,256,258,134.517578,3711000
2012-06-12,252,255.5,252,255,132.953415,3132000
2012-06-13,259,259.5,256,258,134.517578,3492000
2012-06-14,260,265,257.5,261,136.081741,7635000
2012-06-15,263,269,262,265,138.167282,9881000
2012-06-18,272,278.5,271,276.5,144.163208,12323000
2012-06-19,276.5,277.5,271.5,274.5,143.120453,6582000
2012-06-20,277.5,278,274.5,276,143.902542,7187000
2012-06-21,275,276,270.5,271,141.295578,4944000
2012-06-22,269,274,267,274,142.859756,6090000
2012-06-25,278,288,278,280.5,146.248749,19018000
2012-06-26,280.5,282.5,273,274.5,143.120453,14172000
2012-06-27,276,276,271,272,141.816986,8048000
2012-06-28,277,277,270,272,141.816986,8759000
2012-06-29,273,273.5,270.5,273,142.338364,6506000
2012-07-02,274,275,269,269,140.252808,6282000
2012-07-03,271,273.5,270.5,273.5,142.599045,5525000
2012-07-04,274,276,272.5,274.5,143.120453,8376000
2012-07-05,274.5,276,273.5,274,142.859756,4092000
2012-07-06,275,277.5,272,273,142.338364,5573000
2012-07-09,273,276,273,275,143.381134,3554000
2012-07-10,276,276,264,265,138.167282,7602000
2012-07-11,261,265.5,261,264.5,137.906601,3032000
2012-07-12,265,265,254.5,256,133.474792,6632000
2012-07-13,256,256,248,248,129.303726,10841000
2012-07-16,245,245.5,242,243.5,131.738205,9097000
2012-07-17,245,250.5,244,250.5,135.525345,7708000
2012-07-18,251.5,251.5,245,246,133.090744,6525000
2012-07-19,250,250,247.5,248,134.172775,4336000
2012-07-20,249.5,250.5,248.5,250,135.254837,3603000
2012-07-23,246,246,243,243.5,131.738205,4767000
2012-07-24,243,244.5,240,243.5,131.738205,6101000
2012-07-25,240,243,240,241,130.385651,6880000
2012-07-26,243,244,235.5,236.5,127.95105,7374000
2012-07-27,241,242,238.5,240,129.84462,9297000
2012-07-30,244,248,244,247,133.63176,11363000
2012-07-31,247,255,243.5,255,137.95993,21326000
2012-08-01,269,272.5,266,272.5,147.42775,26785000
2012-08-02,272.5,272.5,272.5,272.5,147.42775,0
2012-08-03,279,280.5,275,279,150.944382,22962000
2012-08-06,283,283.5,275,275,148.780334,11295000
2012-08-07,278,281.5,276,281,152.026443,12396000
2012-08-08,284,288.5,282,282,152.567459,17574000
2012-08-09,284,284.5,279,282,152.567459,13200000
2012-08-10,284,289,282.5,284,153.649506,13813000
2012-08-13,288,296,285.5,293.5,158.789154,19765000
2012-08-14,296,296,289,291,157.4366,11781000
2012-08-15,290,292,284,284.5,153.919983,14278000
2012-08-16,286,292.5,284,292,157.977615,11713000
2012-08-17,291,297.5,290.5,294.5,159.330185,11639000
2012-08-20,296,299.5,295,298,161.22374,10003000
2012-08-21,303,306,298.5,300,162.305756,16527000
2012-08-22,304,304.5,298.5,302.5,163.65834,10160000
2012-08-23,304,312,300.5,312,168.798019,21885000
2012-08-24,310,320,309,318,172.044128,24626000
2012-08-27,318,319,313,319,172.585159,10248000
2012-08-28,318.5,318.5,313,315,170.421097,10274000
2012-08-29,317,321,311.5,320,173.12619,14630000
2012-08-30,320,322,316.5,316.5,171.23259,10775000
2012-08-31,318,320,315.5,320,173.12619,7547000
2012-09-03,320,322,318,320,173.12619,6244000
2012-09-04,320,327,320,325,175.831268,9412000
2012-09-05,323.5,326,320.5,321,173.667191,8343000
2012-09-06,321,323,314,314,169.880081,10559000
2012-09-07,320,323.5,315,322,174.208191,16504000
2012-09-10,324,337,323.5,337,182.323502,20005000
2012-09-11,338,340,335,339,183.405548,10049000
2012-09-12,340,340.5,333.5,336.5,182.052994,10102000
2012-09-13,334,338,333,334.5,180.970932,7488000
2012-09-14,340,344.5,337,339,183.405548,11760000
2012-09-17,339,339,328.5,331.5,179.3479,11657000
2012-09-18,330,337,328,331,179.077408,10608000
2012-09-19,329,329.5,323.5,326.5,176.642792,13736000
2012-09-20,326,329,325,325,175.831268,11042000
2012-09-21,325,325,317,321.5,173.937698,13073000
2012-09-24,321.5,331.5,321,330,178.536377,12987000
2012-09-25,334.5,335,326,326,176.372253,7844000
2012-09-26,328.5,330,322,322,174.208191,9349000
2012-09-27,323,325,321,325,175.831268,6734000
2012-09-28,322,322,303,309.5,167.445496,30406000
2012-10-01,307.5,312.5,305.5,312.5,169.068527,11248000
2012-10-02,313,322,311.5,322,174.208191,11063000
2012-10-03,321,323,317.5,321.5,173.937698,6193000
2012-10-04,320,321.5,313,318.5,172.314636,7258000
2012-10-05,326,330.5,324.5,325,175.831268,15599000
2012-10-08,330,330,326,327,176.913315,9280000
2012-10-09,328,330,318,324,175.290253,10484000
2012-10-11,320,328,320,325.5,176.101746,17480000
2012-10-12,325,325,318,320,173.12619,9180000
2012-10-15,318,319.5,314.5,315,170.421097,5977000
2012-10-16,318,321,317,317.5,171.773621,9903000
2012-10-17,320,321,317,317,171.503113,6422000
2012-10-18,321,321.5,318.5,320,173.12619,5403000
2012-10-19,320,323.5,318,323.5,175.01973,4476000
2012-10-22,320,326,318.5,326,176.372253,5534000
2012-10-23,327,327.5,322.5,322.5,174.478714,3767000
2012-10-24,320.5,327.5,320,326.5,176.642792,5700000
2012-10-25,326.5,326.5,320,321,173.667191,6031000
2012-10-26,325,325,318.5,318.5,172.314636,7021000
2012-10-29,321,331.5,320.5,329.5,178.265854,16712000
2012-10-30,330,330.5,324,325,175.831268,13314000
2012-10-31,325,325,320,324.5,175.56073,8665000
2012-11-01,323.5,327.5,320,326.5,176.642792,6188000
2012-11-02,328,328.5,321.5,325,175.831268,5797000
2012-11-05,324,325,316.5,318,172.044128,6819000
2012-11-06,320,320,306,310,167.715973,13839000
2012-11-07,310,315.5,305,315,170.421097,10004000
2012-11-08,313,319,311,317,171.503113,10393000
2012-11-09,317,326,316,325,175.831268,10157000
2012-11-12,328,328,321,322,174.208191,4651000
2012-11-13,324,327.5,320,320,173.12619,7471000
2012-11-14,320.5,320.5,311,318,172.044128,8827000
2012-11-15,317,319.5,313.5,318,172.044128,6274000
2012-11-16,316.5,320.5,315,315,170.421097,5718000
2012-11-19,315,318.5,311,312,168.798019,4647000
2012-11-20,314,315,306.5,308,166.633942,6555000
2012-11-21,305,311,303,310.5,167.986496,5960000
2012-11-22,314,315,311,313,169.33902,3517000
2012-11-23,316,321,315,320,173.12619,6770000
2012-11-26,322,326,322,325,175.831268,7733000
2012-11-27,326.5,327.5,323.5,324.5,175.56073,4816000
2012-11-28,322,324.5,320.5,324,175.290253,3788000
2012-11-29,327,329.5,325,327.5,177.183777,8199000
2012-11-30,330,334.5,328.5,330.5,178.806854,13965000
2012-12-03,334,338,333,335,181.241455,10802000
2012-12-04,335,335,329,332,179.618393,8497000
2012-12-05,329,331,326.5,330,178.536377,7404000
2012-12-06,332,332.5,322.5,323.5,175.01973,12452000
2012-12-07,323,326,319,323.5,175.01973,11081000
2012-12-10,323,323,316.5,318,172.044128,9052000
2012-12-11,318.5,322.5,318.5,322,174.208191,7240000
2012-12-12,326,341,325.5,340.5,184.217026,21100000
2012-12-13,342.5,351,338.5,339.5,183.67601,23230000
2012-12-14,338,342.5,335.5,339.5,183.67601,10956000
2012-12-17,343,343,336,338,182.864532,8716000
2012-12-18,340,340.5,332,335.5,181.511978,7202000
2012-12-19,333,333.5,326,327,176.913315,13502000
2012-12-20,324.5,329.5,322.5,323,174.749222,9180000
2012-12-21,324,326.5,320,321,173.667191,6691000
2012-12-24,316.5,320.5,315,317.5,171.773621,4295000
2012-12-25,320,323,318.5,322,174.208191,4040000
2012-12-26,324,324.5,321.5,321.5,173.937698,4038000
2012-12-27,322,325.5,321,324,175.290253,5380000
2012-12-28,324.5,325.5,319,323.5,175.01973,8646000
2013-01-02,324.5,325,322,325,175.831268,7899000
2013-01-03,327,329,325.5,326,176.372253,10614000
2013-01-04,308,314,304.5,305.5,165.281403,24953000
2013-01-07,301.5,302.5,295,301.5,163.117325,15684000
2013-01-08,300,303,299,302.5,163.65834,10876000
2013-01-09,303.5,312,302.5,312,168.798019,11564000
2013-01-10,317,317,310,314,169.880081,12989000
2013-01-11,315.5,315.5,310,312.5,169.068527,4408000
2013-01-14,312,312,306.5,312,168.798019,4922000
2013-01-15,314,314,311,311.5,168.527512,4592000
2013-01-16,314,314,301,309.5,167.445496,10406000
2013-01-17,306,310.5,306,307,166.092896,6855000
2013-01-18,308.5,310,304,309,167.174957,5456000
2013-01-21,312,318.5,310,316.5,171.23259,7654000
2013-01-22,319,320,315.5,318.5,172.314636,6246000
2013-01-23,318.5,318.5,316,317.5,171.773621,6051000
2013-01-24,316,319.5,313.5,319,172.585159,5227000
2013-01-25,320,324,317.5,322,174.208191,6957000
2013-01-28,325,326,322.5,325,175.831268,6456000
2013-01-29,328,328,323.5,325,175.831268,5494000
2013-01-30,326,327,323.5,325,175.831268,7943000
2013-01-31,325,325,318,323,174.749222,9457000
2013-02-01,322.5,325,321.5,324.5,175.56073,6203000
2013-02-04,324.5,326,320.5,325,175.831268,7545000
2013-02-05,324.5,326.5,323,326,176.372253,9665000
2013-02-06,327,327.5,324,325,175.831268,6058000
2013-02-18,328,329,324,325,175.831268,5878000
2013-02-19,325,326,322,324,175.290253,4416000
2013-02-20,327,328,325,326,176.372253,5678000
2013-02-21,326,327,325,326,176.372253,4398000
2013-02-22,326,327,324.5,327,176.913315,3928000
2013-02-25,328,339.5,325.5,336.5,182.052994,12155000
2013-02-26,335.5,336.5,330,330,178.536377,6866000
2013-02-27,332,335.5,331.5,333.5,180.429916,6696000
2013-03-01,338,340,336.5,338.5,183.135025,8501000
2013-03-04,340.5,342.5,339,341.5,184.758057,11957000
2013-03-05,344,352,342,347.5,188.004211,16143000
2013-03-06,350.5,353,346,346,187.192703,9676000
2013-03-07,346,348.5,344,346,187.192703,5970000
2013-03-08,346.5,353.5,346.5,348,188.274704,6786000
2013-03-11,352,352,349,350,189.35672,9062000
2013-03-12,350,360,349,355,192.061844,13112000
2013-03-13,358,359.5,352,352.5,190.70929,5903000
2013-03-14,352.5,354,343,343,185.569626,7212000
2013-03-15,348,348,341.5,341.5,184.758057,6163000
2013-03-18,341,341.5,338.5,338.5,183.135025,6392000
2013-03-19,343.5,344.5,339,340,183.946548,7260000
2013-03-20,340,347,338,339,183.405548,7925000
2013-03-21,342,342,332,332,179.618393,10937000
2013-03-22,334,337,333,333,180.159393,6201000
2013-03-25,335.5,339,332,338.5,183.135025,5198000
2013-03-26,340,342,338,340,183.946548,5158000
2013-03-27,341.5,343.5,341,342.5,185.299057,5664000
2013-03-28,345,345,339,340,183.946548,5660000
2013-03-29,344.5,344.5,340.5,342,185.02858,3555000
2013-04-01,342,344,340.5,341,184.487579,3338000
2013-04-02,342.5,351,341.5,348,188.274704,8420000
2013-04-03,350,358.5,349,356,192.602844,12078000
2013-04-08,351,352,346,350,189.35672,10124000
2013-04-09,351,353.5,349,349.5,189.086212,6903000
2013-04-10,353,353.5,349,352.5,190.70929,7309000
2013-04-11,354,354.5,349.5,351,189.897751,5133000
2013-04-12,351,351,345.5,345.5,186.92215,4285000
2013-04-15,345,349,337,337.5,182.594009,6059000
2013-04-16,336,342,335.5,340.5,184.217026,4887000
2013-04-17,341,348,338.5,347,187.733673,4595000
2013-04-18,346,350,343.5,346,187.192703,3336000
2013-04-19,349,358,349,358,193.684906,14659000
2013-04-22,361,367,361,363,196.389999,13071000
2013-04-23,365,365,358,365,197.472031,5330000
2013-04-24,368,368,363,365,197.472031,6322000
2013-04-25,364,364,360.5,362,195.848953,4791000
2013-04-26,361,362,355,355,192.061844,6500000
2013-04-29,357,361.5,355.5,361.5,195.578491,4349000
2013-04-30,363,365.5,360,360,194.766953,5423000
2013-05-02,362,366,354,366,198.013046,7608000
2013-05-03,367.5,368,363.5,366.5,198.283569,5917000
2013-05-06,369,373.5,369,372.5,201.529694,7906000
2013-05-07,375.5,380,368.5,371,200.718155,14252000
2013-05-08,373.5,379.5,373.5,376,203.423248,10314000
2013-05-09,380,380,374,375,202.882217,5609000
2013-05-10,375,375,367.5,369,199.636124,6830000
2013-05-13,366.5,370,366.5,369,199.636124,3754000
2013-05-14,370.5,372,367,367,198.554092,2868000
2013-05-15,367,370.5,366,367.5,198.824554,4185000
2013-05-16,370,378,370,374,202.341248,7909000
2013-05-17,377,382,377,379,205.046326,9423000
2013-05-20,380,383.5,378.5,378.5,204.775757,4775000
2013-05-21,380,382.5,376,377.5,204.234772,4778000
2013-05-22,382.5,385,380,382,206.669357,7835000
2013-05-23,377,379,370,370,200.177139,10652000
2013-05-24,370,372,359,363,196.389999,9839000
2013-05-27,362.5,362.5,358,360,194.766953,5089000
2013-05-28,360,365,360,363,196.389999,4459000
2013-05-29,365.5,365.5,362.5,364,196.931046,4188000
2013-05-30,364,364.5,359,361.5,195.578491,4781000
2013-05-31,366,372,363,372,201.259155,9805000
2013-06-03,368,369.5,365,368,199.095123,4472000
2013-06-04,370.5,373,369,369,199.636124,4964000
2013-06-05,371,373,364.5,364.5,197.201508,4757000
2013-06-06,364.5,368.5,363.5,366.5,198.283569,4591000
2013-06-07,372,372.5,366.5,370,200.177139,7080000
2013-06-10,375,377,372,376,203.423248,6216000
2013-06-11,373.5,373.5,366,366.5,198.283569,8348000
2013-06-13,362.5,364.5,360,361,195.307953,5936000
2013-06-14,364,364.5,351,352,190.438797,6777000
2013-06-17,353,356.5,350,354,191.520813,6028000
2013-06-18,354,356.5,351,355.5,192.332352,4694000
2013-06-19,357.5,358,351.5,351.5,190.168259,5578000
2013-06-20,346,348,341.5,342.5,185.299057,8083000
2013-06-21,333,336.5,320.5,330,178.536377,16306000
2013-06-24,325,325,308.5,309,167.174957,13220000
2013-06-25,309,320,302,314,169.880081,15348000
2013-06-26,323,331,321,328,177.454315,13416000
2013-06-27,330,332,324,328,177.454315,11882000
2013-06-28,329,348.5,329,348.5,188.545212,13758000
2013-07-01,342,346.5,339.5,345,186.651688,8110000
2013-07-02,348,348,338.5,341.5,184.758057,5872000
2013-07-03,348.5,349,335.5,335.5,181.511978,8213000
2013-07-04,335.5,339.5,330,330,178.536377,5709000
2013-07-05,336,347,334,345.5,186.92215,9011000
2013-07-08,349,350,343.5,349,188.81575,9452000
2013-07-09,352,354.5,350,353.5,191.25029,5136000
2013-07-10,355,355,349,351.5,190.168259,5279000
2013-07-11,354.5,356,350,350,189.35672,7091000
2013-07-12,351,360,349.5,360,194.766953,10846000
2013-07-15,360,361,356.5,358,193.684906,7165000
2013-07-16,352,355,349.5,349.5,193.962387,7279000
2013-07-17,344,347,340,340,188.69017,7593000
2013-07-18,337,337.5,328,331,183.695435,7742000
2013-07-19,323,328.5,315,322.5,178.978165,11123000
2013-07-22,329,333,324.5,330.5,183.417938,5415000
2013-07-23,334,348.5,334,343.5,190.632538,8789000
2013-07-24,348,348,344,346.5,192.297501,5539000
2013-07-25,346.5,356,343.5,355,197.014755,8415000
2013-07-26,358,363.5,354.5,358,198.679642,7524000
2013-07-29,361.5,364,358.5,361,200.344559,6120000
2013-07-30,361,361,352,355.5,197.292206,5946000
2013-07-31,357,361,354,360,199.789597,6499000
2013-08-01,363.5,366,355.5,362,200.899521,6824000
2013-08-02,366,366,360,363,201.454514,6256000
2013-08-05,365,365,357,358.5,198.957138,4965000
2013-08-06,355,355,348,351,194.79483,5465000
2013-08-07,352,357.5,349,350,194.239838,5974000
2013-08-08,357,358,353,354,196.459747,5014000
2013-08-09,353.5,353.5,348.5,351,194.79483,3974000
2013-08-12,355,355,351,352.5,195.627304,2631000
2013-08-13,358,366,356,366,203.119431,10176000
2013-08-14,366,366,361,363,201.454514,5124000
2013-08-15,360,366,358,360,199.789597,5612000
2013-08-16,360,364,359,360,199.789597,3843000
2013-08-19,365,379,364,375,208.114136,11064000
2013-08-20,375,382,368.5,370,205.33931,8948000
2013-08-22,372.5,372.5,367,368,204.229385,6374000
2013-08-23,373,374,367,367,203.674393,4123000
2013-08-26,375,376.5,367.5,367.5,203.951843,5709000
2013-08-27,370.5,375.5,367.5,367.5,203.951843,7217000
2013-08-28,366,373,366,366,203.119431,7159000
2013-08-29,368,368.5,359,363.5,201.731964,10285000
2013-08-30,365,367,360,367,203.674393,6695000
2013-09-02,366,366,358,358,198.679642,5924000
2013-09-03,362,364.5,360.5,363.5,201.731964,6067000
2013-09-04,362.5,366,362,365,202.564423,4016000
2013-09-05,363.5,367.5,362,367.5,203.951843,4963000
2013-09-06,366,372,365.5,369.5,205.061783,7127000
2013-09-09,372,372,366,370,205.33931,5659000
2013-09-10,372,372.5,365,369,204.784348,5597000
2013-09-11,369,370,364.5,370,205.33931,5083000
2013-09-12,372,375,369,374,207.559204,6276000
2013-09-13,374.5,375.5,370.5,370.5,205.616791,4304000
2013-09-16,369,370,365.5,370,205.33931,4466000
2013-09-17,370,372.5,368,372,206.449234,4503000
2013-09-18,372,372,370,370,205.33931,3842000
2013-09-23,372,373.5,368.5,371,205.894257,4378000
2013-09-24,374,374,368.5,369.5,205.061783,4463000
2013-09-25,367,371.5,365.5,371.5,206.171753,3696000
2013-09-26,367,372,367,372,206.449234,5994000
2013-09-27,372,373.5,370.5,370.5,205.616791,6506000
2013-09-30,368.5,369,361,365.5,202.841934,5571000
2013-10-01,365.5,368.5,365,365.5,202.841934,4476000
2013-10-02,369,371.5,368,368,204.229385,5248000
2013-10-03,370.5,378,369.5,376,208.669128,13404000
2013-10-04,377,379.5,376.5,379.5,210.611511,8802000
2013-10-07,380,382,373,373,207.004227,6433000
2013-10-08,374.5,381,374,378.5,210.056519,7698000
2013-10-09,381,382,376.5,382,211.998947,8347000
2013-10-11,386.5,387.5,383.5,384.5,213.386414,8483000
2013-10-14,387,387,380,384.5,213.386414,6041000
2013-10-15,388,394,385.5,394,218.6586,10988000
2013-10-16,395,397.5,388.5,389.5,216.16127,8562000
2013-10-17,394,396,390,394,218.6586,6192000
2013-10-18,396.5,396.5,393,395,219.213547,3492000
2013-10-21,397,397,389.5,391.5,217.271179,4853000
2013-10-22,388,391.5,385,391.5,217.271179,5924000
2013-10-23,393,397,391.5,396,219.768555,6210000
2013-10-24,395,395,391.5,394,218.6586,4751000
2013-10-25,391,394,388,388.5,215.606277,3099000
2013-10-28,388.5,393.5,387.5,391,216.993683,2970000
2013-10-29,391.5,396,390,395,219.213547,4223000
2013-10-30,397,398.5,392.5,395,219.213547,4069000
2013-10-31,396.5,402,394,402,223.098358,7758000
2013-11-01,405,412.5,403.5,404.5,224.485809,6689000
2013-11-04,414,432.5,413.5,432.5,240.025009,21695000
2013-11-05,437,448.5,430,430,238.637619,14893000
2013-11-06,433,437,425.5,432,239.747513,6275000
2013-11-07,436.5,437,428.5,429.5,238.360077,3883000
2013-11-08,429.5,435,427,428,237.527634,3750000
2013-11-11,426,434,426,426,236.417709,4061000
2013-11-12,426,428,410,415,230.313004,6620000
2013-11-13,416,422,412.5,412.5,228.925583,7246000
2013-11-14,410,418,410,410.5,227.815613,7198000
2013-11-15,412,417,410.5,410.5,227.815613,6127000
2013-11-18,410,414.5,410,414,229.758011,6486000
2013-11-19,418,432,416,431.5,239.470032,9532000
2013-11-20,432,432,418.5,419,232.532913,9138000
2013-11-21,424,424,412.5,415,230.313004,7419000
2013-11-22,416.5,425.5,416.5,424,235.307755,5893000
2013-11-25,430,432,426.5,428,237.527634,5739000
2013-11-26,429.5,434,424,431.5,239.470032,5966000
2013-11-27,435,435,428.5,428.5,237.80513,2893000
2013-11-28,425.5,436.5,425.5,435,241.412415,4981000
2013-11-29,438,438,433.5,436,241.967377,5904000
2013-12-02,437,437,428.5,430,238.637619,4370000
2013-12-03,431,435,429.5,434.5,241.134964,3206000
2013-12-04,434,435,429.5,435,241.412415,3346000
2013-12-05,435,435,430.5,430.5,238.915024,2445000
2013-12-06,430,433.5,428,430,238.637619,3903000
2013-12-09,435,435,428,428,237.527634,3757000
2013-12-10,431.5,431.5,426,429.5,238.360077,2985000
2013-12-11,429.5,432,427,430,238.637619,3681000
2013-12-12,426,428,412,421,233.642868,6519000
2013-12-13,421,421,412,417,231.422974,5577000
2013-12-16,420,420,412,417,231.422974,4902000
2013-12-17,420,425,419,423.5,235.030212,5343000
2013-12-18,426.5,427,418,418,231.977905,4951000
2013-12-19,425,429,423,429,238.082626,4724000
2013-12-20,430,434,428,432.5,240.025009,5984000
2013-12-23,435,436.5,431.5,431.5,239.470032,4279000
2013-12-24,434,434,427.5,427.5,237.250137,2764000
2013-12-25,431,431.5,428,430,238.637619,1856000
2013-12-26,429.5,430.5,428,428.5,237.80513,1384000
2013-12-27,433,437,430,436,241.967377,5866000
2013-12-30,438,446,436.5,444.5,246.684662,7132000
2013-12-31,446,447,441,443.5,246.129684,4191000
2014-01-02,445,447.5,441,441,244.742249,3756000
2014-01-03,443,443,433,435.5,241.689926,3771000
2014-01-06,435.5,438,431.5,431.5,239.470032,3237000
2014-01-07,430,430.5,418.5,418.5,232.255356,11988000
2014-01-08,418.5,418.5,402,407,225.873215,15774000
2014-01-09,409,415,407.5,412,228.648117,8776000
2014-01-10,415,419,413,417,231.422974,7060000
2014-01-13,420,422,415.5,415.5,230.590469,4955000
2014-01-14,415,417,413,415.5,230.590469,5648000
2014-01-15,415,420,412.5,419,232.532913,10755000
2014-01-16,420,423,417,418,231.977905,5624000
2014-01-17,418,420,415,415,230.313004,2498000
2014-01-20,415,417,407,410,227.538147,5266000
2014-01-21,402,402,386,388,215.328781,17256000
2014-01-22,385,401,384,399,221.433472,10317000
2014-01-23,400,405.5,400,402,223.098358,5624000
2014-01-24,404,407.5,401,407.5,226.150711,3889000
2014-01-27,403.5,406.5,396.5,400.5,222.26593,7984000
2014-02-05,390,405,389.5,401,222.543396,12088000
2014-02-06,409,410,403.5,407.5,226.150711,7293000
2014-02-07,412.5,412.5,405,409.5,227.260681,5837000
2014-02-10,414,414.5,407.5,410,227.538147,2863000
2014-02-11,410,420,408,419,232.532913,5554000
2014-02-12,425,436.5,425,434,240.857391,13075000
2014-02-13,434,434,428,429,238.082626,4879000
2014-02-14,434,437.5,428.5,431.5,239.470032,5243000
2014-02-17,434.5,434.5,428.5,429,238.082626,3494000
2014-02-18,434,434,429.5,433.5,240.579956,2678000
2014-02-19,435,435,431,435,241.412415,2648000
2014-02-20,435,437,432.5,435,241.412415,3914000
2014-02-21,437,437,433.5,436,241.967377,3931000
2014-02-24,436,437.5,435,436,241.967377,2858000
2014-02-25,438,447,438,445.5,247.239624,9653000
2014-02-26,445,449,444,445.5,247.239624,8131000
2014-02-27,448,455,443,445,246.962112,9991000
2014-03-03,453,453,443,450,249.736954,8013000
2014-03-04,452,454,445,445,246.962112,4573000
2014-03-05,450,453,447.5,450.5,250.014496,5231000
2014-03-06,451.5,465,451,465,258.061554,10955000
2014-03-07,471,481.5,465.5,473,262.501312,13983000
2014-03-10,477,479,470.5,472,261.94635,4745000
2014-03-11,474,478.5,472.5,474.5,263.33371,3695000
2014-03-12,460,468.5,456,456,253.066849,7823000
2014-03-13,456,461.5,451,452,250.846924,9183000
2014-03-14,450,461.5,448,460,255.286743,5808000
2014-03-17,456,458,449,453,251.401932,4471000
2014-03-18,455,457.5,449,453,251.401932,4554000
2014-03-19,448,448,438.5,440,244.187271,8919000
2014-03-20,439,447,438.5,443.5,246.129684,6015000
2014-03-21,449,449,442.5,442.5,245.574692,4530000
2014-03-24,442,444.5,433,444,246.407196,5351000
2014-03-25,438,451,437,451,250.291946,3920000
2014-03-26,456,459.5,454,457.5,253.899277,5185000
2014-03-27,453,457.5,451.5,452,250.846924,3561000
2014-03-28,450,456,443,445,246.962112,4775000
2014-03-31,445,451.5,444.5,449.5,249.459457,4268000
2014-04-01,449,463.5,448.5,463.5,257.229126,5687000
2014-04-02,466,473,464.5,467,259.171478,6507000
2014-04-03,470,472,456.5,458,254.176758,5591000
2014-04-07,454,462.5,452,461,255.84166,9042000
2014-04-08,465,467,456,460,255.286743,10188000
2014-04-09,461,464,460,461.5,256.119141,5257000
2014-04-10,463.5,469.5,462.5,469.5,260.55896,5112000
2014-04-11,465,465.5,463,465,258.061554,3835000
2014-04-14,463,465,457,460,255.286743,4942000
2014-04-15,460,462,453,456.5,253.344269,4661000
2014-04-16,458.5,459.5,452,452,250.846924,4250000
2014-04-17,457,468,455,461.5,256.119141,6390000
2014-04-18,466,466,457,457,253.621765,2073000
2014-04-21,459,472,458,469,260.281433,3822000
2014-04-22,471,475,470,470,260.836426,5527000
2014-04-23,474,476,468,472.5,262.223846,4775000
2014-04-24,473,477,466,477,264.721161,5457000
2014-04-25,480,487.5,468,469,260.281433,11563000
2014-04-28,469,490,468,485.5,269.438446,11030000
2014-04-29,488,490.5,481,483.5,268.328522,7493000
2014-04-30,487,487,472,472,261.94635,7464000
2014-05-02,505,505,500,505,280.260406,20815000
2014-05-05,518,530,511,513,284.700134,15410000
2014-05-06,514,519,506,509,282.480255,8027000
2014-05-07,507,518,506,518,287.474976,7455000
2014-05-08,525,529,511,512,284.145203,8663000
2014-05-09,512,517,506,506,280.815369,4004000
2014-05-12,506,506,493,493.5,273.878204,8660000
2014-05-13,496,502,488,491.5,272.768311,9360000
2014-05-14,498,504,494,504,279.705444,5902000
2014-05-15,505,509,499.5,500,277.485535,3817000
2014-05-16,494.5,502,486.5,502,278.595459,7868000
2014-05-19,503,508,492,492,273.045776,5875000
2014-05-20,494.5,499,491,492,273.045776,4734000
2014-05-21,493.5,496,488,488.5,271.103363,5048000
2014-05-22,495,505,492,505,280.260406,7338000
2014-05-23,503,505,497,498.5,276.653076,4988000
2014-05-26,500,502,494.5,494.5,274.433228,4488000
2014-05-27,500,512,498,509,282.480255,8464000
2014-05-28,509,509,502,508,281.925323,4976000
2014-05-29,503,503,496,498,276.37561,7091000
2014-05-30,500,502,487,487,270.270905,11017000
2014-06-03,496.5,497.5,489.5,492,273.045776,6744000
2014-06-04,495,497,490.5,490.5,272.213318,4716000
2014-06-05,491,509,489.5,507,281.370361,10437000
2014-06-06,507,507,499.5,500,277.485535,4568000
2014-06-09,510,514,507,509,282.480255,5933000
2014-06-10,514,514,507,510,283.035248,4646000
2014-06-11,503,508,502,506,280.815369,3814000
2014-06-12,500,503,497,500,277.485535,5864000
2014-06-13,500,505,498.5,500,277.485535,4140000
2014-06-16,497,499,493,496.5,275.543121,5421000
2014-06-17,501,510,499.5,510,283.035248,7880000
2014-06-18,514,515,507,513,284.700134,8117000
2014-06-19,515,519,513,518,287.474976,5292000
2014-06-20,516,518,509,509,282.480255,4300000
2014-06-23,514,514,509,511,283.59021,4252000
2014-06-24,510,513,505,505,280.260406,2820000
2014-06-25,505,507,499.5,505,280.260406,6152000
2014-06-26,510,517,509,515,285.81012,4828000
2014-06-27,505,507,498,501,278.040527,10514000
2014-06-30,505,505,501,505,280.260406,3592000
2014-07-01,500,510,496.5,508,281.925323,5453000
2014-07-02,515,520,510,518,287.474976,11825000
2014-07-03,519,545,514,535,296.909546,17283000
2014-07-04,527,533,523,526,300.335449,9000000
2014-07-07,522,531,517,531,303.190308,8069000
2014-07-08,527,528,522,522,298.051483,3753000
2014-07-09,521,525,518,519,296.338531,3573000
2014-07-10,522,523,512,515,294.054565,6469000
2014-07-11,508,513,501,501,286.060852,6856000
2014-07-14,499.5,504,491,503,287.202881,8715000
2014-07-15,503,504,496,496,283.206024,6806000
2014-07-16,500,508,496.5,497,283.776978,8698000
2014-07-17,496,502,493,495,282.63504,4836000
2014-07-18,494,506,492.5,504,287.773865,4138000
2014-07-21,509,519,507,507,289.486786,5975000
2014-07-22,516,517,511,517,295.196625,4041000
2014-07-23,517,517,517,517,295.196625,0
2014-07-24,520,522,513,513,292.912689,4000000
2014-07-25,521,521,504,507,289.486786,5326000
2014-07-28,510,512,501,503,287.202881,3995000
2014-07-29,510,510,495.5,498,284.347961,6022000
2014-07-30,501,505,498,502,286.631866,4677000
2014-07-31,491,491,467.5,469,267.789551,21138000
2014-08-01,488,500,484,496.5,283.491486,16694000
2014-08-04,498.5,501,492,492,280.922058,6499000
2014-08-05,490,495,487,487,278.0672,6429000
2014-08-06,493.5,505,489,503,287.202881,8115000
2014-08-07,505,509,492,492,280.922058,6172000
2014-08-08,498,498,488.5,490.5,280.065643,5038000
2014-08-11,490.5,500,490.5,495,282.63504,2951000
2014-08-12,496,496,489.5,489.5,279.494629,3790000
2014-08-13,490,499,490,498.5,284.633514,2764000
2014-08-14,505,505,499,500,285.48996,3006000
2014-08-15,504,504,498,500,285.48996,1374000
2014-08-18,502,503,498.5,500,285.48996,1910000
2014-08-19,504,515,503,510,291.199707,7055000
2014-08-20,511,515,508,512,292.341644,3768000
2014-08-21,516,516,507,513,292.912689,4208000
2014-08-22,515,515,505,509,290.628815,5896000
2014-08-25,511,511,501,501,286.060852,3140000
2014-08-26,500,505,494.5,495,282.63504,5977000
2014-08-27,499,503,495,501,286.060852,6346000
2014-08-28,503,503,495,496.5,283.491486,2450000
2014-08-29,499.5,500,496.5,499.5,285.204407,3012000
2014-09-01,502,517,500,515,294.054565,10140000
2014-09-02,511,516,508,515,294.054565,7419000
2014-09-03,518,522,511,514,293.483673,7139000
2014-09-04,514,515,509,515,294.054565,3420000
2014-09-05,520,520,512,513,292.912689,5114000
2014-09-09,519,527,516,520,296.909546,11249000
2014-09-10,515,518,512,513,292.912689,3959000
2014-09-11,513,515,509,510,291.199707,2791000
2014-09-12,508,509,500,506,288.915771,6390000
2014-09-15,505,507,500,501,286.060852,3430000
2014-09-16,501,503,497,497,283.776978,3734000
2014-09-17,498.5,505,497.5,497.5,284.0625,5542000
2014-09-18,498.5,504,498.5,500,285.48996,2901000
2014-09-19,501,503,497,497,283.776978,3980000
2014-09-22,499.5,502,492,494,282.064087,6535000
2014-09-23,490,490,473,473,270.073456,11345000
2014-09-24,463,463,441,448,255.79892,24858000
2014-09-25,451,460.5,450,450.5,257.22641,11386000
2014-09-26,450,457.5,441.5,455,259.795807,11617000
2014-09-29,455,455,442.5,445,254.086044,12741000
2014-09-30,441,453,441,450.5,257.22641,11052000
2014-10-01,451,458,448,457.5,261.223297,7418000
2014-10-02,453.5,457,450,456,260.366821,4973000
2014-10-03,453.5,457,453,455,259.795807,3790000
2014-10-06,455,469.5,455,466,266.076599,6213000
2014-10-07,455,461,450.5,455.5,260.081299,7265000
2014-10-08,443.5,448,442,443,252.944092,11128000
2014-10-09,443,446.5,419,420,239.811523,14118000
2014-10-13,401,410,396.5,403,230.104874,17085000
2014-10-14,402,418.5,401.5,418.5,238.955017,7959000
2014-10-15,428.5,440,422,427,243.808395,12874000
2014-10-16,418,425.5,418,422,240.953506,9667000
2014-10-17,425,429.5,411.5,420,239.811523,8526000
2014-10-20,426,428.5,418,418,238.669586,4402000
2014-10-21,425,428,420,420,239.811523,3987000
2014-10-22,429,429,422.5,425.5,242.951935,2933000
2014-10-23,425,425,420,420,239.811523,2409000
2014-10-24,424.5,424.5,418,419,239.240555,2550000
2014-10-27,422.5,422.5,405.5,418,238.669586,3784000
2014-10-28,422,428,418.5,425,242.666443,3939000
2014-10-29,429.5,438,426,435.5,248.661728,6045000
2014-10-30,435,435,425,428.5,244.664841,3625000
2014-10-31,432.5,433,426.5,433,247.234314,4080000
2014-11-03,436,442,435.5,437.5,249.80368,5233000
2014-11-04,439.5,439.5,431,434,247.805252,3868000
2014-11-05,432,434,426.5,426.5,243.522919,3758000
2014-11-06,428,428,412,413,235.814713,6324000
2014-11-07,414,433,414,427,243.808395,9575000
2014-11-10,434.5,452.5,432.5,452,258.082886,11470000
2014-11-11,455,456,445.5,445.5,254.371521,6741000
2014-11-12,455,455,445,448,255.79892,5159000
2014-11-13,455,455,448.5,454,259.224884,4072000
2014-11-14,459,459,453,455.5,260.081299,4934000
2014-11-17,458,458,446,448,255.79892,4401000
2014-11-18,450,450,436,437.5,249.80368,5259000
2014-11-19,437,444,436.5,440,251.231155,7230000
2014-11-20,439,445.5,439,440,251.231155,4371000
2014-11-21,446,447.5,439.5,445,254.086044,4297000
2014-11-24,454,454,448,450,256.940979,2369000
2014-11-25,450,453,445,450,256.940979,4654000
2014-11-26,454,458,451.5,457,260.937836,4343000
2014-11-27,460,472.5,460,465,265.505615,9114000
2014-11-28,471,472,464,465,265.505615,4963000
2014-12-01,460,465,456,463,264.363708,4926000
2014-12-02,456.5,458.5,453,453,258.6539,4548000
2014-12-03,456,464,453,462,263.792725,4594000
2014-12-04,465,471.5,463.5,467,266.647552,6155000
2014-12-05,465,465.5,454,458,261.508728,7320000
2014-12-08,450,451.5,436,436,248.94725,9072000
2014-12-09,438,442.5,434.5,438,250.089157,6715000
2014-12-10,438,441,430,430,245.521378,4601000
2014-12-11,429.5,435,429,434,247.805252,4064000
2014-12-12,439,444,436.5,440.5,251.516678,3834000
2014-12-15,440,442,435,439.5,250.945679,3518000
2014-12-16,437,439,435.5,438,250.089157,3722000
2014-12-17,438,443,438,440,251.231155,7082000
2014-12-18,444.5,446,442,445.5,254.371521,5552000
2014-12-19,450,457.5,448.5,457,260.937836,7647000
2014-12-22,460,460,450.5,455,259.795807,3835000
2014-12-23,460,460,453,458,261.508728,2605000
2014-12-24,460,468,460,464.5,265.220123,3684000
2014-12-25,465,465.5,460.5,461.5,263.507202,1209000
2014-12-26,462,465,461,464,264.934692,1152000
2014-12-29,466,469,463,467.5,266.933105,2886000
2014-12-30,467.5,470.5,462,462,263.792725,2309000
2014-12-31,463,464,460,462,263.792725,1675000
2015-01-05,460,467,460,462,263.792725,2459000
2015-01-06,460,462,458,458,261.508728,5915000
2015-01-07,468,487,466.5,486.5,277.781708,13046000
2015-01-08,492.5,494.5,484.5,485,276.925232,8367000
2015-01-09,492,495,488,488,278.638153,7473000
2015-01-12,490,494.5,486.5,488,278.638153,4567000
2015-01-13,485,488,481,483,275.783264,4379000
2015-01-14,488.5,492,484.5,488,278.638153,6673000
2015-01-15,488,490,483.5,486,277.496185,4218000
2015-01-16,483.5,485.5,474.5,475.5,271.500946,5495000
2015-01-19,482.5,489,479.5,487,278.0672,5005000
2015-01-20,488,490,484,490,279.780121,3760000
2015-01-21,493,495,492.5,493.5,281.778534,4347000
2015-01-22,496,498,491.5,495.5,282.920532,5372000
2015-01-23,498.5,500,491.5,494.5,282.349518,5234000
2015-01-26,494,505,494,504,287.773865,6872000
2015-01-27,504,504,498.5,502,286.631866,4814000
2015-01-28,502,504,498.5,502,286.631866,2744000
2015-01-29,497,499.5,493,497.5,284.0625,3136000
2015-01-30,497.5,498,483,483,275.783264,6713000
2015-02-02,489,489,480,482.5,275.497772,3725000
2015-02-03,482.5,489,480.5,485,276.925232,3138000
2015-02-04,492,493.5,484,485,276.925232,4591000
2015-02-05,488.5,491.5,483.5,485,276.925232,4312000
2015-02-06,487,488.5,476,479,273.49939,4475000
2015-02-09,485.5,490,480.5,488,278.638153,5017000
2015-02-10,454,454,454,454,259.224884,8483000
2015-02-11,435,455,434,454,259.224884,33523000
2015-02-12,456,458.5,453.5,458,261.508728,8398000
2015-02-13,458,460,456,459,262.079773,5977000
2015-02-24,468,473,462,470,268.360535,10989000
2015-02-25,473,476,470.5,473.5,270.358948,5781000
2015-02-26,476,476,470.5,473,270.073456,5566000
2015-03-02,476,477,474,477,272.357422,5087000
2015-03-03,479,480,473,478.5,273.213867,3844000
2015-03-04,478,480,475,475.5,271.500946,3914000
2015-03-05,478,478,474.5,475.5,271.500946,4026000
2015-03-06,470.5,473,467,470.5,268.646057,6985000
2015-03-09,465,467,459,460,262.650726,7085000
2015-03-10,456,462.5,456,460,262.650726,6541000
2015-03-11,455,457.5,453.5,453.5,258.939362,6111000
2015-03-12,449.5,458.5,449,453.5,258.939362,6142000
2015-03-13,458,458,448,448,255.79892,6080000
2015-03-16,444.5,446,432,432,246.663284,13722000
2015-03-17,430,435,426,430,245.521378,13157000
2015-03-18,433,441.5,432,435.5,248.661728,9237000
2015-03-19,438,440.5,434,434,247.805252,6401000
2015-03-20,430,442,430,436,248.94725,10052000
2015-03-23,438.5,441,435.5,438.5,250.374649,7060000
2015-03-24,441,451,439,446,254.657043,11538000
2015-03-25,450,453,439.5,443,252.944092,8918000
2015-03-26,435,440.5,432,440,251.231155,11711000
2015-03-27,435,437,417.5,419,239.240555,13931000
2015-03-30,421.5,423,415.5,418,238.669586,9159000
2015-03-31,425,426.5,420,423.5,241.809967,7113000
2015-04-01,426,426,416.5,419.5,239.526047,5400000
2015-04-02,418.5,421,409,412,235.243713,9989000
2015-04-07,412,422.5,412,421,240.382492,11800000
2015-04-08,426.5,426.5,418,421,240.382492,5969000
2015-04-09,426,427.5,421,422,240.953506,5696000
2015-04-10,429,429,420,421.5,240.668045,7566000
2015-04-13,420,422,418,419.5,239.526047,4201000
2015-04-14,420,420.5,414,415,236.956619,8017000
2015-04-15,410,411,398.5,398.5,227.535431,14613000
2015-04-16,401,409.5,401,409,233.530777,8235000
2015-04-17,404,406,400.5,401,228.962936,7490000
2015-04-20,397,401,390,390,222.682129,9072000
2015-04-21,391,396.5,391,391,223.253113,8377000
2015-04-22,393,404,393,402,229.533859,9177000
2015-04-23,404,407.5,402,403,230.104874,6949000
2015-04-24,406,426.5,406,419,239.240555,15904000
2015-04-27,419,424,410,410.5,234.387222,7423000
2015-04-28,415,415,398.5,399,227.820923,10019000
2015-04-29,401,406,400,400.5,228.677475,5123000
2015-04-30,395,399.5,393.5,395,225.537033,9158000
2015-05-04,371,385,371,380,216.972336,17037000
2015-05-05,378,383,371,374.5,213.831924,9597000
2015-05-06,373,377,368,370,211.262543,8291000
2015-05-07,369,371.5,366,368.5,210.406052,8355000
2015-05-08,369,379.5,369,376.5,214.973938,8499000
2015-05-11,382,382,370,370,211.262543,6182000
2015-05-12,373,375,371,371.5,212.119003,5812000
2015-05-13,379,397.5,376,397.5,226.964462,15148000
2015-05-14,397.5,402,393,393,224.395111,12611000
2015-05-15,398,403,390,390,222.682129,5303000
2015-05-18,390,399.5,388,391.5,223.538605,7013000
2015-05-19,392,395,388,392,223.824158,6483000
2015-05-20,395,401.5,395,399.5,228.106445,8304000
2015-05-21,396.5,403.5,396,400,228.391968,7276000
2015-05-22,405,412,403,410,234.101746,8970000
2015-05-25,405.5,409,396.5,397.5,226.964462,6723000
2015-05-26,401,403,398,399.5,228.106445,3141000
2015-05-27,399.5,403,399.5,400,228.391968,4556000
2015-05-28,410,412,406,409,233.530777,8893000
2015-05-29,410,414.5,410,414.5,236.671112,10946000
2015-06-01,418,418,407,410,234.101746,4976000
2015-06-02,412.5,414.5,408,410,234.101746,5371000
2015-06-03,411,415.5,409.5,410,234.101746,3678000
2015-06-04,410,410,403,403,230.104874,5871000
2015-06-05,402,403.5,398,400.5,228.677475,5602000
2015-06-08,400,403,396,400.5,228.677475,3255000
2015-06-09,402,409,401,401.5,229.248428,3626000
2015-06-10,405,409,403,403.5,230.390381,4813000
2015-06-11,404.5,407,401,403.5,230.390381,4199000
2015-06-12,406.5,418,404.5,416,237.527634,7263000
2015-06-15,418,419.5,407.5,409,233.530777,5733000
2015-06-16,411.5,416.5,411,412.5,235.52919,4161000
2015-06-17,415.5,425,413,424.5,242.380966,9555000
2015-06-18,423,424.5,420,422.5,241.239014,4858000
2015-06-22,425,436,425,434,247.805252,8099000
2015-06-23,437.5,439.5,426,426,243.237411,6742000
2015-06-24,425,425.5,420.5,421.5,240.668045,5255000
2015-06-25,422,432.5,422,432.5,246.948761,5915000
2015-06-26,428,431,422,425,242.666443,6247000
2015-06-29,420,427.5,420,426,243.237411,5090000
2015-06-30,426,426,421,422,240.953506,4461000
2015-07-01,424,430,424,427.5,244.093887,4018000
2015-07-02,424.5,427,421,421,240.382492,4602000
2015-07-03,420,426,418.5,426,243.237411,4670000
2015-07-06,421,424.5,419,419,239.240555,3558000
2015-07-07,418,422,413.5,418,238.669586,5591000
2015-07-08,414.5,415,400,403,230.104874,11526000
2015-07-09,390,402,387,400,228.391968,13737000
2015-07-10,400,400,400,400,228.391968,0
2015-07-13,391,400,391,398,227.249939,8025000
2015-07-14,396,400,389,389,222.111145,12023000
2015-07-15,375.5,377.5,372,373,225.742355,9487000
2015-07-16,374,375.5,366,369,223.321548,6949000
2015-07-17,369,369.5,362.5,365,220.900726,6786000
2015-07-20,365.5,366.5,336,346.5,209.704391,15727000
2015-07-21,342.5,357,342.5,357,216.059052,7202000
2015-07-22,351,354,348,350.5,212.125198,5943000
2015-07-23,350.5,352.5,338.5,342,206.980942,8501000
2015-07-24,340,342,326,326,197.297592,11124000
2015-07-27,326,333.5,317.5,317.5,192.153351,9601000
2015-07-28,320,328,320,321.5,194.574188,7958000
2015-07-29,322,329,321,322.5,195.179382,6259000
2015-07-30,331,333,325,327,197.902802,8012000
2015-07-31,327,332,322,332,200.928864,7007000
2015-08-03,299,299,299,299,180.957001,5047000
2015-08-04,275,287,274,280,169.458069,27160000
2015-08-05,287.5,287.5,268,270,163.406006,16836000
2015-08-06,275,278,268.5,275,166.432053,9617000
2015-08-07,273,282.5,267,278,168.247681,9735000
2015-08-10,280.5,291.5,275,288,174.299744,10242000
2015-08-11,296,297.5,284,284,171.878906,8900000
2015-08-12,285,286.5,276,280,169.458069,11023000
2015-08-13,280,283,277,279.5,169.155472,8400000
2015-08-14,280,280,265,270,163.406006,13702000
2015-08-17,268,268,263,265,160.37999,7410000
2015-08-18,267,271.5,266.5,267,161.590393,4985000
2015-08-19,265.5,267.5,261,261,157.959122,6486000
2015-08-20,260,263,254,260,157.353928,14019000
2015-08-21,254.5,257,252,254,153.722687,12153000
2015-08-24,250,250,229,229,138.592484,13145000
2015-08-25,228,240,227,235,142.223755,18114000
2015-08-26,233,234,227,229.5,138.895096,16231000
2015-08-27,235.5,238,228,230,139.197708,19428000
2015-08-28,243,253,241,253,153.117462,20465000
2015-08-31,255,256,246.5,251,151.907043,13268000
2015-09-01,248.5,249.5,239.5,245,148.275803,9367000
2015-09-02,242.5,245,240.5,243,147.065414,8877000
2015-09-03,243,248,241,242,146.460205,6643000
2015-09-04,242,254,242,242,146.460205,13824000
2015-09-07,242,248.5,242,246.5,149.18364,7237000
2015-09-08,250,257.5,250,255,154.327896,11779000
2015-09-09,261,280.5,260,280,169.458069,15555000
2015-09-10,274.5,277,270,273,165.221619,10355000
2015-09-11,273,283.5,273,277,167.642441,9878000
2015-09-14,282.5,283,275,277,167.642441,4999000
2015-09-15,276,277,270,271,164.011246,4268000
2015-09-16,275.5,276.5,272,276,167.037247,6371000
2015-09-17,281.5,283.5,277,277,167.642441,6692000
2015-09-18,280,280.5,277,278.5,168.550262,5487000
2015-09-21,275,275,262.5,263.5,159.472168,13017000
2015-09-22,260,262.5,256,260,157.353928,12116000
2015-09-23,255,255.5,248,251,151.907043,13089000
2015-09-24,251,253,236,236,142.828964,20145000
2015-09-25,234.5,241,233.5,237,143.434143,11612000
2015-09-29,237,237,237,237,143.434143,0
2015-09-30,231,245.5,230.5,243.5,147.368011,15034000
2015-10-01,248,253,246.5,250.5,151.604462,10776000
2015-10-02,250.5,252,247.5,249.5,150.999252,7712000
2015-10-05,249.5,250,242,243,147.065414,11290000
2015-10-06,247,249,244,245,148.275803,11247000
2015-10-07,247.5,258,246,258,156.143524,15450000
2015-10-08,264.5,268,262,265.5,160.682571,16673000
2015-10-12,269,271.5,264,266.5,161.287781,9383000
2015-10-13,270,277.5,267.5,277,167.642441,15168000
2015-10-14,277,277,271.5,272.5,164.919006,7220000
2015-10-15,274.5,277,271.5,276,167.037247,7383000
2015-10-16,276.5,276.5,272,276,167.037247,8034000
2015-10-19,278,278.5,272.5,274,165.826843,4797000
2015-10-20,276,276.5,272.5,275,166.432053,5026000
2015-10-21,275,275.5,263,264.5,160.077377,10932000
2015-10-22,261,270,261,267,161.590393,9351000
2015-10-23,272.5,272.5,266,267,161.590393,8189000
2015-10-26,269,272.5,268,271.5,164.313797,5593000
2015-10-27,267.5,268.5,263.5,264.5,160.077377,7108000
2015-10-28,263,264.5,252,256,154.93309,16425000
2015-10-29,259,259,252.5,253,153.117462,6685000
2015-10-30,252,258.5,249.5,254.5,154.025299,7042000
2015-11-02,259.5,271,259.5,270,163.406006,18087000
2015-11-03,275,279,273.5,276,167.037247,17449000
2015-11-04,283,303.5,281,302.5,183.075256,29579000
2015-11-05,307,307,295.5,297,179.746613,10867000
2015-11-06,297,297,288,288,174.299744,14429000
2015-11-09,288,293,284,286,173.089294,8403000
2015-11-10,282.5,292.5,282.5,285.5,172.786728,10261000
2015-11-11,285.5,288,274,275,166.432053,10949000
2015-11-12,275,278,265,272,164.616409,8857000
2015-11-13,271.5,277.5,265,265.5,160.682571,9976000
2015-11-16,265,272.5,262.5,270.5,163.708603,7832000
2015-11-17,274,274.5,265,265.5,160.682571,9165000
2015-11-18,263,265,257,258,156.143524,9502000
2015-11-19,258,265,256,265,160.37999,8340000
2015-11-20,262,264.5,260,261.5,158.261734,4671000
2015-11-23,264,275,260,275,166.432053,13187000
2015-11-24,276,278.5,267.5,268,162.195572,10319000
2015-11-25,271,274,262.5,262.5,158.866928,9412000
2015-11-26,268,274,265.5,274,165.826843,10174000
2015-11-27,273,273.5,266.5,267,161.590393,5556000
2015-11-30,263,264.5,257,260.5,157.65654,12016000
2015-12-01,261,264,256,261,157.959122,13792000
2015-12-02,263,271,262.5,269,162.800781,11601000
2015-12-03,267,275,266.5,274,165.826843,9698000
2015-12-04,270,271,267,269,162.800781,5555000
2015-12-07,271.5,275,271,275,166.432053,7250000
2015-12-08,274,275,269,270,163.406006,6731000
2015-12-09,270.5,271.5,264,264,159.77475,5235000
2015-12-10,260,263,258.5,260,157.353928,6552000
2015-12-11,261,264,257.5,257.5,155.840881,5445000
2015-12-14,259,260,253,255,154.327896,5006000
2015-12-15,255.5,262,255.5,259,156.748718,6203000
2015-12-16,255,257,250,253,153.117462,9756000
2015-12-17,254.5,260.5,253.5,259,156.748718,5357000
2015-12-18,258.5,260,256,259,156.748718,5487000
2015-12-21,254,256.5,253,254,153.722687,6898000
2015-12-22,258,267.5,258,260.5,157.65654,8666000
2015-12-23,260.5,262.5,257,257,155.53833,4871000
2015-12-24,259,260.5,254.5,254.5,154.025299,3300000
2015-12-25,254.5,257,254.5,256.5,155.235703,1982000
2015-12-28,258,261,257.5,259.5,157.051315,2633000
2015-12-29,256,256,248,250,151.30188,14275000
2015-12-30,250,251,246.5,248.5,150.394043,7914000
2015-12-31,250,251,249,250,151.30188,3131000
2016-01-04,251,252,245,245,148.275803,5380000
2016-01-05,245,247,242,242.5,146.762802,4972000
2016-01-06,242,242.5,220,227,137.382111,18427000
2016-01-07,225.5,226,205,206,124.672722,21198000
2016-01-08,202,217,202,213.5,129.211761,15233000
2016-01-11,209,210.5,203.5,209,126.48835,10884000
2016-01-12,210,211.5,203,206.5,124.975327,9085000
2016-01-13,210,210.5,204,206.5,124.975327,10201000
2016-01-14,201.5,208,195.5,208,125.883171,14169000
2016-01-15,210,212,200.5,205,124.067535,10837000
2016-01-18,201,211.5,200,210,127.093552,7459000
2016-01-19,210,221.5,209,216.5,131.02742,10276000
2016-01-20,215.5,215.5,210,210,127.093552,7039000
2016-01-21,213,214,209.5,210,127.093552,5090000
2016-01-22,213.5,215.5,211.5,212,128.303986,4294000
2016-01-25,216,217,214,214.5,129.816986,3714000
2016-01-26,211,212,207.5,209,126.48835,5465000
2016-01-27,211,212.5,210,211,127.698776,2168000
2016-01-28,208,211.5,207.5,208,125.883171,7225000
2016-01-29,206.5,215,201.5,214,129.514374,13216000
2016-02-01,216.5,216.5,209.5,210,127.093552,8530000
2016-02-02,194,214,193.5,212,128.303986,19680000
2016-02-03,206.5,208.5,200,200,121.041481,15159000
2016-02-15,203,208,202.5,205.5,124.370117,9801000
2016-02-16,208.5,213,207,211.5,128.001373,10065000
2016-02-17,213.5,215,210,210,127.093552,6717000
2016-02-18,214,220,213,220,133.14563,10812000
2016-02-19,222,223,218,220.5,133.448227,5433000
2016-02-22,222.5,230.5,221.5,229,138.592484,10789000
2016-02-23,231.5,232,228,231,139.802917,8271000
2016-02-24,230,230,226,227,137.382111,5317000
2016-02-25,230,235,229,234.5,141.921143,7704000
2016-02-26,234,237.5,232.5,236,142.828964,5875000
2016-03-01,233.5,234.5,230.5,232.5,140.710724,4833000
2016-03-02,235.5,236,233.5,234,141.618546,4584000
2016-03-03,236.5,243,236.5,240,145.249802,8696000
2016-03-04,241,241,237.5,240,145.249802,3814000
2016-03-07,242,243,234,235,142.223755,4541000
2016-03-08,236,238.5,231,235,142.223755,4585000
2016-03-09,233,238.5,230,238.5,144.341965,5789000
2016-03-10,238.5,239,232.5,232.5,140.710724,5187000
2016-03-11,234.5,242,234,241,145.854996,7326000
2016-03-14,245,263,245,260,157.353928,17164000
2016-03-15,263,265,247,248,150.091446,13512000
2016-03-16,250.5,255.5,250,252.5,152.81485,6006000
2016-03-17,258,260,252,252.5,152.81485,10104000
2016-03-18,254,258,253,258,156.143524,7834000
2016-03-21,256,257,253.5,257,155.53833,4711000
2016-03-22,256.5,256.5,243.5,248,150.091446,7882000
2016-03-23,244.5,249.5,240,243.5,147.368011,6204000
2016-03-24,243.5,247.5,242.5,246,148.881012,4197000
2016-03-25,247.5,247.5,243,243.5,147.368011,1801000
2016-03-28,243.5,244,238,240,145.249802,3132000
2016-03-29,239.5,248,239.5,244,147.670593,3917000
2016-03-30,247,252,246,249.5,150.999252,8398000
2016-03-31,251,251.5,243.5,247,149.486252,5994000
2016-04-01,242,244,239,241,145.854996,5715000
2016-04-06,238,238.5,231,231,139.802917,8188000
2016-04-07,232.5,237,229,229,138.592484,8538000
2016-04-08,228,231.5,228,229.5,138.895096,5109000
2016-04-11,233,234.5,230,232,140.408112,6181000
2016-04-12,233,234,221.5,222,134.356033,6521000
2016-04-13,225,228,224,225.5,136.474274,6713000
2016-04-14,232,234,229,231,139.802917,6587000
2016-04-15,233,235.5,232.5,234,141.618546,5190000
2016-04-18,236,236,230.5,234.5,141.921143,2732000
2016-04-19,237,238,232,232.5,140.710724,3016000
2016-04-20,235.5,237,231.5,232,140.408112,4671000
2016-04-21,234,236,231.5,234,141.618546,3074000
2016-04-22,234.5,235,228,230,139.197708,3506000
2016-04-25,230,230.5,224,228,137.987274,3629000
2016-04-26,230,237.5,230,236.5,143.131561,12542000
2016-04-27,237,246,234.5,242,146.460205,11216000
2016-04-28,245,245,236,236,142.828964,6520000
2016-04-29,234,234,229.5,230,139.197708,5620000
2016-05-03,208,214.5,208,211,127.698776,19708000
2016-05-04,210,211,200,201.5,121.949303,17084000
2016-05-05,201,205.5,200,203,122.857109,7907000
2016-05-06,200.5,201,192,192,116.199829,24238000
2016-05-09,196.5,201.5,196,196,118.620689,15365000
2016-05-10,199,204,197,204,123.462296,9119000
2016-05-11,206,208,200,200,121.041481,6334000
2016-05-12,200.5,203,200,200,121.041481,3710000
2016-05-13,200,200,200,200,121.041481,0
2016-05-16,209,209.5,201.5,201.5,121.949303,10076000
2016-05-17,203.5,203.5,200,202.5,122.554504,5011000
2016-05-18,201,204,200.5,203.5,123.159706,4352000
2016-05-19,204,204.5,200,200,121.041481,4027000
2016-05-20,201.5,203.5,200,202,122.251884,4002000
2016-05-23,204,212,203,210,127.093552,8679000
2016-05-24,212,213,208,209,126.48835,5241000
2016-05-25,213,214,210.5,211,127.698776,4675000
2016-05-26,213.5,216,211.5,214,129.514374,7984000
2016-05-27,216,216.5,211.5,212.5,128.606567,4495000
2016-05-30,213,219.5,213,216.5,131.02742,7906000
2016-05-31,221.5,225,218,220,133.14563,17211000
2016-06-01,220,223,219.5,222,134.356033,4852000
2016-06-02,225,225.5,214.5,215,130.119614,11610000
2016-06-03,216,219,216,219,132.540436,5373000
2016-06-06,227,232,227,229.5,138.895096,14843000
2016-06-07,236,237,231,233,141.013336,12230000
2016-06-08,235,235.5,228,230,139.197708,12407000
2016-06-13,225.5,227,220,220,133.14563,11112000
2016-06-14,220,227,218.5,225,136.171692,11772000
2016-06-15,225,232,225,230.5,139.50029,9223000
2016-06-16,231,231,226,226,136.776871,6747000
2016-06-17,228,229,226.5,227,137.382111,7338000
2016-06-20,229.5,229.5,226.5,227.5,137.684677,4113000
2016-06-21,228.5,231.5,227.5,229.5,138.895096,6910000
2016-06-22,232,232,228.5,229,138.592484,4715000
2016-06-23,229,229.5,227,228,137.987274,2393000
2016-06-24,228.5,229,218,223.5,135.263855,9056000
2016-06-27,223.5,229,222,226.5,137.079483,4496000
2016-06-28,223.5,229,221.5,229,138.592484,6877000
2016-06-29,230,241.5,229,237.5,143.73674,15035000
2016-06-30,242.5,244.5,240,244,147.670593,19654000
2016-07-01,246.5,247.5,243,245,148.275803,14239000
2016-07-04,245.5,257,245.5,255.5,154.630493,16697000
2016-07-05,254,254,245,245,148.275803,10917000
2016-07-06,240,242,237,237,143.434143,10624000
2016-07-07,239.5,241.5,237.5,238,144.039352,5129000
2016-07-08,238,238,238,238,144.039352,0
2016-07-11,247,247.5,244,247,149.486252,9885000
2016-07-12,249,250.5,247.5,248,150.091446,8562000
2016-07-13,250,250,245.5,247,149.486252,6293000
2016-07-14,247.5,247.5,245,246,148.881012,12779000
2016-07-15,237,240,236,239.5,151.731949,13661000
2016-07-18,240.5,241.5,238.5,240,152.048721,5036000
2016-07-19,241,241,238,240,152.048721,4953000
2016-07-20,239,239,236,238,150.781662,7431000
2016-07-21,239.5,240.5,234.5,235.5,149.1978,8344000
2016-07-22,237.5,238,235,236,149.514557,5202000
2016-07-25,238,238.5,234.5,236,149.514557,3316000
2016-07-26,235.5,241,234,241,152.682251,8590000
2016-07-27,246,246,239,240,152.048721,14289000
2016-07-28,240,244,238,244,154.58284,6107000
2016-07-29,245,246,242,243.5,154.266098,6177000
2016-08-01,245.5,249.5,243.5,249,157.750519,7985000
2016-08-02,249.5,251,247,250,158.384079,8737000
2016-08-03,246,249,245.5,249,157.750519,5517000
2016-08-04,251,251,239.5,242.5,153.632553,14502000
2016-08-05,242.5,249,242.5,249,157.750519,8164000
2016-08-08,251,251,248,248.5,157.433777,5768000
2016-08-09,249.5,250,248,250,158.384079,3950000
2016-08-10,251,251,248.5,250,158.384079,3066000
2016-08-11,250.5,250.5,245,248.5,157.433777,3896000
2016-08-12,250,251,247.5,249,157.750519,2999000
2016-08-15,250,250.5,247.5,249,157.750519,2509000
2016-08-16,249.5,249.5,245.5,249.5,158.067307,3809000
2016-08-17,249.5,253.5,249,250.5,158.700851,8736000
2016-08-18,251,252,249,250,158.384079,3773000
2016-08-19,250,250,245,245,155.216385,5360000
2016-08-22,245,248,242,243,153.949326,5158000
2016-08-23,242.5,245.5,242.5,244,154.58284,3854000
2016-08-24,244,245.5,241,241,152.682251,3420000
2016-08-25,242,244,241.5,243,153.949326,4837000
2016-08-26,244.5,245,242,243.5,154.266098,3444000
2016-08-29,245,245.5,242,244.5,154.899628,4245000
2016-08-30,246.5,249.5,245.5,249.5,158.067307,4230000
2016-08-31,249.5,251,247.5,250,158.384079,6161000
2016-09-01,252,252,248.5,250.5,158.700851,5590000
2016-09-02,250,251,245,245,155.216385,4130000
2016-09-05,250,257,250,256.5,162.502045,12917000
2016-09-06,256.5,256.5,252.5,253.5,160.601456,6943000
2016-09-07,255,260.5,253.5,254,160.918213,8711000
2016-09-08,250.5,253.5,250.5,251,159.017578,7615000
2016-09-09,246.5,247,243,245,155.216385,7954000
2016-09-12,239,240,237,238.5,151.098404,5499000
2016-09-13,240,241,237,239.5,151.731949,4518000
2016-09-14,239,244,239,240,152.048721,6876000
2016-09-19,239.5,243,239.5,242,153.315796,8097000
2016-09-20,245,248,243.5,245.5,155.533142,9510000
2016-09-21,247,248.5,245,246,155.84993,6637000
2016-09-22,248,248.5,244.5,245.5,155.533142,4019000
2016-09-23,245.5,247,245,246.5,156.166687,3347000
2016-09-26,244.5,245,243.5,244,154.58284,4076000
2016-09-27,244,244,244,244,154.58284,0
2016-09-28,244,244,244,244,154.58284,0
2016-09-29,243,245,243,245,155.216385,6015000
2016-09-30,238,241.5,238,240.5,152.365448,6825000
2016-10-03,241,243,240,241,152.682251,4515000
2016-10-04,243,244.5,241,243,153.949326,5241000
2016-10-05,241.5,248,241.5,247,156.483459,6979000
2016-10-06,243,244,241.5,243.5,154.266098,11331000
2016-10-07,242,242.5,239,241,152.682251,5810000
2016-10-11,243,243,239,241,152.682251,5989000
2016-10-12,240,240.5,237.5,240,152.048721,5399000
2016-10-13,239,239.5,237,237.5,150.464874,6782000
2016-10-14,236.5,238,235,236.5,149.831329,6505000
2016-10-17,236.5,241.5,236.5,241,152.682251,5843000
2016-10-18,242,242,238,240,152.048721,3835000
2016-10-19,240,241,238,238,150.781662,3336000
2016-10-20,237,240,236,236,149.514557,3790000
2016-10-21,236,238.5,235.5,235.5,149.1978,4276000
2016-10-24,237,239,236.5,238,150.781662,3235000
2016-10-25,245,245,241,243,153.949326,5873000
2016-10-26,242.5,242.5,240,240.5,152.365448,2860000
2016-10-27,240.5,242,238.5,239,151.415176,2098000
2016-10-28,239,239,236,237.5,150.464874,3400000
2016-10-31,237,241,237,240,152.048721,4409000
2016-11-01,238.5,239.5,237,237.5,150.464874,2866000
2016-11-02,236.5,238,236,236.5,149.831329,2761000
2016-11-03,237.5,238,236,236.5,149.831329,2720000
2016-11-04,235,236,224.5,226,143.179199,10539000
2016-11-07,228,232,227.5,231,146.346863,3873000
2016-11-08,229,229,226,228,144.446259,4212000
2016-11-09,231,231,218,220.5,139.694733,6929000
2016-11-10,225,227,221.5,222,140.64505,5381000
2016-11-11,216,217,210.5,215,136.210312,12770000
2016-11-14,217,219.5,213,218.5,138.427704,6339000
2016-11-15,215,217.5,215,216,136.843842,5243000
2016-11-16,218.5,219,213.5,216,136.843842,5163000
2016-11-17,217,222,216.5,221.5,140.328293,4248000
2016-11-18,220,227,219.5,227,143.812744,4897000
2016-11-21,227.5,227.5,223,223,141.278595,3170000
2016-11-22,225,229.5,224,228.5,144.763031,6288000
2016-11-23,229.5,229.5,225.5,226,143.179199,2849000
2016-11-24,224.5,225,222,222,140.64505,3901000
2016-11-25,222,224,221.5,221.5,140.328293,1956000
2016-11-28,222,225.5,221.5,223.5,141.595352,3605000
2016-11-29,223.5,223.5,220,221.5,140.328293,4482000
2016-11-30,224,226,221.5,221.5,140.328293,8583000
2016-12-01,223,224.5,221.5,224.5,142.228867,3836000
2016-12-02,224,226,222,225,142.545685,4089000
2016-12-05,226,226,223,223.5,141.595352,3164000
2016-12-06,226,228,225,226,143.179199,4680000
2016-12-07,228,228,224,225,142.545685,4604000
2016-12-08,226,230,225.5,230,145.713333,7409000
2016-12-09,230,231,228,230.5,146.030106,5121000
2016-12-12,232,233,229,229.5,145.396576,4420000
2016-12-13,229,229.5,227.5,228.5,144.763031,4146000
2016-12-14,229.5,230,223.5,225,142.545685,7586000
2016-12-15,224.5,228.5,223,228,144.446259,4676000
2016-12-16,227,229,226,226,143.179199,4197000
2016-12-19,226,226,223.5,224,141.912125,2637000
2016-12-20,222,222,215,219.5,139.061218,8875000
2016-12-21,219.5,221,216.5,216.5,137.160614,4953000
2016-12-22,216.5,218.5,216,217,137.477371,4232000
2016-12-23,217,218,216,216.5,137.160614,4036000
2016-12-26,214,216.5,214,216,136.843842,3081000
2016-12-27,216,218.5,215.5,218,138.110916,2065000
2016-12-28,218,219.5,216.5,218.5,138.427704,2979000
2016-12-29,218,218.5,216,216.5,137.160614,3600000
2016-12-30,218.5,219,216.5,216.5,137.160614,3796000
2017-01-03,217.5,218,216.5,218,138.110916,3403000
2017-01-04,218,218.5,215.5,216,136.843842,3332000
2017-01-05,215.5,218,215.5,218,138.110916,3647000
2017-01-06,218.5,222,218,220,139.377991,4246000
2017-01-09,220.5,221,217,217,137.477371,2441000
2017-01-10,217,218,214,214.5,135.893524,3954000
2017-01-11,214.5,216,213,215.5,136.527039,3967000
2017-01-12,216,217.5,215,217,137.477371,2714000
2017-01-13,212.5,215,212.5,215,136.210312,3723000
2017-01-16,211.5,212.5,210,210.5,133.359375,4837000
2017-01-17,211,213.5,210.5,213.5,135.259995,3230000
2017-01-18,213,213.5,211,211.5,133.992935,4684000
2017-01-19,212,213,211.5,213,134.943237,3823000
2017-01-20,212.5,213,211,211.5,133.992935,3661000
2017-01-23,213,215,212.5,214.5,135.893524,3686000
2017-01-24,212.5,215,212.5,213.5,135.259995,5771000
2017-02-02,204.5,207.5,203,204.5,129.558197,17460000
2017-02-03,205,209,205,207,131.142029,7663000
2017-02-06,208,214,206,212,134.309692,9082000
2017-02-07,212,218,210,218,138.110916,8804000
2017-02-08,214,217,213,213.5,135.259995,8490000
2017-02-09,215,215.5,213.5,215,136.210312,4841000
2017-02-10,217,217.5,215,215.5,136.527039,6355000
2017-02-13,217,218,215.5,217,137.477371,5549000
2017-02-14,215,217.5,215,217,137.477371,4604000
2017-02-15,217,218,215.5,216.5,137.160614,5806000
2017-02-16,218,218,216,217,137.477371,5237000
2017-02-17,217.5,227,217.5,225,142.545685,15689000
2017-02-20,227,227,224,224.5,142.228867,4617000
2017-02-21,225.5,230,225,225.5,142.862442,6929000
2017-02-22,228,228.5,225,225.5,142.862442,4512000
2017-02-23,226,226.5,223.5,224.5,142.228867,5733000
2017-02-24,225,225.5,223,224,141.912125,7611000
2017-03-01,226,228,224,225,142.545685,7513000
2017-03-02,227,227.5,222.5,223.5,141.595352,7700000
2017-03-03,223,223.5,218.5,219.5,139.061218,7710000
2017-03-06,218,219,216,218,138.110916,5254000
2017-03-07,216,218,216,218,138.110916,4281000
2017-03-08,218,224,218,222,140.64505,8795000
2017-03-09,222,222,218,218,138.110916,4509000
2017-03-10,219,223,216,222,140.64505,5633000
2017-03-13,225,225,220.5,222.5,140.961838,5828000
2017-03-14,223,224,221,223,141.278595,5670000
2017-03-15,223,223,220,221.5,140.328293,4497000
2017-03-16,223,226,222.5,224.5,142.228867,5465000
2017-03-17,225,226,224,225.5,142.862442,5994000
2017-03-20,225,226,224,226,143.179199,4087000
2017-03-21,227,231.5,226.5,230,145.713333,11710000
2017-03-22,227,228,225,227.5,144.129532,4936000
2017-03-23,226.5,227.5,223.5,224,141.912125,5857000
2017-03-24,222,223.5,222,223,141.278595,3290000
2017-03-27,222,225,221,224,141.912125,3507000
2017-03-28,225,225,221,223,141.278595,3138000
2017-03-29,222,222.5,218,219,138.744446,7769000
2017-03-30,218.5,220.5,218,218.5,138.427704,3256000
2017-03-31,217.5,218.5,214.5,215,136.210312,7071000
2017-04-05,214,220,214,220,139.377991,6211000
2017-04-06,219,219.5,216,217,137.477371,4412000
2017-04-07,217,218.5,215,216.5,137.160614,3697000
2017-04-10,216.5,219,216,217,137.477371,3905000
2017-04-11,217,217,212,212,134.309692,4660000
2017-04-12,212,216,212,214,135.576752,4489000
2017-04-13,213.5,215.5,213,213,134.943237,3610000
2017-04-14,214,214.5,212,212,134.309692,2310000
2017-04-17,212,213.5,210,211,133.676163,2315000
2017-04-18,213.5,213.5,210.5,212.5,134.62648,3701000
2017-04-19,212.5,217.5,212,214,135.576752,5889000
2017-04-20,214,216.5,213,215,136.210312,3633000
2017-04-21,216.5,217,214,215,136.210312,2407000
2017-04-24,215.5,216,214,215,136.210312,1672000
2017-04-25,215.5,215.5,214,215,136.210312,4827000
2017-04-26,215,215,212,213.5,135.259995,5084000
2017-04-27,214,217.5,214,217,137.477371,3602000
2017-04-28,216.5,218,215.5,217,137.477371,3397000
2017-05-02,214.5,224,214.5,221.5,140.328293,11417000
2017-05-03,220,221,217,218.5,138.427704,4582000
2017-05-04,218,219,216.5,218,138.110916,2374000
2017-05-05,217,217.5,216,216,136.843842,1229000
2017-05-08,216,216,212,212.5,134.62648,4760000
2017-05-09,211,212.5,208,208,131.775558,5119000
2017-05-10,210,211,206,209,132.409088,4413000
2017-05-11,208.5,214.5,208.5,213.5,135.259995,6470000
2017-05-12,213.5,214.5,211.5,214.5,135.893524,4692000
2017-05-15,214,215,213,214.5,135.893524,3073000
2017-05-16,214.5,216,211.5,211.5,133.992935,5407000
2017-05-17,212,213.5,211.5,213,134.943237,3570000
2017-05-18,210.5,213.5,210,213,134.943237,4654000
2017-05-19,213,213,212,212.5,134.62648,1824000
2017-05-22,212,212,208.5,209,132.409088,4181000
2017-05-23,208,209,208,208,131.775558,4239000
2017-05-24,213.5,218.5,212,216.5,137.160614,15510000
2017-05-25,224.5,230.5,221,228.5,144.763031,23568000
2017-05-26,229.5,231,227.5,229.5,145.396576,12758000
2017-05-31,230,232,229,230,145.713333,11672000
2017-06-01,230,231,227.5,228,144.446259,5294000
2017-06-02,230,236,229.5,234,148.247498,11260000
2017-06-05,238.5,243.5,238,243,153.949326,12226000
2017-06-06,246,246,240,245,155.216385,9704000
2017-06-07,245.5,253,243,252,159.651154,17411000
2017-06-08,249.5,258,247.5,254,160.918213,16218000
2017-06-09,252,255,250.5,250.5,158.700851,9941000
2017-06-12,247.5,251.5,246,248.5,157.433777,6066000
2017-06-13,248.5,252,246.5,247,156.483459,5346000
2017-06-14,248.5,251,245.5,250,158.384079,6611000
2017-06-15,249.5,252,248.5,251,159.017578,5915000
2017-06-16,249,253,247,253,160.284683,7998000
2017-06-19,253,258,253,255.5,161.8685,5502000
2017-06-20,256.5,257.5,255,257.5,163.13559,5509000
2017-06-21,260,273,260,269.5,170.738037,21193000
2017-06-22,272,274,268,271,171.688354,9182000
2017-06-23,269.5,272,265.5,265.5,168.203873,6092000
2017-06-26,264.5,270.5,264,269.5,170.738037,7799000
2017-06-27,270,273,268,270,171.05481,5658000
2017-06-28,267,268,263,264,167.253571,6603000
2017-06-29,267,269,265.5,267.5,169.470963,5434000
2017-06-30,263,263.5,259,260.5,165.036209,10253000
2017-07-03,263,270.5,263,267.5,169.470963,9996000
2017-07-04,266.5,268.5,263.5,263.5,166.936829,5134000
2017-07-05,263.5,266.5,261.5,265,167.887115,9453000
2017-07-06,258,258.5,253,253,165.274063,9471000
2017-07-07,251,251.5,248.5,250,163.314316,4608000
2017-07-10,251.5,252.5,246,247,161.354553,5385000
2017-07-11,249.5,255.5,248,254,165.927338,6013000
2017-07-12,254,256.5,252.5,254.5,166.253967,5388000
2017-07-13,255,256,252,252,164.620834,3417000
2017-07-14,254,255,252.5,254.5,166.253967,2618000
2017-07-17,256,256,252.5,254.5,166.253967,2962000
2017-07-18,254.5,254.5,248.5,251,163.967575,4379000
2017-07-19,252,263,252,261,170.500153,13654000
2017-07-20,261,263,258,259,169.193649,5329000
2017-07-21,259,260,255.5,255.5,166.907227,3599000
2017-07-24,253,254.5,249,253.5,165.600708,5577000
2017-07-25,253.5,257,251,256,167.233856,7255000
2017-07-26,259,264,258,259,169.193649,13047000
2017-07-27,259,265.5,257,263,171.806656,11908000
2017-07-28,263,270,261,266.5,174.093079,13178000
2017-07-31,265.5,271,261,266,173.766434,9531000
2017-08-01,278,292.5,275,292.5,191.077744,27522000
2017-08-02,300,303,297.5,300,195.977188,25444000
2017-08-03,296,297.5,291,291,190.09787,8943000
2017-08-04,292,294.5,288,290,189.444611,6986000
2017-08-07,290,292,286.5,289,188.791351,11135000
2017-08-08,286.5,289,280,287,187.484833,12713000
2017-08-09,282,286.5,282,284,185.52507,5732000
2017-08-10,284,288,279,280,182.912033,6899000
2017-08-11,279.5,286.5,276,286,186.831589,6111000
2017-08-14,285,285,280,280,182.912033,4581000
2017-08-15,281,284,271,271.5,177.359344,11565000
2017-08-16,272.5,276,270,273,178.339233,7302000
2017-08-17,274.5,275,270.5,272,177.685989,5031000
2017-08-18,266,269.5,264.5,267.5,174.746307,5741000
2017-08-21,266,273,264,272,177.685989,5997487
2017-08-22,272.5,274.5,270,270.5,176.70607,4224979
2017-08-23,276,279,270.5,271,177.0327,7304257
2017-08-24,270,274,270,273,178.339233,3828042
2017-08-25,272.5,273,269,269,175.726227,5926124
2017-08-28,270,272,268,271.5,177.359344,2632943
2017-08-29,269.5,270,267,267,174.419662,3518006
2017-08-30,270.5,272,268,268.5,175.399551,3422299
2017-08-31,271.5,275.5,270.5,270.5,176.70607,9081408
2017-09-01,274.5,274.5,271,272,177.685989,4452924
2017-09-04,270.5,271.5,268.5,271,177.0327,2430050
2017-09-05,272.5,279.5,271,279.5,182.585403,6238464
2017-09-06,278.5,278.5,271,271.5,177.359344,7551773
2017-09-07,271.5,277.5,271.5,272.5,178.012573,5622648
2017-09-08,275.5,276,271,274.5,179.319107,5445804
2017-09-11,276,279.5,275,279,182.258789,6872066
2017-09-12,282,283,275,275.5,179.972351,6680350
2017-09-13,277,277.5,273,275,179.645737,4256271
2017-09-14,272.5,294.5,272.5,287,187.484833,17341006
2017-09-15,294,294.5,290,292,190.751114,13364831
2017-09-18,299.5,302,292.5,292.5,191.077744,7120717
2017-09-19,295.5,297.5,292,293,191.404373,6135117
2017-09-20,292,294,282.5,290,189.444611,8499483
2017-09-21,285,294.5,285,293.5,191.730988,6051869
2017-09-22,293.5,294.5,286,286,186.831589,4793035
2017-09-25,286,290,281,285.5,186.504959,4673144
2017-09-26,285.5,289,282,282,184.218552,3600978
2017-09-27,285,290,284.5,287.5,187.811462,6917649
2017-09-28,289,294,288,291,190.09787,8607612
2017-09-29,290,291,284.5,284.5,185.851669,7326675
2017-10-02,293,293.5,287.5,288,188.138092,4691717
2017-10-03,289,289.5,285.5,288,188.138092,4003475
2017-10-05,290,290.5,284.5,285,186.178314,5068194
2017-10-06,289,295,288,291,190.09787,10976211
2017-10-11,298,306.5,296,306,199.896698,18218715
2017-10-12,308,309,303,303.5,198.26358,16332612
2017-10-13,309,322,308,322,210.348846,25082732
2017-10-16,320.5,330,318,326,212.961868,18159999
2017-10-17,326,327,320.5,321,209.695602,8698007
2017-10-18,321,322,312.5,314.5,205.449417,8309166
2017-10-19,317,323.5,316,316.5,206.755951,7519592
2017-10-20,316.5,319.5,313,313,204.469513,7447318
2017-10-23,321,322.5,318.5,320.5,209.368958,6564806
2017-10-24,318.5,322.5,315,321.5,210.022232,4263073
2017-10-25,328,334,326,328,214.268387,11984238
2017-10-26,327,339.5,326,338.5,221.127594,9927715
2017-10-27,338.5,346,330,330,215.574905,12505057
2017-10-30,335,337,326.5,334.5,218.514572,7630413
2017-10-31,336,350,333,342.5,223.740616,14831751
2017-11-01,350.5,350.5,338,338,220.800949,13411322
2017-11-02,337.5,344,336,336,219.494446,6780834
2017-11-03,338,341.5,332,335,218.841156,8807838
2017-11-06,331.5,332.5,323,328,214.268387,13130766
2017-11-07,330,338.5,330,337.5,220.474335,7730251
2017-11-08,337,339,332,336.5,219.821091,4448375
2017-11-09,336.5,341,328,331,216.228134,5387287
2017-11-10,323,326,307.5,326,212.961868,15697597
2017-11-13,323.5,324.5,317.5,317.5,207.40918,6588631
2017-11-14,326,332.5,322,326,212.961868,8063450
2017-11-15,323,325,319,322,210.348846,5776318
2017-11-16,322,325,319.5,320.5,209.368958,4947048
2017-11-17,327,330,325,329.5,215.248276,6854773
2017-11-20,334,334,319,320,209.042343,6000173
2017-11-21,320.5,323.5,316,322,210.348846,6266273
2017-11-22,324,332,322.5,327,213.615143,7402234
2017-11-23,331.5,333.5,326.5,327,213.615143,4104085
2017-11-24,330,330,324,326,212.961868,3238485
2017-11-27,328,331,324.5,330.5,215.90155,3919596
2017-11-28,337,337,328.5,331,216.228134,7460233
2017-11-29,334.5,336.5,332,334.5,218.514572,4474461
2017-11-30,336,336.5,318.5,326,212.961868,9772780
2017-12-01,326.5,329,312,315,205.776031,7919572
2017-12-04,315,320.5,315,320,209.042343,4552823
2017-12-05,318,320,315,318,207.735809,2998874
2017-12-06,318,318,286.5,286.5,187.158203,17346883
2017-12-07,289,293,284.5,287.5,187.811462,11079895
2017-12-08,291,297.5,287.5,296,193.364151,7051528
2017-12-11,297.5,301.5,296,299.5,195.650558,3470565
2017-12-12,299.5,300,291,296,193.364151,3935176
2017-12-13,298,299,291,291,190.09787,4712816
2017-12-14,291.5,295.5,289,289.5,189.117966,4395536
2017-12-15,287.5,289,276,285,186.178314,12426779
2017-12-18,285,289,280,287.5,187.811462,5170946
2017-12-19,289,294,287.5,294,192.057632,5989588
2017-12-20,294,294,288,292.5,191.077744,2430748
2017-12-21,293,296,290,290,189.444611,2601721
2017-12-22,292.5,293.5,289,290.5,189.77124,2119223
2017-12-25,291,291.5,286,287,187.484833,1436728
2017-12-26,287.5,288,277,280,182.912033,5960186
2017-12-27,280,283.5,276.5,283,184.871841,4375518
2017-12-28,281,287.5,281,286,186.831589,4585851
2017-12-29,288.5,294,287,294,192.057632,5105493
2018-01-02,293,293.5,289,291.5,190.4245,2537800
2018-01-03,295,302.5,295,300.5,196.303802,8196202
2018-01-04,301,307,298,307,200.549988,6783498
2018-01-05,310,310,297,300,195.977188,4965501
2018-01-08,304,306,296,298,194.67067,4142031
2018-01-09,297,304,296,304,198.59021,5147465
2018-01-10,304.5,311,302,309.5,202.183121,6727283
2018-01-11,309.5,309.5,302.5,306,199.896698,3775458
2018-01-12,309,311.5,307,309.5,202.183121,4794414
2018-01-15,312,313,308.5,313,204.469513,4350414
2018-01-16,311,314,309,312,203.816269,3804847
2018-01-17,308,308,303.5,306.5,200.223343,5779149
2018-01-18,308.5,321.5,307,319.5,208.715698,8785766
2018-01-19,321,321,314,319,208.389069,7447305
2018-01-22,317,319,312,319,208.389069,5523851
2018-01-23,318.5,323.5,317,318,207.735809,10049361
2018-01-24,315,316,307.5,307.5,200.876602,7768626
2018-01-25,308,317,305.5,305.5,199.570084,8777131
2018-01-26,300.5,308.5,300.5,308,201.203247,7022277
2018-01-29,314,314,307,308,201.203247,4417172
2018-01-30,305.5,305.5,298.5,299,195.323914,6738505
2018-01-31,295,304,295,299,195.323914,7733732
2018-02-01,310,311,306.5,307,200.549988,13138201
2018-02-02,304,306.5,301.5,304.5,198.91684,5242656
2018-02-05,295,301,295,299,195.323914,5583969
2018-02-06,290,292,279,286.5,187.158203,11116800
2018-02-07,292.5,295,284.5,284.5,185.851669,7676256
2018-02-08,285,288.5,283,286,186.831589,4649916
2018-02-09,272.5,286,270,283,184.871841,8477304
2018-02-12,286.5,289,283,285,186.178314,5525043
2018-02-21,293.5,304.5,292,304.5,198.91684,11124413
2018-02-22,300,306,298.5,302,197.283707,6376415
2018-02-23,300,302,299.5,300.5,196.303802,6134549
2018-02-26,304.5,304.5,296.5,296.5,193.690781,3613576
2018-02-27,302,307,301,301,196.630417,7542774
2018-03-01,301,302.5,294.5,299.5,195.650558,9324203
2018-03-02,296,307,296,302.5,197.610336,11009432
2018-03-05,302.5,303,295,295,192.710876,6953028
2018-03-06,299,303,296.5,301,196.630417,7629162
2018-03-07,297.5,307.5,297.5,300,195.977188,10376719
2018-03-08,304,309.5,302.5,309.5,202.183121,11617109
2018-03-09,309.5,312.5,307.5,310.5,202.83638,6950746
2018-03-12,312,322.5,311.5,317,207.08255,12539320
2018-03-13,317,320.5,317,319,208.389069,10215713
2018-03-14,319,319,313.5,313.5,204.796173,6017705
2018-03-15,313.5,321,313.5,318,207.735809,8616499
2018-03-16,322,322.5,317,317,207.08255,12301493
2018-03-19,321.5,344,320.5,334,218.187912,18084889
2018-03-20,335,344,335,342.5,223.740616,16137222
2018-03-21,348,348,335,336,219.494446,12857200
2018-03-22,339,342,335,336,219.494446,5677495
2018-03-23,324,334,323,328,214.268387,6414475
2018-03-26,328.5,347.5,328,347,226.680252,11777725
2018-03-27,343,345,334,342.5,223.740616,12445408
2018-03-28,338,341.5,333,333,217.534668,6333805
2018-03-29,337.5,341,331,331,216.228134,6376204
2018-03-30,339,346.5,338.5,340,222.107468,10060735
2018-04-02,343.5,343.5,336,336.5,219.821091,3080504
2018-04-03,333.5,334,326.5,328,214.268387,7879106
2018-04-09,331,333,327.5,327.5,213.941757,6830784
2018-04-10,330,331,326,327,213.615143,4614776
2018-04-11,330,343,329.5,339,221.454239,9473560
2018-04-12,339.5,342,330.5,331.5,216.554779,5856142
2018-04-13,335,338,334,336,219.494446,4800170
2018-04-16,340,346,338.5,342,223.414017,7684952
2018-04-17,345,345,336,340,222.107468,5928455
2018-04-18,345,373,345,362,236.479126,25903106
2018-04-19,370,374.5,357.5,360.5,235.499268,16688689
2018-04-20,357,362,351,354.5,231.579651,9243973
2018-04-23,356,363,350.5,350.5,228.966644,8170123
2018-04-24,352,354,330,341.5,223.087341,10638684
2018-04-25,338.5,346,334.5,337,220.14769,7676548
2018-04-26,341,344.5,321,323.5,211.32872,12585799
2018-04-27,337,339.5,325.5,339.5,221.780853,8263068
2018-04-30,328,341,327,340,222.107468,10315708
2018-05-02,341.5,343,330,331,216.228134,8872980
2018-05-03,328,329,312,320,209.042343,12988126
2018-05-04,315,328,315,325.5,212.635223,5703448
2018-05-07,332,332.5,317,318.5,208.062424,7252344
2018-05-08,319,326,319,325,212.308624,5086816
2018-05-09,325.5,330.5,322.5,328,214.268387,4851243
2018-05-10,328,331.5,326,329.5,215.248276,4467038
2018-05-11,329.5,330.5,317,319.5,208.715698,8255872
2018-05-14,325,326,318,320,209.042343,5333227
2018-05-15,324,324,318.5,319,208.389069,3385594
2018-05-16,320,322,315,319,208.389069,3594624
2018-05-17,318.5,318.5,307,310,202.509766,8766504
2018-05-18,311.5,315,307,313,204.469513,5357335
2018-05-21,315.5,317,313.5,314,205.122772,3005338
2018-05-22,315,322,313,320.5,209.368958,6695276
2018-05-23,323,323,317.5,320,209.042343,6434676
2018-05-24,323,323,318,322,210.348846,3680555
2018-05-25,322,326.5,319,324,211.655365,4871678
2018-05-28,324,325.5,318.5,318.5,208.062424,3884905
2018-05-29,319,319.5,315,315,205.776031,2389488
2018-05-30,312.5,313.5,310,310,202.509766,4860062
2018-05-31,313,313,308.5,311.5,203.489624,9847970
2018-06-01,313.5,319,313,319,208.389069,3291068
2018-06-04,319.5,330.5,319.5,329.5,215.248276,8387494
2018-06-05,330.5,330.5,324.5,325,212.308624,3675678
2018-06-06,329.5,334,327,331,216.228134,5458800
2018-06-07,331,332,328,331,216.228134,3642395
2018-06-08,329,330,326.5,330,215.574905,3650689
2018-06-11,331,334.5,330.5,332.5,217.208038,3276621
2018-06-12,329,330.5,323,324,211.655365,3746024
2018-06-13,322.5,326,320.5,320.5,209.368958,3460873
2018-06-14,320,322.5,315,315,205.776031,3719428
2018-06-15,316,318.5,312.5,315,205.776031,5146049
2018-06-19,311.5,318,311,312,203.816269,4618793
2018-06-20,312,313,309,310,202.509766,5514714
2018-06-21,312,313.5,310.5,312,203.816269,3846807
2018-06-22,310,311,308,310.5,202.83638,3055482
2018-06-25,307,311,307,310,202.509766,2755202
2018-06-26,305,305.5,293,296.5,193.690781,10955073
2018-06-27,297,302,296,296.5,193.690781,6254777
2018-06-28,295,299,292,297,194.017441,4398790
2018-06-29,298.5,302,298.5,300,195.977188,4915252
2018-07-02,301,312.5,301,305,199.243469,5731591
2018-07-03,305,309,303,304.5,198.91684,3859712
2018-07-04,303.5,306.5,297,298,194.67067,3724168
2018-07-05,295,295,280.5,281.5,183.891891,9890612
2018-07-06,282,288,282,285,186.178314,9758208
2018-07-09,278,279.5,271,272.5,184.485764,6556647
2018-07-10,274.5,280,274,280,189.56337,4572871
2018-07-11,277,278.5,273.5,276,186.855331,3684846
2018-07-12,276,285,276,283,191.594452,4540240
2018-07-13,281.5,286,281,285,192.948441,3278038
2018-07-16,285,286.5,282.5,282.5,191.255905,1847940
2018-07-17,283,287.5,283,285.5,193.286972,3209658
2018-07-18,287,288.5,281,281,190.240372,4952897
2018-07-19,283.5,284.5,281.5,284,192.271439,2521955
2018-07-20,282,284,280,280,189.56337,3062839
2018-07-23,278.5,278.5,271,271.5,183.808792,10295269
2018-07-24,270,270,254,255,172.638062,18761099
2018-07-25,255,264,254,262.5,177.715652,7951621
2018-07-26,259,263,259,263,178.054184,6681232
2018-07-27,263,271.5,263,267.5,181.100723,7011218
2018-07-30,263.5,265,258.5,260,176.023117,6547869
2018-07-31,256,257,250,254,171.96106,11840789
2018-08-01,265,277.5,265,275,186.178299,15825338
2018-08-02,276,277,269,269,182.116257,9247991
2018-08-03,272,274,271,274,185.501312,4041440
2018-08-06,273.5,274,270,273,184.824295,2324777
2018-08-07,273,278,271.5,275.5,186.5168,5155603
2018-08-08,277,278,275,277.5,187.870834,4605097
2018-08-09,276,276.5,272,275,186.178299,3245805
2018-08-10,272.5,276.5,272.5,274.5,185.839798,1925377
2018-08-13,265,268.5,258,263.5,178.392685,5137482
2018-08-14,263.5,267,263.5,265,179.408188,2505500
2018-08-15,263.5,264,260,260,176.023117,2342251
2018-08-16,250,253,246,247.5,167.560486,12296116
2018-08-17,250.5,252.5,246,247,167.221985,7505316
2018-08-20,249.5,249.5,244,247,167.221985,5106423
2018-08-21,246,247,245,245.5,166.206482,3879372
2018-08-22,247,249.5,244,247.5,167.560486,6912322
2018-08-23,248,253,248,253,171.284042,5146562
2018-08-24,253,253,247,250,169.253021,2873118
2018-08-27,248.5,249,245.5,247.5,167.560486,3028194
2018-08-28,247.5,256,247.5,252,170.60704,10553025
2018-08-29,254.5,256.5,253,256,173.315094,5288321
2018-08-30,257,258.5,255,256,173.315094,4274480
2018-08-31,255,255,248.5,251.5,170.268524,5802520
2018-09-03,252.5,253,249,249.5,168.91449,2545530
2018-09-04,250,255,250,253.5,171.622574,4155461
2018-09-05,253.5,256,252,254,171.96106,3409310
2018-09-06,252.5,257,250,255,172.638062,3895939
2018-09-07,253,254.5,245.5,248,167.899017,6183361
2018-09-10,249,251,238,242.5,164.17543,6448148
2018-09-11,246,247,241,244,165.190933,4864726
2018-09-12,246.5,246.5,242,244,165.190933,3333026
2018-09-13,245.5,245.5,242,242,163.836914,3132346
2018-09-14,244.5,246.5,243,245.5,166.206482,3522752
2018-09-17,244,245,242,243.5,164.852448,1585951
2018-09-18,243,246.5,243,244.5,165.529434,3103033
2018-09-19,246.5,248.5,243,245,165.86795,3740889
2018-09-20,243.5,245,237.5,238,161.128876,5312721
2018-09-21,241.5,244,240.5,243,164.513931,4163227
2018-09-25,241,244,241,243.5,164.852448,2246605
2018-09-26,244.5,245,241,241.5,163.498428,3087089
2018-09-27,241,242,239,241.5,163.498428,2935735
2018-09-28,244.5,246.5,243,246.5,166.883469,5847255
2018-10-01,248.5,252,248.5,250,169.253021,4200741
2018-10-02,250,251,243,245,165.86795,5612236
2018-10-03,245.5,246.5,241,246,166.544968,2859111
2018-10-04,248,248,242,242,163.836914,4069030
2018-10-05,240,241,232.5,234.5,158.759338,9232507
2018-10-08,234.5,235.5,232.5,233.5,158.082321,5331698
2018-10-09,234,234.5,228.5,228.5,154.69725,4308219
2018-10-11,207.5,210.5,207,210.5,142.511047,15727317
2018-10-12,210,221,210,220,148.942627,7413236
2018-10-15,218.5,226.5,216,221,149.619675,7201028
2018-10-16,222.5,227,222,222,150.296677,3697987
2018-10-17,225.5,226.5,224,224.5,151.989182,3131048
2018-10-18,225,227,224,225,152.327713,2586243
2018-10-19,221.5,222.5,218.5,222.5,150.635178,3881788
2018-10-22,220.5,224,220,221.5,149.958176,2304109
2018-10-23,220,222,214,214,144.880585,3750442
2018-10-24,212,216,206,214,144.880585,5893975
2018-10-25,207.5,212,206,210,142.172531,6389358
2018-10-26,212,213.5,200.5,202,136.756439,8450095
2018-10-29,206,208,199.5,208,140.818512,7011609
2018-10-30,209,212,206,207,140.141495,3914023
2018-10-31,212,227.5,211,227.5,154.020248,10063937
2018-11-01,227,229,218.5,223.5,151.31218,9439080
2018-11-02,226.5,230.5,224.5,227.5,154.020248,7303536
2018-11-05,225.5,230,224,230,155.712769,4228811
2018-11-06,233.5,238,226.5,230,155.712769,5864560
2018-11-07,230,236,230,235,159.097824,3622354
2018-11-08,239,240,233,235,159.097824,3624731
2018-11-09,234.5,234.5,226.5,228.5,154.69725,4578760
2018-11-12,228,235.5,227,234.5,158.759338,4708588
2018-11-13,227.5,234,226.5,231,156.389771,4335995
2018-11-14,231,233,229,230,155.712769,2604260
2018-11-15,231.5,235,229.5,231.5,156.728287,2904993
2018-11-16,225,228,220,220,148.942627,8579017
2018-11-19,222,225,220,223.5,151.31218,3132386
2018-11-20,222.5,225.5,220.5,225,152.327713,3009250
2018-11-21,223,224.5,220,223,150.973709,3603281
2018-11-22,223.5,225,222,222.5,150.635178,2248076
2018-11-23,224,224,222,222,150.296677,1497480
2018-11-26,224,230.5,223,228,154.358765,3783404
2018-11-27,228,232,225,232,157.066788,3213824
2018-11-28,232,236.5,231,236.5,160.113327,3988176
2018-11-29,240,241.5,231.5,231.5,156.728287,4820111
2018-11-30,233,238,231,237.5,160.790344,6659593
2018-12-03,243,247,242.5,245.5,166.206482,7403178
2018-12-04,248,252.5,245,252,170.60704,9478331
2018-12-05,246.5,247,244,244.5,165.529434,4806496
2018-12-06,239,239.5,229,229.5,155.374268,8273167
2018-12-07,233.5,236.5,232.5,233.5,158.082321,4605911
2018-12-10,229.5,234,228,229,155.035751,3089071
2018-12-11,227,229.5,226,228,154.358765,2707930
2018-12-12,231.5,235,230,233,157.74382,2520059
2018-12-13,233.5,238,233.5,237.5,160.790344,2655290
2018-12-14,239,240,233,236,159.774841,3424139
2018-12-17,239,239,234,235,159.097824,2126768
2018-12-18,234,236.5,233.5,234.5,158.759338,2176231
2018-12-19,232.5,236,232.5,236,159.774841,2708347
2018-12-20,229.5,231,223.5,225,152.327713,9002120
2018-12-21,224,226,221.5,223.5,151.31218,4508734
2018-12-24,223.5,225.5,222.5,225,152.327713,1674367
2018-12-25,221,222,219,221,149.619675,1528188
2018-12-26,222,223.5,220,220,148.942627,897303
2018-12-27,224.5,227,223,225,152.327713,2969386
2018-12-28,223.5,229.5,223.5,229.5,155.374268,3415320
2019-01-02,229.5,229.5,220.5,220.5,149.281174,4284014
2019-01-03,224,226,221,223.5,151.31218,3718829
2019-01-04,218.5,218.5,213.5,217,146.911606,5603944
2019-01-07,221,221.5,217.5,219,148.26564,7008819
2019-01-08,221,222.5,218.5,222,150.296677,4626012
2019-01-09,225.5,231.5,224,226,153.00473,8817353
2019-01-10,226,228,223,226,153.00473,2881535
2019-01-11,227,229,226,227.5,154.020248,2023139
2019-01-14,231.5,234,230,231.5,156.728287,4203075
2019-01-15,233.5,233.5,231.5,233,157.74382,4528299
2019-01-16,233,238,232,237,160.451859,4396761
2019-01-17,237.5,239,234.5,237,160.451859,2919704
2019-01-18,239.5,244.5,239,244,165.190933,6656676
2019-01-21,247,249,243.5,244.5,165.529434,4437388
2019-01-22,246.5,248,241,242,163.836914,4435260
2019-01-23,240.5,241,237,241,163.159897,3064991
2019-01-24,242.5,248,242,244.5,165.529434,6357578
2019-01-25,246.5,249.5,245,248,167.899017,6383195
2019-01-28,247.5,249,246.5,248.5,168.237503,3686061
2019-01-29,245,248,244,245.5,166.206482,4277832
2019-01-30,245.5,245.5,241.5,243,164.513931,5074048
2019-02-11,252.5,259.5,249.5,259.5,175.684616,19458668
2019-02-12,257,259.5,256,257.5,174.330582,5978205
2019-02-13,259.5,261.5,256.5,259,175.346146,5523900
2019-02-14,257,259,255.5,255.5,172.976593,3051493
2019-02-15,254.5,258,250.5,252,170.60704,4364578
2019-02-18,254.5,254.5,251,253.5,171.622574,3331721
2019-02-19,252,252.5,249,250,169.253021,3357988
2019-02-20,251.5,258,251.5,255.5,172.976593,7741067
2019-02-21,254,259.5,253.5,259,175.346146,6115313
2019-02-22,260,271,259.5,264,178.731171,16461969
2019-02-25,271,282.5,270.5,282.5,191.255905,20111509
2019-02-26,283.5,293,276.5,276.5,187.193848,15256458
2019-02-27,280,282,274,280,189.56337,9345510
2019-03-04,280,283.5,277,277,187.532349,7891170
2019-03-05,275.5,279,272,273,184.824295,5726149
2019-03-06,274,281.5,274,280,189.56337,9119054
2019-03-07,277.5,279,272.5,274,185.501312,4456436
2019-03-08,270,271.5,266,267.5,181.100723,7604720
2019-03-11,267.5,272.5,267.5,270,182.793228,3485628
2019-03-12,274.5,276,270,270.5,183.13176,4929135
2019-03-13,270,273.5,269,273,184.824295,2627183
2019-03-14,272,278,271.5,272.5,184.485764,4932937
2019-03-15,274,277,273.5,276,186.855331,4467807
2019-03-18,280,281.5,276,278,188.20932,4328819
2019-03-19,276.5,277,272,275.5,186.5168,5706614
2019-03-20,275.5,275.5,273,274.5,185.839798,3167594
2019-03-21,274.5,279.5,274.5,277.5,187.870834,4524736
2019-03-22,280,286,279,284,192.271439,13172848
2019-03-25,276.5,279,276,276.5,187.193848,5459643
2019-03-26,279,281.5,278.5,281,190.240372,3638168
2019-03-27,280,280.5,278,279.5,189.224869,2680720
2019-03-28,278.5,283.5,276.5,276.5,187.193848,4616705
2019-03-29,279,282.5,277,282.5,191.255905,5403033
2019-04-01,284.5,287,284,285.5,193.286972,6930601
2019-04-02,290,291.5,288,290.5,196.672028,9730324
2019-04-03,289.5,291.5,287,290.5,196.672028,6655692
2019-04-08,289,294.5,289,294.5,199.380051,8345644
2019-04-09,294,300,291,299.5,202.765137,9914612
2019-04-10,300,304.5,298,300,203.103638,12409630
2019-04-11,298,303,291,291.5,197.34903,12174619
2019-04-12,294,297,292,293.5,198.703018,6379713
2019-04-15,298,299,295.5,296.5,200.73407,7192887
2019-04-16,299,301.5,297.5,300,203.103638,8003479
2019-04-17,294.5,299,287.5,288.5,195.317978,19673897
2019-04-18,289.5,293.5,289,291,197.010529,10977862
2019-04-19,293.5,294,288.5,290,196.333496,3333798
2019-04-22,292,293.5,288.5,289,195.656494,3197270
2019-04-23,290.5,290.5,285,290,196.333496,4918551
2019-04-24,292,292,287,289.5,195.99498,3863399
2019-04-25,289.5,291,286,288,194.979477,3703193
2019-04-26,286,290,283.5,290,196.333496,3850978
2019-04-29,289.5,291.5,286.5,287.5,194.640961,4219363
2019-04-30,290,295.5,287,295.5,200.057068,8621796
2019-05-02,307.5,307.5,298,298,201.749603,21971303
2019-05-03,304,310,301,309,209.196762,18605013
2019-05-06,304,306,301,306,207.165649,12178296
2019-05-07,309,313,307,311,210.550751,12299811
2019-05-08,308,311,304.5,310,209.873734,9096385
2019-05-09,311,314,300,300,203.103638,9556606
2019-05-10,303,305.5,293,298.5,202.088104,7160414
2019-05-13,300,300,285.5,286.5,193.963943,8021402
2019-05-14,279,289,276.5,289,195.656494,8106651
2019-05-15,290,293.5,287.5,290,196.333496,5782386
2019-05-16,290,292,286,288,194.979477,4927890
2019-05-17,291.5,296.5,289,291,197.010529,8935427
2019-05-20,291.5,293,286.5,290,196.333496,5080134
2019-05-21,287,292.5,286.5,290.5,196.672028,5504726
2019-05-22,290,290.5,286.5,287.5,194.640961,3821414
2019-05-23,291,295,289,292,197.6875,9875909
2019-05-24,294.5,294.5,286,287,194.302444,5171759
2019-05-27,287,288.5,276.5,281,190.240372,7623986
2019-05-28,283,283.5,279.5,280.5,189.901901,7631484
2019-05-29,277.5,280.5,275,280.5,189.901901,5039512
2019-05-30,284.5,298.5,284.5,296.5,200.73407,10940177
2019-05-31,298.5,313,297,311,210.550751,15580408
2019-06-03,308.5,316.5,304,314,212.581772,13144705
2019-06-04,316,318,311,311,210.550751,8772745
2019-06-05,317,319.5,312.5,313,211.904755,9334896
2019-06-06,312,312,305.5,307,207.842712,6168786
2019-06-10,313,316.5,310,316,213.935822,8082018
2019-06-11,310,314,308,308,208.51973,8924969
2019-06-12,308.5,312.5,306.5,309.5,209.535233,4458590
2019-06-13,309.5,316.5,308.5,309.5,209.535233,6906886
2019-06-14,311,312.5,306,307,207.842712,4800518
2019-06-17,305,307,300,300.5,203.442108,6753100
2019-06-18,304,309,304,308.5,208.858246,6585570
2019-06-19,314.5,315,307.5,308.5,208.858246,8115800
2019-06-20,311,313,308,310,209.873734,4674213
2019-06-21,312,316,310,313.5,212.243301,9233348
2019-06-24,311.5,315.5,310,315.5,213.597321,4462509
2019-06-25,313.5,315,309,311.5,210.889236,3262743
2019-06-26,312.5,313,309.5,310.5,210.212234,3335968
2019-06-27,314,315.5,312.5,313,211.904755,5353416
2019-06-28,314,315.5,311,314,212.581772,4236184
2019-07-01,315,317,312.5,314,212.581772,8268252
2019-07-02,314,319,313.5,319,215.966827,7758935
2019-07-03,322,326.5,316,317.5,214.951324,8818515
2019-07-04,320,320.5,317.5,319,215.966827,4090644
2019-07-05,319.5,322,318.5,321,217.320892,6690938
2019-07-08,312,315.5,312,314,218.713959,5706740
2019-07-09,314.5,316,313,313.5,218.365692,3738897
2019-07-10,317,319,315.5,318,221.500122,4383939
2019-07-11,320,324,319,322.5,224.634583,6720950
2019-07-12,321.5,322,318,318,221.500122,3205923
2019-07-15,318.5,319,313.5,314.5,219.062195,5194708
2019-07-16,315.5,317.5,313,314,218.713959,5075568
2019-07-17,313,314,308.5,310,215.927765,6807470
2019-07-18,311,311,301,302,210.355438,9600433
2019-07-19,307.5,308,302.5,304.5,212.096817,7333715
2019-07-22,306,309.5,305.5,308.5,214.883011,7018764
2019-07-23,310,315,310,314.5,219.062195,7586407
2019-07-24,315,315.5,307.5,308,214.534729,8478357
2019-07-25,310,313,308,313,218.017395,5465905
2019-07-26,309.5,315,308,313.5,218.365692,4494969
2019-07-29,311,319.5,310,319,222.196655,9083924
2019-07-30,322,328,320.5,325.5,226.724152,17119494
2019-07-31,322,322,309,314.5,219.062195,17759819
2019-08-01,318,327.5,314,314,218.713959,24478906
2019-08-02,310.5,316.5,309.5,316,220.107025,13587337
2019-08-05,313,315.5,309,312,217.320862,9440893
2019-08-06,305,313,304,309,215.231262,10117433
2019-08-07,313,319.5,312.5,318,221.500122,13326307
2019-08-08,316.5,320.5,314.5,316.5,220.455322,7096959
2019-08-12,318.5,323,318,323,224.982849,8148041
2019-08-13,321.5,322,317,318,221.500122,3973869
2019-08-14,322,323,318.5,319.5,222.544922,3991080
2019-08-15,314.5,317,313.5,316.5,220.455322,5250867
2019-08-16,317,324.5,317,322,224.286285,7821353
2019-08-19,328,353,326.5,353,245.879089,30578217
2019-08-20,351.5,354,347,351,244.485947,13464762
2019-08-21,351,356.5,347,347,241.699829,10778561
2019-08-22,349,352,342.5,345,240.306732,8555639
2019-08-23,347.5,352,342.5,342.5,238.565338,6822420
2019-08-26,337.5,344.5,336,343,238.91362,5118378
2019-08-27,347,348,343,345.5,240.655014,8036958
2019-08-28,355.5,367.5,355,366,254.934067,20997331
2019-08-29,364.5,366,361.5,365.5,254.5858,8415969
2019-08-30,370.5,373.5,365,367.5,255.978912,10421568
2019-09-02,367.5,371.5,364,370.5,258.068481,5317803
2019-09-03,370.5,370.5,363,364,253.54097,4462940
2019-09-04,365,369,362,365,254.237534,6296489
2019-09-05,368.5,369.5,364.5,367.5,255.978912,4485683
2019-09-06,371,378,368,374.5,260.854675,13658238
2019-09-10,380,382,375.5,378,263.292603,9046222
2019-09-11,376,379.5,372.5,374.5,260.854675,7368588
2019-09-12,381,383,373,375,261.203003,9749513
2019-09-16,375.5,384.5,375.5,382,266.078735,10976486
2019-09-17,385,388,382.5,383,266.77533,8723754
2019-09-18,383,384,379,382,266.078735,7371028
2019-09-19,387,388,380.5,380.5,265.033936,7618232
2019-09-20,381.5,388,381.5,386.5,269.213165,9000253
2019-09-23,385.5,391,384.5,388,270.257996,4616257
2019-09-24,388,389,384.5,387,269.561462,4040265
2019-09-25,382.5,385,379,380,264.685699,8943671
2019-09-26,382,384,374,376,261.899506,8219250
2019-09-27,376,378,368.5,369,257.023743,9126978
2019-10-01,369.5,376.5,369,376.5,262.247803,7399613
2019-10-02,374,375.5,372,372,259.113342,3950924
2019-10-03,372,381,367.5,379.5,264.337433,8891382
2019-10-04,382.5,387,382,385.5,268.516632,7691915
2019-10-07,386.5,388,381.5,384,267.471863,5092932
2019-10-08,384,385.5,383,384.5,267.820099,5088917
2019-10-09,382,382.5,372,372,259.113342,8426727
2019-10-14,371,375,368,370.5,258.068481,14688516
2019-10-15,370,371.5,366,367,255.630646,9994456
2019-10-16,370,372,359,360,250.754868,12208364
2019-10-17,364,372,362,371,258.416779,8885926
2019-10-18,373.5,374,369,370,257.720276,5956854
2019-10-21,373,374.5,368.5,369,257.023743,4570574
2019-10-22,369.5,372,367.5,371.5,258.765076,4971040
2019-10-23,370.5,372,368,372,259.113342,4064705
2019-10-24,376.5,381.5,376,381.5,265.730469,12750908
2019-10-25,385,386,379,379,263.989105,8223640
2019-10-28,382.5,387,381,387,269.561462,7243786
2019-10-29,393,395.5,385.5,393,273.740723,13551380
2019-10-30,393,399,389.5,396.5,276.178589,11199167
2019-10-31,396.5,412,395.5,408,284.188843,24038661
2019-11-01,410,413.5,403.5,405,282.099213,10009206
2019-11-04,405,412,404.5,412,286.975006,8229135
2019-11-05,411.5,426,411.5,425,296.03006,11961184
2019-11-06,425.5,434,423,434,302.298889,13339309
2019-11-07,428,431,421,425,296.03006,11874714
2019-11-08,425,428,411,414,288.368103,13226485
2019-11-11,412,412,403,403.5,281.054382,8447587
2019-11-12,405,412.5,405,410,285.581909,5316072
2019-11-13,404,414.5,404,408,284.188843,4982554
2019-11-14,409.5,413,405,410.5,285.930206,4877989
2019-11-15,414,426,413.5,422,293.940399,9736952
2019-11-18,418.5,421,416.5,419.5,292.199036,3777538
2019-11-19,420,423,417,421,293.243866,3798032
2019-11-20,421,421,413,414.5,288.716339,6027873
2019-11-21,410,412.5,398,407,283.492279,11718815
2019-11-22,404,412,404,411,286.278473,7319917
2019-11-25,420,422.5,416,418.5,291.502502,9091715
2019-11-26,425,427.5,418.5,420,292.547333,11090564
2019-11-27,424,426,420,422.5,294.288696,5952772
2019-11-28,425,432.5,423,431.5,300.557556,9884036
2019-11-29,434,437,420,421.5,293.592133,11552430
2019-12-02,418.5,425,412,416.5,290.109436,6767586
2019-12-03,416.5,425,416.5,418,291.154236,7340205
2019-12-04,418,424.5,416.5,424.5,295.681763,6065565
2019-12-05,425,426,420,420,292.547333,5727907
2019-12-06,420.5,422,415,415,289.064636,5191845
2019-12-09,419,427.5,418,426.5,297.074799,7316273
2019-12-10,427,427,423.5,425,296.03006,3291268
2019-12-11,423,429,423,429,298.816162,3798435
2019-12-12,430.5,432.5,426.5,427.5,297.771393,6398487
2019-12-13,430.5,434,428,432.5,301.254059,8981136
2019-12-16,435.5,443.5,433,442,307.871277,46360
2019-12-17,444,464,443,460.5,320.757202,16791241
2019-12-18,460,460,453,456.5,317.971069,11668129
2019-12-19,455.5,456,451.5,454.5,316.577972,9032898
2019-12-20,454.5,454.5,442,446,310.657379,14087688
2019-12-23,445.5,450,442,449,312.746979,3462155
2019-12-24,448,448,444.5,445,309.960876,3108958
2019-12-25,444,453,444,452,314.836639,2911788
2019-12-26,459.5,460.5,449,449,312.746979,5855027
2019-12-27,451.5,452.5,446,446.5,311.005676,4173840
2019-12-30,446.5,447.5,445,446.5,311.005676,2869387
2019-12-31,443.5,446.5,441,443.5,308.916046,5710571
2020-01-02,445,446,440.5,441.5,307.52298,6237434
2020-01-03,445,445.5,423,434.5,302.647156,12375266
2020-01-06,428,431.5,424,424,295.333466,8448516
2020-01-07,428,431,418,426,296.726532,11707155
2020-01-08,426,436.5,424,430.5,299.860962,9695448
2020-01-09,435,439,432.5,437,304.38855,6951194
2020-01-10,439.5,441,426,432,300.905853,7683248
2020-01-13,432,435,422,422,293.940399,10239998
2020-01-14,422.5,424.5,412.5,416,289.761169,19437055
2020-01-15,409,419,406.5,416,289.761169,25888092
2020-01-16,419,423.5,415,421,293.243866,13075722
2020-01-17,428,428,418.5,420.5,292.895569,8525316
2020-01-20,421,422,417,419,291.850769,5654773
2020-01-30,400,400.5,382.5,383.5,267.123596,22330256
2020-01-31,385,393,382,388,270.257996,10276123
2020-02-03,376.5,387,373,382,266.078735,10441301
2020-02-04,435.5,437.5,390.5,390.5,271.999329,9425276
2020-02-05,390.5,390.5,378.5,381,265.382233,16153382
2020-02-06,381,390.5,380,382,266.078735,10150866
2020-02-07,380.5,385.5,379,381,265.382233,10226510
2020-02-10,377.5,386.5,375,380,264.685699,10628172
2020-02-11,382,391.5,382,390,271.651062,11236133
2020-02-12,398,403.5,395,401.5,279.661316,13580808
2020-02-13,408.5,412,406.5,408.5,284.53714,15438270
2020-02-14,407,408,403.5,405.5,282.447479,9177582
2020-02-17,397.5,399.5,394,398,277.223419,9199824
2020-02-18,394,396.5,392,392,273.044159,7500223
2020-02-19,395,396,387.5,388.5,270.606293,9008260
2020-02-20,391.5,394,387.5,394,274.437225,8177571
2020-02-21,394,394,388,388,270.257996,7800080
2020-02-24,382.5,384.5,376,377,262.596039,13066425
2020-02-25,374.5,383,371,378.5,263.6409,10230047
2020-02-26,375,380,373,375,261.203003,10856144
2020-02-27,376,378,360,360,250.754868,14733370
2020-03-02,356,368,353.5,363,252.844498,11499602
2020-03-03,373,378.5,371,372,259.113342,10014005
2020-03-04,371.5,372.5,364,370.5,258.068481,10894688
2020-03-05,377.5,385,376,385,268.168396,10735601
2020-03-06,380,382.5,376.5,378.5,263.6409,7373406
2020-03-09,368.5,371,361,366.5,255.282364,11472891
2020-03-10,363.5,373.5,362,373.5,260.158142,11832469
2020-03-11,373.5,377,362,363,252.844498,9371669
2020-03-12,356,358.5,336,336,234.037888,19239208
2020-03-13,307.5,348,305,341,237.520584,23633277
2020-03-16,333,342.5,320,320,222.893204,12157253
2020-03-17,308,328.5,308,315.5,219.758774,14275860
2020-03-18,315.5,321.5,301.5,301.5,210.007187,14031612
2020-03-19,291,298.5,273,274,190.852295,25712419
2020-03-20,296,301,287,301,209.658875,17041676
2020-03-23,307,314,296,308,214.534729,20264004
2020-03-24,336,338.5,326,330,229.858627,13337078
2020-03-25,348,353,330,334.5,232.993057,20283591
2020-03-26,339,345,328,343.5,239.261932,11554093
2020-03-27,359.5,359.5,336.5,340,236.82402,13224545
2020-03-30,329.5,336.5,323,336.5,234.386139,10694349
2020-03-31,339,343.5,326,327.5,228.117279,10806002
2020-04-01,333,334,325.5,334,232.64476,6557209
2020-04-06,346,346,336.5,341,237.520584,8234391
2020-04-07,348,350,346,347,241.699829,8655322
2020-04-08,346,352,345,349.5,243.441193,6885590
2020-04-09,356,356,347.5,351.5,244.834244,8237776
2020-04-10,352.5,352.5,348,350,243.789413,6619621
2020-04-13,349,354.5,348.5,351.5,244.834244,7148004
2020-04-14,354,368.5,353.5,365.5,254.5858,13428196
2020-04-15,370,370.5,363.5,365.5,254.5858,8618815
2020-04-16,361,365.5,360.5,361.5,251.799698,6466648
2020-04-17,379,379,363,368,256.327179,13317197
2020-04-20,371,373.5,366.5,370,257.720276,5552576
2020-04-21,367,367,352,353.5,246.227325,11227460
2020-04-22,350,352,342,346,241.003265,12064371
2020-04-23,347.5,351,344,351,244.485947,8791011
2020-04-24,351,353,348,348.5,242.744629,6025467
2020-04-27,357,374,355.5,372,259.113342,13194986
2020-04-28,374.5,375,363.5,375,261.203003,10595852
2020-04-29,400,400,386.5,398,277.223419,31507975
2020-04-30,412,415.5,405,415,289.064636,21757679
2020-05-04,404,405,398,399.5,278.268219,11748303
2020-05-05,403.5,405.5,396,401.5,279.661316,7287899
2020-05-06,405,409.5,401.5,408,284.188843,8553772
2020-05-07,412,415,411,411,286.278473,8084230
2020-05-08,415,418,411.5,411.5,286.62677,6577964
2020-05-11,415.5,415.5,407,410,285.581909,6480940
2020-05-12,408,409.5,404,407,283.492279,5093041
2020-05-13,408.5,420,407,420,292.547333,10514740
2020-05-14,417,419,406.5,411,286.278473,8304088
2020-05-15,414,415.5,404.5,411,286.278473,5763797
2020-05-18,452,452,436.5,440.5,306.826416,25249990
2020-05-19,462.5,464,458,462,321.802094,21999164
2020-05-20,467,479,464,470,327.37442,18417567
2020-05-21,470,472,460.5,464.5,323.543427,9007736
2020-05-22,446.5,455,440,442,307.871277,15401024
2020-05-25,451.5,460,449,460,320.408997,11317742
2020-05-26,460,468,458,460,320.408997,6684259
2020-05-27,465,466,459.5,464.5,323.543427,8149230
2020-05-28,468,469,453.5,460,320.408997,10968535
2020-05-29,460,467,453.5,463,322.498596,9537183
2020-06-01,468,470,460,461.5,321.453796,8722266
2020-06-02,488,490.5,479.5,485,337.822479,17040745
2020-06-03,492,493.5,487,490,341.305237,9435845
2020-06-04,485,493,482,490,341.305237,8177190
2020-06-05,493,497.5,491,494,344.09137,8352917
2020-06-08,495.5,505,493,494.5,344.439636,9669114
2020-06-09,491,499.5,487.5,497.5,346.529297,7942284
2020-06-10,495.5,503,495,500,348.27066,6677972
2020-06-11,500,509,496,496.5,345.832733,10694186
2020-06-12,473,495.5,473,492.5,343.04657,11862920
2020-06-15,498,505,492.5,492.5,343.04657,7204482
2020-06-16,492,510,491.5,510,355.236023,11665647
2020-06-17,511,516,505,510,355.236023,6203179
2020-06-18,515,515,508,513,357.325623,5395592
2020-06-19,520,560,518,546,380.311493,21698522
2020-06-22,553,576,546,576,401.207764,17770887
2020-06-23,580,594,558,574,399.814606,15468824
2020-06-24,572,584,568,580,403.993927,9137582
2020-06-29,566,576,563,565,393.545807,11967207
2020-06-30,569,579,568,579,403.297333,9477547
2020-07-01,590,594,575,577,401.904266,7577668
2020-07-02,577,582,573,574,399.814606,6018098
2020-07-03,575,587,575,585,407.476654,8709502
2020-07-06,587,589,580,589,417.761719,7257983
2020-07-07,598,632,595,618,438.330627,19356242
2020-07-08,629,674,625,661,468.829346,21759399
2020-07-09,661,663,640,651,461.736542,17160954
2020-07-10,641,647,616,616,436.912079,16945547
2020-07-13,626,639,618,629,446.132538,10446840
2020-07-14,627,628,610,611,433.365692,9142920
2020-07-15,612,618,598,609,431.947174,14629162
2020-07-16,601,612,599,599,424.854431,7417218
2020-07-17,598,608,596,607,430.528564,8994459
2020-07-20,609,611,590,601,426.272949,9008151
2020-07-21,612,643,612,637,451.806732,15777808
2020-07-22,659,670,651,664,470.957123,17852109
2020-07-23,658,687,653,677,480.177673,17281987
2020-07-24,677,703,670,675,478.759186,24419901
2020-07-27,695,737,691,728,516.350525,21292219
2020-07-28,741,763,680,680,482.305511,36040539
2020-07-29,683,694,667,682,483.724091,14464939
2020-07-30,686,694,670,683,484.433319,13693896
2020-07-31,678,707,670,701,497.200195,14518563
2020-08-03,743,743,695,696,493.6539,25733096
2020-08-04,703,732,700,732,519.187683,19226303
2020-08-05,735,739,722,730,517.769165,13000226
2020-08-06,736,753,730,732,519.187683,12890678
2020-08-07,730,736,704,705,500.037323,14627882
2020-08-10,696,714,696,706,500.746643,11142754
2020-08-11,698,708,691,693,491.526093,9919208
2020-08-12,684,690,674,680,482.305511,11113131
2020-08-13,700,702,671,684,485.14267,11410405
2020-08-14,670,683,670,680,482.305511,9672925
2020-08-17,684,689,677,685,485.851807,6056362
2020-08-18,617,642,617,617,437.621368,42330663
2020-08-19,618,626,605,609,431.947174,23597107
2020-08-20,603,611,551,565,400.739136,34165307
2020-08-21,583,606,581,604,428.400757,21528784
2020-08-24,599,600,583,585,414.924622,14910954
2020-08-25,592,594,584,589,417.761719,9904789
2020-08-26,585,586,573,578,409.959686,10781130
2020-08-27,583,586,555,558,395.774231,14917596
2020-08-28,558,575,553,574,407.122528,13150295
2020-08-31,580,583,552,556,394.355621,17151699
2020-09-01,559,577,553,576,408.541168,10727355
2020-09-02,605,609,590,596,422.726563,18844801
2020-09-03,614,615,598,603,427.691498,13478883
2020-09-04,589,610,582,603,427.691498,13800424
2020-09-07,608,613,593,598,424.145111,7040189
2020-09-08,602,614,598,604,428.400757,6683057
2020-09-09,594,599,586,595,422.017303,10096718
2020-09-10,601,607,598,599,424.854431,7278603
2020-09-11,598,603,586,595,422.017303,7587495
2020-09-14,596,610,589,609,431.947174,8675428
2020-09-15,609,614,603,611,433.365692,7364558
2020-09-16,618,628,616,617,437.621368,10590991
2020-09-17,610,611,593,599,424.854431,12572944
2020-09-18,599,611,591,611,433.365692,11400876
2020-09-21,614,624,610,616,436.912079,8107351
2020-09-22,614,615,602,603,427.691498,7610728
2020-09-23,609,619,609,617,437.621368,6545842
2020-09-24,606,616,600,600,425.563751,8632965
2020-09-25,605,608,581,585,414.924622,7846337
2020-09-28,583,607,581,603,427.691498,7734975
2020-09-29,606,614,606,610,432.656433,5464334
2020-09-30,615,618,607,607,430.528564,5974893
2020-10-05,614,617,610,611,433.365692,5000804
2020-10-06,618,619,612,615,436.202789,3949603
2020-10-07,617,658,613,647,458.899445,17770203
2020-10-08,660,677,650,670,475.21286,15485367
2020-10-12,710,722,699,714,506.420837,21415450
2020-10-13,712,712,693,699,495.781769,7920165
2020-10-14,692,698,687,689,488.688965,5713855
2020-10-15,693,707,689,689,488.688965,6967919
2020-10-16,689,695,680,680,482.305511,5020630
2020-10-19,683,695,683,692,490.816772,3933553
2020-10-20,688,697,683,697,494.36319,4936501
2020-10-21,704,710,687,691,490.107544,5171741
2020-10-22,688,696,685,688,487.979736,5090155
2020-10-23,689,694,678,678,480.887054,4854113
2020-10-26,680,686,672,674,478.049835,4322931
2020-10-27,674,688,672,685,485.851807,6036221
2020-10-28,685,689,675,681,483.014801,6105449
2020-10-29,670,687,666,684,485.14267,4525881
2020-10-30,678,682,670,678,480.887054,6372434
2020-11-02,690,690,650,653,463.155151,13777031
2020-11-03,661,676,660,665,471.666412,8253830
2020-11-04,671,685,661,677,480.177673,9284414
2020-11-05,685,696,679,696,493.6539,11678906
2020-11-06,701,704,692,700,496.490936,7345707
2020-11-09,710,714,693,702,497.909454,6544760
2020-11-10,702,702,681,686,486.561127,6006693
2020-11-11,662,682,662,676,479.468414,7981123
2020-11-12,677,683,671,673,477.340637,4170904
2020-11-13,671,677,667,675,478.759186,4677318
2020-11-16,685,695,681,694,492.235382,6299216
2020-11-17,701,703,691,696,493.6539,6367119
2020-11-18,702,728,701,728,516.350525,21063886
2020-11-19,732,738,727,733,519.897034,8842836
2020-11-20,732,754,723,747,529.826782,11419475
2020-11-23,754,758,738,743,526.989746,7022977
2020-11-24,752,752,734,742,526.280396,5754058
2020-11-25,746,748,724,724,513.51355,7106689
2020-11-26,733,737,725,730,517.769165,3654252
2020-11-27,725,731,721,725,514.222778,3418735
2020-11-30,711,718,703,704,499.328064,13232551
2020-12-01,700,708,693,697,494.36319,8450506
2020-12-02,706,717,695,712,505.002258,8354076
2020-12-03,715,715,698,700,496.490936,6972483
2020-12-04,700,707,696,705,500.037323,5398397
2020-12-07,705,708,695,704,499.328064,5457769
2020-12-08,703,731,702,730,517.769165,10014080
2020-12-09,735,746,730,734,520.606262,7869170
2020-12-10,730,730,706,709,502.87439,7733557
2020-12-11,720,722,701,707,501.455872,7453209
2020-12-14,706,710,699,702,497.909454,3884022
2020-12-15,702,706,696,701,497.200195,5077673
2020-12-16,711,714,701,701,497.200195,6247245
2020-12-17,703,711,699,704,499.328064,5996672
2020-12-18,704,708,699,699,495.781769,4853449
2020-12-21,698,708,689,708,502.165192,5371824
2020-12-22,708,722,703,703,498.618774,6412332
2020-12-23,708,722,705,720,510.676453,5329119
2020-12-24,724,725,714,714,506.420837,3320736
2020-12-25,720,722,712,715,507.130066,2209747
2020-12-28,724,741,723,740,524.861938,10540685
2020-12-29,741,746,734,734,520.606262,4566021
2020-12-30,740,746,735,746,529.117432,5614368
2020-12-31,747,753,742,747,529.826782,4626983
2021-01-04,755,798,752,792,561.744019,13995441
2021-01-05,796,804,775,797,565.290466,9187166
2021-01-06,802,814,785,792,561.744019,9257326
2021-01-07,794,808,785,799,566.708984,7450197
2021-01-08,810,844,802,838,594.370605,13239667
2021-01-11,843,856,835,851,603.591187,7932068
2021-01-12,857,868,842,846,600.0448,10297170
2021-01-13,855,899,850,884,626.997253,15302374
2021-01-14,872,881,854,861,610.683838,11167095
2021-01-15,878,882,842,850,602.881958,9779613
2021-01-18,850,851,817,844,598.626221,8819889
2021-01-19,861,880,854,879,623.450867,7901499
2021-01-20,885,898,870,872,618.485901,11007193
2021-01-21,890,935,888,934,662.460815,17528460
2021-01-22,914,946,908,917,650.403198,16199876
2021-01-25,917,925,891,910,645.438293,8944898
2021-01-26,914,922,871,871,617.776611,9931150
2021-01-27,881,905,871,897,636.217651,10941305
2021-01-28,866,880,863,869,616.358032,17650820
2021-01-29,889,903,875,875,620.613708,17441562
2021-02-01,886,909,875,905,641.891846,13528273
2021-02-02,925,952,920,931,660.332947,14420674
2021-02-03,947,959,942,950,673.809204,10829429
2021-02-04,933,953,915,946,670.972107,13169744
2021-02-05,955,987,950,950,673.809204,15290557
2021-02-17,1000,1010,971,980,695.087463,11840037
2021-02-18,980,987,968,978,693.668762,6292915
2021-02-19,971,975,953,964,683.738953,7255611
2021-02-22,972,980,951,951,674.518372,7422176
2021-02-23,945,968,932,965,684.448242,7807365
2021-02-24,948,967,940,940,666.716492,7540161
2021-02-25,950,955,930,944,669.553589,7139928
2021-02-26,923,931,896,896,635.508484,15220271
2021-03-02,920,939,900,900,638.34552,13479811
2021-03-03,915,930,895,930,659.623718,8671779
2021-03-04,919,919,895,897,636.217651,12248552
2021-03-05,877,892,870,883,626.287903,10351724
2021-03-08,901,909,866,867,614.939575,9488584
2021-03-09,860,885,854,879,623.450867,9399408
2021-03-10,890,892,860,864,612.811768,9346906
2021-03-11,869,895,865,888,629.834229,9451838
2021-03-12,900,915,892,899,637.63623,7841829
2021-03-15,900,914,900,907,643.310486,6825630
2021-03-16,917,919,906,919,651.821594,6741317
2021-03-17,924,925,902,908,644.019653,5862315
2021-03-18,914,920,903,903,640.473389,4563993
2021-03-19,895,896,880,885,627.706482,7668776
2021-03-22,880,891,872,881,624.869324,7131194
2021-03-23,890,892,870,870,617.067322,8388784
2021-03-24,872,895,866,894,634.089905,6887986
2021-03-25,904,950,896,949,673.099915,16360212
2021-03-26,951,955,930,943,668.844299,11651662
2021-03-29,953,970,941,941,667.42572,9564671
2021-03-30,958,977,941,971,688.703918,12406387
2021-03-31,972,984,960,969,687.2854,9109221
2021-04-01,978,985,961,961,681.611206,5681893
2021-04-07,1005,1010,988,998,707.854187,5493804
2021-04-08,988,1030,985,1020,723.458313,8021763
2021-04-09,1025,1030,999,999,708.563538,6402048
2021-04-12,997,1005,956,960,680.901855,10334862
2021-04-13,973,984,952,961,681.611206,9547951
2021-04-14,965,969,935,965,684.448242,8708863
2021-04-15,971,985,957,985,698.633728,5936707
2021-04-16,990,990,967,975,691.540955,6313141
2021-04-19,985,985,962,963,683.029785,4552119
2021-04-20,966,1010,963,998,707.854187,9725033
2021-04-21,1010,1010,983,988,700.761536,6691346
2021-04-22,999,1010,984,984,697.924438,5787315
2021-04-23,980,1035,980,1035,734.097351,10968902
2021-04-26,1070,1090,1030,1070,758.921936,11328469
2021-04-27,1075,1100,1055,1065,755.375488,8213859
2021-04-28,1075,1090,1055,1080,766.014648,8985602
2021-04-29,1185,1185,1185,1185,840.488281,6156406
2021-05-03,1175,1175,1080,1105,783.746521,24923162
2021-05-04,1100,1105,1025,1085,769.560974,18013299
2021-05-05,1090,1100,999,1005,712.819153,13757415
2021-05-06,1030,1065,1000,1055,748.282776,14573730
2021-05-07,1055,1065,1020,1060,751.829163,9285007
2021-05-10,1015,1025,979,979,694.378113,18810805
2021-05-11,901,937,898,911,646.147522,24921478
2021-05-12,900,919,821,888,629.834229,31011290
2021-05-13,886,905,861,873,619.195251,16643374
2021-05-14,894,920,888,895,634.799133,11830221
2021-05-17,880,937,869,914,648.275269,16218012
2021-05-18,940,994,920,994,705.017212,16219814
2021-05-19,983,992,943,943,668.844299,12478300
2021-05-20,938,949,926,930,659.623718,10698579
2021-05-21,961,973,936,955,677.35553,13762585
2021-05-24,950,959,938,943,668.844299,6032351
2021-05-25,955,969,947,952,675.227844,8682040
2021-05-26,960,968,947,951,674.518372,5834656
2021-05-27,945,952,931,935,663.170166,9218405
2021-05-28,950,968,938,961,681.611206,7578285
2021-05-31,971,1010,959,995,705.72644,9520375
2021-06-01,1005,1015,976,977,692.959534,7203678
2021-06-02,981,988,957,959,680.192566,6983814
2021-06-03,968,984,965,981,695.79657,4708980
2021-06-04,971,977,966,977,692.959534,4043131
2021-06-07,971,976,948,973,690.122498,5332777
2021-06-08,975,977,966,966,685.157593,3549078
2021-06-09,963,984,963,967,685.866882,3936851
2021-06-10,980,1005,977,998,707.854187,9017839
2021-06-11,1005,1010,980,980,695.087463,5961361
2021-06-15,992,1005,985,989,701.470825,5175020
2021-06-16,995,995,981,985,698.633728,4946749
2021-06-17,978,979,968,978,693.668762,6201886
2021-06-18,980,990,965,965,684.448242,5918101
2021-06-21,960,961,918,918,651.112488,11173057
2021-06-22,902,916,890,903,640.473389,13992257
2021-06-23,903,941,898,941,667.42572,8867351
2021-06-24,945,947,927,929,658.91449,3484444
2021-06-25,940,952,927,927,657.495911,4975532
2021-06-28,929,935,922,935,663.170166,3842050
2021-06-29,942,949,935,935,663.170166,5371399
2021-06-30,945,978,943,962,682.320496,10422047
2021-07-01,971,976,948,955,677.35553,5520582
2021-07-02,963,964,953,957,678.77417,4595609
2021-07-05,960,975,957,957,678.77417,7408825
2021-07-06,937,940,920,922,680.249695,6914325
2021-07-07,926,928,917,917,676.56073,5159765
2021-07-08,920,929,914,920,678.77417,5934229
2021-07-09,915,929,911,919,678.036194,5129084
2021-07-12,940,941,930,935,689.841125,5646291
2021-07-13,940,944,926,926,683.200867,6948022
2021-07-14,929,938,925,930,686.1521,3359604
2021-07-15,935,952,930,951,701.645752,7385920
2021-07-16,948,960,941,957,706.072693,5866395
2021-07-19,941,945,915,919,678.036194,6987035
2021-07-20,917,928,915,920,678.77417,3114282
2021-07-21,926,931,906,912,672.871704,4941452
2021-07-22,915,931,915,919,678.036194,4204358
2021-07-23,932,934,924,933,688.365479,4496889
2021-07-26,940,940,920,923,680.987488,4293853
2021-07-27,928,948,924,938,692.054443,7973169
2021-07-28,931,932,887,890,656.640198,16290546
2021-07-29,915,935,903,933,688.365479,9074984
2021-07-30,935,937,907,910,671.396118,5727104
2021-08-02,924,934,920,934,689.103271,3940140
2021-08-03,948,948,930,938,692.054443,2919205
2021-08-04,948,953,941,950,700.908081,6059477
2021-08-05,960,964,952,961,709.023804,6733053
2021-08-06,956,957,935,936,690.578796,3774421
2021-08-09,928,928,911,921,679.511841,4368676
2021-08-10,930,930,916,922,680.249695,2445401
2021-08-11,913,916,906,910,671.396118,4502303
2021-08-12,923,923,901,904,666.969299,4215356
2021-08-13,909,916,901,910,671.396118,4646391
2021-08-16,910,918,900,901,664.75592,3692905
2021-08-17,901,901,901,901,664.75592,0
2021-08-18,870,912,865,912,672.871704,6008564
2021-08-19,908,914,882,888,655.164551,5483659
2021-08-20,899,904,870,873,644.097656,5459224
2021-08-23,882,915,882,911,672.133911,5262045
2021-08-24,920,920,903,909,670.658264,2822689
2021-08-25,915,915,900,911,672.133911,3927236
2021-08-26,906,907,870,888,655.164551,9234116
2021-08-27,873,896,873,896,661.066956,5490911
2021-08-30,902,912,898,912,672.871704,4109689
2021-08-31,917,917,885,901,664.75592,7520536
2021-09-01,917,930,906,927,683.93866,9142513
2021-09-02,930,945,927,933,688.365479,5703535
2021-09-03,938,938,917,919,678.036194,5908319
2021-09-06,907,917,895,896,661.066956,8142260
2021-09-07,901,907,897,903,666.231567,3726008
2021-09-08,899,914,895,912,672.871704,4347700
2021-09-09,903,908,898,901,664.75592,6296716
2021-09-10,903,925,902,925,682.463013,4767470
2021-09-13,918,932,918,927,683.93866,2943072
2021-09-14,932,949,932,947,698.694641,8030381
2021-09-15,943,945,928,935,689.841125,5098265
2021-09-16,930,936,926,936,690.578796,2831392
2021-09-17,940,952,936,940,693.53009,7222343
2021-09-22,918,925,900,911,672.133911,8331836
2021-09-23,919,921,905,915,675.085083,5235288
2021-09-24,918,923,912,920,678.77417,4824937
2021-09-27,921,959,921,959,707.548157,10615379
2021-09-28,959,969,945,957,706.072693,7201265
2021-09-29,940,943,913,913,673.609497,8299794
2021-09-30,913,915,896,905,667.707092,7633321
2021-10-01,905,905,882,885,652.951172,6270815
2021-10-04,892,899,878,892,658.115723,4562934
2021-10-05,872,878,855,867,639.670837,8653551
2021-10-06,875,890,871,871,642.621948,5342508
2021-10-07,885,914,883,911,672.133911,6379657
2021-10-08,919,925,906,910,671.396118,4246459
2021-10-12,907,908,885,887,654.426758,6289120
2021-10-13,891,893,862,862,635.981812,5526679
2021-10-14,870,873,839,840,619.750305,8578196
2021-10-15,853,859,847,857,632.292908,6129997
2021-10-18,862,878,860,867,639.670837,5973592
2021-10-19,877,900,872,898,662.54248,5917354
2021-10-20,910,918,901,901,664.75592,4486883
2021-10-21,912,924,903,913,673.609497,5875235
2021-10-22,913,926,906,926,683.200867,4483378
2021-10-25,928,944,916,938,692.054443,5129397
2021-10-26,951,952,940,946,697.956848,6282515
2021-10-27,949,958,932,942,695.005554,7944259
2021-10-28,942,947,927,936,690.578796,3776228
2021-10-29,938,939,913,913,673.609497,5373611
2021-11-01,925,930,917,922,680.249695,2927412
2021-11-02,929,934,919,928,684.676453,2920555
2021-11-03,934,939,929,932,687.627625,3049201
2021-11-04,945,945,926,928,684.676453,2340539
2021-11-05,939,940,927,940,693.53009,3449046
2021-11-08,947,983,944,980,723.042053,10466167
2021-11-09,1000,1000,976,978,721.566345,6868045
2021-11-10,972,978,958,958,706.810364,3495810
2021-11-11,936,960,936,954,703.859253,3783645
2021-11-12,964,988,956,983,725.255371,4282008
2021-11-15,1010,1035,1000,1025,756.242859,11093470
2021-11-16,1025,1045,1010,1035,763.62085,5633120
2021-11-17,1060,1075,1020,1030,759.931885,6797429
2021-11-18,1060,1100,1050,1085,800.510742,12481999
2021-11-19,1115,1120,1060,1090,804.199707,9960213
2021-11-22,1100,1110,1080,1080,796.821777,4887612
2021-11-23,1070,1090,1050,1055,778.37677,6036742
2021-11-24,1045,1060,1025,1040,767.309875,4207454
2021-11-25,1045,1055,1020,1035,763.62085,2988005
2021-11-26,1020,1025,996,1005,741.486877,4249254
2021-11-29,998,1030,991,1030,759.931885,3787113
2021-11-30,1050,1060,1010,1010,745.175964,8133035
2021-12-01,1020,1070,1010,1065,785.7547,6353875
2021-12-02,1045,1085,1040,1080,796.821777,7112276
2021-12-03,1080,1090,1055,1060,782.065796,4662507
2021-12-06,1060,1085,1040,1085,800.510742,4605648
2021-12-07,1060,1080,1050,1065,785.7547,6117755
2021-12-08,1085,1110,1080,1095,807.888733,7323171
2021-12-09,1095,1100,1075,1085,800.510742,2463930
2021-12-10,1075,1085,1065,1075,793.132629,2943248
2021-12-13,1070,1095,1070,1075,793.132629,3276917
2021-12-14,1070,1075,1050,1070,789.443787,4130770
2021-12-15,1065,1075,1045,1060,782.065796,2981924
2021-12-16,1085,1090,1075,1090,804.199707,3810497
2021-12-17,1075,1095,1070,1075,793.132629,4197118
2021-12-20,1070,1075,1055,1055,778.37677,3226773
2021-12-21,1110,1110,1070,1090,804.199707,4406508
2021-12-22,1095,1095,1080,1085,800.510742,1329910
2021-12-23,1090,1105,1085,1095,807.888733,2693726
2021-12-24,1100,1130,1095,1120,826.333679,4983433
2021-12-27,1125,1185,1120,1145,844.778564,8440835
2021-12-28,1160,1180,1155,1175,866.912476,4928695
2021-12-29,1180,1200,1170,1185,874.290527,5074409
2021-12-30,1200,1200,1175,1190,877.979492,3809725
2022-01-03,1205,1215,1145,1150,848.467651,7374387
2022-01-04,1165,1175,1145,1165,859.534485,6688764
2022-01-05,1170,1190,1150,1175,866.912476,7020406
2022-01-06,1150,1155,1110,1135,837.400635,8129690
2022-01-07,1130,1145,1090,1100,811.577759,8258414
2022-01-10,1080,1095,1070,1095,807.888733,7069419
2022-01-11,1090,1095,1065,1080,796.821777,4406422
2022-01-12,1095,1095,1070,1085,800.510742,3016339
2022-01-13,1090,1110,1085,1100,811.577759,5047874
2022-01-14,1090,1090,1055,1065,785.7547,5581491
2022-01-17,1075,1120,1070,1115,822.644775,5457933
2022-01-18,1110,1145,1105,1105,815.266785,4858889
2022-01-19,1095,1120,1090,1100,811.577759,4742173
2022-01-20,1105,1110,1070,1090,804.199707,5235983
2022-01-21,1060,1080,1055,1070,789.443787,5844178
2022-01-24,1060,1090,1050,1090,804.199707,5048568
2022-01-25,1080,1090,1070,1085,800.510742,4466066
2022-01-26,1070,1095,1070,1075,793.132629,5129604
2022-02-07,1130,1130,1075,1100,811.577759,18787872
2022-02-08,1125,1125,1090,1095,807.888733,8746495
2022-02-09,1125,1135,1095,1130,833.71167,7950712
2022-02-10,1140,1165,1125,1160,855.845642,8574392
2022-02-11,1150,1170,1145,1150,848.467651,4989740
2022-02-14,1120,1125,1100,1105,815.266785,5433143
2022-02-15,1110,1120,1090,1100,811.577759,3248639
2022-02-16,1130,1130,1115,1130,833.71167,2903544
2022-02-17,1130,1135,1120,1130,833.71167,3007009
2022-02-18,1115,1125,1105,1120,826.333679,2500405
2022-02-21,1115,1135,1110,1130,833.71167,3088278
2022-02-22,1115,1120,1090,1110,818.95575,4745273
2022-02-23,1110,1120,1100,1120,826.333679,3540429
2022-02-24,1095,1105,1055,1060,782.065796,7867454
2022-02-25,1075,1095,1060,1085,800.510742,7091202
2022-03-01,1105,1120,1095,1100,811.577759,5420606
2022-03-02,1105,1105,1070,1080,796.821777,3632197
2022-03-03,1085,1100,1065,1080,796.821777,3799148
2022-03-04,1060,1060,1025,1025,756.242859,6254448
2022-03-07,985,995,970,972,717.139526,10685986
2022-03-08,945,986,943,963,710.499451,7230258
2022-03-09,971,976,956,966,712.71283,5981552
2022-03-10,990,1005,982,995,734.108948,5820879
2022-03-11,1000,1000,961,963,710.499451,5586320
2022-03-14,973,975,934,944,696.481262,8517631
2022-03-15,933,935,901,904,666.969299,9349160
2022-03-16,930,931,900,907,669.182739,7483037
2022-03-17,951,978,949,968,714.188354,9344377
2022-03-18,971,974,955,969,714.926208,6554769
2022-03-21,985,985,977,978,721.566345,3910421
2022-03-22,971,980,967,975,719.352905,3925166
2022-03-23,988,995,976,977,720.828552,4105013
2022-03-24,978,978,967,972,717.139526,4654086
2022-03-25,975,976,965,971,716.401794,3500490
2022-03-28,950,964,946,964,711.237183,2654466
2022-03-29,931,951,903,912,672.871704,12940484
2022-03-30,912,923,903,915,675.085083,11058276
2022-03-31,900,919,900,905,667.707092,8375072
2022-04-01,900,904,893,900,664.018127,9228783
2022-04-06,858,883,855,882,650.737732,13328503
2022-04-07,858,872,850,850,627.128296,12287176
2022-04-08,851,859,834,840,619.750305,12711666
2022-04-11,839,847,832,836,616.799072,6163957
2022-04-12,840,848,830,842,621.225891,7748278
2022-04-13,849,882,847,880,649.262085,10111374
2022-04-14,874,874,861,861,635.243958,6220281
2022-04-15,851,852,831,832,613.8479,7092675
2022-04-18,827,844,827,833,614.585693,3933699
2022-04-19,855,862,838,838,618.274658,6253901
2022-04-20,847,856,841,856,631.555054,5489289
2022-04-21,854,872,850,868,640.408569,4505663
2022-04-22,848,857,846,854,630.079407,5736473
2022-04-25,833,838,831,837,617.536865,5934807
2022-04-26,833,837,825,833,614.585693,6976630
2022-04-27,806,816,797,808,596.140686,8488189
2022-04-28,835,853,821,828,610.896729,12449177
2022-04-29,850,850,830,830,612.372314,6664286
2022-05-03,830,833,808,820,604.994263,8296427
2022-05-04,829,835,825,829,611.63446,3551729
2022-05-05,843,848,837,841,620.488037,5091069
2022-05-06,809,834,808,834,615.323486,5655744
2022-05-09,821,827,813,813,599.829773,3073344
2022-05-10,801,824,801,820,604.994263,5843583
2022-05-11,814,831,813,829,611.63446,3755757
2022-05-12,828,835,820,820,604.994263,4101437
2022-05-13,831,845,828,843,621.963684,4569731
2022-05-16,849,858,825,825,608.683228,4950541
2022-05-17,838,847,830,841,620.488037,4006249
2022-05-18,854,855,845,855,630.817261,5390518
2022-05-19,839,847,835,845,623.439331,4799600
2022-05-20,841,850,836,846,624.177063,3499866
2022-05-23,854,857,843,843,621.963684,3192724
2022-05-24,848,848,830,830,612.372314,2917189
2022-05-25,833,848,826,843,621.963684,3229937
2022-05-26,849,849,832,833,614.585693,3458958
2022-05-27,842,852,838,851,627.866028,3283990
2022-05-30,865,878,864,878,647.78656,5134164
2022-05-31,876,905,867,905,667.707092,10189792
2022-06-01,903,912,896,905,667.707092,5234259
2022-06-02,899,906,897,898,662.54248,3858451
2022-06-06,896,912,890,905,667.707092,5605415
2022-06-07,900,901,890,890,656.640198,5521169
2022-06-08,903,933,900,930,686.1521,10296010
2022-06-09,927,935,920,924,681.725342,5894187
2022-06-10,915,934,914,930,686.1521,4826273
2022-06-13,902,907,885,887,654.426758,8704050
2022-06-14,870,882,866,880,649.262085,6417629
2022-06-15,880,893,878,884,652.21344,5010720
2022-06-16,906,908,869,873,644.097656,4915525
2022-06-17,847,856,831,831,613.110046,12964828
2022-06-20,838,852,832,840,619.750305,6893103
2022-06-21,861,868,847,868,640.408569,7304422
2022-06-22,848,852,805,807,595.402893,14514935
2022-06-23,731,740,679,689,558.900818,30393472
2022-06-24,682,696,669,670,543.488464,14518315
2022-06-27,685,695,678,678,549.977905,10153354
2022-06-28,670,678,646,651,528.07605,16181238
2022-06-29,644,668,640,661,536.187927,13465426
2022-06-30,655,662,647,651,528.07605,9682997
2022-07-01,652,655,610,612,496.440186,10051624
2022-07-04,609,623,606,611,495.628998,8976016
2022-07-05,624,630,597,615,498.873779,8934695
2022-07-06,617,619,603,605,490.761963,7663311
2022-07-07,612,638,606,636,515.908508,8633974
2022-07-08,650,657,642,651,528.07605,9061449
2022-07-11,655,656,635,637,516.719666,5102748
2022-07-12,628,629,608,614,498.062592,7334318
2022-07-13,650,652,631,634,514.286072,6616953
2022-07-14,629,652,625,646,524.020203,5473704
2022-07-15,646,652,638,648,525.642578,7738288
2022-07-18,652,673,650,661,536.187927,7836261
2022-07-19,658,667,655,662,536.999023,4680873
2022-07-20,680,687,667,671,544.299622,8066906
2022-07-21,681,716,678,716,580.802612,11439799
2022-07-22,718,721,701,705,571.879639,8280121
2022-07-25,695,698,687,688,558.0896,5931222
2022-07-26,679,696,675,681,552.411499,5330274
2022-07-27,661,677,660,677,549.166748,6598262
2022-07-28,693,693,678,682,553.222595,4665061
2022-07-29,690,702,676,683,554.033813,6916095
2022-08-01,684,696,674,694,562.956787,6377879
2022-08-02,679,690,672,683,554.033813,6108080
2022-08-03,685,689,678,686,556.467285,3556948
2022-08-04,689,692,680,684,554.844971,3455237
2022-08-05,700,717,698,717,581.613831,6982355
2022-08-08,713,720,706,709,575.124329,5059785
2022-08-09,702,706,690,694,562.956787,5278814
2022-08-10,677,680,668,668,541.86615,6321671
2022-08-11,670,676,663,670,543.488464,9025318
2022-08-12,674,684,670,684,554.844971,4446417
2022-08-15,688,709,686,706,572.690857,4793921
2022-08-16,709,717,705,706,572.690857,5340783
2022-08-17,707,711,699,703,570.257324,4656601
2022-08-18,702,705,691,702,569.446106,4104406
2022-08-19,701,701,693,693,562.145569,4021243
2022-08-22,682,683,676,677,549.166748,3039000
2022-08-23,668,679,665,676,548.355469,3485299
2022-08-24,680,683,667,667,541.054993,3956917
2022-08-25,670,677,666,670,543.488464,2981905
2022-08-26,679,687,675,678,549.977905,2900649
2022-08-29,657,659,651,653,529.698486,4654505
2022-08-30,653,660,648,657,532.943176,4506040
2022-08-31,655,671,652,667,541.054993,4221631
2022-09-01,655,661,643,648,525.642578,7093281
2022-09-02,640,645,620,620,502.929626,9474700
2022-09-05,616,637,616,631,511.852631,5842744
2022-09-06,633,636,627,629,510.230194,3988122
2022-09-07,620,625,609,619,502.118469,5069764
2022-09-08,622,626,617,623,505.36319,3336148
2022-09-12,634,642,626,627,508.607971,5000340
2022-09-13,631,636,625,626,507.796692,4327108
2022-09-14,603,617,602,615,498.873779,6129131
2022-09-15,611,620,611,616,499.684906,3490200
2022-09-16,607,611,600,600,486.706146,7961748
2022-09-19,606,611,601,604,489.950806,4262713
2022-09-20,607,611,603,605,490.761963,3209089
2022-09-21,610,610,601,605,490.761963,4305556
2022-09-22,598,600,587,591,479.405487,5520105
2022-09-23,591,594,580,580,470.482574,4137245
2022-09-26,573,576,564,569,461.559601,5078590
2022-09-27,571,574,563,568,460.748444,4395712
2022-09-28,572,576,545,545,442.091339,7153489
2022-09-29,558,563,540,543,440.469025,7957861
2022-09-30,536,554,533,551,446.958405,5765497
2022-10-03,543,556,541,548,444.524902,3207800
2022-10-04,564,573,564,573,464.804321,4417460
2022-10-05,596,608,592,599,485.894958,9523847
2022-10-06,603,604,585,587,476.160797,6813772
2022-10-07,581,582,564,566,459.126129,5990213
2022-10-11,546,565,541,553,448.58078,8035781
2022-10-12,557,557,541,549,445.33609,6779101
2022-10-13,550,554,538,544,441.280212,6734775
2022-10-14,562,588,559,585,474.538452,9168365
2022-10-17,568,580,565,578,468.860229,6538416
2022-10-18,593,595,576,588,476.971985,6492274
2022-10-19,585,591,577,577,468.049072,5843559
2022-10-20,566,570,558,570,462.370789,8517491
2022-10-21,567,579,565,567,459.937256,4956286
2022-10-24,587,596,585,588,476.971985,5684321
2022-10-25,591,592,563,563,456.692535,6381937
2022-10-26,569,582,565,579,469.671356,6518295
2022-10-27,589,592,583,589,477.783234,6051076
2022-10-28,582,585,564,565,458.31488,6036461
2022-10-31,585,604,576,590,478.59436,16334090
2022-11-01,592,604,590,599,485.894958,7663380
2022-11-02,595,607,593,599,485.894958,6657914
2022-11-03,587,602,587,600,486.706146,6358739
2022-11-04,600,600,586,597,484.272552,4370544
2022-11-07,608,623,601,620,502.929626,8093011
2022-11-08,632,632,616,620,502.929626,7837433
2022-11-09,628,656,626,650,527.264954,12019117
2022-11-10,648,660,641,660,535.37677,7154267
2022-11-11,698,700,680,700,567.823792,15760682
2022-11-14,705,710,694,697,565.390259,9563892
2022-11-15,704,735,700,722,585.669678,13610403
2022-11-16,732,738,719,729,591.3479,9978727
2022-11-17,740,740,716,725,588.10321,6790953
2022-11-18,732,742,716,722,585.669678,5407566
2022-11-21,716,722,709,720,584.047363,4344910
2022-11-22,707,715,703,713,578.36908,6221790
2022-11-23,722,722,705,705,571.879639,3108090
2022-11-24,715,736,711,728,590.536743,7357285
2022-11-25,729,736,723,727,589.725525,5668842
2022-11-28,703,719,703,703,570.257324,5409513
2022-11-29,695,718,695,713,578.36908,5090965
2022-11-30,714,738,711,733,594.59259,9170864
2022-12-01,750,756,738,741,601.082031,6799631
2022-12-02,730,748,730,739,599.459656,4024014
2022-12-05,739,755,739,739,599.459656,4458434
2022-12-06,739,744,720,725,588.10321,4949511
2022-12-07,717,728,713,716,580.802612,5243678
2022-12-08,724,725,705,705,571.879639,4093975
2022-12-09,714,729,711,729,591.3479,4352527
2022-12-12,715,716,705,712,577.557922,4940725
2022-12-13,717,722,708,709,575.124329,5634859
2022-12-14,717,724,714,718,582.424927,4944047
2022-12-15,703,706,681,681,552.411499,13507515
2022-12-16,653,665,651,660,535.37677,12668262
2022-12-19,650,662,650,656,532.132019,6529791
2022-12-20,650,660,646,646,524.020203,5800713
2022-12-21,649,661,646,654,530.509644,4667715
2022-12-22,665,668,661,661,536.187927,4043075
2022-12-23,651,661,648,660,535.37677,2381097
2022-12-26,661,661,651,651,528.07605,1464464
2022-12-27,654,664,653,656,532.132019,1927473
2022-12-28,649,649,621,638,517.530762,8725713
2022-12-29,630,631,623,629,510.230194,3623909
2022-12-30,635,640,625,625,506.985504,2332797
2023-01-03,623,645,621,644,522.397888,4451795
2023-01-04,639,644,635,636,515.908508,2734185
2023-01-05,638,641,625,631,511.852631,5231120
2023-01-06,634,660,634,660,535.37677,6890898
2023-01-09,671,675,665,675,547.544373,6953372
2023-01-10,684,696,681,694,562.956787,8579851
2023-01-11,700,707,694,707,573.502014,6807896
2023-01-12,710,720,708,715,579.991455,6154916
2023-01-13,722,726,691,694,562.956787,6607197
2023-01-16,707,712,701,704,571.068481,4831796
2023-01-17,706,709,693,693,562.145569,4423459
2023-01-30,734,739,709,739,599.459656,14092868
2023-01-31,734,752,716,718,582.424927,10849696
2023-02-01,724,728,718,724,587.292114,5742796
2023-02-02,747,753,737,747,605.949036,11004915
2023-02-03,742,753,741,751,609.193848,6331833
2023-02-06,745,749,730,731,592.970276,7504061
2023-02-07,739,739,716,717,581.613831,7083578
2023-02-08,726,747,725,744,603.515625,7726469
2023-02-09,740,749,736,749,607.571472,3943535
2023-02-10,749,749,739,740,600.270874,3178891
2023-02-13,735,737,726,731,592.970276,4083761
2023-02-14,737,742,731,732,593.781494,3253855
2023-02-15,730,730,708,710,575.935547,6560069
2023-02-16,716,718,706,711,576.746765,5055383
2023-02-17,708,723,707,723,586.480835,3496855
2023-02-20,725,732,719,726,588.914429,2557688
2023-02-21,728,734,724,725,588.10321,2680312
2023-02-22,718,722,713,713,578.36908,4226425
2023-02-23,724,745,722,745,604.326782,7415265
2023-02-24,751,752,723,723,586.480835,8014012
2023-03-01,737,795,731,791,641.640808,15610514
2023-03-02,790,790,773,775,628.662048,9407400
2023-03-03,778,789,771,775,628.662048,6400777
2023-03-06,785,795,777,784,635.962646,7426468
2023-03-07,789,790,783,788,639.207397,5137242
2023-03-08,782,784,765,768,622.983826,8327224
2023-03-09,769,775,767,767,622.172668,5235081
2023-03-10,759,761,753,756,613.249695,5780275
2023-03-13,756,764,743,764,619.739136,4934528
2023-03-14,749,768,749,761,617.305542,4970598
2023-03-15,766,773,757,758,614.87207,5204405
2023-03-16,751,765,748,756,613.249695,5857200
2023-03-17,770,777,766,773,627.039673,6673769
2023-03-20,773,780,768,770,624.606201,5239975
2023-03-21,776,779,763,771,625.417358,5224780
2023-03-22,777,785,776,781,633.529114,5008621
2023-03-23,780,794,778,793,643.263184,4688952
2023-03-24,790,794,785,790,640.829773,4299481
2023-03-27,789,790,779,780,632.717957,3000386
2023-03-28,775,780,766,766,621.361511,3940649
2023-03-29,774,775,765,773,627.039673,2913723
2023-03-30,780,783,775,778,631.09552,2970689
2023-03-31,778,789,778,787,638.396179,4356288
2023-04-06,774,777,751,753,610.816162,8692104
2023-04-07,749,752,743,749,607.571472,4322843
2023-04-10,748,750,739,742,601.893188,5720960
2023-04-11,743,759,743,756,613.249695,4506545
2023-04-12,756,760,752,758,614.87207,3537841
2023-04-13,759,760,749,750,608.38269,5072055
2023-04-14,754,758,746,748,606.760254,4358117
2023-04-17,705,710,694,709,575.124329,14011693
2023-04-18,702,703,685,688,558.0896,13970100
2023-04-19,682,685,675,675,547.544373,10748670
2023-04-20,661,684,661,673,545.922119,9881462
2023-04-21,676,679,665,665,539.432617,5084036
2023-04-24,663,681,663,676,548.355469,4674121
2023-04-25,678,678,650,650,527.264954,8340199
2023-04-26,641,652,638,649,526.453796,7111965
2023-04-27,654,667,653,662,536.999023,4627385
2023-04-28,668,674,663,665,539.432617,6381645
2023-05-02,654,673,654,671,544.299622,6341076
2023-05-03,674,680,668,680,551.60022,6487920
2023-05-04,674,674,666,668,541.86615,5568985
2023-05-05,675,678,672,675,547.544373,3164748
2023-05-08,681,684,674,675,547.544373,2957572
2023-05-09,681,681,674,677,549.166748,2163899
2023-05-10,677,677,666,668,541.86615,3766277
2023-05-11,666,674,664,668,541.86615,3130043
2023-05-12,673,676,661,673,545.922119,5100737
2023-05-15,676,682,673,680,551.60022,3589435
2023-05-16,688,688,680,680,551.60022,3763602
2023-05-17,680,689,677,685,555.656128,7787494
2023-05-18,690,694,685,689,558.900818,4371571
2023-05-19,691,698,690,698,566.201416,4968629
2023-05-22,702,709,701,705,571.879639,4440987
2023-05-23,710,722,708,716,580.802612,5240558
2023-05-24,713,713,701,711,576.746765,5640355
2023-05-25,708,718,706,708,574.31311,4666860
2023-05-26,708,737,708,730,592.159119,10749900
2023-05-29,755,758,738,738,598.64856,10036727
2023-05-30,759,773,757,763,618.927917,16298604
2023-05-31,757,767,748,759,615.683167,12027736
2023-06-01,755,761,748,748,606.760254,6202943
2023-06-02,754,762,750,751,609.193848,6399171
2023-06-05,757,767,757,759,615.683167,5242068
2023-06-06,760,764,752,757,614.060852,4171308
2023-06-07,759,769,756,768,622.983826,5292636
2023-06-08,770,775,763,768,622.983826,7246478
2023-06-09,768,770,761,764,619.739136,4570550
2023-06-12,769,769,763,767,622.172668,3852674
2023-06-13,770,782,768,779,631.906738,7182494
2023-06-14,781,782,776,780,632.717957,5287535
2023-06-15,777,779,765,766,621.361511,7917545
2023-06-16,760,765,751,751,609.193848,10097247
2023-06-19,769,793,764,785,636.773743,19694676
2023-06-20,708,725,691,691,620.61322,24572675
2023-06-21,689,696,683,693,622.409546,11451567
2023-06-26,688,690,685,685,615.224426,4552895
2023-06-27,680,688,680,681,611.631836,4553912
2023-06-28,692,697,685,695,624.20575,4150494
2023-06-29,704,705,695,696,625.103943,4275815
2023-06-30,692,692,686,688,617.918884,4338115
2023-07-03,692,698,690,691,620.61322,2906690
2023-07-04,696,702,691,700,628.696533,3753123
2023-07-05,703,703,696,697,626.002075,3610090
2023-07-06,692,699,688,690,619.715088,4200756
2023-07-07,686,686,680,682,612.530029,4297744
2023-07-10,680,686,673,673,604.446777,5647752
2023-07-11,682,687,676,686,616.12262,3372502
2023-07-12,689,689,680,685,615.224426,3890508
2023-07-13,692,693,680,680,610.733704,5058111
2023-07-14,686,698,685,692,621.511414,6044895
2023-07-17,692,692,681,683,613.428162,4271120
2023-07-18,680,686,678,683,613.428162,4684651
2023-07-19,690,699,689,696,625.103943,6185652
2023-07-20,697,697,689,692,621.511414,2484977
2023-07-21,677,683,652,682,612.530029,11417157
2023-07-24,679,690,673,675,606.243103,7400747
2023-07-25,675,679,665,665,597.261719,6931420
2023-07-26,665,670,654,655,588.280334,6972659
2023-07-27,658,661,654,658,590.97467,4674341
2023-07-28,660,666,655,658,590.97467,4178929
2023-07-31,691,698,684,690,619.715088,16722852
2023-08-01,700,715,695,713,640.372253,13914572
2023-08-02,712,720,704,709,636.779724,8947248
2023-08-04,710,711,699,706,634.085327,6732210
2023-08-07,709,712,703,706,634.085327,3488590
2023-08-08,705,705,690,690,619.715088,5604493
2023-08-09,689,702,686,701,629.594666,3176525
2023-08-10,702,703,688,693,622.409546,4319324
2023-08-11,688,689,675,679,609.835571,4857156
2023-08-14,672,673,666,672,603.548584,3498430
2023-08-15,682,684,676,678,608.9375,2734494
2023-08-16,698,698,683,689,618.817017,5944886
2023-08-17,680,681,673,674,605.344971,4594977
2023-08-18,670,679,669,674,605.344971,3179069
2023-08-21,678,679,667,669,600.854187,2683227
2023-08-22,675,682,668,672,603.548584,3686021
2023-08-23,672,676,670,671,602.650452,2048921
2023-08-24,682,692,680,691,620.61322,5599510
2023-08-25,692,695,687,694,623.307678,5624927
2023-08-28,700,709,698,701,629.594666,5872295
2023-08-29,714,716,702,710,637.677917,5186169
2023-08-30,714,715,702,709,636.779724,4253988
2023-08-31,705,714,704,705,633.187134,5761753
2023-09-01,707,712,701,710,637.677917,2955148
2023-09-04,713,713,705,711,638.57605,2380158
2023-09-05,712,718,711,718,644.862976,4791289
2023-09-06,721,722,712,712,639.474243,3074614
2023-09-07,709,718,708,717,643.964844,3205892
2023-09-08,705,710,701,709,636.779724,4421983
2023-09-11,715,715,708,714,641.270386,2101421
2023-09-12,710,729,709,728,653.84436,6513877
2023-09-13,739,744,729,732,657.43689,9197173
2023-09-14,735,735,725,733,658.335022,5527046
2023-09-15,741,763,737,763,685.279236,16255632
2023-09-18,751,792,750,782,702.343811,11994826
2023-09-19,782,782,764,773,694.26062,6244891
2023-09-20,765,766,751,759,681.686584,5042205
2023-09-21,752,762,744,746,670.010803,5034920
2023-09-22,735,748,728,746,670.010803,7559485
2023-09-25,741,762,741,755,678.094116,4563725
2023-09-26,748,755,736,737,661.927612,3845914
2023-09-27,728,737,728,737,661.927612,3824756
2023-09-28,739,741,730,735,660.131287,3769234
2023-10-02,747,748,740,745,669.112732,3898779
2023-10-03,767,784,766,772,693.362427,10288796
2023-10-04,771,783,764,780,700.547546,7599174
2023-10-05,783,786,776,786,705.93634,5604602
2023-10-06,790,790,781,786,705.93634,2927223
2023-10-11,790,816,790,814,731.084229,12439451
2023-10-12,817,819,805,815,731.982361,6769337
2023-10-13,820,842,818,842,756.232117,9828945
2023-10-16,838,849,832,840,754.435852,5765614
2023-10-17,845,854,820,825,740.963684,8242227
2023-10-18,800,822,800,813,730.186035,7594780
2023-10-19,811,838,811,830,745.454407,7509749
2023-10-20,831,837,812,828,743.658203,8501964
2023-10-23,825,829,816,821,737.371155,5304563
2023-10-24,821,823,804,816,732.880493,5036466
2023-10-25,818,832,816,822,738.269348,6474280
2023-10-26,815,817,811,817,733.778687,5446904
2023-10-27,824,824,800,801,719.408386,6956960
2023-10-30,819,864,818,857,769.704163,16172619
2023-10-31,860,861,834,842,756.232117,10786996
2023-11-01,854,856,832,846,759.824646,6856015
2023-11-02,863,877,855,868,779.583679,9692237
2023-11-03,872,876,864,870,781.379883,5567970
2023-11-06,879,890,873,882,792.157593,7264020
2023-11-07,890,899,879,888,797.546387,7077114
2023-11-08,898,916,895,914,820.897888,9312449
2023-11-09,913,913,899,905,812.814758,6788362
2023-11-10,900,904,884,884,793.953918,7551994
2023-11-13,909,925,905,906,813.712952,9498188
2023-11-14,916,917,902,905,812.814758,4757053
2023-11-15,925,925,900,908,815.509155,8426367
2023-11-16,914,914,891,893,802.03717,7645459
2023-11-17,896,905,893,904,811.916687,4816081
2023-11-20,920,924,904,912,819.101746,6970538
2023-11-21,922,934,915,926,831.675659,9543750
2023-11-22,928,942,925,942,846.045837,6417661
2023-11-23,951,951,929,930,835.26825,5187583
2023-11-24,935,950,932,945,848.740295,4498302
2023-11-27,946,951,931,931,836.166321,5615291
2023-11-28,929,942,925,942,846.045837,5645888
2023-11-29,941,949,936,948,851.434753,5118355
2023-11-30,949,953,939,945,848.740295,7275320
2023-12-01,942,947,938,947,850.536499,3387061
2023-12-04,945,946,930,933,837.962585,5071102
2023-12-05,925,933,921,929,834.370117,5175120
2023-12-06,925,933,925,927,832.573792,3093275
2023-12-07,933,943,927,931,836.166321,3018069
2023-12-08,941,946,937,943,846.944031,4934438
2023-12-11,942,944,932,941,845.147705,5648215
2023-12-12,950,950,935,939,843.351501,4510280
2023-12-13,944,955,939,955,857.72168,5889291
2023-12-14,961,969,953,966,867.601135,6610988
2023-12-15,975,998,971,996,894.545349,11839614
2023-12-18,995,997,981,989,888.258301,4783607
2023-12-19,977,994,977,992,890.952759,5008169
2023-12-20,993,995,983,983,882.869568,6393160
2023-12-21,972,983,972,976,876.58252,4418453
2023-12-22,980,990,979,990,889.156494,3285155
2023-12-25,991,998,987,995,893.647217,3304233
2023-12-26,999,1005,995,1000,898.137878,3241620
2023-12-27,1010,1050,1010,1040,934.063354,8561649
2023-12-28,1045,1055,1025,1025,920.591309,5447955
2023-12-29,1025,1030,1010,1015,911.609924,5039654
2024-01-02,1010,1015,980,981,881.073303,10009034
2024-01-03,976,977,953,953,855.925354,12547023
2024-01-04,940,947,922,928,855.55658,8449251
2024-01-05,929,935,921,921,849.103088,5524580
2024-01-08,930,936,918,920,848.181152,5553064
2024-01-09,938,940,926,928,855.55658,5782533
2024-01-10,935,935,922,924,851.868896,4252336
2024-01-11,932,937,920,920,848.181152,6787619
2024-01-12,920,929,916,926,853.712708,4733940
2024-01-15,935,935,919,922,850.024963,4242507
2024-01-16,915,917,895,895,825.132751,10182511
2024-01-17,890,903,879,879,810.381775,11463245
2024-01-18,884,897,884,897,826.976563,6754372
2024-01-19,920,920,907,920,848.181152,9037844
2024-01-22,928,943,920,922,850.024963,9381596
2024-01-23,918,922,909,911,839.883728,6015511
2024-01-24,916,936,915,936,862.932068,7798880
2024-01-25,939,950,933,943,869.385681,8962616
2024-01-26,936,939,928,936,862.932068,5273128
2024-01-29,945,945,926,938,864.776001,7026602
2024-01-30,938,973,938,963,887.824402,9478077
2024-01-31,976,977,958,966,890.590149,9080284
2024-02-01,951,951,922,930,857.400513,16712977
2024-02-02,931,936,926,936,862.932068,7360212
2024-02-05,929,940,928,937,863.854004,5742677
2024-02-15,983,983,951,972,896.121826,11678406
2024-02-16,976,977,963,970,894.277893,4417821
2024-02-19,973,973,951,963,887.824402,4193442
2024-02-20,960,985,960,982,905.341187,7570527
2024-02-21,972,986,972,981,904.41925,5334177
2024-02-22,988,1020,988,1015,935.765015,10182733
2024-02-23,1035,1100,1010,1100,1014.129639,23431414
2024-02-26,1090,1120,1060,1115,1027.958618,12036894
2024-02-27,1125,1160,1105,1115,1027.958618,17137848
2024-02-29,1115,1145,1110,1140,1051.006958,9126357
2024-03-01,1165,1165,1095,1105,1018.73938,12066326
2024-03-04,1115,1155,1105,1150,1060.22644,12304302
2024-03-05,1150,1160,1130,1155,1064.83606,8416339
2024-03-06,1145,1200,1140,1190,1097.10376,9634661
2024-03-07,1220,1260,1215,1230,1133.981323,15008514
2024-03-08,1260,1275,1195,1230,1133.981323,16121484
2024-03-11,1235,1245,1205,1225,1129.371704,5703039
2024-03-12,1200,1225,1190,1215,1120.152222,5088394
2024-03-13,1245,1260,1210,1215,1120.152222,6917876
2024-03-14,1220,1230,1140,1150,1060.22644,12529434
2024-03-15,1135,1150,1120,1135,1046.397339,8516381
2024-03-18,1135,1180,1135,1170,1078.665161,5901035
2024-03-19,1150,1165,1135,1150,1060.22644,8740357
2024-03-20,1145,1175,1120,1130,1041.787598,6032629
2024-03-21,1160,1160,1125,1140,1051.006958,6391070
2024-03-22,1140,1145,1110,1125,1037.178101,5827756
2024-03-25,1120,1140,1115,1120,1032.568359,3241531
2024-03-26,1140,1170,1120,1130,1041.787598,6534083
2024-03-27,1135,1175,1125,1165,1074.055298,5980133
2024-03-28,1160,1180,1135,1160,1069.445801,6926740
2024-03-29,1160,1185,1160,1185,1092.494019,4051000
2024-04-01,1190,1200,1155,1160,1069.445801,5359025
2024-04-02,1170,1185,1160,1165,1074.055298,4164058
2024-04-03,1150,1175,1140,1160,1069.445801,4100953
2024-04-08,1175,1180,1145,1150,1060.22644,4066781
2024-04-09,1160,1175,1150,1160,1069.445801,3322521
2024-04-10,1170,1215,1165,1195,1101.713623,6393274
2024-04-11,1205,1230,1185,1200,1106.323242,6271331
2024-04-12,1190,1200,1165,1180,1087.884399,5214036
2024-04-15,1160,1160,1110,1110,1023.348938,9187015
2024-04-16,1065,1090,1055,1055,972.642395,12016661
2024-04-17,1065,1075,1045,1050,968.032837,7727084
2024-04-18,1045,1060,1020,1050,968.032837,7168984
2024-04-19,1020,1030,970,993,915.482361,15661098
2024-04-22,984,989,966,966,890.590149,9091869
2024-04-23,989,989,970,972,896.121826,5846136
2024-04-24,995,1020,994,1010,931.155334,6229216
2024-04-25,996,1005,976,981,904.41925,6053259
2024-04-26,991,1005,987,1005,926.545654,5747819
2024-04-29,1055,1055,1005,1015,935.765015,7963720
2024-04-30,1015,1030,992,992,914.560486,5868406
2024-05-02,990,1020,982,1000,921.936035,5401225
2024-05-03,1040,1050,1030,1040,958.813416,6598170
2024-05-06,1060,1060,1035,1035,954.203796,4516638
2024-05-07,1050,1055,1035,1045,963.423157,3178782
2024-05-08,1080,1100,1060,1095,1009.519958,9985063
2024-05-09,1100,1125,1090,1095,1009.519958,7792270
2024-05-10,1105,1105,1080,1095,1009.519958,4456276
2024-05-13,1115,1120,1100,1115,1027.958618,4025166
2024-05-14,1115,1160,1110,1155,1064.83606,7534580
2024-05-15,1170,1175,1145,1155,1064.83606,5522444
2024-05-16,1180,1210,1175,1190,1097.10376,10020318
2024-05-17,1180,1185,1165,1165,1074.055298,6360397
2024-05-20,1165,1195,1165,1190,1097.10376,6031212
2024-05-21,1180,1190,1165,1175,1083.27478,3369008
2024-05-22,1190,1190,1160,1185,1092.494019,4429872
2024-05-23,1195,1210,1185,1205,1110.932861,6200782
2024-05-24,1190,1205,1190,1195,1101.713623,3253977
2024-05-27,1250,1310,1235,1285,1184.687622,14370057
2024-05-28,1300,1320,1285,1310,1207.736206,10026387
2024-05-29,1310,1315,1275,1290,1189.297485,7857214
2024-05-30,1255,1300,1250,1290,1189.297485,8407440
2024-05-31,1315,1315,1225,1235,1138.590942,14212589
2024-06-03,1265,1270,1240,1270,1170.858643,6293578
2024-06-04,1260,1270,1220,1240,1143.200562,6985162
2024-06-05,1240,1245,1220,1230,1133.981323,5828522
2024-06-06,1255,1300,1235,1290,1189.297485,9895619
2024-06-07,1290,1290,1270,1275,1175.468384,4931241
2024-06-11,1270,1280,1250,1270,1170.858643,5557895
2024-06-12,1270,1310,1265,1300,1198.516968,7741796
2024-06-13,1340,1400,1325,1385,1276.88147,13075007
2024-06-14,1395,1395,1365,1395,1286.100708,5947681
2024-06-17,1375,1390,1365,1380,1272.271606,4297102
2024-06-18,1375,1405,1375,1405,1295.32019,7677930
2024-06-19,1425,1485,1420,1485,1369.075073,11552021
2024-06-20,1485,1500,1460,1500,1382.904053,6213796
2024-06-21,1470,1495,1445,1490,1373.684692,10724486
2024-06-24,1455,1465,1405,1410,1299.929688,9093868
2024-06-25,1370,1400,1365,1385,1276.88147,9382535
2024-06-26,1395,1430,1395,1405,1295.32019,4993229
2024-06-27,1380,1410,1380,1395,1286.100708,4724876
2024-06-28,1400,1405,1375,1400,1290.710449,6843642
2024-07-01,1405,1440,1405,1415,1304.539429,5023006
2024-07-02,1410,1415,1390,1410,1299.929688,5090265
2024-07-03,1430,1430,1390,1405,1295.32019,6361645
2024-07-04,1380,1400,1375,1375,1295.702026,7642964
2024-07-05,1380,1385,1335,1350,1272.143799,6406820
2024-07-08,1340,1420,1335,1420,1338.106812,7726110
2024-07-09,1450,1460,1415,1460,1375.799927,9654123
2024-07-10,1455,1460,1410,1435,1352.241699,5443505
2024-07-11,1435,1460,1415,1420,1338.106812,5250273
2024-07-12,1365,1385,1350,1360,1281.567017,6871306
2024-07-15,1370,1380,1350,1355,1276.855469,3536752
2024-07-16,1355,1365,1325,1345,1267.432007,5001135
2024-07-17,1335,1345,1305,1325,1248.585571,5978911
2024-07-18,1270,1290,1250,1280,1206.180786,9831726
2024-07-19,1260,1285,1260,1260,1187.334106,5871057
2024-07-22,1255,1260,1195,1225,1154.352783,7245311
2024-07-23,1255,1275,1240,1275,1201.469116,6430338
2024-07-26,1190,1255,1185,1245,1173.199341,10242503
2024-07-29,1265,1280,1230,1240,1168.487549,5100068
2024-07-30,1230,1255,1210,1255,1182.622559,4423237
2024-07-31,1230,1235,1200,1220,1149.641113,7379704
2024-08-01,1215,1235,1180,1180,1111.947876,12041919
2024-08-02,1130,1140,1090,1090,1027.138306,13774887
2024-08-05,995,1020,981,991,933.847778,22181134
2024-08-06,1090,1090,1035,1075,1013.003296,16439278
2024-08-07,1090,1150,1080,1150,1083.678101,10529284
2024-08-08,1120,1140,1100,1115,1050.696533,8053732
2024-08-09,1150,1155,1120,1125,1060.119873,6961644
2024-08-12,1145,1175,1140,1175,1107.236206,4578908
2024-08-13,1180,1185,1150,1160,1093.101318,3784683
2024-08-14,1175,1190,1170,1185,1116.659424,4435983
2024-08-15,1170,1180,1155,1155,1088.389648,3064248
2024-08-16,1185,1240,1185,1230,1159.064331,6964050
2024-08-19,1240,1265,1230,1255,1182.622559,5847224
2024-08-20,1270,1270,1240,1250,1177.910889,4293705
2024-08-21,1220,1240,1210,1220,1149.641113,4500318
2024-08-22,1230,1240,1215,1230,1159.064331,3022975
2024-08-23,1205,1225,1190,1225,1154.352783,4222716
2024-08-26,1245,1245,1210,1215,1144.929443,3699292
2024-08-27,1200,1215,1190,1210,1140.217773,3877314
2024-08-28,1205,1220,1185,1200,1130.794556,4610835
2024-08-29,1175,1255,1175,1250,1177.910889,5404585
2024-08-30,1260,1260,1225,1240,1168.487549,5810148
2024-09-02,1240,1250,1215,1225,1154.352783,3182122
2024-09-03,1225,1225,1200,1220,1149.641113,3422128
2024-09-04,1135,1170,1130,1135,1069.543091,9683111
2024-09-05,1120,1130,1105,1110,1045.984863,9051905
2024-09-06,1110,1150,1105,1145,1078.966431,5102862
2024-09-09,1100,1115,1090,1105,1041.273315,7139369
2024-09-10,1115,1130,1100,1130,1064.831421,5579319
2024-09-11,1125,1135,1110,1110,1045.984863,4019795
2024-09-12,1150,1155,1135,1155,1088.389648,4341122
2024-09-13,1160,1165,1125,1125,1060.119873,3453407
2024-09-16,1120,1130,1100,1130,1064.831421,3682733
2024-09-18,1115,1120,1095,1105,1041.273315,7064375
2024-09-19,1105,1130,1080,1120,1055.408203,7749361
2024-09-20,1145,1155,1125,1125,1060.119873,8871960
2024-09-23,1125,1150,1120,1145,1078.966431,4490555
2024-09-24,1135,1195,1135,1195,1126.082886,6847737
2024-09-25,1220,1230,1205,1225,1154.352783,10887978
2024-09-26,1235,1280,1230,1270,1196.757446,9413246
2024-09-27,1280,1305,1250,1260,1187.334106,8955853
2024-09-30,1235,1235,1175,1175,1107.236206,8477410
2024-10-01,1195,1230,1190,1210,1140.217773,6000269
2024-10-04,1200,1240,1200,1230,1159.064331,6956378
2024-10-07,1250,1295,1230,1250,1177.910889,8959497
2024-10-08,1240,1250,1225,1225,1154.352783,4347108
2024-10-09,1260,1275,1240,1245,1173.199341,5544071
2024-10-11,1265,1310,1265,1300,1225.027466,9881759
2024-10-14,1310,1310,1285,1290,1215.604126,3998990
2024-10-15,1310,1310,1290,1300,1225.027466,5915032
2024-10-16,1260,1295,1260,1275,1201.469116,6461649
2024-10-17,1295,1295,1265,1275,1201.469116,4139436
2024-10-18,1300,1330,1295,1305,1229.739014,8327410
2024-10-21,1310,1345,1310,1330,1253.297241,6320618
2024-10-22,1310,1315,1295,1310,1234.450684,5200879
2024-10-23,1280,1325,1275,1300,1225.027466,5399321
2024-10-24,1300,1305,1270,1270,1196.757446,4473596
2024-10-25,1270,1325,1270,1315,1239.162231,6810511
2024-10-28,1330,1340,1315,1335,1258.008789,5375094
2024-10-29,1315,1315,1285,1300,1225.027466,5336390
2024-10-30,1290,1315,1285,1290,1215.604126,5429739
2024-11-01,1220,1300,1220,1290,1215.604126,7755216
2024-11-04,1285,1305,1280,1295,1220.315796,3429980
2024-11-05,1285,1300,1280,1290,1215.604126,3613551
2024-11-06,1290,1320,1290,1305,1229.739014,3781856
2024-11-07,1330,1330,1300,1305,1229.739014,4276840
2024-11-08,1310,1320,1280,1280,1206.180786,4130119
2024-11-11,1300,1310,1280,1295,1220.315796,2805531
2024-11-12,1280,1295,1265,1265,1192.045776,4165815
2024-11-13,1265,1275,1255,1255,1182.622559,4020882
2024-11-14,1260,1265,1230,1235,1163.776001,4261333
2024-11-15,1240,1275,1230,1270,1196.757446,4250152
2024-11-18,1260,1265,1230,1240,1168.487549,3884093
2024-11-19,1255,1290,1245,1285,1210.892334,4308916
2024-11-20,1275,1275,1275,1275,1201.469116,4926471
2024-11-21,1265,1270,1255,1265,1192.045776,2583520
2024-11-22,1280,1310,1270,1310,1234.450684,6124283
2024-11-25,1325,1330,1280,1280,1206.180786,7448148
2024-11-26,1280,1290,1270,1280,1206.180786,3208553
2024-11-27,1270,1285,1250,1250,1177.910889,2932917
2024-11-28,1260,1265,1240,1255,1182.622559,4205695
2024-11-29,1235,1270,1225,1255,1182.622559,4141261
2024-12-02,1275,1315,1270,1310,1234.450684,4380160
2024-12-03,1325,1330,1295,1315,1239.162231,5954597
2024-12-04,1315,1325,1305,1320,1243.873901,4729113
2024-12-05,1325,1335,1310,1325,1248.585571,5251677
2024-12-06,1325,1340,1300,1305,1229.739014,4223587
2024-12-09,1320,1325,1300,1325,1248.585571,4075270
2024-12-10,1315,1360,1310,1350,1272.143799,5824301
2024-12-11,1320,1355,1305,1350,1272.143799,6205868
2024-12-12,1370,1400,1370,1380,1300.413574,7666196
2024-12-13,1385,1410,1365,1410,1328.683472,6323798
2024-12-16,1435,1440,1385,1385,1305.125366,7194809
2024-12-17,1390,1445,1390,1425,1342.818481,8783456
2024-12-18,1430,1430,1405,1420,1338.106812,5995195
2024-12-19,1400,1430,1395,1420,1338.106812,6353336
2024-12-20,1420,1425,1390,1390,1309.836914,5544646
2024-12-23,1405,1425,1400,1410,1328.683472,4295456
2024-12-24,1430,1430,1405,1405,1323.971924,3196077
2024-12-25,1420,1430,1410,1410,1328.683472,2381315
2024-12-26,1420,1430,1415,1420,1338.106812,2351336
2024-12-27,1420,1440,1420,1430,1347.530151,2283253
2024-12-30,1430,1435,1420,1420,1338.106812,2765852
2024-12-31,1410,1425,1400,1415,1333.395142,3224086
2025-01-02,1395,1400,1335,1350,1298.761475,6820305
2025-01-03,1365,1370,1335,1365,1313.192139,5752498
2025-01-06,1390,1425,1390,1425,1370.914917,6907233
2025-01-07,1445,1500,1415,1490,1433.447876,12307998
2025-01-08,1500,1500,1460,1470,1414.206909,10805038
2025-01-09,1470,1480,1440,1440,1385.345703,7021298
2025-01-10,1460,1495,1445,1465,1409.396729,7157266
2025-01-13,1435,1460,1385,1390,1337.243408,9742772
2025-01-14,1385,1415,1380,1400,1346.86377,5279672
2025-01-15,1390,1445,1390,1420,1366.104614,6417175
2025-01-16,1450,1470,1430,1460,1404.586548,7314623
2025-01-17,1450,1455,1420,1430,1375.725098,5488719
2025-01-20,1425,1455,1425,1445,1390.155884,3956489
2025-01-21,1440,1475,1435,1465,1409.396729,4428280
2025-01-22,1480,1495,1465,1465,1409.396729,6502859
2025-02-03,1420,1525,1415,1500,1443.068359,18533177
2025-02-04,1510,1530,1480,1490,1433.447876,8166768
2025-02-05,1505,1530,1490,1525,1467.119507,9064753
2025-02-06,1530,1570,1520,1525,1467.119507,9371366
2025-02-07,1525,1530,1505,1525,1467.119507,6741142
2025-02-10,1505,1510,1475,1480,1423.827393,8922872
2025-02-11,1490,1530,1490,1510,1452.688843,8486272
2025-02-12,1530,1540,1480,1485,1428.637573,7865557
2025-02-13,1495,1520,1485,1520,1462.309204,4576098
2025-02-14,1515,1535,1505,1505,1447.87854,4726126
2025-02-17,1515,1545,1510,1545,1486.360352,7603778
2025-02-18,1550,1550,1520,1535,1476.739868,5362376
2025-02-19,1535,1545,1525,1540,1481.550171,4447177
2025-02-20,1545,1545,1500,1500,1443.068359,6855773
2025-02-21,1500,1525,1490,1510,1452.688843,5655119
2025-02-24,1500,1545,1495,1545,1486.360352,6371982
2025-02-25,1525,1560,1510,1550,1491.170654,7905273
2025-02-26,1555,1575,1525,1560,1500.791138,7032006
2025-02-27,1555,1575,1515,1515,1457.499023,10335277
2025-03-03,1490,1495,1465,1470,1414.206909,10588492
2025-03-04,1435,1510,1435,1505,1447.87854,7871467
2025-03-05,1505,1530,1490,1505,1447.87854,6356979
2025-03-06,1505,1510,1485,1495,1438.258179,3089136
2025-03-07,1475,1485,1450,1465,1409.396729,5464123
2025-03-10,1450,1460,1395,1395,1342.053589,9828231
2025-03-11,1320,1390,1320,1385,1332.433105,10078176
2025-03-12,1375,1425,1375,1410,1356.484253,7914116
2025-03-13,1430,1440,1390,1390,1337.243408,6948447
2025-03-14,1400,1430,1390,1400,1346.86377,7153832
2025-03-17,1415,1440,1415,1425,1370.914917,4878893
2025-03-18,1450,1500,1445,1475,1419.017212,10224305
2025-03-19,1500,1515,1460,1465,1409.396729,7855359
2025-03-20,1495,1500,1465,1485,1428.637573,6419295
2025-03-21,1495,1500,1475,1480,1423.827393,4597519
2025-03-24,1500,1505,1480,1480,1423.827393,3925730
2025-03-25,1505,1540,1505,1525,1467.119507,7987673
2025-03-26,1535,1540,1515,1515,1457.499023,3637846
2025-03-27,1500,1510,1480,1485,1428.637573,4779867
2025-03-28,1470,1495,1455,1465,1409.396729,4529681
2025-03-31,1420,1440,1390,1390,1337.243408,7884707
2025-04-01,1410,1460,1410,1460,1404.586548,6469737
2025-04-02,1460,1460,1435,1435,1380.5354,4501455
2025-04-07,1295,1295,1295,1295,1245.848999,1801849
2025-04-08,1255,1300,1225,1260,1212.177368,18444110
2025-04-09,1250,1255,1140,1185,1140.023926,19089246
2025-04-10,1300,1300,1300,1300,1250.65918,1930024
2025-04-11,1280,1395,1250,1385,1332.433105,16846917
2025-04-14,1410,1425,1385,1400,1346.86377,12574667
2025-04-15,1405,1415,1375,1385,1332.433105,6567345
2025-04-16,1370,1385,1365,1365,1313.192139,5403460
2025-04-17,1340,1350,1315,1340,1289.141113,6686132
2025-04-18,1350,1380,1345,1365,1313.192139,3455357
2025-04-21,1355,1355,1325,1345,1293.951294,3022376
2025-04-22,1330,1355,1300,1300,1250.65918,4954354
2025-04-23,1340,1375,1340,1370,1318.002319,6070924
2025-04-24,1375,1375,1325,1330,1279.52063,6035060
2025-04-25,1375,1390,1370,1380,1327.622925,6909233
2025-04-28,1385,1390,1350,1350,1298.761475,5231320
2025-04-29,1350,1370,1335,1370,1318.002319,5633730
2025-04-30,1370,1370,1350,1350,1298.761475,5374395
2025-05-02,1370,1370,1290,1300,1250.65918,16309878
2025-05-05,1310,1335,1290,1295,1245.848999,7202362
2025-05-06,1295,1300,1275,1280,1231.418335,6945409
2025-05-07,1285,1300,1265,1275,1226.608154,5876206
2025-05-08,1285,1305,1275,1290,1241.038818,5977244
2025-05-09,1295,1325,1280,1325,1274.710449,6464226
2025-05-12,1320,1325,1305,1315,1265.089844,5139679
2025-05-13,1350,1365,1345,1355,1303.571777,9166229
2025-05-14,1370,1375,1345,1360,1308.381958,6039143
2025-05-15,1365,1380,1350,1370,1318.002319,5523760
2025-05-16,1365,1375,1360,1365,1313.192139,3498707
2025-05-19,1345,1350,1310,1310,1260.279663,7045364
2025-05-20,1330,1350,1315,1315,1265.089844,5662042
2025-05-21,1325,1345,1320,1340,1289.141113,4399231
2025-05-22,1325,1340,1320,1325,1274.710449,3287944
2025-05-23,1335,1340,1310,1315,1265.089844,4277084
2025-05-26,1305,1305,1275,1280,1231.418335,7140240
2025-05-27,1280,1290,1270,1280,1231.418335,6424061
2025-05-28,1300,1305,1270,1280,1231.418335,7908648
2025-05-29,1285,1305,1260,1260,1212.177368,19212826
2025-06-02,1250,1270,1230,1260,1212.177368,10666133
2025-06-03,1270,1290,1265,1275,1226.608154,5610470
2025-06-04,1280,1290,1260,1275,1226.608154,10297345
2025-06-05,1260,1265,1235,1245,1197.746704,15362134
2025-06-06,1250,1280,1245,1280,1231.418335,10710374
2025-06-09,1290,1300,1275,1285,1236.228516,7952617
2025-06-10,1300,1335,1300,1335,1284.330811,11338136
2025-06-11,1340,1345,1305,1315,1265.089844,11700995
2025-06-12,1300,1305,1280,1285,1236.228516,10502334
2025-06-13,1255,1265,1250,1250,1202.556885,8841922
2025-06-16,1260,1270,1250,1255,1207.367188,4129774
2025-06-17,1260,1280,1260,1275,1226.608154,5360829
2025-06-18,1265,1290,1260,1285,1236.228516,5525157
2025-06-19,1280,1285,1265,1265,1216.987549,4766573
2025-06-20,1265,1275,1245,1250,1202.556885,5271667
2025-06-23,1230,1260,1225,1255,1207.367188,4404035
2025-06-24,1275,1285,1260,1270,1221.797852,4477491
2025-06-25,1280,1300,1280,1295,1245.848999,5945025
2025-06-26,1295,1300,1285,1290,1241.038818,5174101
2025-06-27,1285,1300,1280,1285,1236.228516,5856843
2025-06-30,1290,1300,1250,1250,1202.556885,7763199
2025-07-01,1265,1305,1265,1275,1226.608154,8523024
2025-07-02,1295,1300,1275,1295,1245.848999,6784867
2025-07-03,1300,1300,1270,1270,1245.849243,11618186
2025-07-04,1290,1305,1285,1290,1265.468872,7096708
2025-07-07,1300,1300,1280,1280,1255.659058,4446172
2025-07-08,1280,1280,1265,1270,1245.849243,3529215
2025-07-09,1280,1360,1280,1355,1329.232788,13138793
2025-07-10,1375,1400,1360,1400,1373.377075,11433007
2025-07-11,1405,1420,1390,1420,1392.996704,9744661
2025-07-14,1410,1410,1385,1385,1358.662354,5631886
2025-07-15,1385,1405,1380,1395,1368.472168,4329964
2025-07-16,1395,1415,1395,1410,1383.18689,5897943
2025-07-17,1405,1420,1385,1390,1363.567261,5213698
2025-07-18,1405,1410,1400,1410,1383.18689,4870093
2025-07-21,1415,1445,1410,1425,1397.901611,5766633
2025-07-22,1440,1455,1425,1430,1402.806519,7721986
2025-07-23,1455,1455,1425,1430,1402.806519,4835003
2025-07-24,1445,1450,1420,1430,1402.806519,4937526
2025-07-25,1430,1445,1415,1430,1402.806519,5748883
2025-07-28,1435,1440,1385,1400,1373.377075,6885421
2025-07-29,1390,1395,1350,1360,1334.137695,9487581
2025-07-30,1365,1385,1360,1380,1353.757446,5594339
2025-07-31,1360,1385,1340,1370,1343.94751,8942761
2025-08-04,1340,1350,1330,1330,1304.708252,4830756
2025-08-05,1350,1355,1340,1340,1314.518066,3718187
2025-08-06,1340,1350,1320,1320,1294.898315,5412343
2025-08-07,1345,1365,1345,1355,1329.232788,5024691
2025-08-08,1355,1360,1335,1350,1324.327881,5016534
2025-08-11,1350,1370,1340,1355,1329.232788,3478971
2025-08-12,1360,1370,1350,1360,1334.137695,3238403
2025-08-13,1370,1385,1360,1370,1343.94751,7678115
2025-08-14,1370,1395,1365,1390,1363.567261,4387884
2025-08-15,1395,1400,1370,1370,1343.94751,4043678
2025-08-18,1375,1410,1375,1410,1383.18689,5827468
2025-08-19,1415,1430,1390,1390,1363.567261,6127596
2025-08-20,1380,1390,1350,1355,1329.232788,6525541
2025-08-21,1350,1375,1345,1365,1339.042603,4264972
2025-08-22,1365,1375,1355,1365,1339.042603,2686120
2025-08-25,1385,1410,1380,1410,1383.18689,4859204
2025-08-26,1405,1410,1380,1400,1373.377075,5024316
2025-08-27,1405,1410,1395,1400,1373.377075,3355567
2025-08-28,1395,1405,1385,1385,1358.662354,3766722
2025-08-29,1390,1405,1370,1370,1343.94751,3723539
2025-09-01,1370,1380,1350,1360,1334.137695,3659694
2025-09-02,1360,1380,1360,1360,1334.137695,3283160
2025-09-03,1380,1400,1370,1395,1368.472168,4604408
2025-09-04,1405,1405,1380,1385,1358.662354,3400107
2025-09-05,1400,1435,1395,1435,1407.711548,8668643
2025-09-08,1450,1460,1425,1430,1402.806519,6384542
2025-09-09,1445,1515,1435,1510,1481.285278,10954327
2025-09-10,1520,1520,1485,1490,1461.665527,6557814
2025-09-11,1505,1510,1480,1480,1451.855713,4509127
2025-09-12,1495,1500,1470,1485,1456.76062,4172705
2025-09-15,1490,1495,1480,1485,1456.76062,2733745
2025-09-16,1500,1545,1495,1535,1505.809814,8152357
2025-09-17,1545,1545,1510,1510,1481.285278,4695051
2025-09-18,1525,1530,1495,1510,1481.285278,3539535
2025-09-19,1500,1505,1440,1440,1412.616455,13241946
2025-09-22,1425,1430,1400,1405,1378.281982,8578839
2025-09-23,1390,1405,1375,1375,1348.852417,10776401
2025-09-24,1345,1355,1330,1330,1304.708252,11129639
2025-09-25,1330,1365,1330,1345,1319.422974,7547381
2025-09-26,1345,1350,1310,1310,1285.088501,6728741
2025-09-30,1310,1325,1290,1315,1289.993408,7200191
2025-10-01,1305,1305,1285,1285,1260.563965,6432244
2025-10-02,1290,1300,1280,1280,1255.659058,8209274
2025-10-03,1285,1325,1285,1320,1294.898315,6383512
2025-10-07,1325,1335,1305,1325,1299.803345,7016903
2025-10-08,1330,1350,1325,1335,1309.613159,5034301
2025-10-09,1350,1370,1335,1345,1319.422974,4738227
2025-10-13,1330,1330,1300,1315,1289.993408,7286313
2025-10-14,1330,1340,1300,1305,1280.183594,5520842
2025-10-15,1325,1330,1300,1315,1289.993408,4146372
2025-10-16,1320,1340,1320,1330,1304.708252,3748755
2025-10-17,1340,1360,1325,1330,1304.708252,6827509
2025-10-20,1335,1345,1325,1340,1314.518066,3287582
2025-10-21,1350,1355,1335,1340,1314.518066,3905400
2025-10-22,1335,1345,1325,1330,1304.708252,3704329
2025-10-23,1325,1330,1290,1295,1270.373779,7752802
2025-10-27,1320,1340,1310,1335,1309.613159,5678203
2025-10-28,1330,1335,1310,1315,1289.993408,4800134
2025-10-29,1305,1330,1300,1300,1275.278687,7886343
2025-10-30,1305,1325,1300,1310,1285.088501,5190139
2025-10-31,1300,1325,1290,1310,1285.088501,7057671
2025-11-03,1310,1325,1280,1300,1275.278687,10235098
2025-11-04,1290,1315,1285,1315,1289.993408,6324011
2025-11-05,1295,1330,1285,1330,1304.708252,6722398
2025-11-06,1320,1330,1290,1290,1265.468872,7307681
2025-11-07,1285,1295,1260,1260,1236.039307,7288497
2025-11-10,1250,1260,1250,1250,1226.229492,5195821
2025-11-11,1250,1270,1240,1240,1216.419678,5414867
2025-11-12,1240,1260,1240,1245,1221.324585,4199743
2025-11-13,1240,1255,1235,1245,1221.324585,2865882
2025-11-14,1230,1255,1225,1230,1206.609863,4154705
2025-11-17,1230,1250,1225,1230,1206.609863,4804227
2025-11-18,1220,1220,1170,1170,1147.750854,9021735
2025-11-19,1150,1195,1150,1160,1137.94104,6293318
2025-11-20,1180,1205,1170,1185,1162.465576,7131739
2025-11-21,1130,1155,1130,1145,1123.226196,7293277
2025-11-24,1155,1170,1145,1150,1128.131104,9436199
2025-11-25,1175,1205,1175,1185,1162.465576,6872636
2025-11-26,1220,1300,1215,1300,1275.278687,11771497
2025-11-27,1360,1370,1325,1340,1314.518066,19171766
2025-11-28,1375,1410,1365,1395,1368.472168,17773470
2025-12-01,1420,1450,1400,1445,1417.521362,19274425
2025-12-02,1445,1460,1410,1415,1388.091797,11326485
2025-12-03,1405,1435,1400,1400,1373.377075,9738032
2025-12-04,1405,1415,1385,1405,1378.281982,6241494
2025-12-05,1420,1445,1405,1425,1397.901611,7682537
2025-12-08,1430,1440,1405,1440,1412.616455,5746578
2025-12-09,1435,1440,1415,1420,1392.996704,4993367
2025-12-10,1435,1460,1425,1460,1432.236084,8224726
2025-12-11,1445,1450,1395,1395,1368.472168,8965596
2025-12-12,1390,1415,1380,1405,1378.281982,5029971
2025-12-15,1385,1450,1385,1420,1392.996704,9540796
2025-12-16,1420,1450,1415,1420,1392.996704,8922061
2025-12-17,1435,1455,1425,1425,1397.901611,8490679
2025-12-18,1425,1445,1415,1420,1392.996704,5247800
2025-12-19,1440,1445,1410,1410,1383.18689,8034656
2025-12-22,1430,1435,1390,1400,1373.377075,5675053
2025-12-23,1405,1405,1380,1390,1363.567261,5114619
2025-12-24,1395,1400,1380,1380,1353.757446,3022674
2025-12-26,1390,1395,1380,1385,1358.662354,3000352
2025-12-29,1390,1425,1380,1420,1392.996704,6343754
2025-12-30,1405,1430,1400,1420,1392.996704,4276067
2025-12-31,1420,1450,1415,1430,1402.806519,6354048
2026-01-02,1450,1495,1440,1470,1442.045898,11449412
2026-01-05,1510,1530,1495,1525,1496,13343442
2026-01-06,1505,1505,1480,1485,1485,7914854
2026-01-07,1490,1505,1475,1490,1490,7065696
2026-01-08,1495,1500,1435,1445,1445,8133244
2026-01-09,1455,1460,1415,1420,1420,7989973
2026-01-12,1445,1450,1425,1445,1445,4084929
2026-01-13,1455,1485,1450,1485,1485,9900355
2026-01-14,1485,1500,1480,1500,1500,6058106
2026-01-15,1500,1500,1465,1490,1490,7795923
2026-01-16,1500,1525,1490,1505,1505,10170235
2026-01-19,1510,1510,1465,1485,1485,5649790
2026-01-20,1480,1500,1470,1485,1485,5623268
2026-01-21,1470,1495,1450,1465,1465,8433519
2026-01-22,1495,1525,1465,1485,1485,7732602
2026-01-23,1525,1630,1525,1630,1630,21949189
2026-01-26,1740,1790,1720,1770,1770,23813770
2026-01-27,1755,1820,1750,1775,1775,11706065
2026-01-28,1755,1800,1740,1780,1780,9806198
2026-01-29,1780,1815,1770,1780,1780,9803415
2026-01-30,1770,1775,1735,1760,1760,10669850
2026-02-02,1715,1740,1685,1705,1705,8793337
2026-02-03,1740,1805,1720,1795,1795,11037015
2026-02-04,1760,1810,1740,1800,1800,11261034
2026-02-05,1750,1800,1740,1770,1770,15699947
2026-02-06,1745,1755,1690,1710,1710,10786108
2026-02-09,1760,1870,1760,1830,1830,11613075
2026-02-10,1860,1865,1820,1845,1845,10813438
2026-02-11,1795,1865,1795,1855,1855,8232637
2026-02-23,1880,1880,1790,1795,1795,15948909
2026-02-24,1810,1825,1795,1825,1825,6740003
2026-02-25,1840,1870,1830,1870,1870,7857623
2026-02-26,1895,1975,1850,1945,1945,13692370
2026-03-02,1945,1945,1880,1900,1900,8811661
2026-03-03,1900,1910,1815,1815,1815,9621376
2026-03-04,1760,1780,1715,1720,1720,11024269
2026-03-05,1760,1800,1750,1775,1775,7826693
2026-03-06,1745,1790,1735,1765,1765,4418206
2026-03-09,1620,1665,1610,1665,1665,11475137
2026-03-10,1730,1730,1685,1705,1705,5273491
2026-03-11,1760,1780,1720,1765,1765,5783121
2026-03-12,1745,1815,1735,1785,1785,6354849
2026-03-13,1730,1745,1720,1720,1720,6467628
2026-03-16,1720,1740,1710,1710,1710,4423319
2026-03-17,1730,1740,1715,1730,1730,4260491
2026-03-18,1730,1745,1725,1730,1730,6009078
2026-03-19,1700,1705,1665,1680,1680,6764438
2026-03-20,1685,1715,1655,1700,1700,7874444
2026-03-23,1630,1645,1600,1625,1625,6372639
2026-03-24,1655,1665,1600,1620,1620,5324085
2026-03-25,1665,1665,1620,1620,1620,5839950
2026-03-26,1610,1640,1590,1590,1590,7031916
2026-03-27,1560,1585,1545,1585,1585,6833766
2026-03-30,1540,1555,1505,1510,1510,7235491
2026-03-31,1525,1540,1490,1490,1490,10218910
2026-04-01,1550,1550,1460,1465,1465,10756280
2026-04-02,1500,1510,1445,1465,1465,8691522
2026-04-07,1480,1480,1430,1470,1470,6910617
2026-04-08,1520,1585,1505,1580,1580,12976420
2026-04-09,1600,1600,1550,1575,1575,8061675
2026-04-10,1600,1605,1570,1575,1575,5381936
2026-04-13,1645,1665,1620,1620,1620,8802674
2026-04-14,1645,1745,1640,1720,1720,11909857
2026-04-15,1805,1845,1770,1790,1790,20848384
2026-04-16,1850,1930,1810,1895,1895,16504496
2026-04-17,1930,1955,1885,1925,1925,15450213
2026-04-20,1960,1965,1895,1900,1900,11027820
2026-04-21,1930,2090,1925,2090,2090,17347421
2026-04-22,2120,2295,2110,2295,2295,23044579
2026-04-23,2325,2335,2170,2215,2215,28172336
2026-04-24,2340,2435,2330,2435,2435,21684950
2026-04-27,2470,2575,2410,2435,2435,23842383
2026-04-28,2490,2675,2485,2615,2615,22923298
2026-04-29,2550,2595,2500,2575,2575,11761568
2026-04-30,2665,2685,2565,2610,2610,16785387
2026-05-04,2870,2870,2870,2870,2870,3450749
2026-05-05,3155,3155,3155,3155,3155,8515330
2026-05-06,3470,3470,3155,3430,3430,36338977
2026-05-07,3430,3430,3295,3420,3420,7619708
2026-05-08,3320,3670,3320,3630,3630,8599780
2026-05-11,3575,3985,3565,3880,3880,7943859
2026-05-12,3835,3910,3700,3700,3700,9538278
2026-05-13,3625,3680,3400,3495,3495,8651831
2026-05-14,3585,3590,3385,3405,3405,6305692
2026-05-15,3425,3555,3200,3260,3260,6680609
2026-05-18,3240,3550,3150,3400,3400,6249186
2026-05-19,3475,3495,3100,3155,3155,8398806
2026-05-20,3195,3350,3155,3230,3230,8111772
2026-05-21,3415,3550,3405,3550,3550,5636155
2026-05-22,3765,3880,3675,3860,3860,19537258
2026-05-25,4245,4245,4245,4245,4245,4181502
2026-05-26,4375,4440,4180,4265,4265,18199859
2026-05-27,4475,4690,4450,4640,4640,16927911
2026-05-28,4620,4685,4270,4410,4410,14431497
2026-05-29,4460,4485,4235,4310,4310,20620831
2026-06-01,4440,4710,4440,4555,4555,17045894
2026-06-02,4970,4970,4380,4525,4525,14145620
2026-06-03,4540,4650,4420,4545,4545,9478437
2026-06-04,4600,4685,4430,4430,4430,8958387
2026-06-05,4360,4430,4130,4300,4300,10685775
2026-06-08,3935,4090,3935,4070,4070,14355996
2026-06-09,4180,4475,4130,4475,4475,14307617
2026-06-10,4315,4520,4120,4155,4155,14357119
2026-06-11,4085,4150,3880,4085,4085,15367556
2026-06-12,4410,4415,4165,4180,4180,7806177
2026-06-15,4355,4545,4350,4470,4470,10400900
2026-06-16,4550,4565,4415,4560,4560,9691060
2026-06-17,4495,4535,4380,4460,4460,8409268
2026-06-18,4535,4590,4375,4390,4390,12120210
2026-06-22,4385,4565,4380,4465,4465,10836913
2026-06-23,4720,4785,4515,4535,4535,17083744
2026-06-24,4480,4515,4225,4285,4285,14381860
2026-06-25,4400,4445,4215,4310,4310,9704419
2026-06-26,4150,4185,3880,3880,3880,20184014
2026-06-29,3870,4000,3825,3910,3910,9868422
2026-06-30,4145,4300,4060,4245,4245,13992183
2026-07-01,4315,4380,4225,4335,4335,8491537
2026-07-02,4200,4380,4150,4345,4345,7048605
