Date,Open,High,Low,Close,Adj Close,Volume
2008-01-02,27.73,27.73,27.73,27.73,17.813398,0
2008-01-03,27.059999,27.059999,27.059999,27.059999,17.382999,0
2008-01-04,27.690001,27.690001,27.690001,27.690001,17.787703,0
2008-01-07,27.35,27.35,27.35,27.35,17.569294,0
2008-01-08,27.280001,27.280001,27.280001,27.280001,17.52433,0
2008-01-09,27.780001,27.780001,27.780001,27.780001,17.84552,0
2008-01-10,27.4,27.4,27.4,27.4,17.601414,0
2008-01-11,27.030001,27.030001,27.030001,27.030001,17.363731,0
2008-01-14,26.629999,26.629999,26.629999,26.629999,17.10677,0
2008-01-15,26,26,26,26,16.702074,0
2008-01-16,24.610001,24.610001,24.610001,24.610001,15.809148,0
2008-01-17,25.280001,25.280001,25.280001,25.280001,16.239548,0
2008-01-18,25.360001,25.360001,25.360001,25.360001,16.290941,0
2008-01-21,23.969999,23.969999,23.969999,23.969999,15.398023,0
2008-01-22,21.91,21.91,21.91,21.91,14.074708,0
2008-01-23,24.25,24.25,24.25,24.25,15.577891,0
2008-01-24,23.690001,23.690001,23.690001,23.690001,15.218156,0
2008-01-25,25.280001,25.280001,25.280001,25.280001,16.239548,0
2008-01-28,24.209999,24.209999,24.209999,24.209999,15.552196,0
2008-01-29,24.450001,24.450001,24.450001,24.450001,15.706371,0
2008-01-30,23.809999,23.809999,23.809999,23.809999,15.295242,0
2008-01-31,23.610001,23.610001,23.610001,23.610001,15.166767,0
2008-02-01,24.280001,24.280001,24.280001,24.280001,15.597163,0
2008-02-04,24.950001,24.950001,24.950001,24.950001,16.027565,0
2008-02-05,25,25,25,25,16.059683,0
2008-02-06,23.549999,23.549999,23.549999,23.549999,15.12822,0
2008-02-11,23.6,23.6,23.6,23.6,15.160339,0
2008-02-12,23.25,23.25,23.25,23.25,14.935506,0
2008-02-13,23.5,23.5,23.5,23.5,15.096103,0
2008-02-14,24,24,24,24,15.417295,0
2008-02-15,23.799999,23.799999,23.799999,23.799999,15.288815,0
2008-02-18,23.91,23.91,23.91,23.91,15.359483,0
2008-02-19,24.280001,24.280001,24.280001,24.280001,15.597163,0
2008-02-20,23.75,23.75,23.75,23.75,15.256701,0
2008-02-21,23.780001,23.780001,23.780001,23.780001,15.275973,0
2008-02-22,23.459999,23.459999,23.459999,23.459999,15.070407,0
2008-02-25,23.42,23.42,23.42,23.42,15.044708,0
2008-02-26,23.870001,23.870001,23.870001,23.870001,15.333787,0
2008-02-27,24.639999,24.639999,24.639999,24.639999,15.828423,0
2008-02-28,24.75,24.75,24.75,24.75,15.899085,0
2008-02-29,24.299999,24.299999,24.299999,24.299999,15.610015,0
2008-03-03,23.74,23.74,23.74,23.74,15.250278,0
2008-03-04,23.27,23.27,23.27,23.27,14.948354,0
2008-03-05,23.27,23.27,23.27,23.27,14.948354,0
2008-03-06,23.5,23.5,23.5,23.5,15.096103,0
2008-03-07,22.65,22.65,22.65,22.65,14.550074,0
2008-03-10,22.85,22.85,22.85,22.85,14.678549,0
2008-03-11,23.15,23.15,23.15,23.15,14.871267,0
2008-03-12,23.57,23.57,23.57,23.57,15.141069,0
2008-03-13,22.450001,22.450001,22.450001,22.450001,14.421597,0
2008-03-14,22.389999,22.389999,22.389999,22.389999,14.383054,0
2008-03-17,21.24,21.24,21.24,21.24,13.644308,0
2008-03-18,21.540001,21.540001,21.540001,21.540001,13.837024,0
2008-03-19,22.120001,22.120001,22.120001,22.120001,14.20961,0
2008-03-20,21.360001,21.360001,21.360001,21.360001,13.721395,0
2008-03-25,22.73,22.73,22.73,22.73,14.601461,0
2008-03-26,22.879999,22.879999,22.879999,22.879999,14.69782,0
2008-03-27,22.93,22.93,22.93,22.93,14.729939,0
2008-03-28,23.549999,23.549999,23.549999,23.549999,15.12822,0
2008-03-31,23.110001,23.110001,23.110001,23.110001,14.845572,0
2008-04-01,23.4,23.4,23.4,23.4,15.031863,0
2008-04-02,24.139999,24.139999,24.139999,24.139999,15.507235,0
2008-04-03,24.530001,24.530001,24.530001,24.530001,15.757761,0
2008-04-07,24.85,24.85,24.85,24.85,15.963326,0
2008-04-08,24.58,24.58,24.58,24.58,15.789883,0
2008-04-09,24.25,24.25,24.25,24.25,15.577891,0
2008-04-10,24.459999,24.459999,24.459999,24.459999,15.712793,0
2008-04-11,24.940001,24.940001,24.940001,24.940001,16.021139,0
2008-04-14,24.09,24.09,24.09,24.09,15.475106,0
2008-04-15,24.18,24.18,24.18,24.18,15.532928,0
2008-04-16,24.16,24.16,24.16,24.16,15.520074,0
2008-04-17,24.57,24.57,24.57,24.57,15.783457,0
2008-04-18,24.51,24.51,24.51,24.51,15.744916,0
2008-04-21,25.030001,25.030001,25.030001,25.030001,16.078955,0
2008-04-22,25.25,25.25,25.25,25.25,16.22028,0
2008-04-23,25.6,25.6,25.6,25.6,16.445116,0
2008-04-24,26,26,26,26,16.702074,0
2008-04-25,25.83,25.83,25.83,25.83,16.592863,0
2008-04-28,25.98,25.98,25.98,25.98,16.68922,0
2008-04-29,26.01,26.01,26.01,26.01,16.708492,0
2008-04-30,25.860001,25.860001,25.860001,25.860001,16.612135,0
2008-05-02,26.379999,26.379999,26.379999,26.379999,16.946177,0
2008-05-05,26.32,26.32,26.32,26.32,16.907633,0
2008-05-06,26.41,26.41,26.41,26.41,16.965448,0
2008-05-07,25.76,25.76,25.76,25.76,16.547897,0
2008-05-08,25.6,25.6,25.6,25.6,16.445116,0
2008-05-09,25.23,25.23,25.23,25.23,16.207426,0
2008-05-13,25.74,25.74,25.74,25.74,16.535049,0
2008-05-14,25.719999,25.719999,25.719999,25.719999,16.522198,0
2008-05-15,25.709999,25.709999,25.709999,25.709999,16.515779,0
2008-05-16,25.82,25.82,25.82,25.82,16.586441,0
2008-05-19,25.940001,25.940001,25.940001,25.940001,16.663527,0
2008-05-20,25.4,25.4,25.4,25.4,16.316639,0
2008-05-21,25.73,25.73,25.73,25.73,16.528625,0
2008-05-22,25.32,25.32,25.32,25.32,16.265245,0
2008-05-23,24.99,24.99,24.99,24.99,16.053263,0
2008-05-26,24.4,24.4,24.4,24.4,15.674253,0
2008-05-27,24.549999,24.549999,24.549999,24.549999,15.770608,0
2008-05-28,24.52,24.52,24.52,24.52,15.751337,0
2008-05-29,24.66,24.66,24.66,24.66,15.841269,0
2008-05-30,24.809999,24.809999,24.809999,24.809999,15.93763,0
2008-06-02,25.110001,25.110001,25.110001,25.110001,16.13035,0
2008-06-03,24.65,24.65,24.65,24.65,15.834848,0
2008-06-04,24.42,24.42,24.42,24.42,15.687098,0
2008-06-05,24.559999,24.559999,24.559999,24.559999,15.777027,0
2008-06-06,24.700001,24.700001,24.700001,24.700001,15.866969,0
2008-06-10,23.700001,23.700001,23.700001,23.700001,15.224584,0
2008-06-11,23.66,23.66,23.66,23.66,15.198884,0
2008-06-12,23.360001,23.360001,23.360001,23.360001,15.006166,0
2008-06-13,23.35,23.35,23.35,23.35,14.999746,0
2008-06-16,23.370001,23.370001,23.370001,23.370001,15.012595,0
2008-06-17,23.41,23.41,23.41,23.41,15.038283,0
2008-06-18,23.68,23.68,23.68,23.68,15.21173,0
2008-06-19,23.16,23.16,23.16,23.16,14.877689,0
2008-06-20,23.110001,23.110001,23.110001,23.110001,14.845572,0
2008-06-23,23.08,23.08,23.08,23.08,14.826296,0
2008-06-24,22.82,22.82,22.82,22.82,14.659275,0
2008-06-25,23,23,23,23,14.774908,0
2008-06-26,22.82,22.82,22.82,22.82,14.659275,0
2008-06-27,22.41,22.41,22.41,22.41,14.395898,0
2008-06-30,22.469999,22.469999,22.469999,22.469999,14.434443,0
2008-07-02,22.07,22.07,22.07,22.07,14.177485,0
2008-07-03,21.610001,21.610001,21.610001,21.610001,13.881987,0
2008-07-04,21.790001,21.790001,21.790001,21.790001,13.997616,0
2008-07-07,22.280001,22.280001,22.280001,22.280001,14.312387,0
2008-07-08,21.58,21.58,21.58,21.58,13.862717,0
2008-07-09,22.17,22.17,22.17,22.17,14.241726,0
2008-07-10,22.190001,22.190001,22.190001,22.190001,14.254576,0
2008-07-11,22.549999,22.549999,22.549999,22.549999,14.485832,0
2008-07-14,22.379999,22.379999,22.379999,22.379999,14.376633,0
2008-07-15,21.540001,21.540001,21.540001,21.540001,13.837024,0
2008-07-16,21.59,21.59,21.59,21.59,13.869143,0
2008-07-17,22.1,22.1,22.1,22.1,14.196761,0
2008-07-18,22.24,22.24,22.24,22.24,14.286695,0
2008-07-21,22.9,22.9,22.9,22.9,14.710667,0
2008-07-22,22.889999,22.889999,22.889999,22.889999,14.704245,0
2008-07-23,23.5,23.5,23.5,23.5,15.096103,0
2008-07-24,23.459999,23.459999,23.459999,23.459999,15.070407,0
2008-07-25,23.110001,23.110001,23.110001,23.110001,14.845572,0
2008-07-28,23.049999,23.049999,23.049999,23.049999,14.80703,0
2008-07-29,22.620001,22.620001,22.620001,22.620001,14.530801,0
2008-07-30,23.059999,23.059999,23.059999,23.059999,14.813453,0
2008-07-31,23.1,23.1,23.1,23.1,14.839152,0
2008-08-01,23.23,23.23,23.23,23.23,14.922657,0
2008-08-04,22.879999,22.879999,22.879999,22.879999,14.69782,0
2008-08-05,22.309999,22.309999,22.309999,22.309999,14.33166,0
2008-08-07,22.469999,22.469999,22.469999,22.469999,14.434443,0
2008-08-08,22.25,22.25,22.25,22.25,14.293115,0
2008-08-11,22.219999,22.219999,22.219999,22.219999,14.273842,0
2008-08-12,22,22,22,22,14.132523,0
2008-08-13,21.65,21.65,21.65,21.65,13.907685,0
2008-08-14,21.75,21.75,21.75,21.75,13.971928,0
2008-08-15,21.52,21.52,21.52,21.52,13.824176,0
2008-08-18,21.299999,21.299999,21.299999,21.299999,13.68285,0
2008-08-19,20.85,20.85,20.85,20.85,13.393777,0
2008-08-20,21.34,21.34,21.34,21.34,13.708548,0
2008-08-21,20.799999,20.799999,20.799999,20.799999,13.361653,0
2008-08-25,21.51,21.51,21.51,21.51,13.817749,0
2008-08-26,21.459999,21.459999,21.459999,21.459999,13.785632,0
2008-08-27,21.879999,21.879999,21.879999,21.879999,14.055431,0
2008-08-28,21.389999,21.389999,21.389999,21.389999,13.740667,0
2008-08-29,21.68,21.68,21.68,21.68,13.926957,0
2008-09-01,21.33,21.33,21.33,21.33,13.702123,0
2008-09-02,21.459999,21.459999,21.459999,21.459999,13.785632,0
2008-09-03,21,21,21,21,13.490134,0
2008-09-04,20.809999,20.809999,20.809999,20.809999,13.36808,0
2008-09-05,20.35,20.35,20.35,20.35,13.07258,0
2008-09-08,21.219999,21.219999,21.219999,21.219999,13.631456,0
2008-09-09,20.93,20.93,20.93,20.93,13.445164,0
2008-09-10,20.459999,20.459999,20.459999,20.459999,13.143242,0
2008-09-11,19.85,19.85,19.85,19.85,12.751388,0
2008-09-12,19.85,19.85,19.85,19.85,12.751388,0
2008-09-16,18.799999,18.799999,18.799999,18.799999,12.07688,0
2008-09-17,18.139999,18.139999,18.139999,18.139999,11.652908,0
2008-09-18,18.139999,18.139999,18.139999,18.139999,11.652908,0
2008-09-19,19.84,19.84,19.84,19.84,12.744966,0
2008-09-22,20.15,20.15,20.15,20.15,12.944104,0
2008-09-23,19.389999,19.389999,19.389999,19.389999,12.455889,0
2008-09-24,19.48,19.48,19.48,19.48,12.513704,0
2008-09-25,19.450001,19.450001,19.450001,19.450001,12.494433,0
2008-09-26,19.200001,19.200001,19.200001,19.200001,12.333837,0
2008-09-29,18.4,18.4,18.4,18.4,11.819929,0
2008-09-30,18.530001,18.530001,18.530001,18.530001,11.903437,0
2008-10-02,18.73,18.73,18.73,18.73,12.031915,0
2008-10-03,18.200001,18.200001,18.200001,18.200001,11.691448,0
2008-10-06,17.32,17.32,17.32,17.32,11.126149,0
2008-10-08,15.94,15.94,15.94,15.94,10.239653,0
2008-10-09,16.459999,16.459999,16.459999,16.459999,10.573696,0
2008-10-10,15.31,15.31,15.31,15.31,9.834949,0
2008-10-13,16.83,16.83,16.83,16.83,10.81138,0
2008-10-14,17.35,17.35,17.35,17.35,11.14542,0
2008-10-15,16.51,16.51,16.51,16.51,10.605812,0
2008-10-16,15.74,15.74,15.74,15.74,10.111177,0
2008-10-17,15.06,15.06,15.06,15.06,9.674354,0
2008-10-20,15.83,15.83,15.83,15.83,10.168991,0
2008-10-21,15.55,15.55,15.55,15.55,9.989122,0
2008-10-22,14.77,14.77,14.77,14.77,9.488061,0
2008-10-23,14.26,14.26,14.26,14.26,9.160441,0
2008-10-24,13.12,13.12,13.12,13.12,8.428123,0
2008-10-27,11.51,11.51,11.51,11.51,7.393877,0
2008-10-28,13.1,13.1,13.1,13.1,8.415276,0
2008-10-29,13.21,13.21,13.21,13.21,8.485938,0
2008-10-30,14.39,14.39,14.39,14.39,9.243955,0
2008-10-31,14.03,14.03,14.03,14.03,9.012695,0
2008-11-03,14.41,14.41,14.41,14.41,9.256803,0
2008-11-04,14.45,14.45,14.45,14.45,9.282496,0
2008-11-05,14.9,14.9,14.9,14.9,9.571571,0
2008-11-06,13.87,13.87,13.87,13.87,8.909913,0
2008-11-07,14.33,14.33,14.33,14.33,9.205409,0
2008-11-10,14.83,14.83,14.83,14.83,9.526605,0
2008-11-11,14.13,14.13,14.13,14.13,9.076931,0
2008-11-12,14.02,14.02,14.02,14.02,9.00627,0
2008-11-13,13.3,13.3,13.3,13.3,8.543753,0
2008-11-14,13.63,13.63,13.63,13.63,8.755737,0
2008-11-17,13.61,13.61,13.61,13.61,8.74289,0
2008-11-18,13,13,13,13,8.351037,0
2008-11-19,12.94,12.94,12.94,12.94,8.312491,0
2008-11-20,12.42,12.42,12.42,12.42,7.978452,0
2008-11-21,12.78,12.78,12.78,12.78,8.209708,0
2008-11-24,12.58,12.58,12.58,12.58,8.081232,0
2008-11-25,13.01,13.01,13.01,13.01,8.357459,0
2008-11-26,13.52,13.52,13.52,13.52,8.685077,0
2008-11-27,13.7,13.7,13.7,13.7,8.800707,0
2008-11-28,14.04,14.04,14.04,14.04,9.01912,0
2008-12-01,14.27,14.27,14.27,14.27,9.166869,0
2008-12-02,13.56,13.56,13.56,13.56,8.710773,0
2008-12-03,13.75,13.75,13.75,13.75,8.832823,0
2008-12-04,13.67,13.67,13.67,13.67,8.781436,0
2008-12-05,14.01,14.01,14.01,14.01,8.999846,0
2008-12-08,15.21,15.21,15.21,15.21,9.770713,0
2008-12-09,14.92,14.92,14.92,14.92,9.58442,0
2008-12-10,15.74,15.74,15.74,15.74,10.111177,0
2008-12-11,15.78,15.78,15.78,15.78,10.136872,0
2008-12-12,14.92,14.92,14.92,14.92,9.58442,0
2008-12-15,15.21,15.21,15.21,15.21,9.770713,0
2008-12-16,15.29,15.29,15.29,15.29,9.822102,0
2008-12-17,15.63,15.63,15.63,15.63,10.040514,0
2008-12-18,15.66,15.66,15.66,15.66,10.059784,0
2008-12-19,15.29,15.29,15.29,15.29,9.822102,0
2008-12-22,14.78,14.78,14.78,14.78,9.494483,0
2008-12-23,14.38,14.38,14.38,14.38,9.237528,0
2008-12-24,14.34,14.34,14.34,14.34,9.211835,0
2008-12-29,14.49,14.49,14.49,14.49,9.308192,0
2008-12-30,14.39,14.39,14.39,14.39,9.243955,0
2008-12-31,14.55,14.55,14.55,14.55,9.346737,0
2009-01-02,0,15.18,14.56,15.18,9.75144,11309458
2009-01-05,15.6,15.72,15.26,15.72,10.098328,14537000
2009-01-06,15.8,15.86,15.52,15.6,10.021242,13285740
2009-01-07,15.96,15.98,15.14,15.18,9.75144,11504170
2009-01-08,14.98,14.98,14.5,14.6,9.378854,21987270
2009-01-09,14.64,14.86,14.44,14.56,9.35316,11225760
2009-01-12,14.4,14.44,14.04,14.16,9.096205,11443060
2009-01-13,14,14.3,13.8,13.86,8.903489,18756200
2009-01-14,13.98,14.18,13.8,13.9,8.929184,14594060
2009-01-15,13.3,13.48,13.06,13.42,8.620838,26369520
2009-01-16,13.46,13.6,13.26,13.38,8.59514,12926880
2009-01-19,13.58,13.7,13.24,13.48,8.65938,9863109
2009-01-20,13,13.34,12.94,13.08,8.402426,22945810
2009-01-21,12.9,12.92,12.58,12.7,8.158319,23988600
2009-01-22,12.9,13.06,12.8,12.82,8.235408,17724060
2009-01-23,12.7,12.88,12.6,12.72,8.171166,12493890
2009-01-29,13.52,13.6,13.22,13.28,8.530902,16173380
2009-01-30,13,13.5,13,13.4,8.607991,14438960
2009-02-02,13.4,13.4,12.88,13.02,8.363884,17094000
2009-02-03,13.16,13.24,12.88,12.92,8.299645,9494901
2009-02-04,0,13.28,13.12,13.2,8.47951,8064769
2009-02-05,13.26,13.66,13.16,13.32,8.556599,18075350
2009-02-06,13.66,13.82,13.44,13.76,8.83925,14166360
2009-02-09,14,14.04,13.7,13.9,8.929184,17771870
2009-02-10,13.88,14.14,13.82,13.98,8.980574,15702480
2009-02-11,13.7,13.78,13.5,13.7,8.800707,10275240
2009-02-12,13.68,13.68,13.34,13.4,8.607991,13890670
2009-02-13,13.5,13.76,13.44,13.68,8.78786,7314123
2009-02-16,13.68,13.68,13.4,13.54,8.697923,5219589
2009-02-17,13.46,13.46,13.06,13.06,8.38958,17827140
2009-02-18,12.892,13.22,12.86,13.16,8.453816,12066260
2009-02-19,13,13.22,12.92,13.18,8.466665,4114938
2009-02-20,12.88,13,12.8,12.9,8.286796,19147750
2009-02-23,12.92,13.4,12.92,13.34,8.569448,19808680
2009-02-24,12.92,12.96,12.76,12.92,8.299645,21090640
2009-02-25,13.08,13.3,12.98,13.12,8.428123,11473020
2009-02-26,13.12,13.22,12.8,13.04,8.376729,9714300
2009-02-27,0,13.18,12.94,12.98,8.338184,6516160
2009-03-02,0,12.62,12.24,12.38,7.952754,34117375
2009-03-03,12.1,12.36,12.04,12.2,7.837126,17469860
2009-03-04,12.02,12.56,12.02,12.48,8.016994,15532510
2009-03-05,12.6,12.6,12.32,12.36,7.939907,16024070
2009-03-06,12.12,12.32,12.12,12.18,7.824276,9737117
2009-03-09,12.1,12.2,11.72,11.72,7.528781,28315520
2009-03-10,11.8,11.96,11.74,11.94,7.670104,30418290
2009-03-11,12.34,12.38,12.1,12.1,7.772887,20703840
2009-03-12,12.1,12.24,12.04,12.16,7.81143,8632305
2009-03-13,12.54,12.68,12.46,12.68,8.145471,17046670
2009-03-16,12.76,13.16,12.76,13.1,8.415276,31516960
2009-03-17,13.1,13.38,13,13,8.351037,25757080
2009-03-18,0,13.36,13.2,13.3,8.543753,17382963
2009-03-19,0,13.36,13.12,13.24,8.505207,27790261
2009-03-20,13.24,13.28,12.94,12.98,8.338184,18887680
2009-03-23,13.14,13.66,13.08,13.64,8.762165,27976320
2009-03-24,0,14.16,13.7,14.08,9.044812,35829045
2009-03-25,13.98,14.1,13.76,13.82,8.877792,12827310
2009-03-26,0,14.32,14,14.28,9.173289,17117977
2009-03-27,14.4,14.4,14.12,14.3,9.186138,19175060
2009-03-30,14.2,14.2,13.62,13.66,8.775011,14735230
2009-03-31,13.8,13.9,13.64,13.8,8.864943,17937300
2009-04-01,13.754,13.98,13.64,13.7,8.800707,9703213
2009-04-02,14.06,14.76,14.06,14.72,9.455942,24929820
2009-04-03,14.6,14.82,14.58,14.72,9.455942,21089220
2009-04-06,0,15.34,14.96,15.22,9.777135,20315528
2009-04-07,15.189,15.2,14.96,15.14,9.725743,17315960
2009-04-08,0,14.9,14.46,14.64,9.404551,17435731
2009-04-09,14.9,15.16,14.88,15.08,9.687201,14217040
2009-04-14,15.3,15.78,15.3,15.74,10.111177,16889940
2009-04-15,15.4,15.88,15.4,15.86,10.188264,11581850
2009-04-16,16.1,16.200001,15.7,15.76,10.124025,21316550
2009-04-17,15.76,16.16,15.76,15.82,10.162564,15134740
2009-04-20,15.6,16.1,15.6,15.94,10.239653,8816986
2009-04-21,15.34,15.58,15.3,15.52,9.969852,14382470
2009-04-22,15.54,15.62,15.04,15.08,9.687201,18768650
2009-04-23,15.1,15.46,15.1,15.44,9.918461,8640033
2009-04-24,15.44,15.6,15.28,15.5,9.957004,9908708
2009-04-27,15.36,15.36,15.04,15.08,9.687201,13731690
2009-04-28,15.3,15.32,14.66,14.78,9.494483,16115110
2009-04-29,14.78,15.04,14.78,15.02,9.648658,9623181
2009-04-30,0,15.68,15.26,15.58,10.008395,32173179
2009-05-04,15.74,16.5,15.74,16.48,10.586542,29819980
2009-05-05,0,16.68,16.360001,16.540001,10.625088,21148228
2009-05-06,16.42,17,16.34,16.940001,10.882044,26223220
2009-05-07,0,17.4,16.959999,17.299999,11.113298,29015299
2009-05-08,17.200001,17.559999,17.08,17.5,11.24178,22041500
2009-05-11,17.5,17.799999,17.120001,17.200001,11.049064,19495840
2009-05-12,17.200001,17.360001,17,17.280001,11.100454,84810340
2009-05-13,0,17.5,17.139999,17.139999,11.010518,39528263
2009-05-14,16.620001,16.76,16.48,16.620001,10.676477,53367780
2009-05-15,16.98,17.040001,16.84,16.9,10.856344,11233110
2009-05-18,16.6,17.200001,16.440001,17.139999,11.010518,11187480
2009-05-19,17.5,17.74,17.5,17.68,11.357409,10168710
2009-05-20,17.700001,17.780001,17.540001,17.6,11.306016,7809114
2009-05-21,17.5,17.58,17.34,17.360001,11.151844,6990480
2009-05-22,17.299999,17.459999,16.879999,17.24,11.074757,19686380
2009-05-25,17.24,17.48,17,17.32,11.126149,12164150
2009-05-26,17.32,17.5,17.200001,17.24,11.074757,11205080
2009-05-27,0,18.26,17.5,18.16,11.665756,30649514
2009-05-29,18.16,18.5,18.08,18.440001,11.845624,9743050
2009-06-01,18.6,19.16,18.58,19.120001,12.282443,16907080
2009-06-02,0,19.120001,18.559999,18.639999,11.9741,13034991
2009-06-03,0,19.24,18.76,18.84,12.102579,22121562
2009-06-04,18.620001,18.799999,18.379999,18.74,12.03834,19246010
2009-06-05,18.74,18.940001,18.66,18.879999,12.128272,6711330
2009-06-08,18.639999,18.9,18.48,18.5,11.884165,26045900
2009-06-09,18.5,18.780001,17.92,18.32,11.768536,14853840
2009-06-10,18.459999,19.08,18.459999,19.040001,12.231057,11658090
2009-06-11,19,19.16,18.799999,19.059999,12.243902,20476150
2009-06-12,19.200001,19.42,18.940001,19.16,12.308142,10811230
2009-06-15,19,19.139999,18.68,18.74,12.03834,12138110
2009-06-16,18.4,18.58,18.1,18.42,11.832772,21044710
2009-06-17,18.4,18.540001,18.1,18.34,11.781385,28538150
2009-06-18,18.219999,18.379999,17.98,18.08,11.614362,12447120
2009-06-19,18.4,18.4,18.08,18.24,11.717146,4312679
2009-06-22,18.219999,18.74,18.219999,18.4,11.819929,7690207
2009-06-23,17.84,18,17.68,17.879999,11.485887,16111560
2009-06-24,17.9,18.24,17.799999,18.219999,11.704296,16933780
2009-06-25,18.34,18.700001,18.34,18.620001,11.96125,9808130
2009-06-26,18.76,19.040001,18.68,18.92,12.153966,14528340
2009-06-29,18.879999,19,18.76,18.860001,12.115424,11837410
2009-06-30,19.200001,19.200001,18.719999,18.76,12.051187,9477973
2009-07-02,19,19.059999,18.34,18.459999,11.858471,6988627
2009-07-03,18.360001,18.559999,18.200001,18.5,11.884165,8773583
2009-07-06,18.4,18.58,18.200001,18.26,11.729991,7823791
2009-07-07,18.280001,18.48,18.120001,18.18,11.678601,9035485
2009-07-08,17.959999,18.16,17.799999,18.059999,11.601515,12061720
2009-07-09,18.059999,18.18,17.84,18.120001,11.640058,9763493
2009-07-10,18.120001,18.18,17.940001,18,11.562974,8763116
2009-07-13,17.9,17.9,17.52,17.6,11.306016,14418310
2009-07-14,18,18.299999,17.92,18.200001,11.691448,16816520
2009-07-15,18.4,18.68,18.360001,18.620001,11.96125,14490950
2009-07-16,19,19.08,18.620001,18.66,11.986948,11964120
2009-07-17,18.9,19.219999,18.780001,19.16,12.308142,12991020
2009-07-20,19.360001,19.860001,19.280001,19.84,12.744966,20955420
2009-07-21,19.700001,19.9,19.68,19.860001,12.757812,26591680
2009-07-22,20,20,19.58,19.620001,12.603641,18651280
2009-07-23,19.719999,20.200001,19.719999,20.15,12.944104,13254870
2009-07-24,20.299999,20.35,20,20.35,13.07258,20402810
2009-07-27,20.4,20.75,20.4,20.6,13.23318,12839810
2009-07-28,20.6,21.049999,20.4,20.9,13.425896,13510470
2009-07-29,20.75,20.9,20.1,20.450001,13.136823,22526920
2009-07-30,20.450001,20.700001,20.299999,20.549999,13.201056,5684192
2009-07-31,20.85,21.1,20.799999,20.9,13.425896,15785340
2009-08-03,20.799999,21.15,20.75,21.1,13.554376,16345170
2009-08-04,21.5,21.5,21.049999,21.1,13.554376,16112540
2009-08-05,21.1,21.35,20.75,20.799999,13.361653,14127740
2009-08-06,20.799999,21.25,20.65,21.25,13.650734,23246370
2009-08-07,21.1,21.1,20.6,20.700001,13.297421,14265160
2009-08-10,20.9,21.4,20.9,21.25,13.650734,10986620
2009-08-11,21.200001,21.4,21.049999,21.35,13.714972,8473087
2009-08-12,21.1,21.1,20.700001,20.799999,13.361653,12021210
2009-08-13,21.1,21.299999,21.1,21.200001,13.618609,14015710
2009-08-14,21.35,21.35,20.9,21.15,13.586493,6745373
2009-08-17,21,21,20.35,20.5,13.168941,14653100
2009-08-18,20.5,20.799999,20.25,20.65,13.265297,11387220
2009-08-19,20.549999,20.700001,20.15,20.299999,13.040462,16545130
2009-08-20,20.35,20.9,20.35,20.700001,13.297421,14898880
2009-08-21,20.799999,20.799999,20.35,20.6,13.23318,13184870
2009-08-24,21.1,21.1,20.799999,20.9,13.425896,6019634
2009-08-25,20.700001,20.85,20.450001,20.799999,13.361653,6361416
2009-08-26,20.799999,20.950001,20.75,20.799999,13.361653,5257172
2009-08-27,20.6,20.75,20.5,20.6,13.23318,4727330
2009-08-28,20.85,20.85,20.299999,20.450001,13.136823,4690930
2009-08-31,20.4,20.4,19.940001,20.1,12.911986,10790330
2009-09-01,20.35,20.35,20.1,20.200001,12.976225,9073325
2009-09-02,19.959999,19.98,19.76,19.879999,12.770658,9839583
2009-09-03,20,20.200001,19.940001,20.1,12.911986,5661068
2009-09-04,20.200001,20.799999,20.1,20.700001,13.297421,7144508
2009-09-07,20.700001,21.1,20.700001,21,13.490134,8746530
2009-09-08,20.799999,21.549999,20.799999,21.450001,13.779212,15747880
2009-09-09,21.5,21.5,21.25,21.299999,13.68285,14868180
2009-09-10,21.5,21.75,21.4,21.450001,13.779212,12523640
2009-09-11,21.6,21.75,21.35,21.549999,13.843446,13196310
2009-09-14,21.5,21.5,21.25,21.4,13.747087,4778167
2009-09-15,21.450001,21.5,21.25,21.35,13.714972,1360612
2009-09-16,21.4,21.9,21.4,21.799999,14.004045,11531720
2009-09-17,22,22.4,22,22.200001,14.261001,21774880
2009-09-18,22.049999,22.25,21.950001,22.1,14.196761,5983498
2009-09-21,22.049999,22.25,21.9,21.950001,14.100402,3507531
2009-09-22,21.950001,22.200001,21.950001,22.200001,14.261001,3482599
2009-09-23,22.15,22.200001,21.950001,22.049999,14.164639,4195215
2009-09-24,22,22,21.4,21.549999,13.843446,10522530
2009-09-25,21.1,21.549999,21.1,21.5,13.811327,7696857
2009-09-28,21.200001,21.299999,20.950001,21.049999,13.522254,5455441
2009-09-29,21.299999,21.549999,21.299999,21.450001,13.779212,4584541
2009-09-30,21.5,21.549999,21.200001,21.4,13.747087,5489380
2009-10-02,20.799999,20.9,20.75,20.799999,13.361653,7998055
2009-10-05,20.700001,20.9,20.700001,20.85,13.393777,13071390
2009-10-06,20.9,21.299999,20.9,21.299999,13.68285,9007834
2009-10-07,21.549999,21.85,21.4,21.75,13.971928,5888675
2009-10-08,21.799999,22,21.75,22,14.132523,7128429
2009-10-09,22,22.049999,21.9,22,14.132523,5465333
2009-10-12,22,22.049999,21.700001,21.75,13.971928,5526246
2009-10-13,21.9,22.200001,21.9,22,14.132523,17149680
2009-10-14,22,22.4,22,22.4,14.389475,7172767
2009-10-15,22.6,22.75,22.4,22.5,14.453716,11168300
2009-10-16,22.549999,22.65,22.35,22.4,14.389475,4898470
2009-10-19,22.049999,22.75,22.049999,22.65,14.550074,8481713
2009-10-20,22.700001,22.9,22.700001,22.85,14.678549,8331598
2009-10-21,22.799999,22.85,22.65,22.75,14.614309,7174618
2009-10-22,22.700001,22.700001,22.450001,22.700001,14.582193,11852280
2009-10-23,22.799999,23.1,22.799999,23.049999,14.80703,12674610
2009-10-27,22.5,22.75,22.5,22.700001,14.582193,6394001
2009-10-28,22.65,22.65,22.200001,22.25,14.293115,14017540
2009-10-29,21.5,21.5,21.200001,21.4,13.747087,19255060
2009-10-30,21.9,22.049999,21.799999,21.85,14.036165,16905230
2009-11-02,21.200001,21.75,21.200001,21.75,13.971928,11803930
2009-11-03,22,22,21.299999,21.299999,13.68285,6263552
2009-11-04,21.6,21.85,21.4,21.700001,13.939805,7279242
2009-11-05,21.5,21.6,21.450001,21.5,13.811327,4396647
2009-11-06,21.950001,22.049999,21.9,21.950001,14.100402,5951993
2009-11-09,22.200001,22.35,22.049999,22.35,14.357357,4875745
2009-11-10,22.6,22.65,22.299999,22.35,14.357357,10403300
2009-11-11,22.65,22.75,22.4,22.700001,14.582193,11551830
2009-11-12,22.75,22.85,22.450001,22.5,14.453716,5746332
2009-11-13,22.5,22.700001,22.450001,22.65,14.550074,8200021
2009-11-16,22.700001,23.15,22.700001,23.049999,14.80703,16425420
2009-11-17,23,23.049999,22.85,23,14.774908,6763815
2009-11-18,23,23.25,22.75,22.950001,14.742789,9949103
2009-11-19,22.950001,22.950001,22.65,22.700001,14.582193,3694843
2009-11-20,22.549999,22.700001,22.5,22.549999,14.485832,7904333
2009-11-23,22.65,22.950001,22.6,22.9,14.710667,5128337
2009-11-24,22.799999,22.950001,22.5,22.6,14.517953,9696163
2009-11-25,22.6,22.799999,22.450001,22.799999,14.646434,3843677
2009-11-26,22.799999,22.799999,22.25,22.35,14.357357,9571244
2009-11-27,21.85,21.85,21.1,21.299999,13.68285,34084580
2009-11-30,21.85,22.1,21.799999,22,14.132523,24439280
2009-12-01,21.9,22.299999,21.9,22.25,14.293115,12147370
2009-12-02,22.5,22.6,22.4,22.4,14.389475,8841251
2009-12-03,22.65,22.799999,22.5,22.65,14.550074,7812244
2009-12-04,22.5,22.700001,22.35,22.700001,14.582193,3565612
2009-12-07,22.700001,22.700001,22.4,22.5,14.453716,4335219
2009-12-08,22.450001,22.450001,22.15,22.200001,14.261001,6745626
2009-12-09,22.1,22.200001,21.75,21.9,14.068287,6301639
2009-12-10,22,22.15,21.700001,21.85,14.036165,7331014
2009-12-11,22,22.35,21.9,22.1,14.196761,6262704
2009-12-14,22.1,22.4,21.700001,22.200001,14.261001,7831745
2009-12-15,22.049999,22.15,21.9,21.950001,14.100402,3725311
2009-12-16,22,22.1,21.65,21.75,13.971928,8496364
2009-12-17,21.85,21.85,21.35,21.5,13.811327,7805898
2009-12-18,21.299999,21.5,21.200001,21.299999,13.68285,11662330
2009-12-21,21.4,21.4,21.049999,21.1,13.554376,5413657
2009-12-22,21.200001,21.35,21.15,21.200001,13.618609,4666728
2009-12-23,21.299999,21.5,21.15,21.4,13.747087,6051992
2009-12-24,21.4,21.75,21.4,21.65,13.907685,3493215
2009-12-28,0,21.9,21.549999,21.6,13.875564,4143282
2009-12-29,21.65,21.75,21.5,21.6,13.875564,2496454
2009-12-30,21.700001,21.799999,21.450001,21.700001,13.939805,3120435
2009-12-31,21.75,22.049999,21.700001,22.049999,14.164639,4413882
2010-01-04,0,22.200001,21.85,21.950001,14.100402,6239719
2010-01-05,22.200001,22.450001,22.1,22.450001,14.421597,7952312
2010-01-06,22.5,22.700001,22.4,22.6,14.517953,9995657
2010-01-07,22.700001,22.700001,22.35,22.450001,14.421597,5577754
2010-01-08,22.450001,22.6,22.35,22.5,14.453716,5276296
2010-01-11,22.700001,22.85,22.5,22.6,14.517953,6478189
2010-01-12,22.6,22.65,22.299999,22.4,14.389475,5649424
2010-01-13,22.200001,22.200001,21.65,21.9,14.068287,10966750
2010-01-14,22,22.15,21.799999,21.85,14.036165,4093347
2010-01-15,21.9,21.950001,21.700001,21.75,13.971928,4150191
2010-01-18,21.6,21.799999,21.450001,21.6,13.875564,6957523
2010-01-19,21.700001,21.85,21.5,21.799999,14.004045,6903721
2010-01-20,21.799999,21.799999,21.299999,21.4,13.747087,13918030
2010-01-21,21.299999,21.450001,20.950001,21,13.490134,16467130
2010-01-22,20.6,20.950001,20.35,20.950001,13.458016,34137440
2010-01-25,20.950001,20.950001,20.549999,20.75,13.329536,14430700
2010-01-26,20.75,20.75,20.200001,20.299999,13.040462,22480900
2010-01-27,20.4,20.5,20.049999,20.200001,12.976225,10325660
2010-01-28,20.299999,20.6,20.299999,20.5,13.168941,8286605
2010-01-29,20.25,20.5,20.049999,20.25,13.008342,13750950
2010-02-01,20.049999,20.4,19.98,20.4,13.104698,15372850
2010-02-02,20.549999,20.700001,20.299999,20.450001,13.136823,5339298
2010-02-03,20.65,20.950001,20.450001,20.85,13.393777,7480593
2010-02-04,20.48,20.48,20.48,20.48,13.156096,0
2010-02-05,20,20,19.82,19.860001,12.757812,22382059
2010-02-08,19.860001,19.959999,19.6,19.74,12.680727,11042500
2010-02-09,19.6,20.049999,19.6,19.92,12.796356,9055665
2010-02-10,20.049999,20.15,19.84,20.1,12.911986,10579433
2010-02-11,20.15,20.5,20.15,20.450001,13.136823,5518549
2010-02-12,20.4,20.6,20.299999,20.450001,13.136823,4125741
2010-02-17,20.85,20.9,20.6,20.700001,13.297421,5962988
2010-02-18,20.799999,20.799999,20.5,20.549999,13.201056,3394881
2010-02-19,20.450001,20.450001,20,20.049999,12.879866,7359889
2010-02-22,20.5,20.65,20.4,20.5,13.168941,6781363
2010-02-23,20.450001,20.9,20.25,20.75,13.329536,8154156
2010-02-24,20.549999,20.75,20.5,20.65,13.265297,4197999
2010-02-25,20.65,20.799999,20.35,20.549999,13.201056,6464339
2010-02-26,20.6,20.85,20.6,20.799999,13.361653,5381179
2010-03-01,20.950001,21.200001,20.950001,21.200001,13.618609,11754547
2010-03-02,20.9,21.15,20.9,21.1,13.554376,6980948
2010-03-03,21.15,21.200001,21,21.049999,13.522254,6267048
2010-03-04,21.1,21.200001,20.700001,20.75,13.329536,3637631
2010-03-05,21.1,21.1,20.799999,20.950001,13.458016,3233569
2010-03-08,21.200001,21.450001,21.200001,21.35,13.714972,7225334
2010-03-09,21.35,21.450001,21.25,21.4,13.747087,12199955
2010-03-10,21.4,21.5,21.299999,21.4,13.747087,14829634
2010-03-11,21.450001,21.5,21.200001,21.4,13.747087,19322375
2010-03-12,21.299999,21.450001,21.299999,21.35,13.714972,5128681
2010-03-15,21.4,21.4,21.1,21.299999,13.68285,5659053
2010-03-16,21.1,21.4,21.1,21.200001,13.618609,3599422
2010-03-17,21.4,21.65,21.35,21.6,13.875564,5442208
2010-03-18,21.549999,21.65,21.450001,21.5,13.811327,3568246
2010-03-19,21.5,21.6,21.450001,21.5,13.811327,8515826
2010-03-22,21.25,21.25,21.049999,21.15,13.586493,5711996
2010-03-23,21,21.450001,21,21.200001,13.618609,7824853
2010-03-24,21.200001,21.450001,21.15,21.25,13.650734,7054510
2010-03-25,20.950001,21,20.85,20.950001,13.458016,9594728
2010-03-26,20.799999,21.35,20.799999,21.200001,13.618609,6561868
2010-03-29,21.299999,21.549999,21.299999,21.450001,13.779212,4963084
2010-03-30,21.450001,21.700001,21.35,21.549999,13.843446,8179362
2010-03-31,21.5,21.65,21.450001,21.450001,13.779212,11731242
2010-04-01,21.799999,21.799999,21.6,21.799999,14.004045,7608769
2010-04-07,21.9,22.15,21.9,22.1,14.196761,11780794
2010-04-08,22.1,22.15,22,22.049999,14.164639,10386988
2010-04-09,22.15,22.5,22.15,22.4,14.389475,9660958
2010-04-12,22.5,22.549999,22.35,22.4,14.389475,15758990
2010-04-13,22.4,22.5,22.200001,22.35,14.357357,10612275
2010-04-14,22.450001,22.450001,22.25,22.35,14.357357,12424538
2010-04-15,22.450001,22.549999,22.299999,22.35,14.357357,6678302
2010-04-16,22.299999,22.35,22,22.1,14.196761,8817095
2010-04-19,21.9,21.9,21.5,21.65,13.907685,12998092
2010-04-20,21.65,21.85,21.65,21.799999,14.004045,16964948
2010-04-21,21.799999,21.950001,21.65,21.700001,13.939805,7870709
2010-04-22,21.6,21.700001,21.4,21.65,13.907685,4298628
2010-04-23,21.549999,21.700001,21.450001,21.5,13.811327,6378312
2010-04-26,21.799999,21.9,21.700001,21.75,13.971928,4827666
2010-04-27,21.5,21.65,21.4,21.450001,13.779212,11796759
2010-04-28,21,21.299999,21,21.200001,13.618609,8635874
2010-04-29,21.200001,21.25,20.85,20.9,13.425896,8356489
2010-04-30,21.1,21.25,21,21.25,13.650734,13614145
2010-05-03,21,21.049999,20.9,20.950001,13.458016,6514240
2010-05-04,21.049999,21.15,20.85,20.9,13.425896,7288202
2010-05-05,20.6,20.65,20.4,20.5,13.168941,17256602
2010-05-06,20.4,20.5,20.049999,20.35,13.07258,18944803
2010-05-07,19.9,20.25,19.9,20.1,12.911986,26520669
2010-05-10,20.35,20.700001,20.200001,20.65,13.265297,12197553
2010-05-11,20.6,20.6,20.15,20.35,13.07258,8322703
2010-05-12,20.4,20.450001,20.200001,20.4,13.104698,4134705
2010-05-13,20.200001,20.75,20.5,20.6,13.23318,8032523
2010-05-14,20.35,20.6,20.299999,20.35,13.07258,9016278
2010-05-17,20.049999,20.049999,19.82,19.92,12.796356,16982192
2010-05-18,19.700001,20.25,19.92,20.200001,12.976225,6910237
2010-05-19,19.98,20.1,19.84,19.879999,12.770658,10543224
2010-05-20,19.9,20.049999,19.58,19.879999,12.770658,16935158
2010-05-24,19.799999,20.049999,19.780001,19.959999,12.822051,10814588
2010-05-25,19.780001,19.780001,19.299999,19.32,12.410921,18733375
2010-05-26,19.52,19.58,19.360001,19.52,12.539401,19301548
2010-05-27,19.5,19.92,19.360001,19.82,12.732118,9236379
2010-05-28,20.15,20.35,20.049999,20.1,12.911986,27133043
2010-05-31,20.1,20.200001,19.98,20.1,12.911986,8846048
2010-06-01,20.1,20.200001,19.82,19.860001,12.757812,11361008
2010-06-02,19.860001,20.049999,19.76,19.84,12.744966,12309250
2010-06-03,20.1,20.25,20.1,20.15,12.944104,3767818
2010-06-04,20.049999,20.200001,20.049999,20.200001,12.976225,3702911
2010-06-07,19.700001,19.76,19.58,19.74,12.680727,6256311
2010-06-08,19.780001,19.879999,19.719999,19.860001,12.757812,5523698
2010-06-09,19.860001,20.200001,19.76,20.049999,12.879866,6441719
2010-06-10,19.9,20.1,19.9,20.049999,12.879866,4142235
2010-06-11,20.35,20.4,20.200001,20.25,13.008342,7634825
2010-06-14,20.450001,20.5,20.4,20.450001,13.136823,4489066
2010-06-15,20.35,20.549999,20.299999,20.5,13.168941,10026850
2010-06-17,20.5,20.6,20.450001,20.549999,13.201056,6373753
2010-06-18,20.5,20.75,20.5,20.65,13.265297,12246777
2010-06-21,20.85,21.35,20.75,21.35,13.714972,20860227
2010-06-22,21,21.35,21,21.25,13.650734,17831590
2010-06-23,21.15,21.25,21.049999,21.25,13.650734,11197513
2010-06-24,21.25,21.299999,21.049999,21.049999,13.522254,3248773
2010-06-25,21,21.15,20.9,21.049999,13.522254,5165687
2010-06-28,21.15,21.25,21.049999,21.15,13.586493,10807334
2010-06-29,21.15,21.15,20.549999,20.6,13.23318,8268690
2010-06-30,20.4,20.6,20.4,20.549999,13.201056,7273967
2010-07-02,20.5,20.6,20.15,20.25,13.008342,6601794
2010-07-05,20.049999,20.35,20.049999,20.200001,12.976225,3348741
2010-07-06,20.25,20.450001,20.15,20.450001,13.136823,5826732
2010-07-07,20.450001,20.450001,20.1,20.25,13.008342,3214483
2010-07-08,20.549999,20.65,20.35,20.4,13.104698,8377500
2010-07-09,20.549999,20.85,20.450001,20.799999,13.361653,8690083
2010-07-12,21,21,20.75,20.9,13.425896,3528576
2010-07-13,20.9,20.950001,20.799999,20.799999,13.361653,12649716
2010-07-14,21.15,21.15,20.950001,21,13.490134,4730006
2010-07-15,21,21.1,20.6,20.65,13.265297,17013965
2010-07-16,20.700001,20.700001,20.549999,20.65,13.265297,5185433
2010-07-19,20.4,20.549999,20.35,20.450001,13.136823,6163731
2010-07-20,20.5,20.85,20.4,20.65,13.265297,7407461
2010-07-21,20.75,20.950001,20.700001,20.950001,13.458016,4498311
2010-07-22,20.9,21.049999,20.799999,21,13.490134,3959491
2010-07-23,21.200001,21.299999,21.1,21.25,13.650734,9720253
2010-07-26,21.35,21.450001,21.25,21.25,13.650734,7947889
2010-07-27,21.299999,21.450001,21.200001,21.4,13.747087,9813889
2010-07-28,21.35,21.65,21.299999,21.549999,13.843446,13238417
2010-07-29,21.450001,21.6,21.35,21.549999,13.843446,6663032
2010-07-30,21.549999,21.549999,21.35,21.4,13.747087,6742809
2010-08-02,21.6,21.9,21.6,21.799999,14.004045,9643363
2010-08-03,22,22,21.799999,21.9,14.068287,7854005
2010-08-04,21.9,22.1,21.85,21.950001,14.100402,16565286
2010-08-05,22,22.049999,21.9,22,14.132523,7070022
2010-08-06,22,22.200001,21.9,22.1,14.196761,13167792
2010-08-09,22,22.25,22,22.200001,14.261001,8032574
2010-08-10,22.049999,22.200001,21.85,21.85,14.036165,6341387
2010-08-11,21.85,22.1,21.65,21.75,13.971928,7265399
2010-08-12,21.25,21.5,21.25,21.5,13.811327,15265734
2010-08-13,21.5,21.6,21.4,21.450001,13.779212,11925528
2010-08-16,21.4,21.65,21.4,21.5,13.811327,4375251
2010-08-17,21.5,21.6,21.4,21.549999,13.843446,4819623
2010-08-18,21.549999,21.700001,21.4,21.450001,13.779212,13092096
2010-08-19,21.6,21.75,21.4,21.5,13.811327,4791280
2010-08-20,21.450001,21.450001,21.25,21.4,13.747087,5600225
2010-08-23,21.299999,21.5,21.25,21.35,13.714972,4414850
2010-08-24,21.200001,21.4,21.049999,21.1,13.554376,5547017
2010-08-25,21.1,21.1,20.9,21,13.490134,5270929
2010-08-26,21,21.1,21,21.1,13.554376,7370854
2010-08-27,20.950001,21.15,20.950001,21,13.490134,12391243
2010-08-30,21.299999,21.299999,21.1,21.15,13.586493,4512882
2010-08-31,21,21.049999,20.799999,20.9,13.425896,7341686
2010-09-01,21,21.1,20.950001,21.049999,13.522254,5056299
2010-09-02,21.299999,21.450001,21.299999,21.4,13.747087,6837611
2010-09-03,21.4,21.549999,21.299999,21.5,13.811327,4915456
2010-09-06,21.700001,21.9,21.6,21.9,14.068287,11444706
2010-09-07,21.9,21.950001,21.799999,21.950001,14.100402,9735499
2010-09-08,21.700001,21.75,21.549999,21.6,13.875564,9950068
2010-09-09,21.6,21.85,21.6,21.700001,13.939805,10328002
2010-09-10,21.799999,21.9,21.6,21.799999,14.004045,5563497
2010-09-13,21.9,22.25,21.9,22.25,14.293115,27861655
2010-09-14,22.25,22.35,22.200001,22.25,14.293115,17297764
2010-09-15,22.299999,22.35,22.15,22.299999,14.325238,12642705
2010-09-16,22.299999,22.299999,22.049999,22.25,14.293115,7785620
2010-09-17,22.25,22.549999,22.25,22.5,14.453716,15063663
2010-09-20,22.5,22.6,22.4,22.5,14.453716,8654878
2010-09-21,22.6,22.65,22.5,22.6,14.517953,6341912
2010-09-22,22.799999,22.799999,22.549999,22.6,14.517953,12439290
2010-09-24,22.549999,22.75,22.5,22.700001,14.582193,7353605
2010-09-27,22.950001,23,22.85,22.9,14.710667,9090069
2010-09-28,22.700001,22.950001,22.65,22.65,14.550074,18475741
2010-09-29,22.799999,23,22.799999,22.950001,14.742789,13897731
2010-09-30,23,23,22.75,22.950001,14.742789,17909884
2010-10-04,23.1,23.299999,23.1,23.15,14.871267,31437945
2010-10-05,23.049999,23.25,23.049999,23.15,14.871267,22598655
2010-10-06,23.5,23.6,23.4,23.5,15.096103,35458102
2010-10-07,23.5,23.549999,23.4,23.450001,15.063986,20371437
2010-10-08,23.450001,23.65,23.4,23.5,15.096103,12388530
2010-10-11,23.75,23.9,23.700001,23.799999,15.288815,10885928
2010-10-12,23.65,23.799999,23.5,23.700001,15.224584,27393448
2010-10-13,23.85,24.1,23.6,24.049999,15.449415,31484547
2010-10-14,24.25,24.450001,24.15,24.4,15.674253,41058648
2010-10-15,24.299999,24.450001,24.200001,24.35,15.642133,34029361
2010-10-18,24.299999,24.299999,24,24.049999,15.449415,27629659
2010-10-19,24.1,24.35,24.1,24.35,15.642133,19258919
2010-10-20,24.15,24.25,23.9,24.15,15.513655,30300468
2010-10-21,24.25,24.35,24,24.25,15.577891,23664080
2010-10-22,24.200001,24.25,24.049999,24.049999,15.449415,20293600
2010-10-25,24.049999,24.4,24.049999,24.200001,15.545774,21999534
2010-10-26,24.25,24.299999,24.1,24.15,15.513655,36510833
2010-10-27,24.15,24.299999,23.700001,23.75,15.256701,24232193
2010-10-28,23.85,23.85,23.700001,23.799999,15.288815,10256420
2010-10-29,23.85,23.85,23.700001,23.15,14.871267,25656801
2010-11-01,23.299999,23.799999,23.299999,23.799999,15.288815,17165272
2010-11-02,23.700001,23.799999,23.6,23.75,15.256701,5546807
2010-11-03,23.85,24.299999,23.75,24.25,15.577891,21181527
2010-11-04,24.5,24.65,24.35,24.6,15.802728,34156600
2010-11-05,25,25.049999,24.799999,25,16.059683,26552377
2010-11-08,24.9,25.1,24.85,25.1,16.12392,14042854
2010-11-09,25,25.049999,24.75,24.9,15.995442,16300436
2010-11-10,24.75,24.85,24.549999,24.65,15.834848,16918371
2010-11-11,24.700001,25,24.6,24.85,15.963326,16174296
2010-11-12,24.6,24.75,24.299999,24.35,15.642133,12259623
2010-11-15,24.450001,24.5,24.1,24.15,15.513655,26512831
2010-11-16,24.200001,24.200001,23.65,23.799999,15.288815,20587233
2010-11-17,23.65,23.75,23.299999,23.35,14.999746,29448776
2010-11-18,23.549999,23.799999,23.450001,23.75,15.256701,27355687
2010-11-19,23.799999,23.85,23.35,23.75,15.256701,19609388
2010-11-22,23.700001,23.799999,23.549999,23.700001,15.224584,7573450
2010-11-23,23.6,23.6,23,23.049999,14.80703,26223607
2010-11-24,23.200001,23.35,23.1,23.200001,14.903383,20710256
2010-11-25,23.25,23.450001,23.15,23.200001,14.903383,27853073
2010-11-26,23.200001,23.299999,22.9,23,14.774908,13829079
2010-11-29,23,23.35,22.950001,23.35,14.999746,6511031
2010-11-30,23.299999,23.35,23,23.200001,14.903383,22335306
2010-12-01,23.200001,23.5,23,23.4,15.031863,27214357
2010-12-02,23.799999,23.799999,23.549999,23.6,15.160339,8527782
2010-12-03,23.75,23.799999,23.450001,23.549999,15.12822,10006267
2010-12-06,23.6,23.799999,23.35,23.35,14.999746,11386122
2010-12-07,23.299999,23.65,23.25,23.6,15.160339,12577970
2010-12-08,23.5,23.549999,23.1,23.200001,14.903383,13480866
2010-12-09,23.25,23.450001,23.200001,23.299999,14.967623,7106858
2010-12-10,23.25,23.4,23.1,23.35,14.999746,11476551
2010-12-13,23.4,23.65,23.35,23.5,15.096103,9839711
2010-12-14,23.549999,23.6,23.450001,23.6,15.160339,4260704
2010-12-15,23.450001,23.5,23,23.049999,14.80703,22840813
2010-12-16,23.200001,23.200001,22.700001,22.799999,14.646434,26222160
2010-12-17,22.9,22.9,22.65,22.85,14.678549,19231088
2010-12-20,22.85,22.9,22.5,22.799999,14.646434,7231430
2010-12-21,22.950001,23.25,22.85,23.200001,14.903383,15575338
2010-12-22,23.200001,23.35,23.15,23.200001,14.903383,13552723
2010-12-23,23.299999,23.299999,23,23.049999,14.80703,6070457
2010-12-24,23.049999,23.1,22.9,23,14.774908,2870044
2010-12-28,23.049999,22.9,22.65,22.799999,14.646434,9000928
2010-12-29,22.799999,23.15,22.799999,23.15,14.871267,6698289
2010-12-30,23.15,23.35,23.049999,23.15,14.871267,13233348
2010-12-31,23.299999,23.299999,23.200001,23.200001,14.903383,4154490
2011-01-03,23.299999,23.6,23.200001,23.6,15.160339,21561971
2011-01-04,23.700001,23.85,23.549999,23.799999,15.288815,12997265
2011-01-05,23.799999,23.950001,23.700001,23.9,15.353061,8289258
2011-01-06,23.950001,24,23.85,23.950001,15.385176,8618627
2011-01-07,23.9,24.049999,23.799999,23.950001,15.385176,7886104
2011-01-10,23.85,24,23.6,23.65,15.192461,8622709
2011-01-11,23.85,24.049999,23.700001,23.950001,15.385176,9991526
2011-01-12,24,24.35,23.950001,24.299999,15.610015,12812516
2011-01-13,24.5,24.549999,24.35,24.4,15.674253,16001104
2011-01-14,24.6,24.6,24.35,24.450001,15.706371,5167690
2011-01-17,24.450001,24.549999,24.25,24.35,15.642133,7939750
2011-01-18,24.35,24.6,24.25,24.35,15.642133,14151661
2011-01-19,24.5,24.6,24.4,24.549999,15.770608,8327958
2011-01-20,24.450001,24.450001,24.1,24.15,15.513655,12789820
2011-01-21,24.049999,24.299999,24,24.049999,15.449415,8249340
2011-01-24,24.1,24.1,23.9,23.950001,15.385176,6125554
2011-01-25,24,24.200001,23.9,23.950001,15.385176,5770444
2011-01-26,24.1,24.15,23.799999,24,15.417295,5568308
2011-01-27,24,24.200001,23.85,23.950001,15.385176,8489766
2011-01-28,23.950001,23.950001,23.700001,23.75,15.256701,10294660
2011-01-31,23.6,23.700001,23.450001,23.65,15.192461,13406869
2011-02-01,23.65,23.700001,23.549999,23.65,15.192461,9196766
2011-02-02,24.059999,24.059999,24.059999,24.059999,15.455837,0
2011-02-07,24.049999,24.15,23.65,23.700001,15.224584,6319173
2011-02-08,23.75,23.799999,23.5,23.6,15.160339,12186281
2011-02-09,23.65,23.700001,23.200001,23.299999,14.967623,19670624
2011-02-10,23.299999,23.299999,22.799999,22.85,14.678549,57079365
2011-02-11,22.9,23,22.549999,23,14.774908,36722455
2011-02-14,23,23.35,23,23.25,14.935506,19107963
2011-02-15,23.25,23.25,23,23.049999,14.80703,14521198
2011-02-16,23.1,23.35,22.950001,23.299999,14.967623,11597020
2011-02-17,23.35,23.5,23.200001,23.450001,15.063986,10146834
2011-02-18,23.5,23.799999,23.4,23.75,15.256701,23113482
2011-02-21,23.65,23.75,23.6,23.65,15.192461,8078437
2011-02-22,23.4,23.4,23.049999,23.15,14.871267,22237204
2011-02-23,23.1,23.200001,22.950001,23.1,14.839152,10332965
2011-02-24,23,23.200001,22.700001,22.75,14.614309,13513834
2011-02-25,22.85,23.299999,22.85,23.200001,14.903383,14841379
2011-02-28,23.15,23.6,23,23.549999,15.12822,20232639
2011-03-01,23.5,23.65,23.4,23.6,15.160339,23047916
2011-03-02,23.25,23.35,23.049999,23.15,14.871267,15857444
2011-03-03,23.25,23.5,23.200001,23.299999,14.967623,13008846
2011-03-04,23.5,23.700001,23.5,23.6,15.160339,14299092
2011-03-07,23.299999,23.65,23.299999,23.450001,15.063986,11219850
2011-03-08,23.5,23.9,23.35,23.9,15.353061,18748851
2011-03-09,24,24.15,23.950001,24,15.417295,21719481
2011-03-10,23.950001,23.950001,23.700001,23.75,15.256701,21540303
2011-03-11,23.549999,23.700001,23.25,23.4,15.031863,21948929
2011-03-14,23.4,23.5,23.200001,23.5,15.096103,9571253
2011-03-15,23.4,23.4,22.35,22.85,14.678549,71622048
2011-03-16,22.9,23,22.700001,22.9,14.710667,37737188
2011-03-17,22.5,22.700001,22.299999,22.5,14.453716,27104651
2011-03-18,22.700001,22.700001,22.5,22.549999,14.485832,15231448
2011-03-21,22.65,22.9,22.549999,22.9,14.710667,15867284
2011-03-22,22.950001,23.15,22.85,23,14.774908,13105734
2011-03-23,23,23.049999,22.9,23.049999,14.80703,5628839
2011-03-24,23.1,23.299999,23.049999,23.15,14.871267,10639387
2011-03-25,23.4,23.4,23.299999,23.35,14.999746,10385702
2011-03-28,23.299999,23.5,23.200001,23.299999,14.967623,13643523
2011-03-29,23.299999,23.4,23.200001,23.299999,14.967623,10528147
2011-03-30,23.35,23.75,23.35,23.65,15.192461,21494746
2011-03-31,23.799999,23.85,23.700001,23.75,15.256701,27423930
2011-04-01,23.799999,24.049999,23.700001,24,15.417295,26759029
2011-04-04,24.049999,24.4,24.049999,24.35,15.642133,41037815
2011-04-06,24.35,24.6,24.299999,24.5,15.738492,35464148
2011-04-07,24.6,24.6,24.4,24.549999,15.770608,35454716
2011-04-08,24.5,24.700001,24.35,24.65,15.834848,22329682
2011-04-11,24.65,24.700001,24.450001,24.549999,15.770608,31202165
2011-04-12,24.450001,24.450001,24.15,24.200001,15.545774,30989464
2011-04-13,24.25,24.450001,24.1,24.4,15.674253,20303443
2011-04-14,24.25,24.299999,24.15,24.200001,15.545774,12852675
2011-04-15,24.25,24.5,24.1,24.200001,15.545774,10780568
2011-04-18,24.1,24.4,23.950001,24.049999,15.449415,8513223
2011-04-19,23.799999,23.85,23.65,23.75,15.256701,17843865
2011-04-20,24,24.15,23.85,24.1,15.48153,11415051
2011-04-21,24.35,24.450001,24.25,24.4,15.674253,9489754
2011-04-26,24.200001,24.299999,24.049999,24.25,15.577891,8286234
2011-04-27,24.4,24.549999,24.049999,24.15,15.513655,11515490
2011-04-28,24.200001,24.25,23.85,23.950001,15.385176,13136342
2011-04-29,23.950001,23.950001,23.75,23.799999,15.288815,16433389
2011-05-03,23.950001,24.049999,23.700001,23.75,15.256701,12150503
2011-05-04,23.6,23.65,23.299999,23.4,15.031863,18355968
2011-05-05,23.4,23.450001,23.299999,23.4,15.031863,18120585
2011-05-06,23.200001,23.35,23.1,23.299999,14.967623,16273733
2011-05-09,23.4,23.549999,23.35,23.5,15.096103,20397605
2011-05-11,23.700001,23.700001,23.35,23.5,15.096103,12737004
2011-05-12,23.299999,23.299999,23.15,23.25,14.935506,19540900
2011-05-13,23.299999,23.549999,23.1,23.549999,15.12822,16950622
2011-05-16,23.299999,23.4,23.1,23.200001,14.903383,46876319
2011-05-17,23.1,23.200001,22.950001,23.1,14.839152,24522719
2011-05-18,23.15,23.35,23.15,23.25,14.935506,11790609
2011-05-19,23.35,23.549999,23.25,23.450001,15.063986,9525472
2011-05-20,23.5,23.549999,23.4,23.5,15.096103,13838494
2011-05-23,23.25,23.25,22.9,23,14.774908,22427590
2011-05-24,23,23.1,22.950001,23.049999,14.80703,18744837
2011-05-25,22.950001,23.1,22.799999,23.049999,14.80703,13949364
2011-05-26,23.15,23.299999,23.1,23.15,14.871267,8596769
2011-05-27,23.200001,23.5,23.200001,23.450001,15.063986,16425921
2011-05-30,23.4,23.6,23.35,23.5,15.096103,16598604
2011-05-31,23.6,24.049999,23.6,24.049999,15.449415,31260417
2011-06-01,24,24.049999,23.9,23.950001,15.385176,39389299
2011-06-02,23.549999,23.700001,23.549999,23.6,15.160339,20878000
2011-06-03,23.6,23.700001,23.299999,23.35,14.999746,12325664
2011-06-07,23.200001,23.35,23.15,23.25,14.935506,7808390
2011-06-08,23.25,23.25,22.950001,23.049999,14.80703,15126644
2011-06-09,23.049999,23.049999,22.75,23,14.774908,29363582
2011-06-10,23,23.049999,22.700001,22.799999,14.646434,28001456
2011-06-13,22.6,22.9,22.5,22.9,14.710667,18614508
2011-06-14,22.75,23.1,22.700001,22.9,14.710667,10030942
2011-06-15,22.950001,23,22.700001,22.75,14.614309,17302712
2011-06-16,22.5,22.549999,22.299999,22.4,14.389475,37199836
2011-06-17,22.299999,22.450001,22.049999,22.15,14.228879,33743612
2011-06-20,22.25,22.35,21.9,22.049999,14.164639,25310036
2011-06-21,22.200001,22.35,22.1,22.299999,14.325238,11878197
2011-06-22,22.4,22.5,22.25,22.299999,14.325238,20378417
2011-06-23,22.25,22.4,22.049999,22.200001,14.261001,15930195
2011-06-24,22.200001,22.6,22.200001,22.6,14.517953,14337677
2011-06-27,22.35,22.549999,22.299999,22.5,14.453716,16932915
2011-06-28,22.5,22.65,22.35,22.549999,14.485832,11647841
2011-06-29,22.75,22.75,22.450001,22.5,14.453716,20075457
2011-06-30,22.65,22.950001,22.6,22.85,14.678549,20134001
2011-07-04,23.200001,23.299999,23.15,23.25,14.935506,15726194
2011-07-05,23.25,23.299999,23.15,23.25,14.935506,13842879
2011-07-06,23.15,23.200001,22.9,23,14.774908,9651989
2011-07-07,23.1,23.200001,22.950001,22.950001,14.742789,21114582
2011-07-08,23.1,23.299999,23.1,23.15,14.871267,21288507
2011-07-11,23.1,23.1,22.700001,22.799999,14.646434,16204361
2011-07-12,22.6,22.6,22.049999,22.1,14.196761,38135225
2011-07-13,22.200001,22.4,22.1,22.35,14.357357,24716794
2011-07-14,22.4,22.4,22.15,22.4,14.389475,16089851
2011-07-15,22.35,22.450001,22.200001,22.299999,14.325238,12703537
2011-07-18,22.200001,22.5,22.15,22.200001,14.261001,11897678
2011-07-19,22.200001,22.4,22,22.35,14.357357,26223996
2011-07-20,22.549999,22.6,22.35,22.450001,14.421597,11359707
2011-07-21,22.549999,22.549999,22.25,22.4,14.389475,14531236
2011-07-22,22.549999,22.9,22.549999,22.9,14.710667,18291725
2011-07-25,22.75,22.799999,22.65,22.75,14.614309,5086399
2011-07-26,22.75,23.049999,22.700001,22.950001,14.742789,10383896
2011-07-27,22.9,23.1,22.9,23,14.774908,20450559
2011-07-28,22.75,23.049999,22.65,23,14.774908,13183851
2011-07-29,23,23.1,22.700001,22.85,14.678549,9777350
2011-08-01,23.200001,23.299999,23.1,23.15,14.871267,14290157
2011-08-02,23.049999,23.1,22.799999,22.85,14.678549,14648302
2011-08-03,22.450001,22.5,22.299999,22.450001,14.421597,37316145
2011-08-04,22.5,22.549999,22.15,22.299999,14.325238,31496682
2011-08-05,21.549999,21.549999,21.049999,21.35,13.714972,99458489
2011-08-08,21,21.049999,20.450001,20.950001,13.458016,61652778
2011-08-09,19.98,20.65,19.299999,19.76,12.693575,120695171
2011-08-10,20.549999,20.549999,20,20.200001,12.976225,37974375
2011-08-11,19.700001,20.200001,19.700001,20.049999,12.879866,35569265
2011-08-12,20.299999,20.4,20,20.049999,12.879866,39217583
2011-08-15,20.299999,20.700001,20.299999,20.700001,13.297421,52935889
2011-08-16,20.75,20.85,20.549999,20.65,13.265297,31562199
2011-08-17,20.700001,21,20.65,20.75,13.329536,14429257
2011-08-18,20.549999,20.799999,20.4,20.4,13.104698,16275965
2011-08-19,20,20.1,19.76,19.84,12.744966,40862881
2011-08-22,19.799999,20.15,19.5,19.940001,12.809206,20106534
2011-08-23,19.940001,20.35,19.860001,20.299999,13.040462,11235668
2011-08-24,20.35,20.35,19.92,19.940001,12.809206,10937963
2011-08-25,20.15,20.299999,20.1,20.200001,12.976225,26297742
2011-08-26,20.15,20.4,20,20,12.847746,17564271
2011-08-29,20.200001,20.4,20.200001,20.35,13.07258,10707143
2011-08-30,20.65,20.85,20.549999,20.700001,13.297421,14952598
2011-08-31,20.700001,21.049999,20.65,21,13.490134,19574378
2011-09-01,21.200001,21.5,21,21.049999,13.522254,21856684
2011-09-02,20.85,21.049999,20.65,20.700001,13.297421,13697543
2011-09-05,20.35,20.35,20,20.15,12.944104,20553646
2011-09-06,20,20.25,19.780001,20.200001,12.976225,20886091
2011-09-07,20.4,20.6,20.299999,20.549999,13.201056,13777130
2011-09-08,20.700001,20.700001,20.35,20.450001,13.136823,11633211
2011-09-09,20.5,20.700001,20.35,20.4,13.104698,8548537
2011-09-12,19.6,19.6,19.6,19.6,12.59079,0
2011-09-14,19.74,19.860001,19.200001,19.66,12.629333,46050873
2011-09-15,19.879999,19.879999,19.5,19.799999,12.71927,15138677
2011-09-16,20.1,20.25,20,20.049999,12.879866,18630874
2011-09-19,19.799999,19.799999,19.42,19.459999,12.500856,17297199
2011-09-20,19.6,19.66,19.32,19.620001,12.603641,13667138
2011-09-21,19.440001,19.620001,19.280001,19.379999,12.449464,15778843
2011-09-22,18.9,18.9,18.440001,18.5,11.884165,38288472
2011-09-23,18.200001,18.42,17.98,18.24,11.717146,30484489
2011-09-26,18.24,18.32,17.58,17.98,11.550124,23667274
2011-09-27,18.379999,18.700001,18.34,18.700001,12.012643,29205416
2011-09-28,18.6,18.66,18.4,18.58,11.935557,39317373
2011-09-30,18.5,18.540001,18.040001,18.139999,11.652908,35572097
2011-10-03,17.799999,17.799999,17.299999,17.379999,11.164693,32151744
2011-10-04,17.200001,17.459999,16.74,16.82,10.804956,25303862
2011-10-06,17.42,17.780001,17.42,17.76,11.4088,29719232
2011-10-07,18,18.379999,18,18.280001,11.742844,27417520
2011-10-10,18.299999,18.5,18,18.299999,11.755687,20150198
2011-10-11,18.860001,19.02,18.620001,18.719999,12.02549,20261299
2011-10-12,18.48,18.98,18.379999,18.92,12.153966,12969590
2011-10-13,19.200001,19.379999,19,19.360001,12.43662,17936712
2011-10-14,19.1,19.280001,18.940001,19.059999,12.243902,11473948
2011-10-17,19.4,19.5,19.26,19.440001,12.488011,11476658
2011-10-18,18.92,19.02,18.52,18.620001,11.96125,16782921
2011-10-19,18.940001,19.02,18.780001,18.879999,12.128272,6857591
2011-10-20,18.76,18.76,18.360001,18.58,11.935557,15775503
2011-10-21,18.6,18.68,18.52,18.639999,11.9741,7302575
2011-10-24,19,19.459999,19,19.379999,12.449464,17012659
2011-10-25,19.379999,19.6,19.379999,19.540001,12.55225,12792664
2011-10-26,19.4,19.719999,19.32,19.66,12.629333,16736538
2011-10-27,19.6,20.35,19.6,20.25,13.008342,41608618
2011-10-28,20.700001,20.85,20.549999,20.65,13.265297,39358360
2011-10-31,20.1,20.299999,19.799999,19.959999,12.822051,14609168
2011-11-01,19.6,19.799999,19.4,19.440001,12.488011,16268911
2011-11-02,19.200001,19.879999,19.1,19.860001,12.757812,15003487
2011-11-03,19.559999,19.639999,19.200001,19.299999,12.398074,16649842
2011-11-04,20,20.1,19.879999,19.940001,12.809206,23346708
2011-11-07,20.049999,20.1,19.719999,19.76,12.693575,5782869
2011-11-08,19.9,20.049999,19.780001,19.799999,12.71927,6313611
2011-11-09,20.200001,20.299999,20.049999,20.1,12.911986,9768031
2011-11-10,19.299999,19.32,19.02,19.040001,12.231057,23662440
2011-11-11,19.24,19.32,19.120001,19.24,12.359532,9844280
2011-11-14,19.700001,19.780001,19.620001,19.66,12.629333,13417394
2011-11-15,19.4,19.52,19.32,19.42,12.475162,7337918
2011-11-16,19.58,19.58,18.860001,19.02,12.218205,18419986
2011-11-17,18.74,19.059999,18.74,18.9,12.141119,10728776
2011-11-18,18.68,18.68,18.48,18.6,11.948405,11523937
2011-11-21,18.4,18.42,18.139999,18.34,11.781385,15760221
2011-11-22,18.440001,18.48,18.120001,18.360001,11.794229,10232689
2011-11-23,18.280001,18.280001,17.959999,17.98,11.550124,19092364
2011-11-24,17.82,18.139999,17.799999,18.08,11.614362,9629209
2011-11-25,17.879999,17.940001,17.719999,17.82,11.447341,6410185
2011-11-28,18.26,18.26,18.08,18.18,11.678601,13022441
2011-11-29,18.34,18.5,18.16,18.379999,11.80708,14213928
2011-11-30,18.34,18.34,17.98,18.1,11.627211,10822090
2011-12-01,19.08,19.200001,19.02,19.16,12.308142,17482232
2011-12-02,19.1,19.32,19.040001,19.219999,12.346682,9185012
2011-12-05,19.040001,19.34,19.040001,19.34,12.423776,7792435
2011-12-06,19.1,19.139999,18.940001,19.08,12.256751,7214377
2011-12-07,19.200001,19.42,19.139999,19.379999,12.449464,6109016
2011-12-08,19.219999,19.280001,19.1,19.26,12.372381,3825379
2011-12-09,18.860001,18.959999,18.620001,18.700001,12.012643,13522504
2011-12-12,19,19.08,18.620001,18.68,11.999796,21218410
2011-12-13,18.52,18.620001,18.42,18.6,11.948405,6663802
2011-12-14,18.4,18.620001,18.4,18.48,11.871316,2898498
2011-12-15,18.299999,18.299999,18.02,18.18,11.678601,15087196
2011-12-16,18.200001,18.559999,18.16,18.459999,11.858471,9231075
2011-12-19,18.200001,18.26,17.940001,18.219999,11.704296,13794214
2011-12-20,18.200001,18.440001,18.120001,18.219999,11.704296,6521122
2011-12-21,18.620001,18.66,18.42,18.540001,11.909863,11833521
2011-12-22,18.5,18.540001,18.379999,18.52,11.89701,4220247
2011-12-23,18.719999,18.799999,18.719999,18.780001,12.064037,10634162
2011-12-28,18.700001,18.719999,18.6,18.66,11.986948,10259629
2011-12-29,18.540001,18.559999,18.42,18.52,11.89701,17906013
2011-12-30,18.6,18.68,18.559999,18.58,11.935557,11717061
2012-01-03,19,19.040001,18.9,19.02,12.218205,7413484
2012-01-04,19.02,19.08,18.860001,18.9,12.141119,16617291
2012-01-05,19,19.02,18.9,19,12.205357,13039191
2012-01-06,18.92,18.940001,18.639999,18.74,12.03834,16093831
2012-01-09,18.74,19.1,18.459999,19.08,12.256751,12007378
2012-01-10,19.1,19.280001,19.059999,19.16,12.308142,11968458
2012-01-11,19.200001,19.360001,19.120001,19.34,12.423776,6888851
2012-01-12,19.299999,19.459999,19.24,19.280001,12.385229,6481147
2012-01-13,19.34,19.42,19.24,19.379999,12.449464,8484872
2012-01-16,19.24,19.24,19.139999,19.16,12.308142,4007681
2012-01-17,19.299999,19.84,19.299999,19.799999,12.71927,24117677
2012-01-18,19.82,19.92,19.780001,19.879999,12.770658,18198272
2012-01-19,19.98,20.15,19.959999,20.15,12.944104,17654982
2012-01-20,20.25,20.35,20.1,20.25,13.008342,22253904
2012-01-26,20.6,20.65,20.5,20.6,13.23318,21940039
2012-01-27,20.5,20.799999,20.5,20.65,13.265297,25934879
2012-01-30,20.6,20.700001,20.35,20.35,13.07258,25678071
2012-01-31,20.35,20.700001,20.35,20.5,13.168941,23492613
2012-02-01,20.549999,20.75,20.450001,20.549999,13.201056,14379605
2012-02-02,20.85,20.950001,20.75,20.9,13.425896,24064649
2012-02-03,20.9,21,20.799999,20.9,13.425896,23116068
2012-02-06,21.1,21.15,20.799999,20.9,13.425896,14642646
2012-02-07,20.9,21.049999,20.85,20.85,13.393777,28637134
2012-02-08,21,21.25,20.9,21.200001,13.618609,23198966
2012-02-09,21.1,21.25,20.950001,21.200001,13.618609,25045022
2012-02-10,21,21.15,20.85,20.950001,13.458016,9310283
2012-02-13,20.9,21.15,20.85,21.1,13.554376,9686085
2012-02-14,21,21.1,20.950001,21.1,13.554376,17776811
2012-02-15,21.1,21.65,21.1,21.6,13.875564,27519846
2012-02-16,21.4,21.5,21.35,21.450001,13.779212,11592650
2012-02-17,21.549999,21.75,21.549999,21.65,13.907685,16712817
2012-02-20,21.85,21.950001,21.549999,21.6,13.875564,12584191
2012-02-21,21.5,21.700001,21.35,21.65,13.907685,17410396
2012-02-22,21.35,21.75,21.35,21.75,13.971928,12126118
2012-02-23,21.6,21.65,21.5,21.6,13.875564,8388740
2012-02-24,21.65,21.700001,21.5,21.549999,13.843446,11927222
2012-02-27,21.6,21.799999,21.200001,21.4,13.747087,36746448
2012-02-28,21.450001,21.799999,21.450001,21.799999,14.004045,23296126
2012-02-29,21.799999,21.950001,21.700001,21.85,14.036165,13581058
2012-03-01,21.799999,21.85,21.5,21.6,13.875564,14931505
2012-03-02,21.75,21.85,21.700001,21.799999,14.004045,9739735
2012-03-05,21.75,21.75,21.35,21.35,13.714972,8483761
2012-03-06,21.35,21.35,20.950001,21,13.490134,15400281
2012-03-07,20.700001,20.950001,20.700001,20.799999,13.361653,23470497
2012-03-08,20.950001,21.1,20.85,21.1,13.554376,6372173
2012-03-09,21.200001,21.450001,21.1,21.299999,13.68285,16878752
2012-03-12,21.200001,21.4,21.1,21.35,13.714972,20545713
2012-03-13,21.5,21.65,21.5,21.549999,13.843446,11205306
2012-03-14,21.799999,21.9,21.5,21.549999,13.843446,26650497
2012-03-15,21.6,21.65,21.4,21.6,13.875564,14969686
2012-03-16,21.6,21.700001,21.5,21.6,13.875564,7528719
2012-03-20,21.4,21.4,21,21.15,13.586493,16483635
2012-03-21,21.25,21.25,21,21.15,13.586493,14305806
2012-03-22,21,21.25,21,21.15,13.586493,15272540
2012-03-23,21,21,20.799999,20.9,13.425896,17170078
2012-03-26,20.9,21.049999,20.799999,20.950001,13.458016,15978950
2012-03-27,21.200001,21.35,21.15,21.35,13.714972,9280792
2012-03-28,21.4,21.4,21.049999,21.15,13.586493,12907460
2012-03-29,21.049999,21.049999,20.75,20.85,13.393777,10699633
2012-03-30,20.6,20.799999,20.6,20.799999,13.361653,11711659
2012-04-02,20.85,20.9,20.65,20.75,13.329536,9923766
2012-04-03,20.85,21.1,20.799999,21.049999,13.522254,12370179
2012-04-05,20.6,20.950001,20.6,20.85,13.393777,13112346
2012-04-10,20.75,20.75,20.549999,20.6,13.23318,15386937
2012-04-11,20.5,20.5,20.25,20.4,13.104698,12727009
2012-04-12,20.5,20.6,20.35,20.6,13.23318,23001102
2012-04-13,20.85,21.049999,20.799999,21,13.490134,18138190
2012-04-16,20.799999,20.9,20.75,20.9,13.425896,9681560
2012-04-17,20.9,20.9,20.65,20.85,13.393777,7231312
2012-04-18,21.049999,21.15,21,21.1,13.554376,9604331
2012-04-19,20.950001,21.299999,20.950001,21.299999,13.68285,9703812
2012-04-20,21.299999,21.4,21.15,21.25,13.650734,6538028
2012-04-23,21.25,21.25,20.85,20.9,13.425896,9593230
2012-04-24,20.9,21.049999,20.75,20.950001,13.458016,13568826
2012-04-25,20.950001,21.049999,20.799999,20.950001,13.458016,12433355
2012-04-26,21.049999,21.15,20.9,21.1,13.554376,9658639
2012-04-27,21.1,21.1,20.700001,20.9,13.425896,10514670
2012-04-30,21,21.299999,21,21.25,13.650734,7613603
2012-05-02,21.35,21.549999,21.35,21.5,13.811327,14994657
2012-05-03,21.4,21.4,21.299999,21.4,13.747087,7817614
2012-05-04,21.299999,21.299999,21.15,21.25,13.650734,7388091
2012-05-07,20.799999,20.799999,20.6,20.65,13.265297,27850418
2012-05-08,20.85,20.85,20.5,20.65,13.265297,8331928
2012-05-09,20.5,20.5,20.35,20.450001,13.136823,15920001
2012-05-10,20.4,20.5,20.200001,20.35,13.07258,43334820
2012-05-11,20.200001,20.200001,20,20.1,12.911986,37216538
2012-05-14,20.200001,20.200001,19.84,19.860001,12.757812,30398924
2012-05-15,19.799999,20.049999,19.76,20.049999,12.879866,48809969
2012-05-16,19.92,19.92,19.32,19.42,12.475162,60541261
2012-05-17,19.559999,19.620001,19.299999,19.4,12.462311,31281265
2012-05-18,19.1,19.18,18.780001,19.139999,12.295295,25478988
2012-05-21,19.139999,19.200001,19.02,19.16,12.308142,9226443
2012-05-22,19.280001,19.42,19.200001,19.26,12.372381,16672111
2012-05-23,19,19.08,18.860001,18.98,12.192512,44225659
2012-05-24,18.940001,19.08,18.860001,18.9,12.141119,15817443
2012-05-25,18.9,19.040001,18.799999,18.959999,12.179666,18726150
2012-05-28,18.959999,19.120001,18.92,19.059999,12.243902,17756468
2012-05-29,19,19.32,19,19.299999,12.398074,11290232
2012-05-30,19.24,19.24,18.860001,18.959999,12.179666,30683057
2012-05-31,18.700001,19,18.68,18.98,12.192512,35274401
2012-06-01,18.879999,19.059999,18.799999,18.940001,12.166816,4869668
2012-06-04,18.6,18.6,18.379999,18.5,11.884165,22510081
2012-06-05,18.5,18.719999,18.5,18.58,11.935557,4659359
2012-06-06,18.700001,18.98,18.700001,18.98,12.192512,12257647
2012-06-07,19.299999,19.299999,19.040001,19.08,12.256751,8900981
2012-06-08,19.08,19.120001,18.860001,18.9,12.141119,10614895
2012-06-11,19.299999,19.42,19.299999,19.379999,12.449464,14336952
2012-06-12,19.139999,19.379999,19.120001,19.32,12.410921,3786317
2012-06-13,19.299999,19.48,19.219999,19.48,12.513704,10042187
2012-06-14,19.379999,19.459999,19.299999,19.32,12.410921,2632838
2012-06-15,19.42,19.799999,19.42,19.780001,12.70642,10715821
2012-06-18,20.049999,20.1,19.92,19.940001,12.809206,12494426
2012-06-19,19.940001,20,19.84,19.92,12.796356,9326121
2012-06-20,20,20.1,19.959999,20,12.847746,17362280
2012-06-21,20,20.049999,19.780001,19.780001,12.70642,14113161
2012-06-22,19.440001,19.6,19.440001,19.5,12.52655,11474084
2012-06-25,19.5,19.58,19.34,19.4,12.462311,8450619
2012-06-26,19.379999,19.52,19.379999,19.5,12.52655,3306879
2012-06-27,19.459999,19.74,19.4,19.700001,12.655028,9171702
2012-06-28,19.799999,19.82,19.48,19.52,12.539401,8455332
2012-06-29,19.52,20.049999,19.5,19.959999,12.822051,12205626
2012-07-03,20.1,20.299999,20.1,20.25,13.008342,15962232
2012-07-04,20.299999,20.35,20.200001,20.200001,12.976225,13494596
2012-07-05,20.200001,20.4,20.1,20.35,13.07258,7037131
2012-07-06,20.299999,20.35,20.200001,20.299999,13.040462,8585107
2012-07-09,20.1,20.25,19.9,19.940001,12.809206,19557726
2012-07-10,20,20.049999,19.860001,19.9,12.783508,5487449
2012-07-11,19.799999,19.98,19.74,19.940001,12.809206,6968291
2012-07-12,19.9,19.9,19.48,19.52,12.539401,13744376
2012-07-13,19.58,19.66,19.52,19.58,12.577946,6104112
2012-07-16,19.66,19.700001,19.540001,19.6,12.59079,4278863
2012-07-17,19.620001,20,19.620001,19.959999,12.822051,13036818
2012-07-18,19.860001,19.9,19.620001,19.74,12.680727,5351796
2012-07-19,19.799999,20.15,19.799999,20.1,12.911986,8386519
2012-07-20,20.1,20.15,20,20.15,12.944104,9590231
2012-07-23,19.84,19.84,19.459999,19.540001,12.55225,13473021
2012-07-24,19.52,19.620001,19.34,19.360001,12.43662,14986599
2012-07-25,19.280001,19.459999,19.18,19.379999,12.449464,8285330
2012-07-26,19.440001,19.459999,19.299999,19.4,12.462311,16626196
2012-07-27,19.620001,19.860001,19.620001,19.799999,12.71927,13996857
2012-07-30,19.9,20.15,19.9,20.15,12.944104,21825722
2012-07-31,20.15,20.4,20.1,20.299999,13.040462,63931118
2012-08-01,20.15,20.450001,20.15,20.299999,13.040462,47445852
2012-08-02,20.299999,20.299999,20.15,20.25,13.008342,37563338
2012-08-03,20.1,20.200001,19.92,20.200001,12.976225,54464318
2012-08-06,20.5,20.65,20.5,20.5,13.168941,34025091
2012-08-07,20.5,20.65,20.5,20.6,13.23318,40316070
2012-08-08,20.700001,20.75,20.5,20.549999,13.201056,12405997
2012-08-09,20.65,20.85,20.65,20.799999,13.361653,20654863
2012-08-10,20.6,20.799999,20.549999,20.65,13.265297,16702468
2012-08-13,20.65,20.700001,20.549999,20.6,13.23318,16459874
2012-08-14,20.65,20.85,20.6,20.85,13.393777,37850625
2012-08-15,20.700001,20.700001,20.549999,20.6,13.23318,21785646
2012-08-16,20.700001,20.75,20.450001,20.5,13.168941,18394174
2012-08-17,20.6,20.75,20.6,20.700001,13.297421,11828853
2012-08-20,20.75,20.75,20.4,20.65,13.265297,4068662
2012-08-21,20.65,20.700001,20.5,20.700001,13.297421,4484588
2012-08-22,20.5,20.549999,20.4,20.450001,13.136823,3029897
2012-08-23,20.450001,20.75,20.450001,20.700001,13.297421,8967045
2012-08-24,20.450001,20.450001,20.35,20.450001,13.136823,6544639
2012-08-27,20.549999,20.549999,20.299999,20.4,13.104698,9302205
2012-08-28,20.200001,20.4,20.200001,20.4,13.104698,13863109
2012-08-29,20.299999,20.4,20.299999,20.35,13.07258,6112152
2012-08-30,20.299999,20.299999,20.049999,20.1,12.911986,17034002
2012-08-31,20.1,20.1,19.98,20.049999,12.879866,11711557
2012-09-03,20.049999,20.200001,19.92,20.15,12.944104,17206171
2012-09-04,20.15,20.15,19.959999,19.98,12.834898,10043813
2012-09-05,19.98,19.98,19.66,19.700001,12.655028,12960985
2012-09-06,19.700001,19.84,19.68,19.84,12.744966,26285830
2012-09-07,20.1,20.5,20.049999,20.5,13.168941,23512873
2012-09-10,20.5,20.6,20.4,20.5,13.168941,13832351
2012-09-11,20.5,20.6,20.299999,20.5,13.168941,21177452
2012-09-12,20.549999,20.799999,20.549999,20.75,13.329536,35652603
2012-09-13,20.75,20.85,20.65,20.700001,13.297421,7928068
2012-09-14,21.200001,21.35,21.15,21.25,13.650734,37291746
2012-09-17,21.35,21.4,21.25,21.299999,13.68285,34756883
2012-09-18,21.299999,21.4,21.25,21.25,13.650734,22787603
2012-09-19,21.4,21.6,21.299999,21.549999,13.843446,32933973
2012-09-20,21.549999,21.549999,21.200001,21.25,13.650734,33277168
2012-09-21,21.4,21.5,21.35,21.4,13.747087,15933634
2012-09-24,21.25,21.450001,21.15,21.35,13.714972,13022793
2012-09-25,21.299999,21.450001,21.299999,21.4,13.747087,24148564
2012-09-26,21.200001,21.25,21.15,21.200001,13.618609,12535400
2012-09-27,21.35,21.549999,21.15,21.5,13.811327,20999341
2012-09-28,21.4,21.549999,21.35,21.5,13.811327,15082451
2012-10-03,21.450001,21.700001,21.4,21.5,13.811327,21899609
2012-10-04,21.5,21.6,21.450001,21.549999,13.843446,11481438
2012-10-05,21.549999,21.700001,21.549999,21.65,13.907685,12297383
2012-10-08,21.700001,21.700001,21.4,21.450001,13.779212,14723396
2012-10-09,21.549999,21.799999,21.549999,21.6,13.875564,17107690
2012-10-10,21.4,21.6,21.35,21.6,13.875564,27546860
2012-10-11,21.4,21.700001,21.4,21.65,13.907685,20007159
2012-10-12,21.65,21.9,21.65,21.799999,14.004045,61109769
2012-10-15,21.799999,21.85,21.700001,21.85,14.036165,40351756
2012-10-16,21.85,21.9,21.75,21.85,14.036165,4427945
2012-10-17,22,22.1,22,22.1,14.196761,18182297
2012-10-18,22.15,22.299999,22.1,22.200001,14.261001,17570665
2012-10-19,22.15,22.25,22.15,22.200001,14.261001,6100434
2012-10-22,22.049999,22.4,22.049999,22.4,14.389475,14350080
2012-10-24,22.200001,22.5,22.200001,22.450001,14.421597,32415705
2012-10-25,22.4,22.549999,22.4,22.5,14.453716,29081542
2012-10-26,22.5,22.5,22.200001,22.25,14.293115,20440341
2012-10-29,22.200001,22.299999,22.1,22.200001,14.261001,8104539
2012-10-30,22.200001,22.299999,22,22.1,14.196761,25722451
2012-10-31,21.75,21.85,21.65,21.799999,14.004045,24319897
2012-11-01,21.799999,22,21.65,22,14.132523,39089736
2012-11-02,22.200001,22.35,22.200001,22.35,14.357357,23782167
2012-11-05,22.299999,22.35,22.15,22.200001,14.261001,36338658
2012-11-06,22.200001,22.200001,22,22.15,14.228879,73093674
2012-11-07,22.200001,22.299999,22,22.299999,14.325238,64799350
2012-11-08,22,22.049999,21.65,21.700001,13.939805,51203350
2012-11-09,21.6,21.700001,21.450001,21.549999,13.843446,25097299
2012-11-12,21.5,21.65,21.5,21.6,13.875564,14932556
2012-11-13,21.6,21.6,21.299999,21.35,13.714972,24949514
2012-11-14,21.4,21.6,21.35,21.6,13.875564,44228013
2012-11-15,21.35,21.5,21.25,21.299999,13.68285,61952838
2012-11-16,21.4,21.4,21.25,21.25,13.650734,59439006
2012-11-19,21.299999,21.549999,21.299999,21.5,13.811327,68324602
2012-11-20,21.6,21.65,21.4,21.450001,13.779212,56713676
2012-11-21,21.450001,21.75,21.4,21.75,13.971928,58793052
2012-11-22,21.75,22,21.700001,21.950001,14.100402,41462363
2012-11-23,21.950001,22.15,21.9,22.15,14.228879,42398195
2012-11-26,22.200001,22.200001,22,22.1,14.196761,52953408
2012-11-27,22.1,22.200001,22,22.049999,14.164639,72016679
2012-11-28,22,22,21.75,21.9,14.068287,44900569
2012-11-29,22,22.200001,21.950001,22.15,14.228879,30536022
2012-11-30,22.15,22.35,22.15,22.25,14.293115,54415232
2012-12-03,22.25,22.4,21.85,21.950001,14.100402,47481917
2012-12-04,21.950001,22.049999,21.85,22,14.132523,24022978
2012-12-05,22,22.5,21.950001,22.5,14.453716,80200707
2012-12-06,22.5,22.549999,22.4,22.450001,14.421597,29156822
2012-12-07,22.4,22.6,22.4,22.4,14.389475,31144732
2012-12-10,22.450001,22.549999,22.4,22.450001,14.421597,17437639
2012-12-11,22.5,22.6,22.4,22.5,14.453716,63035034
2012-12-12,22.6,22.700001,22.549999,22.700001,14.582193,24072794
2012-12-13,22.6,22.799999,22.549999,22.65,14.550074,40245799
2012-12-14,22.6,22.85,22.6,22.85,14.678549,52069155
2012-12-17,22.65,22.799999,22.6,22.700001,14.582193,69483932
2012-12-18,22.75,22.799999,22.6,22.700001,14.582193,53947131
2012-12-19,22.85,22.9,22.700001,22.85,14.678549,44479744
2012-12-20,22.75,22.9,22.65,22.799999,14.646434,17588080
2012-12-21,22.799999,22.799999,22.6,22.700001,14.582193,33770269
2012-12-24,22.700001,22.799999,22.700001,22.700001,14.582193,13122739
2012-12-27,22.9,22.950001,22.799999,22.85,14.678549,23613703
2012-12-28,22.85,22.9,22.799999,22.9,14.710667,32858950
2012-12-31,22.75,22.9,22.75,22.85,14.678549,3799703
2013-01-02,23,23.5,23,23.5,15.096103,63390977
2013-01-03,23.5,23.6,23.4,23.549999,15.12822,125286372
2013-01-04,23.5,23.6,23.35,23.5,15.096103,61970865
2013-01-07,23.6,23.6,23.4,23.5,15.096103,23797199
2013-01-08,23.5,23.5,23.25,23.25,14.935506,14857103
2013-01-09,23.35,23.450001,23.35,23.450001,15.063986,14547062
2013-01-10,23.5,23.700001,23.35,23.6,15.160339,45238562
2013-01-11,23.65,23.700001,23.4,23.5,15.096103,55455492
2013-01-14,23.450001,23.65,23.450001,23.6,15.160339,32868018
2013-01-15,23.5,23.75,23.5,23.6,15.160339,41939431
2013-01-16,23.549999,23.6,23.35,23.549999,15.12822,28047929
2013-01-17,23.6,23.75,23.4,23.549999,15.12822,42570628
2013-01-18,23.700001,23.799999,23.65,23.799999,15.288815,72027810
2013-01-21,23.799999,23.85,23.700001,23.799999,15.288815,25321077
2013-01-22,23.65,23.9,23.65,23.799999,15.288815,23633686
2013-01-23,23.85,23.9,23.700001,23.85,15.320938,51388581
2013-01-24,23.75,23.9,23.700001,23.799999,15.288815,28219845
2013-01-25,23.799999,23.85,23.700001,23.799999,15.288815,22230057
2013-01-28,23.799999,23.950001,23.799999,23.9,15.353061,27064258
2013-01-29,23.85,23.950001,23.799999,23.9,15.353061,41314076
2013-01-30,23.9,24.15,23.9,24,15.417295,66282673
2013-01-31,24,24,23.85,23.950001,15.385176,6694644
2013-02-01,23.950001,23.950001,23.75,23.9,15.353061,18824744
2013-02-04,24,24.200001,23.799999,23.9,15.353061,34762275
2013-02-05,23.65,23.65,23.25,23.35,14.999746,30209075
2013-02-06,23.5,23.6,23.4,23.450001,15.063986,36053931
2013-02-07,23.4,23.5,23.35,23.4,15.031863,16775771
2013-02-08,23.4,23.5,23.35,23.5,15.096103,25887290
2013-02-14,23.549999,23.65,23.5,23.65,15.192461,73172822
2013-02-15,23.6,23.65,23.450001,23.65,15.192461,9464844
2013-02-18,23.65,23.65,23.5,23.6,15.160339,29563201
2013-02-19,23.6,23.65,23.299999,23.35,14.999746,66713542
2013-02-20,23.450001,23.5,23.299999,23.5,15.096103,45634013
2013-02-21,23.299999,23.299999,23,23.1,14.839152,28172367
2013-02-22,23.049999,23.049999,22.799999,23,14.774908,57776785
2013-02-25,23,23.049999,22.950001,23.049999,14.80703,32440110
2013-02-26,22.799999,22.950001,22.65,22.700001,14.582193,69844187
2013-02-27,22.75,22.85,22.6,22.799999,14.646434,21959611
2013-02-28,22.950001,23.25,22.9,23.200001,14.903383,36730176
2013-03-01,23.1,23.200001,23.049999,23.1,14.839152,15681008
2013-03-04,23,23.1,22.6,22.75,14.614309,30547484
2013-03-05,22.75,22.9,22.700001,22.75,14.614309,26516875
2013-03-06,23.049999,23.049999,22.85,22.950001,14.742789,24776567
2013-03-07,23,23.049999,22.85,23,14.774908,18285927
2013-03-08,23,23.450001,23,23.35,14.999746,33595529
2013-03-11,23.450001,23.5,23.25,23.35,14.999746,11387656
2013-03-12,23.35,23.5,23.1,23.15,14.871267,20743074
2013-03-13,23.15,23.15,22.700001,22.799999,14.646434,34666760
2013-03-14,22.6,22.9,22.5,22.85,14.678549,27388768
2013-03-15,22.85,23,22.65,22.75,14.614309,33877374
2013-03-18,22.4,22.4,22.15,22.299999,14.325238,39690591
2013-03-19,22.35,22.450001,22.200001,22.200001,14.261001,18374552
2013-03-20,22.4,22.6,22.200001,22.549999,14.485832,115427934
2013-03-21,22.6,22.65,22.450001,22.5,14.453716,11312604
2013-03-22,22.4,22.5,22.299999,22.4,14.389475,15666891
2013-03-25,22.6,22.65,22.450001,22.549999,14.485832,7337951
2013-03-26,22.5,22.65,22.35,22.6,14.517953,20605263
2013-03-27,22.700001,22.85,22.65,22.700001,14.582193,12924886
2013-03-28,22.65,22.65,22.4,22.6,14.517953,25107414
2013-04-02,22.5,22.75,22.450001,22.700001,14.582193,24623216
2013-04-03,22.75,22.75,22.549999,22.6,14.517953,11513964
2013-04-05,22.549999,22.549999,21.9,22,14.132523,59175946
2013-04-08,22,22.049999,21.85,22,14.132523,19603194
2013-04-09,22,22.25,22,22.15,14.228879,22629188
2013-04-10,22.15,22.299999,22.1,22.299999,14.325238,26316464
2013-04-11,22.4,22.549999,22.299999,22.299999,14.325238,27834866
2013-04-12,22.35,22.450001,22.299999,22.4,14.389475,37903565
2013-04-15,22.299999,22.299999,21.950001,22,14.132523,38710069
2013-04-16,21.85,22.1,21.75,21.950001,14.100402,17977424
2013-04-17,22.1,22.1,21.75,21.85,14.036165,55375471
2013-04-18,21.65,21.9,21.65,21.799999,14.004045,6467654
2013-04-19,21.85,22.35,21.75,22.35,14.357357,9215994
2013-04-22,22.299999,22.450001,22.25,22.299999,14.325238,13372599
2013-04-23,22.35,22.35,22,22.049999,14.164639,15918904
2013-04-24,22.299999,22.5,22.200001,22.5,14.453716,24344247
2013-04-25,22.549999,22.799999,22.5,22.700001,14.582193,12261322
2013-04-26,22.799999,23,22.799999,22.9,14.710667,34783623
2013-04-29,22.700001,22.799999,22.65,22.700001,14.678336,19386095
2013-04-30,22.85,23.049999,22.799999,22.85,14.775332,32549569
2013-05-02,22.75,22.9,22.700001,22.85,14.775332,31154677
2013-05-03,22.950001,23.049999,22.799999,22.85,14.775332,23778540
2013-05-06,23.049999,23.15,22.950001,23.049999,14.904657,34388310
2013-05-07,23,23.200001,23,23.15,14.969319,37758148
2013-05-08,23.299999,23.450001,23.299999,23.299999,15.066311,10113982
2013-05-09,23.299999,23.5,23.299999,23.4,15.130978,20758137
2013-05-10,23.25,23.5,23.25,23.5,15.195639,23307281
2013-05-13,23.5,23.5,23.049999,23.1,14.936988,33673203
2013-05-14,23.200001,23.35,23.049999,23.15,14.969319,8506921
2013-05-15,23.200001,23.35,23.15,23.25,15.033983,24908307
2013-05-16,23.35,23.35,23.1,23.25,15.033983,5899290
2013-05-20,23.450001,23.75,23.450001,23.700001,15.324959,25709927
2013-05-21,23.5,23.65,23.5,23.6,15.260301,9662655
2013-05-22,23.6,23.65,23.4,23.5,15.195639,13426685
2013-05-23,23.4,23.4,22.799999,22.85,14.775332,44862438
2013-05-24,22.85,23.049999,22.700001,22.9,14.807662,11215591
2013-05-27,22.700001,23,22.700001,22.950001,14.839994,6319501
2013-05-28,23,23.200001,22.9,23.200001,15.001648,9178054
2013-05-29,23.15,23.15,22.75,22.799999,14.742996,16930519
2013-05-30,22.799999,22.950001,22.549999,22.799999,14.742996,16896995
2013-05-31,22.9,22.9,22.6,22.700001,14.678336,15538851
2013-06-03,22.6,22.85,22.5,22.6,14.613675,23659689
2013-06-04,22.6,22.65,22.450001,22.6,14.613675,13381760
2013-06-05,22.5,22.5,22.200001,22.4,14.484351,29839853
2013-06-06,22.4,22.4,22.049999,22.15,14.322695,9480389
2013-06-07,22.15,22.200001,21.85,21.950001,14.193371,31465688
2013-06-10,22.049999,22.1,21.9,22,14.225702,19564384
2013-06-11,22,22.049999,21.65,21.75,14.064049,43469300
2013-06-13,21.450001,21.450001,21.1,21.4,13.837727,73353845
2013-06-14,21.5,21.65,21.4,21.450001,13.870058,44932378
2013-06-17,21.4,21.85,21.4,21.75,14.064049,17731202
2013-06-18,21.700001,21.75,21.5,21.75,14.064049,22115766
2013-06-19,21.75,21.75,21.4,21.549999,13.934718,57757936
2013-06-20,21.35,21.35,20.85,20.9,13.514418,95518291
2013-06-21,20.5,20.9,20.450001,20.799999,13.449754,69384715
2013-06-24,20.549999,20.6,20.25,20.35,13.158777,89419784
2013-06-25,20.200001,20.549999,19.92,20.4,13.191106,73978799
2013-06-26,20.6,20.9,20.4,20.9,13.514418,68526866
2013-06-27,21,21.25,20.9,21,13.579078,24489520
2013-06-28,21.1,21.35,21,21.35,13.805395,23658860
2013-07-02,21.299999,21.450001,21.15,21.200001,13.708402,24450810
2013-07-03,21.15,21.15,20.65,20.700001,13.385093,26257700
2013-07-04,20.85,21.1,20.799999,21.049999,13.611409,9395463
2013-07-05,21.15,21.450001,21.15,21.450001,13.870058,13282855
2013-07-08,21.299999,21.299999,20.75,21.15,13.676072,29163180
2013-07-09,21.15,21.35,21.1,21.25,13.740736,5879284
2013-07-10,21.4,21.6,21.15,21.450001,13.870058,18434352
2013-07-11,21.450001,22.1,21.450001,22.049999,14.258035,30341427
2013-07-12,22.049999,22.049999,21.75,21.75,14.064049,13425061
2013-07-15,21.75,21.950001,21.75,21.799999,14.096379,8868055
2013-07-16,21.799999,21.950001,21.75,21.85,14.12871,4968266
2013-07-17,21.85,22.049999,21.799999,21.950001,14.193371,22974773
2013-07-18,21.9,21.950001,21.799999,21.9,14.161039,9274831
2013-07-19,21.950001,22,21.700001,21.950001,14.193371,17048123
2013-07-22,22,22.049999,21.85,21.9,14.161039,20198021
2013-07-23,22,22.549999,22,22.450001,14.516682,51021188
2013-07-24,22.4,22.6,22.35,22.549999,14.581343,17796801
2013-07-25,22.5,22.549999,22.4,22.450001,14.516682,36457458
2013-07-26,22.450001,22.65,22.4,22.549999,14.581343,55976649
2013-07-29,22.5,22.5,22.299999,22.450001,14.516682,68331464
2013-07-30,22.35,22.6,22.35,22.5,14.549013,14685373
2013-07-31,22.4,22.65,22.4,22.4,14.484351,14138089
2013-08-01,22.4,22.75,22.4,22.65,14.646005,21553323
2013-08-02,22.799999,22.85,22.700001,22.700001,14.678336,12890731
2013-08-05,23,23,22.75,22.799999,14.742996,32307898
2013-08-06,22.6,22.6,22.35,22.450001,14.516682,23230280
2013-08-07,22.299999,22.450001,22.1,22.1,14.290367,18080631
2013-08-08,22.15,22.35,22.15,22.25,14.38736,19563859
2013-08-09,22.299999,22.4,22.25,22.299999,14.41969,8645775
2013-08-12,22.4,22.9,22.299999,22.799999,14.742996,19536248
2013-08-13,22.85,23.15,22.85,23.15,14.969319,42085705
2013-08-14,23.15,23.15,23.15,23.15,14.969319,0
2013-08-15,23,23.299999,23,23.1,14.936988,26088728
2013-08-16,23,23.25,22.85,23.1,14.936988,25985925
2013-08-19,23.1,23.15,22.950001,23,14.872327,8509207
2013-08-20,23,23.049999,22.450001,22.450001,14.516682,39277431
2013-08-21,22.5,22.5,22.15,22.4,14.484351,25118674
2013-08-22,22.15,22.549999,22.1,22.5,14.549013,22937366
2013-08-23,22.549999,22.65,22.35,22.450001,14.516682,11495106
2013-08-26,22.450001,22.75,22.450001,22.65,14.646005,19357754
2013-08-27,22.450001,22.65,22.35,22.5,14.549013,20671896
2013-08-28,22.4,22.4,22,22.15,14.322695,23525305
2013-08-29,22.15,22.299999,22.15,22.299999,14.41969,47184037
2013-08-30,22.299999,22.35,22.15,22.299999,14.41969,13090648
2013-09-02,22.5,22.9,22.5,22.85,14.775332,36690777
2013-09-03,22.9,23.15,22.9,23,14.872327,33910605
2013-09-04,22.85,23.1,22.799999,22.950001,14.839994,15896714
2013-09-05,23.200001,23.4,23.200001,23.25,15.033983,51204017
2013-09-06,23.25,23.4,23.25,23.299999,15.066311,42129400
2013-09-09,23.5,23.6,23.35,23.4,15.130978,26144465
2013-09-10,23.6,23.700001,23.5,23.6,15.260301,29307141
2013-09-11,23.700001,23.799999,23.549999,23.6,15.260301,42738077
2013-09-12,23.65,23.75,23.6,23.65,15.29263,18023353
2013-09-13,23.6,23.700001,23.5,23.6,15.260301,34164510
2013-09-16,23.85,24,23.85,24,15.518951,49653151
2013-09-17,24,24,23.799999,23.85,15.421952,47520441
2013-09-18,23.9,23.950001,23.799999,23.799999,15.38962,30760395
2013-09-19,24.1,24.35,24.1,24.200001,15.648274,52024967
2013-09-23,24.200001,24.200001,23.950001,24.1,15.583615,26967824
2013-09-24,23.950001,24.049999,23.75,23.9,15.454284,29777176
2013-09-25,23.75,24,23.75,23.9,15.454284,38332640
2013-09-26,23.799999,23.950001,23.75,23.85,15.421952,10559995
2013-09-27,23.799999,24.1,23.799999,23.9,15.454284,37869834
2013-09-30,23.700001,23.700001,23.549999,23.6,15.260301,16698862
2013-10-02,23.6,23.85,23.6,23.700001,15.324959,23352565
2013-10-03,23.700001,24,23.700001,23.950001,15.48662,17075201
2013-10-04,23.75,23.9,23.700001,23.85,15.421952,9424886
2013-10-07,23.85,23.85,23.6,23.700001,15.324959,14466879
2013-10-08,23.65,23.950001,23.6,23.950001,15.48662,5280814
2013-10-09,23.700001,23.799999,23.700001,23.799999,15.38962,5408775
2013-10-10,23.799999,23.799999,23.450001,23.700001,15.324959,19227167
2013-10-11,24,24.1,23.950001,24,15.518951,14818445
2013-10-15,24.1,24.200001,24,24.1,15.583615,15020464
2013-10-16,24,24.049999,23.799999,23.9,15.454284,13023697
2013-10-17,24.1,24.1,23.75,23.75,15.35729,9216825
2013-10-18,23.9,24.1,23.9,24.049999,15.551277,5502938
2013-10-21,24.049999,24.25,24.049999,24.15,15.615941,29625390
2013-10-22,24.049999,24.1,24,24.049999,15.551277,11439556
2013-10-23,24.15,24.25,23.700001,23.75,15.35729,27837679
2013-10-24,23.700001,23.700001,23.5,23.6,15.260301,32674553
2013-10-25,23.549999,23.6,23.35,23.450001,15.163308,27684128
2013-10-28,23.4,23.6,23.4,23.6,15.260301,8167258
2013-10-29,23.5,23.75,23.5,23.65,15.29263,12815137
2013-10-30,23.799999,24.1,23.700001,24.1,15.583615,8394931
2013-10-31,23.4,23.450001,23.299999,23.35,15.470976,16374657
2013-11-01,23.4,23.5,23.299999,23.4,15.504104,8610641
2013-11-04,23.5,23.549999,23.35,23.35,15.470976,3418870
2013-11-05,23.4,23.4,23.1,23.200001,15.371587,13799911
2013-11-06,23.35,23.35,23.1,23.15,15.338459,5055140
2013-11-07,23.15,23.15,22.950001,23,15.239076,8135835
2013-11-08,22.9,22.950001,22.799999,22.9,15.172816,10392264
2013-11-11,22.950001,23.299999,22.85,23.25,15.40472,21190928
2013-11-12,23.25,23.299999,23,23.1,15.30533,9696990
2013-11-13,23.049999,23.049999,22.6,22.65,15.007173,27716611
2013-11-14,22.799999,22.85,22.65,22.799999,15.106557,18611383
2013-11-15,22.799999,23.200001,22.799999,23.200001,15.371587,31703916
2013-11-18,23.5,23.9,23.5,23.85,15.802256,32384666
2013-11-19,23.950001,24.049999,23.799999,23.85,15.802256,14201315
2013-11-20,23.85,24.049999,23.85,23.9,15.835384,12262651
2013-11-21,23.85,23.85,23.700001,23.75,15.735999,34151939
2013-11-22,23.85,23.950001,23.85,23.85,15.802256,37143312
2013-11-25,24,24,23.85,23.950001,15.868516,17353191
2013-11-26,23.85,24,23.85,23.950001,15.868516,37351282
2013-11-27,23.950001,24.1,23.85,24,15.901645,65348884
2013-11-28,24.049999,24.25,23.9,24,15.901645,32291237
2013-11-29,24,24.1,23.950001,24.1,15.967905,28854341
2013-12-02,24.1,24.35,24,24.200001,16.034157,26855396
2013-12-03,24.049999,24.200001,24,24.1,15.967905,10161728
2013-12-04,23.799999,24,23.75,23.950001,15.868516,20682797
2013-12-05,23.799999,23.9,23.700001,23.9,15.835384,6388215
2013-12-06,23.85,24.049999,23.799999,24,15.901645,2659480
2013-12-09,24.1,24.15,23.9,24,15.901645,4268449
2013-12-10,23.9,24.049999,23.9,23.950001,15.868516,5567426
2013-12-11,23.85,23.85,23.450001,23.5,15.57036,12258964
2013-12-12,23.5,23.549999,23.299999,23.450001,15.537232,10735565
2013-12-13,23.299999,23.5,23.200001,23.450001,15.537232,10659395
2013-12-16,23.450001,23.450001,23.15,23.299999,15.437844,17861312
2013-12-17,23.35,23.4,23.15,23.25,15.40472,10161384
2013-12-18,23.25,23.4,23.15,23.35,15.470976,6762198
2013-12-19,23.549999,23.6,22.9,23.049999,15.272204,19201304
2013-12-20,23.1,23.15,22.9,23,15.239076,38644742
2013-12-23,23,23.200001,23,23.15,15.338459,31847956
2013-12-24,23.1,23.450001,23.1,23.4,15.504104,8817116
2013-12-27,23.299999,23.5,23.299999,23.450001,15.537232,9749867
2013-12-30,23.5,23.6,23.35,23.450001,15.537232,10099507
2013-12-31,23.5,23.6,23.450001,23.450001,15.537232,7622929
2014-01-02,23.549999,23.65,23.35,23.5,15.57036,7600480
2014-01-03,23.4,23.4,22.950001,23,15.239076,14565888
2014-01-06,22.950001,22.950001,22.75,22.85,15.13969,24394917
2014-01-07,22.799999,22.950001,22.799999,22.9,15.172816,13489341
2014-01-08,22.950001,23.200001,22.950001,23.200001,15.371587,28093614
2014-01-09,23.1,23.25,22.85,22.950001,15.205946,20526125
2014-01-10,22.950001,23.15,22.9,23.049999,15.272204,14179010
2014-01-13,23.049999,23.299999,22.9,23.1,15.30533,16154236
2014-01-14,22.9,23.049999,22.799999,23,15.239076,10766508
2014-01-15,23.1,23.200001,22.950001,23.1,15.30533,14982559
2014-01-16,23.1,23.25,23.1,23.200001,15.371587,4333756
2014-01-17,23.1,23.450001,23,23.35,15.470976,6460790
2014-01-20,23.35,23.35,23.049999,23.1,15.30533,20430145
2014-01-21,23.1,23.35,23.1,23.200001,15.371587,10013468
2014-01-22,23.15,23.299999,23.1,23.25,15.40472,6220873
2014-01-23,23.25,23.25,22.85,22.950001,15.205946,11899325
2014-01-24,22.799999,22.799999,22.6,22.6,14.974047,34830189
2014-01-27,22.15,22.25,22.049999,22.15,14.67589,52450885
2014-01-28,22.200001,22.200001,22.049999,22.15,14.67589,39397799
2014-01-29,22.25,22.4,22.25,22.299999,14.775278,14913125
2014-01-30,22.049999,22.200001,21.9,22.200001,14.709018,25741739
2014-02-04,21.799999,21.799999,21.549999,21.6,14.311481,72963262
2014-02-05,21.700001,21.75,21.35,21.450001,14.212091,35621359
2014-02-06,21.450001,21.6,21.450001,21.6,14.311481,17186894
2014-02-07,21.700001,21.85,21.6,21.799999,14.443994,18335652
2014-02-10,21.9,21.9,21.65,21.75,14.410867,24772266
2014-02-11,21.75,22.200001,21.75,22.15,14.67589,18938353
2014-02-12,22.200001,22.549999,22.15,22.5,14.90779,40779679
2014-02-13,22.5,22.5,22.25,22.35,14.808407,17996947
2014-02-14,22.5,22.6,22.4,22.549999,14.940916,18382267
2014-02-17,22.65,22.799999,22.65,22.65,15.007173,10047523
2014-02-18,22.75,22.799999,22.6,22.75,15.073429,5532372
2014-02-19,22.75,22.9,22.700001,22.799999,15.106557,9277767
2014-02-20,22.700001,22.9,22.450001,22.6,14.974047,41634818
2014-02-21,22.799999,22.85,22.65,22.75,15.073429,11492203
2014-02-24,22.700001,22.75,22.450001,22.549999,14.940916,6751364
2014-02-25,22.65,22.75,22.4,22.549999,14.940916,18504936
2014-02-26,22.450001,22.75,22.450001,22.65,15.007173,9293078
2014-02-27,22.75,23.1,22.700001,23.049999,15.272204,26215340
2014-02-28,23.049999,23.200001,22.9,23,15.239076,17107048
2014-03-03,22.9,22.950001,22.65,22.700001,15.040302,12120845
2014-03-04,22.65,23,22.65,22.85,15.13969,4085674
2014-03-05,23,23,22.700001,22.799999,15.106557,7782789
2014-03-06,22.85,22.950001,22.799999,22.9,15.172816,7263751
2014-03-07,22.950001,23.049999,22.799999,22.9,15.172816,4839242
2014-03-10,22.65,22.65,22.4,22.450001,14.874662,11678401
2014-03-11,22.450001,22.549999,22.4,22.450001,14.874662,6345200
2014-03-12,22.35,22.35,22.1,22.200001,14.709018,7814604
2014-03-13,22.1,22.299999,21.950001,22.049999,14.609636,24339742
2014-03-14,21.85,21.9,21.700001,21.85,14.477122,12564365
2014-03-17,21.799999,21.799999,21.65,21.75,14.410867,8607126
2014-03-18,21.799999,21.85,21.700001,21.85,14.477122,14601030
2014-03-19,21.9,21.9,21.75,21.85,14.477122,3258683
2014-03-20,21.6,21.75,21.4,21.450001,14.212091,13725599
2014-03-21,21.5,21.75,21.450001,21.75,14.410867,22087876
2014-03-24,21.950001,22.15,21.85,22.15,14.67589,31631918
2014-03-25,22.1,22.15,21.950001,22.049999,14.609636,47525019
2014-03-26,22.200001,22.299999,22.1,22.200001,14.709018,57960423
2014-03-27,22.15,22.25,22,22.1,14.642765,14837751
2014-03-28,22.200001,22.450001,22.200001,22.35,14.808407,28474605
2014-03-31,22.450001,22.5,22.299999,22.4,14.841535,10395530
2014-04-01,22.5,22.75,22.5,22.75,15.073429,15551059
2014-04-02,22.75,22.85,22.700001,22.75,15.073429,16381958
2014-04-03,22.799999,23.049999,22.799999,22.799999,15.106557,57498167
2014-04-04,22.75,22.9,22.700001,22.75,15.073429,84924157
2014-04-07,22.65,22.799999,22.6,22.6,14.974047,16966615
2014-04-08,22.549999,22.950001,22.549999,22.9,15.172816,24988755
2014-04-09,23,23.25,23,23.15,15.338459,15299970
2014-04-10,23.200001,23.6,23,23.5,15.57036,48523440
2014-04-11,23.5,23.5,23.200001,23.25,15.40472,21057656
2014-04-14,23.35,23.4,23.25,23.299999,15.437844,12836604
2014-04-15,23.299999,23.299999,22.9,22.9,15.172816,20128260
2014-04-16,22.9,23.15,22.9,23,15.239076,12181074
2014-04-17,23,23.1,22.9,23.049999,15.272204,2895291
2014-04-22,23,23.15,22.9,23.049999,15.272204,4965655
2014-04-23,23,23.049999,22.75,22.799999,15.106557,9532841
2014-04-24,22.75,22.9,22.75,22.85,15.13969,5126826
2014-04-25,22.75,22.85,22.450001,22.450001,14.874662,12938858
2014-04-28,22.35,22.5,22.35,22.450001,14.874662,7443201
2014-04-29,22.35,22.65,22.200001,22.65,15.108119,11319373
2014-04-30,22.65,22.65,22.200001,22.25,14.841311,10428932
2014-05-02,22.299999,22.450001,22.200001,22.450001,14.974712,10146910
2014-05-05,22.299999,22.549999,22.049999,22.15,14.774604,11041538
2014-05-07,22.200001,22.200001,21.85,21.950001,14.641202,8622935
2014-05-08,22,22.200001,21.950001,22.049999,14.707905,10665279
2014-05-09,22.1,22.15,21.950001,22.1,14.741256,12465742
2014-05-12,22.200001,22.700001,22,22.549999,15.041419,19061287
2014-05-13,22.65,22.65,22.5,22.6,15.074769,12245904
2014-05-14,22.65,22.9,22.6,22.85,15.241524,10362558
2014-05-15,22.85,23.049999,22.85,22.950001,15.308227,28294244
2014-05-16,22.799999,23,22.75,22.9,15.274874,15118215
2014-05-19,23,23,22.799999,22.9,15.274874,20707852
2014-05-20,23,23.200001,23,23.049999,15.374933,16698185
2014-05-21,23,23.200001,22.950001,23.15,15.441631,29497106
2014-05-22,23.200001,23.4,23.200001,23.25,15.508338,27402674
2014-05-23,23.25,23.35,23.200001,23.299999,15.541689,12970957
2014-05-26,23.299999,23.450001,23.25,23.299999,15.541689,20972217
2014-05-27,23.299999,23.4,23.25,23.299999,15.541689,24522091
2014-05-28,23.299999,23.6,23.299999,23.5,15.675092,37887809
2014-05-29,23.450001,23.6,23.35,23.4,15.608391,18458409
2014-05-30,23.4,23.6,23.35,23.5,15.675092,24134748
2014-06-03,23.6,23.75,23.549999,23.65,15.775145,22653365
2014-06-04,23.6,23.700001,23.5,23.549999,15.708446,17278454
2014-06-05,23.5,23.6,23.450001,23.549999,15.708446,14174391
2014-06-06,23.549999,23.65,23.299999,23.4,15.608391,23868510
2014-06-09,23.4,23.6,23.4,23.5,15.675092,6842955
2014-06-10,23.6,23.85,23.5,23.700001,15.808495,34792659
2014-06-11,23.6,23.700001,23.6,23.700001,15.808495,20978114
2014-06-12,23.6,23.75,23.549999,23.700001,15.808495,13790167
2014-06-13,23.6,23.950001,23.549999,23.85,15.908548,26306128
2014-06-16,23.799999,23.9,23.700001,23.85,15.908548,26795981
2014-06-17,23.75,23.799999,23.6,23.75,15.841846,12132723
2014-06-18,23.6,23.85,23.6,23.75,15.841846,8954169
2014-06-19,23.75,23.9,23.65,23.75,15.841846,20045956
2014-06-20,23.700001,23.9,23.700001,23.799999,15.875198,16450722
2014-06-23,23.75,24,23.299999,23.35,15.575037,42464509
2014-06-24,23.5,23.5,23.35,23.450001,15.641741,14504577
2014-06-25,23.35,23.5,23.35,23.450001,15.641741,21967145
2014-06-26,23.450001,23.85,23.450001,23.799999,15.875198,23980440
2014-06-27,23.799999,23.85,23.700001,23.75,15.841846,10104651
2014-06-30,23.799999,23.950001,23.5,23.75,15.841846,17238990
2014-07-02,23.9,24.25,23.9,24.25,16.17536,47904878
2014-07-03,24.200001,24.299999,24.15,24.200001,16.14201,20069241
2014-07-04,24.200001,24.35,24.200001,24.25,16.17536,20643860
2014-07-07,24.200001,24.299999,24.1,24.25,16.17536,11942053
2014-07-08,24.25,24.25,24.15,24.200001,16.14201,20323123
2014-07-09,24,24.1,23.799999,23.85,15.908548,15145565
2014-07-10,23.950001,23.950001,23.85,23.9,15.941904,14003804
2014-07-11,23.9,24.049999,23.799999,23.950001,15.975253,20617497
2014-07-14,23.9,24.200001,23.9,24.1,16.075308,32895713
2014-07-15,24.15,24.200001,24.1,24.15,16.10866,19726410
2014-07-16,24.15,24.299999,24.1,24.25,16.17536,14798365
2014-07-17,24.25,24.299999,24.1,24.25,16.17536,36038600
2014-07-18,23.950001,24.200001,23.950001,24.15,16.10866,30980293
2014-07-21,24.200001,24.200001,24.049999,24.049999,16.041954,16684254
2014-07-22,24.049999,24.549999,24.049999,24.549999,16.375467,68640931
2014-07-23,24.5,24.700001,24.5,24.700001,16.475523,33241068
2014-07-24,24.700001,24.9,24.700001,24.799999,16.542225,58105171
2014-07-25,24.75,24.950001,24.75,24.950001,16.642279,41488238
2014-07-28,24.9,25.25,24.9,25.1,16.742331,69768108
2014-07-29,25.200001,25.450001,25.1,25.35,16.90909,58986968
2014-07-30,25.35,25.65,25.35,25.5,17.009142,55326996
2014-07-31,25.5,25.6,25.4,25.549999,17.042492,53922555
2014-08-01,25.200001,25.5,25.200001,25.25,16.842388,74081898
2014-08-04,25.299999,25.4,25.25,25.35,16.90909,56753776
2014-08-05,25.35,25.4,25.200001,25.299999,16.875734,89322282
2014-08-06,25.299999,25.35,25.1,25.299999,16.875734,72538288
2014-08-07,25.15,25.25,25.049999,25.15,16.775681,101128186
2014-08-08,25.049999,25.25,24.85,25.049999,16.708979,89253570
2014-08-11,25.200001,25.4,25.200001,25.4,16.942436,71223661
2014-08-12,25.4,25.450001,25.25,25.4,16.942436,127516683
2014-08-13,25.35,25.65,25.299999,25.65,17.109196,63924709
2014-08-14,25.5,25.700001,25.450001,25.549999,17.042492,55331273
2014-08-15,25.65,25.75,25.6,25.700001,17.142546,67988795
2014-08-18,25.6,25.700001,25.5,25.700001,17.142546,65244745
2014-08-19,25.700001,25.950001,25.6,25.85,17.242599,70472882
2014-08-20,25.9,26,25.799999,25.9,17.275949,55785860
2014-08-21,25.950001,25.950001,25.65,25.799999,17.209248,28418510
2014-08-22,25.799999,25.950001,25.799999,25.85,17.242599,58936491
2014-08-25,25.9,26.049999,25.75,25.950001,17.309303,59012246
2014-08-26,25.950001,26,25.85,25.9,17.275949,32738842
2014-08-27,25.9,26,25.6,25.700001,17.142546,61177384
2014-08-28,25.75,25.85,25.4,25.549999,17.042492,66074864
2014-08-29,25.450001,25.6,25.4,25.549999,17.042492,38279392
2014-09-01,25.450001,25.700001,25.450001,25.5,17.009142,34898528
2014-09-02,25.5,25.6,25.35,25.549999,17.042492,77004020
2014-09-03,25.549999,26.15,25.5,26.15,17.442707,32623605
2014-09-04,26.15,26.200001,26,26.1,17.409355,58977103
2014-09-05,26.1,26.1,25.950001,26.049999,17.376003,34270582
2014-09-08,26.049999,26.049999,25.85,26,17.342653,23745576
2014-09-10,25.85,25.85,25.450001,25.549999,17.042492,63709067
2014-09-11,25.6,25.6,25.4,25.549999,17.042492,78097173
2014-09-12,25.5,25.549999,25.299999,25.450001,16.975796,39153372
2014-09-15,25.4,25.4,25.15,25.25,16.842388,18230100
2014-09-16,25.200001,25.299999,25,25.049999,16.708979,35700804
2014-09-17,25.1,25.35,25.1,25.299999,16.875734,51339539
2014-09-18,25.299999,25.299999,24.950001,25.049999,16.708979,77022190
2014-09-19,25.1,25.299999,24.950001,25.200001,16.809036,72622034
2014-09-22,25.1,25.1,24.799999,24.799999,16.542225,53126968
2014-09-23,24.799999,24.9,24.700001,24.75,16.508875,63872893
2014-09-24,24.65,24.85,24.65,24.799999,16.542225,33698801
2014-09-25,24.9,24.9,24.6,24.65,16.442169,143125835
2014-09-26,24.5,24.6,24.4,24.549999,16.375467,44113274
2014-09-29,24.25,24.25,23.9,24.1,16.075308,120510740
2014-09-30,24,24,23.700001,23.799999,15.875198,107912810
2014-10-03,23.4,24.049999,23.4,23.950001,15.975253,114098989
2014-10-06,24.049999,24.299999,23.799999,24.200001,16.14201,99741901
2014-10-07,24.15,24.4,24.049999,24.299999,16.208712,90833210
2014-10-08,24.1,24.25,24,24.15,16.10866,75834648
2014-10-09,24.299999,24.450001,24.25,24.4,16.275417,32414118
2014-10-10,24.1,24.1,23.9,23.950001,15.975253,47916743
2014-10-13,23.799999,24.15,23.700001,24.049999,16.041954,55116158
2014-10-14,24,24.299999,23.9,23.950001,15.975253,33897107
2014-10-15,24,24.15,23.85,24.049999,16.041954,43837655
2014-10-16,23.9,23.950001,23.700001,23.75,15.841846,52513059
2014-10-17,23.799999,24.049999,23.75,23.950001,15.975253,53146861
2014-10-20,24.1,24.200001,23.9,23.950001,15.975253,14317365
2014-10-21,24,24.15,23.799999,24,16.008608,45978165
2014-10-22,24.1,24.4,24.049999,24.299999,16.208712,31882347
2014-10-23,24.25,24.35,24.15,24.25,16.17536,30158338
2014-10-24,24.25,24.299999,24.049999,24.200001,16.14201,35087136
2014-10-27,24.1,24.15,23.85,24.049999,16.041954,36142289
2014-10-28,24,24.5,24,24.450001,16.308765,55617133
2014-10-29,24.6,24.799999,24.6,24.75,16.508875,24599199
2014-10-30,24.1,24.1,23.799999,23.9,16.399088,27804533
2014-10-31,24,24.299999,24,24.200001,16.604935,42964591
2014-11-03,24.25,24.299999,24.049999,24.1,16.53632,40012453
2014-11-04,24.1,24.25,24,24.1,16.53632,22868838
2014-11-05,24.1,24.1,23.85,23.950001,16.433395,23193567
2014-11-06,24,24.049999,23.85,23.9,16.399088,17588511
2014-11-07,24,24.1,23.6,23.75,16.296165,36250620
2014-11-10,24.299999,24.4,23.950001,24,16.467707,27053447
2014-11-11,24.049999,24.200001,23.950001,24,16.467707,32782504
2014-11-12,24.049999,24.25,24,24.15,16.570627,36864939
2014-11-13,24.15,24.35,24.049999,24.25,16.639238,44055869
2014-11-14,24.25,24.35,24.15,24.299999,16.67355,24047195
2014-11-17,24.5,24.549999,24,24,16.467707,41679633
2014-11-18,24,24.1,23.65,23.75,16.296165,33225561
2014-11-19,23.75,23.799999,23.549999,23.6,16.193241,21464263
2014-11-20,23.6,23.700001,23.450001,23.5,16.124626,38529400
2014-11-21,23.5,23.75,23.5,23.700001,16.261854,33424193
2014-11-24,24.049999,24.25,24.049999,24.15,16.570627,24925196
2014-11-25,24.1,24.200001,24.049999,24.1,16.53632,25316102
2014-11-26,24.049999,24.450001,24.049999,24.4,16.742167,39509533
2014-11-27,24.4,24.5,24.200001,24.25,16.639238,20041930
2014-11-28,24.25,24.35,24.1,24.200001,16.604935,25540780
2014-12-01,24,24,23.5,23.549999,16.158937,97044919
2014-12-02,23.549999,24.049999,23.5,23.85,16.364779,90953099
2014-12-03,23.9,24.200001,23.549999,23.65,16.227549,120491043
2014-12-04,23.700001,24.1,23.65,24.1,16.53632,71261239
2014-12-05,24,24.450001,23.950001,24.200001,16.604935,109669551
2014-12-08,24.200001,24.450001,24.200001,24.25,16.639238,31375554
2014-12-09,24.1,24.15,23.6,23.700001,16.261854,35710894
2014-12-10,23.65,23.9,23.549999,23.75,16.296165,31199255
2014-12-11,23.5,23.65,23.35,23.6,16.193241,38956227
2014-12-12,23.549999,23.65,23.450001,23.5,16.124626,21167698
2014-12-15,23.299999,23.35,23.049999,23.299999,15.987396,30074375
2014-12-16,23.1,23.15,22.85,22.9,15.712931,53230130
2014-12-17,22.9,22.950001,22.75,22.85,15.678625,45613460
2014-12-18,23.1,23.15,22.9,23.049999,15.815862,36323676
2014-12-19,23.5,23.5,23.299999,23.4,16.056011,34285264
2014-12-22,23.450001,23.75,23.450001,23.700001,16.261854,97650921
2014-12-23,23.700001,23.75,23.5,23.6,16.193241,41296524
2014-12-24,23.6,23.700001,23.549999,23.65,16.227549,24584547
2014-12-29,23.950001,24.15,23.950001,24,16.467707,58642260
2014-12-30,24,24.1,23.65,23.65,16.227549,30980765
2014-12-31,23.700001,23.9,23.65,23.9,16.399088,11708282
2015-01-02,23.9,24.1,23.85,24.049999,16.502008,21618598
2015-01-05,23.950001,24.25,23.85,23.950001,16.433395,71563266
2015-01-06,23.700001,23.85,23.5,23.65,16.227549,78830872
2015-01-07,23.6,24,23.549999,23.9,16.399088,63966468
2015-01-08,23.9,24.15,23.9,24.1,16.53632,39175442
2015-01-09,24.25,24.450001,24.1,24.200001,16.604935,115008933
2015-01-12,24.35,24.35,24.15,24.299999,16.67355,64722540
2015-01-13,24.299999,24.549999,24.200001,24.5,16.810781,92820459
2015-01-14,24.5,24.6,24.299999,24.35,16.707855,76283584
2015-01-15,24.35,24.65,24.35,24.6,16.879398,79577612
2015-01-16,24.450001,24.549999,24.35,24.35,16.707855,60709059
2015-01-19,24.4,24.4,23.85,23.950001,16.433395,68038355
2015-01-20,24,24.25,24,24.200001,16.604935,41367658
2015-01-21,24.200001,24.65,24.200001,24.6,16.879398,55942805
2015-01-22,24.6,24.85,24.6,24.799999,17.016626,60237147
2015-01-23,25,25.15,24.950001,25.049999,17.188166,58373085
2015-01-26,25.15,25.200001,25,25.15,17.256783,71997010
2015-01-27,25.200001,25.200001,24.950001,25.049999,17.188166,62181387
2015-01-28,24.950001,25.25,24.950001,25.1,17.222473,85360324
2015-01-29,24.950001,25,24.799999,24.85,17.050936,64542179
2015-01-30,24.950001,25,24.65,24.75,16.982319,36695583
2015-02-02,24.65,24.75,24.549999,24.700001,16.948011,44562527
2015-02-03,24.75,24.85,24.5,24.75,16.982319,40205831
2015-02-04,24.950001,25.1,24.85,24.9,17.085245,34560575
2015-02-05,25.200001,25.35,24.85,25.049999,17.188166,39700053
2015-02-06,25,25.049999,24.9,24.950001,17.119551,26271430
2015-02-09,24.799999,24.9,24.65,24.75,16.982319,45061422
2015-02-10,24.75,24.85,24.65,24.799999,17.016626,39302993
2015-02-11,24.75,24.799999,24.5,24.549999,16.845089,34015341
2015-02-12,24.549999,24.799999,24.5,24.700001,16.948011,37751888
2015-02-13,24.799999,25,24.75,24.950001,17.119551,24749786
2015-02-16,25,25.049999,24.950001,25,17.153856,12280952
2015-02-17,24.9,25.15,24.9,25.1,17.222473,29451251
2015-02-18,25.1,25.15,25.049999,25.049999,17.188166,11617860
2015-02-23,25.15,25.15,24.9,25.1,17.222473,25245980
2015-02-24,25,25.1,24.950001,25,17.153856,25475516
2015-02-25,25.049999,25.15,24.950001,25,17.153856,40879625
2015-02-26,25,25.299999,25,25.200001,17.29109,31095454
2015-02-27,25.200001,25.4,25.049999,25.1,17.222473,39779922
2015-03-02,25.200001,25.299999,24.950001,25.1,17.222473,28683418
2015-03-03,25.15,25.200001,24.9,24.950001,17.119551,23893503
2015-03-04,25.1,25.1,24.65,24.65,16.913702,44861353
2015-03-05,24.65,24.700001,24.4,24.450001,16.776474,83908538
2015-03-06,24.5,24.6,24.4,24.5,16.810781,23264096
2015-03-09,24.35,24.549999,24.200001,24.450001,16.776474,25660186
2015-03-10,24.450001,24.5,24.200001,24.25,16.639238,33249631
2015-03-11,24.15,24.25,24,24.049999,16.502008,40762719
2015-03-12,24,24.200001,24,24.15,16.570627,43202760
2015-03-13,24.200001,24.25,24.049999,24.15,16.570627,43234704
2015-03-16,24.049999,24.299999,24,24.299999,16.67355,48774676
2015-03-17,24.35,24.4,24.1,24.299999,16.67355,31606569
2015-03-18,24.299999,24.6,24.25,24.5,16.810781,34180686
2015-03-19,24.700001,24.85,24.6,24.799999,17.016626,37376194
2015-03-20,24.700001,24.85,24.700001,24.75,16.982319,30088393
2015-03-23,24.9,24.9,24.75,24.85,17.050936,21553855
2015-03-24,24.799999,24.799999,24.65,24.75,16.982319,37065819
2015-03-25,24.75,25,24.75,24.950001,17.119551,46192372
2015-03-26,24.75,25,24.75,24.9,17.085245,29179186
2015-03-27,24.9,24.950001,24.799999,24.85,17.050936,44410060
2015-03-30,24.950001,25.35,24.950001,25.25,17.325399,69552891
2015-03-31,25.299999,25.4,25.25,25.299999,17.359699,32542277
2015-04-01,25.299999,25.5,25.299999,25.450001,17.462631,44438723
2015-04-02,25.549999,25.700001,25.5,25.65,17.599859,43522241
2015-04-08,25.9,26.700001,25.9,26.6,18.251705,83910248
2015-04-09,27.1,28.35,27.1,27.299999,18.732016,119993307
2015-04-10,27.9,27.9,27.25,27.65,18.972162,69126661
2015-04-13,27.950001,28.450001,27.65,28.450001,19.521091,112795543
2015-04-14,28.200001,28.299999,27.9,28,19.212318,104916876
2015-04-15,28.15,28.200001,27.799999,28.049999,19.246626,104446463
2015-04-16,28,28.200001,27.85,28.15,19.315243,115226347
2015-04-17,28.15,28.4,28,28.1,19.280939,121685235
2015-04-20,28.15,28.15,27.35,27.5,18.869242,65282620
2015-04-21,27.799999,28.35,27.799999,28.299999,19.418169,64256351
2015-04-22,28.35,28.5,28.15,28.35,19.452478,61286689
2015-04-23,28.35,28.6,28.200001,28.200001,19.349556,46039011
2015-04-24,28.299999,28.450001,27.950001,28.450001,19.521091,64192539
2015-04-27,28.6,29.049999,28.6,28.9,19.829857,78794500
2015-04-28,28.9,28.950001,28.65,28.9,19.829857,49246212
2015-04-29,28.700001,28.700001,28.4,28.65,19.78153,49868116
2015-04-30,28.549999,28.6,28.200001,28.35,19.574392,92137872
2015-05-04,28.4,28.65,28.25,28.4,19.608913,46455946
2015-05-05,28.549999,28.549999,27.799999,28,19.332731,137236834
2015-05-06,27.9,28.35,27.799999,27.9,19.263687,94552059
2015-05-07,27.9,27.9,27.4,27.5,18.987505,77277208
2015-05-08,27.6,27.9,27.6,27.799999,19.194641,57023501
2015-05-11,28,28.049999,27.799999,27.950001,19.298212,69786124
2015-05-12,27.950001,27.950001,27.6,27.65,19.09107,75166020
2015-05-13,27.65,27.799999,27.4,27.5,18.987505,94717299
2015-05-14,27.6,27.6,27.4,27.549999,19.022028,52276065
2015-05-15,27.65,28.200001,27.549999,28.049999,19.367256,75900263
2015-05-18,28.049999,28.049999,27.65,27.799999,19.194641,46481730
2015-05-19,27.799999,28,27.75,27.950001,19.298212,65892865
2015-05-20,28,28,27.700001,27.85,19.229168,42803191
2015-05-21,27.950001,27.950001,27.700001,27.799999,19.194641,77449269
2015-05-22,27.950001,28.4,27.950001,28.299999,19.539871,60343530
2015-05-26,28.75,28.9,28.6,28.65,19.78153,84193730
2015-05-27,28.65,28.65,28.35,28.4,19.608913,50618980
2015-05-28,28.5,28.6,27.549999,28.5,19.677958,99097165
2015-05-29,28,28,27.65,27.799999,19.194641,65042773
2015-06-01,27.75,28.15,27.6,28,19.332731,86966751
2015-06-02,27.950001,27.950001,27.700001,27.85,19.229168,49283418
2015-06-03,27.85,28.1,27.75,28,19.332731,51145173
2015-06-04,28,28.25,27.299999,27.950001,19.298212,89563718
2015-06-05,27.9,28,27.549999,27.6,19.056549,80126885
2015-06-08,27.6,27.799999,27.4,27.700001,19.125593,113414968
2015-06-09,27.700001,27.700001,27.299999,27.4,18.918457,129911538
2015-06-10,27.35,27.5,26.9,27.049999,18.676796,69806276
2015-06-11,27.200001,27.35,27.200001,27.35,18.883938,65899510
2015-06-12,27.450001,27.75,27.35,27.700001,19.125593,96735611
2015-06-15,27.549999,27.549999,27.15,27.200001,18.780367,59344210
2015-06-16,27.1,27.25,26.9,26.950001,18.607756,84162909
2015-06-17,26.950001,27.25,26.9,27.1,18.711323,76450606
2015-06-18,27,27.25,26.950001,27.1,18.711323,81211373
2015-06-19,27.299999,27.4,27.049999,27.200001,18.780367,95175530
2015-06-22,27.200001,27.6,27.200001,27.549999,19.022028,71145559
2015-06-23,27.5,27.950001,27.5,27.799999,19.194641,56190663
2015-06-24,27.799999,27.950001,27.799999,27.9,19.263687,49331083
2015-06-25,27.85,27.9,27.65,27.75,19.160118,50712702
2015-06-26,27.700001,27.700001,27,27.25,18.814892,103389262
2015-06-29,27.35,27.35,26.200001,26.6,18.366096,118276262
2015-06-30,26.6,27.1,26.5,26.85,18.538708,109049979
2015-07-02,26.950001,27.049999,26.75,26.9,18.573231,79130955
2015-07-03,26.950001,27,26.5,26.65,18.400616,80711364
2015-07-06,26.6,26.950001,25.299999,25.85,17.848251,156294596
2015-07-07,25.950001,26.049999,25.450001,25.549999,17.641119,83812655
2015-07-08,25,25,23.299999,24.1,16.639957,259271729
2015-07-09,23.85,25.299999,23.85,25,17.261366,157032398
2015-07-10,25.1,25.6,24.950001,25.5,17.606596,87671403
2015-07-13,25.35,25.9,25.15,25.85,17.848251,129426165
2015-07-14,25.950001,25.950001,25.450001,25.700001,17.744684,47767570
2015-07-15,25.700001,25.75,25.4,25.65,17.710169,50546820
2015-07-16,25.6,25.75,25.4,25.75,17.779211,64650455
2015-07-17,25.75,26.1,25.75,26.049999,17.986343,37894052
2015-07-20,26.1,26.1,25.9,26,17.951822,25768668
2015-07-21,25.950001,26.25,25.9,26.15,18.055391,34287269
2015-07-22,25.950001,26,25.75,25.9,17.882774,34852149
2015-07-23,25.9,26.1,25.85,26,17.951822,27075079
2015-07-24,25.950001,25.950001,25.65,25.700001,17.744684,30261802
2015-07-27,25.5,25.5,24.799999,24.950001,17.226847,61389898
2015-07-28,24.950001,25.549999,24.75,25.15,17.364935,61802013
2015-07-29,25.35,25.35,25.049999,25.25,17.433981,38072742
2015-07-30,25.35,25.5,25,25.1,17.330406,27506315
2015-07-31,25.25,25.25,25.1,25.200001,17.399456,27328001
2015-08-03,25.200001,25.200001,24.799999,25,17.261366,39848388
2015-08-04,24.950001,25.15,24.799999,25,17.261366,29938391
2015-08-05,25.049999,25.15,24.950001,25.1,17.330406,35075503
2015-08-06,25.15,25.15,24.9,25,17.261366,30844055
2015-08-07,25,25.25,25,25.1,17.330406,23160856
2015-08-10,25.1,25.200001,24.65,25.049999,17.295889,42853662
2015-08-11,25.25,25.5,25,25.1,17.330406,30357669
2015-08-12,24.9,24.950001,24.4,24.5,16.916138,66695652
2015-08-13,24.4,24.75,24.4,24.65,17.019711,64044001
2015-08-14,24.75,24.799999,24.549999,24.65,17.019711,21950196
2015-08-17,24.549999,24.6,24.299999,24.5,16.916138,21238217
2015-08-18,24.5,24.65,24.049999,24.1,16.639957,43588888
2015-08-19,24.200001,24.200001,23.75,23.799999,16.432823,90647199
2015-08-20,23.6,23.65,23.200001,23.450001,16.191164,97922462
2015-08-21,23,23.15,22.75,23.1,15.949504,90521095
2015-08-24,22.200001,22.35,21.75,21.9,15.120958,142584680
2015-08-25,21.9,22.549999,21.5,22.1,15.25905,125727724
2015-08-26,22.25,22.4,21.65,21.700001,14.982868,71149644
2015-08-27,22.200001,22.65,22.049999,22.549999,15.569754,63298351
2015-08-28,22.700001,22.9,22.200001,22.4,15.466187,51312615
2015-08-31,22.4,22.65,22.049999,22.35,15.431665,38414955
2015-09-01,22.25,22.299999,21.75,21.799999,15.051911,40415347
2015-09-02,21.700001,22,21.4,21.6,14.913821,61742900
2015-09-04,21.75,21.799999,21.299999,21.5,14.844775,38721766
2015-09-07,21.299999,21.75,21.25,21.299999,14.706684,31513532
2015-09-08,21.35,22.15,21.15,22,15.190003,63396567
2015-09-09,22.200001,23,22.15,22.85,15.776892,49299341
2015-09-10,22.4,22.5,22.15,22.299999,15.397141,40731703
2015-09-11,22.4,22.65,22.15,22.25,15.36262,37402266
2015-09-14,22.4,22.5,22.15,22.35,15.431665,25114740
2015-09-15,22.299999,22.4,22.1,22.15,15.293574,37560698
2015-09-16,22.450001,22.85,22.299999,22.700001,15.673323,46111333
2015-09-17,22.85,22.950001,22.35,22.549999,15.569754,102736108
2015-09-18,22.4,22.85,22.4,22.75,15.707844,93528341
2015-09-21,22.4,22.6,22.299999,22.5,15.535231,67613531
2015-09-22,22.6,22.950001,22.5,22.549999,15.569754,46905142
2015-09-23,22.35,22.35,21.75,22.1,15.25905,106493447
2015-09-24,22.1,22.200001,21.799999,21.9,15.120958,61124460
2015-09-25,21.85,22.1,21.700001,22,15.190003,44871266
2015-09-29,21.5,21.75,21.15,21.299999,14.706684,55844099
2015-09-30,21.5,21.75,21.5,21.6,14.913821,36199806
2015-10-02,21.9,22.35,21.9,22.299999,15.397141,34729841
2015-10-05,22.450001,22.799999,22.450001,22.65,15.6388,47639580
2015-10-06,22.9,22.9,22.450001,22.6,15.604278,23269058
2015-10-07,22.549999,23.35,22.549999,23.299999,16.087593,71918222
2015-10-08,23.35,23.35,22.950001,23.15,15.984026,40407925
2015-10-09,23.35,23.6,23.15,23.200001,16.018547,63077048
2015-10-12,23.4,23.6,23.299999,23.549999,16.260208,36161779
2015-10-13,23.5,23.6,23.299999,23.4,16.156637,29495592
2015-10-14,23.25,23.4,23.1,23.200001,16.018547,39917296
2015-10-15,23.450001,23.75,23.35,23.700001,16.363779,39857515
2015-10-16,23.85,23.950001,23.700001,23.85,16.467346,40266751
2015-10-19,23.85,23.9,23.65,23.85,16.467346,25030596
2015-10-20,23.75,23.85,23.6,23.75,16.398304,37443730
2015-10-22,23.700001,23.700001,23.549999,23.65,16.329256,34820127
2015-10-23,24,24.049999,23.9,24,16.570915,25210592
2015-10-26,24.15,24.200001,23.85,23.9,16.501865,33771055
2015-10-27,23.9,23.950001,23.700001,23.950001,16.536394,37565268
2015-10-28,23.9,23.950001,23.75,23.75,16.398304,19729716
2015-10-29,23.35,23.35,22.950001,22.950001,16.277725,41611762
2015-10-30,22.9,23.049999,22.799999,22.85,16.206795,40042887
2015-11-02,22.65,22.799999,22.5,22.549999,15.994018,24430555
2015-11-03,22.700001,22.9,22.700001,22.799999,16.171333,18278677
2015-11-04,22.9,23.549999,22.9,23.25,16.490505,66878725
2015-11-05,23.25,23.4,23.15,23.200001,16.45504,37408762
2015-11-06,23.15,23.15,22.950001,23.049999,16.348652,31624063
2015-11-09,22.950001,23.200001,22.85,22.85,16.206795,28308748
2015-11-10,22.75,22.75,22.450001,22.6,16.029484,69106911
2015-11-11,22.549999,22.65,22.450001,22.549999,15.994018,71094685
2015-11-12,22.6,23.200001,22.6,23.15,16.41958,83030970
2015-11-13,22.799999,22.799999,22.450001,22.6,16.029484,52999266
2015-11-16,22.200001,22.299999,22.1,22.200001,15.745772,99822331
2015-11-17,22.5,22.700001,22.450001,22.5,15.958549,73531572
2015-11-18,22.6,22.6,22.299999,22.4,15.887624,44201856
2015-11-19,22.65,22.75,22.6,22.700001,16.100407,39487786
2015-11-20,22.75,23.049999,22.6,22.950001,16.277725,51920070
2015-11-23,23.1,23.1,22.799999,22.9,16.24226,78464075
2015-11-24,22.9,22.9,22.6,22.799999,16.171333,40529098
2015-11-25,22.700001,22.85,22.65,22.75,16.135868,33008754
2015-11-26,22.85,23.049999,22.65,22.75,16.135868,50606521
2015-11-27,22.85,22.85,22.200001,22.299999,15.816702,63910988
2015-11-30,22.200001,22.4,22.1,22.200001,15.745772,27857783
2015-12-01,22.4,22.700001,22.35,22.6,16.029484,67165283
2015-12-02,22.700001,22.799999,22.549999,22.700001,16.100407,33638173
2015-12-03,22.5,22.700001,22.5,22.6,16.029484,24334299
2015-12-04,22.35,22.450001,22.299999,22.450001,15.923087,23508274
2015-12-07,22.549999,22.6,22.4,22.5,15.958549,16538987
2015-12-08,22.35,22.35,21.950001,22.1,15.674846,54104196
2015-12-09,22,22.1,21.950001,22,15.603921,36320280
2015-12-10,21.950001,22.1,21.85,21.9,15.532991,41925033
2015-12-11,22,22,21.6,21.700001,15.391139,67619899
2015-12-14,21.35,21.6,21.200001,21.549999,15.284745,100611601
2015-12-15,21.5,21.65,21.4,21.5,15.249284,39441120
2015-12-16,21.75,22,21.75,21.950001,15.568454,47088717
2015-12-17,21.950001,22.25,21.950001,22.1,15.674846,52584629
2015-12-18,22,22.15,21.799999,22,15.603921,46012932
2015-12-21,21.85,22.049999,21.799999,22,15.603921,52415733
2015-12-22,22.049999,22.049999,21.9,22,15.603921,23403737
2015-12-23,22.1,22.35,22.049999,22.200001,15.745772,36438257
2015-12-24,22.4,22.450001,22.299999,22.299999,15.816702,18630740
2015-12-28,22.299999,22.299999,22.049999,22.1,15.674846,29362226
2015-12-29,22.15,22.25,22.049999,22.200001,15.745772,28497694
2015-12-30,22.299999,22.299999,22.049999,22.15,15.710307,48363192
2015-12-31,22.15,22.200001,22.049999,22.1,15.674846,12839342
2016-01-04,22.1,22.1,21.35,21.450001,15.213821,58772507
2016-01-05,21.450001,21.65,21.25,21.4,15.178356,43628149
2016-01-06,21.35,21.4,21.1,21.15,15.00104,46978098
2016-01-07,21,21.049999,20.450001,20.549999,14.575479,107875623
2016-01-08,20.549999,20.85,20.5,20.700001,14.681871,83833158
2016-01-11,20.25,20.299999,20,20.1,14.256308,91255758
2016-01-12,20.200001,20.299999,19.860001,19.9,14.114453,71228404
2016-01-13,20.200001,20.450001,20,20.200001,14.327235,58289457
2016-01-14,19.9,20.1,19.68,20.049999,14.220843,75287598
2016-01-15,20,20,19.68,19.700001,13.972601,63720152
2016-01-18,19.5,19.639999,19.34,19.459999,13.802373,56196650
2016-01-19,19.52,19.860001,19.379999,19.84,14.071896,53162156
2016-01-20,19.6,19.6,19,19.059999,13.518668,113992590
2016-01-21,19.219999,19.459999,18.74,18.76,13.305884,79507874
2016-01-22,19.200001,19.360001,18.959999,19.32,13.70308,69839040
2016-01-25,19.5,19.68,19.459999,19.540001,13.859118,47961472
2016-01-26,19.139999,19.280001,18.98,19.02,13.4903,70659097
2016-01-27,19.34,19.42,19.1,19.219999,13.63215,51441996
2016-01-28,19.299999,19.42,19.16,19.4,13.759818,42626614
2016-01-29,19.360001,19.860001,19.280001,19.84,14.071896,92664704
2016-02-01,19.860001,19.9,19.6,19.74,14.000969,46156782
2016-02-02,19.66,19.799999,19.559999,19.620001,13.915858,36096150
2016-02-03,19.200001,19.219999,18.940001,19.200001,13.617966,50339669
2016-02-04,19.360001,19.540001,19.34,19.379999,13.745633,59491629
2016-02-05,19.4,19.6,19.4,19.48,13.816558,43078196
2016-02-11,18.700001,18.799999,18.5,18.700001,13.26333,85507056
2016-02-12,18.5,18.68,18.48,18.52,13.135663,62498112
2016-02-15,18.82,19.120001,18.82,19.120001,13.561224,35468047
2016-02-16,19.219999,19.459999,19.120001,19.299999,13.688893,49544223
2016-02-17,19.4,19.5,19.059999,19.1,13.547037,39261858
2016-02-18,19.52,19.639999,19.459999,19.559999,13.873302,50154218
2016-02-19,19.559999,19.559999,19.4,19.440001,13.78819,33495178
2016-02-22,19.559999,19.719999,19.559999,19.66,13.944229,35201857
2016-02-23,19.700001,19.719999,19.5,19.620001,13.915858,34659690
2016-02-24,19.58,19.58,19.26,19.360001,13.73145,67498696
2016-02-25,19.360001,19.379999,19.02,19.08,13.532852,82418753
2016-02-26,19.26,19.66,19.26,19.58,13.88749,59425632
2016-02-29,19.559999,19.559999,19.24,19.299999,13.688893,33206916
2016-03-01,19.4,19.58,19.280001,19.559999,13.873302,31693151
2016-03-02,19.9,20.299999,19.9,20.200001,14.327235,66397464
2016-03-03,20.25,20.35,20,20.15,14.291769,39342556
2016-03-04,20.25,20.450001,20.200001,20.4,14.469089,49517038
2016-03-07,20.4,20.6,20.35,20.450001,14.504551,26206843
2016-03-08,20.4,20.4,20.15,20.299999,14.398161,25378897
2016-03-09,20.15,20.299999,20.1,20.299999,14.398161,43236198
2016-03-10,20.299999,20.5,20.15,20.299999,14.398161,36528694
2016-03-11,20.200001,20.549999,20.1,20.5,14.540015,70743257
2016-03-14,20.65,20.799999,20.6,20.700001,14.681871,45681542
2016-03-15,20.6,20.65,20.5,20.6,14.610943,71182411
2016-03-16,20.6,20.700001,20.450001,20.549999,14.575479,63571682
2016-03-17,20.85,20.9,20.700001,20.75,14.717332,49906105
2016-03-18,20.75,20.950001,20.75,20.950001,14.859191,62141544
2016-03-21,21,21.049999,20.85,20.9,14.823723,65759319
2016-03-22,21,21.049999,20.85,20.9,14.823723,28379258
2016-03-23,20.9,20.950001,20.75,20.9,14.823723,39971225
2016-03-24,20.700001,20.75,20.5,20.6,14.610943,49922818
2016-03-29,20.6,20.700001,20.5,20.6,14.610943,35777351
2016-03-30,20.799999,21.15,20.799999,21.15,15.00104,46422152
2016-03-31,21.15,21.200001,20.950001,21.049999,14.93011,47471004
2016-04-01,21.049999,21.1,20.75,20.75,14.717332,53165708
2016-04-05,20.65,20.65,20.35,20.4,14.469089,62437371
2016-04-06,20.299999,20.549999,20.299999,20.5,14.540015,45409500
2016-04-07,20.549999,20.65,20.4,20.549999,14.575479,68201366
2016-04-08,20.200001,20.700001,20.200001,20.65,14.646411,44048246
2016-04-11,20.549999,20.9,20.5,20.799999,14.752796,55621612
2016-04-12,20.75,20.9,20.700001,20.799999,14.752796,35160410
2016-04-13,21,21.549999,21,21.5,15.249284,84339638
2016-04-14,21.700001,21.85,21.6,21.700001,15.391139,68933088
2016-04-15,21.6,21.700001,21.549999,21.6,15.320214,57827051
2016-04-18,21.299999,21.5,21.299999,21.450001,15.213821,65688573
2016-04-19,21.799999,21.799999,21.549999,21.75,15.4266,24090930
2016-04-20,21.75,21.75,21.4,21.5,15.249284,58942678
2016-04-21,21.700001,21.950001,21.65,21.950001,15.568454,57776071
2016-04-22,21.700001,21.799999,21.6,21.799999,15.462065,97501032
2016-04-25,21.700001,21.75,21.549999,21.549999,15.284745,88426969
2016-04-26,21.549999,21.75,21.35,21.700001,15.391139,106686605
2016-04-27,21.700001,21.75,21.6,21.65,15.355675,73439175
2016-04-28,21.700001,21.85,21.4,21.5,15.362822,52592519
2016-04-29,21.35,21.35,21.15,21.15,15.112727,74894925
2016-05-03,21.15,21.15,20.75,20.75,14.826908,132543141
2016-05-04,20.65,20.75,20.549999,20.700001,14.791182,102214112
2016-05-05,20.549999,20.700001,20.5,20.549999,14.683998,134965863
2016-05-06,20.450001,20.549999,20.15,20.200001,14.433907,104158826
2016-05-09,20.4,20.450001,20.200001,20.299999,14.505359,143398575
2016-05-10,20.200001,20.5,20.15,20.450001,14.612544,138354778
2016-05-11,20.5,20.5,20.15,20.200001,14.433907,229013028
2016-05-12,20.200001,20.25,20,20.049999,14.326724,53817884
2016-05-13,20,20.049999,19.719999,19.879999,14.205251,127148800
2016-05-16,19.860001,20.15,19.84,20.049999,14.326724,79146468
2016-05-17,20.200001,20.299999,20,20.299999,14.505359,58256460
2016-05-18,20.049999,20.1,19.92,19.959999,14.262415,96816798
2016-05-19,20,20,19.84,19.879999,14.205251,63562422
2016-05-20,19.860001,20.25,19.860001,20.15,14.398176,41871506
2016-05-23,20.1,20.200001,19.98,20,14.290998,36913043
2016-05-24,20,20.15,19.959999,20.1,14.362451,39932112
2016-05-25,20.299999,20.700001,20.299999,20.6,14.719726,35470654
2016-05-26,20.6,20.700001,20.5,20.65,14.755458,21859753
2016-05-27,20.6,20.9,20.549999,20.799999,14.862636,40134608
2016-05-30,20.799999,21.049999,20.75,20.85,14.898364,33495326
2016-05-31,20.950001,21.25,20.85,21.1,15.077001,36022044
2016-06-01,20.950001,21.200001,20.950001,21,15.005546,44248480
2016-06-02,21,21.200001,21,21.15,15.112727,36012100
2016-06-03,21.200001,21.4,21.200001,21.25,15.184184,20344873
2016-06-06,21.25,21.35,21.15,21.35,15.255639,14968301
2016-06-07,21.5,21.700001,21.450001,21.6,15.434279,46657113
2016-06-08,21.6,21.700001,21.5,21.65,15.470002,28872708
2016-06-10,21.65,21.700001,21.35,21.4,15.291363,40538401
2016-06-13,21.049999,21.1,20.75,20.9,14.934093,55454841
2016-06-14,20.75,20.9,20.700001,20.799999,14.862636,21332553
2016-06-15,20.6,20.950001,20.5,20.799999,14.862636,40015770
2016-06-16,20.799999,20.799999,20.35,20.450001,14.612544,56917621
2016-06-17,20.6,20.700001,20.5,20.6,14.719726,38024834
2016-06-20,20.799999,21,20.65,20.85,14.898364,42725255
2016-06-21,20.9,21.1,20.9,21.049999,15.04127,31905974
2016-06-22,21,21.35,20.950001,21.299999,15.219907,26480536
2016-06-23,21.4,21.4,21.25,21.35,15.255639,27709948
2016-06-24,20.799999,21.549999,20.1,20.75,14.826908,151484080
2016-06-27,20.450001,20.85,20.450001,20.700001,14.791182,63231953
2016-06-28,20.5,20.75,20.4,20.700001,14.791182,63372401
2016-06-29,21,21.049999,20.799999,21,15.005546,31229658
2016-06-30,21.200001,21.4,21.15,21.35,15.255639,56627376
2016-07-04,21.450001,21.75,21.4,21.65,15.470002,45745979
2016-07-05,21.549999,21.549999,21.25,21.299999,15.219907,32480069
2016-07-06,21.1,21.15,20.85,21.049999,15.04127,35227516
2016-07-07,21.15,21.299999,21.1,21.25,15.184184,22656399
2016-07-08,21.200001,21.200001,21,21.15,15.112727,25980061
2016-07-11,21.5,21.6,21.4,21.4,15.291363,23257639
2016-07-12,21.549999,21.85,21.549999,21.799999,15.577186,51403931
2016-07-13,21.950001,22,21.85,21.9,15.648641,48224626
2016-07-14,21.9,22.15,21.799999,22.15,15.827276,52709415
2016-07-15,22.15,22.35,22.049999,22.299999,15.934464,95202538
2016-07-18,22.200001,22.450001,22.200001,22.35,15.970187,45256223
2016-07-19,22.4,22.4,22.200001,22.200001,15.863004,38200803
2016-07-20,22.200001,22.5,22.200001,22.5,16.077366,28306528
2016-07-21,22.549999,22.700001,22.450001,22.549999,16.113098,36257152
2016-07-22,22.450001,22.549999,22.4,22.5,16.077366,33759998
2016-07-25,22.6,22.6,22.450001,22.549999,16.113098,76034712
2016-07-26,22.450001,22.9,22.450001,22.75,16.256008,141018552
2016-07-27,22.799999,22.9,22.6,22.65,16.184547,157592608
2016-07-28,22.700001,22.799999,22.6,22.75,16.256008,107126265
2016-07-29,22.65,22.75,22.4,22.450001,16.041639,224328787
2016-08-01,22.5,22.9,22.5,22.75,16.256008,80898532
2016-08-02,22.75,22.75,22.75,22.75,16.256008,0
2016-08-03,22.450001,22.450001,22.25,22.299999,15.934464,95129230
2016-08-04,22.450001,22.5,22.35,22.4,16.005913,66358570
2016-08-05,22.5,22.799999,22.5,22.75,16.256008,65572540
2016-08-08,22.9,23.1,22.799999,23.049999,16.470373,76199301
2016-08-09,23.049999,23.1,23,23.049999,16.470373,30523129
2016-08-10,23.1,23.25,22.950001,23.049999,16.470373,48850828
2016-08-11,23,23.35,22.950001,23.15,16.54183,136013508
2016-08-12,23.299999,23.450001,23.299999,23.35,16.68474,175983539
2016-08-15,23.4,23.65,23.4,23.6,16.863377,208184567
2016-08-16,23.65,23.700001,23.450001,23.5,16.79192,218552306
2016-08-17,23.6,23.700001,23.4,23.4,16.720469,198264547
2016-08-18,23.549999,23.85,23.549999,23.700001,16.934832,236638934
2016-08-19,23.75,23.75,23.5,23.549999,16.827646,195148730
2016-08-22,23.6,23.65,23.4,23.65,16.899105,316603209
2016-08-23,23.5,23.65,23.5,23.65,16.899105,78661628
2016-08-24,23.6,23.700001,23.35,23.450001,16.756195,108488509
2016-08-25,23.450001,23.549999,23.35,23.450001,16.756195,92133461
2016-08-26,23.450001,23.65,23.450001,23.6,16.863377,61704544
2016-08-29,23.549999,23.6,23.4,23.5,16.79192,60725041
2016-08-30,23.6,23.75,23.5,23.65,16.899105,32985266
2016-08-31,23.549999,23.700001,23.549999,23.65,16.899105,51555491
2016-09-01,23.6,23.9,23.5,23.9,17.077738,30866866
2016-09-02,23.9,24,23.85,23.9,17.077738,32938050
2016-09-05,24.1,24.4,24.1,24.299999,17.363562,87513443
2016-09-06,24.4,24.5,24.25,24.450001,17.470745,77969123
2016-09-07,24.450001,24.5,24.35,24.450001,17.470745,61707307
2016-09-08,24.4,24.6,24.35,24.549999,17.542198,77478375
2016-09-09,24.6,25.1,24.6,24.85,17.756561,167051300
2016-09-12,24.4,24.4,24,24.049999,17.184925,154917555
2016-09-13,24.299999,24.35,23.9,24,17.149195,128903120
2016-09-14,24,24.1,23.9,23.950001,17.113468,51933053
2016-09-15,24,24.200001,23.9,24.1,17.220648,55984567
2016-09-19,24.1,24.4,24.1,24.25,17.327831,28059184
2016-09-20,24.25,24.299999,24.1,24.299999,17.363562,40001269
2016-09-21,24.299999,24.5,24.15,24.35,17.399286,57490435
2016-09-22,24.6,24.85,24.4,24.5,17.506472,188092044
2016-09-23,24.5,24.6,24.35,24.35,17.399286,79429257
2016-09-26,24.299999,24.299999,24,24.1,17.220648,67299708
2016-09-27,24,24.4,24,24.299999,17.363562,80222003
2016-09-28,24.25,24.35,24.1,24.35,17.399286,69869124
2016-09-29,24.5,24.6,24.35,24.5,17.506472,137371202
2016-09-30,24.299999,24.299999,23.950001,24,17.149195,95961278
2016-10-03,24.299999,24.450001,24.200001,24.299999,17.363562,51231690
2016-10-04,24.299999,24.450001,24.25,24.4,17.435015,53267036
2016-10-05,24.299999,24.6,24.299999,24.5,17.506472,35252945
2016-10-06,24.549999,24.75,24.549999,24.700001,17.649378,28591970
2016-10-07,24.6,24.700001,24.5,24.6,17.577925,37530798
2016-10-11,24.75,24.85,24.15,24.25,17.327831,67262281
2016-10-12,24.049999,24.200001,24,24.15,17.256378,32927101
2016-10-13,24.049999,24.15,23.700001,23.799999,17.006283,53171952
2016-10-14,23.85,24.1,23.85,24,17.149195,29445059
2016-10-17,24,24,23.700001,23.799999,17.006283,39154138
2016-10-18,23.799999,24.200001,23.799999,24.15,17.256378,33673163
2016-10-19,24.15,24.25,23.950001,24.049999,17.184925,65754671
2016-10-20,24.1,24.299999,24.1,24.15,17.256378,33182799
2016-10-21,24.15,24.15,24.15,24.15,17.256378,0
2016-10-24,24.15,24.450001,24,24.4,17.435015,41032973
2016-10-25,24.4,24.450001,24.25,24.35,17.399286,29934465
2016-10-26,24.200001,24.25,24.049999,24.1,17.220648,29897298
2016-10-27,24.15,24.15,23.75,23.9,17.077738,35548544
2016-10-28,23.9,23.950001,23.6,23.75,16.970558,52198034
2016-10-31,23,23.25,22.950001,23.1,16.948551,34857489
2016-11-01,23.1,23.450001,23.1,23.299999,17.095287,84410266
2016-11-02,23.1,23.1,22.9,23,16.875175,53455882
2016-11-03,22.950001,23.049999,22.799999,22.9,16.801809,40350783
2016-11-04,22.85,22.950001,22.75,22.85,16.76512,40369177
2016-11-07,22.9,23.049999,22.799999,23,16.875175,49486707
2016-11-08,23.15,23.200001,22.950001,23.049999,16.911861,98809224
2016-11-09,23.200001,23.200001,22.049999,22.6,16.581692,152208712
2016-11-10,23,23.1,22.950001,23.049999,16.911861,72611325
2016-11-11,23,23,22.6,22.700001,16.655067,85793089
2016-11-14,22.5,22.549999,22.299999,22.4,16.434954,99265954
2016-11-15,22.4,22.6,22.35,22.5,16.508324,42368189
2016-11-16,22.6,22.65,22.450001,22.5,16.508324,48450322
2016-11-17,22.4,22.549999,22.25,22.4,16.434954,45236231
2016-11-18,22.4,22.549999,22.299999,22.450001,16.471638,80280340
2016-11-21,22.450001,22.65,22.35,22.549999,16.545008,58965629
2016-11-22,22.6,22.9,22.6,22.9,16.801809,40363889
2016-11-23,22.85,23,22.799999,22.9,16.801809,44258079
2016-11-24,22.85,22.85,22.6,22.75,16.691751,55790696
2016-11-25,22.799999,22.950001,22.75,22.9,16.801809,32710491
2016-11-28,22.950001,23.15,22.950001,23,16.875175,51894396
2016-11-29,22.950001,23.049999,22.85,22.9,16.801809,40316127
2016-11-30,22.9,23.1,22.9,23,16.875175,35282598
2016-12-01,23.1,23.200001,23,23.1,16.948551,71073522
2016-12-02,23,23,22.700001,22.75,16.691751,43786485
2016-12-05,22.75,22.799999,22.5,22.700001,16.655067,89185245
2016-12-06,22.799999,22.950001,22.799999,22.85,16.76512,47698221
2016-12-07,22.950001,23,22.9,23,16.875175,31532326
2016-12-08,23.200001,23.299999,22.950001,23,16.875175,63960160
2016-12-09,23,23,22.85,22.950001,16.83849,102257410
2016-12-12,23,23,22.5,22.549999,16.545008,110000259
2016-12-13,22.6,22.6,22.4,22.6,16.581692,105176983
2016-12-14,22.700001,22.799999,22.6,22.65,16.61838,41020332
2016-12-15,22.4,22.450001,22.1,22.200001,16.288218,109230892
2016-12-16,22.200001,22.299999,22.1,22.200001,16.288218,59625748
2016-12-19,22.1,22.1,21.9,22,16.141474,81475522
2016-12-20,22,22.049999,21.799999,21.9,16.068104,67689031
2016-12-21,22,22.1,21.9,22,16.141474,58657457
2016-12-22,21.950001,22,21.75,21.85,16.03142,51835797
2016-12-23,21.75,21.75,21.6,21.75,15.958048,71044699
2016-12-28,21.75,21.950001,21.6,21.85,16.03142,47506920
2016-12-29,21.75,21.950001,21.700001,21.950001,16.104788,39813776
2016-12-30,22,22.200001,22,22.1,16.214846,43932522
2017-01-03,22.15,22.35,22,22.299999,16.361584,29012900
2017-01-04,22.35,22.4,22.200001,22.299999,16.361584,31030187
2017-01-05,22.4,22.65,22.35,22.6,16.581692,71271231
2017-01-06,22.700001,22.799999,22.6,22.65,16.61838,45848822
2017-01-09,22.700001,22.799999,22.6,22.75,16.691751,46482044
2017-01-10,22.700001,22.9,22.700001,22.85,16.76512,58447424
2017-01-11,23,23.15,22.9,23.1,16.948551,75629699
2017-01-12,23.1,23.15,22.950001,23.049999,16.911861,57438677
2017-01-13,23.049999,23.15,23.049999,23.1,16.948551,37351433
2017-01-16,23,23.1,22.799999,22.9,16.801809,40987990
2017-01-17,22.950001,23.049999,22.9,23.049999,16.911861,27108530
2017-01-18,23.049999,23.35,23.049999,23.25,17.058599,90804068
2017-01-19,23.200001,23.25,23.1,23.25,17.058599,34395435
2017-01-20,23.15,23.15,23,23.1,16.948551,23520415
2017-01-23,23.1,23.299999,23,23.049999,16.911861,118103301
2017-01-24,23.1,23.15,23.049999,23.1,16.948551,50938146
2017-01-25,23.200001,23.25,23.1,23.200001,17.021917,81816675
2017-01-26,23.35,23.6,23.299999,23.549999,17.278717,50079737
2017-01-27,23.5,23.6,23.450001,23.549999,17.278717,11589221
2017-02-01,23.4,23.5,23.25,23.5,17.242027,43792011
2017-02-02,23.4,23.6,23.25,23.35,17.131969,30430621
2017-02-03,23.4,23.450001,23.15,23.25,17.058599,28727953
2017-02-06,23.4,23.549999,23.299999,23.5,17.242027,88692045
2017-02-07,23.5,23.6,23.4,23.5,17.242027,52035324
2017-02-08,23.450001,23.75,23.299999,23.700001,17.388771,66984961
2017-02-09,23.700001,23.799999,23.6,23.700001,17.388771,94732489
2017-02-10,23.799999,23.9,23.75,23.799999,17.462135,53713471
2017-02-13,23.9,23.950001,23.799999,23.85,17.498823,70458590
2017-02-14,23.85,23.950001,23.799999,23.9,17.535511,202223487
2017-02-15,23.950001,24.25,23.950001,24.15,17.718937,105509426
2017-02-16,24.25,24.35,24.200001,24.299999,17.828991,196485396
2017-02-17,24.299999,24.35,24.15,24.25,17.792307,117604909
2017-02-20,24.15,24.4,24.15,24.35,17.865673,142711663
2017-02-21,24.35,24.4,24.1,24.200001,17.755621,113272475
2017-02-22,24.25,24.4,24.200001,24.35,17.865673,100973162
2017-02-23,24.35,24.450001,24.299999,24.35,17.865673,101330869
2017-02-24,24.35,24.4,24.200001,24.299999,17.828991,135511906
2017-02-27,24.200001,24.35,24.1,24.25,17.792307,148092879
2017-02-28,24.25,24.299999,23.950001,24.049999,17.645565,55670393
2017-03-01,24.049999,24.1,24,24.049999,17.645565,128064949
2017-03-02,24.35,24.4,23.950001,23.950001,17.572197,84471402
2017-03-03,23.85,23.9,23.75,23.85,17.498823,97701601
2017-03-06,23.85,23.950001,23.85,23.85,17.498823,75373574
2017-03-07,23.9,24,23.85,23.950001,17.572197,54742970
2017-03-08,23.950001,24.1,23.799999,24,17.608879,57724930
2017-03-09,23.950001,23.950001,23.700001,23.799999,17.462135,84240663
2017-03-10,23.75,23.85,23.700001,23.85,17.498823,63323483
2017-03-13,23.9,24.15,23.85,24.1,17.682247,214740391
2017-03-14,24.1,24.200001,24,24.1,17.682247,50699062
2017-03-15,24.049999,24.15,23.9,24.1,17.682247,126575691
2017-03-16,24.200001,24.6,24.200001,24.549999,18.012415,193592936
2017-03-17,24.6,24.700001,24.5,24.6,18.049107,382854317
2017-03-20,24.6,24.799999,24.6,24.75,18.159159,81944859
2017-03-21,24.799999,24.950001,24.799999,24.85,18.232527,151739241
2017-03-22,24.6,24.700001,24.5,24.6,18.049107,214529718
2017-03-23,24.65,24.75,24.549999,24.6,18.049107,87470254
2017-03-24,24.700001,24.75,24.549999,24.700001,18.122467,144225146
2017-03-27,24.549999,24.700001,24.450001,24.5,17.975735,151651793
2017-03-28,24.6,24.65,24.549999,24.65,18.085787,67046507
2017-03-29,24.700001,24.75,24.6,24.65,18.085787,155804685
2017-03-30,24.700001,24.700001,24.5,24.6,18.049107,100483543
2017-03-31,24.6,24.6,24.35,24.450001,17.939051,173399086
2017-04-03,24.450001,24.549999,24.450001,24.5,17.975735,28223111
2017-04-05,24.549999,24.700001,24.4,24.65,18.085787,129098715
2017-04-06,24.65,24.700001,24.450001,24.549999,18.012415,276077589
2017-04-07,24.549999,24.6,24.200001,24.549999,18.012415,325090912
2017-04-10,24.6,24.65,24.5,24.549999,18.012415,163104093
2017-04-11,24.549999,24.6,24.25,24.4,17.902361,166881309
2017-04-12,24.299999,24.6,24.25,24.6,18.049107,145384234
2017-04-13,24.450001,24.700001,24.4,24.549999,18.012415,109733534
2017-04-18,24.549999,24.6,24.15,24.15,17.718937,121680898
2017-04-19,24.1,24.15,24,24.15,17.718937,95098876
2017-04-20,24.1,24.4,24.1,24.35,17.865673,86475019
2017-04-21,24.4,24.5,24.25,24.299999,17.828991,78744123
2017-04-24,24.450001,24.5,24.25,24.450001,17.939051,121607581
2017-04-25,24.5,24.799999,24.5,24.75,18.159159,87684282
2017-04-26,24.799999,25,24.799999,24.85,18.232527,30258424
2017-04-27,24.75,24.9,24.6,24.85,18.34325,43242588
2017-04-28,24.85,24.85,24.75,24.799999,18.306345,48199765
2017-05-02,24.799999,24.950001,24.700001,24.799999,18.306345,47656373
2017-05-04,24.799999,24.9,24.700001,24.9,18.380161,64275858
2017-05-05,24.75,24.799999,24.5,24.65,18.19562,68396992
2017-05-08,24.700001,24.799999,24.6,24.75,18.269438,74634326
2017-05-09,24.700001,25.1,24.65,25.049999,18.490881,76719386
2017-05-10,25.15,25.35,25.15,25.15,18.564695,90001078
2017-05-11,25.200001,25.4,25.15,25.299999,18.675425,75673596
2017-05-12,25.200001,25.4,25.200001,25.35,18.712337,70013851
2017-05-15,25.4,25.6,25.4,25.6,18.896875,60114830
2017-05-16,25.6,25.65,25.450001,25.6,18.896875,46249849
2017-05-17,25.549999,25.6,25.450001,25.6,18.896875,37290435
2017-05-18,25.299999,25.5,25.299999,25.4,18.749243,53675106
2017-05-19,25.4,25.5,25.35,25.450001,18.78615,48186049
2017-05-22,25.5,25.700001,25.450001,25.65,18.933781,66640075
2017-05-23,25.700001,25.75,25.549999,25.700001,18.970688,68345804
2017-05-24,25.65,25.700001,25.549999,25.65,18.933781,97045574
2017-05-25,25.700001,25.950001,25.700001,25.85,19.081409,155524940
2017-05-26,25.9,26,25.85,25.9,19.118317,100654107
2017-05-29,25.9,26.049999,25.9,26,19.192135,77150452
2017-05-31,25.950001,26.1,25.9,26,19.192135,69519834
2017-06-01,26,26.1,25.9,26,19.192135,68398618
2017-06-02,26.1,26.25,26.1,26.25,19.376675,103048374
2017-06-05,26.25,26.299999,26.1,26.200001,19.339766,109319314
2017-06-06,26.1,26.35,26.1,26.299999,19.413584,75312571
2017-06-07,26.299999,26.4,26.200001,26.299999,19.413584,77661281
2017-06-08,26.299999,26.450001,26.25,26.4,19.487396,58273602
2017-06-09,26.4,26.450001,26.25,26.4,19.487396,88537976
2017-06-12,26.299999,26.35,26.049999,26.15,19.302856,83680024
2017-06-13,26.15,26.299999,26.1,26.25,19.376675,49137675
2017-06-14,26.25,26.25,26.049999,26.25,19.376675,93246217
2017-06-15,26.200001,26.200001,25.9,25.950001,19.15523,69742702
2017-06-16,26,26.1,25.950001,26,19.192135,62471969
2017-06-19,26,26.299999,26,26.299999,19.413584,67558385
2017-06-20,26.299999,26.4,26.15,26.200001,19.339766,55852454
2017-06-21,26.1,26.25,25.9,26.049999,19.229042,112943093
2017-06-22,26.1,26.299999,26.049999,26.15,19.302856,67459914
2017-06-23,26.15,26.25,26.049999,26.200001,19.339766,91653362
2017-06-26,26.1,26.35,26.1,26.299999,19.413584,62477948
2017-06-27,26.35,26.4,26.200001,26.25,19.376675,77038266
2017-06-28,26.200001,26.25,26.049999,26.200001,19.339766,53644102
2017-06-29,26.25,26.450001,26.25,26.35,19.450491,32533410
2017-06-30,26.15,26.299999,26.1,26.25,19.376675,71878895
2017-07-03,26.15,26.35,26.15,26.25,19.376675,31188812
2017-07-04,26.299999,26.35,25.799999,26,19.192135,60073259
2017-07-05,25.9,26.15,25.75,26.1,19.265949,74896016
2017-07-06,26.15,26.200001,26.049999,26.15,19.302856,62236297
2017-07-07,25.950001,26.049999,25.9,26,19.192135,51507271
2017-07-10,26,26.25,25.950001,26.15,19.302856,52669050
2017-07-11,26.200001,26.6,26.200001,26.549999,19.59812,88494754
2017-07-12,26.549999,26.799999,26.549999,26.700001,19.708845,38781831
2017-07-13,26.950001,27.049999,26.9,27,19.93029,73955604
2017-07-14,27.049999,27.1,26.950001,27.049999,19.967203,36579922
2017-07-17,27.200001,27.299999,27,27.15,20.041018,55073798
2017-07-18,27.1,27.200001,27.049999,27.15,20.041018,62520374
2017-07-19,27.15,27.35,27.15,27.299999,20.151741,66040233
2017-07-20,27.4,27.450001,27.299999,27.35,20.188652,42871659
2017-07-21,27.4,27.450001,27.299999,27.4,20.225554,20459943
2017-07-24,27.35,27.549999,27.35,27.549999,20.336281,72108172
2017-07-25,27.549999,27.549999,27.450001,27.5,20.299372,53904925
2017-07-26,27.549999,27.65,27.450001,27.6,20.373186,45766746
2017-07-27,27.6,27.85,27.6,27.799999,20.520823,55518277
2017-07-28,27.700001,27.700001,27.6,27.65,20.410097,34306109
2017-07-31,27.65,28,27.65,27.9,20.594639,27891058
2017-08-01,28,28.25,27.950001,28.200001,20.816086,49841747
2017-08-02,28.25,28.4,28.200001,28.25,20.852993,67905298
2017-08-03,28.15,28.299999,28.1,28.25,20.852993,36354213
2017-08-04,28.25,28.299999,28.200001,28.25,20.852993,63531092
2017-08-07,28.299999,28.450001,28.299999,28.35,20.926807,38444693
2017-08-08,28.35,28.549999,28.25,28.549999,21.074438,45442458
2017-08-09,28.450001,28.549999,28.25,28.450001,21.000622,40255760
2017-08-10,28.450001,28.450001,27.950001,28.15,20.779177,82341380
2017-08-11,27.75,27.9,27.549999,27.65,20.410097,106937639
2017-08-14,27.700001,28,27.700001,27.9,20.594639,45376523
2017-08-15,28,28.1,27.85,27.85,20.55773,50360870
2017-08-16,27.85,28.15,27.85,28.1,20.74227,54347221
2017-08-17,28.200001,28.299999,27.950001,28.049999,20.705359,39063479
2017-08-18,27.799999,27.950001,27.65,27.75,20.483913,25915795
2017-08-21,27.75,27.950001,27.75,27.9,20.594639,21099955
2017-08-22,28,28.25,28,28.15,20.779177,21326440
2017-08-23,28.15,28.15,28.15,28.15,20.779177,0
2017-08-24,28.15,28.35,28.15,28.200001,20.816086,33181360
2017-08-25,28.200001,28.6,28.15,28.549999,21.074438,31409978
2017-08-28,28.6,28.799999,28.5,28.65,21.148254,17863047
2017-08-29,28.5,28.6,28.4,28.5,21.037533,52203203
2017-08-30,28.549999,28.9,28.549999,28.85,21.295889,25447121
2017-08-31,28.85,28.85,28.700001,28.75,21.222069,22870015
2017-09-01,28.799999,28.950001,28.700001,28.75,21.222069,19969886
2017-09-04,28.65,28.75,28.450001,28.6,21.111345,44058920
2017-09-05,28.6,28.700001,28.549999,28.6,21.111345,29798262
2017-09-06,28.5,28.549999,28.25,28.450001,21.000622,33338989
2017-09-07,28.6,28.700001,28.299999,28.4,20.963718,25967135
2017-09-08,28.4,28.549999,28.4,28.549999,21.074438,27038466
2017-09-11,28.6,28.9,28.6,28.85,21.295889,32609621
2017-09-12,28.9,28.950001,28.75,28.85,21.295889,21077910
2017-09-13,28.85,28.85,28.6,28.75,21.222069,18348759
2017-09-14,28.700001,28.75,28.549999,28.700001,21.185167,24967935
2017-09-15,28.65,28.799999,28.35,28.700001,21.185167,41347325
2017-09-18,28.75,29.049999,28.75,29,21.406616,38822888
2017-09-19,29,29.1,28.9,28.950001,21.369703,8465531
2017-09-20,28.950001,29,28.85,29,21.406616,5168089
2017-09-21,29,29.049999,28.9,29,21.406616,14030715
2017-09-22,28.85,28.85,28.700001,28.75,21.222069,28689827
2017-09-25,28.75,28.75,28.35,28.450001,21.000622,39796933
2017-09-26,28.25,28.5,28.200001,28.5,21.037533,32825809
2017-09-27,28.4,28.6,28.4,28.6,21.111345,28484299
2017-09-28,28.549999,28.549999,28.299999,28.299999,20.889898,11718415
2017-09-29,28.35,28.5,28.25,28.4,20.963718,24219321
2017-10-03,28.6,29.1,28.6,29.049999,21.44352,57172938
2017-10-04,29.15,29.450001,29.15,29.25,21.591156,20538286
2017-10-06,29.450001,29.549999,29.299999,29.35,21.664972,24867265
2017-10-09,29.35,29.4,29.15,29.25,21.591156,35210320
2017-10-10,29.25,29.4,29.200001,29.4,21.701876,22031757
2017-10-11,29.5,29.549999,29.200001,29.25,21.591156,27103487
2017-10-12,29.35,29.5,29.299999,29.4,21.701876,31186795
2017-10-13,29.4,29.450001,29.299999,29.4,21.701876,31955612
2017-10-16,29.5,29.75,29.5,29.6,21.849506,29436057
2017-10-17,29.700001,29.700001,29.549999,29.65,21.886417,25877513
2017-10-18,29.6,29.65,29.549999,29.65,21.886417,15560777
2017-10-19,29.65,29.75,29,29.15,21.517334,44461114
2017-10-20,29.35,29.5,29.25,29.450001,21.738783,57082765
2017-10-23,29.5,29.5,29.15,29.25,21.591156,51245177
2017-10-24,29.200001,29.299999,29,29.15,21.517334,45003409
2017-10-25,29.15,29.299999,29.1,29.25,21.591156,35911871
2017-10-26,29.15,29.25,29.049999,29.15,21.517334,41698341
2017-10-27,29.25,29.450001,29.25,29.35,21.664972,40539268
2017-10-30,29.5,29.6,29.25,29.299999,21.628059,44684466
2017-10-31,28.5,28.549999,28.299999,28.450001,21.574972,21227110
2017-11-01,28.5,28.799999,28.5,28.75,21.802477,38044301
2017-11-02,28.75,28.799999,28.6,28.65,21.726643,40367785
2017-11-03,28.700001,28.799999,28.700001,28.799999,21.840395,12737658
2017-11-06,28.799999,28.85,28.25,28.799999,21.840395,68556514
2017-11-07,28.85,29.200001,28.85,29.200001,22.143736,37960691
2017-11-08,29.15,29.299999,29.049999,29.15,22.10582,49188654
2017-11-09,29.200001,29.35,29.1,29.299999,22.219572,53596061
2017-11-10,29.200001,29.35,29.200001,29.35,22.25749,37621748
2017-11-13,29.299999,29.4,29.299999,29.4,22.295403,34388131
2017-11-14,29.35,29.450001,29.299999,29.4,22.295403,46025199
2017-11-15,29.35,29.35,29.049999,29.1,22.067902,66458235
2017-11-16,29.200001,29.25,29.049999,29.200001,22.143736,29574061
2017-11-17,29.4,29.5,29.299999,29.35,22.25749,11226153
2017-11-20,29.4,29.450001,29.25,29.35,22.25749,13845985
2017-11-21,29.5,30,29.450001,29.950001,22.712496,29964506
2017-11-22,30.200001,30.4,30.1,30.25,22.939999,25243730
2017-11-23,30.25,30.35,29.799999,29.9,22.674576,13775239
2017-11-24,29.950001,30.15,29.9,30.049999,22.78833,36494919
2017-11-27,30.049999,30.049999,29.85,29.9,22.674576,34294159
2017-11-28,29.9,29.9,29.549999,29.85,22.636658,45356252
2017-11-29,30,30.049999,29.75,29.85,22.636658,45722278
2017-11-30,29.700001,29.700001,29.299999,29.450001,22.333323,34617494
2017-12-01,29.450001,29.549999,29.200001,29.299999,22.219572,49539368
2017-12-04,29.200001,29.5,28.950001,29.35,22.25749,47962279
2017-12-05,29.1,29.299999,29,29.049999,22.029982,15762191
2017-12-06,29.049999,29.1,28.35,28.4,21.537058,94199671
2017-12-07,28.450001,28.65,28.299999,28.5,21.612892,42545222
2017-12-08,28.549999,28.9,28.450001,28.85,21.878315,68260059
2017-12-11,28.799999,29.15,28.799999,29.15,22.10582,38703433
2017-12-12,29.15,29.200001,28.9,29,21.992067,39971022
2017-12-13,28.950001,29.5,28.950001,29.450001,22.333323,50375724
2017-12-14,29.5,29.6,29.25,29.299999,22.219572,37047178
2017-12-15,29.299999,29.299999,28.9,29.049999,22.029982,71183384
2017-12-18,29.049999,29.35,29,29.25,22.181652,37529660
2017-12-19,29.299999,29.549999,29.299999,29.4,22.295403,45808057
2017-12-20,29.299999,29.5,29.299999,29.450001,22.333323,35051400
2017-12-21,29.299999,29.65,29.299999,29.549999,22.409155,65152839
2017-12-22,29.65,29.799999,29.6,29.700001,22.522911,27021768
2017-12-27,29.799999,29.9,29.700001,29.799999,22.598743,10739594
2017-12-28,29.85,30.1,29.85,30.049999,22.78833,21982618
2017-12-29,30,30.15,30,30.049999,22.78833,13832055
2018-01-02,30.1,30.700001,30.1,30.65,23.24334,46559354
2018-01-03,30.75,30.9,30.65,30.700001,23.281258,52440043
2018-01-04,30.85,31,30.75,30.9,23.432926,54989937
2018-01-05,31,31.1,30.85,30.950001,23.470842,48615208
2018-01-08,31.049999,31.1,30.9,31.049999,23.546675,66816495
2018-01-09,31.15,31.25,31,31.200001,23.660429,51882597
2018-01-10,31.200001,31.450001,31.15,31.25,23.698345,49200373
2018-01-11,31.25,31.35,31.15,31.25,23.698345,35295272
2018-01-12,31.5,31.6,31.4,31.5,23.887936,27651562
2018-01-15,31.75,31.950001,31.5,31.549999,23.925852,40728816
2018-01-16,31.549999,32.099998,31.549999,32.049999,24.305021,52376002
2018-01-17,31.950001,32.150002,31.85,32.099998,24.342943,45588537
2018-01-18,32.349998,32.400002,32.049999,32.299999,24.494608,43298683
2018-01-19,32.200001,32.400002,32.200001,32.400002,24.570446,26346625
2018-01-22,32.5,32.599998,32.200001,32.5,24.646278,64814114
2018-01-23,32.700001,33.150002,32.700001,33.099998,25.101282,75965367
2018-01-24,33.049999,33.25,32.950001,33.150002,25.139208,32914313
2018-01-25,33.200001,33.25,32.849998,32.900002,24.949625,33540703
2018-01-26,33,33.450001,33,33.349998,25.290876,61051111
2018-01-29,33.5,33.75,33.150002,33.150002,25.139208,52002540
2018-01-30,32.950001,33.25,32.700001,32.849998,24.911697,88758168
2018-01-31,32.549999,33.150002,32.549999,33.099998,25.101282,91977355
2018-02-01,33.049999,33.25,32.849998,32.849998,24.911697,19805785
2018-02-02,32.75,33,32.5,32.799999,24.873785,44663023
2018-02-05,31.950001,32.599998,31.950001,32.400002,24.570446,57995620
2018-02-06,31.200001,31.450001,30.75,30.85,23.395006,127551482
2018-02-07,31.5,31.65,30.450001,30.450001,23.091667,75200050
2018-02-08,30.700001,30.9,30.4,30.6,23.20542,40970585
2018-02-09,29.950001,29.950001,29.35,29.65,22.484993,59792893
2018-02-12,29.85,30,29.65,29.65,22.484993,32231898
2018-02-13,30,30.35,29.950001,30.1,22.826248,46140170
2018-02-14,30.200001,30.85,30.15,30.700001,23.281258,26672821
2018-02-15,31,31.35,31,31.25,23.698345,14758784
2018-02-20,31.25,31.549999,30.9,31.049999,23.546675,41325408
2018-02-21,31.1,31.700001,31.1,31.65,24.001686,38760906
2018-02-22,31.450001,31.450001,31.200001,31.200001,23.660429,17562205
2018-02-23,31.549999,31.65,31.4,31.5,23.887936,46697507
2018-02-26,31.700001,31.85,31.549999,31.799999,24.115438,28906529
2018-02-27,32,32.099998,31.4,31.549999,23.925852,33354886
2018-02-28,31.200001,31.35,30.950001,31.1,23.584597,42720665
2018-03-01,30.799999,31.35,30.65,31.299999,23.736263,18758817
2018-03-02,30.950001,30.950001,30.75,30.9,23.432926,38867932
2018-03-05,30.700001,30.950001,30.1,30.200001,22.902082,58585844
2018-03-06,30.65,30.9,30.4,30.799999,23.35709,50727076
2018-03-07,30.450001,30.9,30.35,30.5,23.129587,48762654
2018-03-08,30.75,31.049999,30.700001,31,23.508757,35415450
2018-03-09,31.200001,31.35,31.15,31.299999,23.736263,53307178
2018-03-12,31.799999,31.950001,31.700001,31.85,24.153358,19166922
2018-03-13,31.85,32,31.799999,31.9,24.191271,21880880
2018-03-14,31.6,31.799999,31.450001,31.799999,24.115438,32366152
2018-03-15,31.5,31.950001,31.35,31.85,24.153358,16714392
2018-03-16,31.799999,31.9,31.6,31.799999,24.115438,21741746
2018-03-19,31.799999,32,31.5,31.85,24.153358,38171863
2018-03-20,31.6,31.9,31.450001,31.9,24.191271,29435475
2018-03-21,32,32.349998,31.65,31.700001,24.039606,23039992
2018-03-22,31.85,32,31.299999,31.4,23.812098,21056707
2018-03-23,30.200001,30.65,30.200001,30.549999,23.167503,65122840
2018-03-26,30.5,30.9,30.25,30.9,23.432926,53318098
2018-03-27,31.25,31.299999,31.049999,31.1,23.584597,28238379
2018-03-28,31.1,31.1,30.299999,30.35,23.015837,21777028
2018-03-29,30.450001,30.549999,30.1,30.4,23.053755,18121038
2018-04-03,30.200001,30.65,30.1,30.549999,23.167503,27962097
2018-04-04,30.6,30.65,29.75,29.75,22.560825,31304976
2018-04-06,30,30.35,29.9,30.1,22.826248,46989359
2018-04-09,30.4,30.9,30.25,30.6,23.20542,43085634
2018-04-10,30.549999,31.15,30.5,31.049999,23.546675,25432664
2018-04-11,31.1,31.35,31.049999,31.25,23.698345,27557981
2018-04-12,31.4,31.450001,30.950001,31.200001,23.660429,21109234
2018-04-13,31.299999,31.4,31.049999,31.15,23.622515,34519410
2018-04-16,31.15,31.200001,30.5,30.6,23.20542,26781837
2018-04-17,30.700001,30.85,30.299999,30.35,23.015837,25302991
2018-04-18,30.75,30.799999,30.299999,30.65,23.24334,27272872
2018-04-19,30.799999,31.1,30.799999,31.1,23.584597,21355053
2018-04-20,31,31.200001,30.65,30.700001,23.281258,14061929
2018-04-23,30.65,30.799999,30.5,30.549999,23.167503,29557816
2018-04-24,30.65,31.049999,30.6,30.950001,23.470842,24016171
2018-04-25,30.75,30.799999,30.549999,30.65,23.24334,12396065
2018-04-26,30.700001,30.75,30.200001,30.35,23.015837,33039003
2018-04-27,30.4,30.5,30.200001,30.4,23.175932,10546646
2018-04-30,30.5,31.1,30.5,31.049999,23.671467,18577585
2018-05-02,30.9,31,30.75,30.85,23.518999,23424478
2018-05-03,30.65,30.65,30.25,30.450001,23.21405,28370444
2018-05-04,30.450001,30.5,30,30.1,22.94722,34000669
2018-05-07,30.25,30.35,29.950001,30.200001,23.023458,29914659
2018-05-08,30.200001,30.65,30.200001,30.65,23.366524,32614462
2018-05-09,30.549999,30.799999,30.5,30.75,23.442764,23385415
2018-05-10,30.9,31.049999,30.9,31,23.633348,19681763
2018-05-11,31.25,31.5,31.200001,31.299999,23.862061,53215176
2018-05-14,31.65,31.85,31.65,31.75,24.205124,13573161
2018-05-15,31.75,31.799999,31.4,31.450001,23.976421,15518986
2018-05-16,31.299999,31.450001,31,31.35,23.900177,33330892
2018-05-17,31.65,31.65,31.200001,31.25,23.823942,14247502
2018-05-18,31.299999,31.450001,31.200001,31.35,23.900177,33824807
2018-05-21,31.65,31.799999,31.5,31.6,24.090775,17456502
2018-05-23,31.450001,31.450001,31,31,23.633348,17692129
2018-05-24,31.049999,31.15,30.9,31.1,23.709589,16795196
2018-05-25,31.1,31.15,30.9,31.049999,23.671467,26487440
2018-05-28,31.1,31.25,30.9,31.200001,23.785826,13590401
2018-05-29,30.950001,31.049999,30.799999,30.9,23.557114,18599659
2018-05-30,30.6,30.6,30.299999,30.4,23.175932,26741374
2018-05-31,30.549999,30.950001,30.5,30.950001,23.595234,29689767
2018-06-01,30.9,31,30.799999,30.950001,23.595234,14308680
2018-06-04,31.200001,31.450001,31.15,31.4,23.938297,12518062
2018-06-05,31.35,31.65,31.299999,31.5,24.014536,16806651
2018-06-06,31.5,31.799999,31.5,31.700001,24.167007,22993630
2018-06-07,31.9,32.049999,31.85,31.950001,24.357599,40929963
2018-06-08,31.950001,31.950001,31.299999,31.35,23.900177,73818023
2018-06-11,31.35,31.6,31.299999,31.549999,24.052656,22359616
2018-06-12,31.5,31.700001,31.35,31.6,24.090775,8261719
2018-06-13,31.6,31.6,31.1,31.200001,23.785826,12378484
2018-06-14,31.200001,31.25,30.75,30.950001,23.595234,26703231
2018-06-15,30.799999,31,30.700001,30.75,23.442764,74894967
2018-06-19,30.4,30.450001,29.75,30,22.870983,74766797
2018-06-20,30,30.450001,29.85,30.25,23.061575,69265984
2018-06-21,30.25,30.35,29.700001,29.75,22.680393,36466670
2018-06-22,29.700001,29.950001,29.549999,29.85,22.75663,49098972
2018-06-25,29.85,29.9,29.35,29.5,22.489803,57382623
2018-06-26,29.450001,29.549999,28.950001,29.4,22.413567,75067202
2018-06-27,29.450001,29.450001,28.75,28.85,21.994268,52727703
2018-06-28,28.85,29.1,28.65,29,22.10862,49425387
2018-06-29,29,29.5,29,29.450001,22.451683,37786918
2018-07-03,29.1,29.1,28.450001,29.1,22.184856,127885876
2018-07-04,28.950001,29.1,28.6,28.75,21.918026,51023460
2018-07-05,28.75,28.950001,28.4,28.799999,21.956144,55733041
2018-07-06,28.9,29.15,28.5,28.9,22.032381,54747664
2018-07-09,29.299999,29.549999,29.25,29.450001,22.451683,33654997
2018-07-10,29.6,29.700001,29.4,29.4,22.413567,19363754
2018-07-11,28.799999,29.049999,28.700001,29,22.10862,29132237
2018-07-12,28.85,29.35,28.85,29.200001,22.261095,31528970
2018-07-13,29.450001,29.450001,29.200001,29.25,22.299215,29301875
2018-07-16,29.35,29.4,29,29.25,22.299215,30439288
2018-07-17,29.15,29.200001,28.799999,28.950001,22.070501,20609440
2018-07-18,29,29.1,28.700001,28.799999,21.956144,25275539
2018-07-19,28.9,29,28.65,28.700001,21.87991,23540047
2018-07-20,28.75,29.049999,28.450001,28.950001,22.070501,39789099
2018-07-23,29,29.1,28.799999,29,22.10862,26254434
2018-07-24,29,29.450001,29,29.4,22.413567,27599821
2018-07-25,29.549999,29.700001,29.450001,29.700001,22.642279,32040262
2018-07-26,29.799999,29.799999,29.35,29.450001,22.451683,20093833
2018-07-27,29.450001,29.6,29.299999,29.450001,22.451683,15979465
2018-07-30,29.35,29.6,29.25,29.4,22.413567,9693197
2018-07-31,29.4,29.450001,29.25,29.299999,22.337328,18652240
2018-08-01,29.450001,29.5,28.950001,29,22.10862,33151972
2018-08-02,28.9,28.950001,28.299999,28.4,21.651203,42612518
2018-08-03,28.5,28.5,28.299999,28.35,21.613081,23309565
2018-08-06,28.549999,28.799999,28.450001,28.549999,21.765556,40723378
2018-08-07,28.6,29,28.6,28.950001,22.070501,24903270
2018-08-08,29.1,29.15,28.950001,29.049999,22.146738,17444081
2018-08-09,29,29.5,28.9,29.299999,22.337328,32699746
2018-08-10,29.200001,29.4,28.950001,29,22.10862,39406551
2018-08-13,28.75,28.85,28.5,28.65,21.841791,36061490
2018-08-14,28.700001,28.700001,28.25,28.5,21.72743,33529674
2018-08-15,28.5,28.5,27.950001,28,21.346254,33717225
2018-08-16,27.700001,28.200001,27.65,27.9,21.270016,57313611
2018-08-17,28.1,28.15,27.799999,27.950001,21.308138,47682830
2018-08-20,27.950001,28.4,27.950001,28.35,21.613081,37677927
2018-08-21,28.35,28.549999,28.25,28.5,21.72743,41901056
2018-08-22,28.549999,28.75,28.299999,28.65,21.841791,32419579
2018-08-23,28.75,28.799999,28.4,28.450001,21.689318,16944229
2018-08-24,28.35,28.6,28.25,28.4,21.651203,33373902
2018-08-27,28.700001,29.1,28.700001,29.049999,22.146738,27677424
2018-08-28,29.299999,29.35,29,29.15,22.222977,32946545
2018-08-29,29.15,29.299999,29.1,29.200001,22.261095,38020384
2018-08-30,29.35,29.35,28.950001,28.950001,22.070501,18759017
2018-08-31,28.700001,28.799999,28.549999,28.65,21.841791,18186125
2018-09-03,28.549999,28.65,28.4,28.549999,21.765556,16668435
2018-09-04,28.5,28.85,28.35,28.85,21.994268,27221499
2018-09-05,28.700001,28.75,28,28.049999,21.384369,17687587
2018-09-06,28,28.15,27.65,27.9,21.270016,64871578
2018-09-07,27.75,28.1,27.5,27.799999,21.193779,46308835
2018-09-10,27.799999,27.799999,27.25,27.549999,21.003189,60239653
2018-09-11,27.549999,27.549999,27.25,27.299999,20.812599,58487241
2018-09-12,27.299999,27.35,27.1,27.299999,20.812599,52090318
2018-09-13,27.65,27.9,27.5,27.9,21.270016,66895740
2018-09-14,28.1,28.25,27.9,28.15,21.460609,27859212
2018-09-17,27.950001,27.950001,27.6,27.799999,21.193779,25553112
2018-09-18,27.65,28.1,27.5,27.950001,21.308138,47387470
2018-09-19,28.1,28.450001,27.950001,28.25,21.536844,23592408
2018-09-20,28.450001,28.549999,28.200001,28.35,21.613081,30929885
2018-09-21,28.549999,28.9,28.450001,28.85,21.994268,30086529
2018-09-24,28.700001,28.700001,28.299999,28.35,21.613081,19311933
2018-09-26,28.5,28.950001,28.5,28.700001,21.87991,60717513
2018-09-27,28.700001,28.9,28.549999,28.6,21.803671,22237506
2018-09-28,28.700001,28.85,28.549999,28.65,21.841791,15401563
2018-10-02,28.700001,28.700001,27.9,28,21.346254,40245736
2018-10-03,28,28.200001,27.85,27.950001,21.308138,17791324
2018-10-04,27.85,27.85,27.450001,27.549999,21.003189,50821476
2018-10-05,27.5,27.6,27.299999,27.5,20.965069,56076873
2018-10-08,27.6,27.65,27.049999,27.15,20.698242,22045948
2018-10-09,27.200001,27.299999,26.950001,27.1,20.660126,68161159
2018-10-10,27.25,27.450001,27.1,27.15,20.698242,38162063
2018-10-11,26.4,26.4,26.049999,26.15,19.935877,51547431
2018-10-12,26.35,26.75,26.200001,26.700001,20.355175,55927242
2018-10-15,26.5,26.6,26.299999,26.35,20.08835,36366251
2018-10-16,26.4,26.65,26.15,26.4,20.126467,41896981
2018-10-18,26.549999,26.549999,26.15,26.35,20.08835,45646237
2018-10-19,26.15,26.700001,26.049999,26.5,20.202703,34421788
2018-10-22,26.65,27.200001,26.5,27.1,20.660126,79521211
2018-10-23,27,27,26.25,26.299999,20.05023,57069044
2018-10-24,26.4,26.65,26.15,26.25,20.012114,40800433
2018-10-25,26,26,25.6,26,19.821524,87206397
2018-10-26,26,26,25.5,25.65,19.554691,41468121
2018-10-29,25.85,25.9,25.6,25.799999,19.669048,109020673
2018-10-30,25.75,25.9,25.5,25.6,19.516573,40959234
2018-10-31,25.1,25.15,24.85,25.049999,19.705366,33907533
2018-11-01,25.25,25.700001,25.25,25.5,20.059359,50251232
2018-11-02,26,26.700001,26,26.6,20.924662,69382374
2018-11-05,26.200001,26.299999,25.85,26.049999,20.492006,37975291
2018-11-06,26.15,26.35,26,26.25,20.649334,20856923
2018-11-07,26.299999,26.700001,26.049999,26.299999,20.688669,26627612
2018-11-08,26.450001,26.700001,26.299999,26.4,20.767332,21623897
2018-11-09,26.1,26.1,25.6,25.75,20.25602,25376943
2018-11-12,25.799999,25.950001,25.700001,25.799999,20.295349,40928763
2018-11-13,25.299999,26,25.25,26,20.452677,45718957
2018-11-14,26,26.049999,25.6,25.85,20.334682,14630420
2018-11-15,26.049999,26.35,25.75,26.299999,20.688669,21185928
2018-11-16,26.299999,26.4,26,26.299999,20.688669,21363911
2018-11-19,26.4,26.6,26.299999,26.450001,20.806667,54388175
2018-11-20,26.200001,26.299999,25.9,26.049999,20.492006,20233506
2018-11-21,25.65,26.200001,25.65,26.15,20.570671,17531076
2018-11-22,26.299999,26.299999,26.049999,26.200001,20.610008,5971054
2018-11-23,26.200001,26.200001,25.950001,26.15,20.570671,9910067
2018-11-26,26.25,26.65,26.25,26.549999,20.88533,55260927
2018-11-27,26.5,26.65,26.35,26.450001,20.806667,18987671
2018-11-28,26.5,26.9,26.5,26.799999,21.081989,15968179
2018-11-29,27.049999,27.1,26.549999,26.65,20.963993,28267210
2018-11-30,26.799999,26.9,26.6,26.700001,21.003325,15400878
2018-12-03,27.4,27.5,27.200001,27.4,21.553976,26530663
2018-12-04,27.35,27.450001,27.200001,27.450001,21.593309,37793365
2018-12-05,26.950001,27.15,26.950001,27,21.239319,25859367
2018-12-06,26.65,26.65,26.15,26.35,20.728004,50739152
2018-12-07,26.4,26.5,26.200001,26.200001,20.610008,17307224
2018-12-10,25.950001,26.049999,25.700001,26,20.452677,32736794
2018-12-11,25.9,26.049999,25.799999,25.950001,20.413345,33501421
2018-12-12,26.299999,26.5,26.200001,26.5,20.845993,36466322
2018-12-13,26.549999,26.85,26.5,26.799999,21.081989,17674482
2018-12-14,26.549999,26.549999,26.200001,26.299999,20.688669,19437243
2018-12-17,26.35,26.4,26.200001,26.35,20.728004,14451769
2018-12-18,26.15,26.4,25.85,26,20.452677,25972375
2018-12-19,26.049999,26.15,26,26.049999,20.492006,14318548
2018-12-20,25.950001,26.049999,25.549999,25.85,20.334682,18945946
2018-12-21,25.75,26,25.5,25.950001,20.413345,23380506
2018-12-24,25.950001,25.950001,25.950001,25.950001,20.413345,0
2018-12-27,26.049999,26.15,25.6,25.6,20.13802,20125814
2018-12-28,25.65,25.799999,25.6,25.65,20.177355,7255484
2018-12-31,26,26.15,25.9,26.049999,20.492006,9066033
2019-01-02,25.950001,26,25.200001,25.25,19.862698,45382671
2019-01-03,25.35,25.450001,25.049999,25.25,19.862698,31838388
2019-01-04,25.15,25.85,25.1,25.799999,20.295349,34747027
2019-01-07,26.200001,26.25,25.9,26.049999,20.492006,25451594
2019-01-08,26.1,26.200001,25.9,26,20.452677,35756830
2019-01-09,26.299999,26.85,26.299999,26.65,20.963993,54203075
2019-01-10,26.6,26.799999,26.4,26.75,21.042664,29548145
2019-01-11,26.85,26.9,26.700001,26.799999,21.081989,78966700
2019-01-14,26.799999,26.799999,26.35,26.450001,20.806667,10818037
2019-01-15,26.6,27.049999,26.6,27,21.239319,33768417
2019-01-16,26.9,27.15,26.75,27.1,21.317984,58283159
2019-01-17,27.1,27.25,26.85,27,21.239319,21888289
2019-01-18,27.200001,27.35,27.1,27.25,21.43598,14958359
2019-01-21,27.299999,27.549999,27.25,27.35,21.514643,42403962
2019-01-22,27.450001,27.450001,27,27.15,21.357315,27734125
2019-01-23,27.1,27.35,27.1,27.200001,21.39665,38904933
2019-01-24,27.25,27.35,27.049999,27.299999,21.475311,16384103
2019-01-25,27.4,27.799999,27.4,27.799999,21.868629,30322399
2019-01-28,27.85,28.049999,27.65,27.75,21.829298,52666587
2019-01-29,27.6,27.799999,27.549999,27.700001,21.789967,43617030
2019-01-30,27.75,27.9,27.6,27.799999,21.868629,64822212
2019-01-31,28.049999,28.25,27.950001,28.15,22.143955,22534645
2019-02-01,28.4,28.4,28,28.1,22.10463,15610049
2019-02-04,28.1,28.200001,28.049999,28.15,22.143955,9131935
2019-02-08,28,28.200001,27.700001,28.15,22.143955,22082199
2019-02-11,28.15,28.35,28,28.35,22.301285,11382441
2019-02-12,28.299999,28.450001,28.200001,28.4,22.340611,22837666
2019-02-13,28.4,28.799999,28.35,28.700001,22.576611,51906940
2019-02-14,28.6,28.75,28.450001,28.65,22.537279,23277220
2019-02-15,28.450001,28.5,28,28.1,22.10463,62278109
2019-02-18,28.450001,28.65,28.4,28.6,22.497946,43738344
2019-02-19,28.6,28.75,28.4,28.5,22.419281,77014017
2019-02-20,28.6,28.85,28.6,28.75,22.615944,53047109
2019-02-21,28.75,29.049999,28.65,28.9,22.733938,47112221
2019-02-22,28.75,29.1,28.700001,29.1,22.891266,62791893
2019-02-25,29.25,29.299999,29,29.25,23.00926,56704571
2019-02-26,29.299999,29.299999,29,29.049999,22.851933,21857675
2019-02-27,29.1,29.35,28.950001,29.049999,22.851933,76329805
2019-02-28,29,29.200001,28.85,28.9,22.733938,20148523
2019-03-01,28.9,29.15,28.9,29.1,22.891266,17626149
2019-03-04,29.1,29.549999,29,29.200001,22.969929,57965297
2019-03-05,29.049999,29.299999,28.950001,29.25,23.00926,22813106
2019-03-06,29.25,29.4,29.15,29.299999,23.048594,22885496
2019-03-07,29.299999,29.299999,29,29,22.812601,28442202
2019-03-08,28.700001,28.799999,28.450001,28.5,22.419281,29736709
2019-03-11,28.5,28.85,28.5,28.799999,22.65527,22618894
2019-03-12,29.049999,29.299999,29.049999,29.299999,23.048594,29612879
2019-03-13,29.200001,29.25,29,29.1,22.891266,53898316
2019-03-14,29.1,29.25,29,29.200001,22.969929,13802818
2019-03-15,29.200001,29.549999,29.15,29.4,23.127254,72078293
2019-03-18,29.4,29.75,29.35,29.700001,23.363251,46145492
2019-03-19,29.700001,29.799999,29.6,29.799999,23.441916,45936173
2019-03-20,29.799999,29.799999,29.549999,29.65,23.323919,43388017
2019-03-21,29.6,29.799999,29.35,29.4,23.127254,73070426
2019-03-22,29.5,29.6,29.15,29.4,23.127254,53851634
2019-03-25,28.85,29,28.75,28.85,22.694607,22386487
2019-03-26,28.950001,29,28.75,28.85,22.694607,24999083
2019-03-27,28.85,29.15,28.85,29.1,22.891266,30970153
2019-03-28,28.9,29.15,28.85,29.049999,22.851933,14063585
2019-03-29,29.1,29.450001,29.049999,29.4,23.127254,24919355
2019-04-01,29.700001,29.950001,29.700001,29.9,23.520578,81545076
2019-04-02,29.950001,30,29.85,29.950001,23.559912,35496292
2019-04-03,30.049999,30.35,30,30.25,23.795906,44981281
2019-04-04,30.25,30.4,30.1,30.299999,23.835236,47273297
2019-04-08,30.4,30.5,30.25,30.4,23.913902,29510722
2019-04-09,30.4,30.6,30.35,30.5,23.992563,52429902
2019-04-10,30.4,30.5,30.200001,30.450001,23.953234,68252367
2019-04-11,30.450001,30.5,30.049999,30.15,23.717237,46720510
2019-04-12,30.15,30.200001,30,30.200001,23.756575,67985512
2019-04-15,30.4,30.65,30.1,30.1,23.67791,95154337
2019-04-16,30.1,30.5,30,30.450001,23.953234,51990716
2019-04-17,30.4,30.5,30.299999,30.450001,23.953234,26343751
2019-04-18,30.4,30.4,30.200001,30.25,23.795906,25731339
2019-04-23,30.200001,30.35,30.049999,30.25,23.795906,25872869
2019-04-24,30.299999,30.4,30,30.1,23.67791,21245563
2019-04-25,30,30.200001,29.799999,29.9,23.520578,29247126
2019-04-26,29.75,30,29.75,29.9,23.520578,12249407
2019-04-29,29.85,30.1,29.799999,30.1,23.797295,7773742
2019-04-30,30,30,29.75,29.85,23.599642,20677348
2019-05-02,29.9,30.15,29.85,30.1,23.797295,14225420
2019-05-03,30,30.299999,29.799999,30.25,23.915886,27041403
2019-05-06,29.6,29.6,29.1,29.4,23.243864,37688116
2019-05-07,29.5,29.65,29.299999,29.5,23.322927,28951042
2019-05-08,29.15,29.4,29.1,29.15,23.046213,41512093
2019-05-09,29,29.049999,28.4,28.5,22.532318,47354229
2019-05-10,28.700001,29,28.35,28.700001,22.690443,117249027
2019-05-14,28.200001,28.4,28.1,28.299999,22.374197,90162513
2019-05-15,28.35,28.6,28.299999,28.4,22.453255,145965806
2019-05-16,28.35,28.6,28.25,28.450001,22.492794,118796760
2019-05-17,28.65,28.65,28.1,28.200001,22.295137,120707511
2019-05-20,28.200001,28.25,27.950001,28.049999,22.176542,93531291
2019-05-21,28,28.25,27.85,28,22.137016,88121128
2019-05-22,28.1,28.15,27.9,27.950001,22.097486,69607436
2019-05-23,27.9,27.9,27.5,27.65,21.860306,111842220
2019-05-24,27.65,27.85,27.65,27.75,21.939363,47376015
2019-05-27,27.65,27.75,27.450001,27.65,21.860306,113636723
2019-05-28,27.700001,27.9,27.6,27.75,21.939363,67972961
2019-05-29,27.65,27.799999,27.549999,27.65,21.860306,70109245
2019-05-30,27.75,27.75,27.4,27.549999,21.781239,106684208
2019-05-31,27.5,27.549999,27.25,27.35,21.623121,69225871
2019-06-03,27.200001,27.4,27.15,27.299999,21.583591,95488842
2019-06-04,27.4,27.4,27.1,27.200001,21.504532,91913124
2019-06-05,27.5,27.6,27.25,27.4,21.662651,102181856
2019-06-06,27.35,27.450001,27.299999,27.4,21.662651,62418590
2019-06-10,27.65,28.1,27.65,28.049999,22.176542,57213749
2019-06-11,28.15,28.35,28.049999,28.25,22.334667,54029805
2019-06-12,28.15,28.15,27.700001,27.799999,21.978893,70457963
2019-06-13,27.700001,27.799999,27.25,27.799999,21.978893,124864320
2019-06-14,27.65,27.75,27.5,27.6,21.820774,59104603
2019-06-17,27.75,28.049999,27.700001,27.75,21.939363,105330604
2019-06-18,27.75,28.15,27.700001,27.950001,22.097486,61279965
2019-06-19,28.5,28.799999,28.5,28.65,22.650911,98045818
2019-06-20,28.85,29.1,28.799999,29.1,23.006681,79654880
2019-06-21,29.049999,29.1,28.85,29,22.927624,54400240
2019-06-24,29,29.200001,28.9,29,22.927624,39360948
2019-06-25,29.1,29.1,28.700001,28.700001,22.690443,76386034
2019-06-26,28.6,28.85,28.6,28.75,22.729973,55590046
2019-06-27,28.9,29.25,28.85,29.200001,23.085747,76040099
2019-06-28,29.200001,29.200001,29,29.1,23.006681,49621220
2019-07-02,29.549999,29.700001,29.450001,29.6,23.401989,82008431
2019-07-03,29.5,29.6,29.4,29.549999,23.362459,57369022
2019-07-04,29.6,29.700001,29.5,29.549999,23.362459,82141431
2019-07-05,29.5,29.549999,29.4,29.5,23.322927,40524502
2019-07-08,29.35,29.35,28.85,29,22.927624,77235774
2019-07-09,29,29,28.75,28.799999,22.769499,93461068
2019-07-10,28.9,29,28.799999,28.9,22.848562,60675238
2019-07-11,29.049999,29.299999,29.049999,29.1,23.006681,99624506
2019-07-12,29.1,29.299999,29.049999,29.200001,23.085747,43453623
2019-07-15,29.049999,29.299999,28.75,29.25,23.125275,80949345
2019-07-16,29.299999,29.35,29.15,29.299999,23.164806,47780898
2019-07-17,29.15,29.299999,29.049999,29.299999,23.164806,37860500
2019-07-18,29.15,29.200001,29.049999,29.15,23.046213,68641832
2019-07-19,29.299999,29.549999,29.25,29.450001,23.283398,49637468
2019-07-22,29.35,29.35,28.950001,29,22.927624,65010954
2019-07-23,29.049999,29.200001,29,29.15,23.046213,42408832
2019-07-24,29.25,29.5,29.200001,29.200001,23.085747,53588682
2019-07-25,29.25,29.35,29.200001,29.299999,23.164806,52637537
2019-07-26,29.15,29.200001,29,29.049999,22.967152,82289514
2019-07-29,29,29.049999,28.6,28.799999,22.769499,53387232
2019-07-30,28.799999,29,28.799999,28.85,22.809032,38203407
2019-07-31,28.65,28.65,28.35,28.5,22.532318,49888937
2019-08-01,28.35,28.450001,28.15,28.299999,22.374197,64375664
2019-08-02,27.950001,27.950001,27.5,27.6,21.820774,74892357
2019-08-05,27.200001,27.200001,26.75,26.85,21.227818,85864877
2019-08-06,26.299999,26.799999,26.1,26.75,21.14876,200690347
2019-08-07,26.85,26.85,26.4,26.75,21.14876,103522692
2019-08-08,26.700001,27,26.700001,26.85,21.227818,91018512
2019-08-09,26.950001,27,26.6,26.65,21.069695,64447175
2019-08-12,26.5,26.799999,26.5,26.5,20.951101,42716756
2019-08-13,26.15,26.299999,25.9,26,20.555799,132024838
2019-08-14,26.450001,26.450001,25.85,25.950001,20.516272,87058362
2019-08-15,25.700001,26.299999,25.6,26.200001,20.713926,115962605
2019-08-16,26.15,26.549999,26.049999,26.5,20.951101,90216413
2019-08-19,26.700001,27.1,26.700001,26.950001,21.306879,69817488
2019-08-20,26.9,27.1,26.85,27,21.346409,61545686
2019-08-21,26.9,27.049999,26.799999,27,21.346409,94845899
2019-08-22,27,27,26.65,26.799999,21.188288,103427228
2019-08-23,26.75,27,26.65,26.9,21.267347,62635447
2019-08-26,26.1,26.450001,25.950001,26.450001,20.911573,146369894
2019-08-27,26.450001,26.549999,26.299999,26.4,20.87204,88264649
2019-08-28,26.5,26.6,26.299999,26.35,20.832514,64730790
2019-08-29,26.35,26.5,26.1,26.450001,20.911573,61319786
2019-08-30,26.799999,26.799999,26.299999,26.5,20.951101,85223345
2019-09-02,26.35,26.450001,26.25,26.4,20.87204,51248932
2019-09-03,26.4,26.5,26.25,26.299999,20.792984,62159404
2019-09-04,26.4,27.549999,26.4,27.299999,21.583591,116406392
2019-09-05,27.35,27.65,27.1,27.4,21.662651,54012900
2019-09-06,27.6,27.65,27.35,27.450001,21.702181,96897467
2019-09-09,27.549999,27.65,27.450001,27.549999,21.781239,89071255
2019-09-10,27.65,27.700001,27.450001,27.549999,21.781239,49071424
2019-09-11,27.65,28.049999,27.549999,27.950001,22.097486,90324910
2019-09-12,28.200001,28.200001,27.85,27.950001,22.097486,61080860
2019-09-13,28.049999,28.299999,27.950001,28.200001,22.295137,66372571
2019-09-16,28.1,28.1,27.85,27.950001,22.097486,71374309
2019-09-17,27.9,27.9,27.549999,27.65,21.860306,49162208
2019-09-18,27.700001,27.799999,27.6,27.65,21.860306,35200428
2019-09-19,27.65,27.700001,27.25,27.35,21.623121,71500202
2019-09-20,27.450001,27.5,27.299999,27.35,21.623121,107658107
2019-09-23,27.25,27.4,27.049999,27.1,21.42547,53140708
2019-09-24,27.200001,27.299999,27.15,27.200001,21.504532,41105540
2019-09-25,27.049999,27.1,26.799999,26.85,21.227818,91839396
2019-09-26,26.9,27,26.799999,26.9,21.267347,53709197
2019-09-27,26.85,26.950001,26.700001,26.85,21.227818,48848050
2019-09-30,26.700001,27.049999,26.65,26.950001,21.306879,64591820
2019-10-02,26.75,27,26.65,26.9,21.267347,55845942
2019-10-03,26.700001,27.1,26.700001,27,21.346409,86275240
2019-10-04,27.049999,27.049999,26.450001,26.700001,21.109226,75955344
2019-10-08,26.700001,27.15,26.6,26.799999,21.188288,75140488
2019-10-09,26.65,26.75,26.549999,26.6,21.030163,56921587
2019-10-10,26.5,26.75,26.450001,26.6,21.030163,51400322
2019-10-11,26.85,27.35,26.85,27.299999,21.583591,101862855
2019-10-14,27.450001,27.6,27.299999,27.450001,21.702181,85379861
2019-10-15,27.5,27.549999,27.35,27.4,21.662651,48833172
2019-10-16,27.450001,27.65,27.299999,27.549999,21.781239,90047787
2019-10-17,27.65,27.9,27.65,27.799999,21.978893,73675252
2019-10-18,27.799999,27.950001,27.549999,27.65,21.860306,79190337
2019-10-21,27.65,27.75,27.6,27.6,21.820774,83895448
2019-10-22,27.700001,27.799999,27.65,27.700001,21.899834,49147884
2019-10-23,27.700001,27.75,27.4,27.5,21.741713,85130557
2019-10-24,27.549999,27.799999,27.5,27.65,21.860306,58403635
2019-10-25,27.700001,27.75,27.549999,27.65,21.860306,40880957
2019-10-28,27.700001,27.950001,27.700001,27.799999,21.978893,72586937
2019-10-29,28,28,27.65,27.75,21.939363,81339245
2019-10-30,27.700001,27.75,27.549999,27.6,21.820774,78019348
2019-10-31,27,27.200001,26.85,27.049999,22.007898,46923492
2019-11-01,26.950001,27.299999,26.950001,27.299999,22.211302,61181768
2019-11-04,27.5,27.75,27.450001,27.75,22.577419,80437283
2019-11-05,27.9,27.9,27.6,27.85,22.658781,87727823
2019-11-06,27.799999,27.950001,27.65,27.85,22.658781,86210010
2019-11-07,27.799999,28.1,27.65,28,22.780821,88562441
2019-11-08,28.049999,28.049999,27.75,27.799999,22.618099,70597436
2019-11-11,27.549999,27.549999,26.950001,27.1,22.04858,100573424
2019-11-12,27.25,27.25,26.950001,27.200001,22.129944,132943563
2019-11-13,26.9,26.9,26.6,26.700001,21.723143,58659960
2019-11-14,26.700001,26.799999,26.35,26.549999,21.601103,77051222
2019-11-15,26.700001,26.75,26.450001,26.5,21.560419,62294583
2019-11-18,26.6,26.85,26.549999,26.799999,21.804502,72785594
2019-11-19,26.799999,27.299999,26.75,27.25,22.170622,85571692
2019-11-20,27.049999,27.15,26.950001,27.049999,22.007898,44435164
2019-11-21,26.75,26.75,26.450001,26.6,21.641781,96333978
2019-11-22,26.75,26.85,26.65,26.75,21.763823,52534353
2019-11-25,26.85,27.299999,26.85,27.15,22.089262,29884976
2019-11-26,27.4,27.450001,27.1,27.1,22.04858,52343758
2019-11-27,27.1,27.200001,27.049999,27.15,22.089262,39484533
2019-11-28,27,27.200001,26.950001,27.049999,22.007898,34769427
2019-11-29,27.049999,27.049999,26.450001,26.5,21.560419,80370437
2019-12-02,26.65,26.700001,26.549999,26.65,21.682459,38406728
2019-12-03,26.5,26.65,26.200001,26.549999,21.601103,97660808
2019-12-04,26.200001,26.35,26.15,26.25,21.357018,51298151
2019-12-05,26.4,26.450001,26.25,26.450001,21.519741,27618048
2019-12-06,26.549999,26.75,26.5,26.65,21.682459,30535397
2019-12-09,26.6,26.799999,26.6,26.700001,21.723143,81210016
2019-12-10,26.6,26.75,26.549999,26.6,21.641781,47959416
2019-12-11,26.6,26.9,26.549999,26.799999,21.804502,98854926
2019-12-12,26.950001,27.25,26.950001,27.200001,22.129944,109595687
2019-12-13,27.700001,27.9,27.6,27.85,22.658781,139479853
2019-12-16,27.799999,27.950001,27.65,27.700001,22.536743,51941295
2019-12-17,27.9,28.1,27.75,28,22.780821,100498172
2019-12-18,28.049999,28.200001,27.950001,28.049999,22.821499,107599518
2019-12-19,28.15,28.15,27.85,28,22.780821,46900379
2019-12-20,28,28.200001,27.950001,28.15,22.902861,92567777
2019-12-23,28.200001,28.200001,28,28.1,22.862185,65703353
2019-12-24,28.1,28.15,27.950001,28,22.780821,35644521
2019-12-27,28.299999,28.450001,28.200001,28.4,23.10626,36697521
2019-12-30,28.450001,28.65,28.35,28.549999,23.2283,85592063
2019-12-31,28.549999,28.549999,28.549999,28.549999,23.2283,0
2020-01-02,28.5,28.75,28.4,28.700001,23.350348,95691454
2020-01-03,29,29.1,28.6,28.65,23.309664,112058550
2020-01-06,28.450001,28.6,28.200001,28.450001,23.146942,107027624
2020-01-07,28.549999,28.700001,28.4,28.450001,23.146942,54893927
2020-01-08,28.1,28.4,28,28.25,22.984224,142130403
2020-01-09,28.549999,28.799999,28.5,28.799999,23.431702,67247491
2020-01-10,28.85,28.9,28.65,28.799999,23.431702,69392727
2020-01-13,28.9,29.200001,28.85,29.15,23.716463,102474373
2020-01-14,29.35,29.35,29,29.049999,23.635105,120942370
2020-01-15,29.1,29.200001,28.799999,28.950001,23.553743,86418877
2020-01-16,29,29.200001,28.9,29,23.594419,85179535
2020-01-17,29.15,29.299999,29,29.200001,23.757143,49843734
2020-01-20,29.299999,29.35,28.950001,28.950001,23.553743,89520667
2020-01-21,28.799999,28.799999,28.15,28.15,22.902861,155784590
2020-01-22,28.299999,28.6,28.1,28.549999,23.2283,110731679
2020-01-23,28.25,28.299999,27.85,28,22.780821,143550990
2020-01-24,28,28.15,27.950001,28.1,22.862185,32397568
2020-01-29,27.25,27.549999,27.25,27.299999,22.211302,101137185
2020-01-30,27.200001,27.35,26.5,26.65,21.682459,106728215
2020-01-31,26.9,27,26.450001,26.5,21.560419,98950650
2020-02-03,26.4,26.700001,26.299999,26.5,21.560419,120022848
2020-02-04,26.65,26.9,26.6,26.85,21.845179,114514463
2020-02-05,27.049999,27.1,26.799999,26.950001,21.92654,143123827
2020-02-06,27.1,27.85,27.1,27.700001,22.536743,151770178
2020-02-07,27.5,27.6,27.4,27.549999,22.4147,86692761
2020-02-10,27.25,27.5,27.200001,27.4,22.292662,104720360
2020-02-11,27.65,27.9,27.6,27.75,22.577419,86362866
2020-02-12,27.9,28.1,27.799999,28.049999,22.821499,94604806
2020-02-13,28.049999,28.1,27.85,27.950001,22.740143,54798571
2020-02-14,27.9,28.200001,27.9,28,22.780821,55702178
2020-02-17,28,28.25,27.950001,28.15,22.902861,115686010
2020-02-18,27.950001,27.950001,27.700001,27.700001,22.536743,83984895
2020-02-19,27.75,27.950001,27.700001,27.85,22.658781,105140351
2020-02-20,27.950001,28,27.549999,27.75,22.577419,62147226
2020-02-21,27.6,27.65,27.450001,27.5,22.374018,60029737
2020-02-24,27.35,27.35,26.950001,27.049999,22.007898,169033039
2020-02-25,26.9,27.1,26.85,27.1,22.04858,122948061
2020-02-26,26.700001,26.950001,26.65,26.950001,21.92654,144047975
2020-02-27,26.75,27.15,26.65,27.15,22.089262,136083225
2020-02-28,26.5,26.6,26.200001,26.450001,21.519741,185048108
2020-03-02,26.35,26.700001,26.35,26.65,21.682459,95848245
2020-03-03,27,27,26.5,26.6,21.641781,102995570
2020-03-04,26.6,26.700001,26.25,26.549999,21.601103,91543405
2020-03-05,26.6,27.1,26.549999,27.049999,22.007898,97493042
2020-03-06,26.75,26.75,26.299999,26.5,21.560419,60076836
2020-03-09,26.450001,26.450001,26.450001,26.450001,21.519741,0
2020-03-10,25.450001,25.450001,25.450001,25.450001,20.706142,0
2020-03-11,25.75,25.75,25.75,25.75,20.950222,0
2020-03-12,25.549999,25.549999,25.549999,25.549999,20.787497,0
2020-03-13,24.6,24.6,24.6,24.6,20.014582,0
2020-03-16,24.4,24.4,24.4,24.4,19.851858,0
2020-03-17,23.35,23.35,23.35,23.35,18.997578,0
2020-03-18,23.6,23.6,23.6,23.6,19.200977,0
2020-03-19,22.6,22.75,21.35,22,17.899221,124290338
2020-03-20,22.450001,23.1,22.450001,23.1,18.79418,55333764
2020-03-23,21.950001,22.35,21.9,22,17.899221,65169679
2020-03-24,22.75,23.049999,22.65,23.049999,18.753496,71232555
2020-03-25,23.5,23.950001,23.299999,23.799999,19.363695,87995501
2020-03-26,23.549999,23.85,23.4,23.6,19.200977,70464827
2020-03-27,24.1,24.15,23.6,23.75,19.323015,96234849
2020-03-30,23.25,23.75,23.200001,23.4,19.038256,112256740
2020-03-31,23.799999,23.950001,23.5,23.85,19.404381,60197538
2020-04-01,23.549999,23.85,23.15,23.299999,18.956896,79926471
2020-04-02,23,23.5,22.950001,23.5,19.119619,44149742
2020-04-03,23.4,23.5,23.25,23.450001,19.078939,34328247
2020-04-06,23.799999,24.1,23.5,23.950001,19.485743,44548477
2020-04-07,24.299999,24.549999,24,24.5,19.93322,89159307
2020-04-08,24.35,24.450001,24.049999,24.200001,19.689142,69780885
2020-04-09,24.4,24.6,24.25,24.5,19.93322,68922530
2020-04-14,24.5,24.799999,24.5,24.700001,20.095936,43768033
2020-04-15,24.75,24.9,24.25,24.299999,19.770498,78414497
2020-04-16,24.200001,24.35,24.049999,24.25,19.729815,82430263
2020-04-17,24.700001,24.950001,24.5,24.549999,19.9739,99014430
2020-04-20,24.6,24.75,24.4,24.6,20.014582,93356460
2020-04-21,24.450001,24.5,23.85,24,19.526421,87513044
2020-04-22,23.75,24.200001,23.65,24.1,19.607777,108986661
2020-04-23,24.200001,24.35,24,24.15,19.648458,95814392
2020-04-24,24.1,24.200001,23.950001,24.049999,19.567093,60422794
2020-04-27,24.299999,24.6,24.299999,24.5,19.93322,70193900
2020-04-28,24.549999,24.799999,24.299999,24.75,20.210865,52651762
2020-04-29,24.85,25.049999,24.700001,24.75,20.210865,86205347
2020-05-04,24,24,23.700001,23.75,19.39426,69311051
2020-05-05,23.85,24.1,23.799999,24,19.598415,46857955
2020-05-06,23.950001,24.4,23.950001,24.35,19.884224,82705898
2020-05-07,24.200001,24.25,24.049999,24.15,19.720903,47857289
2020-05-08,24.35,24.450001,24.25,24.4,19.925053,73225297
2020-05-11,24.6,24.950001,24.6,24.799999,20.251696,75152415
2020-05-12,24.549999,24.6,24.25,24.450001,19.965883,65784729
2020-05-13,24.25,24.549999,24.15,24.35,19.884224,73324055
2020-05-14,24.25,24.25,23.950001,24,19.598415,65820411
2020-05-15,24,24.200001,23.85,24,19.598415,89797013
2020-05-18,23.950001,24.200001,23.9,24.200001,19.761736,42696146
2020-05-19,24.6,24.799999,24.5,24.6,20.088377,60472570
2020-05-20,24.6,24.75,24.5,24.65,20.129206,52810064
2020-05-21,24.700001,24.75,24.4,24.450001,19.965883,64763338
2020-05-22,24.049999,24.049999,23.049999,23.15,18.904305,174610313
2020-05-25,23,23.25,22.75,23.15,18.904305,110547335
2020-05-26,23.4,23.75,23.4,23.65,19.312601,149869942
2020-05-27,23.75,23.75,23.35,23.5,19.190115,96003774
2020-05-28,23.35,23.700001,23,23.35,19.067623,208391411
2020-05-29,23,23.35,23,23.200001,18.945135,155968233
2020-06-01,23.799999,24.120001,23.799999,23.98,19.582083,122753194
2020-06-02,24.02,24.299999,24,24.26,19.81073,176613547
2020-06-03,24.68,24.719999,24.540001,24.68,20.153702,124125743
2020-06-04,24.940001,24.98,24.58,24.719999,20.186363,156556550
2020-06-05,24.719999,25.219999,24.639999,25.139999,20.529335,115610853
2020-06-08,25.34,25.42,25.059999,25.139999,20.529335,114933961
2020-06-09,25.26,25.639999,25.219999,25.440001,20.774319,67431367
2020-06-10,25.48,25.719999,25.360001,25.459999,20.790649,129640187
2020-06-11,25.459999,25.48,24.860001,24.860001,20.30069,128960030
2020-06-12,24.379999,24.74,24.299999,24.700001,20.170031,65212851
2020-06-15,24.42,24.66,24.059999,24.200001,19.761736,67236368
2020-06-16,24.74,24.940001,24.700001,24.799999,20.251696,54592593
2020-06-17,24.780001,24.940001,24.58,24.9,20.333351,38810665
2020-06-18,24.799999,24.879999,24.5,24.879999,20.317024,34244296
2020-06-19,24.860001,25.200001,24.719999,25.059999,20.464008,64024140
2020-06-22,24.98,25.1,24.84,25,20.415018,42924172
2020-06-23,24.98,25.379999,24.620001,25.360001,20.708996,69170630
2020-06-24,25.52,25.559999,25.24,25.24,20.611,41065891
2020-06-26,25.1,25.219999,25,25,20.415018,39282351
2020-06-29,25,25.08,24.559999,24.76,20.21903,70949437
2020-06-30,25,25.08,24.719999,24.9,20.333351,47687366
2020-07-02,25.24,25.74,25.24,25.700001,20.986637,56071003
2020-07-03,25.799999,26.08,25.780001,25.92,21.166286,76449395
2020-07-06,26.139999,27.1,26.139999,26.940001,21.99922,164419286
2020-07-07,27.18,27.459999,26.58,26.639999,21.754238,112920333
2020-07-08,26.76,27,26.559999,26.74,21.835899,67476611
2020-07-09,26.98,27.059999,26.68,26.879999,21.950222,39781160
2020-07-10,26.6,26.82,26.219999,26.34,21.50926,68037043
2020-07-13,26.5,26.780001,26.4,26.48,21.623581,35898160
2020-07-14,26.360001,26.360001,25.92,26.16,21.36227,50108482
2020-07-15,26.48,26.58,25.98,26.18,21.378603,57137181
2020-07-16,26.18,26.280001,25.58,25.66,20.95397,52858074
2020-07-17,25.82,25.940001,25.68,25.799999,21.068295,48186109
2020-07-20,25.780001,25.879999,25.4,25.719999,21.002964,43464011
2020-07-21,26.08,26.280001,26.02,26.280001,21.460262,31669935
2020-07-22,26.24,26.459999,25.68,25.68,20.970304,132662202
2020-07-23,25.82,26,25.639999,25.9,21.149954,18536304
2020-07-24,25.74,25.799999,25.26,25.360001,20.708996,50411461
2020-07-27,25.559999,25.66,25.200001,25.360001,20.708996,44898682
2020-07-28,25.6,25.620001,25.34,25.459999,20.790649,30236273
2020-07-29,25.459999,25.58,25.34,25.52,20.839647,23270483
2020-07-30,25.6,25.879999,25.26,25.34,20.692659,63944454
2020-07-31,25.379999,25.639999,25.200001,25.26,20.627329,45245856
2020-08-03,25.26,25.280001,24.9,25.120001,20.513008,34523571
2020-08-04,25.299999,25.76,25.200001,25.620001,20.92131,42005921
2020-08-05,25.700001,25.860001,25.540001,25.799999,21.068295,41502814
2020-08-06,25.84,25.879999,25.280001,25.6,20.904974,47394786
2020-08-07,25.559999,25.559999,24.84,25.18,20.562,50509750
2020-08-10,25,25.18,24.92,25.1,20.496674,34776265
2020-08-11,25.24,25.700001,25.24,25.559999,20.872313,45879029
2020-08-12,25.5,25.98,25.34,25.879999,21.133619,65729272
2020-08-13,26.040001,26.139999,25.799999,25.9,21.149954,64156897
2020-08-14,25.879999,26.059999,25.74,25.82,21.084625,65480833
2020-08-17,25.860001,26.280001,25.860001,26,21.231613,80995616
2020-08-18,26.059999,26.139999,25.92,26.02,21.24795,57547908
2020-08-19,26,26.040001,25.76,25.879999,21.133619,23154645
2020-08-20,25.700001,25.700001,25.280001,25.440001,20.774319,71184466
2020-08-21,25.6,25.879999,25.559999,25.780001,21.051958,55746563
2020-08-24,25.98,26.26,25.98,26.18,21.378603,88492781
2020-08-25,26.280001,26.299999,26.040001,26.16,21.36227,61338340
2020-08-26,26.18,26.299999,26.02,26.120001,21.329607,36487012
2020-08-27,26.16,26.219999,25.879999,25.959999,21.198952,55921651
2020-08-28,25.940001,26.5,25.940001,26.120001,21.329607,97626559
2020-08-31,26.299999,26.559999,25.84,25.84,21.100958,95589601
2020-09-01,25.9,26,25.639999,25.879999,21.133619,63275147
2020-09-02,25.9,25.98,25.639999,25.82,21.084625,79730594
2020-09-03,25.780001,25.98,25.58,25.719999,21.002964,66067349
2020-09-04,25.48,25.6,25.219999,25.52,20.839647,142764473
2020-09-07,25.379999,25.66,25.24,25.440001,20.774319,92890901
2020-09-08,25.52,25.540001,25.08,25.379999,20.725323,109910470
2020-09-09,25.1,25.280001,24.959999,25.24,20.611,105657537
2020-09-10,25.4,25.4,25.059999,25.139999,20.529335,45830875
2020-09-11,25.139999,25.34,25.040001,25.26,20.627329,46624013
2020-09-14,25.34,25.52,25.299999,25.4,20.741655,45188327
2020-09-15,25.379999,25.58,25.360001,25.52,20.839647,45849724
2020-09-16,25.540001,25.639999,25.42,25.48,20.806982,40006217
2020-09-17,25.4,25.48,25.02,25.120001,20.513008,64867486
2020-09-18,25.24,25.26,25.08,25.24,20.611,48822387
2020-09-21,25.24,25.360001,24.700001,24.719999,20.186363,124941905
2020-09-22,24.620001,24.68,24.440001,24.5,20.006714,93247378
2020-09-23,24.48,24.58,24.32,24.52,20.023046,91849416
2020-09-24,24.34,24.360001,23.98,24.120001,19.696409,134397017
2020-09-25,24.219999,24.280001,23.9,24.059999,19.647409,77083932
2020-09-28,24.24,24.299999,24.02,24.280001,19.827063,79254256
2020-09-29,24.34,24.34,24.02,24.08,19.663742,70395345
2020-09-30,24.200001,24.58,24.139999,24.280001,19.827063,56320305
2020-10-05,24.719999,24.719999,24.440001,24.52,20.023046,52447556
2020-10-06,24.620001,24.799999,24.620001,24.780001,20.235361,41529205
2020-10-07,24.780001,25.059999,24.700001,25.059999,20.464008,51322696
2020-10-08,25.040001,25.040001,24.799999,24.940001,20.366016,74046496
2020-10-09,25.1,25.139999,24.84,24.98,20.39868,30779128
2020-10-12,25.02,25.52,24.98,25.48,20.806982,47534936
2020-10-14,25.559999,25.559999,25.280001,25.42,20.757984,49829090
2020-10-15,25.379999,25.379999,24.879999,24.9,20.333351,79376147
2020-10-16,25.040001,25.26,25,25.200001,20.578333,52032884
2020-10-19,25.299999,25.58,25.26,25.32,20.676323,54672234
2020-10-20,25.32,25.4,25.24,25.34,20.692659,66273751
2020-10-21,25.559999,25.66,25.42,25.540001,20.855978,83432750
2020-10-22,25.459999,25.620001,25.34,25.559999,20.872313,51803913
2020-10-23,25.540001,25.780001,25.459999,25.700001,20.986637,48713861
2020-10-27,25.559999,25.639999,25.379999,25.52,20.839647,37362207
2020-10-28,25.52,25.620001,25.379999,25.459999,20.790649,62531482
2020-10-29,25.18,25.459999,25.040001,25.379999,20.725323,78352587
2020-10-30,24.6,24.719999,24.139999,24.24,20.322887,79283571
2020-11-02,24.360001,24.620001,24.360001,24.6,20.624714,46754138
2020-11-03,24.799999,25.219999,24.799999,25.120001,21.060686,84218849
2020-11-04,25,25.24,24.84,25,20.960077,100126031
2020-11-05,25.66,25.82,25.459999,25.700001,21.546959,84654671
2020-11-06,25.879999,25.940001,25.700001,25.879999,21.697866,87980136
2020-11-09,26.299999,26.34,26.1,26.16,21.932625,72290066
2020-11-10,26.5,26.6,26.219999,26.4,22.133839,83898696
2020-11-11,26.32,26.6,26.32,26.4,22.133839,97636305
2020-11-12,26.52,26.639999,26.219999,26.34,22.083538,166116917
2020-11-13,26.24,26.32,26.08,26.299999,22.050001,91234196
2020-11-16,26.58,26.58,26.360001,26.540001,22.251221,92118685
2020-11-17,26.620001,26.68,26.5,26.58,22.284752,71577163
2020-11-18,26.58,26.799999,26.52,26.68,22.368595,124478212
2020-11-19,26.620001,26.620001,26.48,26.52,22.234446,117289137
2020-11-20,26.58,26.719999,26.5,26.58,22.284752,86855298
2020-11-23,26.780001,26.84,26.540001,26.639999,22.335056,62833738
2020-11-24,26.66,26.76,26.58,26.74,22.418894,80822471
2020-11-25,26.940001,27.219999,26.76,26.780001,22.452433,180749789
2020-11-26,26.799999,26.959999,26.799999,26.940001,22.586578,81798731
2020-11-27,26.959999,27.200001,26.879999,27.08,22.703949,91551465
2020-11-30,27.040001,27.1,26.52,26.559999,22.267984,70778729
2020-12-01,26.6,26.82,26.559999,26.719999,22.402128,138963572
2020-12-02,26.719999,26.780001,26.52,26.68,22.368595,126219020
2020-12-03,26.719999,26.98,26.719999,26.9,22.55304,142320347
2020-12-04,26.92,27,26.82,26.98,22.620111,110577585
2020-12-07,26.959999,26.959999,26.42,26.620001,22.318293,207037986
2020-12-08,26.620001,26.620001,26.440001,26.459999,22.184141,61081291
2020-12-09,26.58,26.860001,26.58,26.68,22.368595,100417252
2020-12-10,26.58,26.620001,26.440001,26.6,22.301519,51166053
2020-12-11,26.700001,26.879999,26.620001,26.700001,22.385361,83817969
2020-12-14,26.700001,26.700001,26.48,26.58,22.284752,106098005
2020-12-15,26.559999,26.559999,26.280001,26.4,22.133839,108816090
2020-12-16,26.5,26.68,26.48,26.68,22.368595,65183729
2020-12-17,26.68,26.860001,26.58,26.860001,22.519506,76375643
2020-12-18,26.799999,26.82,26.52,26.6,22.301519,90258555
2020-12-21,26.6,26.68,26.440001,26.459999,22.184141,65747097
2020-12-22,26.42,26.540001,26.16,26.299999,22.050001,80171852
2020-12-23,26.26,26.52,26.24,26.52,22.234446,54078882
2020-12-24,26.6,26.6,26.6,26.6,22.301519,0
2020-12-28,26.58,26.700001,26.459999,26.48,22.200912,96582169
2020-12-29,26.620001,26.780001,26.6,26.74,22.418894,73601104
2020-12-30,26.799999,27.360001,26.799999,27.34,22.921936,154202172
2020-12-31,27.440001,27.440001,27.440001,27.440001,23.005777,0
2021-01-04,27.360001,27.68,27.32,27.639999,23.173458,228402605
2021-01-05,27.48,27.879999,27.34,27.74,23.257299,139782911
2021-01-06,27.799999,27.940001,27.58,27.84,23.341143,145424037
2021-01-07,27.84,27.92,27.620001,27.700001,23.223764,134972086
2021-01-08,27.719999,28.120001,27.719999,28.02,23.492054,137061944
2021-01-11,28.120001,28.34,27.92,28.120001,23.575893,181701554
2021-01-12,28,28.440001,27.940001,28.4,23.810642,93943696
2021-01-13,28.4,28.559999,28.32,28.4,23.810642,83291762
2021-01-14,28.52,28.68,28.440001,28.639999,24.011862,68101095
2021-01-15,28.6,28.84,28.48,28.780001,24.129236,119929592
2021-01-18,28.58,29.02,28.559999,29,24.313686,113377041
2021-01-19,29.219999,30.08,29.219999,29.799999,24.984409,199207037
2021-01-20,29.799999,30.16,29.799999,30.08,25.21916,109706843
2021-01-21,30.120001,30.34,29.959999,30.059999,25.202393,141578283
2021-01-22,30,30.059999,29.58,29.620001,24.833498,115067230
2021-01-25,29.82,30.360001,29.82,30.280001,25.386845,87663207
2021-01-26,30.1,30.139999,29.52,29.559999,24.783192,149976152
2021-01-27,29.620001,29.799999,29.379999,29.459999,24.69935,95880766
2021-01-28,29.120001,29.32,28.6,28.700001,24.062168,247389991
2021-01-29,28.9,29.08,28.42,28.459999,23.860947,141637546
2021-02-01,28.540001,29.16,28.540001,29.059999,24.363991,129783654
2021-02-02,29.26,29.66,29.26,29.42,24.665819,81083580
2021-02-03,29.48,29.48,29.120001,29.459999,24.69935,95317398
2021-02-04,29.32,29.58,28.940001,29.24,24.514902,107379704
2021-02-05,29.459999,29.66,29.34,29.48,24.716124,174172378
2021-02-08,29.719999,29.879999,29.440001,29.5,24.732889,152370247
2021-02-09,29.540001,29.700001,29.440001,29.58,24.799957,106806595
2021-02-10,29.860001,30.280001,29.860001,30.26,25.370077,102634411
2021-02-11,30.32,30.32,30.32,30.32,25.42038,0
2021-02-16,30.719999,30.98,30.68,30.9,25.906652,146038534
2021-02-17,30.700001,31.34,30.639999,31.24,26.19171,156462589
2021-02-18,31.299999,31.299999,30.719999,30.780001,25.806044,278673260
2021-02-19,30.700001,30.860001,30.26,30.799999,25.822811,176854354
2021-02-22,31.02,31.18,30.440001,30.52,25.58806,170119979
2021-02-23,30.4,31.139999,30.34,30.799999,25.822811,139979605
2021-02-24,31,31,29.74,29.879999,25.051477,340256196
2021-02-25,30.24,30.620001,30,30.32,25.42038,260385453
2021-02-26,29.700001,29.76,29.18,29.219999,24.498135,265158847
2021-03-01,29.540001,29.68,29.360001,29.58,24.799957,63139114
2021-03-02,29.74,29.92,29.120001,29.24,24.514902,307064616
2021-03-03,29.299999,30.1,29.299999,30,25.152092,144071549
2021-03-04,29.58,29.76,29.26,29.42,24.665819,159091833
2021-03-05,29,29.559999,28.700001,29.24,24.514902,259968152
2021-03-08,29.58,29.58,28.6,28.74,24.095703,92655836
2021-03-09,28.860001,29.24,28.559999,28.959999,24.280149,136263489
2021-03-10,29.299999,29.34,28.940001,29.139999,24.431065,65562530
2021-03-11,29.18,29.68,29.18,29.58,24.799957,77424032
2021-03-12,29.799999,29.799999,28.98,29,24.313686,93625000
2021-03-15,29.16,29.42,28.9,29.120001,24.414297,123480221
2021-03-16,29.32,29.379999,29.120001,29.26,24.531673,82439909
2021-03-17,29.280001,29.440001,29.040001,29.299999,24.565207,107180831
2021-03-18,29.58,29.84,29.58,29.66,24.867033,115320699
2021-03-19,29.48,29.52,29,29.18,24.464603,65560557
2021-03-22,29.08,29.4,29.059999,29.1,24.397524,52206663
2021-03-23,29.18,29.26,28.620001,28.799999,24.146008,130071848
2021-03-24,28.719999,28.76,28.059999,28.120001,23.575893,73412137
2021-03-25,27.98,28.26,27.780001,28.16,23.609426,75622007
2021-03-26,28.26,28.68,28.26,28.559999,23.944792,60283922
2021-03-29,28.559999,28.76,28.379999,28.620001,23.995096,71440110
2021-03-30,28.68,28.98,28.639999,28.82,24.162775,70138159
2021-03-31,29,29.040001,28.6,28.66,24.028629,51539018
2021-04-01,28.82,29.219999,28.76,29.16,24.44783,119073490
2021-04-07,29.32,29.360001,28.860001,28.9,24.229847,70149604
2021-04-08,28.76,29.34,28.76,29.280001,24.548439,61542723
2021-04-09,29.32,29.32,28.860001,29,24.313686,109682038
2021-04-12,29,29.059999,28.540001,28.639999,24.011862,92656958
2021-04-13,28.780001,29.139999,28.700001,28.92,24.246614,97292551
2021-04-14,29,29.26,28.940001,29.200001,24.481369,111558109
2021-04-15,29.139999,29.139999,28.780001,29.02,24.330458,74662090
2021-04-16,29.08,29.34,28.959999,29.24,24.514902,138701013
2021-04-19,29.24,29.6,29.040001,29.379999,24.63228,68458582
2021-04-20,29.200001,29.48,29.120001,29.360001,24.615513,82873525
2021-04-21,29.02,29.02,28.76,28.9,24.229847,113423937
2021-04-22,28.98,29.1,28.860001,29,24.313686,111073126
2021-04-23,29,29.379999,29,29.360001,24.615513,66272214
2021-04-26,29.360001,29.540001,29.18,29.219999,24.498135,96886088
2021-04-27,29.16,29.32,29.1,29.16,24.44783,84068362
2021-04-28,29.200001,29.34,29.16,29.34,24.598745,69781158
2021-04-29,29.34,29.58,29.32,29.459999,24.809278,86663710
2021-04-30,29.26,29.280001,28.799999,28.799999,24.253469,92409350
2021-05-03,28.860001,28.860001,28.4,28.48,23.983986,127876293
2021-05-04,28.5,28.780001,28.48,28.780001,24.236628,64161714
2021-05-05,28.6,28.860001,28.5,28.639999,24.118725,76845974
2021-05-06,28.74,28.959999,28.540001,28.780001,24.236628,109670006
2021-05-07,28.940001,29.059999,28.719999,28.82,24.270313,136163189
2021-05-10,28.959999,29.040001,28.639999,28.74,24.202944,54038944
2021-05-11,28.440001,28.440001,28.08,28.120001,23.680819,213603503
2021-05-12,28.18,28.4,28.059999,28.4,23.916616,223281629
2021-05-13,28.1,28.24,27.9,27.98,23.562923,153172831
2021-05-14,28.1,28.26,27.9,28.200001,23.74819,132378939
2021-05-17,28.299999,28.459999,28.24,28.379999,23.899773,142414904
2021-05-18,28.52,28.84,28.52,28.780001,24.236628,99167757
2021-05-20,28.52,28.700001,28.48,28.620001,24.101889,121690206
2021-05-21,28.719999,28.780001,28.5,28.639999,24.118725,147652140
2021-05-24,28.639999,28.68,28.42,28.66,24.135569,54810736
2021-05-25,28.700001,29.200001,28.700001,29.18,24.573483,122001934
2021-05-26,29.219999,29.559999,29.219999,29.379999,24.741905,164987331
2021-05-27,29.379999,29.459999,29.26,29.379999,24.741905,168068872
2021-05-28,29.440001,29.66,29.360001,29.42,24.775595,118076804
2021-05-31,29.42,29.459999,29.219999,29.4,24.758749,112240105
2021-06-01,29.4,29.799999,29.360001,29.780001,25.078762,98728369
2021-06-02,29.76,29.82,29.52,29.58,24.910334,90801081
2021-06-03,29.58,29.700001,29.24,29.26,24.640852,98427372
2021-06-04,29.139999,29.379999,29.08,29.24,24.624006,111515232
2021-06-07,29.299999,29.34,28.98,29.139999,24.539797,88395722
2021-06-08,29.219999,29.34,28.98,29.120001,24.522951,131938862
2021-06-09,29.139999,29.200001,29.02,29.1,24.506109,55672011
2021-06-10,29.1,29.299999,29,29.08,24.489269,85369409
2021-06-11,29.16,29.32,29.08,29.200001,24.590324,90191570
2021-06-15,29.26,29.26,28.799999,29,24.421898,108019194
2021-06-16,29,29,28.780001,28.799999,24.253469,72146050
2021-06-17,28.66,28.879999,28.540001,28.879999,24.320839,85506564
2021-06-18,28.9,29.18,28.860001,29.16,24.556637,120050435
2021-06-21,28.92,28.959999,28.700001,28.860001,24.303997,128110956
2021-06-22,28.940001,28.940001,28.639999,28.66,24.135569,72478803
2021-06-23,28.799999,29.280001,28.780001,29.219999,24.607166,98731810
2021-06-24,29.219999,29.360001,29.16,29.280001,24.657694,82759202
2021-06-25,29.360001,29.700001,29.34,29.620001,24.944019,97693380
2021-06-28,29.639999,29.76,29.639999,29.639999,24.960863,30504304
2021-06-29,29.639999,29.68,29.34,29.42,24.775595,88806525
2021-06-30,29.48,29.559999,29.24,29.24,24.624006,53109935
2021-07-02,29.24,29.24,28.68,28.74,24.202944,119439414
2021-07-05,28.700001,28.780001,28.52,28.639999,24.118725,103797915
2021-07-06,28.639999,28.639999,28.34,28.559999,24.051359,135749753
2021-07-07,28.48,28.540001,28.26,28.540001,24.034513,122170518
2021-07-08,28.4,28.440001,27.639999,27.74,23.360806,196854803
2021-07-09,27.74,28,27.4,27.940001,23.529232,124739519
2021-07-12,28.139999,28.24,27.940001,28.1,23.663977,112584027
2021-07-13,28.200001,28.559999,28.16,28.48,23.983986,129453937
2021-07-14,28.440001,28.440001,28.219999,28.299999,23.832403,136726760
2021-07-15,28.299999,28.719999,28.280001,28.5,24.000828,129869836
2021-07-16,28.42,28.76,28.379999,28.6,24.085043,174129857
2021-07-19,28.280001,28.280001,27.92,28,23.579762,129778315
2021-07-20,27.9,28.08,27.639999,27.76,23.377647,195598372
2021-07-21,27.9,27.9,27.48,27.76,23.377647,206168694
2021-07-22,27.959999,28.299999,27.959999,28.24,23.781876,96105716
2021-07-23,28.24,28.24,27.74,27.860001,23.461861,142216153
2021-07-26,27.5,27.5,26.700001,26.700001,22.484985,304025928
2021-07-27,26.540001,26.860001,25.26,25.66,21.609169,392320825
2021-07-28,26,26.040001,25.360001,26.040001,21.92918,224807879
2021-07-29,26.620001,26.860001,26.360001,26.84,22.602888,287262714
2021-07-30,26.559999,26.68,26.16,26.52,22.333405,170931870
2021-08-02,26.559999,26.84,26.280001,26.719999,22.501833,132804970
2021-08-03,26.74,26.780001,26.299999,26.68,22.468145,163455490
2021-08-04,26.620001,27.16,26.52,26.940001,22.687099,104254517
2021-08-05,26.92,27.08,26.639999,26.719999,22.501833,139972359
2021-08-06,26.719999,26.799999,26.5,26.700001,22.484985,141828729
2021-08-09,26.5,27.040001,26.42,26.76,22.535515,110178501
2021-08-10,26.940001,27.120001,26.639999,27.08,22.804996,202917571
2021-08-11,27,27.34,26.940001,27.139999,22.855526,158300464
2021-08-12,27.139999,27.219999,26.9,26.98,22.720781,123058958
2021-08-13,26.879999,27.059999,26.719999,26.9,22.653416,155368775
2021-08-16,26.879999,26.98,26.58,26.719999,22.501833,58478965
2021-08-17,26.700001,26.780001,26.139999,26.26,22.114449,174872152
2021-08-18,26.32,26.540001,26.24,26.379999,22.215504,169612853
2021-08-19,26.299999,26.360001,25.74,25.84,21.760754,216318363
2021-08-20,25.84,25.84,25.120001,25.379999,21.373369,249303762
2021-08-23,25.68,26.02,25.58,25.68,21.626013,152536673
2021-08-24,25.98,26.24,25.9,26.24,22.097603,130935414
2021-08-25,26.42,26.559999,26.139999,26.26,22.114449,103494422
2021-08-26,26.139999,26.280001,25.84,25.98,21.878651,105433988
2021-08-27,25.98,26.24,25.9,25.959999,21.861807,43539144
2021-08-30,25.98,26.16,25.780001,26.1,21.979704,28772276
2021-08-31,26.08,26.42,25.700001,26.42,22.249191,91394001
2021-09-01,26.4,26.68,26.26,26.6,22.400774,186144619
2021-09-02,26.719999,26.98,26.6,26.700001,22.484985,127276466
2021-09-03,26.58,26.700001,26.440001,26.540001,22.350246,32987358
2021-09-06,26.540001,26.799999,26.459999,26.76,22.535515,69575356
2021-09-07,26.799999,27.08,26.719999,26.98,22.720781,123919910
2021-09-08,26.98,27.18,26.799999,26.9,22.653416,125152959
2021-09-09,26.719999,26.76,26.280001,26.34,22.18182,75659942
2021-09-10,26.48,26.860001,26.48,26.84,22.602888,170895552
2021-09-13,26.540001,26.540001,26.219999,26.459999,22.282875,202536124
2021-09-14,26.48,26.559999,26.02,26.16,22.030235,185164908
2021-09-15,26,26.08,25.639999,25.780001,21.710222,204130999
2021-09-16,25.700001,25.700001,25.16,25.360001,21.356527,127594016
2021-09-17,25.299999,25.58,25.08,25.58,21.541798,84603738
2021-09-20,25.34,25.34,24.52,24.76,20.851248,292965897
2021-09-21,24.559999,24.92,24.440001,24.860001,20.935461,218963432
2021-09-23,25.18,25.48,24.959999,25.18,21.204939,187960886
2021-09-24,25.1,25.280001,24.719999,24.860001,20.935461,83459287
2021-09-27,24.799999,25.16,24.799999,24.82,20.901773,104754659
2021-09-28,24.9,25.32,24.879999,25.120001,21.154419,235192042
2021-09-29,24.98,25.360001,24.700001,25.32,21.322842,212061623
2021-09-30,25.16,25.32,25,25.219999,21.238628,71078931
2021-10-04,25.16,25.16,24.559999,24.719999,20.817558,149813771
2021-10-05,24.440001,24.860001,24.360001,24.76,20.851248,180428381
2021-10-06,24.879999,24.879999,24.459999,24.620001,20.733347,242161618
2021-10-07,24.940001,25.42,24.940001,25.360001,21.356527,71846188
2021-10-08,25.620001,25.639999,25.280001,25.48,21.457582,258944983
2021-10-11,25.700001,26.1,25.700001,25.940001,21.844963,126088908
2021-10-12,25.700001,25.84,25.540001,25.6,21.558638,144967252
2021-10-15,25.82,25.98,25.58,25.98,21.878651,198904310
2021-10-18,26.08,26.1,25.780001,26.1,21.979704,169890340
2021-10-19,26.16,26.5,26.139999,26.440001,22.266035,109018342
2021-10-20,26.66,26.879999,26.559999,26.82,22.586042,168641518
2021-10-21,26.799999,26.9,26.5,26.620001,22.41762,203081360
2021-10-22,26.76,26.84,26.639999,26.76,22.535515,114325908
2021-10-25,26.68,26.879999,26.58,26.780001,22.552359,63407691
2021-10-26,26.879999,26.879999,26.559999,26.68,22.468145,112252731
2021-10-27,26.440001,26.440001,26.219999,26.280001,22.13129,100978240
2021-10-28,26.280001,26.4,26.120001,26.18,22.047077,133484358
2021-10-29,25.639999,25.639999,25.440001,25.52,21.943892,119120618
2021-11-01,25.42,25.440001,25.1,25.299999,21.754719,119223633
2021-11-02,25.639999,25.76,25.16,25.299999,21.754719,118401062
2021-11-03,25.18,25.32,24.92,25.16,21.634338,126020555
2021-11-04,25.26,25.379999,25.120001,25.379999,21.823513,80502478
2021-11-05,25.120001,25.18,24.84,25.08,21.56555,158204889
2021-11-08,24.98,24.98,24.799999,24.959999,21.462364,155069948
2021-11-09,25.059999,25.1,24.82,24.959999,21.462364,83223048
2021-11-10,24.9,25.16,24.6,25.16,21.634338,208461285
2021-11-11,25.02,25.48,24.940001,25.440001,21.875105,92441060
2021-11-12,25.66,25.66,25.34,25.5,21.926699,105369599
2021-11-15,25.559999,25.6,25.360001,25.559999,21.978289,91847053
2021-11-16,25.6,25.9,25.540001,25.799999,22.184658,106885999
2021-11-17,25.74,25.799999,25.639999,25.780001,22.167458,136394741
2021-11-18,25.52,25.559999,25.360001,25.4,21.840708,125771052
2021-11-19,25.1,25.219999,24.940001,25.18,21.651537,156635814
2021-11-22,25.200001,25.26,25.02,25.1,21.58275,90297639
2021-11-23,24.860001,24.959999,24.74,24.82,21.341986,125764402
2021-11-24,24.879999,25,24.700001,24.860001,21.376379,91987875
2021-11-25,24.82,24.92,24.66,24.92,21.427971,120091303
2021-11-26,24.68,24.68,24.200001,24.26,20.860455,127849172
2021-11-29,24.120001,24.299999,23.9,24.139999,20.757273,209546164
2021-11-30,24.1,24.1,23.299999,23.620001,20.310141,228092887
2021-12-01,23.719999,24.02,23.700001,23.84,20.49931,69429514
2021-12-02,23.74,23.959999,23.66,23.959999,20.602495,120228802
2021-12-03,23.879999,23.959999,23.58,23.92,20.568104,137673000
2021-12-06,23.6,23.780001,23.459999,23.5,20.206953,156605173
2021-12-07,23.82,24.139999,23.66,24.139999,20.757273,119866887
2021-12-08,24.200001,24.219999,24.040001,24.16,20.774467,87442525
2021-12-09,24.299999,24.459999,24.299999,24.379999,20.963638,85882002
2021-12-10,24.219999,24.379999,24.059999,24.120001,20.740076,116763136
2021-12-13,24.360001,24.52,24.08,24.139999,20.757273,104282674
2021-12-14,23.84,23.959999,23.719999,23.76,20.430525,109230893
2021-12-15,23.82,23.879999,23.48,23.58,20.275745,119409660
2021-12-16,23.52,23.68,23.299999,23.66,20.344536,188671973
2021-12-17,23.639999,23.639999,23.299999,23.34,20.069374,172463532
2021-12-20,23.219999,23.299999,22.82,22.9,19.691032,120704654
2021-12-21,22.92,23.219999,22.879999,23.1,19.863008,144791716
2021-12-22,23.32,23.379999,23.120001,23.200001,19.948994,61533742
2021-12-23,23.299999,23.4,23.18,23.34,20.069374,96107039
2021-12-24,23.52,23.52,23.32,23.379999,20.103771,23398952
2021-12-28,23.4,23.459999,23.24,23.42,20.138165,89272826
2021-12-29,23.379999,23.379999,23.139999,23.200001,19.948994,103755282
2021-12-30,23.219999,23.4,23.120001,23.280001,20.017786,177232854
2021-12-31,23.639999,23.74,23.52,23.52,20.224152,47803685
2022-01-03,23.66,23.76,23.34,23.4,20.120968,100227198
2022-01-04,23.52,23.58,23.280001,23.440001,20.155363,74708335
2022-01-05,23.440001,23.440001,23,23.040001,19.811415,149530742
2022-01-06,23,23.219999,22.860001,23.219999,19.966194,116238361
2022-01-07,23.4,23.66,23.280001,23.639999,20.327335,169287010
2022-01-10,23.620001,23.92,23.540001,23.84,20.49931,187033452
2022-01-11,23.82,24,23.700001,23.860001,20.516506,139938734
2022-01-12,24.120001,24.52,24.120001,24.5,21.066826,193702156
2022-01-13,24.639999,24.68,24.440001,24.559999,21.118416,136488810
2022-01-14,24.299999,24.52,24.280001,24.48,21.049627,163330265
2022-01-17,24.48,24.540001,24.24,24.34,20.929247,133736058
2022-01-18,24.379999,24.540001,24.16,24.26,20.860455,121488166
2022-01-19,24.26,24.42,24.1,24.219999,20.826061,86583949
2022-01-20,24.360001,25.1,24.360001,25.08,21.56555,120509638
2022-01-21,25,25.120001,24.879999,25.059999,21.548353,68885753
2022-01-24,24.9,24.940001,24.719999,24.799999,21.324787,112373404
2022-01-25,24.360001,24.52,24.139999,24.4,20.980835,293789413
2022-01-26,24.5,24.620001,24.26,24.4,20.980835,180807801
2022-01-27,24.26,24.26,23.700001,23.92,20.568104,291671561
2022-01-28,23.98,24.02,23.639999,23.68,20.361731,162818577
2022-01-31,24,24,24,24,20.63689,0
2022-02-04,24.379999,24.76,24.280001,24.700001,21.238798,220027120
2022-02-07,24.68,24.74,24.5,24.68,21.221601,147467524
2022-02-08,24.68,24.700001,24.299999,24.48,21.049627,112232200
2022-02-09,24.860001,25.040001,24.82,24.959999,21.462364,108838723
2022-02-10,25.16,25.16,24.799999,25.040001,21.531155,165812867
2022-02-11,24.959999,25.1,24.879999,25.02,21.513958,161166266
2022-02-14,24.82,24.879999,24.620001,24.68,21.221601,117839230
2022-02-15,24.6,24.719999,24.360001,24.459999,21.032431,97270099
2022-02-16,24.719999,24.9,24.68,24.82,21.341986,83316978
2022-02-17,24.879999,25.02,24.66,24.92,21.427971,79639813
2022-02-18,24.84,24.9,24.42,24.48,21.049627,157742281
2022-02-21,24.24,24.360001,24.139999,24.34,20.929247,206095688
2022-02-22,23.9,23.959999,23.48,23.620001,20.310141,245696511
2022-02-23,23.700001,23.879999,23.639999,23.799999,20.464914,105482891
2022-02-24,23.34,23.5,22.92,23.059999,19.828611,275542543
2022-02-25,23.08,23.18,22.860001,22.92,19.708227,161061239
2022-02-28,22.9,22.92,22.540001,22.879999,19.673832,150645680
2022-03-01,22.879999,23.059999,22.700001,22.879999,19.673832,79088077
2022-03-02,22.68,22.82,22.42,22.5,19.347082,76953861
2022-03-03,22.58,22.66,22.5,22.639999,19.467466,94225845
2022-03-04,22.120001,22.16,21.959999,22.059999,18.96874,192679175
2022-03-07,21.5,21.5,20.959999,21.219999,18.246452,217260223
2022-03-08,21.280001,21.440001,20.76,20.879999,17.954092,262888986
2022-03-09,21,21.120001,20.24,20.780001,17.868107,385661835
2022-03-10,21.18,21.299999,20.9,21.1,18.143265,189308317
2022-03-11,20.6,20.98,20.26,20.799999,17.885303,299614705
2022-03-14,20.42,20.42,19.620001,19.799999,17.025431,374531525
2022-03-15,19.299999,19.59,18.440001,18.65,16.036581,725229821
2022-03-16,19.15,20.32,18.76,20.24,17.403778,959365527
2022-03-17,21.4,21.68,20.959999,21.68,18.641993,446335081
2022-03-18,21.4,21.84,21.120001,21.66,18.624792,346781338
2022-03-21,22,22,21.280001,21.4,18.401228,156740616
2022-03-22,21.540001,22.120001,21.459999,22.08,18.985937,134745528
2022-03-23,22.219999,22.6,22.16,22.32,19.192307,162530898
2022-03-24,22.139999,22.42,22.08,22.139999,19.037531,89109173
2022-03-25,21.959999,22.139999,21.48,21.58,18.556004,132397848
2022-03-28,21.6,21.98,21.42,21.879999,18.813963,91437684
2022-03-29,21.98,22.120001,21.92,22.120001,19.020334,151972062
2022-03-30,22.299999,22.58,22.24,22.4,19.261097,123674302
2022-03-31,22.4,22.42,22.1,22.280001,19.157913,67751408
2022-04-01,21.9,22.26,21.74,22.26,19.140715,150712483
2022-04-04,22.440001,22.74,22.32,22.700001,19.51906,141865829
2022-04-06,22.459999,22.459999,22.219999,22.26,19.140715,93337163
2022-04-07,22.139999,22.42,21.959999,22.02,18.934345,158108533
2022-04-08,21.959999,22.1,21.76,22.1,19.003138,159529589
2022-04-11,21.879999,21.879999,21.34,21.42,18.418425,229730506
2022-04-12,21.48,21.719999,21.18,21.52,18.504412,160726582
2022-04-13,21.42,21.719999,21.32,21.58,18.556004,165232208
2022-04-14,21.620001,21.799999,21.559999,21.719999,18.676386,160482665
2022-04-19,21.360001,21.4,21.059999,21.219999,18.246452,223582735
2022-04-20,21.16,21.42,21.08,21.120001,18.160463,100551024
2022-04-21,21.059999,21.120001,20.700001,20.879999,17.954092,255424874
2022-04-22,20.620001,20.92,20.379999,20.84,17.919701,198194659
2022-04-25,20.459999,20.459999,20,20.16,17.334988,335529767
2022-04-26,20.219999,20.459999,20.040001,20.139999,17.317791,177785714
2022-04-27,19.950001,20.24,19.879999,20.139999,17.317791,208013046
2022-04-28,20.219999,20.4,20.059999,20.379999,17.594044,238588290
2022-04-29,20.299999,21.299999,20.139999,21.219999,18.31922,206283784
2022-05-03,21.040001,21.42,20.74,21.219999,18.31922,107559286
2022-05-04,21.219999,21.219999,20.9,20.98,18.112024,90084634
2022-05-05,21.280001,21.4,20.879999,20.879999,18.025694,126517083
2022-05-06,20.379999,20.440001,20.08,20.139999,17.386852,212494873
2022-05-10,19.459999,19.870001,19.299999,19.719999,17.024269,167354025
2022-05-11,19.67,20.200001,19.58,19.959999,17.231461,168822870
2022-05-12,19.629999,19.83,19.459999,19.469999,16.808443,103657448
2022-05-13,19.67,20.059999,19.67,20,17.265991,117490271
2022-05-16,20.200001,20.280001,19.879999,20.059999,17.317787,48172951
2022-05-17,20.120001,20.74,20.120001,20.719999,17.887566,98356864
2022-05-18,20.700001,20.84,20.5,20.74,17.904833,142581838
2022-05-19,20.26,20.42,20.040001,20.280001,17.507715,133236386
2022-05-20,20.6,20.940001,20.540001,20.860001,18.008432,160190938
2022-05-23,20.799999,20.799999,20.440001,20.620001,17.801239,150373246
2022-05-24,20.620001,20.700001,20.16,20.32,17.542248,198966206
2022-05-25,20.32,20.58,20.280001,20.379999,17.594044,112669338
2022-05-26,20.48,20.48,20.08,20.299999,17.524982,174165709
2022-05-27,20.799999,21,20.719999,20.92,18.060226,214806299
2022-05-30,21.139999,21.379999,21.1,21.32,18.405544,265929929
2022-05-31,21.299999,21.639999,21.26,21.620001,18.664537,190120151
2022-06-01,21.68,21.68,21.42,21.52,18.578207,123915116
2022-06-02,21.280001,21.379999,21.120001,21.34,18.422813,81242588
2022-06-06,21.5,21.959999,21.280001,21.9,18.906258,175221440
2022-06-07,21.76,22.02,21.66,21.799999,18.819929,109107533
2022-06-08,22.040001,22.34,22,22.26,19.217051,134122104
2022-06-09,22.299999,22.440001,22.059999,22.16,19.130718,144656622
2022-06-10,21.84,22.24,21.799999,22.120001,19.096189,163233429
2022-06-13,21.459999,21.620001,21.299999,21.34,18.422813,177929084
2022-06-14,21.139999,21.48,21.040001,21.360001,18.440081,183426553
2022-06-15,21.379999,21.74,21.379999,21.639999,18.681803,205830198
2022-06-16,21.82,21.84,21,21.16,18.26742,216838412
2022-06-17,21.08,21.48,21.040001,21.459999,18.526409,143787848
2022-06-20,21.4,21.52,21.18,21.52,18.578207,148421430
2022-06-21,21.620001,21.9,21.5,21.879999,18.888994,109510200
2022-06-22,21.799999,21.82,21.34,21.34,18.422813,146217481
2022-06-23,21.48,21.799999,21.360001,21.620001,18.664537,75195644
2022-06-24,21.780001,22.1,21.76,22.040001,19.027122,160960759
2022-06-27,22.299999,22.74,22.299999,22.58,19.493303,228885478
2022-06-28,22.5,22.799999,22.299999,22.719999,19.614166,129104801
2022-06-29,22.5,22.700001,22.26,22.379999,19.320644,189812471
2022-06-30,22.379999,22.52,22.120001,22.280001,19.234314,135900539
2022-07-04,22.200001,22.360001,21.9,22.280001,19.234314,117672839
2022-07-05,22.540001,22.66,22.280001,22.32,19.268845,142234384
2022-07-06,22.24,22.299999,21.76,22.02,19.009857,195911748
2022-07-07,21.959999,22.18,21.74,22.18,19.147985,111410111
2022-07-08,22.48,22.5,22.139999,22.219999,19.182516,241540824
2022-07-11,22,22,21.52,21.639999,18.681803,181809122
2022-07-12,21.5,21.6,21.299999,21.360001,18.440081,223568540
2022-07-13,21.379999,21.559999,21.26,21.34,18.422813,126107341
2022-07-14,21.299999,21.4,21.059999,21.24,18.336483,180926111
2022-07-15,21.040001,21.18,20.719999,20.84,17.991165,237612829
2022-07-18,20.940001,21.4,20.82,21.360001,18.440081,347911100
2022-07-19,21.24,21.280001,21.059999,21.219999,18.31922,148132638
2022-07-20,21.440001,21.639999,21.4,21.440001,18.509142,148406712
2022-07-21,21.32,21.34,21.02,21.08,18.198357,154950274
2022-07-22,21.18,21.32,21.040001,21.1,18.215622,150992320
2022-07-25,20.959999,21.120001,20.860001,21.120001,18.232889,275555313
2022-07-26,21.120001,21.48,21.120001,21.459999,18.526409,350877249
2022-07-27,21.26,21.299999,21.1,21.200001,18.30195,225013358
2022-07-28,21.280001,21.299999,21.040001,21.120001,18.232889,109339105
2022-07-29,21.120001,21.18,20.559999,20.68,17.853035,263380071
2022-08-01,20.540001,20.76,20.4,20.68,17.853035,204872347
2022-08-02,20.42,20.42,20.02,20.200001,17.438652,212381789
2022-08-03,20.4,20.440001,20.200001,20.280001,17.507715,113976872
2022-08-04,20.48,20.74,20.48,20.68,17.853035,120567418
2022-08-05,20.74,20.799999,20.6,20.700001,17.870302,74586466
2022-08-08,20.620001,20.700001,20.459999,20.559999,17.749439,133055217
2022-08-09,20.559999,20.780001,20.360001,20.5,17.697641,99052923
2022-08-10,20.48,20.48,19.99,20.139999,17.386852,112519454
2022-08-11,20.360001,20.6,20.32,20.58,17.766706,107900523
2022-08-12,20.58,20.74,20.540001,20.719999,17.887566,177748177
2022-08-15,20.58,20.780001,20.5,20.58,17.766706,90812276
2022-08-16,20.6,20.700001,20.200001,20.34,17.559515,108748831
2022-08-17,20.5,20.6,20.32,20.42,17.628576,66299725
2022-08-18,20.52,20.52,20.200001,20.280001,17.507715,126065303
2022-08-19,20.200001,20.440001,20.18,20.32,17.542248,125036387
2022-08-22,20.16,20.379999,20.1,20.280001,17.507715,75218569
2022-08-23,20.18,20.24,19.91,20.040001,17.300526,210017061
2022-08-24,20.08,20.08,19.719999,19.799999,17.093328,124167267
2022-08-25,19.959999,20.52,19.959999,20.5,17.697641,122769830
2022-08-26,20.700001,20.74,20.6,20.700001,17.870302,158081097
2022-08-29,20.48,20.620001,20.42,20.52,17.714907,105587191
2022-08-30,20.52,20.58,20.18,20.5,17.697641,123537922
2022-08-31,20.16,20.719999,20.1,20.5,17.697641,82764525
2022-09-01,20.32,20.4,20.1,20.200001,17.438652,143801531
2022-09-02,20.200001,20.200001,19.91,20.040001,17.300526,177306346
2022-09-05,19.84,19.870001,19.629999,19.799999,17.093328,105819505
2022-09-06,19.879999,19.969999,19.709999,19.809999,17.101965,160937964
2022-09-07,19.49,19.700001,19.42,19.67,16.981102,191017912
2022-09-08,19.690001,19.690001,19.43,19.48,16.817074,103353915
2022-09-09,19.540001,20.059999,19.540001,20,17.265991,156423869
2022-09-13,20.059999,20.139999,19.940001,19.969999,17.240091,123836680
2022-09-14,19.549999,19.620001,19.43,19.5,16.834341,317277119
2022-09-15,19.5,19.65,19.49,19.559999,16.886141,82111227
2022-09-16,19.389999,19.559999,19.309999,19.4,16.748014,215903004
2022-09-19,19.360001,19.360001,19.139999,19.190001,16.566721,373475875
2022-09-20,19.360001,19.52,19.33,19.440001,16.782547,49941489
2022-09-21,19.299999,19.299999,19.09,19.110001,16.497654,255186950
2022-09-22,18.75,18.84,18.620001,18.809999,16.238665,133429891
2022-09-23,18.719999,18.82,18.58,18.58,16.040104,106938227
2022-09-26,18.440001,18.73,18.379999,18.5,15.971043,143362187
2022-09-27,18.52,18.559999,18.299999,18.52,15.988309,330720570
2022-09-28,18.33,18.33,17.82,17.9,15.453063,361393488
2022-09-29,18.200001,18.280001,17.67,17.799999,15.366733,160991346
2022-09-30,17.799999,17.99,17.68,17.889999,15.444429,108560912
2022-10-03,17.700001,17.9,17.559999,17.709999,15.289037,189921232
2022-10-05,18.43,18.83,18.32,18.73,16.1696,264927739
2022-10-06,18.73,18.799999,18.620001,18.66,16.109169,94240881
2022-10-07,18.49,18.540001,18.379999,18.379999,15.867443,137434083
2022-10-10,18.18,18.18,17.83,17.85,15.409898,257758343
2022-10-11,17.85,17.870001,17.440001,17.49,15.099109,289600361
2022-10-12,17.4,17.690001,17.09,17.35,14.978248,285393191
2022-10-13,17.35,17.370001,17.049999,17.059999,14.727891,147101583
2022-10-14,17.32,17.68,17.18,17.23,14.874652,164354900
2022-10-17,17.139999,17.41,16.969999,17.24,14.883286,286880367
2022-10-18,17.549999,17.559999,17.200001,17.559999,15.159543,206136837
2022-10-19,17.459999,17.59,17.16,17.17,14.822853,155581296
2022-10-20,16.9,17.110001,16.67,16.92,14.607031,342339454
2022-10-21,16.98,17.02,16.780001,16.870001,14.563866,378234002
2022-10-24,16.6,16.65,15.74,15.82,13.657399,317425889
2022-10-25,15.9,16.08,15.59,15.82,13.657399,340821044
2022-10-26,15.75,16.23,15.68,15.97,13.786895,201901447
2022-10-27,16.34,16.48,16.059999,16.07,13.873225,508498271
2022-10-28,15.5,15.54,14.86,14.94,13.363375,388117611
2022-10-31,14.89,15.2,14.68,14.82,13.256041,363565312
2022-11-01,14.92,15.71,14.92,15.55,13.909003,216915104
2022-11-02,15.48,15.95,15.36,15.91,14.231013,154594846
2022-11-03,15.51,15.7,15.38,15.42,13.792723,144894094
2022-11-04,15.54,16.610001,15.53,16.23,14.517243,484977332
2022-11-07,16.1,16.93,16.040001,16.68,14.919755,347634420
2022-11-08,16.73,16.82,16.530001,16.67,14.91081,349329022
2022-11-09,16.65,16.84,16.309999,16.459999,14.722971,366932326
2022-11-10,16.25,16.25,16.030001,16.200001,14.49041,155635904
2022-11-11,17.02,17.469999,16.940001,17.42,15.581661,263096115
2022-11-14,17.92,18.120001,17.629999,17.700001,15.832114,259607090
2022-11-15,17.780001,18.459999,17.66,18.450001,16.502964,556637525
2022-11-16,18.26,18.52,18.139999,18.360001,16.422464,498628718
2022-11-17,18.139999,18.34,17.82,18.15,16.234625,490982278
2022-11-18,18.42,18.49,18,18.08,16.172009,340531577
2022-11-21,17.73,17.870001,17.49,17.77,15.894727,554634830
2022-11-22,17.709999,17.870001,17.4,17.52,15.671109,684833985
2022-11-23,17.620001,17.75,17.48,17.620001,15.760557,222595272
2022-11-24,17.799999,17.879999,17.639999,17.780001,15.903672,359464122
2022-11-25,17.780001,17.780001,17.530001,17.68,15.814221,318242452
2022-11-28,17.200001,17.48,16.940001,17.42,15.581661,455560618
2022-11-29,17.65,18.32,17.65,18.32,16.386684,615673674
2022-11-30,18.200001,18.77,18.16,18.700001,16.726583,337073093
2022-12-01,19.15,19.35,18.790001,18.92,16.923367,470487008
2022-12-02,18.870001,18.959999,18.66,18.77,16.789198,249037031
2022-12-05,19.32,19.66,19.139999,19.57,17.504772,317881961
2022-12-06,19.34,19.690001,19.32,19.58,17.513716,549876044
2022-12-07,19.5,19.860001,18.92,18.98,16.977032,555736713
2022-12-08,19.07,19.629999,19.07,19.559999,17.495829,440705021
2022-12-09,19.6,20.059999,19.52,20,17.889393,484624668
2022-12-12,19.74,19.860001,19.5,19.58,17.513716,455217803
2022-12-13,19.68,19.84,19.51,19.73,17.647886,110411391
2022-12-14,19.85,20,19.65,19.799999,17.710497,448417039
2022-12-15,19.75,19.799999,19.360001,19.51,17.451103,189624944
2022-12-16,19.450001,19.76,19.26,19.620001,17.549494,226653781
2022-12-19,19.620001,19.91,19.389999,19.51,17.451103,89029468
2022-12-20,19.34,19.42,19.02,19.209999,17.182764,66809845
2022-12-21,19.219999,19.389999,19.190001,19.290001,17.254322,171217871
2022-12-22,19.629999,19.879999,19.610001,19.790001,17.701557,105832842
2022-12-23,19.5,19.82,19.49,19.700001,17.621054,203925621
2022-12-28,19.9,20.24,19.9,20.040001,17.925175,175890371
2022-12-29,19.780001,19.9,19.68,19.85,17.755224,80841439
2022-12-30,20,20.219999,19.92,19.92,17.817837,146012035
2023-01-03,19.73,20.360001,19.41,20.26,18.121954,276470119
2023-01-04,20.42,20.92,20.360001,20.92,18.712305,221589355
2023-01-05,21.32,21.52,21.08,21.18,18.94487,333239898
2023-01-06,21.360001,21.42,21,21.120001,18.891201,247652051
2023-01-09,21.440001,21.620001,21.34,21.5,19.231098,481092577
2023-01-10,21.5,21.559999,21.32,21.459999,19.195318,96693133
2023-01-11,21.58,21.82,21.459999,21.58,19.302656,202421884
2023-01-12,21.719999,21.84,21.360001,21.639999,19.356323,371843928
2023-01-13,21.74,21.92,21.6,21.860001,19.553108,412522503
2023-01-16,21.959999,22.08,21.719999,21.84,19.535217,84303288
2023-01-17,21.82,21.92,21.559999,21.700001,19.409992,344850970
2023-01-18,21.68,21.82,21.559999,21.82,19.517328,289978559
2023-01-19,21.620001,21.9,21.52,21.780001,19.481548,322888850
2023-01-20,21.940001,22.200001,21.879999,22.18,19.839338,142972830
2023-01-26,22.540001,22.719999,22.48,22.719999,20.322351,229743869
2023-01-27,22.74,22.82,22.639999,22.780001,20.376022,272920637
2023-01-30,22.74,22.799999,22.139999,22.219999,19.875114,184341573
2023-01-31,22.299999,22.42,21.76,22,19.678333,503572809
2023-02-01,22.08,22.219999,21.84,22.18,19.839338,479666800
2023-02-02,22.4,22.459999,22.059999,22.08,19.749889,391605251
2023-02-03,21.940001,21.959999,21.58,21.780001,19.481548,180283045
2023-02-06,21.48,21.48,21.219999,21.360001,19.105873,315579676
2023-02-07,21.440001,21.639999,21.4,21.42,19.15954,149808429
2023-02-08,21.42,21.58,21.299999,21.42,19.15954,165030479
2023-02-09,21.280001,21.780001,21.280001,21.76,19.463661,204724850
2023-02-10,21.700001,21.719999,21.280001,21.299999,19.0522,227810882
2023-02-13,21.02,21.379999,20.940001,21.34,19.087982,317660809
2023-02-14,21.4,21.4,21.200001,21.24,18.998535,378970189
2023-02-15,21.200001,21.24,20.84,20.940001,18.730196,354149899
2023-02-16,21.059999,21.440001,21.02,21.139999,18.909088,364618674
2023-02-17,21.120001,21.200001,20.84,20.879999,18.676525,173965448
2023-02-20,20.799999,21.1,20.719999,21,18.783865,653519042
2023-02-21,21,21.1,20.620001,20.68,18.497633,145615058
2023-02-22,20.6,20.76,20.48,20.540001,18.372408,213586028
2023-02-23,20.52,20.74,20.459999,20.48,18.318741,209489211
2023-02-24,20.32,20.360001,20.120001,20.24,18.104065,347656987
2023-02-27,20.02,20.219999,19.940001,20.08,17.960951,251802151
2023-02-28,20.16,20.32,19.9,19.99,17.880447,502112871
2023-03-01,19.99,20.799999,19.99,20.76,18.569189,309216606
2023-03-02,20.559999,20.719999,20.5,20.6,18.426077,150089673
2023-03-03,20.92,20.92,20.68,20.780001,18.587078,137181461
2023-03-06,20.6,20.9,20.6,20.799999,18.604967,230436832
2023-03-07,20.799999,21.219999,20.540001,20.719999,18.533409,199281776
2023-03-08,20.42,20.48,20.18,20.24,18.104065,354663901
2023-03-09,20.24,20.360001,20.1,20.16,18.032507,387519706
2023-03-10,19.799999,19.85,19.48,19.49,17.433212,260518243
2023-03-13,19.620001,19.99,19.559999,19.92,17.817837,347296917
2023-03-14,19.73,19.84,19.32,19.459999,17.40638,135327100
2023-03-15,19.719999,19.950001,19.629999,19.780001,17.692612,247232332
2023-03-16,19.4,19.59,19.299999,19.43,17.379545,120045940
2023-03-17,19.639999,19.809999,19.52,19.74,17.65683,231217004
2023-03-20,19.559999,19.58,19.030001,19.209999,17.182764,430944986
2023-03-21,19.309999,19.48,19.219999,19.459999,17.40638,247110624
2023-03-22,19.639999,19.98,19.639999,19.799999,17.710497,159994115
2023-03-23,19.809999,20.26,19.719999,20.26,18.121954,260537182
2023-03-24,20.08,20.32,20.040001,20.1,17.978844,213011092
2023-03-27,20.059999,20.139999,19.700001,19.77,17.683666,165110708
2023-03-28,19.91,20.08,19.76,20,17.889393,205814172
2023-03-29,20.540001,20.68,20.32,20.379999,18.22929,322605982
2023-03-30,20.4,20.540001,20.200001,20.52,18.354517,344243012
2023-03-31,20.74,20.92,20.540001,20.58,18.408186,156412220
2023-04-03,20.52,20.68,20.42,20.6,18.426077,234054366
2023-04-04,20.6,20.6,20.34,20.48,18.318741,223329400
2023-04-06,20.299999,20.559999,20.299999,20.540001,18.372408,210402648
2023-04-11,20.799999,20.98,20.52,20.719999,18.533409,158114196
2023-04-12,20.719999,20.719999,20.440001,20.52,18.354517,96233364
2023-04-13,20.16,20.559999,20.08,20.559999,18.390297,208886068
2023-04-14,20.66,20.700001,20.5,20.700001,18.515522,281900103
2023-04-17,20.559999,21.08,20.52,21.02,18.801754,725077383
2023-04-18,20.9,20.959999,20.74,20.84,18.640749,203561673
2023-04-19,20.799999,20.82,20.52,20.559999,18.390297,153282896
2023-04-20,20.58,20.68,20.52,20.6,18.426077,314734746
2023-04-21,20.52,20.6,20.18,20.24,18.104065,196293627
2023-04-24,20.200001,20.34,19.940001,20.16,18.032507,163737900
2023-04-25,20.1,20.120001,19.73,19.82,17.728388,230233426
2023-04-26,19.709999,20.120001,19.709999,19.93,17.826778,176644453
2023-04-27,19.92,20.1,19.860001,20.040001,17.925175,190272742
2023-04-28,20.040001,20.280001,19.969999,20,17.979109,128675561
2023-05-02,20.200001,20.4,19.870001,19.99,17.970119,252649888
2023-05-03,19.799999,19.83,19.629999,19.780001,17.781342,310312104
2023-05-04,19.780001,20.1,19.780001,20.059999,18.033045,141165404
2023-05-05,20.200001,20.32,20.059999,20.16,18.122942,216764011
2023-05-08,20.24,20.440001,20.18,20.4,18.33869,109428230
2023-05-09,20.379999,20.42,19.93,19.959999,17.943151,159758803
2023-05-10,20,20,19.790001,19.870001,17.862246,202367318
2023-05-11,19.959999,19.99,19.690001,19.860001,17.853256,330161088
2023-05-12,19.98,19.99,19.73,19.75,17.75437,318326205
2023-05-15,19.65,20.219999,19.629999,20.120001,18.086985,195937519
2023-05-16,20.299999,20.299999,20.02,20.120001,18.086985,204127050
2023-05-17,20.1,20.139999,19.66,19.690001,17.700436,449271304
2023-05-18,19.85,20.040001,19.76,19.879999,17.871233,236438991
2023-05-19,19.719999,19.76,19.49,19.6,17.619528,378944154
2023-05-22,19.620001,19.969999,19.57,19.84,17.835278,388058397
2023-05-23,19.879999,19.969999,19.549999,19.6,17.619528,313538897
2023-05-24,19.49,19.51,19.23,19.309999,17.358831,533606839
2023-05-25,19.139999,19.139999,18.82,18.969999,17.053185,557416519
2023-05-29,19.049999,19.09,18.719999,18.780001,16.882385,197088444
2023-05-30,18.799999,18.879999,18.59,18.82,16.918344,256067879
2023-05-31,18.58,18.620001,18.25,18.48,16.6127,222913831
2023-06-01,18.469999,18.67,18.389999,18.43,16.567751,972365534
2023-06-02,18.780001,19.23,18.75,19.190001,17.250957,325044386
2023-06-05,19.25,19.360001,19.110001,19.35,17.394787,632101444
2023-06-06,19.35,19.6,19.24,19.309999,17.358831,631530343
2023-06-07,19.59,19.639999,19.440001,19.49,17.520641,112064082
2023-06-08,19.48,19.610001,19.35,19.549999,17.574579,328051399
2023-06-09,19.629999,19.75,19.5,19.66,17.673466,312754300
2023-06-12,19.67,19.73,19.530001,19.700001,17.709425,293890909
2023-06-13,19.639999,19.879999,19.549999,19.83,17.82629,446592302
2023-06-14,19.82,19.950001,19.66,19.700001,17.709425,87887808
2023-06-15,19.9,20.16,19.82,20.139999,18.104963,416576436
2023-06-16,20.200001,20.48,20.18,20.34,18.284756,815067789
2023-06-19,20.299999,20.32,20.02,20.200001,18.158901,617238240
2023-06-20,20.18,20.18,19.83,19.92,17.907194,219533744
2023-06-21,19.629999,19.709999,19.5,19.549999,17.574579,266208924
2023-06-23,19.49,19.52,19.120001,19.219999,17.277924,82896056
2023-06-26,19.200001,19.34,19.1,19.15,17.214996,183616061
2023-06-27,19.200001,19.559999,19.200001,19.48,17.51165,456535342
2023-06-28,19.459999,19.559999,19.360001,19.530001,17.556604,315358228
2023-06-29,19.51,19.549999,19.18,19.27,17.322874,363420085
2023-06-30,19.200001,19.42,19.18,19.25,17.304893,129218673
2023-07-03,19.389999,19.73,19.35,19.639999,17.655485,308600242
2023-07-04,19.639999,19.799999,19.59,19.76,17.763361,227023243
2023-07-05,19.66,19.74,19.450001,19.469999,17.502665,629768055
2023-07-06,19.35,19.48,18.969999,19.02,17.098135,244211077
2023-07-07,18.959999,19.02,18.76,18.860001,16.954302,401349044
2023-07-10,19.200001,19.280001,18.91,18.98,17.062172,269779640
2023-07-11,19.16,19.309999,19.07,19.139999,17.206007,423014228
2023-07-12,19.280001,19.440001,19.23,19.360001,17.403778,351760241
2023-07-13,19.67,19.889999,19.66,19.85,17.844269,274863326
2023-07-14,20,20.040001,19.879999,19.9,17.889212,168726686
2023-07-18,19.82,19.82,19.469999,19.51,17.538622,215593203
2023-07-19,19.379999,19.52,19.190001,19.440001,17.475697,1023772248
2023-07-20,19.5,19.74,19.379999,19.4,17.439739,1013803278
2023-07-21,19.41,19.68,19.389999,19.59,17.61054,328799422
2023-07-24,19.299999,19.450001,19.040001,19.16,17.223986,591502767
2023-07-25,19.690001,19.969999,19.620001,19.92,17.907194,456645140
2023-07-26,19.82,19.92,19.75,19.860001,17.853256,314329303
2023-07-27,20.02,20.219999,20,20.120001,18.086985,231852778
2023-07-28,19.879999,20.459999,19.879999,20.42,18.35667,212127578
2023-07-31,20.700001,20.879999,20.52,20.540001,18.464546,466228318
2023-08-01,20.700001,20.84,20.4,20.540001,18.464546,513183289
2023-08-02,20.379999,20.5,19.98,19.99,17.970119,120327476
2023-08-03,19.91,20.18,19.870001,19.9,17.889212,175571888
2023-08-04,20.18,20.379999,19.959999,20.040001,18.01507,448273938
2023-08-07,20,20.08,19.84,20.040001,18.01507,196709793
2023-08-08,19.889999,19.889999,19.6,19.690001,17.700436,336072058
2023-08-09,19.559999,19.77,19.540001,19.76,17.763361,305526372
2023-08-10,19.639999,19.84,19.549999,19.780001,17.781342,165410716
2023-08-11,19.780001,19.84,19.57,19.620001,17.637506,287674371
2023-08-14,19.209999,19.33,19.08,19.299999,17.349838,366771421
2023-08-15,19.15,19.26,19.030001,19.110001,17.179039,182198357
2023-08-16,18.85,18.959999,18.77,18.85,16.945309,518942582
2023-08-17,18.57,18.93,18.41,18.879999,16.972279,467951166
2023-08-18,18.73,18.84,18.440001,18.48,16.6127,525717257
2023-08-21,18.35,18.389999,18.110001,18.15,16.316042,393977100
2023-08-22,18.200001,18.49,18.08,18.32,16.468864,407702553
2023-08-23,18.32,18.52,18.24,18.41,16.54977,156962054
2023-08-24,18.549999,18.799999,18.459999,18.76,16.864405,176309640
2023-08-25,18.58,18.67,18.48,18.51,16.639666,171633199
2023-08-28,19.08,19.08,18.639999,18.65,16.76552,188287947
2023-08-29,18.809999,19.129999,18.790001,19.030001,17.107122,204289780
2023-08-30,19.17,19.290001,18.959999,19,17.080154,167047577
2023-08-31,19.120001,19.209999,18.860001,18.93,17.017231,171923101
2023-09-04,19.139999,19.49,19.139999,19.42,17.457716,327943959
2023-09-05,19.290001,19.290001,19,19.02,17.098135,473452386
2023-09-06,18.98,19.08,18.83,19.02,17.098135,119992179
2023-09-07,19.02,19.02,18.77,18.790001,16.891375,263244686
2023-09-11,18.639999,18.799999,18.459999,18.719999,16.828445,825041742
2023-09-12,18.629999,18.780001,18.51,18.66,16.774509,323343860
2023-09-13,18.780001,18.83,18.57,18.65,16.76552,231467019
2023-09-14,18.700001,18.809999,18.559999,18.700001,16.810469,178512576
2023-09-15,18.799999,19.02,18.67,18.799999,16.900364,313573668
2023-09-18,18.68,18.74,18.5,18.540001,16.666636,514782092
2023-09-19,18.6,18.65,18.459999,18.629999,16.74754,284211524
2023-09-20,18.58,18.639999,18.459999,18.51,16.639666,188319963
2023-09-21,18.469999,18.469999,18.25,18.280001,16.432907,161053437
2023-09-22,18.200001,18.709999,18.200001,18.700001,16.810469,723638920
2023-09-25,18.469999,18.66,18.34,18.34,16.486843,244693864
2023-09-26,18.280001,18.35,17.99,18.09,16.262104,230331169
2023-09-27,18.110001,18.299999,18.110001,18.25,16.405937,161808669
2023-09-28,18.25,18.25,17.969999,18,16.1812,216644621
2023-09-29,18.129999,18.58,18.120001,18.440001,16.576738,139874906
2023-10-03,18.200001,18.200001,17.82,17.940001,16.127262,690388145
2023-10-04,17.879999,17.91,17.719999,17.809999,16.010397,182050965
2023-10-05,17.879999,17.959999,17.83,17.84,16.037367,152787666
2023-10-06,17.959999,18.26,17.959999,18.139999,16.307053,77106910
2023-10-09,18.139999,18.27,18.07,18.17,16.334023,40302890
2023-10-10,18.35,18.57,18.280001,18.32,16.468864,369540767
2023-10-11,18.6,18.67,18.540001,18.549999,16.675625,147403103
2023-10-12,18.809999,18.940001,18.809999,18.860001,16.954302,334156238
2023-10-13,18.559999,18.65,18.42,18.440001,16.576738,247678645
2023-10-16,18.42,18.49,18.24,18.27,16.423918,242846599
2023-10-17,18.450001,18.459999,18.32,18.4,16.540781,120914997
2023-10-18,18.35,18.48,18.26,18.379999,16.522799,472089717
2023-10-19,18.17,18.17,17.91,17.91,16.100294,191685343
2023-10-20,17.77,17.940001,17.75,17.790001,15.992417,221931358
2023-10-24,17.700001,17.77,17.51,17.6,15.821617,264512215
2023-10-25,18.1,18.120001,17.629999,17.74,15.94747,137411043
2023-10-26,17.700001,17.809999,17.549999,17.690001,15.902526,250348482
2023-10-27,17.82,18.15,17.73,18.08,16.253113,114675391
2023-10-30,17.33,17.530001,17.32,17.530001,16.253113,255953762
2023-10-31,17.459999,17.459999,17.120001,17.219999,15.965694,267187394
2023-11-01,17.23,17.27,17.07,17.190001,15.937879,154884055
2023-11-02,17.290001,17.559999,17.27,17.33,16.067682,220458464
2023-11-03,17.549999,17.82,17.469999,17.76,16.466362,197431010
2023-11-06,18,18.15,17.969999,18.07,16.75378,210117883
2023-11-07,17.959999,18,17.76,17.76,16.466362,534482625
2023-11-08,17.77,17.860001,17.639999,17.65,16.364374,437278114
2023-11-09,17.719999,17.75,17.57,17.629999,16.345831,324937161
2023-11-10,17.5,17.5,17.290001,17.309999,16.049139,239999973
2023-11-13,17.4,17.59,17.24,17.559999,16.28093,343157684
2023-11-14,17.629999,17.700001,17.48,17.530001,16.253113,354507016
2023-11-15,17.98,18.24,17.9,18.200001,16.874313,907647461
2023-11-16,18.299999,18.299999,17.84,17.950001,16.642523,848837317
2023-11-17,17.700001,17.76,17.540001,17.57,16.290201,225959683
2023-11-20,17.77,17.92,17.67,17.9,16.596165,639682092
2023-11-21,18.07,18.209999,17.82,17.84,16.540535,268441843
2023-11-22,17.84,17.940001,17.780001,17.860001,16.559078,514745241
2023-11-23,17.790001,18.08,17.719999,18.059999,16.744509,919745413
2023-11-24,17.969999,17.969999,17.68,17.690001,16.401463,938030971
2023-11-27,17.77,17.809999,17.49,17.67,16.382917,164804297
2023-11-28,17.67,17.67,17.440001,17.5,16.2253,507069409
2023-11-29,17.51,17.51,17.01,17.129999,15.882251,606102838
2023-11-30,17.16,17.209999,17,17.190001,15.937879,194941881
2023-12-01,17.190001,17.190001,16.959999,16.969999,15.733906,494693968
2023-12-04,17.120001,17.139999,16.76,16.790001,15.567018,270670855
2023-12-05,16.76,16.76,16.360001,16.459999,15.261054,601193390
2023-12-06,16.5,16.73,16.370001,16.59,15.381585,419242811
2023-12-07,16.540001,16.540001,16.280001,16.469999,15.270327,494626123
2023-12-08,16.5,16.6,16.379999,16.459999,15.261054,363929355
2023-12-11,16.290001,16.41,16.1,16.34,15.149796,536724283
2023-12-12,16.370001,16.559999,16.290001,16.51,15.307413,473276553
2023-12-13,16.469999,16.469999,16.27,16.360001,15.16834,157262316
2023-12-14,16.559999,16.719999,16.440001,16.540001,15.335228,805975469
2023-12-15,16.75,17.110001,16.75,16.940001,15.70609,237209711
2023-12-18,16.860001,16.860001,16.709999,16.76,15.539203,863403982
2023-12-19,16.66,16.719999,16.540001,16.629999,15.418672,243998860
2023-12-20,16.790001,16.889999,16.690001,16.76,15.539203,874490854
2023-12-21,16.58,16.809999,16.58,16.780001,15.557747,161895043
2023-12-22,16.84,17.02,16.41,16.469999,15.270327,240449710
2023-12-27,16.700001,16.83,16.59,16.76,15.539203,144053187
2023-12-28,16.799999,17.25,16.799999,17.23,15.974966,536991024
2023-12-29,17.23,17.25,17.1,17.190001,15.937879,191767914
2024-01-02,17.280001,17.280001,16.870001,16.940001,15.70609,211687554
2024-01-03,16.719999,16.809999,16.709999,16.790001,15.567018,455797370
2024-01-04,16.809999,16.84,16.66,16.809999,15.58556,155435833
2024-01-05,16.700001,16.9,16.6,16.68,15.465031,165704759
2024-01-08,16.700001,16.75,16.290001,16.360001,15.16834,236970949
2024-01-09,16.389999,16.57,16.34,16.34,15.149796,378125063
2024-01-10,16.25,16.4,16.18,16.25,15.066352,171575584
2024-01-11,16.27,16.610001,16.24,16.459999,15.261054,687918853
2024-01-12,16.33,16.540001,16.299999,16.389999,15.196153,251086507
2024-01-15,16.370001,16.370001,16.370001,16.370001,15.17761,0
2024-01-16,16.15,16.35,15.97,16,14.83456,266675580
2024-01-17,15.91,15.91,15.33,15.4,14.278264,587194679
2024-01-18,15.45,15.61,15.33,15.53,14.398796,695132787
2024-01-19,15.55,15.68,15.35,15.44,14.315351,530324886
2024-01-22,15.51,15.51,14.93,15.11,14.009388,409948350
2024-01-23,15.14,15.67,15.14,15.48,14.352437,787479261
2024-01-24,15.75,16.129999,15.55,16.059999,14.89019,546118980
2024-01-25,16.15,16.4,15.97,16.35,15.159067,443366611
2024-01-26,16.299999,16.4,16.030001,16.1,14.927277,844648268
2024-01-29,16.200001,16.43,16.17,16.23,15.047808,216706047
2024-01-30,16.049999,16.049999,15.81,15.83,14.676944,249140131
2024-01-31,15.83,15.89,15.56,15.62,14.48224,349971375
2024-02-01,15.66,15.95,15.57,15.74,14.593498,455771115
2024-02-02,15.88,16.059999,15.58,15.66,14.519326,482018510
2024-02-05,15.43,15.83,15.43,15.63,14.491512,564432159
2024-02-06,15.7,16.309999,15.7,16.280001,15.094166,808282257
2024-02-07,16.42,16.57,16.190001,16.200001,15.019994,213129859
2024-02-08,16.139999,16.24,15.95,16,14.83456,215848103
2024-02-09,15.88,15.88,15.88,15.88,14.723302,0
2024-02-14,15.67,16.059999,15.58,16.02,14.853105,148668461
2024-02-15,16,16.190001,15.88,16.08,14.908733,111821027
2024-02-16,16.139999,16.559999,16.08,16.5,15.298141,339327420
2024-02-19,16.459999,16.459999,16.290001,16.290001,15.103437,254655211
2024-02-20,16.309999,16.440001,16.200001,16.379999,15.186881,184979983
2024-02-21,16.360001,16.92,16.299999,16.65,15.437216,362191294
2024-02-22,16.620001,16.92,16.57,16.92,15.687548,437260817
2024-02-23,16.799999,17.049999,16.799999,16.879999,15.650459,379113911
2024-02-26,16.799999,16.92,16.74,16.77,15.548476,381195456
2024-02-27,16.790001,16.99,16.6,16.959999,15.724633,201600462
2024-02-28,16.99,17.02,16.68,16.68,15.465031,209706387
2024-02-29,16.6,16.85,16.6,16.629999,15.418672,112258275
2024-03-01,16.58,16.799999,16.4,16.719999,15.502115,452944275
2024-03-04,16.77,16.809999,16.620001,16.74,15.520658,352047294
2024-03-05,16.48,16.6,16.23,16.299999,15.112707,676077518
2024-03-06,16.35,16.709999,16.290001,16.6,15.390858,300081377
2024-03-07,16.610001,16.73,16.33,16.42,15.223968,304578897
2024-03-08,16.48,16.709999,16.48,16.559999,15.35377,272656127
2024-03-11,16.6,16.84,16.6,16.790001,15.567018,225373397
2024-03-12,16.91,17.389999,16.83,17.32,16.058411,411092698
2024-03-13,17.299999,17.450001,17.25,17.32,16.058411,617441619
2024-03-14,17.32,17.440001,17.1,17.17,15.919338,616833825
2024-03-15,16.98,17.040001,16.76,16.950001,15.715364,330559551
2024-03-18,16.92,17.030001,16.860001,16.959999,15.724633,194656206
2024-03-19,16.799999,16.92,16.700001,16.75,15.52993,215202128
2024-03-20,16.799999,16.879999,16.639999,16.77,15.548476,253911377
2024-03-21,16.98,17.209999,16.98,17.1,15.854437,439043557
2024-03-22,16.99,16.99,16.559999,16.709999,15.492843,1134022866
2024-03-25,16.73,16.84,16.65,16.68,15.465031,828535739
2024-03-26,16.799999,16.959999,16.67,16.84,15.613375,242545213
2024-03-27,16.75,16.84,16.559999,16.620001,15.409401,504021414
2024-03-28,16.629999,16.950001,16.559999,16.75,15.52993,179881274
2024-04-02,17,17.25,17,17.15,15.900794,496261016
2024-04-03,17.15,17.15,16.91,16.940001,15.70609,471759595
2024-04-05,17,17.08,16.709999,16.940001,15.70609,230532156
2024-04-08,16.940001,17.15,16.799999,16.969999,15.733906,200519338
2024-04-09,17,17.26,17,17.08,15.835895,130287957
2024-04-10,17.139999,17.43,17.139999,17.389999,16.123312,241889170
2024-04-11,17.16,17.389999,17.049999,17.34,16.076954,372151039
2024-04-12,17.200001,17.26,16.950001,16.969999,15.733906,365681226
2024-04-15,16.700001,16.889999,16.700001,16.82,15.594831,332436979
2024-04-16,16.549999,16.68,16.440001,16.49,15.288869,514127050
2024-04-17,16.49,16.540001,16.379999,16.48,15.279598,813184002
2024-04-18,16.469999,16.74,16.42,16.629999,15.418672,233224819
2024-04-19,16.41,16.49,16.27,16.469999,15.270327,254360072
2024-04-22,16.639999,16.879999,16.639999,16.709999,15.492843,385186717
2024-04-23,16.9,17.09,16.84,17.059999,15.817349,334399778
2024-04-24,17.200001,17.459999,17.17,17.43,16.160398,364930057
2024-04-25,17.35,17.690001,17.35,17.51,16.234573,240893326
2024-04-26,17.549999,18.02,17.549999,17.9,16.596165,407601899
2024-04-29,17.780001,18.139999,17.76,17.82,16.661615,367713285
2024-04-30,17.9,18,17.780001,17.84,16.680315,655559166
2024-05-02,17.84,18.32,17.84,18.309999,17.119761,330749349
2024-05-03,18.549999,18.700001,18.459999,18.559999,17.353512,417187951
2024-05-06,18.57,18.700001,18.49,18.68,17.46571,521576858
2024-05-07,18.68,18.74,18.51,18.559999,17.353512,429029834
2024-05-08,18.6,18.709999,18.4,18.41,17.213261,469654765
2024-05-09,18.450001,18.719999,18.43,18.67,17.456362,709941817
2024-05-10,18.790001,19.16,18.780001,19.120001,17.877108,451702917
2024-05-13,19.040001,19.299999,18.98,19.27,18.017357,540880566
2024-05-14,19.360001,19.469999,19.23,19.23,17.979958,405339577
2024-05-16,19.4,19.620001,19.290001,19.530001,18.260456,594786291
2024-05-17,19.65,19.799999,19.530001,19.719999,18.438105,460751749
2024-05-20,19.799999,19.889999,19.76,19.809999,18.522253,545314720
2024-05-21,19.68,19.68,19.35,19.35,18.092157,599867769
2024-05-22,19.4,19.540001,19.33,19.34,18.082806,403776785
2024-05-23,19.219999,19.23,18.959999,19.02,17.783609,346759597
2024-05-24,18.9,19.049999,18.719999,18.790001,17.568563,199343699
2024-05-27,18.799999,19.059999,18.709999,19,17.764908,214395872
2024-05-28,18.99,19.200001,18.969999,19.02,17.783609,363947385
2024-05-29,18.879999,18.91,18.66,18.709999,17.493761,383525265
2024-05-30,18.629999,18.76,18.4,18.459999,17.26001,485621355
2024-05-31,18.639999,18.780001,18.299999,18.299999,17.110411,403077617
2024-06-03,18.49,18.809999,18.49,18.620001,17.409613,451095984
2024-06-04,18.52,18.77,18.52,18.66,17.44701,253778474
2024-06-05,18.700001,18.969999,18.610001,18.66,17.44701,398831900
2024-06-06,18.84,18.969999,18.65,18.76,17.54051,378311746
2024-06-07,18.85,18.860001,18.57,18.66,17.44701,413473726
2024-06-11,18.48,18.57,18.280001,18.5,17.297411,423427829
2024-06-12,18.379999,18.379999,18.17,18.290001,17.101061,425828150
2024-06-13,18.48,18.530001,18.309999,18.459999,17.26001,271308949
2024-06-14,18.32,18.450001,18.26,18.27,17.082363,475315102
2024-06-17,18.190001,18.49,18.08,18.299999,17.110411,272965236
2024-06-18,18.35,18.4,18.200001,18.290001,17.101061,241885757
2024-06-19,18.42,18.809999,18.4,18.809999,17.587259,268955458
2024-06-20,18.799999,18.879999,18.629999,18.709999,17.493761,509410120
2024-06-21,18.549999,18.58,18.33,18.4,17.203913,325028014
2024-06-24,18.24,18.4,18.139999,18.4,17.203913,395728234
2024-06-25,18.440001,18.6,18.309999,18.43,17.231962,250792675
2024-06-26,18.280001,18.540001,18.27,18.469999,17.269361,388358559
2024-06-27,18.35,18.35,18.059999,18.129999,16.951462,199198076
2024-06-28,18,18.27,17.959999,18.120001,16.942114,229398336
2024-07-02,18.040001,18.389999,18.040001,18.190001,17.007563,368453142
2024-07-03,18.25,18.440001,18.209999,18.4,17.203913,169117813
2024-07-04,18.549999,18.620001,18.41,18.51,17.306763,204797113
2024-07-05,18.5,18.58,18.26,18.26,17.073011,219186586
2024-07-08,18.219999,18.280001,18.01,18.08,16.904713,196236475
2024-07-09,18.08,18.18,17.92,18.049999,16.876663,242972138
2024-07-10,18.17,18.32,17.99,18.02,16.848612,350071676
2024-07-11,18.190001,18.43,18.16,18.4,17.203913,336921947
2024-07-12,18.57,18.889999,18.57,18.860001,17.63401,224187914
2024-07-15,18.74,18.799999,18.5,18.58,17.372211,341142858
2024-07-16,18.450001,18.450001,18.280001,18.280001,17.091713,247617005
2024-07-17,18.34,18.379999,18.219999,18.280001,17.091713,267478673
2024-07-18,18.24,18.43,18.18,18.33,17.138462,363824156
2024-07-19,18.15,18.18,17.93,17.98,16.811213,295965131
2024-07-22,18.01,18.26,17.870001,18.219999,17.03561,362859594
2024-07-23,18.26,18.27,18,18.02,16.848612,344541219
2024-07-24,18.01,18.07,17.809999,17.879999,16.717712,196191396
2024-07-25,17.82,17.85,17.52,17.57,16.427864,370533851
2024-07-26,17.629999,17.780001,17.48,17.549999,16.409166,956949896
2024-07-29,17.77,17.92,17.709999,17.84,16.680315,237657987
2024-07-30,17.809999,17.809999,17.52,17.549999,16.409166,383790188
2024-07-31,17.639999,17.959999,17.559999,17.959999,16.792513,606636376
2024-08-01,17.9,17.969999,17.799999,17.85,16.689665,459645828
2024-08-02,17.559999,17.629999,17.42,17.51,16.371767,342239382
2024-08-05,17.209999,17.5,17,17.25,16.128666,495676769
2024-08-06,17.41,17.469999,17.17,17.200001,16.081917,390617563
2024-08-07,17.23,17.57,17.23,17.43,16.296968,668315717
2024-08-08,17.33,17.6,17.219999,17.440001,16.306316,1021600323
2024-08-09,17.65,17.82,17.639999,17.66,16.512016,160674070
2024-08-12,17.66,17.719999,17.559999,17.66,16.512016,191585213
2024-08-13,17.719999,17.82,17.629999,17.73,16.577465,188282606
2024-08-14,17.809999,17.83,17.620001,17.66,16.512016,188395452
2024-08-15,17.59,17.889999,17.5,17.690001,16.540066,337636423
2024-08-16,17.879999,18.08,17.84,18.01,16.839262,459204716
2024-08-19,18.16,18.280001,18.129999,18.15,16.970161,512957125
2024-08-20,18.25,18.25,18.040001,18.08,16.904713,150290091
2024-08-21,17.92,18,17.83,17.959999,16.792513,435509310
2024-08-22,18.059999,18.25,17.969999,18.219999,17.03561,215083033
2024-08-23,18.09,18.23,18.07,18.209999,17.026262,202677733
2024-08-26,18.280001,18.42,18.280001,18.370001,17.175861,309817056
2024-08-27,18.27,18.48,18.209999,18.469999,17.269361,320916252
2024-08-28,18.43,18.48,18.25,18.299999,17.110411,264021009
2024-08-29,18.219999,18.4,18.1,18.370001,17.175861,427174728
2024-08-30,18.370001,18.809999,18.370001,18.610001,17.400261,320944264
2024-09-02,18.48,18.48,18.25,18.299999,17.110411,1004120316
2024-09-03,18.299999,18.360001,18.209999,18.280001,17.091713,304286823
2024-09-04,18.110001,18.18,17.969999,18.08,16.904713,603902054
2024-09-05,18.120001,18.209999,17.98,18.09,16.914063,265962094
2024-09-09,17.940001,17.98,17.74,17.84,16.680315,594295182
2024-09-10,17.879999,17.969999,17.799999,17.91,16.745762,172906415
2024-09-11,17.700001,17.799999,17.629999,17.77,16.614866,632923871
2024-09-12,17.860001,18.040001,17.83,17.940001,16.773813,287812592
2024-09-13,18,18.26,18,18.07,16.895361,464894416
2024-09-16,17.98,18.129999,17.879999,18.129999,16.951462,116789964
2024-09-17,18.120001,18.43,18.09,18.35,17.157162,115538370
2024-09-19,18.33,18.790001,18.299999,18.719999,17.503109,445539243
2024-09-20,18.82,19.08,18.75,18.940001,17.708809,789319539
2024-09-23,18.950001,19.15,18.93,18.950001,17.718159,722945475
2024-09-24,19.299999,19.74,19.26,19.74,18.456806,1377940588
2024-09-25,20.299999,20.32,19.809999,19.84,18.550303,947464869
2024-09-26,20.040001,20.700001,19.91,20.66,19.317001,955178436
2024-09-27,21.1,21.48,20.98,21.34,19.952799,1122154583
2024-09-30,21.799999,22.200001,21.52,21.82,20.401592,1648283680
2024-10-02,21.98,23.42,21.98,23.139999,21.635788,1179458060
2024-10-03,23.200001,23.200001,22.16,22.82,21.33659,893034562
2024-10-04,22.700001,23.5,22.52,23.459999,21.934986,424259038
2024-10-07,23.700001,23.98,23.459999,23.799999,22.252884,434896579
2024-10-08,23.620001,23.68,21.459999,21.639999,20.233297,1523344647
2024-10-09,21.940001,22.16,20.92,21.32,19.934097,1182668564
2024-10-10,21.799999,22.34,21.700001,21.959999,20.532492,1654312095
2024-10-14,21.959999,22.08,21.42,21.799999,20.382895,1080978539
2024-10-15,21.799999,21.82,20.879999,21.059999,19.690998,1167803921
2024-10-16,20.860001,21.280001,20.860001,20.98,19.616198,910468295
2024-10-17,21.16,21.5,20.700001,20.76,19.410501,595509035
2024-10-18,20.84,21.66,20.76,21.5,20.102396,1112980756
2024-10-21,21.459999,21.559999,21.139999,21.200001,19.821898,635997978
2024-10-22,21.120001,21.34,21.08,21.219999,19.840597,558959577
2024-10-23,21.24,21.68,21.18,21.48,20.083696,561661355
2024-10-24,21.34,21.42,21.16,21.219999,19.840597,834289547
2024-10-25,21.18,21.5,21.18,21.34,19.952799,636711101
2024-10-28,21.32,21.4,21.16,21.32,19.934097,183097052
2024-10-29,21.440001,21.639999,21.280001,21.42,20.027596,299725366
2024-10-30,20.82,20.82,20.379999,20.459999,19.700222,524241059
2024-10-31,20.52,20.68,20.440001,20.459999,19.700222,501846908
2024-11-01,20.559999,20.780001,20.459999,20.620001,19.854282,326208458
2024-11-04,20.66,20.74,20.540001,20.68,19.912054,430111503
2024-11-05,20.5,21.120001,20.5,21.120001,20.335714,377633522
2024-11-06,20.940001,20.98,20.459999,20.639999,19.873537,1044516062
2024-11-07,20.559999,21.120001,20.48,21.08,20.297197,576528653
2024-11-08,21.299999,21.48,20.82,20.82,20.046854,1154783820
2024-11-11,20.299999,20.639999,20.280001,20.559999,19.796509,768034431
2024-11-12,20.48,20.66,19.889999,19.969999,19.228418,1298875466
2024-11-13,19.82,19.959999,19.719999,19.940001,19.199533,1400205509
2024-11-14,19.780001,19.98,19.52,19.549999,18.824015,533493652
2024-11-15,19.639999,19.74,19.459999,19.549999,18.824015,542625889
2024-11-18,19.73,19.91,19.610001,19.709999,18.978071,383149628
2024-11-19,19.83,19.91,19.65,19.790001,19.055103,403314587
2024-11-20,19.75,19.9,19.709999,19.82,19.08399,160569634
2024-11-21,19.77,19.91,19.68,19.719999,18.987701,575424576
2024-11-22,19.73,19.85,19.26,19.34,18.621813,254743932
2024-11-25,19.42,19.5,19.24,19.290001,18.573673,444906364
2024-11-26,19.18,19.43,19.18,19.27,18.554415,295647667
2024-11-27,19.309999,19.809999,19.200001,19.76,19.026217,637938530
2024-11-28,19.719999,19.719999,19.450001,19.5,18.775869,305977714
2024-11-29,19.51,19.809999,19.450001,19.6,18.87216,624580782
2024-12-02,19.610001,19.84,19.540001,19.74,19.006958,1118702236
2024-12-03,19.73,19.93,19.530001,19.879999,19.141762,211016638
2024-12-04,19.879999,19.98,19.75,19.879999,19.141762,838357673
2024-12-05,19.74,19.780001,19.6,19.719999,18.987701,228389189
2024-12-06,19.76,20.1,19.719999,20.040001,19.29582,249203527
2024-12-09,19.889999,20.6,19.84,20.559999,19.796509,1016455601
2024-12-10,21.26,21.26,20.440001,20.48,19.719479,1029705420
2024-12-11,20.5,20.639999,20.24,20.32,19.56542,761761550
2024-12-12,20.34,20.700001,20.280001,20.540001,19.777252,447918360
2024-12-13,20.379999,20.379999,20.059999,20.08,19.334333,549319852
2024-12-16,20.08,20.200001,19.860001,19.93,19.189903,382532251
2024-12-17,19.799999,20.08,19.76,19.9,19.161016,458928689
2024-12-18,20,20.1,19.950001,20.040001,19.29582,251666158
2024-12-19,19.73,20,19.719999,19.92,19.180275,659020953
2024-12-20,19.82,20.040001,19.82,19.889999,19.151388,506686414
2024-12-23,20.02,20.1,19.9,20.02,19.276562,424028518
2024-12-24,20.280001,20.280001,20.280001,20.280001,19.526907,0
2024-12-27,20.299999,20.34,20.16,20.219999,19.469135,337262793
2024-12-30,20.24,20.360001,20.1,20.18,19.43062,321793355
2024-12-31,20.24,20.24,20.24,20.24,19.488392,0
2025-01-02,20.200001,20.200001,19.719999,19.780001,19.045475,734152691
2025-01-03,19.860001,20.08,19.809999,19.940001,19.199533,915065591
2025-01-06,20.040001,20.059999,19.82,19.879999,19.141762,431445923
2025-01-07,19.719999,19.85,19.42,19.629999,18.901045,839235856
2025-01-08,19.6,19.68,19.299999,19.469999,18.746986,487094129
2025-01-09,19.469999,19.59,19.41,19.43,18.708471,392403165
2025-01-10,19.5,19.559999,19.219999,19.27,18.554415,481235691
2025-01-13,19.120001,19.139999,18.870001,19.09,18.381098,305879838
2025-01-14,19.110001,19.530001,19.1,19.440001,18.718102,447237024
2025-01-15,19.4,19.52,19.35,19.48,18.756615,542969877
2025-01-16,19.66,19.879999,19.549999,19.75,19.016588,412713020
2025-01-17,19.719999,19.860001,19.620001,19.790001,19.055103,393760291
2025-01-20,19.98,20.34,19.98,20.120001,19.372849,446697004
2025-01-21,20.34,20.440001,20.139999,20.32,19.56542,421996452
2025-01-22,20.200001,20.24,19.940001,19.969999,19.228418,451566395
2025-01-23,20.120001,20.26,19.85,19.9,19.161016,635273514
2025-01-24,20.040001,20.379999,19.98,20.26,19.50765,600583271
2025-01-27,20.26,20.52,20.26,20.4,19.642452,615308663
2025-01-28,20.459999,20.459999,20.459999,20.459999,19.700222,0
2025-02-03,20.120001,20.459999,19.950001,20.440001,19.680967,197669615
2025-02-04,20.68,21.120001,20.5,21,20.220171,572053107
2025-02-05,21.08,21.08,20.620001,20.799999,20.027596,800947550
2025-02-06,20.84,21.1,20.74,21.1,20.316456,641936187
2025-02-07,21.1,21.440001,21.02,21.34,20.547544,547215187
2025-02-10,21.42,21.780001,21.42,21.719999,20.913431,980562853
2025-02-11,21.860001,21.9,21.5,21.52,20.720861,678252780
2025-02-12,21.74,22.08,21.639999,22.059999,21.240805,907939931
2025-02-13,22.18,22.76,21.940001,22,21.183035,1079287181
2025-02-14,22.200001,22.82,22.200001,22.82,21.972586,1309369295
2025-02-17,22.9,23.200001,22.540001,22.82,21.972586,627545761
2025-02-18,22.879999,23.360001,22.84,23.18,22.319216,1642722445
2025-02-19,23,23.200001,22.84,23.139999,22.280701,703999557
2025-02-20,22.940001,23.059999,22.66,22.76,21.914814,1250401013
2025-02-21,23.200001,23.700001,23.120001,23.68,22.800648,767688287
2025-02-24,23.6,23.9,23.440001,23.540001,22.66585,1118792745
2025-02-25,23.02,23.459999,22.940001,23.24,22.376987,1034972264
2025-02-26,23.459999,24.219999,23.459999,23.959999,23.07025,1038332418
2025-02-27,24,24.280001,23.700001,23.940001,23.050995,888637690
2025-02-28,23.780001,23.799999,23,23.16,22.299959,1300162241
2025-03-03,23.299999,23.620001,23.08,23.219999,22.357731,826659364
2025-03-04,22.940001,23.26,22.780001,23.139999,22.280701,992652447
2025-03-05,23.459999,23.860001,23.32,23.799999,22.916193,463664800
2025-03-06,24.24,24.719999,24.24,24.620001,23.705742,824147203
2025-03-07,24.5,24.959999,24.360001,24.52,23.609457,1118032260
2025-03-10,24.42,24.6,23.92,24.08,23.185795,1595584998
2025-03-11,23.6,24.139999,23.540001,24.040001,23.14728,1694149865
2025-03-12,24.120001,24.24,23.66,23.98,23.089508,1019412728
2025-03-13,23.92,24.02,23.48,23.76,22.877678,508912566
2025-03-14,24,24.440001,23.780001,24.26,23.35911,534695389
2025-03-17,24.5,24.68,24.360001,24.459999,23.551683,398860540
2025-03-18,25,25.059999,24.799999,25.040001,24.110146,613042301
2025-03-19,25.040001,25.200001,24.9,25.08,24.148661,620146056
2025-03-20,25.040001,25.040001,24.52,24.540001,23.628714,507973866
2025-03-21,24.440001,24.540001,23.9,24,23.108765,825452011
2025-03-24,23.98,24.280001,23.860001,24.200001,23.301338,617017044
2025-03-25,23.92,24.059999,23.620001,23.66,22.781391,523359286
2025-03-26,23.780001,23.9,23.66,23.780001,22.896938,528372414
2025-03-27,23.84,24.18,23.68,23.879999,22.993221,690605273
2025-03-28,24,24.059999,23.540001,23.719999,22.839163,735446362
2025-03-31,23.52,23.700001,23.280001,23.459999,22.588816,733147731
2025-04-01,23.52,23.76,23.42,23.5,22.627335,1032472228
2025-04-02,23.459999,23.700001,23.280001,23.52,22.646591,574945709
2025-04-03,23,23.280001,22.940001,23.139999,22.280701,1124892812
2025-04-07,21.4,21.440001,19.98,20.040001,19.29582,2471470999
2025-04-08,20.34,20.74,20.02,20.32,19.56542,1772571466
2025-04-09,19.610001,20.76,19.459999,20.540001,19.777252,1604766778
2025-04-10,21.040001,21.52,20.780001,21,20.220171,2307230982
2025-04-11,20.860001,21.440001,20.74,21.219999,20.432001,568409769
2025-04-14,21.68,21.84,21.52,21.719999,20.913431,909274093
2025-04-15,21.9,21.9,21.6,21.76,20.951946,698664561
2025-04-16,21.620001,21.68,21.16,21.34,20.547544,598599624
2025-04-17,21.379999,21.74,21.34,21.719999,20.913431,732250974
2025-04-22,21.58,21.940001,21.52,21.9,21.086748,1179726467
2025-04-23,22.440001,22.48,22.200001,22.4,21.568182,895546548
2025-04-24,22.379999,22.42,22.040001,22.219999,21.394865,663535114
2025-04-25,22.42,22.6,22.26,22.32,21.491152,546516176
2025-04-28,22.440001,22.440001,22.139999,22.32,21.491152,412271184
2025-04-29,22.219999,22.32,22.040001,22.139999,21.53005,817974221
2025-04-30,22.120001,22.280001,21.98,22.26,21.646746,435499109
2025-05-02,22.360001,22.700001,22.200001,22.66,22.035725,438876401
2025-05-06,22.700001,22.92,22.58,22.84,22.210766,810315625
2025-05-07,23.32,23.4,22.84,22.84,22.210766,573657132
2025-05-08,22.76,23.18,22.76,22.940001,22.308012,413368794
2025-05-09,23.02,23.08,22.860001,23.059999,22.424704,404335497
2025-05-12,23.32,23.879999,23.139999,23.74,23.08597,1201652979
2025-05-13,23.700001,23.700001,23.24,23.26,22.619196,579179829
2025-05-14,23.5,23.82,23.459999,23.82,23.163765,897301102
2025-05-15,23.82,23.92,23.58,23.66,23.008175,501098571
2025-05-16,23.5,23.6,23.4,23.559999,22.910929,531676305
2025-05-19,23.4,23.639999,23.26,23.540001,22.891481,416926480
2025-05-20,23.58,23.940001,23.58,23.879999,23.222113,475994531
2025-05-21,23.940001,24.16,23.92,24.059999,23.397154,528749975
2025-05-22,23.98,24.02,23.700001,23.76,23.105419,418622921
2025-05-23,23.940001,24.02,23.74,23.82,23.163765,493986666
2025-05-26,23.799999,23.84,23.48,23.52,22.872032,638286962
2025-05-27,23.48,23.700001,23.42,23.66,23.008175,849853645
2025-05-28,23.68,23.76,23.459999,23.559999,22.910929,394284543
2025-05-29,23.540001,23.9,23.5,23.860001,23.202665,425558255
2025-05-30,23.6,23.66,23.440001,23.58,22.93038,419808960
2025-06-02,23.34,23.48,22.940001,23.48,22.833134,421831313
2025-06-03,23.559999,23.82,23.559999,23.82,23.163765,487510097
2025-06-04,23.82,24.02,23.780001,23.959999,23.29991,351581363
2025-06-05,24.120001,24.24,24.02,24.200001,23.533298,486308077
2025-06-06,24.24,24.280001,24.1,24.16,23.4944,547961158
2025-06-09,24.32,24.52,24.299999,24.5,23.825033,492821317
2025-06-10,24.5,24.66,24.34,24.5,23.825033,673436934
2025-06-11,24.559999,24.84,24.540001,24.74,24.058422,473980700
2025-06-12,24.6,24.700001,24.4,24.459999,23.786133,354469140
2025-06-13,24.32,24.5,24.16,24.26,23.591644,465255612
2025-06-16,24.200001,24.540001,24.120001,24.48,23.805584,360551270
2025-06-17,24.5,24.559999,24.280001,24.4,23.727789,347727220
2025-06-18,24.280001,24.299999,24.040001,24.120001,23.455503,278452564
2025-06-19,24,24.08,23.6,23.639999,22.988726,253956495
2025-06-20,23.719999,23.940001,23.700001,23.92,23.261011,286707282
2025-06-23,23.74,24.120001,23.68,24.1,23.436054,375897022
2025-06-24,24.280001,24.66,24.280001,24.6,23.922279,500633829
2025-06-25,24.780001,24.98,24.700001,24.9,24.214012,562729622
2025-06-26,24.799999,24.860001,24.66,24.76,24.077869,296372932
2025-06-27,24.860001,24.92,24.639999,24.700001,24.019524,575109253
2025-06-30,24.74,24.74,24.5,24.52,23.844482,392856904
2025-07-02,24.780001,24.860001,24.58,24.639999,23.961174,513428488
2025-07-03,24.66,24.76,24.4,24.540001,23.863932,399754891
2025-07-04,24.360001,24.58,24.18,24.4,23.727789,376198953
2025-07-07,24.34,24.4,24.18,24.360001,23.68889,515416864
2025-07-08,24.440001,24.66,24.379999,24.639999,23.961174,384155269
2025-07-09,24.6,24.6,24.299999,24.379999,23.708338,381470620
2025-07-10,24.360001,24.559999,24.299999,24.52,23.844482,462069935
2025-07-11,24.52,25.02,24.52,24.620001,23.941729,693364922
2025-07-14,24.6,24.76,24.559999,24.700001,24.019524,333722495
2025-07-15,24.84,25.08,24.620001,25.08,24.389053,615710476
2025-07-16,25.1,25.360001,24.98,24.98,24.291809,464945760
2025-07-17,25.059999,25.16,24.940001,25,24.311258,509136310
2025-07-18,25.24,25.32,25.120001,25.32,24.622442,482272646
2025-07-21,25.48,25.5,25.34,25.459999,24.758585,368603716
2025-07-22,25.52,25.639999,25.4,25.6,24.894728,367824249
2025-07-23,25.82,26.040001,25.719999,26.02,25.303158,652964810
2025-07-24,26.02,26.24,26,26.16,25.439301,593351016
2025-07-25,26.040001,26.08,25.860001,25.879999,25.167013,866870589
2025-07-28,25.959999,26.18,25.9,26.059999,25.342056,489641435
2025-07-29,25.92,26.040001,25.74,26.02,25.303158,344361284
2025-07-30,25.84,26,25.58,25.66,24.953075,562786102
2025-07-31,25.5,25.5,25.24,25.26,24.564095,710522379
2025-08-01,25.26,25.34,24.98,24.98,24.291809,648334350
2025-08-04,24.940001,25.24,24.860001,25.200001,24.505749,1268421096
2025-08-05,25.24,25.42,25.16,25.360001,24.661341,719225265
2025-08-06,25.360001,25.48,25.299999,25.42,24.719688,375381501
2025-08-07,25.48,25.620001,25.32,25.559999,24.855831,712918410
2025-08-08,25.440001,25.5,25.299999,25.379999,24.680788,277719840
2025-08-11,25.42,25.48,25.26,25.4,24.700237,245268393
2025-08-12,25.32,25.52,25.299999,25.48,24.778034,423826074
2025-08-13,25.66,26.120001,25.66,26.08,25.361506,587026141
2025-08-14,26.26,26.280001,26,26.02,25.303158,326527721
2025-08-15,25.82,25.860001,25.66,25.799999,25.089218,1148485892
2025-08-18,25.799999,25.98,25.66,25.66,24.953075,813235288
2025-08-19,25.719999,25.780001,25.58,25.620001,24.914179,853082233
2025-08-20,25.48,25.719999,25.379999,25.66,24.953075,978589542
2025-08-21,25.700001,25.719999,25.5,25.620001,24.914179,430233565
2025-08-22,25.719999,25.879999,25.66,25.84,25.128117,418385265
2025-08-25,26.120001,26.459999,26.1,26.360001,25.633791,579142778
2025-08-26,26.24,26.34,26.02,26.02,25.303158,624979956
2025-08-27,26.120001,26.18,25.66,25.700001,24.991974,1499351764
2025-08-28,25.58,25.620001,25.32,25.5,24.797483,1239398431
2025-08-29,25.639999,25.82,25.58,25.620001,24.914179,430581163
2025-09-01,25.98,26.200001,25.98,26.16,25.439301,652840138
2025-09-02,26.120001,26.299999,25.98,26.040001,25.322607,790950619
2025-09-03,26.24,26.360001,25.82,25.9,25.186462,748231421
2025-09-04,26.02,26.08,25.58,25.620001,24.914179,684501542
2025-09-05,25.719999,26.059999,25.68,25.98,25.264259,416425409
2025-09-08,25.98,26.26,25.98,26.200001,25.478199,348908241
2025-09-09,26.32,26.66,26.26,26.540001,25.808832,378083282
2025-09-10,26.68,26.940001,26.620001,26.799999,26.061668,378558857
2025-09-11,26.6,26.9,26.52,26.719999,25.983871,609924629
2025-09-12,27.120001,27.24,26.98,27,26.256159,672662847
2025-09-15,26.98,27.200001,26.940001,27.08,26.333956,761799977
2025-09-16,27.16,27.26,26.98,27.059999,26.314505,781077699
2025-09-17,27.16,27.6,27.16,27.52,26.761835,562368205
2025-09-18,27.48,27.700001,26.98,27.18,26.4312,689600694
2025-09-19,27.200001,27.280001,27.040001,27.200001,26.450651,838709787
2025-09-22,27.1,27.1,26.84,26.959999,26.21726,641796749
2025-09-23,27.040001,27.08,26.639999,26.799999,26.061668,898889030
2025-09-24,26.76,27.200001,26.700001,27.18,26.4312,355369907
2025-09-25,27.059999,27.280001,27.040001,27.139999,26.392302,556140759
2025-09-26,26.98,27.059999,26.719999,26.780001,26.042221,565463647
2025-09-29,27,27.34,26.98,27.24,26.489546,698376064
2025-09-30,27.280001,27.559999,27.200001,27.52,26.761835,383166715
2025-10-02,27.52,28.040001,27.52,27.959999,27.189709,465975893
2025-10-03,27.879999,27.92,27.6,27.780001,27.014671,164529440
2025-10-06,27.700001,27.799999,27.52,27.58,26.820181,245943534
2025-10-08,27.559999,27.559999,27.16,27.459999,26.703485,378935610
2025-10-09,27.52,27.639999,27.120001,27.4,26.64514,449791347
2025-10-10,27.16,27.219999,26.9,26.959999,26.21726,375135392
2025-10-13,26.219999,26.559999,25.98,26.540001,25.808832,1317057344
2025-10-14,26.620001,26.74,25.959999,26.120001,25.400404,951006761
2025-10-15,26.42,26.639999,26.24,26.559999,25.828279,1097213708
2025-10-16,26.52,26.719999,26.34,26.540001,25.808832,515977914
2025-10-17,26.48,26.5,25.780001,25.860001,25.147566,570565775
2025-10-20,26.52,26.6,26.379999,26.52,25.789383,556028700
2025-10-21,26.84,27.059999,26.68,26.700001,25.964426,475025056
2025-10-22,26.639999,26.639999,26.280001,26.42,25.692137,482669909
2025-10-23,26.360001,26.76,26.26,26.6,25.86718,460512746
2025-10-27,27.1,27.18,26.98,27.040001,26.295057,578987858
2025-10-28,27.18,27.200001,26.9,26.98,26.23671,447168171
2025-10-30,26.879999,26.879999,26.26,26.4,26.206928,1075680279
2025-10-31,26.379999,26.42,26.040001,26.059999,25.869415,442359469
2025-11-03,26.120001,26.34,26.040001,26.26,26.067953,531294586
2025-11-04,26.26,26.4,26.02,26.040001,25.849562,456271227
2025-11-05,25.799999,26.1,25.6,26.040001,25.849562,537528465
2025-11-06,26.200001,26.639999,26.18,26.6,26.405466,554722356
2025-11-07,26.5,26.5,26.299999,26.34,26.147367,386895252
2025-11-10,26.440001,26.84,26.440001,26.799999,26.604002,331961140
2025-11-11,26.9,26.940001,26.66,26.84,26.643711,575306746
2025-11-12,26.940001,27.16,26.9,27.040001,26.842249,462244627
2025-11-13,26.92,27.32,26.860001,27.18,26.981224,735260946
2025-11-14,26.82,27.040001,26.68,26.719999,26.524588,595660489
2025-11-17,26.620001,26.68,26.4,26.52,26.326052,689586244
2025-11-18,26.280001,26.32,25.959999,26.059999,25.869415,504318531
2025-11-19,26.1,26.18,25.879999,25.98,25.789999,661002576
2025-11-20,26.139999,26.200001,25.82,26,25.809855,1187476759
2025-11-21,25.66,25.66,25.32,25.360001,25.174536,727619188
2025-11-24,25.58,25.92,25.52,25.82,25.63117,490723815
2025-11-25,26.08,26.200001,25.879999,26.040001,25.849562,533695075
2025-11-26,26.24,26.280001,26.040001,26.08,25.889269,537131355
2025-11-27,26.08,26.26,25.959999,26.059999,25.869415,546820348
2025-11-28,26.120001,26.16,25.959999,26.040001,25.849562,230461371
2025-12-01,26.1,26.34,26.040001,26.200001,26.008392,321924139
2025-12-02,26.34,26.440001,26.139999,26.24,26.048098,339903581
2025-12-03,26.16,26.18,25.9,25.940001,25.750294,398237220
2025-12-04,26,26.200001,25.860001,26.139999,25.94883,498794543
2025-12-05,26.1,26.360001,25.98,26.280001,26.087807,298803923
2025-12-08,26.26,26.360001,25.959999,25.98,25.789999,326054948
2025-12-09,25.98,26.02,25.58,25.620001,25.432634,395383580
2025-12-10,25.620001,25.700001,25.459999,25.700001,25.512049,393066671
2025-12-11,25.9,26,25.68,25.76,25.571609,422527872
2025-12-12,26,26.24,25.92,26.16,25.968683,374899285
2025-12-15,25.92,26.02,25.799999,25.84,25.651024,494817249
2025-12-16,25.76,25.76,25.299999,25.440001,25.25395,397147709
2025-12-17,25.459999,25.719999,25.379999,25.66,25.47234,505602885
2025-12-18,25.52,25.74,25.459999,25.700001,25.512049,394536019
2025-12-19,25.860001,25.98,25.76,25.9,25.710585,434252601
2025-12-22,26.040001,26.059999,25.879999,26,25.809855,265093884
2025-12-23,26.1,26.16,25.940001,25.959999,25.770145,340169257
2025-12-24,26,26,26,26,25.809855,0
2025-12-29,26.18,26.299999,25.82,25.82,25.63117,498503687
2025-12-30,25.82,26.139999,25.799999,26.059999,25.869415,358235065
2025-12-31,25.82,25.82,25.82,25.82,25.63117,0
2026-01-02,26,26.58,25.92,26.540001,26.345905,430816215
2026-01-05,26.58,26.66,26.459999,26.52,26.326052,911019270
2026-01-06,26.700001,27.1,26.700001,26.879999,26.683418,562358822
2026-01-07,26.860001,26.860001,26.540001,26.66,26.465027,513238683
2026-01-08,26.52,26.52,26.16,26.32,26.127514,760357414
2026-01-09,26.440001,26.5,26.32,26.4,26.206928,458119534
2026-01-12,26.58,26.82,26.4,26.799999,26.604002,343036992
2026-01-13,27.16,27.379999,26.940001,27.040001,26.842249,481102331
2026-01-14,27.120001,27.34,27,27.200001,27.00108,384310722
2026-01-15,27.200001,27.440001,27.059999,27.120001,26.921663,602280350
2026-01-16,27.34,27.440001,26.959999,27.040001,26.842249,235117491
2026-01-19,26.84,26.940001,26.76,26.76,26.564297,533276683
2026-01-20,26.76,26.860001,26.58,26.68,26.48488,418532844
2026-01-21,26.6,26.940001,26.6,26.799999,26.604002,664067905
2026-01-22,27,27,26.719999,26.860001,26.663565,474906862
2026-01-23,27.1,27.139999,26.9,26.959999,26.762833,402221536
2026-01-26,27.040001,27.139999,26.84,26.98,26.782686,637966109
2026-01-27,27.1,27.42,27.040001,27.32,27.120199,389933701
2026-01-28,27.559999,28.08,27.48,28.040001,27.834936,1175097981
2026-01-29,27.860001,28.32,27.82,28.18,27.973911,569812641
2026-01-30,28,28.120001,27.6,27.6,27.398153,606792451
2026-02-02,27.34,27.360001,26.719999,26.940001,26.742979,914618701
2026-02-03,27.200001,27.34,26.66,27,26.80254,845932608
2026-02-04,26.959999,27.24,26.82,27.08,26.881956,793875481
2026-02-05,26.82,27.139999,26.6,27.1,26.90181,1080266950
2026-02-06,26.58,26.9,26.48,26.76,26.564297,493256456
2026-02-09,27.26,27.34,27.1,27.219999,27.020931,755650211
2026-02-10,27.4,27.639999,27.32,27.379999,27.17976,339490618
2026-02-11,27.440001,27.559999,27.360001,27.48,27.27903,299909681
2026-02-12,27.440001,27.459999,27.139999,27.24,27.040785,311036430
2026-02-13,26.879999,27,26.66,26.780001,26.58415,671488961
2026-02-16,26.959999,26.959999,26.959999,26.959999,26.762833,0
2026-02-20,26.92,27.02,26.559999,26.639999,26.445173,331859588
2026-02-23,27.040001,27.4,27.02,27.299999,27.100346,375350992
2026-02-24,27.120001,27.120001,26.700001,26.799999,26.604002,306312714
2026-02-25,26.98,27.08,26.860001,26.98,26.782686,640582820
2026-02-26,27.219999,27.24,26.58,26.58,26.385612,284718058
2026-02-27,26.639999,26.940001,26.58,26.9,26.703272,775902888
2026-03-02,26.540001,26.620001,26.1,26.280001,26.087807,721672179
2026-03-03,26.440001,26.440001,25.940001,25.959999,25.770145,811338434
2026-03-04,25.66,25.68,25.16,25.5,25.313511,743599893
2026-03-05,25.799999,25.940001,25.42,25.5,25.313511,1486551575
2026-03-06,25.559999,26.040001,25.48,25.92,25.730438,686930334
2026-03-09,25.120001,25.66,25.1,25.620001,25.432634,1584767839
2026-03-10,25.959999,26.18,25.799999,26.18,25.988539,1426407180
2026-03-11,26.26,26.379999,26.059999,26.1,25.909122,350735018
2026-03-12,26,26.200001,25.780001,26.040001,25.849562,710926371
2026-03-13,25.879999,25.959999,25.719999,25.719999,25.5319,785461161
2026-03-16,25.799999,26.139999,25.6,26.120001,25.928978,802084358
2026-03-17,26.219999,26.540001,26.120001,26.200001,26.008392,979857444
2026-03-18,26.219999,26.4,26.08,26.280001,26.087807,519779786
2026-03-19,25.780001,26.02,25.719999,25.76,25.571609,1146143943
2026-03-20,25.68,25.84,25.4,25.559999,25.373072,1367365972
2026-03-23,25.059999,25.059999,24.48,24.700001,24.519361,1380996780
2026-03-24,25.059999,25.360001,24.82,25.360001,25.174536,1210253358
2026-03-25,25.559999,25.68,25.299999,25.66,25.47234,1140382388
2026-03-26,25.540001,25.540001,25.08,25.139999,24.956142,465641972
2026-03-27,25.02,25.379999,25,25.200001,25.015705,818355945
2026-03-30,24.76,25.08,24.66,25,24.817167,868107858
2026-03-31,25.08,25.280001,24.82,25.08,24.896582,627870579
2026-04-01,25.639999,25.719999,25.48,25.540001,25.353218,826389604
2026-04-02,25.48,25.52,25.18,25.4,25.214241,882936818
2026-04-08,26.219999,26.26,25.98,26.200001,26.008392,1154934638
2026-04-09,26.059999,26.18,25.940001,26.02,25.829708,801434850
2026-04-10,26.200001,26.4,26.139999,26.16,25.968683,716560400
2026-04-13,26,26.02,25.82,25.959999,25.770145,390856381
2026-04-14,26.219999,26.32,25.98,26.200001,26.008392,638227672
2026-04-15,26.48,26.540001,26.24,26.24,26.048098,412870155
2026-04-16,26.42,26.719999,26.42,26.700001,26.504736,551971052
2026-04-17,26.52,26.6,26.32,26.440001,26.246637,552607635
2026-04-20,26.52,26.74,26.4,26.66,26.465027,676090988
2026-04-21,26.74,26.84,26.639999,26.76,26.564297,315765743
2026-04-22,26.58,26.6,26.4,26.459999,26.266489,413066331
2026-04-23,26.4,26.42,26.139999,26.200001,26.008392,788453541
2026-04-24,26.1,26.299999,25.92,26.26,26.067953,556988837
2026-04-27,26.280001,26.379999,26.139999,26.24,26.048098,801854636
2026-04-28,26.200001,26.200001,25.9,25.98,25.789999,697141664
2026-04-29,25.98,26.26,25.92,26.24,26.24,756674854
2026-04-30,26.059999,26.16,25.82,25.9,25.9,644660703
2026-05-04,26.26,26.48,26.219999,26.24,26.24,489645498
2026-05-05,26.08,26.08,25.82,26.02,26.02,371207193
2026-05-06,26.18,26.360001,26,26.299999,26.299999,608744861
2026-05-07,26.66,26.82,26.66,26.76,26.76,576814981
2026-05-08,26.5,26.620001,26.4,26.5,26.5,527526370
2026-05-11,26.42,26.559999,26.34,26.540001,26.540001,518531228
2026-05-12,26.58,26.76,26.459999,26.48,26.48,643696321
2026-05-13,26.48,26.620001,26.360001,26.52,26.52,463523764
2026-05-14,27.02,27.040001,26.52,26.559999,26.559999,607873776
2026-05-15,26.540001,26.540001,26.040001,26.120001,26.120001,1295884035
2026-05-18,25.98,26,25.700001,25.82,25.82,1042888002
2026-05-19,25.879999,26.040001,25.84,25.98,25.98,916669877
2026-05-20,25.860001,25.92,25.74,25.860001,25.860001,513827297
2026-05-21,26.059999,26.059999,25.540001,25.620001,25.620001,754322782
2026-05-22,25.860001,25.959999,25.700001,25.799999,25.799999,854712777
2026-05-26,25.9,26,25.639999,25.82,25.82,856920814
2026-05-27,25.84,25.860001,25.5,25.559999,25.559999,915375487
2026-05-28,25.459999,25.48,24.98,25.26,25.26,755064962
2026-05-29,25.4,25.58,25.299999,25.4,25.4,837845479
2026-06-01,25.4,25.76,25.4,25.68,25.68,756798493
2026-06-02,25.639999,26.360001,25.639999,26.32,26.32,811298804
2026-06-03,26.24,26.24,25.860001,25.940001,25.940001,1033732612
2026-06-04,25.700001,25.780001,25.48,25.540001,25.540001,695885298
2026-06-05,25.5,25.540001,25.24,25.280001,25.280001,784318754
2026-06-08,24.879999,25.16,24.76,24.98,24.98,1316758653
2026-06-09,24.860001,25.059999,24.780001,24.9,24.9,1303062723
2026-06-10,24.780001,24.84,24.559999,24.74,24.74,979394520
2026-06-11,24.719999,24.860001,24.360001,24.6,24.6,895983170
2026-06-12,24.860001,25.139999,24.780001,25.08,25.08,881834471
2026-06-15,25.379999,25.440001,25.18,25.24,25.24,541694992
2026-06-16,25.200001,25.219999,24.76,24.860001,24.860001,642345555
2026-06-17,24.92,24.940001,24.639999,24.68,24.68,448416540
2026-06-18,24.5,24.559999,24.139999,24.280001,24.280001,367344427
2026-06-22,24.18,24.280001,23.82,24.16,24.16,788175443
2026-06-23,24.16,24.219999,23.639999,23.700001,23.700001,776256607
2026-06-24,23.860001,23.940001,23.639999,23.799999,23.799999,809314570
2026-06-25,23.799999,23.799999,23.379999,23.5,23.5,883240803
2026-06-26,23.34,23.34,22.92,23.08,23.08,594917921
2026-06-29,23.24,23.559999,23.18,23.4,23.4,985351079
2026-06-30,23.34,23.48,23.059999,23.280001,23.280001,535050680
