Date,Open,High,Low,Close,Adj Close,Volume
2000-01-04,62.536972,63.67683,61.564217,62.859238,27.131796,43761965846
2000-01-05,62.21471,63.999092,61.725346,61.886478,26.711929,33700519703
2000-01-06,62.21471,63.348598,62.047611,62.859238,27.131796,37272282244
2000-01-07,63.509731,64.160225,62.21471,62.536972,26.992699,37190202
2000-01-10,62.21471,62.859238,61.725346,62.21471,26.853603,30201279238
2000-01-11,62.536972,63.837963,61.725346,62.21471,26.853603,46488152477
2000-01-12,62.536972,63.67683,61.725346,61.886478,26.711929,46725286932
2000-01-13,62.21471,63.348598,62.21471,63.026337,27.203918,53812614109
2000-01-14,63.837963,64.321358,61.886478,61.886478,26.711929,42790454
2000-01-17,62.536972,63.348598,62.21471,62.21471,26.853603,36325574231
2000-01-18,62.859238,63.837963,62.536972,63.67683,27.484686,41717051067
2000-01-19,63.67683,63.999092,62.698105,62.859238,27.131796,25506279090
2000-01-20,62.859238,63.348598,62.047611,62.859238,27.131796,29539203618
2000-01-21,62.859238,63.348598,62.536972,62.536972,26.992699,23265702161
2000-01-24,63.187469,64.810722,62.859238,64.160225,27.69334,87285982872
2000-01-25,64.488457,64.488457,62.536972,62.536972,26.992699,50981055984
2000-01-26,63.67683,64.160225,63.026337,63.509731,27.412571,40898282184
2000-01-27,64.321358,66.433968,64.321358,65.300079,28.185326,90727966420
2000-01-28,66.272842,67.896095,65.300079,67.412697,29.0972,93483238
2000-01-31,66.5951,67.412697,65.783478,65.950577,28.466105,36195257
2000-02-01,66.5951,68.874817,66.11171,68.874817,29.728292,90593659824
2000-02-02,68.874817,68.874817,68.874817,68.874817,29.728292,0
2000-02-03,68.874817,68.874817,68.874817,68.874817,29.728292,0
2000-02-04,68.874817,68.874817,68.874817,68.874817,29.728292,0
2000-02-07,68.874817,68.874817,68.874817,68.874817,29.728292,0
2000-02-08,68.874817,68.874817,68.874817,68.874817,29.728292,0
2000-02-09,71.470825,71.470825,69.03595,70.008705,30.21771,80801182111
2000-02-10,70.008705,72.282455,69.519341,69.68644,30.078613,97352522987
2000-02-11,69.847572,70.169838,68.224319,68.385452,29.517065,68072089800
2000-02-14,68.224319,68.224319,66.11171,66.272842,28.605204,36607103323
2000-02-15,66.272842,66.272842,64.64959,65.783478,28.393982,40634647
2000-02-16,66.272842,66.433968,64.971848,65.783478,28.393982,42124716292
2000-02-17,65.622345,66.762199,65.300079,65.783478,28.393982,39727985659
2000-02-18,65.783478,67.084465,64.971848,65.13298,28.113207,43868681210
2000-02-21,66.11171,67.245598,65.622345,65.622345,28.324432,40909452058
2000-02-22,66.11171,66.11171,63.348598,63.509731,27.412571,34608463259
2000-02-23,64.321358,64.321358,63.026337,63.999092,27.623789,21795159
2000-02-24,63.999092,64.321358,62.859238,63.026337,27.203918,15222305
2000-02-25,63.026337,63.509731,61.886478,63.026337,27.203918,16500828
2000-02-28,63.026337,63.026337,63.026337,63.026337,27.203918,0
2000-02-29,63.509731,63.67683,62.047611,63.026337,27.203918,15881299222
2000-03-01,63.026337,63.509731,62.536972,63.348598,27.343016,19672239968
2000-03-02,63.999092,64.160225,62.698105,63.348598,27.343016,31891231295
2000-03-03,63.348598,63.67683,62.698105,62.859238,27.131796,23538169345
2000-03-06,62.047611,62.375843,60.913719,61.397118,26.500704,11794795826
2000-03-07,61.235985,63.348598,61.235985,63.348598,27.343016,38803392857
2000-03-08,62.859238,63.187469,62.21471,62.859238,27.131796,16495617
2000-03-09,63.026337,63.187469,62.21471,62.21471,26.853603,13986432
2000-03-10,62.698105,63.67683,61.397118,61.397118,26.500704,24698887862
2000-03-13,60.913719,60.913719,57.177856,57.177856,24.679548,27328019
2000-03-14,56.849625,57.177856,56.037998,56.849625,24.537882,21649761832
2000-03-15,56.849625,57.661251,56.037998,56.037998,24.187563,18012499857
2000-03-16,53.603119,59.940964,53.603119,59.940964,25.87219,47416200
2000-03-17,59.612732,62.698105,57.82835,59.940964,25.87219,57616195948
2000-03-20,57.989483,57.989483,57.989483,57.989483,25.029875,948142
2000-03-21,56.037998,58.801105,56.037998,57.989483,25.029875,83932393145
2000-03-22,57.661251,57.82835,56.037998,56.037998,24.187563,22305900628
2000-03-23,55.226372,58.478844,55.226372,57.82835,24.960327,37173053
2000-03-24,57.661251,57.661251,55.876865,55.876865,24.118011,24923780028
2000-03-27,55.226372,57.177856,54.90411,56.849625,24.537882,27778753
2000-03-28,57.500118,58.801105,57.016724,57.177856,24.679548,26434430
2000-03-29,58.150612,58.311745,56.849625,56.849625,24.537882,12587421238
2000-03-30,56.849625,59.29047,56.849625,58.311745,25.168974,33948721
2000-03-31,59.451599,60.424358,58.478844,59.451599,25.660963,29463018
2000-04-03,59.451599,59.451599,59.451599,59.451599,25.660963,0
2000-04-04,59.451599,59.451599,59.451599,59.451599,25.660963,0
2000-04-05,60.102097,60.585491,58.962238,59.451599,25.660963,31290755874
2000-04-06,59.940964,62.047611,59.940964,60.585491,26.150391,34139254807
2000-04-07,61.397118,61.564217,59.123371,59.123371,25.519293,15690982392
2000-04-10,57.989483,59.451599,57.989483,58.478844,25.241102,14682474
2000-04-11,58.478844,59.612732,58.478844,58.962238,25.449743,14191880
2000-04-12,59.612732,60.102097,58.478844,58.478844,25.241102,15695617237
2000-04-13,58.801105,59.451599,58.478844,59.123371,25.519293,15308006
2000-04-14,59.29047,59.940964,58.478844,58.478844,25.241102,23060482
2000-04-17,55.065239,55.387505,53.603119,54.414745,23.486919,16494512925
2000-04-18,54.742977,55.876865,54.742977,54.742977,23.628595,26814194968
2000-04-19,55.226372,55.226372,52.463264,52.463264,22.6446,20539825
2000-04-20,53.113758,54.414745,52.791492,52.952625,22.855825,18923660
2000-04-21,53.603119,54.092484,53.280857,53.764252,23.206148,8180562
2000-04-24,53.603119,54.253613,52.463264,52.791492,22.786278,12194798
2000-04-25,52.791492,53.113758,51.168243,51.97987,22.435959,11804291
2000-04-26,51.97987,52.463264,48.405132,48.727394,21.032101,15430149
2000-04-27,48.727394,49.867252,48.727394,49.216759,21.243322,11418218
2000-04-28,49.216759,50.028385,47.104145,49.055626,21.173771,12707840057
2000-05-01,49.055626,49.055626,49.055626,49.055626,21.173771,0
2000-05-02,49.544991,49.544991,48.243999,48.727394,21.032101,10650895795
2000-05-03,48.727394,50.840012,48.566265,50.189518,21.663195,23187615
2000-05-04,51.168243,53.603119,51.168243,53.113758,22.925375,32965940
2000-05-05,51.651638,53.603119,51.651638,52.952625,22.855825,21040142395
2000-05-08,53.113758,53.280857,51.168243,51.818737,22.366409,10595044
2000-05-09,51.818737,51.818737,51.818737,51.818737,22.366409,0
2000-05-10,52.463264,52.630363,51.329372,51.329372,22.155186,6586831011
2000-05-11,50.356617,51.818737,50.356617,51.001144,22.013512,7981455009
2000-05-12,52.140999,54.414745,51.818737,54.414745,23.486919,42252801
2000-05-15,54.90411,56.037998,54.092484,54.414745,23.486919,49243609339
2000-05-16,55.554604,55.876865,54.414745,55.876865,24.118011,21724601
2000-05-17,56.199127,56.849625,55.226372,56.199127,24.257109,29472615
2000-05-18,56.037998,57.82835,55.387505,55.715733,24.04846,35413287393
2000-05-19,55.387505,57.500118,55.387505,56.037998,24.187563,30294157095
2000-05-22,55.387505,55.554604,53.603119,53.925385,23.275696,13675096
2000-05-23,52.630363,54.253613,52.630363,53.113758,22.925375,11097452828
2000-05-24,52.140999,53.603119,52.140999,52.463264,22.6446,9300870
2000-05-25,53.280857,54.253613,52.791492,53.280857,22.997499,11605026
2000-05-26,52.791492,56.527359,52.791492,55.554604,23.978916,24462309
2000-05-29,55.387505,56.037998,54.742977,55.065239,23.767687,21785539647
2000-05-30,55.065239,55.065239,55.065239,55.065239,23.767687,0
2000-05-31,55.876865,55.876865,54.742977,55.226372,23.837244,13211744491
2000-06-01,55.554604,56.36623,55.226372,56.36623,24.329233,18498923924
2000-06-02,55.065239,55.226372,54.414745,54.414745,23.486919,17754252228
2000-06-05,54.575878,54.90411,53.925385,54.092484,23.347816,8418945
2000-06-06,54.092484,54.092484,54.092484,54.092484,23.347816,0
2000-06-07,53.925385,54.253613,52.463264,53.603119,23.136599,20279386
2000-06-08,53.603119,54.092484,52.952625,52.952625,22.855825,14912231
2000-06-09,52.952625,53.280857,51.97987,52.140999,22.505512,8191623
2000-06-12,51.97987,52.140999,51.168243,51.168243,22.085638,8918806
2000-06-13,51.168243,52.140999,51.168243,51.490505,22.224733,7314612
2000-06-14,51.490505,51.97987,51.168243,51.329372,22.155186,5651542544
2000-06-15,51.490505,51.818737,51.168243,51.168243,22.085638,5297452
2000-06-16,51.168243,51.97987,51.001144,51.168243,22.085638,16598193690
2000-06-19,51.818737,52.302132,51.490505,51.651638,22.294279,7426046160
2000-06-20,51.818737,52.463264,51.168243,51.490505,22.224733,14318527
2000-06-21,51.490505,51.651638,50.356617,50.356617,21.735323,7725075728
2000-06-22,48.894497,51.168243,48.894497,51.168243,22.085638,12377924
2000-06-23,51.168243,51.490505,50.028385,50.028385,21.593643,7566457144
2000-06-26,50.028385,50.356617,49.055626,50.356617,21.735323,7086028548
2000-06-27,50.356617,51.001144,49.055626,49.055626,21.173771,8291208728
2000-06-28,49.377892,49.544991,48.08287,48.08287,20.753902,11119470
2000-06-29,48.08287,48.243999,46.292519,46.292519,19.981138,13677956883
2000-06-30,47.104145,47.593506,46.292519,47.432377,20.473137,14668721053
2000-07-03,48.243999,50.678879,47.593506,50.189518,21.663195,31319550221
2000-07-04,50.356617,50.51775,47.593506,48.727394,21.032101,19734937716
2000-07-05,48.727394,51.651638,47.915771,50.678879,21.874413,39076335926
2000-07-06,50.356617,51.818737,50.028385,50.840012,21.943962,39876592241
2000-07-07,50.356617,50.840012,50.028385,50.028385,21.593643,13996722242
2000-07-10,50.356617,51.651638,50.028385,51.490505,22.224733,18825504508
2000-07-11,51.490505,52.140999,50.678879,51.818737,22.366409,28338416989
2000-07-12,51.818737,51.818737,48.727394,49.216759,21.243322,16398999
2000-07-13,48.243999,50.678879,48.243999,50.028385,21.593643,21838639280
2000-07-14,49.867252,52.630363,49.867252,51.97987,22.435959,33012977574
2000-07-17,54.253613,56.199127,54.253613,56.199127,24.257109,61458297
2000-07-18,56.037998,56.037998,53.603119,54.253613,23.417366,54921719294
2000-07-19,55.303238,55.670856,54.574684,54.574684,23.555952,43783258793
2000-07-20,55.303238,55.670856,54.574684,54.574684,23.555952,15994729
2000-07-21,54.942303,55.122768,52.756641,54.033283,23.322273,23659598
2000-07-24,54.213749,57.127964,54.033283,56.031792,24.184877,33397270852
2000-07-25,56.031792,57.30843,55.490391,56.212257,24.262775,32609533427
2000-07-26,57.127964,57.127964,55.670856,56.579876,24.421448,23348890220
2000-07-27,56.579876,57.30843,56.031792,57.30843,24.73591,17067951
2000-07-28,56.940811,60.035496,56.940811,59.674561,25.757204,40888330267
2000-07-31,59.126472,60.035496,58.397919,59.674561,25.757204,19517859040
2000-08-01,59.674561,59.674561,58.217453,58.217453,25.128271,8505627312
2000-08-02,58.578388,59.855026,58.217453,58.397919,25.206169,16100413871
2000-08-03,58.397919,58.578388,57.488899,57.488899,24.813812,12276415928
2000-08-04,57.488899,58.036983,56.39941,56.39941,24.343555,10285193182
2000-08-07,55.851322,55.851322,54.574684,54.574684,23.555952,7750416
2000-08-08,54.213749,55.303238,54.213749,54.574684,23.555952,12910566
2000-08-09,55.303238,56.760345,54.942303,55.851322,24.106983,14480088
2000-08-10,55.851322,56.031792,54.942303,55.670856,24.029097,6067978
2000-08-11,56.031792,56.760345,55.122768,55.490391,23.9512,7231069
2000-08-14,55.490391,56.212257,54.574684,54.574684,23.555952,5312397407
2000-08-15,54.942303,55.303238,54.574684,55.122768,23.792519,5340875
2000-08-16,54.574684,55.490391,54.574684,54.942303,23.714628,3880245
2000-08-17,54.942303,56.031792,54.213749,55.670856,24.029097,9626030
2000-08-18,56.39941,56.760345,55.851322,56.031792,24.184877,13371088
2000-08-21,56.39941,56.760345,55.303238,56.39941,24.343555,9293904
2000-08-22,56.39941,56.39941,55.122768,55.122768,23.792519,6454859
2000-08-23,55.122768,55.122768,55.122768,55.122768,23.792519,0
2000-08-24,55.122768,56.031792,54.761833,54.942303,23.714628,6330606
2000-08-25,54.942303,55.303238,54.213749,54.213749,23.400162,7738302
2000-08-28,53.852814,54.213749,52.756641,52.756641,22.771233,7675277
2000-08-29,52.756641,52.756641,50.938599,52.028088,22.456766,6997386372
2000-08-30,51.119068,52.028088,48.572472,49.668644,21.438372,12350394323
2000-08-31,48.211536,50.029579,48.211536,48.572472,20.965231,17727890683
2000-09-01,48.572472,48.94009,46.393494,47.122047,20.339188,11271475
2000-09-04,50.029579,50.390514,48.752937,50.029579,21.594158,20291251715
2000-09-05,49.120556,49.120556,47.482983,48.211536,20.809439,14830255
2000-09-06,46.573963,47.302513,44.936386,44.936386,19.395796,26002929282
2000-09-07,45.116856,46.025875,45.116856,45.484474,19.632362,14482002
2000-09-08,45.484474,46.025875,45.116856,45.297321,19.551584,10905874414
2000-09-11,45.484474,45.845409,44.568768,44.568768,19.237123,9624344
2000-09-12,44.568768,44.568768,44.568768,44.568768,19.237123,0
2000-09-13,43.659748,43.659748,41.48077,42.022171,18.137941,22078975
2000-09-14,41.300304,41.841705,39.295109,39.662727,17.119537,16616382
2000-09-15,40.023663,41.661236,40.023663,40.571751,17.511898,15498772
2000-09-18,38.386089,39.843197,38.20562,38.566555,16.646399,14064533591
2000-09-19,38.386089,39.295109,37.477066,38.386089,16.568506,30870091
2000-09-20,39.295109,39.843197,37.838001,39.662727,17.119537,30328023990
2000-09-21,39.114643,40.932686,38.934174,40.204128,17.353222,38516605100
2000-09-22,40.023663,40.384598,38.025154,38.025154,16.412718,20089970
2000-09-25,38.747025,40.204128,38.386089,40.023663,17.275328,30884735
2000-09-26,40.204128,40.204128,38.566555,39.114643,16.882965,20870372370
2000-09-27,38.747025,40.023663,38.747025,39.475574,17.038755,18929782
2000-09-28,40.204128,40.571751,38.20562,38.20562,16.49061,19425265984
2000-09-29,38.566555,38.934174,36.387577,36.387577,15.705888,25260950
2000-10-02,35.110939,35.839493,34.93047,35.110939,15.154858,10332790
2000-10-03,35.291405,37.477066,35.110939,37.477066,16.176144,22861849455
2000-10-04,36.200428,36.200428,36.200428,36.200428,15.625113,8976445
2000-10-05,36.387577,37.2966,36.387577,36.928982,15.939577,19320271630
2000-10-06,37.477066,39.295109,37.116131,39.114643,16.882965,18325910261
2000-10-09,39.295109,40.384598,38.566555,38.934174,16.805073,36891984
2000-10-10,38.934174,38.934174,38.934174,38.934174,16.805073,0
2000-10-11,38.20562,38.386089,37.657536,37.838001,16.331932,15149789926
2000-10-12,36.928982,38.566555,36.928982,37.2966,16.098249,14884754663
2000-10-13,36.387577,39.662727,36.387577,39.295109,16.960861,21283799
2000-10-16,39.295109,39.295109,39.295109,39.295109,16.960861,0
2000-10-17,38.566555,41.661236,38.566555,41.661236,17.982155,22998058
2000-10-18,41.48077,42.750725,40.023663,42.209324,18.218719,36020771215
2000-10-19,40.204128,41.661236,39.295109,39.295109,16.960861,19451781
2000-10-20,40.752216,42.022171,40.204128,42.022171,18.137941,28242189
2000-10-23,42.022171,42.38979,41.113152,41.300304,17.826361,14651586
2000-10-24,40.204128,42.570259,40.204128,41.300304,17.826361,24325129
2000-10-25,40.932686,41.841705,40.384598,40.571751,17.511898,27492328
2000-10-26,40.204128,41.300304,40.204128,40.384598,17.431116,22304331
2000-10-27,40.384598,40.384598,40.384598,40.384598,17.431116,0
2000-10-30,38.386089,38.386089,38.386089,38.386089,16.568506,4884435
2000-10-31,37.2966,39.475574,37.2966,38.20562,16.49061,26808081484
2000-11-01,39.114643,39.475574,37.477066,38.20562,16.49061,14162738575
2000-11-02,37.838001,40.752216,37.838001,40.752216,17.589788,17824738690
2000-11-03,41.841705,41.841705,40.932686,41.113152,17.745586,19483575
2000-11-06,41.841705,41.841705,39.475574,40.384598,17.431116,14717547
2000-11-07,41.48077,41.661236,40.752216,41.48077,17.904253,14012776
2000-11-08,42.38979,44.027367,41.841705,43.298813,18.688976,22653578
2000-11-09,43.659748,43.659748,41.48077,42.750725,18.452402,18061274
2000-11-10,42.750725,43.298813,41.841705,42.209324,18.218719,13525818512
2000-11-13,39.295109,42.022171,39.295109,40.932686,17.667683,19865044
2000-11-14,41.113152,41.841705,40.571751,41.300304,17.826361,11998455
2000-11-15,41.841705,41.841705,40.023663,40.023663,17.275328,9073718
2000-11-16,37.2966,38.566555,37.2966,38.025154,16.412718,19810708
2000-11-17,36.387577,36.928982,36.019958,36.748512,15.86168,17126970137
2000-11-20,34.562851,35.478558,33.292896,33.292896,14.37014,15296355
2000-11-21,32.744808,35.478558,32.564342,35.478558,15.313532,10102159978
2000-11-22,35.291405,37.838001,34.93047,37.2966,16.098249,15175328608
2000-11-23,36.928982,38.747025,36.928982,38.566555,16.646399,13761806705
2000-11-24,38.934174,41.113152,38.934174,41.113152,17.745586,20346543
2000-11-27,41.841705,42.38979,40.571751,41.841705,18.06004,17083980
2000-11-28,41.48077,42.38979,41.300304,41.661236,17.982155,13963161
2000-11-29,41.48077,43.298813,41.113152,41.48077,17.904253,30497922
2000-11-30,41.48077,41.48077,40.204128,40.204128,17.353222,12900985
2000-12-01,38.934174,40.932686,38.934174,40.932686,17.667683,8795133
2000-12-04,40.571751,41.48077,40.384598,40.571751,17.511898,12506204
2000-12-05,40.571751,43.298813,40.204128,43.298813,18.688976,29973351
2000-12-06,43.298813,44.568768,42.750725,43.118343,18.61108,46857948520
2000-12-07,42.209324,43.846897,42.209324,43.118343,18.61108,41596372641
2000-12-08,42.750725,45.116856,42.38979,44.207832,19.081329,34494714
2000-12-11,44.207832,45.297321,43.846897,44.568768,19.237123,20551236094
2000-12-12,44.568768,45.116856,43.846897,45.116856,19.473696,15729803
2000-12-13,44.936386,46.025875,44.207832,44.568768,19.237123,21513046
2000-12-14,44.388302,44.388302,43.118343,43.298813,18.688976,9099730062
2000-12-15,42.38979,42.931194,41.841705,41.841705,18.06004,10570511
2000-12-18,40.384598,41.48077,39.843197,41.300304,17.826361,15560198
2000-12-19,41.48077,43.298813,41.300304,43.118343,18.61108,21174320086
2000-12-20,42.931194,44.027367,41.661236,42.209324,18.218719,20535835087
2000-12-21,41.113152,41.841705,40.752216,40.752216,17.589788,14818406
2000-12-22,40.752216,41.661236,40.204128,40.932686,17.667683,13076101
2000-12-25,40.932686,40.932686,40.932686,40.932686,17.667683,0
2000-12-26,40.932686,41.300304,40.571751,40.932686,17.667683,10048006
2000-12-27,40.204128,40.932686,39.843197,40.571751,17.511898,9064224
2000-12-28,43.298813,43.298813,42.209324,43.298813,18.688976,20901819209
2000-12-29,44.027367,45.484474,42.931194,43.659748,18.844767,32204202
2001-01-01,43.659748,43.659748,43.659748,43.659748,18.844767,0
2001-01-02,45.116856,45.66494,43.659748,45.116856,19.473696,19756966632
2001-01-03,44.936386,46.393494,44.568768,45.116856,19.473696,27931381
2001-01-04,46.934895,47.482983,46.025875,46.206345,19.943945,39933512
2001-01-05,46.206345,48.211536,45.66494,48.211536,20.809439,37887369083
2001-01-08,47.663448,48.211536,46.206345,46.206345,19.943945,21069376
2001-01-09,46.206345,47.663448,46.206345,47.302513,20.417078,20796791
2001-01-10,47.302513,48.94009,46.573963,46.754429,20.180511,42431207764
2001-01-11,48.211536,48.211536,45.484474,45.484474,19.632362,54768353
2001-01-12,45.484474,45.484474,43.298813,44.388302,19.159227,21371494569
2001-01-15,43.846897,46.025875,43.298813,46.025875,19.866053,19967909
2001-01-16,46.393494,48.752937,46.025875,48.572472,20.965231,45004510479
2001-01-17,48.572472,50.758133,47.482983,49.120556,21.201799,59735612
2001-01-18,49.120556,51.847622,48.031071,51.486687,22.223087,65548571207
2001-01-19,51.486687,51.486687,51.486687,51.486687,22.223087,0
2001-01-22,51.486687,51.486687,51.486687,51.486687,22.223087,0
2001-01-23,51.486687,51.486687,51.486687,51.486687,22.223087,0
2001-01-24,51.486687,51.486687,51.486687,51.486687,22.223087,0
2001-01-25,51.486687,51.486687,51.486687,51.486687,22.223087,0
2001-01-26,51.486687,51.486687,51.486687,51.486687,22.223087,0
2001-01-29,52.395706,53.852814,49.120556,49.120556,21.201799,53796138
2001-01-30,49.668644,50.938599,47.302513,49.668644,21.438372,28473463863
2001-01-31,49.668644,51.486687,49.120556,50.758133,21.908619,33056533669
2001-02-01,50.758133,51.486687,48.94009,49.301025,21.279694,16770764
2001-02-02,50.029579,50.758133,49.120556,49.301025,21.279694,35747562676
2001-02-05,48.94009,48.94009,46.754429,47.302513,20.417078,17798073
2001-02-06,46.393494,48.211536,45.845409,46.025875,19.866053,33626701
2001-02-07,45.297321,46.393494,45.297321,45.66494,19.710258,21576731615
2001-02-08,46.025875,46.393494,45.484474,45.66494,19.710258,16050896956
2001-02-09,46.206345,48.211536,46.025875,46.573963,20.102623,36180613142
2001-02-12,46.934895,47.663448,46.573963,47.122047,20.339188,22926837695
2001-02-13,47.482983,47.663448,46.573963,46.934895,20.258406,31893854882
2001-02-14,48.211536,48.392002,47.302513,47.482983,20.494978,49739223
2001-02-15,47.843918,50.029579,47.482983,50.029579,21.594158,39295967273
2001-02-16,50.758133,50.758133,48.752937,49.301025,21.279694,28417793427
2001-02-19,47.663448,50.758133,47.663448,50.390514,21.749949,26686037
2001-02-20,50.758133,51.847622,49.84911,49.84911,21.516264,31006350530
2001-02-21,49.84911,50.577663,49.120556,50.390514,21.749949,14416219343
2001-02-22,50.210045,50.390514,49.120556,49.301025,21.279694,15886469
2001-02-23,49.668644,50.758133,49.481491,50.210045,21.672058,16955685924
2001-02-26,50.758133,50.938599,50.210045,50.577663,21.830729,11008799640
2001-02-27,50.938599,51.119068,50.029579,50.029579,21.594158,15244458095
2001-02-28,50.029579,50.029579,50.029579,50.029579,21.594158,0
2001-03-01,49.120556,49.668644,47.663448,48.031071,20.731546,13376370096
2001-03-02,48.752937,48.752937,47.302513,47.843918,20.650763,9168317954
2001-03-05,47.843918,48.572472,47.663448,48.211536,20.809439,8771099
2001-03-06,48.94009,48.94009,47.302513,47.302513,20.417078,8846738
2001-03-07,48.211536,48.392002,47.663448,48.211536,20.809439,10903929
2001-03-08,48.572472,48.752937,48.031071,48.211536,20.809439,5415307672
2001-03-09,47.663448,48.752937,47.663448,48.572472,20.965231,4698544444
2001-03-12,48.031071,48.211536,47.663448,47.843918,20.650763,4620394
2001-03-13,47.302513,48.94009,47.302513,48.392002,20.887337,10636341
2001-03-14,48.392002,48.392002,48.392002,48.392002,20.887337,0
2001-03-15,47.663448,48.752937,47.663448,48.752937,21.043123,7536897384
2001-03-16,48.572472,50.938599,48.572472,49.481491,21.357588,18135052376
2001-03-19,49.84911,50.029579,48.752937,48.752937,21.043123,12118640136
2001-03-20,48.94009,49.301025,48.572472,48.752937,21.043123,5870035347
2001-03-21,48.211536,50.029579,48.211536,48.392002,20.887337,13839396721
2001-03-22,47.663448,48.392002,47.663448,48.392002,20.887337,14587033
2001-03-23,48.94009,49.301025,48.031071,48.392002,20.887337,15637206
2001-03-26,48.392002,49.120556,48.392002,48.94009,21.123911,22681298
2001-03-27,49.120556,49.84911,49.120556,49.668644,21.438372,19063206171
2001-03-28,49.84911,49.84911,48.94009,49.301025,21.279694,20923999
2001-03-29,49.301025,50.210045,49.120556,50.210045,21.672058,24345165
2001-03-30,50.029579,50.938599,48.94009,50.938599,21.986517,22512141567
2001-04-02,50.029579,50.029579,48.752937,48.752937,21.043123,7982503247
2001-04-03,48.211536,48.572472,48.031071,48.031071,20.731546,8200330
2001-04-04,47.663448,48.211536,47.302513,47.663448,20.572872,5606330
2001-04-05,47.663448,47.663448,47.663448,47.663448,20.572872,0
2001-04-06,48.031071,48.572472,47.663448,47.843918,20.650763,5997870
2001-04-09,47.843918,47.843918,47.302513,47.482983,20.494978,5365964
2001-04-10,47.482983,47.843918,47.122047,47.122047,20.339188,5205084
2001-04-11,47.482983,48.211536,47.122047,48.031071,20.731546,7695111
2001-04-12,48.031071,48.211536,47.302513,47.843918,20.650763,6389954
2001-04-13,47.843918,48.572472,47.482983,47.482983,20.494978,7069656
2001-04-16,47.122047,47.302513,46.206345,46.934895,20.258406,7209171
2001-04-17,46.206345,47.302513,46.025875,47.302513,20.417078,6240848
2001-04-18,47.302513,48.752937,47.302513,48.392002,20.887337,9169381692
2001-04-19,49.120556,49.120556,48.031071,48.031071,20.731546,9175092
2001-04-20,48.031071,48.392002,46.754429,46.934895,20.258406,4754633
2001-04-23,46.934895,47.663448,46.393494,46.393494,20.024719,5296819
2001-04-24,46.025875,46.573963,45.116856,45.297321,19.551584,7245829721
2001-04-25,45.484474,45.845409,44.75592,44.75592,19.3179,5009300979
2001-04-26,45.484474,45.845409,44.75592,44.75592,19.3179,5009300979
2001-04-27,44.75592,44.936386,43.846897,43.846897,18.925541,5877819633
2001-04-30,43.659748,44.207832,43.118343,43.298813,18.688976,4476025774
2001-05-01,43.298813,43.298813,43.298813,43.298813,18.688976,0
2001-05-02,43.479279,43.846897,41.841705,43.479279,18.766867,6831718574
2001-05-03,43.298813,44.207832,43.118343,43.659748,18.844767,5335914837
2001-05-04,43.659748,45.66494,42.209324,42.931194,18.530294,11305236860
2001-05-07,42.931194,43.659748,42.570259,42.931194,18.530294,5441666
2001-05-08,42.931194,43.298813,42.209324,42.931194,18.530294,5382614569
2001-05-09,42.931194,44.388302,42.750725,44.207832,19.081329,5313281611
2001-05-10,44.207832,44.568768,43.479279,43.479279,18.766867,3914026659
2001-05-11,43.846897,45.484474,43.479279,45.297321,19.551584,18523397432
2001-05-14,43.846897,44.75592,43.479279,43.659748,18.844767,6461308944
2001-05-15,43.659748,44.207832,43.479279,43.479279,18.766867,4729554418
2001-05-16,43.479279,44.027367,42.931194,43.118343,18.61108,5042827419
2001-05-17,42.750725,43.659748,42.750725,42.750725,18.452402,5651979
2001-05-18,43.298813,43.298813,41.48077,42.022171,18.137941,10443549
2001-05-21,41.841705,42.022171,40.384598,40.752216,17.589788,5377544
2001-05-22,40.932686,41.661236,40.571751,40.932686,17.667683,3443693
2001-05-23,41.841705,43.659748,41.113152,43.479279,18.766867,14977920732
2001-05-24,43.479279,43.479279,42.931194,43.479279,18.766867,10084188646
2001-05-25,42.931194,43.298813,42.38979,42.570259,18.374512,5746507
2001-05-28,42.38979,42.570259,41.661236,42.022171,18.137941,2426868
2001-05-29,41.841705,43.118343,41.841705,41.841705,18.06004,3003740965
2001-05-30,42.570259,42.570259,41.48077,41.661236,17.982155,2780124
2001-05-31,41.661236,43.118343,41.661236,41.841705,18.06004,4496597355
2001-06-01,42.022171,42.38979,41.300304,41.661236,17.982155,3600068
2001-06-04,41.661236,42.022171,41.48077,41.48077,17.904253,3643924
2001-06-05,41.841705,42.931194,41.48077,41.841705,18.06004,14337704
2001-06-06,41.841705,42.750725,41.661236,42.750725,18.452402,12864261
2001-06-07,41.661236,41.841705,41.113152,41.48077,17.904253,7986481
2001-06-08,41.48077,42.022171,41.48077,41.841705,18.06004,6192089
2001-06-11,41.841705,42.209324,41.48077,42.209324,18.218719,6518595184
2001-06-12,40.932686,41.661236,40.932686,41.113152,17.745586,10718661
2001-06-13,41.113152,42.209324,40.932686,41.113152,17.745586,10908926488
2001-06-14,40.932686,41.113152,40.023663,40.384598,17.431116,3220475
2001-06-15,39.114643,40.932686,39.114643,40.384598,17.431116,5115034414
2001-06-18,40.384598,40.384598,40.023663,40.204128,17.353222,2267532
2001-06-19,40.384598,40.932686,40.204128,40.204128,17.353222,5299213
2001-06-20,40.384598,40.752216,40.204128,40.204128,17.353222,3213289
2001-06-21,40.204128,40.752216,40.023663,40.023663,17.275328,3097261
2001-06-22,40.023663,40.571751,38.934174,38.934174,16.805073,2864425
2001-06-25,38.934174,38.934174,38.934174,38.934174,16.805073,0
2001-06-26,39.295109,39.475574,37.838001,37.838001,16.331932,4956503084
2001-06-27,38.566555,38.747025,37.838001,38.025154,16.412718,6080728724
2001-06-28,38.566555,38.566555,36.928982,37.657536,16.254044,6538019244
2001-06-29,38.566555,39.295109,37.657536,39.295109,16.960861,13261615
2001-07-02,38.566555,38.566555,37.116131,38.025154,16.412718,5565062
2001-07-03,37.2966,37.838001,37.2966,37.477066,16.176144,2815997991
2001-07-04,37.2966,37.2966,36.019958,36.200428,15.625113,6775873
2001-07-05,35.478558,36.200428,34.93047,35.478558,15.313532,3307429
2001-07-06,35.110939,36.748512,34.93047,35.291405,15.232753,4849408185
2001-07-09,35.291405,36.200428,35.291405,35.291405,15.232753,2993075161
2001-07-10,35.839493,36.019958,35.291405,35.291405,15.232753,2940069305
2001-07-11,35.291405,35.478558,34.201916,34.201916,14.762495,5300907244
2001-07-12,34.201916,34.750004,34.201916,34.201916,14.762495,5623065
2001-07-13,34.750004,34.93047,32.744808,32.925278,14.211465,8911541
2001-07-16,32.925278,32.925278,30.746302,32.016254,13.819103,8198115
2001-07-17,31.294388,32.925278,30.926767,32.564342,14.055676,6309167520
2001-07-18,32.564342,32.564342,30.926767,31.107235,13.426748,6594117570
2001-07-19,29.289192,30.926767,29.289192,30.378681,13.112287,9550213
2001-07-20,30.017748,31.474854,29.469662,30.746302,13.27096,5636988
2001-07-23,30.746302,31.294388,30.746302,30.926767,13.348854,5393961
2001-07-24,30.378681,30.926767,30.017748,30.926767,13.348854,8132989
2001-07-25,28.019238,28.741108,28.019238,28.741108,12.40546,6889625
2001-07-26,28.928259,30.198214,28.199705,29.837278,12.878602,6727585
2001-07-27,30.198214,30.378681,29.289192,29.837278,12.878602,6600857
2001-07-30,29.837278,29.837278,29.837278,29.837278,12.878602,0
2001-07-31,29.469662,29.656813,28.56064,29.289192,12.64203,8608815
2001-08-01,29.289192,29.469662,28.928259,29.289192,12.64203,3029088
2001-08-02,29.289192,30.746302,28.928259,30.565832,13.193066,6347975
2001-08-03,30.926767,31.474854,30.565832,31.294388,13.50753,12989193
2001-08-06,31.474854,31.655321,30.378681,30.746302,13.27096,7734015
2001-08-07,30.565832,31.107235,30.017748,30.746302,13.27096,3565627
2001-08-08,30.926767,32.203407,30.926767,32.203407,13.899886,8866603
2001-08-09,31.474854,32.016254,30.926767,30.926767,13.348854,7187707
2001-08-10,31.107235,31.294388,30.017748,30.746302,13.27096,3581763
2001-08-13,31.474854,32.744808,31.107235,32.744808,14.133571,16844707
2001-08-14,33.292896,33.653831,32.016254,32.925278,14.211465,21352613
2001-08-15,33.653831,35.110939,33.292896,35.110939,15.154858,45182919
2001-08-16,37.477066,37.477066,36.928982,37.477066,16.176144,66095042146
2001-08-17,38.20562,38.20562,35.110939,36.019958,15.547216,45579063495
2001-08-20,35.110939,36.019958,34.382385,35.478558,15.313532,14128200762
2001-08-21,36.019958,36.387577,35.291405,35.478558,15.313532,16209193396
2001-08-22,35.110939,36.387577,35.110939,35.478558,15.313532,19603212
2001-08-23,35.478558,36.019958,35.478558,35.839493,15.469321,7573013
2001-08-24,35.839493,36.200428,34.562851,34.750004,14.999069,19538536
2001-08-27,35.478558,37.116131,35.291405,37.116131,16.020357,48818143339
2001-08-28,37.477066,37.838001,36.748512,37.2966,16.098249,42139231959
2001-08-29,37.2966,38.566555,36.928982,38.025154,16.412718,91222322290
2001-08-30,38.025154,40.571751,38.025154,39.295109,16.960861,71877053
2001-08-31,38.20562,39.475574,38.025154,39.475574,17.038755,32783950506
2001-09-03,39.114643,39.475574,37.838001,39.114643,16.882965,29602635660
2001-09-04,38.566555,39.114643,37.2966,39.114643,16.882965,24324584563
2001-09-05,39.114643,39.662727,37.2966,37.2966,16.098249,11830332805
2001-09-06,37.2966,38.566555,36.748512,38.566555,16.646399,28918339
2001-09-07,38.20562,39.475574,37.2966,39.295109,16.960861,19900629572
2001-09-10,39.295109,40.023663,38.747025,39.295109,16.960861,19388427
2001-09-11,39.295109,39.475574,38.747025,38.747025,16.724295,11875986
2001-09-12,38.747025,38.747025,38.747025,38.747025,16.724295,0
2001-09-13,36.200428,38.747025,36.200428,38.747025,16.724295,24293302
2001-09-14,39.114643,39.662727,38.025154,38.566555,16.646399,31105061201
2001-09-17,38.566555,38.566555,38.566555,38.566555,16.646399,0
2001-09-18,38.566555,38.566555,38.566555,38.566555,16.646399,0
2001-09-19,38.566555,38.566555,38.566555,38.566555,16.646399,0
2001-09-20,38.20562,38.934174,38.025154,38.566555,16.646399,9408116751
2001-09-21,37.838001,38.20562,37.2966,37.2966,16.098249,6058424643
2001-09-24,37.2966,37.2966,37.2966,37.2966,16.098249,0
2001-09-25,35.659023,35.839493,33.653831,35.291405,15.232753,21382327937
2001-09-26,34.750004,36.928982,34.750004,36.748512,15.86168,18226095458
2001-09-27,36.568047,37.2966,35.839493,36.928982,15.939577,10571271302
2001-09-28,36.928982,36.928982,36.928982,36.928982,15.939577,0
2001-10-01,36.928982,36.928982,36.928982,36.928982,15.939577,0
2001-10-02,37.2966,37.657536,35.839493,37.477066,16.176144,15545222
2001-10-03,37.116131,38.20562,36.387577,38.025154,16.412718,19708468571
2001-10-04,40.571751,40.571751,39.295109,39.843197,17.197428,35349388
2001-10-05,39.843197,40.204128,38.747025,39.843197,17.197428,18603490
2001-10-08,38.934174,40.023663,38.386089,39.475574,17.038755,17930144
2001-10-09,39.475574,39.843197,38.747025,38.934174,16.805073,12508924
2001-10-10,38.934174,38.934174,38.934174,38.934174,16.805073,0
2001-10-11,39.662727,40.023663,38.747025,38.747025,16.724295,88038305
2001-10-12,38.747025,38.747025,36.200428,37.477066,16.176144,37813640
2001-10-15,36.387577,36.748512,35.659023,35.839493,15.469321,9704292151
2001-10-16,35.839493,36.387577,35.839493,36.019958,15.547216,8486231
2001-10-17,36.019958,36.019958,34.562851,35.659023,15.391425,15874282084
2001-10-18,35.839493,36.568047,35.839493,36.387577,15.705888,19448054806
2001-10-19,36.387577,36.568047,36.019958,36.200428,15.625113,7440526637
2001-10-22,36.200428,37.116131,36.200428,36.387577,15.705888,7518254
2001-10-23,36.748512,37.116131,36.387577,36.387577,15.705888,6098822
2001-10-24,36.200428,37.2966,36.200428,37.2966,16.098249,8859391
2001-10-25,37.116131,38.025154,36.928982,38.025154,16.412718,8495875635
2001-10-26,38.025154,38.747025,37.657536,38.20562,16.49061,12573673019
2001-10-29,38.566555,38.747025,38.20562,38.20562,16.49061,9119151129
2001-10-30,37.838001,37.838001,36.568047,36.928982,15.939577,7382465409
2001-10-31,36.568047,37.2966,36.568047,37.116131,16.020357,4190353102
2001-11-01,37.2966,37.2966,36.568047,36.928982,15.939577,4340952030
2001-11-02,37.116131,37.2966,36.748512,36.748512,15.86168,3282622
2001-11-05,36.387577,36.748512,36.200428,36.568047,15.783787,6688286036
2001-11-06,36.568047,37.2966,36.387577,36.748512,15.86168,7509889517
2001-11-07,36.748512,36.928982,36.387577,36.748512,15.86168,5151366069
2001-11-08,36.387577,36.928982,35.478558,35.478558,15.313532,9128305857
2001-11-09,35.478558,35.478558,35.478558,35.478558,15.313532,0
2001-11-12,33.840984,34.382385,33.112431,33.473366,14.448033,19636554814
2001-11-13,33.473366,34.201916,33.112431,33.653831,14.525931,9033173
2001-11-14,34.562851,34.562851,33.653831,33.840984,14.606713,16703385
2001-11-15,34.02145,34.93047,33.840984,34.562851,14.918288,10112267
2001-11-16,34.562851,35.291405,34.562851,35.110939,15.154858,16366686422
2001-11-19,35.110939,35.291405,34.02145,34.382385,14.840393,11315572022
2001-11-20,34.93047,36.019958,34.562851,34.750004,14.999069,24383537
2001-11-21,35.291405,35.478558,34.750004,35.291405,15.232753,9848556529
2001-11-22,36.019958,36.568047,34.93047,35.110939,15.154858,15490546559
2001-11-23,35.291405,35.839493,35.110939,35.291405,15.232753,6833044132
2001-11-26,35.659023,36.200428,35.659023,36.019958,15.547216,8025464187
2001-11-27,36.387577,36.387577,34.93047,35.110939,15.154858,10658984
2001-11-28,34.562851,35.110939,33.653831,33.840984,14.606713,5100164
2001-11-29,33.840984,34.382385,33.473366,34.201916,14.762495,4419162934
2001-11-30,34.201916,34.201916,33.292896,33.292896,14.37014,8593607
2001-12-03,33.292896,35.291405,33.292896,34.562851,14.918288,12166134304
2001-12-04,35.291405,35.291405,34.02145,34.562851,14.918288,9626443307
2001-12-05,34.93047,35.291405,34.201916,34.201916,14.762495,18033852170
2001-12-06,34.562851,36.387577,34.562851,36.387577,15.705888,39616140
2001-12-07,36.748512,38.934174,36.748512,38.566555,16.646399,55883969
2001-12-10,38.566555,40.023663,38.025154,38.20562,16.49061,48421041522
2001-12-11,38.20562,38.20562,35.839493,35.839493,15.469321,19941608160
2001-12-12,36.928982,38.20562,36.387577,38.025154,16.412718,16180855483
2001-12-13,38.025154,39.114643,36.387577,36.748512,15.86168,22776727996
2001-12-14,36.748512,39.295109,36.568047,39.295109,16.960861,30313167569
2001-12-17,40.204128,42.022171,40.204128,42.022171,18.137941,77138002
2001-12-18,42.750725,42.750725,39.843197,40.204128,17.353222,49066323
2001-12-19,40.752216,40.752216,37.477066,37.477066,16.176144,26152660
2001-12-20,37.657536,38.566555,36.568047,38.20562,16.49061,20527193527
2001-12-21,37.838001,38.386089,36.387577,36.387577,15.705888,16636566105
2001-12-24,36.568047,37.116131,36.019958,37.116131,16.020357,9214549402
2001-12-25,37.116131,38.747025,36.928982,38.566555,16.646399,11285419322
2001-12-26,38.386089,39.114643,37.838001,38.025154,16.412718,10759759342
2001-12-27,38.566555,39.114643,37.657536,38.20562,16.49061,16156551096
2001-12-28,38.934174,38.934174,37.116131,38.025154,16.412718,10072695
2001-12-31,38.025154,39.114643,37.838001,38.386089,16.568506,12624460136
2002-01-01,38.386089,38.386089,38.386089,38.386089,16.568506,0
2002-01-02,38.108883,39.111748,37.106018,37.106018,16.015989,12541563
2002-01-03,37.106018,37.106018,37.106018,37.106018,16.015989,0
2002-01-04,38.108883,38.443176,37.440304,37.440304,16.16028,8496100
2002-01-07,37.774597,38.108883,37.440304,38.108883,16.448858,10182603
2002-01-08,38.108883,38.443176,36.771732,37.106018,16.015989,13910985
2002-01-09,37.106018,37.440304,35.100292,35.100292,15.150265,23355187
2002-01-10,34.766006,35.100292,33.763134,35.100292,15.150265,27118987
2002-01-11,35.100292,35.434578,33.763134,34.09742,14.717392,20634394
2002-01-14,34.431713,34.766006,32.760269,33.161415,14.313389,23844226
2002-01-15,32.760269,33.428848,31.423115,32.960842,14.226816,19512474
2002-01-16,32.960842,34.09742,32.425983,33.094555,14.284533,22084878
2002-01-17,32.760269,33.763134,32.760269,33.428848,14.42882,13867466
2002-01-18,35.100292,35.768867,34.09742,34.431713,14.861685,22053482
2002-01-21,34.431713,36.437443,33.763134,36.103153,15.583125,24738237
2002-01-22,36.437443,36.771732,34.766006,34.766006,15.005977,12843181
2002-01-23,34.431713,35.768867,33.763134,33.763134,14.573106,12450230
2002-01-24,34.431713,34.766006,33.428848,34.09742,14.717392,9318773
2002-01-25,34.766006,36.437443,34.431713,36.103153,15.583125,21409096
2002-01-28,37.440304,37.440304,36.437443,36.771732,15.871702,17948922214
2002-01-29,36.771732,37.440304,35.100292,36.771732,15.871702,17076664
2002-01-30,35.768867,36.437443,35.100292,35.100292,15.150265,9428857
2002-01-31,35.100292,35.100292,35.100292,35.100292,15.150265,0
2002-02-01,35.768867,35.768867,34.431713,35.768867,15.43884,11134244
2002-02-04,35.434578,35.768867,34.766006,34.766006,15.005977,4579815
2002-02-05,34.431713,34.766006,33.763134,34.09742,14.717392,5731486
2002-02-06,34.431713,35.434578,34.09742,34.766006,15.005977,8440654
2002-02-07,34.766006,34.766006,34.766006,34.766006,15.005977,0
2002-02-08,34.766006,34.766006,34.766006,34.766006,15.005977,0
2002-02-11,34.766006,34.766006,34.766006,34.766006,15.005977,0
2002-02-12,34.766006,34.766006,34.766006,34.766006,15.005977,0
2002-02-13,34.766006,34.766006,34.766006,34.766006,15.005977,0
2002-02-14,34.766006,34.766006,34.766006,34.766006,15.005977,0
2002-02-15,34.766006,34.766006,34.766006,34.766006,15.005977,0
2002-02-18,35.100292,35.434578,34.09742,35.434578,15.294549,10822988
2002-02-19,35.434578,35.434578,34.09742,35.100292,15.150265,9959005
2002-02-20,34.431713,34.766006,33.763134,33.763134,14.573106,10442635
2002-02-21,34.09742,34.431713,33.228275,33.228275,14.342248,9234881
2002-02-22,33.094555,33.763134,32.893982,33.428848,14.42882,5369097
2002-02-25,33.763134,33.763134,32.425983,32.425983,13.995958,3127662
2002-02-26,32.760269,33.228275,31.824259,33.228275,14.342248,13856694
2002-02-27,32.49284,34.431713,32.49284,34.09742,14.717392,12005333
2002-02-28,34.09742,34.09742,34.09742,34.09742,14.717392,0
2002-03-01,33.763134,34.09742,32.425983,33.295128,14.371105,19592702
2002-03-04,33.295128,34.431713,33.094555,33.763134,14.573106,15972469
2002-03-05,34.09742,34.431713,32.827129,33.361988,14.399964,21085238
2002-03-06,32.893982,33.763134,32.893982,33.094555,14.284533,11552148
2002-03-07,33.228275,34.09742,33.228275,33.763134,14.573106,12050448
2002-03-08,33.428848,34.09742,33.094555,33.094555,14.284533,8509660
2002-03-11,33.428848,34.09742,33.161415,34.09742,14.717392,11618946
2002-03-12,34.431713,35.100292,33.763134,34.09742,14.717392,15169483
2002-03-13,34.09742,34.431713,33.428848,33.428848,14.42882,6679782
2002-03-14,33.228275,33.428848,32.827129,32.827129,14.169104,7517806
2002-03-15,33.094555,33.361988,32.626556,32.693409,14.111386,9240221
2002-03-18,32.760269,32.760269,32.091694,32.091694,13.851667,7847876
2002-03-19,32.091694,32.359123,31.623686,31.757406,13.707381,7431367
2002-03-20,32.024834,32.693409,31.757406,32.225407,13.909379,6848783
2002-03-21,32.024834,32.425983,31.824259,31.824259,13.736239,9750619
2002-03-22,32.091694,32.893982,32.091694,32.292267,13.93824,10992270
2002-03-25,33.094555,33.228275,32.626556,32.760269,14.140245,9499318
2002-03-26,32.760269,33.094555,32.292267,32.760269,14.140245,7876762
2002-03-27,33.094555,34.431713,32.760269,33.763134,14.573106,34282125
2002-03-28,34.09742,34.09742,33.161415,34.09742,14.717392,16570289
2002-03-29,34.766006,34.766006,33.428848,33.428848,14.42882,11780257
2002-04-01,32.760269,33.228275,32.760269,32.893982,14.19796,4216729
2002-04-02,33.027695,33.763134,32.960842,33.094555,14.284533,6616767
2002-04-03,33.428848,33.763134,32.893982,33.428848,14.42882,7943617
2002-04-04,34.09742,35.100292,33.428848,34.766006,15.005977,34862390
2002-04-05,34.766006,34.766006,34.766006,34.766006,15.005977,0
2002-04-08,34.766006,36.103153,34.431713,35.434578,15.294549,30980518
2002-04-09,35.434578,35.434578,33.763134,33.763134,14.573106,19012434015
2002-04-10,33.763134,34.09742,33.094555,33.295128,14.371105,15361120
2002-04-11,33.763134,33.763134,33.295128,33.763134,14.573106,9823454
2002-04-12,33.094555,33.763134,33.094555,33.428848,14.42882,8728466
2002-04-15,33.763134,33.763134,33.428848,33.763134,14.573106,6669586
2002-04-16,33.763134,34.431713,33.763134,33.763134,14.573106,5637293
2002-04-17,34.09742,34.766006,34.09742,34.431713,14.861685,16947989
2002-04-18,34.766006,35.768867,34.766006,35.100292,15.150265,28668036
2002-04-19,35.100292,36.771732,35.100292,36.771732,15.871702,37594561
2002-04-22,36.103153,36.103153,35.100292,35.768867,15.43884,18743241
2002-04-23,35.434578,36.103153,34.766006,35.768867,15.43884,12229861
2002-04-24,35.434578,35.768867,35.100292,35.768867,15.43884,8016638
2002-04-25,35.768867,37.440304,35.768867,35.768867,15.43884,41215734
2002-04-26,36.103153,36.437443,35.434578,35.768867,15.43884,11176490
2002-04-29,35.768867,36.103153,34.766006,35.100292,15.150265,15890069
2002-04-30,35.434578,35.768867,34.09742,34.766006,15.005977,13039561
2002-05-01,34.766006,34.766006,34.766006,34.766006,15.005977,0
2002-05-02,35.100292,35.100292,34.09742,34.09742,14.717392,8615104
2002-05-03,34.431713,34.431713,33.763134,34.431713,14.861685,9358712
2002-05-06,34.09742,34.766006,32.893982,33.161415,14.313389,13864411
2002-05-07,32.760269,33.428848,32.760269,33.094555,14.284533,6954829
2002-05-08,33.428848,33.763134,33.161415,33.295128,14.371105,9064605
2002-05-09,33.428848,33.763134,32.827129,33.295128,14.371105,11039109
2002-05-10,33.094555,33.161415,32.827129,33.027695,14.255674,5377158
2002-05-13,32.960842,34.431713,32.359123,33.763134,14.573106,23089846
2002-05-14,34.09742,34.09742,33.161415,34.09742,14.717392,8895630
2002-05-15,34.09742,34.09742,33.428848,33.428848,14.42882,9502395
2002-05-16,33.428848,33.763134,33.094555,33.094555,14.284533,5447584
2002-05-17,33.094555,33.763134,33.094555,33.763134,14.573106,5680006
2002-05-20,33.428848,33.763134,32.760269,32.760269,14.140245,24550710
2002-05-21,32.760269,33.094555,32.760269,32.760269,14.140245,6742885
2002-05-22,32.827129,33.428848,32.827129,32.893982,14.19796,4045804
2002-05-23,32.960842,33.361988,32.760269,32.760269,14.140245,5869990
2002-05-24,32.893982,33.361988,32.827129,33.161415,14.313389,9381818
2002-05-27,32.15855,32.760269,32.15855,32.760269,14.140245,6033128
2002-05-28,32.49284,32.626556,32.15855,32.225407,13.909379,9238213
2002-05-29,32.091694,32.359123,31.957979,32.091694,13.851667,4352683
2002-05-30,32.49284,33.428848,32.425983,33.361988,14.399964,13758622
2002-05-31,32.15855,33.027695,32.15855,32.15855,13.880521,15816392
2002-06-03,32.15855,32.626556,31.489973,32.626556,14.082533,10797823
2002-06-04,31.891119,32.626556,31.891119,32.292267,13.93824,7141369
2002-06-05,32.559696,32.760269,32.225407,32.359123,13.967099,4101180
2002-06-06,32.559696,32.760269,32.425983,32.559696,14.053672,2964963
2002-06-07,32.49284,32.559696,32.091694,32.091694,13.851667,3354117
2002-06-10,32.091694,32.292267,31.824259,32.225407,13.909379,4154637
2002-06-11,32.225407,32.693409,32.15855,32.225407,13.909379,6275380
2002-06-12,32.225407,32.559696,32.024834,32.49284,14.024817,4157654
2002-06-13,32.49284,33.295128,32.425983,32.960842,14.226816,11951533
2002-06-14,32.893982,34.09742,32.893982,33.763134,14.573106,16651895
2002-06-17,33.763134,33.763134,33.094555,33.428848,14.42882,9311796
2002-06-18,33.428848,33.763134,32.893982,33.027695,14.255674,5911381
2002-06-19,33.027695,33.295128,32.425983,32.960842,14.226816,7712037
2002-06-20,32.827129,33.295128,32.626556,33.161415,14.313389,7083496
2002-06-21,33.161415,33.763134,32.827129,33.763134,14.573106,7865379
2002-06-24,33.763134,34.09742,33.428848,33.428848,14.42882,6409486
2002-06-25,33.428848,33.763134,33.428848,33.428848,14.42882,13247765
2002-06-26,33.161415,33.295128,32.425983,32.693409,14.111386,11763689
2002-06-27,32.49284,33.295128,31.623686,33.094555,14.284533,22334721
2002-06-28,33.094555,33.361988,32.559696,32.893982,14.19796,10934882
2002-07-01,32.693409,32.693409,30.620823,30.620823,13.216803,11568170
2002-07-02,29.417385,31.423115,29.417385,31.2894,13.505373,16929553
2002-07-03,30.888254,31.155687,30.553968,30.687681,13.245658,12713464
2002-07-04,30.687681,30.687681,29.952244,30.35339,13.101368,9525748
2002-07-05,30.085964,30.487108,29.551098,30.487108,13.159083,8243400
2002-07-08,29.751671,30.487108,29.751671,30.487108,13.159083,10879358
2002-07-09,30.487108,30.687681,30.219677,30.42025,13.13023,3642160
2002-07-10,30.085964,30.42025,29.818531,30.085964,12.985939,5562052
2002-07-11,29.952244,30.42025,29.818531,30.085964,12.985939,21242946
2002-07-12,30.35339,30.888254,30.085964,30.888254,13.332232,14541325
2002-07-15,30.620823,30.754541,30.085964,30.754541,13.274518,13023017
2002-07-16,30.620823,30.687681,30.152817,30.553968,13.187947,3860438
2002-07-17,30.35339,30.687681,30.286535,30.487108,13.159083,5742047
2002-07-18,29.551098,29.885391,29.484245,29.818531,13.308156,5097393
2002-07-19,29.484245,29.751671,29.083094,29.417385,13.129127,6792212
2002-07-22,28.949381,29.417385,27.47851,29.283672,13.069448,11585961
2002-07-23,28.748808,29.684818,28.213947,29.684818,13.248482,12172660
2002-07-24,29.417385,29.617958,28.815666,29.551098,13.188802,7117326
2002-07-25,29.751671,30.019104,29.283672,29.751671,13.278318,5832871
2002-07-26,29.417385,29.684818,28.882521,29.617958,13.218641,7158657
2002-07-29,29.551098,29.818531,29.350525,29.617958,13.218641,8147071
2002-07-30,29.751671,30.152817,29.617958,30.152817,13.457352,12701339
2002-07-31,30.085964,30.42025,29.617958,30.286535,13.51703,7422073
2002-08-01,29.952244,30.687681,29.751671,30.620823,13.66623,6703248
2002-08-02,30.152817,30.620823,30.085964,30.620823,13.66623,7928650
2002-08-05,29.617958,30.219677,29.484245,29.952244,13.367834,6179615
2002-08-06,29.551098,29.952244,29.283672,29.818531,13.308156,5908733
2002-08-07,29.818531,30.085964,29.551098,29.952244,13.367834,6995712
2002-08-08,30.019104,30.42025,29.551098,30.42025,13.576711,9961037
2002-08-09,30.286535,32.49284,30.085964,32.49284,14.501719,21546308
2002-08-12,32.49284,33.428848,31.957979,33.361988,14.889622,26885197
2002-08-13,32.425983,32.425983,31.088827,31.088827,13.875097,33117575
2002-08-14,30.553968,30.620823,29.149954,29.484245,13.158966,55230019
2002-08-15,29.484245,29.484245,28.949381,29.149954,13.009767,29747906
2002-08-16,29.149954,29.149954,28.080229,28.080229,12.532347,12542884
2002-08-19,28.080229,28.41452,27.812803,27.812803,12.412992,15466498
2002-08-20,28.080229,28.213947,27.745943,27.812803,12.412992,14412537
2002-08-21,27.812803,27.812803,27.077366,27.745943,12.383152,14617162
2002-08-22,27.745943,28.080229,27.54537,28.013374,12.50251,13132002
2002-08-23,28.013374,28.013374,28.013374,28.013374,12.50251,0
2002-08-26,27.745943,27.812803,27.47851,27.812803,12.412992,4463510
2002-08-27,27.745943,27.812803,27.47851,27.745943,12.383152,5186258
2002-08-28,27.61223,27.745943,27.411657,27.745943,12.383152,7322130
2002-08-29,27.47851,27.745943,27.411657,27.679083,12.353314,7716203
2002-08-30,27.47851,27.679083,27.077366,27.679083,12.353314,13767414
2002-09-02,27.47851,27.61223,27.277937,27.54537,12.293636,6118270
2002-09-03,27.411657,27.54537,27.077366,27.54537,12.293636,10121875
2002-09-04,27.077366,27.411657,27.077366,27.411657,12.23396,12226904
2002-09-05,27.277937,27.411657,27.010506,27.277937,12.17428,11768689
2002-09-06,27.277937,27.277937,27.277937,27.277937,12.17428,0
2002-09-09,27.010506,27.211077,26.809933,27.211077,12.14444,9683431820
2002-09-10,26.943651,27.211077,26.876793,27.144224,12.114602,5613542900
2002-09-11,27.144224,27.144224,26.809933,27.077366,12.084764,7555202
2002-09-12,26.809933,27.010506,26.809933,26.943651,12.025082,11460080267
2002-09-13,26.743078,26.743078,26.475645,26.743078,11.935568,9989240
2002-09-16,26.542505,26.609365,26.141359,26.208214,11.696858,4266583
2002-09-17,26.208214,27.077366,25.740208,26.341932,11.756536,15037280
2002-09-18,26.275072,26.275072,25.539642,26.074499,11.637177,9003520
2002-09-19,26.074499,26.408787,25.740208,26.408787,11.786374,9758996
2002-09-20,26.074499,26.408787,25.807068,26.408787,11.786374,5508357
2002-09-23,25.873928,26.341932,25.873928,26.074499,11.637177,4758172
2002-09-24,25.940781,26.609365,25.940781,26.275072,11.726697,5959972
2002-09-25,26.141359,26.208214,25.673355,26.074499,11.637177,5190597
2002-09-26,26.074499,26.876793,25.940781,26.809933,11.965407,12103689
2002-09-27,26.67622,26.809933,26.141359,26.408787,11.786374,9965172
2002-09-30,25.940781,26.208214,25.606495,25.673355,11.458148,8840442872
2002-10-01,25.539642,26.074499,25.539642,25.539642,11.398469,3562382
2002-10-02,25.807068,26.609365,25.405922,26.609365,11.875893,15607663
2002-10-03,26.141359,26.275072,25.807068,26.275072,11.726697,9716786
2002-10-04,25.405922,26.074499,25.405922,25.405922,11.33879,4962403
2002-10-07,25.205349,25.405922,24.403057,24.403057,10.891205,5271655205
2002-10-08,24.403059,24.737349,24.202486,24.269341,10.831529,9983814
2002-10-09,24.068769,24.269341,23.80134,24.269341,10.831529,7852825
2002-10-10,24.269341,24.269341,24.269341,24.269341,10.831529,0
2002-10-11,24.269341,24.269341,23.266479,23.73448,10.592818,7641683
2002-10-14,23.667624,23.73448,23.065907,23.73448,10.592818,7927836
2002-10-15,23.73448,24.937922,23.533907,24.670486,11.01056,29319724
2002-10-16,24.670486,25.07163,24.202486,24.737349,11.040401,12095098
2002-10-17,24.536776,25.405922,24.403059,25.405922,11.33879,11424669
2002-10-18,25.405922,26.74308,25.405922,26.74308,11.93557,19103446
2002-10-21,26.74308,26.74308,25.807074,26.475645,11.816212,8985109
2002-10-22,26.208212,26.542501,25.940783,26.408791,11.786376,8420833
2002-10-23,26.208212,27.411654,26.074501,27.411654,12.233958,16405371
2002-10-24,27.344797,27.411654,26.609364,27.411654,12.233958,11541356
2002-10-25,27.077362,27.211081,26.74308,27.211081,12.144442,15084249
2002-10-28,27.211081,27.745943,26.542501,26.542501,11.84605,12524143
2002-10-29,26.676218,26.676218,25.807074,25.807074,11.517826,9222442
2002-10-30,25.940783,26.275072,25.138493,25.472782,11.36863,8445981
2002-10-31,25.472782,25.873928,25.07163,25.07163,11.189592,10602151
2002-11-01,25.138493,25.472782,24.871059,24.871059,11.100077,8726412
2002-11-04,25.272211,25.606501,25.07163,25.07163,11.189592,6069511
2002-11-05,25.205349,25.339066,24.469913,24.469913,10.921044,6758180
2002-11-06,24.60363,25.539639,24.60363,25.07163,11.189592,9603276
2002-11-07,25.138493,25.405922,25.07163,25.272211,11.279115,12118758
2002-11-08,25.405922,25.606501,25.138493,25.272211,11.279115,12359405
2002-11-11,25.405922,25.606501,24.871059,24.871059,11.100077,7046172
2002-11-12,24.871059,24.871059,24.469913,24.670486,11.01056,6198463
2002-11-13,24.670486,24.871059,24.469913,24.469913,10.921044,6088902
2002-11-14,24.670486,25.004776,24.536776,24.536776,10.950886,6838208
2002-11-15,24.737349,25.606501,24.737349,25.339066,11.308949,14686032
2002-11-18,25.405922,26.074501,25.205349,25.405922,11.33879,16983643
2002-11-19,25.405922,25.539639,25.004776,25.205349,11.249271,7113264
2002-11-20,25.205349,25.272211,24.737349,24.737349,11.040401,5038805
2002-11-21,25.004776,25.004776,24.403059,24.469913,10.921044,5417655
2002-11-22,24.937922,25.07163,24.60363,24.737349,11.040401,4864582
2002-11-25,25.07163,25.07163,24.269341,24.469913,10.921044,3925715
2002-11-26,24.469913,24.670486,24.068769,24.068769,10.742009,3968450547
2002-11-27,23.935051,24.269341,23.80134,23.80134,10.622658,2831136
2002-11-28,24.269341,24.336203,23.868196,24.202486,10.80169,6847555
2002-11-29,24.068769,24.202486,23.935051,24.001913,10.712173,4843322
2002-12-02,24.001913,24.001913,24.001913,24.001913,10.712173,0
2002-12-03,23.667624,24.202486,23.667624,24.068769,10.742009,4927180941
2002-12-04,23.935051,23.935051,23.400196,23.400196,10.443626,4680558
2002-12-05,23.400196,23.868196,23.400196,23.400196,10.443626,8346047
2002-12-06,23.600769,23.73448,23.467051,23.73448,10.592818,2844430
2002-12-09,23.935051,24.068769,23.600769,23.600769,10.53314,6579675
2002-12-10,23.533907,23.600769,23.065907,23.266479,10.383945,6777118
2002-12-11,23.400196,24.068769,23.132761,23.132761,10.324268,12293439
2002-12-12,23.600769,24.135624,23.065907,24.001913,10.712173,19936620
2002-12-13,24.001913,24.60363,23.868196,24.269341,10.831529,23097302
2002-12-16,24.536776,24.871059,24.269341,24.403059,10.891207,9344792
2002-12-17,24.403059,24.60363,23.065907,23.065907,10.294427,11545826
2002-12-18,23.533907,23.935051,23.333334,23.80134,10.622658,14108737
2002-12-19,23.533907,24.135624,23.533907,23.868196,10.652494,14232554
2002-12-20,24.336203,25.405922,24.202486,25.405922,11.33879,48000865
2002-12-23,25.405922,25.405922,24.937922,24.937922,11.129918,11664492
2002-12-24,25.004776,25.272211,24.469913,24.536776,10.950886,11496038
2002-12-25,24.804205,25.07163,24.536776,24.536776,10.950886,12310837
2002-12-26,24.60363,24.670486,24.403059,24.670486,11.01056,6451807
2002-12-27,24.871059,25.272211,24.737349,24.737349,11.040401,14041000
2002-12-30,24.670486,24.804205,24.403059,24.670486,11.01056,8182853
2002-12-31,24.670486,24.804205,24.336203,24.670486,11.01056,9190899
2003-01-01,24.670486,24.670486,24.670486,24.670486,11.01056,0
2003-01-02,24.670486,25.07163,24.269341,24.737349,11.040401,18539377
2003-01-03,25.07163,25.272211,24.804205,24.937922,11.129918,18731859
2003-01-06,24.937922,25.138493,24.737349,24.937922,11.129918,13329222
2003-01-07,25.138493,25.807074,25.004776,25.339066,11.308949,26170481
2003-01-08,25.606501,26.341928,25.405922,26.074501,11.637177,29840760
2003-01-09,26.275072,26.542501,26.007639,26.074501,11.637177,28941608
2003-01-10,26.341928,26.876791,26.141356,26.74308,11.93557,26961383
2003-01-13,26.809937,27.87966,26.809937,27.745943,12.383152,33085463
2003-01-14,27.812798,28.080233,27.54537,27.54537,12.293636,29589514
2003-01-15,27.745943,27.87966,27.077362,27.54537,12.293636,16386644
2003-01-16,27.745943,28.815666,27.745943,27.812798,12.412988,30320934
2003-01-17,28.013371,28.615095,27.87966,28.414515,12.68154,19621182
2003-01-20,28.414515,28.748804,28.147087,28.748804,12.830735,18781495
2003-01-21,28.748804,29.350523,28.68195,28.882523,12.890418,20469181
2003-01-22,28.748804,29.14995,28.548233,29.083096,12.979929,9372540
2003-01-23,29.216812,29.551102,28.882523,29.083096,12.979929,17903021337
2003-01-24,29.417385,30.955111,29.14995,30.152821,13.457354,38609725
2003-01-27,30.152821,31.423117,30.152821,31.021973,13.845261,45028984213
2003-01-28,31.2894,31.2894,30.286537,30.955111,13.815419,24825086
2003-01-29,30.955111,30.955111,30.955111,30.955111,13.815419,0
2003-01-30,30.955111,30.955111,30.955111,30.955111,13.815419,0
2003-01-31,30.955111,30.955111,30.955111,30.955111,13.815419,0
2003-02-03,30.955111,30.955111,30.955111,30.955111,13.815419,0
2003-02-04,30.955111,30.955111,30.955111,30.955111,13.815419,0
2003-02-05,30.955111,30.955111,30.955111,30.955111,13.815419,0
2003-02-06,30.955111,30.955111,30.085964,30.085964,13.427517,17752631
2003-02-07,30.019102,30.286537,28.080233,28.882523,12.890418,21529897
2003-02-10,28.414515,28.815666,27.679089,27.679089,12.353317,16870787
2003-02-11,27.946514,28.213943,27.679089,27.812798,12.412988,7142177
2003-02-12,27.812798,28.080233,27.679089,27.745943,12.383152,9055007
2003-02-13,27.679089,27.745943,26.408791,26.408791,11.786376,12816193
2003-02-14,26.676218,26.74308,26.074501,26.074501,11.637177,8778783
2003-02-17,26.609364,27.612225,26.609364,27.344797,12.20412,11764725
2003-02-18,27.211081,27.211081,26.341928,26.341928,11.756534,7367643
2003-02-19,26.408791,26.809937,25.740211,25.740211,11.487986,12468710
2003-02-20,25.606501,25.940783,25.539639,25.539639,11.398465,7941627
2003-02-21,25.539639,26.007639,25.539639,25.940783,11.577498,6511704
2003-02-24,26.074501,26.275072,25.673355,26.275072,11.726697,4664323
2003-02-25,26.007639,26.007639,25.138493,25.138493,11.219436,9263647
2003-02-26,25.07163,25.539639,25.07163,25.07163,11.189592,5587319
2003-02-27,24.804205,25.339066,24.737349,24.871059,11.100077,7917595
2003-02-28,24.871059,24.871059,24.871059,24.871059,11.100077,0
2003-03-03,25.339066,25.606501,25.07163,25.606501,11.42831,8066407
2003-03-04,25.07163,25.339066,25.07163,25.138493,11.219436,5278012
2003-03-05,25.004776,25.807074,25.004776,25.405922,11.33879,14633514
2003-03-06,25.673355,26.007639,25.405922,26.007639,11.607339,9582049
2003-03-07,25.740211,26.275072,25.405922,25.940783,11.577498,9136511
2003-03-10,26.275072,26.275072,25.472782,25.673355,11.458148,7364655657
2003-03-11,25.405922,25.539639,24.937922,25.004776,11.159756,5852374
2003-03-12,25.004776,25.272211,24.871059,25.07163,11.189592,5820417
2003-03-13,24.804205,25.138493,24.737349,25.004776,11.159756,7435222
2003-03-14,25.405922,25.740211,25.405922,25.673355,11.458148,10964597
2003-03-17,25.272211,25.539639,24.737349,24.737349,11.040401,10146305
2003-03-18,25.405922,26.007639,25.205349,25.405922,11.33879,10174395
2003-03-19,25.405922,25.472782,25.138493,25.205349,11.249271,4102397
2003-03-20,26.074501,26.074501,25.07163,25.339066,11.308949,10022016
2003-03-21,25.539639,25.807074,25.405922,25.740211,11.487986,5536843
2003-03-24,25.940783,25.940783,25.472782,25.472782,11.36863,6733678
2003-03-25,25.138493,25.405922,25.07163,25.138493,11.219436,3547379
2003-03-26,25.138493,25.339066,25.138493,25.138493,11.219436,2147054
2003-03-27,25.205349,26.007639,25.205349,25.940783,11.577498,11106503
2003-03-28,26.074501,26.074501,25.606501,25.606501,11.42831,11076354
2003-03-31,25.606501,25.606501,25.272211,25.472782,11.36863,8566937
2003-04-01,25.272211,25.740211,25.272211,25.606501,11.42831,5975735
2003-04-02,25.606501,25.807074,25.339066,25.472782,11.36863,4192306
2003-04-03,25.807074,26.074501,25.606501,25.940783,11.577498,5458345
2003-04-04,25.873928,27.077362,25.807074,26.876791,11.995247,15951684
2003-04-07,26.876791,27.344797,26.74308,27.144224,12.114602,11731558
2003-04-08,26.943653,27.344797,26.809937,27.211081,12.144442,11645016
2003-04-09,27.277937,27.745943,27.010508,27.478508,12.263795,11074899
2003-04-10,27.411654,27.745943,27.411654,27.411654,12.233958,7887097
2003-04-11,27.411654,27.812798,27.411654,27.478508,12.263795,7018141
2003-04-14,27.411654,27.745943,26.74308,26.876791,11.995247,10453726
2003-04-15,27.077362,27.277937,26.943653,27.144224,12.114602,5013989
2003-04-16,27.411654,28.414515,27.277937,28.414515,12.68154,13927581
2003-04-17,28.414515,28.949385,28.013371,28.414515,12.68154,27348386
2003-04-18,28.748804,29.684813,28.748804,29.417385,13.129127,19228332
2003-04-21,29.14995,29.350523,29.016239,29.283669,13.069446,7545427
2003-04-22,29.14995,29.14995,28.147087,28.147087,12.562184,13454453
2003-04-23,28.414515,28.615095,28.080233,28.615095,12.771059,10952950
2003-04-24,28.414515,28.414515,26.876791,27.077362,12.084762,15793103
2003-04-25,26.74308,27.411654,26.542501,26.609364,11.875893,10525226
2003-04-28,25.940783,27.144224,25.940783,26.809937,11.965409,16855168
2003-04-29,26.943653,27.144224,25.940783,26.542501,11.84605,25838966
2003-04-30,26.542501,26.542501,25.807074,26.007639,11.607339,10791712
2003-05-01,26.007639,26.007639,26.007639,26.007639,11.607339,0
2003-05-02,26.007639,26.676218,25.940783,26.609364,11.875893,8314731
2003-05-05,26.074501,26.542501,26.074501,26.341928,11.756534,4611772
2003-05-06,26.475645,26.809937,26.408791,26.676218,11.905728,12701963
2003-05-07,26.809937,27.077362,26.676218,27.077362,12.084762,9916302
2003-05-08,26.943653,26.943653,26.341928,26.609364,11.875893,5269473
2003-05-09,26.408791,27.077362,26.341928,26.943653,12.025084,6520395
2003-05-12,26.74308,27.211081,26.609364,27.144224,12.114602,6840248
2003-05-13,27.411654,27.745943,27.277937,27.679089,12.353317,13757982
2003-05-14,27.612225,27.679089,27.344797,27.478508,12.263795,5812097
2003-05-15,27.411654,28.080233,27.010508,28.080233,12.532348,4442358
2003-05-16,28.080233,28.080233,26.943653,26.943653,12.025084,8493118
2003-05-19,26.943653,26.943653,26.475645,26.475645,11.816212,19022917
2003-05-20,26.475645,26.542501,25.873928,26.275072,11.726697,25910259
2003-05-21,26.275072,26.341928,26.007639,26.074501,11.637177,11666305
2003-05-22,25.873928,26.074501,25.606501,26.074501,11.637177,14532482
2003-05-23,26.275072,26.74308,26.141356,26.676218,11.905728,12574863071
2003-05-26,26.74308,27.077362,26.74308,27.010508,12.054924,7937146
2003-05-27,27.010508,27.144224,26.609364,26.876791,11.995247,6634644
2003-05-28,27.144224,27.411654,27.010508,27.144224,12.114602,8759044
2003-05-29,27.277937,28.013371,27.010508,28.013371,12.502508,17403442
2003-05-30,27.478508,27.812798,27.077362,27.077362,12.084762,11953924
2003-06-02,27.211081,27.812798,27.144224,27.478508,12.263795,15187292
2003-06-03,27.478508,27.812798,27.144224,27.211081,12.144442,9292587
2003-06-04,27.211081,27.211081,27.211081,27.211081,12.144442,0
2003-06-05,27.679089,27.812798,27.277937,27.344797,12.20412,13574772
2003-06-06,27.745943,27.946514,27.411654,27.812798,12.412988,11890484
2003-06-09,27.812798,28.68195,27.54537,28.548233,12.741219,28037369
2003-06-10,28.68195,29.083096,28.213943,28.213943,12.592022,13508662
2003-06-11,28.34766,28.414515,27.946514,28.080233,12.532348,8929188
2003-06-12,28.414515,28.882523,28.280806,28.548233,12.741219,11687795
2003-06-13,28.882523,29.083096,28.615095,28.748804,12.830735,11045773
2003-06-16,28.748804,28.882523,28.414515,28.414515,12.68154,8440148
2003-06-17,28.815666,29.551102,28.815666,29.48424,13.158964,25821991
2003-06-18,29.952248,29.952248,28.815666,28.949385,12.920252,24622022
2003-06-19,29.350523,29.417385,28.949385,29.350523,13.099287,12037974
2003-06-20,29.14995,29.417385,28.949385,29.14995,13.009767,12487440
2003-06-23,29.216812,29.684813,29.083096,29.216812,13.039609,14963410
2003-06-24,29.350523,29.417385,28.815666,28.949385,12.920252,7889149
2003-06-25,28.949385,29.216812,28.949385,29.216812,13.039609,5493728
2003-06-26,29.216812,29.283669,28.949385,28.949385,12.920252,7849666
2003-06-27,28.949385,29.016239,28.68195,28.68195,12.800899,18808552
2003-06-30,28.280806,28.748804,28.280806,28.280806,12.621864,6421171
2003-07-01,28.34766,29.083096,28.34766,29.083096,12.979929,8138181
2003-07-02,29.283669,29.617956,29.216812,29.551102,13.188805,19154115
2003-07-03,29.016239,29.952248,28.748804,29.083096,13.459407,20628890
2003-07-04,29.216812,29.417385,28.949385,29.14995,13.490349,8730164
2003-07-07,29.417385,30.353392,29.417385,30.219675,13.985408,23163703
2003-07-08,30.152821,30.620819,29.885391,30.620819,14.171052,27343933
2003-07-09,30.687681,31.2894,30.620819,30.8214,14.26388,17630122
2003-07-10,31.2894,32.292271,30.8214,30.8214,14.26388,32161791
2003-07-11,30.754538,30.754538,29.016239,29.283669,13.552231,20030442
2003-07-14,29.885391,30.955111,29.48424,30.620819,14.171052,17758217
2003-07-15,30.754538,31.222544,30.019102,30.48711,14.109171,15801727
2003-07-16,30.085964,30.353392,29.751675,29.818529,13.799761,21484184
2003-07-17,29.617956,29.751675,29.14995,29.14995,13.490349,14386002
2003-07-18,29.551102,29.751675,29.14995,29.14995,13.490349,11064542
2003-07-21,29.283669,29.551102,28.548233,28.548233,13.21188,14571076
2003-07-22,28.34766,28.882523,28.34766,28.615095,13.242821,25806430
2003-07-23,28.615095,28.748804,28.080233,28.080233,12.995292,14494103
2003-07-24,28.080233,28.68195,27.812798,28.34766,13.119057,38399557
2003-07-25,28.34766,28.815666,28.280806,28.34766,13.119057,38336044
2003-07-28,28.481379,29.016239,28.481379,28.548233,13.21188,25062267
2003-07-29,28.615095,28.882523,26.609364,26.609364,12.31459,43093625
2003-07-30,27.277937,27.344797,26.876791,27.010508,12.500232,37000707
2003-07-31,27.010508,27.010508,26.609364,26.943653,12.469292,13472534
2003-08-01,27.077362,27.077362,26.876791,26.943653,12.469292,6260944
2003-08-04,26.943653,27.077362,26.676218,26.74308,12.376472,9907166
2003-08-05,26.74308,27.010508,25.940783,25.940783,12.005172,32117837
2003-08-06,25.606501,25.873928,25.539639,25.539639,11.819527,31723003
2003-08-07,25.606501,25.873928,25.405922,25.606501,11.850469,23096520
2003-08-08,25.807074,26.208212,25.606501,25.606501,11.850469,19610562
2003-08-11,25.740211,25.740211,25.205349,25.272211,11.695765,18044445
2003-08-12,25.405922,25.606501,25.405922,25.405922,11.757643,12092705
2003-08-13,25.873928,26.542501,25.673355,26.408791,12.221764,28052629
2003-08-14,26.676218,27.144224,26.475645,26.809937,12.407409,43175284
2003-08-15,27.277937,27.344797,26.609364,26.809937,12.407409,22700370
2003-08-18,27.010508,27.612225,26.876791,27.211081,12.593057,42691999
2003-08-19,27.211081,27.211081,26.609364,26.74308,12.376472,23814369
2003-08-20,26.943653,27.277937,26.809937,26.809937,12.407409,20569370
2003-08-21,26.676218,26.876791,26.542501,26.74308,12.376472,24395622
2003-08-22,26.876791,27.679089,26.809937,27.344797,12.65494,39905310
2003-08-25,27.679089,28.080233,27.411654,27.745943,12.840587,46393594
2003-08-26,27.745943,27.745943,27.077362,27.211081,12.593057,24101046
2003-08-27,27.411654,29.016239,27.277937,28.414515,13.149994,81811304
2003-08-28,28.414515,28.882523,28.147087,28.213943,13.05717,80127572
2003-08-29,28.213943,28.481379,28.147087,28.481379,13.180938,45552436355
2003-09-01,28.481379,30.219675,28.481379,29.751675,13.768821,110702200033
2003-09-02,29.551102,30.085964,29.350523,30.085964,13.923524,57665236
2003-09-03,30.085964,30.085964,29.48424,29.48424,13.645056,38770169
2003-09-04,29.48424,30.019102,29.283669,29.48424,13.645056,71142828
2003-09-05,29.48424,29.48424,29.083096,29.283669,13.552231,40281030
2003-09-08,29.083096,29.952248,28.882523,29.952248,13.861642,59345724
2003-09-09,29.952248,30.420246,28.748804,28.748804,13.3047,60663838
2003-09-10,28.615095,28.68195,27.411654,27.478508,12.716819,54209604
2003-09-11,27.478508,27.478508,27.478508,27.478508,12.716819,0
2003-09-12,27.478508,28.147087,27.478508,27.87966,12.90247,33728966
2003-09-15,27.87966,28.34766,27.745943,27.87966,12.90247,32169312
2003-09-16,27.87966,28.882523,27.87966,28.68195,13.27376,50993294
2003-09-17,28.748804,29.14995,28.615095,28.815666,13.335645,41479266
2003-09-18,28.815666,28.815666,28.280806,28.615095,13.242821,26073522
2003-09-19,28.615095,29.818529,28.615095,29.14995,13.490349,64000168
2003-09-22,29.14995,29.818529,29.016239,29.48424,13.645056,59376257
2003-09-23,29.48424,29.684813,29.083096,29.617956,13.706936,31433158
2003-09-24,29.617956,30.286537,29.48424,30.085964,13.923524,98480515
2003-09-25,29.952248,30.286537,29.818529,30.152821,13.954468,102187084
2003-09-26,30.152821,30.754538,29.885391,30.219675,13.985408,112506213
2003-09-29,30.219675,30.553965,30.019102,30.219675,13.985408,68100059
2003-09-30,30.219675,30.286537,29.283669,29.417385,13.614116,47722036
2003-10-01,29.283669,29.350523,29.016239,29.350523,13.583172,24391180
2003-10-02,29.350523,30.019102,29.350523,29.751675,13.768821,48946549
2003-10-03,29.751675,30.085964,29.48424,29.48424,13.645056,41510992
2003-10-06,29.48424,31.356255,29.48424,31.222544,14.449525,148853625
2003-10-07,31.222544,32.492832,30.955111,32.15855,14.882702,168698114
2003-10-08,32.091698,32.15855,31.690544,31.757406,14.697057,61669380
2003-10-09,31.757406,33.228275,31.62369,32.626553,15.099293,155928939
2003-10-10,32.626553,32.626553,32.626553,32.626553,15.099293,0
2003-10-13,32.626553,34.766003,32.42598,34.766003,16.089411,154460146
2003-10-14,34.766003,35.434582,34.431709,35.100292,16.244112,128414362
2003-10-15,34.766003,34.766003,33.76313,34.09742,15.779994,139100323
2003-10-16,34.09742,35.434582,33.76313,35.434582,16.398821,99283453
2003-10-17,35.434582,37.774597,34.431709,37.440308,17.327053,183943188
2003-10-20,37.440308,38.777466,36.771732,38.108887,17.636469,147448206
2003-10-21,37.774597,38.777466,37.440308,38.777466,17.945879,115738389
2003-10-22,38.777466,39.111748,37.774597,37.774597,17.48176,71420514245
2003-10-23,37.106014,37.774597,36.771732,37.440308,17.327053,90025846
2003-10-24,37.440308,37.440308,36.103153,36.103153,16.708229,71043402
2003-10-27,36.103153,37.106014,35.768864,36.437443,16.862936,52337373
2003-10-28,36.771732,38.777466,36.437443,38.108887,17.636469,110496736
2003-10-29,38.443176,38.443176,37.440308,38.108887,17.636469,77266561
2003-10-30,38.108887,38.108887,37.106014,37.106014,17.172348,47288265
2003-10-31,37.106014,37.774597,36.771732,37.440308,17.327053,43758006
2003-11-03,37.106014,37.440308,36.437443,36.437443,16.862936,56365914
2003-11-04,36.437443,37.106014,36.437443,36.437443,16.862936,61137016
2003-11-05,36.771732,37.106014,36.103153,36.437443,16.862936,44617643
2003-11-06,36.437443,36.771732,34.09742,34.09742,15.779994,117986111
2003-11-07,34.431709,34.431709,33.428848,34.09742,15.779994,85017245
2003-11-10,33.76313,34.431709,33.161415,34.431709,15.934699,64935049
2003-11-11,34.09742,34.431709,33.428848,34.09742,15.779994,43694348
2003-11-12,34.09742,34.431709,33.295132,33.428848,15.470583,48300463
2003-11-13,34.09742,34.09742,33.428848,34.09742,15.779994,26311324
2003-11-14,34.09742,34.766003,33.428848,34.431709,15.934699,40362674
2003-11-17,34.09742,34.09742,33.361988,33.428848,15.470583,37102538
2003-11-18,33.428848,33.76313,32.893986,33.295132,15.408701,50434584
2003-11-19,32.760269,33.295132,32.626553,32.893986,15.223055,52368109
2003-11-20,32.893986,33.76313,32.760269,33.295132,15.408701,47955413
2003-11-21,33.094559,33.428848,33.027702,33.428848,15.470583,29170490
2003-11-24,33.428848,34.09742,33.295132,33.428848,15.470583,34662306
2003-11-25,34.09742,34.09742,33.428848,33.428848,15.470583,36335816
2003-11-26,33.428848,33.76313,33.295132,33.295132,15.408701,20459632
2003-11-27,33.295132,33.76313,33.094559,33.094559,15.315875,33031453
2003-11-28,33.428848,33.76313,32.960842,33.027702,15.28494,21585854
2003-12-01,33.027702,34.431709,33.027702,34.431709,15.934699,79649559
2003-12-02,34.766003,34.766003,34.09742,34.431709,15.934699,85609403
2003-12-03,34.431709,34.766003,33.428848,34.09742,15.779994,36746697
2003-12-04,34.09742,34.431709,33.76313,34.431709,15.934699,92454275
2003-12-05,34.09742,34.431709,33.76313,34.09742,15.779994,23499981
2003-12-08,33.76313,34.09742,33.428848,33.76313,15.625288,16275520
2003-12-09,34.09742,34.431709,33.76313,34.09742,15.779994,30456485
2003-12-10,34.09742,34.431709,33.76313,34.09742,15.779994,34107479
2003-12-11,34.431709,35.434582,34.09742,35.100292,16.244112,89163814
2003-12-12,35.100292,35.434582,34.766003,34.766003,16.089411,46513426
2003-12-15,35.100292,35.768864,35.100292,35.768864,16.553526,52410134
2003-12-16,35.434582,35.768864,35.100292,35.434582,16.398821,28593601
2003-12-17,35.434582,35.768864,34.431709,34.431709,15.934699,59901413
2003-12-18,34.431709,35.434582,34.431709,35.100292,16.244112,27504477
2003-12-19,35.434582,35.434582,34.766003,35.100292,16.244112,16770242
2003-12-22,35.100292,35.434582,34.766003,35.100292,16.244112,16581839
2003-12-23,35.100292,35.434582,34.766003,35.100292,16.244112,13773211
2003-12-24,35.100292,35.434582,34.766003,35.100292,16.244112,10225325
2003-12-25,35.100292,35.768864,35.100292,35.100292,16.244112,19538505
2003-12-26,35.434582,35.434582,34.766003,35.100292,16.244112,14188834
2003-12-29,35.100292,35.100292,33.76313,33.76313,15.625288,43308222
2003-12-30,34.09742,34.431709,33.428848,34.09742,15.779994,43537866
2003-12-31,34.09742,34.766003,34.09742,34.09742,15.779994,12679747
2004-01-01,34.09742,34.09742,34.09742,34.09742,15.779994,0
2004-01-02,34.09742,35.768864,34.09742,35.768864,16.553526,53488234
2004-01-05,35.768864,36.437443,35.434582,35.768864,16.553526,44602203
2004-01-06,36.103153,36.771732,35.434582,36.771732,17.017645,72299048
2004-01-07,37.106014,37.440308,35.768864,36.103153,16.708229,62675397
2004-01-08,36.437443,36.771732,35.768864,36.771732,17.017645,34623378
2004-01-09,37.106014,37.440308,36.437443,37.106014,17.172348,63379157
2004-01-12,37.106014,37.106014,36.437443,36.771732,17.017645,29992020
2004-01-13,36.771732,37.106014,36.437443,36.771732,17.017645,24811284
2004-01-14,36.771732,37.774597,36.771732,37.440308,17.327053,50285370
2004-01-15,37.774597,38.443176,37.774597,37.774597,17.48176,71042410
2004-01-16,38.108887,38.443176,37.774597,38.108887,17.636469,49356790
2004-01-19,38.108887,38.108887,38.108887,38.108887,17.636469,0
2004-01-20,38.108887,38.108887,38.108887,38.108887,17.636469,0
2004-01-21,38.108887,38.108887,38.108887,38.108887,17.636469,0
2004-01-22,38.108887,38.108887,38.108887,38.108887,17.636469,0
2004-01-23,38.108887,38.108887,38.108887,38.108887,17.636469,0
2004-01-26,38.108887,38.108887,38.108887,38.108887,17.636469,0
2004-01-27,38.777466,38.777466,38.108887,38.443176,17.791172,44427198
2004-01-28,37.774597,38.108887,37.440308,37.440308,17.327053,48014058
2004-01-29,36.771732,37.106014,36.103153,36.103153,16.708229,72611239
2004-01-30,36.437443,37.106014,36.103153,36.771732,17.017645,31051722
2004-02-02,36.437443,36.771732,35.768864,35.768864,16.553526,32176748
2004-02-03,35.434582,36.437443,35.434582,35.768864,16.553526,29159559
2004-02-04,35.768864,36.437443,35.768864,35.768864,16.553526,22754815
2004-02-05,35.768864,37.106014,35.768864,36.437443,16.862936,46797654
2004-02-06,36.771732,37.440308,36.771732,37.106014,17.172348,41773405
2004-02-09,37.440308,38.108887,37.106014,38.108887,17.636469,60092410
2004-02-10,38.108887,38.108887,37.106014,37.774597,17.48176,42617413
2004-02-11,37.774597,38.777466,37.440308,38.108887,17.636469,105832445
2004-02-12,38.443176,39.780327,38.108887,38.443176,17.791172,176358854
2004-02-13,39.111748,41.117481,39.111748,41.117481,19.028818,195552877
2004-02-16,41.451771,43.123211,41.117481,42.454632,19.647638,189423443
2004-02-17,42.454632,42.454632,41.78606,42.12035,19.492937,69948609
2004-02-18,42.12035,42.788921,40.783195,40.783195,18.874113,124855910
2004-02-19,40.783195,41.78606,40.448906,41.451771,19.183523,87236241
2004-02-20,41.451771,41.78606,40.783195,40.783195,18.874113,44916986
2004-02-23,40.783195,41.451771,40.448906,41.451771,19.183523,43175561
2004-02-24,41.451771,42.454632,41.117481,41.451771,19.183523,87944251
2004-02-25,41.78606,42.12035,41.117481,41.78606,19.338228,58180689
2004-02-26,42.12035,43.4575,42.12035,42.788921,19.802349,102013647
2004-02-27,43.123211,44.12608,42.454632,43.79179,20.266462,80594247
2004-03-01,44.460365,45.463234,44.12608,44.12608,20.421167,101599225
2004-03-02,44.794655,45.797523,44.12608,45.463234,21.039997,109086360
2004-03-03,45.463234,45.463234,44.460365,44.460365,20.575878,71795983
2004-03-04,44.794655,45.128944,44.460365,44.794655,20.730581,51651354
2004-03-05,45.128944,45.463234,43.4575,43.4575,20.111757,75851570
2004-03-08,43.79179,44.12608,42.788921,42.788921,19.802349,65706922
2004-03-09,42.788921,45.128944,42.788921,45.128944,20.885292,76555039
2004-03-10,44.460365,45.128944,43.4575,43.79179,20.266462,47655036
2004-03-11,43.4575,43.79179,43.123211,43.4575,20.111757,47911590
2004-03-12,42.788921,43.4575,42.454632,42.788921,19.802349,59326102
2004-03-15,43.123211,43.4575,40.114616,40.783195,18.874113,78905448
2004-03-16,40.783195,41.117481,39.446037,40.114616,18.564699,88858481
2004-03-17,40.448906,40.783195,40.114616,40.114616,18.564699,41732131
2004-03-18,40.114616,42.454632,40.114616,42.12035,19.492937,70177610
2004-03-19,41.78606,42.12035,41.117481,41.117481,19.028818,56640474
2004-03-22,38.443176,38.443176,38.443176,38.443176,17.791172,29782443
2004-03-23,36.103153,40.114616,36.103153,38.777466,17.945879,149873167
2004-03-24,39.111748,39.446037,37.440308,38.108887,17.636469,48133647
2004-03-25,37.440308,38.443176,37.440308,37.774597,17.48176,40783956
2004-03-26,38.108887,38.443176,37.106014,37.106014,17.172348,35819778
2004-03-29,38.777466,39.446037,38.108887,39.446037,18.255291,52267396
2004-03-30,39.446037,39.780327,38.777466,38.777466,17.945879,54495598
2004-03-31,39.111748,40.448906,39.111748,39.780327,18.409992,52319928
2004-04-01,39.446037,39.780327,39.111748,39.446037,18.255291,31990103
2004-04-02,39.446037,40.114616,39.111748,39.446037,18.255291,30107903
2004-04-05,39.780327,40.114616,39.111748,40.114616,18.564699,38116636
2004-04-06,40.114616,40.783195,39.780327,39.780327,18.409992,40497978
2004-04-07,40.114616,40.448906,39.780327,40.114616,18.564699,22214375
2004-04-08,40.448906,41.117481,40.448906,40.783195,18.874113,32059840
2004-04-09,40.783195,40.783195,39.780327,40.114616,18.564699,21264703
2004-04-12,40.783195,41.78606,40.783195,41.78606,19.338228,42270374
2004-04-13,42.12035,42.12035,41.451771,41.451771,19.183523,29106918
2004-04-14,41.451771,41.78606,41.117481,41.78606,19.338228,30302985
2004-04-15,41.78606,42.454632,40.783195,40.783195,18.874113,51115285
2004-04-16,40.783195,41.78606,40.783195,41.451771,19.183523,27182970
2004-04-19,41.78606,42.454632,41.451771,41.78606,19.338228,40392970
2004-04-20,42.454632,43.4575,42.12035,42.788921,19.802349,64600397
2004-04-21,43.4575,44.12608,43.4575,43.79179,20.266462,97647926
2004-04-22,43.79179,44.12608,41.78606,43.123211,19.957052,61015614
2004-04-23,43.4575,43.4575,42.12035,42.788921,19.802349,29330901
2004-04-26,42.788921,43.4575,42.454632,43.123211,19.957052,29489191
2004-04-27,43.123211,43.123211,42.454632,43.123211,19.957052,28468553
2004-04-28,43.123211,43.4575,42.788921,43.123211,19.957052,34950317
2004-04-29,42.454632,42.788921,41.117481,41.117481,19.028818,48311181
2004-04-30,40.783195,40.783195,38.443176,39.446037,18.255291,84970582
2004-05-03,39.446037,39.780327,38.777466,39.446037,18.255291,41806204
2004-05-04,39.780327,40.114616,39.111748,40.114616,18.564699,23356182
2004-05-05,40.114616,40.114616,37.774597,37.774597,17.48176,40190869
2004-05-06,38.443176,39.780327,38.108887,38.777466,17.945879,55093437
2004-05-07,38.777466,40.114616,38.777466,40.114616,18.564699,26562521
2004-05-10,39.111748,39.780327,38.443176,38.777466,17.945879,26192529647
2004-05-11,39.446037,39.780327,38.443176,39.446037,18.255291,24820407
2004-05-12,39.780327,40.114616,39.111748,39.111748,18.100584,24463936
2004-05-13,39.111748,39.111748,38.108887,38.443176,17.791172,21966978
2004-05-14,38.443176,38.777466,37.440308,37.440308,17.327053,38692485
2004-05-17,36.771732,36.771732,35.100292,35.434582,16.398821,50800902
2004-05-18,35.768864,36.437443,35.100292,35.768864,16.553526,53111207
2004-05-19,36.437443,38.108887,36.437443,38.108887,17.636469,57616297
2004-05-20,37.774597,38.777466,36.771732,37.774597,17.48176,44757624
2004-05-21,37.774597,39.111748,37.106014,38.443176,17.791172,36104534
2004-05-24,38.108887,38.777466,37.774597,38.443176,17.791172,18704814
2004-05-25,38.108887,38.777466,38.108887,38.443176,17.791172,16290668
2004-05-26,39.111748,39.780327,39.111748,39.446037,18.255291,33100652
2004-05-27,39.780327,39.780327,39.111748,39.446037,18.255291,17910803
2004-05-28,39.780327,39.780327,39.111748,39.780327,18.409992,23037921
2004-05-31,39.446037,39.446037,38.443176,38.443176,17.791172,18727478
2004-06-01,38.777466,39.111748,38.108887,38.777466,17.945879,14317768
2004-06-02,38.777466,38.777466,37.774597,38.108887,17.636469,21452200
2004-06-03,38.108887,38.443176,36.771732,36.771732,17.017645,36938142
2004-06-04,36.771732,37.440308,36.437443,37.106014,17.172348,19994262
2004-06-07,37.774597,39.446037,37.440308,39.446037,18.255291,43717199
2004-06-08,40.114616,40.114616,38.777466,39.780327,18.409992,45294090
2004-06-09,39.780327,40.448906,39.446037,40.114616,18.564699,38188997
2004-06-10,39.780327,40.448906,39.111748,40.448906,18.71941,34068776
2004-06-11,40.114616,40.448906,39.111748,39.111748,18.100584,36438156
2004-06-14,39.446037,39.780327,37.774597,37.774597,17.48176,37361266
2004-06-15,38.108887,38.777466,37.106014,38.777466,17.945879,41031848
2004-06-16,39.111748,39.446037,38.108887,38.777466,17.945879,26953232
2004-06-17,38.777466,39.780327,38.777466,39.780327,18.409992,36928921099
2004-06-18,39.446037,39.446037,38.777466,39.111748,18.100584,25922654
2004-06-21,39.780327,40.114616,39.111748,39.446037,18.255291,25723047
2004-06-22,39.446037,39.446037,39.446037,39.446037,18.255291,0
2004-06-23,39.780327,42.12035,39.446037,41.78606,19.338228,142817159
2004-06-24,41.78606,41.78606,41.117481,41.451771,19.183523,48646926
2004-06-25,41.451771,42.12035,41.451771,41.78606,19.338228,45018069
2004-06-28,41.451771,41.451771,40.114616,40.448906,18.71941,41741540
2004-06-29,40.114616,40.783195,39.446037,40.448906,18.71941,35336246
2004-06-30,41.117481,41.117481,40.448906,40.448906,18.71941,43994936
2004-07-01,39.780327,40.448906,39.780327,39.780327,19.071812,34932404
2004-07-02,39.111748,39.780327,38.777466,39.111748,18.75128,30645603167
2004-07-05,38.777466,39.111748,38.108887,38.443176,18.430744,15030645
2004-07-06,38.443176,39.446037,38.443176,39.446037,18.911549,22311143
2004-07-07,38.777466,39.780327,38.777466,39.446037,18.911549,22754910
2004-07-08,39.780327,40.114616,39.111748,39.780327,19.071812,29202516
2004-07-09,40.114616,40.783195,39.446037,40.448906,19.392351,27926469
2004-07-12,40.448906,41.117481,40.114616,40.783195,19.552616,29998797
2004-07-13,40.783195,41.117481,40.448906,40.783195,19.552616,23067306
2004-07-14,40.783195,40.783195,40.114616,40.114616,19.232079,33838313
2004-07-15,40.114616,40.448906,39.111748,39.780327,19.071812,32024020
2004-07-16,39.111748,39.780327,39.111748,39.111748,18.75128,14440509
2004-07-19,38.777466,39.780327,38.777466,39.780327,19.071812,21405064467
2004-07-20,39.446037,39.780327,37.440308,38.108887,18.270479,44842474
2004-07-21,37.774597,38.443176,36.771732,37.440308,17.949942,61445853
2004-07-22,36.771732,37.106014,36.103153,36.437443,17.469139,34952717
2004-07-23,36.437443,37.106014,36.103153,36.437443,17.469139,34731963
2004-07-26,36.103153,36.771732,35.768864,36.437443,17.469139,21602226
2004-07-27,36.771732,37.774597,36.103153,37.440308,17.949942,32017997
2004-07-28,37.774597,37.774597,37.106014,37.440308,17.949942,16736620
2004-07-29,37.440308,37.774597,37.106014,37.106014,17.789671,14632498
2004-07-30,37.774597,38.108887,37.106014,37.440308,17.949942,24057121
2004-08-02,37.440308,37.774597,37.106014,37.106014,17.789671,15038021
2004-08-03,37.106014,37.774597,37.106014,37.106014,17.789671,19988843
2004-08-04,37.106014,37.106014,36.437443,36.771732,17.629408,17089033
2004-08-05,36.771732,37.440308,36.103153,37.440308,17.949942,30968169
2004-08-06,37.106014,38.443176,36.771732,37.774597,18.110214,37003792
2004-08-09,37.440308,38.108887,37.440308,37.774597,18.110214,12583611
2004-08-10,37.774597,38.443176,37.774597,37.774597,18.110214,10210673
2004-08-11,38.108887,38.443176,37.106014,37.106014,17.789671,17109923
2004-08-12,37.106014,37.440308,37.106014,37.440308,17.949942,5907938
2004-08-13,37.440308,38.108887,37.106014,38.108887,18.270479,61342256
2004-08-16,38.443176,38.443176,37.774597,37.774597,18.110214,9945129
2004-08-17,38.108887,38.108887,37.440308,37.774597,18.110214,19707100
2004-08-18,37.774597,38.443176,37.440308,38.443176,18.430744,22519345
2004-08-19,38.777466,39.446037,38.777466,39.446037,18.911549,44229705
2004-08-20,39.446037,40.114616,39.111748,39.446037,18.911549,26281243
2004-08-23,39.780327,39.780327,39.111748,39.111748,18.75128,14688084
2004-08-24,39.111748,39.111748,39.111748,39.111748,18.75128,0
2004-08-25,39.111748,39.111748,39.111748,39.111748,18.75128,0
2004-08-26,39.780327,40.783195,39.780327,40.448906,19.392351,50011490
2004-08-27,40.448906,40.448906,39.780327,39.780327,19.071812,19532799
2004-08-30,39.780327,40.448906,39.446037,40.448906,19.392351,18664075
2004-08-31,40.448906,40.783195,39.780327,39.780327,19.071812,33941005
2004-09-01,40.114616,41.117481,40.114616,41.117481,19.712887,36905591
2004-09-02,41.117481,41.78606,40.783195,41.451771,19.873148,54929456
2004-09-03,41.78606,41.78606,41.117481,41.117481,19.712887,44732995
2004-09-06,41.451771,42.12035,41.117481,41.78606,20.033413,33461902
2004-09-07,42.12035,42.12035,41.78606,42.12035,20.193687,20303601
2004-09-08,41.78606,42.12035,41.451771,42.12035,20.193687,24817419
2004-09-09,42.12035,42.12035,41.451771,42.12035,20.193687,23707561
2004-09-10,41.78606,42.12035,41.451771,41.451771,19.873148,15549329
2004-09-13,41.78606,42.454632,41.78606,42.12035,20.193687,37893539
2004-09-14,42.454632,42.788921,41.451771,41.451771,19.873148,75473834
2004-09-15,41.451771,41.78606,41.117481,41.451771,19.873148,27044292
2004-09-16,41.451771,41.451771,40.783195,41.451771,19.873148,14501713
2004-09-17,41.451771,41.451771,40.783195,41.117481,19.712887,11418826
2004-09-20,41.117481,41.78606,41.117481,41.78606,20.033413,13385915
2004-09-21,41.78606,42.788921,41.78606,42.788921,20.514219,47871879
2004-09-22,42.788921,43.123211,42.454632,42.788921,20.514219,30297665
2004-09-23,42.12035,42.788921,42.12035,42.454632,20.353952,17395536
2004-09-24,42.454632,42.788921,42.12035,42.12035,20.193687,41883043
2004-09-27,42.12035,42.454632,41.78606,42.12035,20.193687,17294775
2004-09-28,42.12035,42.12035,42.12035,42.12035,20.193687,0
2004-09-29,42.454632,42.788921,42.12035,42.12035,20.193687,28914494
2004-09-30,42.454632,42.788921,42.12035,42.788921,20.514219,21004555
2004-10-01,43.123211,43.79179,43.123211,43.79179,20.995018,78214736
2004-10-04,44.12608,44.794655,44.12608,44.794655,21.475824,67986494
2004-10-05,44.460365,44.794655,44.12608,44.12608,21.155287,33294853
2004-10-06,44.460365,44.460365,43.4575,43.4575,20.834755,39829852
2004-10-07,43.4575,44.12608,43.4575,43.79179,20.995018,25115717
2004-10-08,43.79179,44.794655,43.4575,44.460365,21.315559,34262771
2004-10-11,44.460365,44.460365,43.79179,44.12608,21.155287,23517885
2004-10-12,44.12608,44.12608,43.123211,43.123211,20.674486,25423995
2004-10-13,43.123211,43.79179,43.123211,43.123211,20.674486,17098061
2004-10-14,43.123211,43.4575,42.12035,42.454632,20.353952,33246728
2004-10-15,42.12035,43.123211,42.12035,43.123211,20.674486,18686613
2004-10-18,43.123211,43.123211,42.454632,42.454632,20.353952,9250669
2004-10-19,42.788921,42.788921,42.12035,42.454632,20.353952,19882281
2004-10-20,42.12035,42.788921,42.12035,42.454632,20.353952,14332946
2004-10-21,42.12035,43.123211,42.12035,42.454632,20.353952,21483150
2004-10-22,42.454632,42.788921,42.12035,42.454632,20.353952,8792992
2004-10-25,42.454632,42.454632,42.454632,42.454632,20.353952,0
2004-10-26,42.454632,42.454632,41.78606,42.12035,20.193687,17604341
2004-10-27,42.454632,42.454632,41.78606,42.12035,20.193687,15615396
2004-10-28,42.454632,42.788921,42.12035,42.12035,20.193687,26437284
2004-10-29,42.454632,43.123211,42.12035,42.788921,20.514219,21413650
2004-11-01,42.788921,43.4575,42.454632,43.123211,20.674486,21017327
2004-11-02,43.123211,43.79179,42.788921,43.79179,20.995018,33219591
2004-11-03,43.79179,44.12608,43.123211,44.12608,21.155287,26813112
2004-11-04,44.12608,44.460365,43.79179,44.460365,21.315559,36764183
2004-11-05,44.794655,45.128944,44.12608,44.794655,21.475824,39929258
2004-11-08,44.794655,44.794655,44.12608,44.460365,21.315559,26026576
2004-11-09,44.460365,44.460365,43.79179,44.460365,21.315559,20550675
2004-11-10,43.4575,43.79179,43.123211,43.4575,20.834755,73946194
2004-11-11,43.123211,43.4575,42.788921,42.788921,20.514219,16852911
2004-11-12,42.788921,43.4575,42.788921,43.123211,20.674486,25603477
2004-11-15,43.123211,43.4575,42.454632,42.454632,20.353952,24961603
2004-11-16,42.454632,43.123211,42.454632,42.788921,20.514219,22688255
2004-11-17,42.788921,43.4575,42.788921,43.4575,20.834755,41789356
2004-11-18,43.4575,43.4575,43.123211,43.123211,20.674486,29424525
2004-11-19,43.123211,43.4575,42.788921,43.123211,20.674486,30518223
2004-11-22,42.788921,42.788921,41.451771,41.451771,19.873148,44506952
2004-11-23,41.451771,41.78606,41.117481,41.78606,20.033413,32169882
2004-11-24,41.78606,42.454632,41.78606,42.454632,20.353952,23071173
2004-11-25,42.454632,42.454632,41.451771,41.78606,20.033413,25278679
2004-11-26,41.78606,42.12035,40.448906,40.783195,19.552616,58974010
2004-11-29,40.783195,41.451771,40.448906,41.117481,19.712887,44680647
2004-11-30,40.783195,41.451771,40.448906,41.451771,19.873148,39732242
2004-12-01,41.117481,41.451771,40.448906,41.117481,19.712887,32125715
2004-12-02,41.451771,41.78606,41.117481,41.78606,20.033413,24014353
2004-12-03,41.78606,42.454632,41.451771,42.12035,20.193687,33888231
2004-12-06,41.78606,42.454632,41.451771,42.454632,20.353952,37914067
2004-12-07,42.454632,42.454632,42.12035,42.454632,20.353952,20270715
2004-12-08,42.12035,42.454632,41.78606,42.454632,20.353952,37048007
2004-12-09,42.454632,42.788921,42.12035,42.454632,20.353952,31030452
2004-12-10,42.454632,42.788921,42.12035,42.454632,20.353952,55512879
2004-12-13,41.78606,42.454632,41.117481,41.78606,20.033413,31094625
2004-12-14,41.78606,41.78606,41.117481,41.451771,19.873148,27367965
2004-12-15,41.451771,41.78606,41.117481,41.78606,20.033413,28872590
2004-12-16,41.78606,42.12035,41.451771,41.78606,20.033413,19712910
2004-12-17,42.12035,42.12035,41.451771,41.78606,20.033413,10957350
2004-12-20,41.117481,41.78606,41.117481,41.78606,20.033413,16426098
2004-12-21,41.451771,42.12035,41.451771,42.12035,20.193687,11091114
2004-12-22,42.12035,42.454632,41.78606,41.78606,20.033413,16334604
2004-12-23,41.78606,42.12035,41.451771,42.12035,20.193687,8014721
2004-12-24,42.12035,42.454632,41.78606,42.454632,20.353952,8020744
2004-12-27,42.12035,42.454632,41.451771,41.78606,20.033413,26832540
2004-12-28,41.78606,42.12035,41.78606,41.78606,20.033413,10724508
2004-12-29,42.12035,43.123211,42.12035,42.788921,20.514219,43808613
2004-12-30,42.788921,43.123211,42.454632,42.788921,20.514219,23651094
2004-12-31,43.123211,43.79179,42.788921,43.4575,20.834755,45731947
2005-01-03,43.4575,43.4575,42.788921,42.788921,20.514219,21131449
2005-01-04,42.788921,43.123211,42.454632,43.123211,20.674486,15910663
2005-01-05,42.454632,42.788921,42.454632,42.454632,20.353952,13591521
2005-01-06,42.454632,42.788921,42.12035,42.454632,20.353952,14553201
2005-01-07,42.788921,42.788921,42.12035,42.788921,20.514219,15814798
2005-01-10,42.788921,42.788921,42.454632,42.788921,20.514219,10333152
2005-01-11,42.788921,42.788921,42.12035,42.12035,20.193687,25527230
2005-01-12,42.12035,42.454632,41.78606,41.78606,20.033413,17312276
2005-01-13,41.78606,42.12035,41.451771,41.78606,20.033413,15834428
2005-01-14,41.78606,42.12035,41.451771,42.12035,20.193687,18849824
2005-01-17,42.12035,42.454632,41.78606,42.12035,20.193687,10093046
2005-01-18,42.12035,42.454632,41.78606,42.12035,20.193687,16516516
2005-01-19,42.12035,42.454632,41.78606,42.12035,20.193687,14851067
2005-01-20,41.78606,42.12035,41.451771,41.451771,19.873148,17145368
2005-01-21,41.451771,41.78606,41.117481,41.117481,19.712887,11927640
2005-01-24,41.451771,41.451771,40.448906,40.783195,19.552616,25076358
2005-01-25,40.448906,41.117481,40.448906,41.117481,19.712887,12051279
2005-01-26,41.117481,41.451771,40.783195,40.783195,19.552616,9835768
2005-01-27,40.783195,41.451771,40.783195,41.451771,19.873148,12245969
2005-01-28,41.451771,41.78606,40.783195,41.451771,19.873148,16128993
2005-01-31,41.451771,42.12035,41.117481,41.78606,20.033413,24272967
2005-02-01,41.78606,42.12035,41.451771,41.78606,20.033413,22497338
2005-02-02,42.12035,42.454632,41.78606,42.12035,20.193687,34709359
2005-02-03,42.12035,42.454632,41.78606,42.12035,20.193687,20740693
2005-02-04,42.12035,42.12035,42.12035,42.12035,20.193687,0
2005-02-07,42.12035,42.12035,42.12035,42.12035,20.193687,0
2005-02-08,42.12035,42.12035,42.12035,42.12035,20.193687,0
2005-02-09,42.12035,42.12035,42.12035,42.12035,20.193687,0
2005-02-10,42.12035,42.12035,42.12035,42.12035,20.193687,0
2005-02-11,42.12035,42.12035,42.12035,42.12035,20.193687,0
2005-02-14,42.12035,42.788921,41.78606,42.454632,20.353952,35677269
2005-02-15,42.454632,42.454632,41.78606,42.12035,20.193687,18866418
2005-02-16,42.454632,42.454632,41.78606,41.78606,20.033413,13022272
2005-02-17,41.78606,42.454632,41.78606,42.12035,20.193687,29070330
2005-02-18,41.78606,42.454632,41.78606,42.12035,20.193687,10850817
2005-02-21,42.12035,42.12035,41.451771,41.78606,20.033413,32015299
2005-02-22,41.78606,42.12035,41.451771,41.78606,20.033413,22880238
2005-02-23,41.451771,41.78606,41.117481,41.451771,19.873148,17032902
2005-02-24,41.451771,41.78606,41.117481,41.78606,20.033413,24759040
2005-02-25,42.12035,42.454632,41.78606,42.12035,20.193687,36485227
2005-02-28,42.12035,42.12035,42.12035,42.12035,20.193687,0
2005-03-01,42.387775,42.454632,42.12035,42.387775,20.321898,42285300
2005-03-02,42.454632,42.722069,41.852917,41.852917,20.06547,31453999
2005-03-03,41.78606,41.78606,40.983768,41.451771,19.873148,34788604
2005-03-04,41.31805,41.384914,41.050625,41.050625,19.68083,20448810
2005-03-07,41.050625,41.585487,41.050625,41.384914,19.841099,25378219
2005-03-08,41.451771,41.451771,40.783195,40.850052,19.584673,27305389
2005-03-09,40.850052,41.652344,40.850052,41.451771,19.873148,48415725
2005-03-10,41.31805,41.451771,40.916908,41.251198,19.776993,16571403
2005-03-11,41.451771,41.451771,41.050625,41.251198,19.776993,9777968
2005-03-14,41.184334,41.251198,40.716335,40.716335,19.520561,62879929
2005-03-15,40.716335,40.783195,40.248329,40.248329,19.29619,27373970
2005-03-16,40.248329,40.515762,40.248329,40.248329,19.29619,20811121
2005-03-17,40.114616,40.515762,39.780327,40.382046,19.360298,25576837
2005-03-18,40.649479,40.783195,40.181473,40.315189,19.328239,19932197
2005-03-21,40.649479,40.716335,40.181473,40.315189,19.328239,12940449
2005-03-22,40.248329,40.248329,39.780327,39.780327,19.071812,14963427
2005-03-23,39.780327,39.847183,39.178612,39.312321,18.847435,29222213
2005-03-24,40.181473,40.181473,39.312321,39.312321,18.847435,21032134
2005-03-25,39.446037,39.579754,39.178612,39.579754,18.975655,16471753
2005-03-28,39.780327,39.780327,39.446037,39.64661,19.007704,7877055
2005-03-29,39.446037,39.446037,38.978031,39.111748,18.75128,18161948
2005-03-30,38.978031,39.111748,38.978031,39.111748,18.75128,22695905
2005-03-31,39.178612,40.047756,39.111748,39.9809,19.167974,28367071
2005-04-01,39.780327,40.114616,39.446037,40.114616,19.232079,26784523
2005-04-04,39.780327,39.914043,39.64661,39.71347,19.039764,16286825
2005-04-05,39.71347,39.71347,39.71347,39.71347,19.039764,0
2005-04-06,39.579754,40.448906,39.579754,40.114616,19.232079,22336051
2005-04-07,40.448906,40.448906,40.114616,40.181473,19.264137,18697258
2005-04-08,40.382046,40.916908,40.315189,40.916908,19.616722,30097614
2005-04-11,40.850052,40.850052,40.114616,40.448906,19.392351,15566339
2005-04-12,40.315189,40.448906,39.9809,40.114616,19.232079,16121621
2005-04-13,40.114616,40.114616,39.64661,39.64661,19.007704,20861246
2005-04-14,39.446037,39.64661,39.178612,39.312321,18.847435,15398389
2005-04-15,39.178612,39.245464,38.443176,38.510029,18.462799,41754216
2005-04-18,38.242603,38.242603,37.172878,37.373451,17.917889,34581602
2005-04-19,37.373451,37.84145,37.373451,37.640884,18.046101,24758083
2005-04-20,37.975166,38.042023,37.507168,37.908314,18.174314,15192462
2005-04-21,37.106014,38.242603,37.106014,38.242603,18.334589,37813059
2005-04-22,38.510029,38.777466,38.175739,38.643749,18.526909,21006280
2005-04-25,38.643749,38.777466,38.30946,38.510029,18.462799,14363083
2005-04-26,38.108887,38.443176,37.975166,38.30946,18.36664,13049400
2005-04-27,37.908314,38.108887,37.239735,37.306595,17.885836,27780961
2005-04-28,37.306595,38.108887,37.306595,38.108887,18.270479,16676037
2005-04-29,37.774597,37.908314,37.440308,37.774597,18.110214,12722167
2005-05-02,37.774597,37.774597,37.774597,37.774597,18.110214,0
2005-05-03,37.774597,38.443176,37.774597,38.443176,18.430744,35302111
2005-05-04,38.443176,38.443176,37.908314,37.908314,18.174314,9362382
2005-05-05,38.242603,38.911175,38.175739,38.376312,18.398693,21836206
2005-05-06,38.376312,38.844318,38.376312,38.844318,18.623064,19955850
2005-05-09,38.844318,39.111748,38.643749,39.111748,18.75128,19975800
2005-05-10,39.044891,39.111748,38.777466,38.978031,18.687168,20597980
2005-05-11,38.777466,38.911175,38.576893,38.710602,18.558958,12069092158
2005-05-12,38.510029,38.978031,38.510029,38.777466,18.591011,18344873946
2005-05-13,38.911175,39.446037,38.710602,39.245464,18.815384,23028574
2005-05-16,39.312321,39.512901,38.911175,39.312321,18.847435,13864689
2005-05-17,39.379181,39.446037,38.844318,38.844318,18.623064,9980488
2005-05-18,38.911175,39.111748,38.643749,38.643749,18.526909,15971123
2005-05-19,39.111748,39.312321,38.911175,38.978031,18.687168,12920103
2005-05-20,39.044891,39.178612,38.443176,38.443176,18.430744,11414034
2005-05-23,38.443176,38.510029,37.908314,37.975166,18.206367,7821911
2005-05-24,37.975166,38.643749,37.84145,38.576893,18.494854,17393923
2005-05-25,38.443176,38.576893,38.108887,38.108887,18.270479,15675167
2005-05-26,38.175739,39.178612,38.175739,38.978031,18.687168,28181188
2005-05-27,39.111748,39.579754,38.978031,39.512901,18.943605,20088849
2005-05-30,39.512901,39.71347,39.312321,39.71347,19.039764,9859992
2005-05-31,39.71347,40.114616,39.579754,40.114616,19.232079,31399246
2005-06-01,39.9809,39.9809,38.911175,38.911175,18.655113,24689306
2005-06-02,39.111748,39.847183,39.111748,39.512901,18.943605,20378104
2005-06-03,39.579754,39.847183,39.178612,39.579754,18.975655,12289197
2005-06-06,39.71347,40.047756,39.512901,39.847183,19.103863,18516295
2005-06-07,39.847183,39.9809,39.579754,39.64661,19.007704,11494160
2005-06-08,39.579754,40.047756,39.579754,39.9809,19.167974,15156694
2005-06-09,40.047756,40.448906,39.847183,40.448906,19.392351,28025055
2005-06-10,40.448906,40.649479,40.181473,40.582619,19.456457,21899174
2005-06-13,40.716335,40.916908,40.448906,40.916908,19.616722,25912388
2005-06-14,40.850052,40.916908,40.248329,40.582619,19.456457,15099130
2005-06-15,40.649479,40.916908,40.382046,40.916908,19.616722,15932925
2005-06-16,41.31805,41.31805,40.649479,40.783195,19.552616,19567462
2005-06-17,40.515762,41.251198,40.515762,41.184334,19.744934,29583552
2005-06-20,41.117481,41.184334,40.582619,40.716335,19.520561,11516706
2005-06-21,40.716335,40.783195,40.382046,40.382046,19.360298,10388992
2005-06-22,40.448906,41.384914,40.448906,41.251198,19.776993,20277637
2005-06-23,41.384914,42.187202,41.384914,42.12035,20.193687,63167417
2005-06-24,42.12035,42.788921,41.986633,42.521496,20.386009,63309738
2005-06-27,42.187202,42.454632,41.919777,42.12035,20.193687,33920020
2005-06-28,42.12035,42.722069,42.053486,42.655212,20.450117,35874422
2005-06-29,42.855785,43.056358,42.12035,42.521496,20.386009,58665242
2005-06-30,42.788921,42.922638,42.655212,42.655212,20.450117,40366242
2005-07-01,42.788921,42.855785,42.053486,42.387775,20.321898,19477189
2005-07-04,42.387775,42.655212,42.12035,42.254059,20.257793,42926996
2005-07-05,41.050625,41.31805,40.582619,40.582619,20.299263,40864407
2005-07-06,40.649479,40.783195,40.248329,40.649479,20.332701,16479835
2005-07-07,40.716335,41.117481,40.181473,41.117481,20.566795,20246299
2005-07-08,40.916908,41.251198,40.649479,41.050625,20.533354,13993254
2005-07-11,41.251198,41.451771,41.050625,41.451771,20.734005,15858313
2005-07-12,41.585487,41.78606,41.451771,41.78606,20.901215,28021491
2005-07-13,41.78606,41.78606,41.451771,41.585487,20.800892,17154990
2005-07-14,41.652344,41.986633,41.451771,41.585487,20.800892,9686311
2005-07-15,41.585487,42.320923,41.585487,41.919777,20.968098,24308197
2005-07-18,41.919777,41.919777,41.919777,41.919777,20.968098,0
2005-07-19,42.187202,42.454632,42.12035,42.387775,21.20219,32994589
2005-07-20,42.320923,42.788921,42.053486,42.588348,21.302515,41735651
2005-07-21,41.117481,42.722069,41.117481,42.12035,21.068426,25629590
2005-07-22,42.12035,42.521496,41.986633,42.521496,21.269079,17325944
2005-07-25,42.788921,42.855785,42.187202,42.187202,21.101864,22759629
2005-07-26,41.986633,42.588348,41.986633,42.588348,21.302515,35350390
2005-07-27,42.788921,42.788921,42.053486,42.655212,21.335966,22442164
2005-07-28,42.588348,42.855785,42.387775,42.788921,21.402842,27944753
2005-07-29,42.788921,42.855785,42.454632,42.588348,21.302515,18875353
2005-08-01,42.722069,42.722069,42.12035,42.254059,21.135311,8862560
2005-08-02,42.320923,42.387775,42.053486,42.387775,21.20219,8892719
2005-08-03,42.387775,42.655212,42.254059,42.588348,21.302515,10118658
2005-08-04,42.588348,42.722069,41.919777,42.12035,21.068426,20500517
2005-08-05,42.12035,42.12035,42.12035,42.12035,21.068426,0
2005-08-08,42.12035,42.12035,41.251198,41.451771,20.734005,28077417
2005-08-09,41.451771,41.852917,41.31805,41.652344,20.83433,20975792
2005-08-10,41.384914,41.919777,41.31805,41.384914,20.700567,46342158
2005-08-11,41.184334,41.384914,40.716335,41.050625,20.533354,36993792
2005-08-12,41.184334,41.652344,41.184334,41.451771,20.734005,22357794
2005-08-15,41.384914,41.384914,40.783195,40.983768,20.499914,14582361
2005-08-16,41.050625,41.117481,40.582619,40.716335,20.366148,14055835
2005-08-17,40.716335,40.850052,40.448906,40.649479,20.332701,18104657
2005-08-18,40.515762,41.184334,40.382046,40.783195,20.399586,27933411
2005-08-19,40.783195,40.983768,40.783195,40.783195,20.399586,14210934
2005-08-22,40.783195,40.983768,40.649479,40.983768,20.499914,7071818
2005-08-23,40.983768,41.117481,40.916908,41.050625,20.533354,9992981
2005-08-24,40.983768,40.983768,40.649479,40.850052,20.433029,11987063739
2005-08-25,40.649479,40.850052,40.448906,40.649479,20.332701,14882570
2005-08-26,40.649479,40.916908,40.582619,40.916908,20.466473,6178713
2005-08-29,40.850052,40.916908,40.515762,40.649479,20.332701,12631359
2005-08-30,41.31805,41.31805,40.649479,40.716335,20.366148,9866882
2005-08-31,40.649479,40.983768,40.649479,40.983768,20.499914,10082270056
2005-09-01,40.983768,40.983768,40.983768,40.983768,20.499914,0
2005-09-02,40.983768,41.78606,40.983768,41.652344,20.83433,21958830747
2005-09-05,41.719196,41.986633,41.719196,41.852917,20.934658,17299499
2005-09-06,41.919777,41.986633,41.451771,41.719196,20.867771,6851089
2005-09-07,41.852917,41.919777,41.518623,41.518623,20.767447,11063893
2005-09-08,41.518623,41.78606,41.451771,41.78606,20.901215,10959114
2005-09-09,41.585487,41.719196,41.117481,41.251198,20.633682,18852880
2005-09-12,41.184334,41.31805,41.050625,41.31805,20.667122,9838847
2005-09-13,41.117481,41.451771,41.050625,41.384914,20.700567,15593649
2005-09-14,41.251198,41.585487,41.184334,41.251198,20.633682,16300968
2005-09-15,40.850052,41.451771,40.850052,41.31805,20.667122,13181725
2005-09-16,41.31805,41.518623,41.251198,41.451771,20.734005,12712136
2005-09-19,41.384914,41.652344,41.384914,41.652344,20.83433,14348631
2005-09-20,41.518623,41.719196,41.31805,41.518623,20.767447,24009839
2005-09-21,41.518623,41.852917,41.518623,41.719196,20.867771,12547930
2005-09-22,41.451771,41.518623,40.515762,40.783195,20.399586,42737362
2005-09-23,40.582619,40.983768,40.582619,40.649479,20.332701,41280898
2005-09-26,40.649479,40.916908,40.582619,40.649479,20.332701,22621531
2005-09-27,40.448906,40.582619,40.047756,40.515762,20.26582,13689662
2005-09-28,40.716335,40.716335,40.181473,40.515762,20.26582,5037072
2005-09-29,42.670517,43.09161,42.530155,43.021427,21.519144,17384855
2005-09-30,43.021427,43.442516,42.7407,43.442516,21.729771,14473843
2005-10-03,43.231972,43.653065,42.951244,43.653065,21.835085,12654282
2005-10-04,43.793427,43.863609,43.372337,43.512699,21.764872,17926306
2005-10-05,43.512699,43.582882,42.881065,43.302155,21.659557,11417494
2005-10-06,43.161793,43.161793,42.600334,42.670517,21.343618,18808301
2005-10-07,42.7407,42.881065,42.530155,42.7407,21.378725,5397412
2005-10-10,40.716335,40.716335,40.716335,40.716335,20.366148,0
2005-10-11,42.881065,43.372337,42.810883,43.302155,21.659557,8918269
2005-10-12,43.442516,43.512699,43.231972,43.442516,21.729771,17229544
2005-10-13,43.161793,43.512699,42.881065,43.442516,21.729771,17920607
2005-10-14,43.442516,43.653065,43.372337,43.512699,21.764872,16242108
2005-10-17,43.442516,43.512699,42.7407,43.021427,21.519144,10142234
2005-10-18,42.810883,43.231972,42.810883,42.951244,21.484034,15904414
2005-10-19,42.951244,43.021427,41.547611,41.547611,20.781944,28581494
2005-10-20,41.547611,41.828339,40.565063,41.828339,20.922363,35147301
2005-10-21,41.407246,41.758156,41.126518,41.687973,20.852154,13369567
2005-10-24,41.828339,41.898518,40.845791,41.056335,20.536213,12742624
2005-10-25,41.407246,41.758156,40.845791,40.845791,20.430893,9991197
2005-10-26,40.915974,42.038883,40.915974,41.898518,20.957466,16735114
2005-10-27,41.898518,41.9687,41.337063,41.337063,20.676632,5264899
2005-10-28,41.337063,41.758156,41.056335,41.056335,20.536213,9187570
2005-10-31,41.266884,41.9687,41.266884,41.407246,20.711733,8951041
2005-11-01,41.477428,42.249428,41.477428,41.9687,20.992569,13170085
2005-11-02,42.109062,42.319611,42.038883,42.319611,21.168095,23409211
2005-11-03,42.319611,42.810883,42.109062,42.810883,21.41383,13802728
2005-11-04,42.810883,42.951244,42.530155,42.670517,21.343618,8383943
2005-11-07,42.459972,42.530155,41.547611,41.61779,20.817045,13009075
2005-11-08,41.61779,42.179245,41.547611,41.9687,20.992569,10699359
2005-11-09,41.898518,42.810883,41.898518,42.810883,21.41383,16780710
2005-11-10,42.179245,42.7407,42.109062,42.670517,21.343618,15441330
2005-11-11,42.810883,42.810883,42.179245,42.810883,21.41383,19057654
2005-11-14,42.7407,42.810883,42.600334,42.810883,21.41383,9501042
2005-11-15,42.7407,42.810883,42.179245,42.7407,21.378725,8341196
2005-11-16,42.249428,42.810883,41.9687,42.38979,21.203201,8274227
2005-11-17,41.9687,42.38979,41.196701,41.266884,20.641527,17819441
2005-11-18,41.758156,42.038883,41.547611,42.038883,21.027679,28694059
2005-11-21,41.828339,41.9687,41.407246,41.687973,20.852154,9169047
2005-11-22,41.407246,42.109062,41.337063,42.038883,21.027679,16648196
2005-11-23,42.249428,42.459972,42.038883,42.319611,21.168095,17829415
2005-11-24,42.319611,42.319611,41.898518,42.109062,21.062782,9481094
2005-11-25,42.249428,42.319611,41.898518,41.9687,20.992569,5016972
2005-11-28,41.9687,42.810883,41.898518,42.670517,21.343618,25200274
2005-11-29,42.7407,42.810883,42.319611,42.319611,21.168095,13282650
2005-11-30,42.670517,42.670517,42.249428,42.600334,21.308506,8014901
2005-12-01,42.530155,42.810883,42.38979,42.7407,21.378725,16172289
2005-12-02,42.7407,43.161793,42.7407,43.161793,21.58935,15348714
2005-12-05,43.161793,43.231972,42.670517,43.231972,21.624454,12555966
2005-12-06,43.231972,43.512699,43.161793,43.512699,21.764872,25689005
2005-12-07,43.442516,43.512699,43.09161,43.161793,21.58935,15991331
2005-12-08,42.670517,42.810883,41.547611,41.828339,20.922363,28397686
2005-12-09,42.38979,42.38979,41.547611,41.758156,20.88726,19372551
2005-12-12,41.407246,41.898518,41.196701,41.828339,20.922363,11769437
2005-12-13,41.828339,42.179245,41.547611,42.038883,21.027679,11833556
2005-12-14,41.9687,41.9687,41.407246,41.407246,20.711733,7094434
2005-12-15,41.407246,41.547611,41.266884,41.337063,20.676632,7973580
2005-12-16,41.687973,42.109062,41.687973,42.109062,21.062782,18861022
2005-12-19,42.109062,42.459972,41.9687,42.459972,21.238304,13197158
2005-12-20,42.459972,42.530155,42.038883,42.459972,21.238304,8986663
2005-12-21,41.9687,42.459972,41.9687,42.109062,21.062782,18168534
2005-12-22,40.114639,40.448906,39.64661,39.71347,19.864513,6962548410
2005-12-23,41.828339,41.9687,41.407246,41.758156,20.88726,12007390
2005-12-26,40.649479,40.983768,40.248329,40.248329,20.132051,20554104218
2005-12-27,42.249428,42.38979,42.109062,42.249428,21.132992,5702335
2005-12-28,42.109062,42.670517,41.898518,42.530155,21.273413,15740553
2005-12-29,42.319611,42.7407,42.179245,42.670517,21.343618,24262709
2005-12-30,42.459972,42.459972,41.61779,41.758156,20.88726,20887189
2006-01-02,41.407246,41.758156,41.266884,41.407246,20.711733,5800651
2006-01-03,41.407246,41.687973,41.056335,41.687973,20.852154,12916458
2006-01-04,42.109062,42.109062,41.266884,41.898518,20.957466,17034337
2006-01-05,41.9687,42.319611,41.898518,42.319611,21.168095,20823070
2006-01-06,42.459972,42.600334,42.109062,42.38979,21.203201,19140296
2006-01-09,41.266884,42.38979,41.266884,41.61779,20.817045,24747165
2006-01-10,41.61779,42.038883,41.477428,42.038883,21.027679,13644568
2006-01-11,42.038883,42.951244,41.898518,42.810883,21.41383,34897949
2006-01-12,43.021427,43.863609,42.951244,43.863609,21.940397,49014149
2006-01-13,43.723244,43.863609,43.372337,43.653065,21.835085,18601695
2006-01-16,43.161793,43.442516,42.881065,42.951244,21.484034,10187830
2006-01-17,42.810883,43.161793,42.249428,42.530155,21.273413,21920221
2006-01-18,42.459972,42.459972,41.547611,41.61779,20.817045,22078381
2006-01-19,41.61779,41.758156,41.056335,41.477428,20.746841,18801177
2006-01-20,41.898518,41.9687,41.266884,41.337063,20.676632,9703373
2006-01-23,41.196701,41.61779,41.056335,41.056335,20.536213,12728375
2006-01-24,41.056335,41.687973,41.056335,41.196701,20.606421,13654542
2006-01-25,41.266884,41.758156,41.266884,41.758156,20.88726,12772546
2006-02-03,42.38979,44.214516,42.109062,43.161793,21.58935,58647705
2006-02-06,43.231972,44.425064,43.09161,44.425064,22.221233,41889793
2006-02-07,44.425064,44.425064,43.863609,44.144337,22.08082,29799759
2006-02-08,44.144337,44.565426,43.582882,44.214516,22.115919,30576314
2006-02-09,44.214516,44.425064,44.003971,44.214516,22.115919,22015687
2006-02-10,44.214516,44.425064,43.863609,44.284698,22.151028,25019316
2006-02-13,44.284698,44.495243,43.863609,44.003971,22.010607,12742624
2006-02-14,43.863609,43.933788,43.021427,43.512699,21.764872,21801956
2006-02-15,43.512699,43.582882,43.161793,43.582882,21.799976,10734980
2006-02-16,43.793427,43.863609,43.372337,43.512699,21.764872,22793667
2006-02-17,43.582882,44.074154,43.512699,44.074154,22.045712,10497027
2006-02-20,44.003971,44.214516,43.863609,44.144337,22.08082,16900399
2006-02-21,44.144337,44.144337,43.512699,43.793427,21.905294,17272290
2006-02-22,43.793427,43.863609,43.09161,43.231972,21.624454,22723848
2006-02-23,43.231972,43.793427,43.231972,43.582882,21.799976,13759982
2006-02-24,43.512699,43.933788,43.372337,43.863609,21.940397,24469315
2006-02-27,43.863609,44.074154,43.723244,43.933788,21.975502,16415942
2006-03-01,43.302155,43.512699,43.231972,43.302155,21.659557,22219443
2006-03-02,43.231972,43.372337,43.021427,43.021427,21.519144,18172809
2006-03-03,42.810883,43.021427,42.810883,42.810883,21.41383,14553636
2006-03-06,42.810883,43.09161,42.7407,42.951244,21.484034,7984979
2006-03-07,42.810883,42.810883,42.109062,42.109062,21.062782,20773199
2006-03-08,41.758156,42.249428,41.407246,41.407246,20.711733,30304164
2006-03-09,41.61779,42.109062,41.61779,42.038883,21.027679,14570734
2006-03-10,41.547611,42.249428,41.547611,41.828339,20.922363,12432002
2006-03-13,41.828339,42.109062,41.61779,41.9687,20.992569,10920214
2006-03-14,41.898518,41.9687,41.056335,41.056335,20.536213,36563623
2006-03-15,41.407246,41.687973,41.196701,41.266884,20.641527,23650014
2006-03-16,41.407246,41.687973,41.126518,41.196701,20.606421,14282910
2006-03-17,41.196701,41.687973,41.056335,41.687973,20.852154,10943012
2006-03-20,41.477428,41.687973,41.407246,41.547611,20.781944,8369694
2006-03-21,41.407246,41.477428,41.126518,41.196701,20.606421,12008815
2006-03-22,41.196701,41.407246,40.986156,41.126518,20.571312,16688093
2006-03-23,41.687973,41.687973,41.056335,41.407246,20.711733,12615811
2006-03-24,41.407246,41.477428,40.915974,41.266884,20.641527,15904414
2006-03-27,41.126518,41.407246,40.915974,40.986156,20.50111,9320083
2006-03-28,40.915974,40.986156,40.705429,40.775612,20.395794,16574103
2006-03-29,40.775612,40.775612,40.214157,40.28434,20.150063,28597168
2006-03-30,40.28434,40.494884,40.073792,40.494884,20.255377,48885911
2006-03-31,40.494884,40.986156,40.494884,40.705429,20.360693,27088229
2006-04-03,40.565063,40.705429,40.28434,40.354519,20.185165,30117505
2006-04-04,40.705429,41.547611,40.705429,41.337063,20.676632,27153773
2006-04-06,41.547611,41.61779,40.775612,41.477428,20.746841,35078908
2006-04-07,41.337063,41.758156,41.056335,41.547611,20.781944,11598452
2006-04-10,41.407246,41.898518,41.126518,41.758156,20.88726,19784338
2006-04-11,41.758156,41.758156,41.337063,41.477428,20.746841,14248713
2006-04-12,41.266884,41.61779,40.986156,41.407246,20.711733,24054678
2006-04-13,41.547611,42.179245,41.547611,42.179245,21.097885,24282657
2006-04-14,42.459972,42.810883,42.38979,42.7407,21.378725,19398198
2006-04-17,42.600334,44.214516,42.600334,44.144337,22.08082,38243547
2006-04-18,44.144337,44.284698,43.09161,44.074154,22.045712,33806497
2006-04-19,44.214516,44.284698,43.863609,43.863609,21.940397,23969186
2006-04-20,44.074154,44.495243,44.074154,44.495243,22.256342,26469835
2006-04-21,44.495243,44.565426,44.074154,44.074154,22.045712,14148972
2006-04-24,44.003971,45.056698,43.863609,44.495243,22.256342,30428127
2006-04-25,44.77597,46.109425,44.77597,45.618153,22.818014,52738763
2006-04-26,45.969063,48.074516,45.056698,47.863968,23.94136,71394604
2006-04-27,48.425423,51.162514,48.425423,50.390514,25.20513,180294672
2006-04-28,50.390514,51.092331,49.688698,50.17997,25.099813,86137748
2006-05-02,49.969421,50.671242,49.267605,50.109787,25.064713,71182298
2006-05-03,50.17997,50.741421,50.17997,50.390514,25.20513,65817657
2006-05-04,50.460693,53.899601,49.899242,53.267967,26.644421,121446060
2006-05-05,53.338146,54.531239,52.495968,52.98724,26.504,96861330
2006-05-08,53.338146,54.601421,53.338146,54.601421,27.311407,61107033
2006-05-09,54.601421,54.601421,51.86433,53.267967,26.644421,56057289
2006-05-10,53.759239,55.092693,51.934513,53.127602,26.574205,75456912
2006-05-11,51.934513,53.478512,51.86433,53.478512,26.749727,39253781
2006-05-12,52.63633,53.338146,52.63633,53.197784,26.609312,31218931
2006-05-15,52.004696,52.98724,51.232697,51.583603,25.801907,32790564
2006-05-16,51.794147,51.794147,49.618515,49.82906,24.924292,51000420
2006-05-17,50.17997,51.022148,50.039604,50.530876,25.275337,36644841
2006-05-18,47.335247,48.003841,47.134678,47.46896,23.743782,36007824407
2006-05-19,47.46896,49.675262,47.335247,49.407833,24.713596,30790771
2006-05-22,51.86433,52.004696,50.250149,50.390514,25.20513,34688493
2006-05-23,50.17997,50.881786,49.548332,49.548332,24.783878,30180200
2006-05-24,49.688698,50.671242,48.70615,49.478149,24.74877,40805466
2006-05-25,49.82906,51.022148,49.688698,50.530876,25.275337,42948472
2006-05-26,51.092331,51.583603,50.601059,50.881786,25.450861,34628648
2006-05-29,48.739277,49.006691,48.137539,48.471813,24.245403,21512857410
2006-05-30,51.162514,51.443241,50.530876,50.881786,25.450861,20493924
2006-06-01,49.688698,51.302876,49.618515,51.162514,25.59128,36730333
2006-06-02,50.530876,52.917057,50.530876,52.776695,26.398687,44497307
2006-06-05,52.706512,52.98724,49.82906,50.390514,25.20513,31126314
2006-06-06,50.390514,51.794147,50.250149,51.302876,25.661488,31699113
2006-06-07,50.881786,51.092331,50.17997,50.17997,25.099813,30993801
2006-06-08,49.899242,49.969421,48.144695,48.285061,24.151993,42803135
2006-06-09,49.618515,49.758877,47.793789,49.407967,24.713663,33742378
2006-06-12,48.495605,49.05706,48.144695,48.776333,24.397722,20684857
2006-06-13,48.565788,48.776333,48.004333,48.074516,24.046679,23238227
2006-06-14,48.074516,50.109787,47.723606,49.127239,24.57324,43827618
2006-06-15,49.688698,49.688698,48.916695,48.986877,24.503038,22404677
2006-06-16,49.82906,51.934513,49.82906,51.162514,25.59128,44210908
2006-06-19,51.232697,51.653786,50.881786,51.022148,25.521076,25868539
2006-06-20,51.022148,51.232697,48.776333,49.127239,24.57324,29761288
2006-06-21,48.70615,49.548332,48.425423,48.635967,24.327513,26082270
2006-06-22,49.688698,50.250149,49.127239,49.478149,24.74877,18752731
2006-06-23,49.337788,49.337788,48.285061,48.986877,24.503038,17048585
2006-06-26,48.986877,49.478149,48.635967,48.776333,24.397722,18935115
2006-06-27,48.986877,49.618515,48.776333,49.05706,24.538141,36844323
2006-06-28,48.495605,48.635967,47.863968,48.144695,24.081778,29169966
2006-06-29,48.425423,48.916695,48.144695,48.70615,24.362616,47801584
2006-06-30,49.618515,49.82906,49.337788,49.688698,24.85408,35631758
2006-07-03,50.109787,50.390514,49.407967,50.17997,25.099813,23803900
2006-07-04,50.390514,50.741421,50.039604,50.17997,25.099813,24076051
2006-07-05,50.17997,50.741421,49.82906,50.17997,25.099813,15841719
2006-07-06,49.548332,49.758877,48.70615,49.127239,24.57324,27135250
2006-07-07,48.986877,49.127239,48.846516,49.127239,24.57324,9657778
2006-07-10,48.70615,50.039604,48.565788,49.478149,24.74877,28389136
2006-07-11,49.127239,49.478149,48.776333,48.776333,24.925716,14547936
2006-07-12,49.478149,50.741421,48.986877,50.039604,25.571276,34842379
2006-07-13,50.039604,50.109787,49.548332,49.688698,25.391951,7748450
2006-07-14,49.197422,49.337788,48.355244,48.495605,24.782265,22025661
2006-07-17,48.285061,48.776333,47.302513,47.583241,24.316021,16227859
2006-07-18,47.372696,48.004333,47.372696,47.513062,24.280155,9334332
2006-07-19,48.074516,48.70615,47.513062,47.723606,24.387749,15885890
2006-07-20,48.986877,49.197422,48.425423,49.127239,25.105042,16314777
2006-07-21,49.05706,49.82906,48.495605,49.82906,25.463684,13641718
2006-07-24,49.267605,50.250149,49.127239,50.250149,25.678865,14268661
2006-07-25,50.390514,50.881786,50.320332,50.741421,25.92992,19438095
2006-07-26,48.271233,48.471813,47.936958,48.003841,24.530962,15509060767
2006-07-27,48.003841,48.137539,47.268387,47.669567,24.36014,22532934216
2006-07-28,49.82906,50.109787,49.267605,49.618515,25.356098,14482392
2006-07-31,49.899242,49.899242,48.916695,49.127239,25.105042,11686794
2006-08-01,49.478149,49.548332,49.127239,49.267605,25.176765,8553502
2006-08-02,49.618515,50.109787,49.267605,50.039604,25.571276,9560886
2006-08-03,49.82906,50.039604,49.407967,49.688698,25.391951,8376818
2006-08-04,49.82906,50.109787,49.478149,49.969421,25.53541,12392106
2006-08-07,50.039604,50.109787,49.618515,49.758877,25.427822,13804153
2006-08-08,50.096424,50.685795,50.096424,50.685795,25.901491,11890669
2006-08-09,50.612122,50.612122,49.580727,50.243767,25.675611,19648108
2006-08-10,50.096424,50.464779,49.728069,49.949081,25.525019,16215289
2006-08-11,50.096424,50.170094,49.875408,50.022751,25.562664,7063817
2006-08-14,50.022751,50.833138,49.875408,50.317436,25.713251,9124323
2006-08-15,50.317436,50.391109,48.549328,48.991356,25.035601,24758653
2006-08-16,49.507053,49.507053,48.475658,49.065025,25.073254,43430804
2006-08-17,48.770344,49.138699,48.475658,48.770344,24.922657,25197087
2006-08-18,48.770344,49.138699,48.770344,48.917683,24.997955,15740205
2006-08-21,48.917683,48.917683,47.886288,47.886288,24.470881,16854616
2006-08-22,47.886288,48.622997,47.886288,48.622997,24.847363,15624827
2006-08-23,48.696671,48.696671,46.928562,48.1073,24.58383,27668881
2006-08-24,48.180973,48.180973,47.44426,47.517933,24.282646,13242621
2006-08-25,47.591602,48.180973,47.002232,47.223248,24.132057,13672912
2006-08-28,47.517933,47.517933,46.486534,46.486534,23.755589,12580219
2006-08-29,46.486534,46.633877,45.381466,45.602482,23.303816,21281039
2006-08-30,45.528809,46.412865,45.528809,46.044506,23.529699,18130555
2006-08-31,46.339191,47.296917,46.339191,46.339191,23.680288,23796269
2006-09-01,46.781219,47.296917,46.781219,47.075905,24.056763,18088476
2006-09-04,47.296917,47.959957,47.223248,47.812614,24.433237,12054912
2006-09-05,47.886288,48.917683,47.886288,48.696671,24.88501,29539353
2006-09-06,48.696671,48.770344,48.1073,48.475658,24.772068,21686897
2006-09-07,48.1073,48.254642,47.738945,47.886288,24.470881,8414412
2006-09-08,47.738945,47.812614,47.149574,47.665276,24.357943,9914320
2006-09-11,47.738945,48.991356,47.075905,47.223248,24.132057,23409415
2006-09-12,47.738945,47.812614,46.928562,46.928562,23.981474,5132262
2006-09-13,47.149574,47.296917,46.928562,47.075905,24.056763,8653312
2006-09-14,47.149574,47.37059,45.823494,46.339191,23.680288,14864693
2006-09-15,46.339191,47.296917,46.339191,47.223248,24.132057,17631038
2006-09-18,47.886288,48.401985,47.812614,48.180973,24.621477,25140077
2006-09-19,48.401985,48.401985,47.812614,47.959957,24.508528,17876725
2006-09-20,47.591602,47.959957,47.37059,47.738945,24.395596,12558501
2006-09-21,47.886288,48.03363,47.296917,48.03363,24.546181,13918598
2006-09-22,47.886288,48.254642,47.591602,48.03363,24.546181,7120827
2006-09-25,48.180973,48.549328,47.886288,48.401985,24.734421,14233510
2006-09-26,48.549328,48.770344,48.180973,48.401985,24.734421,13212759
2006-09-27,48.770344,48.917683,48.549328,48.696671,24.88501,23770479
2006-09-28,48.696671,48.917683,48.1073,48.549328,24.809717,22737511
2006-09-29,48.770344,48.917683,48.549328,48.844013,24.960304,19065791
2006-10-02,48.991356,49.728069,48.991356,49.433384,25.261484,45654196
2006-10-03,49.433384,49.507053,49.065025,49.065025,25.073254,23416202
2006-10-04,48.844013,49.138699,48.254642,48.254642,24.659128,14290520
2006-10-05,48.475658,49.065025,48.475658,48.770344,24.922657,28616333
2006-10-09,48.770344,48.770344,48.770344,48.770344,24.922657,0
2006-10-11,48.622997,48.917683,48.401985,48.475658,24.772068,17438290
2006-10-12,48.844013,48.844013,48.254642,48.475658,24.772068,10355469
2006-10-13,48.844013,48.844013,48.328316,48.770344,24.922657,15578676
2006-10-16,49.359711,50.022751,49.138699,49.728069,25.412073,57520432
2006-10-17,49.507053,49.507053,48.401985,48.475658,24.772068,20313226
2006-10-18,48.254642,48.622997,48.1073,48.254642,24.659128,10436912
2006-10-19,47.886288,48.03363,47.517933,47.886288,24.470881,17485798
2006-10-20,47.886288,48.1073,47.738945,47.738945,24.395596,10408407
2006-10-23,47.591602,48.401985,47.591602,47.959957,24.508528,14084198
2006-10-24,48.475658,48.549328,48.03363,48.328316,24.696774,19720050
2006-10-25,47.959957,48.328316,47.738945,47.738945,24.395596,14107274
2006-10-26,47.886288,48.03363,47.812614,47.886288,24.470881,36820352
2006-10-27,47.886288,48.180973,47.886288,47.959957,24.508528,24552331
2006-10-30,47.812614,47.959957,47.44426,47.44426,24.244999,21617670
2006-10-31,47.517933,47.738945,47.075905,47.517933,24.282646,12331818
2006-11-01,47.738945,47.738945,47.149574,47.149574,24.094412,8111716
2006-11-02,47.149574,47.665276,46.781219,47.665276,24.357943,10449129
2006-11-03,47.223248,47.959957,47.223248,47.886288,24.470881,19444501
2006-11-06,47.37059,47.886288,47.223248,47.37059,24.207355,8232523
2006-11-07,47.812614,48.254642,47.517933,48.180973,24.621477,11615120
2006-11-08,48.401985,48.401985,48.1073,48.180973,24.621477,17044649
2006-11-09,48.180973,49.801739,48.03363,48.622997,24.847363,43068383
2006-11-10,48.844013,49.212368,48.401985,48.844013,24.960304,14552495
2006-11-13,48.844013,48.844013,48.180973,48.475658,24.772068,15434794
2006-11-14,48.770344,49.507053,48.622997,49.212368,25.14854,18191637
2006-11-15,49.359711,49.433384,48.770344,49.138699,25.110893,8780906
2006-11-16,49.212368,49.359711,48.917683,49.138699,25.110893,12554429
2006-11-17,49.359711,49.507053,49.212368,49.286041,25.186192,17755918
2006-11-20,49.359711,49.433384,48.622997,49.065025,25.073254,29704954
2006-11-21,48.622997,49.286041,48.622997,49.138699,25.110893,13918598
2006-11-22,49.138699,49.580727,48.917683,49.286041,25.186192,14343458
2006-11-23,49.359711,49.801739,49.138699,49.728069,25.412073,28297349
2006-11-24,49.949081,50.096424,49.728069,50.096424,25.600315,13894165
2006-11-27,50.096424,50.612122,50.096424,50.317436,25.713251,31988071
2006-11-28,50.096424,50.096424,49.949081,50.022751,25.562664,20055323
2006-11-29,50.391109,51.64352,50.391109,51.127823,26.127378,36592312
2006-11-30,51.64352,54.074669,51.64352,53.779984,27.482689,53939658
2006-12-01,53.706314,53.779984,52.969601,53.779984,27.482689,27200584
2006-12-04,53.632641,54.074669,53.04327,53.411629,27.294445,17834646
2006-12-05,53.706314,54.148338,53.116943,53.485298,27.332094,19266684
2006-12-06,53.190617,54.000999,53.190617,54.000999,27.595633,13313205
2006-12-07,53.927326,56.726833,53.927326,56.137463,28.687408,54577627
2006-12-08,55.916451,55.916451,54.516697,55.253407,28.235632,24901178
2006-12-11,55.106068,55.179737,52.895931,53.264286,27.219158,22599058
2006-12-12,53.264286,53.264286,50.685795,50.906807,26.014437,46193077
2006-12-13,50.906807,51.938206,50.464779,51.938206,26.541498,29907204
2006-12-14,51.938206,52.011875,51.569847,51.938206,26.541498,19747197
2006-12-15,52.085545,52.969601,52.085545,52.601246,26.880329,27501923
2006-12-18,53.190617,53.706314,52.601246,53.411629,27.294445,22035744
2006-12-19,53.632641,53.706314,53.116943,53.116943,27.14386,14266088
2006-12-20,53.337955,53.485298,53.190617,53.337955,27.256802,11991115
2006-12-21,53.264286,53.411629,52.822258,53.116943,27.14386,12349464
2006-12-22,52.822258,53.116943,52.748589,53.04327,27.106205,4083005
2006-12-25,53.04327,53.632641,52.895931,53.190617,27.181511,3340517
2006-12-26,53.190617,54.295685,52.969601,54.148338,27.670925,18070830
2006-12-27,54.148338,54.737709,53.632641,53.632641,27.407391,15596512
2006-12-28,53.632641,54.074669,53.337955,53.411629,27.294445,7924397936
2006-12-29,53.411629,54.737709,53.411629,54.516697,27.859165,10497994
2007-01-02,54.66404,56.579491,54.516697,55.99012,28.612112,28116817
2007-01-03,56.284805,57.905571,56.137463,56.947845,29.101532,38637887
2007-01-04,56.874176,57.095188,56.211136,56.874176,29.063881,27666166
2007-01-05,56.726833,56.800503,55.916451,55.916451,28.574472,24525183
2007-01-08,55.253407,55.253407,54.295685,54.443024,27.82152,30816650
2007-01-09,54.590366,55.474422,54.590366,55.106068,28.160339,10930999
2007-01-10,54.590366,54.590366,52.601246,53.264286,27.219158,34906443
2007-01-11,52.748589,53.190617,52.38023,52.895931,27.030918,32201180
2007-01-12,53.411629,54.000999,53.116943,53.927326,27.55798,25188943
2007-01-15,54.074669,54.148338,53.04327,53.632641,27.407391,15050655
2007-01-16,53.116943,53.779984,53.116943,53.632641,27.407391,17028361
2007-01-17,53.632641,53.927326,53.04327,53.411629,27.294445,13519527
2007-01-18,53.411629,54.148338,52.822258,54.148338,27.670925,22058819
2007-01-19,53.632641,54.222012,53.632641,53.779984,27.482689,10078563
2007-01-22,54.737709,56.063793,53.558971,55.99012,28.612112,34648540
2007-01-23,55.99012,55.99012,55.179737,55.400749,28.310934,14517203
2007-01-24,55.916451,56.063793,55.548092,55.99012,28.612112,24188552
2007-01-25,55.99012,56.211136,55.474422,55.621765,28.423872,7572835
2007-01-26,54.885052,55.548092,54.222012,54.295685,27.746222,15046582
2007-01-29,54.222012,54.66404,53.632641,53.927326,27.55798,12068486
2007-01-30,53.853657,54.516697,53.558971,54.074669,27.63328,11442732
2007-01-31,54.516697,54.516697,53.485298,53.779984,27.482689,19325051
2007-02-01,54.000999,54.958725,54.000999,54.222012,27.708572,13735351
2007-02-02,54.222012,55.032394,54.222012,54.516697,27.859165,17700265
2007-02-05,54.516697,54.516697,53.706314,53.779984,27.482689,26452666
2007-02-06,53.558971,54.443024,53.485298,54.148338,27.670925,21992308
2007-02-07,53.779984,54.148338,53.411629,53.558971,27.369751,24734220
2007-02-08,53.485298,54.000999,53.116943,53.632641,27.407391,18350451
2007-02-09,53.853657,54.443024,53.558971,54.369354,27.783871,15760566
2007-02-12,54.074669,54.369354,53.558971,54.369354,27.783871,7196841
2007-02-13,54.516697,54.516697,53.779984,53.927326,27.55798,9652345
2007-02-14,54.590366,54.66404,53.779984,54.148338,27.670925,16695802
2007-02-26,55.106068,55.106068,53.411629,53.558971,27.369751,37493614
2007-02-27,53.558971,54.000999,53.04327,53.04327,27.106205,25764473
2007-03-01,51.64352,52.306561,51.05415,51.127823,26.127378,47589823
2007-03-02,50.980476,51.348835,50.612122,50.906807,26.014437,21137157
2007-03-05,50.980476,50.980476,48.991356,48.991356,25.035601,29429405
2007-03-06,49.286041,49.580727,48.991356,49.359711,25.223839,26825946
2007-03-07,49.654396,49.654396,48.622997,48.844013,24.960304,33627789
2007-03-08,49.433384,49.801739,48.991356,49.507053,25.299128,21500935
2007-03-09,49.728069,49.801739,49.138699,49.728069,25.412073,16469119
2007-03-12,49.728069,49.875408,49.212368,49.801739,25.44972,10917425
2007-03-13,49.875408,50.022751,49.433384,49.433384,25.261484,17510231
2007-03-14,48.991356,48.991356,47.665276,47.886288,24.470881,49215967
2007-03-15,48.03363,49.065025,48.03363,49.065025,25.073254,16861403
2007-03-16,49.286041,49.801739,48.844013,49.580727,25.336781,20936264
2007-03-19,50.096424,50.833138,49.801739,50.538452,25.826197,32179462
2007-03-20,51.05415,51.938206,50.980476,51.569847,26.353262,41272566
2007-03-21,51.569847,51.790863,51.201492,51.569847,26.353262,13634905
2007-03-22,51.938206,52.159218,51.64352,51.64352,26.390907,26052238
2007-03-23,51.864532,52.085545,51.275162,51.864532,26.503851,16421611
2007-03-26,51.938206,52.232887,50.170094,50.833138,25.976788,19919585
2007-03-27,50.833138,51.71719,50.833138,51.201492,26.165026,24318861
2007-03-28,50.906807,51.275162,50.464779,50.612122,25.863846,10599798
2007-03-29,50.464779,50.685795,50.170094,50.391109,25.750906,17143738
2007-03-30,50.538452,50.980476,49.728069,50.612122,25.863846,14210435
2007-04-02,50.022751,50.464779,49.801739,49.949081,25.525019,14504987
2007-04-03,49.949081,50.612122,49.801739,50.612122,25.863846,14727598
2007-04-04,51.127823,51.790863,50.980476,50.980476,26.052078,38263249
2007-04-09,51.422504,51.64352,50.906807,51.201492,26.165026,18852682
2007-04-10,51.201492,51.422504,50.833138,51.422504,26.277966,14194146
2007-04-11,51.938206,52.453903,51.864532,52.38023,26.767385,31333813
2007-04-12,51.790863,51.938206,51.422504,51.569847,26.353262,18289369
2007-04-13,50.906807,51.569847,50.464779,50.685795,25.901491,16064619
2007-04-16,50.833138,51.201492,50.243767,50.833138,25.976788,27533142
2007-04-17,50.980476,51.790863,50.833138,50.980476,26.052078,21202311
2007-04-18,50.980476,51.496178,50.980476,51.275162,26.202671,9023877
2007-04-19,51.201492,51.201492,50.317436,50.464779,25.788546,28906813
2007-04-20,51.201492,51.201492,50.317436,51.127823,26.127378,18061329
2007-04-23,51.422504,51.71719,51.348835,51.71719,26.428555,19500154
2007-04-24,50.906807,51.496178,50.906807,51.201492,26.165026,10905209
2007-04-25,50.833138,50.906807,50.317436,50.464779,25.788546,19424140
2007-04-26,50.833138,51.201492,50.538452,50.538452,25.826197,16253295
2007-04-27,51.127823,51.127823,50.317436,50.317436,25.713251,10462702
2007-04-30,50.759464,50.759464,49.212368,49.949081,25.525019,24147831
2007-05-02,49.728069,50.022751,49.359711,49.359711,25.223839,9940110
2007-05-03,50.317436,51.864532,50.317436,51.201492,26.165026,48987927
2007-05-04,51.64352,54.074669,51.64352,53.779984,27.482689,74293606
2007-05-07,54.369354,54.369354,53.632641,53.779984,27.482689,35672007
2007-05-08,53.632641,53.779984,52.969601,53.116943,27.14386,16093124
2007-05-09,52.748589,53.337955,52.38023,52.748589,26.955624,20805956
2007-05-10,53.116943,53.190617,52.453903,52.674915,26.917974,17770849
2007-05-11,52.527573,52.527573,51.864532,52.232887,26.692091,13976965
2007-05-14,52.674915,52.822258,52.306561,52.527573,26.842674,26088888
2007-05-15,52.822258,52.822258,51.64352,52.011875,26.579147,15875943
2007-05-16,53.632641,53.632641,52.159218,52.306561,26.729738,10291672
2007-05-17,52.822258,52.822258,52.306561,52.38023,26.767385,10776258
2007-05-18,52.38023,52.38023,51.496178,51.790863,26.466206,21010920
2007-05-21,52.011875,52.674915,51.496178,52.306561,26.729738,19164880
2007-05-22,52.232887,52.674915,51.938206,52.232887,26.692091,12451267
2007-05-23,52.674915,53.337955,52.601246,53.264286,27.219158,26741788
2007-05-24,53.264286,53.485298,52.969601,53.116943,27.14386,13045801
2007-05-25,52.748589,52.748589,51.71719,52.085545,26.616795,18172634
2007-05-28,52.011875,52.085545,51.790863,51.938206,26.541498,12166217
2007-05-29,52.011875,52.748589,51.938206,52.601246,26.880329,15502663
2007-05-30,51.790863,52.38023,51.71719,52.159218,26.654442,20233140
2007-05-31,52.38023,52.38023,51.348835,51.348835,26.240318,27734035
2007-06-01,51.569847,52.159218,51.422504,51.64352,26.390907,33190712
2007-06-04,51.938206,52.011875,51.127823,51.201492,26.165026,19695617
2007-06-05,51.496178,51.790863,50.906807,50.980476,26.052078,14688233
2007-06-06,51.201492,51.864532,51.201492,51.422504,26.277966,18187565
2007-06-07,51.496178,52.306561,51.422504,52.159218,26.654442,13436727
2007-06-08,51.569847,52.38023,51.422504,52.38023,26.767385,21825350
2007-06-11,52.306561,52.674915,51.790863,52.527573,26.842674,26325072
2007-06-12,52.822258,53.190617,52.527573,53.116943,27.14386,33045472
2007-06-13,52.969601,53.04327,52.159218,52.453903,26.805037,22832527
2007-06-14,53.04327,53.116943,52.306561,52.748589,26.955624,24314789
2007-06-15,53.411629,54.811382,53.411629,54.590366,27.896811,64527240
2007-06-20,55.179737,58.347599,54.958725,58.200256,29.741541,136066717
2007-06-21,58.200256,58.200256,56.874176,57.537216,29.402712,64240832
2007-06-22,57.168861,58.052914,57.168861,57.831902,29.553297,30379573
2007-06-25,57.831902,59.673679,57.831902,58.642284,29.967417,48446332
2007-06-26,59.305325,60.410393,59.084312,59.747353,30.532145,52366452
2007-06-27,59.673679,59.673679,57.168861,57.831902,29.553297,43647985
2007-06-28,58.421272,58.863297,57.831902,58.863297,30.080372,22749727
2007-06-29,58.568611,58.715954,57.095188,57.831902,29.553297,44252020
2007-07-02,57.758228,57.758228,57.168861,57.463547,29.365059,26849022
2007-07-03,57.979244,57.979244,57.3162,57.537216,29.402712,31022972
2007-07-04,57.831902,58.789627,57.758228,58.421272,29.854488,39480821
2007-07-05,57.831902,58.568611,57.537216,58.421272,30.430088,33360385
2007-07-06,58.494942,59.305325,57.979244,58.200256,30.314964,30261481
2007-07-09,58.568611,61.88382,58.052914,61.88382,32.233635,61067272
2007-07-10,61.88382,61.957489,60.999763,61.88382,32.233635,33577566
2007-07-11,61.368118,61.515461,60.705078,61.515461,32.041763,29836620
2007-07-12,61.88382,64.314964,61.736477,63.651928,33.154591,41211484
2007-07-13,65.19902,67.040802,64.093956,66.230415,34.497658,52377311
2007-07-16,67.482826,68.514229,65.051682,65.051682,33.883686,53547374
2007-07-17,65.19902,68.145874,64.830666,67.777512,35.303493,44402690
2007-07-18,67.409157,68.514229,66.598778,66.746117,34.766281,47059087
2007-07-19,66.083076,68.366882,65.935738,67.703842,35.265129,46164572
2007-07-20,68.072197,68.072197,66.893463,67.998528,35.418613,24298500
2007-07-23,67.777512,68.145874,67.409157,67.409157,35.111633,18217428
2007-07-24,67.409157,69.1036,67.188148,69.1036,35.994225,33299302
2007-07-25,68.514229,68.587898,66.893463,67.777512,35.303493,31628365
2007-07-26,67.777512,69.471954,67.040802,67.409157,35.111633,31770890
2007-07-27,64.241295,64.683327,62.694202,62.694202,32.655743,76154577
2007-07-30,59.157982,60.705078,59.157982,59.52634,31.005686,67309874
2007-07-31,60.410393,63.651928,60.410393,63.504585,33.077847,77574399
2007-08-01,61.220776,62.031158,59.084312,59.084312,30.775438,86011887
2007-08-02,59.747353,60.336723,55.769108,58.494942,30.468462,91293462
2007-08-03,59.673679,60.557735,58.93697,59.452667,30.967314,48068979
2007-08-06,58.200256,58.789627,57.610886,58.568611,30.50683,33505624
2007-08-07,59.673679,59.968365,57.463547,57.463547,29.931225,37442033
2007-08-08,58.789627,60.410393,58.715954,60.336723,31.42779,32792999
2007-08-09,60.92609,61.220776,59.378998,60.115707,31.312672,28154823
2007-08-10,56.800503,57.610886,56.726833,57.095188,29.739368,54911544
2007-08-13,58.126587,58.126587,57.021519,57.610886,30.007973,31009398
2007-08-14,57.831902,58.93697,57.095188,57.242531,29.816111,31829257
2007-08-15,55.99012,56.137463,53.853657,54.516697,28.396296,73294572
2007-08-16,53.04327,53.337955,51.275162,52.011875,27.0916,100958024
2007-08-17,52.969601,53.632641,51.422504,51.64352,26.899731,63704666
2007-08-20,54.885052,55.253407,54.000999,55.253407,28.780022,49454867
2007-08-21,55.253407,55.32708,53.04327,53.706314,27.974184,37276433
2007-08-22,53.853657,55.032394,53.706314,54.885052,28.588161,31489912
2007-08-23,56.579491,56.65316,55.253407,55.99012,29.163759,57206877
2007-08-24,56.137463,56.211136,54.811382,54.885052,28.588161,26740431
2007-08-27,57.168861,57.168861,54.811382,55.106068,28.703279,42176583
2007-08-28,54.811382,54.885052,52.895931,53.706314,27.974184,44429837
2007-08-29,51.938206,52.232887,51.275162,51.864532,27.014853,79595541
2007-08-30,52.453903,53.04327,52.159218,52.748589,27.475334,52132982
2007-08-31,53.04327,54.222012,52.748589,54.148338,28.204428,63859408
2007-09-03,54.222012,54.222012,52.748589,53.411629,27.820688,32976245
2007-09-04,53.04327,53.485298,52.748589,52.969601,27.590454,31020257
2007-09-05,53.190617,53.411629,52.085545,52.159218,27.168344,43812228
2007-09-06,52.011875,52.674915,51.71719,52.159218,27.168344,46832404
2007-09-07,52.306561,52.895931,52.232887,52.527573,27.360209,28084240
2007-09-10,51.790863,51.938206,51.422504,51.64352,26.899731,42570224
2007-09-11,51.64352,52.601246,51.64352,52.159218,27.168344,18282582
2007-09-12,52.453903,54.000999,52.306561,53.485298,27.859064,59997655
2007-09-13,53.779984,54.000999,52.748589,52.748589,27.475334,27162577
2007-09-14,53.411629,54.590366,53.190617,54.369354,28.31955,44188223
2007-09-17,54.737709,55.032394,53.927326,54.66404,28.47304,39898895
2007-09-18,54.66404,54.66404,54.66404,54.66404,28.47304,0
2007-09-19,56.726833,58.347599,56.211136,57.021519,29.700993,115024577
2007-09-20,57.463547,58.27393,56.726833,57.095188,29.739368,43472883
2007-09-21,57.168861,57.3162,55.695435,55.695435,29.010271,44689097
2007-09-26,55.99012,56.358479,54.958725,56.063793,29.202135,40250457
2007-09-27,55.99012,56.432148,55.32708,56.432148,29.393997,45408510
2007-09-28,57.3162,58.347599,56.726833,56.874176,29.624239,53422495
2007-10-01,58.568611,58.715954,57.3162,57.389874,29.892853,32240544
2007-10-02,58.494942,60.410393,57.831902,60.26305,31.389423,82902124
2007-10-03,60.410393,61.88382,59.747353,61.441792,32.003395,85072579
2007-10-04,61.147106,61.147106,60.484066,60.705078,31.619656,47079448
2007-10-05,61.147106,61.736477,60.115707,60.705078,31.619656,28005511
2007-10-08,61.220776,63.283569,61.147106,62.620529,32.617363,51394566
2007-10-09,62.988888,63.725597,61.88382,61.88382,32.233635,41256277
2007-10-11,62.620529,63.283569,61.441792,61.736477,32.156883,54349587
2007-10-12,61.515461,61.515461,58.642284,59.231655,30.852188,62932316
2007-10-15,59.378998,60.042038,59.010639,60.042038,31.274302,28764288
2007-10-16,59.010639,60.557735,59.010639,59.673679,31.082436,44659235
2007-10-17,59.305325,60.778748,58.568611,59.378998,30.928938,54722867
2007-10-18,59.452667,60.26305,59.010639,59.673679,31.082436,27621372
2007-10-19,59.673679,60.042038,59.157982,59.157982,30.813812,17303909
2007-10-22,56.726833,57.537216,56.726833,57.095188,29.739368,50054830
2007-10-23,57.095188,58.347599,57.095188,58.27393,30.353333,21978734
2007-10-24,59.305325,59.305325,57.758228,57.831902,30.123091,27423194
2007-10-25,58.93697,59.821026,58.568611,59.084312,30.775438,36202743
2007-10-26,59.673679,59.968365,58.863297,59.305325,30.89056,27283384
2007-10-29,59.60001,61.441792,59.60001,61.441792,32.003395,55233243
2007-10-30,61.515461,62.031158,60.852421,61.441792,32.003395,30159677
2007-10-31,61.810146,62.252174,60.92609,61.662804,32.118511,33721448
2007-11-01,62.399517,62.915215,60.705078,61.589134,32.080139,46163215
2007-11-02,60.557735,60.999763,58.93697,58.93697,30.698698,64956173
2007-11-05,59.305325,60.115707,58.93697,59.968365,31.235918,39816095
2007-11-06,59.968365,60.778748,58.347599,58.93697,30.698698,51655183
2007-11-07,60.042038,60.410393,59.231655,59.305325,30.89056,40847705
2007-11-08,57.389874,57.758228,55.842777,56.432148,29.393997,95927565
2007-11-09,56.432148,57.021519,55.769108,56.284805,29.317255,53172737
2007-11-12,55.253407,55.621765,54.369354,54.516697,28.396296,59913497
2007-11-13,54.590366,55.32708,53.927326,55.106068,28.703279,44328034
2007-11-14,56.505817,56.505817,55.695435,56.137463,29.240509,54557267
2007-11-15,56.137463,56.284805,55.32708,56.137463,29.240509,26644057
2007-11-16,55.253407,55.769108,54.66404,55.548092,28.933516,28813154
2007-11-19,55.621765,55.99012,54.885052,54.885052,28.588161,25169940
2007-11-20,53.04327,54.148338,51.569847,54.148338,28.204428,76291672
2007-11-21,54.074669,54.074669,52.232887,52.306561,27.245094,58729860
2007-11-22,51.569847,52.011875,51.127823,51.422504,26.784609,85200172
2007-11-23,51.569847,51.71719,50.906807,50.906807,26.516001,45758715
2007-11-26,51.569847,51.938206,50.980476,51.569847,26.861359,31587643
2007-11-27,50.538452,51.127823,49.359711,50.317436,26.209009,48444974
2007-11-28,50.538452,51.201492,50.096424,50.096424,26.093895,22282788
2007-11-29,51.569847,52.159218,51.127823,51.64352,26.899731,32765851
2007-11-30,51.938206,53.337955,51.790863,53.337955,27.782318,60114390
2007-12-03,53.337955,53.337955,52.453903,52.674915,27.436958,24054171
2007-12-04,51.938206,52.895931,51.938206,52.38023,27.283466,19173025
2007-12-05,51.569847,51.64352,50.980476,51.569847,26.861359,42408695
2007-12-06,51.938206,52.601246,51.569847,52.085545,27.129972,45249696
2007-12-07,52.674915,53.411629,52.453903,53.116943,27.667198,50843469
2007-12-10,52.674915,53.337955,52.085545,52.306561,27.245094,28465664
2007-12-11,52.895931,53.411629,52.38023,53.411629,27.820688,23391769
2007-12-12,52.306561,53.116943,52.306561,52.306561,27.245094,18930053
2007-12-13,51.938206,52.674915,50.833138,50.906807,26.516001,29246159
2007-12-14,50.906807,51.05415,50.022751,50.833138,26.477627,43277420
2007-12-17,50.096424,50.538452,48.991356,48.991356,25.518293,46902988
2007-12-18,47.959957,48.475658,47.223248,47.665276,24.82757,52138411
2007-12-19,47.886288,48.844013,47.738945,48.328316,25.172934,32858153
2007-12-20,49.065025,49.065025,47.002232,47.149574,24.558956,22255640
2007-12-21,47.665276,48.1073,46.781219,47.149574,24.558956,26653559
2007-12-24,47.886288,48.770344,47.886288,48.696671,25.364798,16089052
2007-12-25,48.991356,49.065025,48.549328,48.770344,25.403172,14291878
2007-12-26,48.622997,49.359711,48.1073,49.359711,25.710159,18740020
2007-12-27,48.991356,50.170094,48.991356,49.875408,25.978777,30251979
2007-12-28,49.212368,50.612122,49.065025,50.096424,26.093895,30527528
2007-12-31,50.317436,50.464779,49.580727,49.801739,25.940397,20811385
2008-01-02,49.801739,50.243767,48.844013,48.991356,25.518293,21065216
2008-01-03,48.03363,48.549328,48.03363,48.180973,25.096186,24008020
2008-01-04,47.886288,50.538452,47.44426,50.464779,26.285755,73985480
2008-01-07,49.728069,50.243767,49.065025,49.433384,25.748531,62041873
2008-01-08,50.833138,52.527573,50.243767,51.05415,26.592752,80333957
2008-01-09,50.980476,51.569847,49.801739,51.569847,26.861359,49567529
2008-01-10,51.569847,51.569847,50.096424,50.096424,26.093895,30368714
2008-01-11,50.464779,51.05415,49.580727,49.654396,25.863647,45508956
2008-01-14,53.116943,53.116943,52.453903,53.116943,27.667198,137191987
2008-01-15,56.800503,56.800503,56.800503,56.800503,29.585869,67198568
2008-01-16,60.705078,60.705078,59.378998,59.821026,31.15918,451191165
2008-01-17,59.968365,61.515461,58.568611,60.26305,31.389423,225292886
2008-01-18,58.93697,62.841541,58.568611,61.515461,32.041763,176788187
2008-01-21,61.294449,62.399517,60.189381,60.410393,31.466166,124048454
2008-01-22,56.211136,56.211136,56.211136,56.211136,29.278883,73229418
2008-01-23,55.99012,55.99012,52.306561,52.306561,27.245094,243409868
2008-01-24,53.853657,55.916451,53.116943,55.32708,28.818399,177267343
2008-01-25,56.65316,56.65316,55.253407,55.548092,28.933516,101217284
2008-01-28,55.253407,56.284805,53.779984,54.074669,28.166056,54516545
2008-01-29,55.253407,57.831902,54.516697,57.831902,30.123091,72056640
2008-01-30,58.200256,59.010639,56.211136,56.947845,29.662617,70953088
2008-01-31,56.284805,57.168861,54.222012,55.695435,29.010271,77716924
2008-02-01,56.432148,58.93697,56.137463,58.200256,30.314964,74733397
2008-02-12,56.65316,57.242531,56.211136,56.358479,29.355627,80331242
2008-02-13,57.831902,57.831902,55.99012,56.358479,29.355627,51793636
2008-02-14,57.463547,58.93697,57.463547,58.93697,30.698698,74794480
2008-02-15,57.831902,58.494942,57.3162,57.979244,30.199839,38681323
2008-02-18,57.684559,58.052914,57.095188,57.389874,29.892853,26893815
2008-02-19,58.421272,59.231655,57.758228,58.863297,30.660328,64406433
2008-02-20,58.863297,59.52634,58.126587,58.863297,30.660328,82751455
2008-02-21,59.010639,60.042038,58.421272,59.673679,31.082436,59289101
2008-02-22,59.52634,60.631409,58.789627,60.631409,31.581291,52627069
2008-02-25,61.147106,62.915215,61.147106,61.957489,32.272011,91452275
2008-02-26,62.252174,62.399517,60.484066,60.999763,31.773146,67256936
2008-02-27,61.515461,61.515461,60.557735,61.147106,31.849892,57414557
2008-02-29,59.673679,59.747353,58.568611,58.93697,30.698698,108160294
2008-03-03,57.095188,57.389874,55.99012,57.389874,29.892853,100362133
2008-03-04,57.389874,58.052914,57.3162,57.831902,30.123091,119446928
2008-03-05,57.831902,58.27393,56.800503,57.463547,29.931225,82680871
2008-03-06,57.831902,58.642284,57.831902,58.200256,30.314964,65717664
2008-03-07,56.800503,57.389874,56.211136,56.432148,29.393997,83529235
2008-03-10,55.621765,56.063793,53.632641,54.885052,28.588161,103140694
2008-03-11,53.779984,55.842777,53.779984,55.621765,28.971889,82963206
2008-03-12,56.726833,57.831902,56.358479,56.432148,29.393997,92692923
2008-03-13,57.021519,57.021519,54.66404,55.106068,28.703279,41018736
2008-03-14,55.842777,55.842777,54.516697,54.737709,28.511414,27919996
2008-03-17,54.737709,55.32708,53.853657,54.148338,28.204428,85729552
2008-03-18,54.148338,54.443024,52.748589,53.04327,27.628819,93381116
2008-03-19,54.516697,55.32708,54.295685,55.032394,28.664909,78960286
2008-03-20,55.032394,58.863297,54.811382,58.863297,30.660328,141093104
2008-03-21,60.410393,60.92609,58.93697,60.336723,31.42779,134078152
2008-03-24,64.53598,64.53598,63.651928,64.53598,33.615067,237459104
2008-03-25,60.042038,64.462311,60.042038,61.589134,32.080139,133408963
2008-03-26,61.147106,62.54686,60.189381,61.515461,32.041763,91156366
2008-03-27,61.147106,61.515461,58.93697,59.084312,30.775438,102626247
2008-03-28,59.305325,59.968365,58.642284,59.452667,30.967314,87673323
2008-03-31,58.863297,59.157982,56.947845,57.095188,29.739368,121922794
2008-04-01,58.200256,58.200256,55.99012,55.99012,29.163759,66165600
2008-04-02,57.242531,58.421272,56.947845,57.905571,30.161469,70826851
2008-04-03,57.095188,57.610886,56.947845,57.389874,29.892853,33610143
2008-04-07,57.389874,58.789627,56.947845,58.789627,30.621948,46273163
2008-04-08,58.347599,58.347599,57.3162,57.463547,29.931225,40561298
2008-04-09,57.3162,58.126587,56.65316,57.389874,29.892853,56666639
2008-04-10,57.095188,58.421272,56.800503,58.200256,30.314964,44864200
2008-04-11,57.831902,58.200256,56.800503,57.979244,30.199839,148781317
2008-04-14,57.979244,60.26305,57.979244,58.642284,30.545197,138759764
2008-04-15,59.010639,59.894695,58.93697,59.52634,31.005686,68249182
2008-04-16,60.26305,61.515461,59.673679,60.778748,31.658028,118601279
2008-04-17,61.441792,61.515461,60.26305,61.294449,31.926641,92633198
2008-04-18,61.147106,61.957489,60.26305,60.92609,31.734777,78772967
2008-04-21,61.589134,61.589134,60.189381,60.705078,31.619656,60270489
2008-04-22,60.852421,61.147106,60.336723,60.778748,31.658028,36603171
2008-04-23,60.852421,61.589134,60.336723,61.368118,31.965017,49378853
2008-04-24,61.589134,62.54686,61.073433,62.031158,32.310379,57538078
2008-04-25,62.473186,62.841541,61.441792,61.515461,32.041763,38533369
2008-04-28,61.957489,62.988888,61.88382,62.694202,32.655743,78201509
2008-04-29,62.694202,62.767872,60.778748,60.852421,31.696409,64610040
2008-04-30,61.88382,63.062557,61.368118,62.988888,32.809235,76020196
2008-05-02,63.357243,63.946609,62.620529,63.504585,33.077847,65671513
2008-05-05,61.147106,61.88382,59.60001,59.968365,31.235918,111390864
2008-05-06,59.673679,59.968365,59.084312,59.52634,31.005686,57585587
2008-05-07,59.673679,60.26305,59.60001,59.747353,31.120811,38356909
2008-05-08,59.378998,60.189381,59.157982,59.747353,31.120811,38343335
2008-05-09,59.747353,59.821026,59.010639,59.010639,30.737066,33908767
2008-05-12,58.494942,58.715954,57.684559,58.568611,30.50683,69100261
2008-05-13,58.568611,60.189381,58.421272,59.968365,31.235918,38191308
2008-05-14,60.778748,60.852421,59.52634,59.894695,31.19755,42748041
2008-05-15,59.968365,60.557735,59.968365,60.26305,31.389423,52181848
2008-05-16,60.484066,60.705078,60.042038,60.484066,31.504538,40433704
2008-05-19,60.778748,61.441792,60.189381,61.441792,32.003395,37203134
2008-05-20,61.294449,61.368118,59.305325,59.378998,30.928938,56750797
2008-05-21,59.378998,59.673679,58.715954,58.863297,30.660328,43524463
2008-05-22,57.905571,59.60001,57.537216,59.52634,31.005686,46805256
2008-05-23,58.93697,59.821026,58.347599,58.347599,30.391716,29894988
2008-05-26,58.347599,59.157982,58.200256,58.27393,30.353333,29529852
2008-05-27,58.789627,58.863297,58.052914,58.27393,30.353333,14800896
2008-05-28,58.347599,58.642284,57.610886,57.610886,30.007973,27500565
2008-05-29,57.905571,58.494942,57.463547,57.537216,29.969603,40045492
2008-05-30,58.200256,58.27393,57.095188,57.242531,29.816111,40540937
2008-06-02,57.463547,59.378998,57.463547,59.378998,30.928938,35612282
2008-06-03,58.93697,59.231655,57.905571,57.905571,30.161469,22685930
2008-06-04,58.052914,58.27393,57.537216,57.979244,30.199839,21777841
2008-06-05,57.905571,58.347599,56.874176,57.537216,29.969603,39783518
2008-06-06,58.126587,58.347599,57.610886,57.758228,30.084721,25714250
2008-06-09,56.211136,56.874176,55.916451,56.726833,29.547503,34630894
2008-06-10,56.726833,56.947845,55.32708,55.32708,28.818399,45161466
2008-06-11,55.400749,55.99012,55.32708,55.548092,28.933516,20797811
2008-06-12,55.032394,55.253407,53.337955,53.411629,27.820688,49820002
2008-06-13,54.443024,55.253407,53.411629,54.737709,28.511414,44481418
2008-06-16,55.253407,55.474422,54.443024,54.516697,28.396296,22844744
2008-06-17,55.179737,55.179737,54.148338,54.958725,28.626539,17599819
2008-06-18,54.885052,54.958725,54.074669,54.516697,28.396296,24488534
2008-06-19,53.779984,53.927326,53.116943,53.190617,27.705578,36007280
2008-06-20,53.337955,53.706314,52.822258,52.822258,27.513702,27263023
2008-06-23,52.232887,53.779984,52.159218,53.632641,27.935812,25590728
2008-06-24,53.779984,53.779984,52.527573,52.601246,27.398586,22565123
2008-06-25,52.674915,53.779984,52.38023,53.632641,27.935812,35053040
2008-06-26,53.411629,53.927326,52.601246,52.674915,27.436958,36837998
2008-06-27,50.317436,50.833138,50.096424,50.243767,26.170643,51778705
2008-06-30,50.391109,50.759464,48.549328,48.622997,25.326426,38185879
2008-07-01,49.507053,49.507053,47.075905,47.075905,24.520582,50482405
2008-07-02,45.749821,46.781219,44.865768,45.086781,24.440714,70661251
2008-07-03,44.202728,47.002232,43.392342,45.970837,24.919943,55022849
2008-07-04,46.412865,47.075905,46.118179,46.339191,25.119621,44197725
2008-07-07,46.412865,47.517933,46.044506,47.517933,25.758591,24176336
2008-07-08,47.149574,47.149574,44.497414,44.497414,24.121223,40198877
2008-07-09,44.939438,46.191849,44.939438,44.939438,24.360842,79725850
2008-07-10,44.939438,47.959957,44.939438,46.560204,25.239426,57790551
2008-07-11,46.486534,49.286041,45.897163,48.622997,26.357628,79066162
2008-07-14,48.696671,48.696671,46.191849,46.486534,25.199497,50570635
2008-07-15,43.245003,43.908043,43.245003,43.245003,23.442322,86446249
2008-07-16,43.023987,43.023987,40.371822,40.519165,21.964689,102719906
2008-07-17,42.729301,43.318672,42.729301,43.318672,23.482256,48497912
2008-07-18,44.571083,45.676151,44.202728,44.202728,23.961483,107254920
2008-07-21,46.044506,47.296917,46.044506,47.296917,25.638788,59932501
2008-07-22,47.149574,47.37059,46.412865,46.707546,25.319296,38153302
2008-07-23,48.622997,49.286041,48.180973,48.622997,26.357628,47953602
2008-07-24,49.212368,49.359711,47.886288,49.359711,26.75699,35828106
2008-07-25,47.223248,48.1073,46.928562,47.591602,25.798529,30925241
2008-07-28,49.971184,49.971184,49.971184,49.971184,27.088457,0
2008-07-29,45.234123,45.234123,44.276398,44.939438,24.360842,49122308
2008-07-30,46.412865,46.722282,44.865768,44.943123,24.362839,56143917
2008-07-31,45.484608,46.567574,45.329895,46.103443,24.991825,33871213
2008-08-01,45.175186,47.109055,45.020477,47.109055,25.536949,27116620
2008-08-04,47.109055,47.341122,46.180798,46.490219,25.20149,21140259
2008-08-05,47.186413,47.186413,45.329895,45.329895,24.5725,30672962
2008-08-06,46.412865,47.263767,46.180798,46.876991,25.411154,36703617
2008-08-07,48.652283,49.545731,48.57106,49.058395,26.593653,18042972
2008-08-08,46.026089,49.120281,46.026089,48.733505,26.417534,48152167
2008-08-11,49.429699,51.05415,49.042927,50.512665,27.381985,45851081
2008-08-12,50.512665,50.667377,49.429699,50.048538,27.130388,17726120
2008-08-13,49.584408,49.584408,49.120281,49.429699,26.794926,23204773
2008-08-14,49.120281,50.512665,49.042927,50.125893,27.172327,20969617
2008-08-15,50.512665,50.822086,48.733505,48.888214,26.501396,24807777
2008-08-18,48.424088,48.733505,46.567574,47.186413,25.578882,25421831
2008-08-19,46.412865,47.0317,46.180798,46.567574,25.243422,25663574
2008-08-20,46.412865,47.573185,46.026089,47.495831,25.746613,16158020
2008-08-21,46.412865,46.954346,45.639317,45.716671,24.782162,32186766
2008-08-22,46.412865,46.799637,45.329895,45.639317,24.740234,27868997
2008-08-25,46.026089,47.263767,45.948734,47.0317,25.495022,20395638
2008-08-26,46.412865,46.490219,46.026089,46.103443,24.991825,15938253
2008-08-27,46.258152,47.805248,46.258152,47.418476,25.704679,24922831
2008-08-28,47.727894,48.037312,46.722282,46.799637,25.369219,23712822
2008-08-29,47.263767,47.959957,46.954346,47.0317,25.495022,31133179
2008-09-01,46.644928,46.954346,45.87138,45.948734,24.907959,25411489
2008-09-02,46.412865,46.567574,45.097832,45.097832,24.446699,21958567
2008-09-03,45.175186,45.948734,44.09222,44.71106,24.237043,22921662
2008-09-04,44.943123,45.252541,42.931896,43.318672,23.482256,29461659
2008-09-05,41.539513,42.158352,40.998028,41.694221,22.601671,50383445
2008-09-08,44.556347,44.556347,44.556347,44.556347,24.153172,34415458
2008-09-09,45.252541,45.794025,44.324284,44.324284,24.027374,82477134
2008-09-10,44.324284,47.0317,44.324284,45.87138,24.866032,68074662
2008-09-11,44.71106,45.639317,44.246929,44.324284,24.027374,48786905
2008-09-12,45.252541,45.948734,44.09222,45.794025,24.824099,26180672
2008-09-15,44.478992,44.478992,42.622478,42.622478,23.10486,45760589
2008-09-16,39.682999,39.682999,39.682999,39.682999,21.511421,18796513
2008-09-17,40.147125,41.075382,36.936905,37.903839,20.546974,145008506
2008-09-18,35.273777,35.273777,35.273777,35.273777,19.121262,22928126
2008-09-19,37.710449,37.710449,36.356743,37.710449,20.442139,101343456
2008-09-22,40.069771,40.069771,38.522675,38.832096,21.050158,63564274
2008-09-23,37.981194,39.064159,37.74913,39.064159,21.175962,39866964
2008-09-24,37.903839,38.677387,36.356743,36.782192,19.93895,82128093
2008-09-25,35.583195,36.511452,34.809647,35.892612,19.456722,50996207
2008-09-26,35.969971,36.279388,35.157745,35.853935,19.435755,101676984
2008-09-29,37.646633,37.646633,37.646633,37.646633,20.407543,0
2008-09-30,33.378586,33.688004,33.378586,33.378586,18.093916,113549554
2008-10-01,34.654938,34.654938,33.107841,33.378586,18.093916,50150751
2008-10-02,33.649326,35.04171,33.378586,33.494617,18.156813,48559382
2008-10-03,32.489002,33.339905,31.715456,32.875778,17.821354,42599827
2008-10-06,30.709845,31.328682,30.593813,30.593813,16.584341,75595852
2008-10-07,28.621265,30.787199,28.466557,30.284393,16.416611,50638116
2008-10-08,28.234491,29.317457,28.195814,28.195814,15.284431,61245089
2008-10-09,28.466557,30.168362,28.466557,29.085394,15.766655,73584341
2008-10-13,28.079782,28.427877,28.079782,28.079782,15.221534,35996486
2008-10-14,30.013651,30.013651,30.013651,30.013651,16.269844,26259530
2008-10-15,30.013651,30.555136,29.394814,30.013651,16.269844,42346449
2008-10-16,28.969362,28.969362,28.969362,28.969362,15.703758,9325862
2008-10-17,28.041105,28.543911,27.963751,27.963751,15.158633,20942469
2008-10-20,26.996815,27.074169,26.996815,26.996815,14.634474,15140630
2008-10-21,26.996815,28.543911,26.532686,27.074169,14.676409,51193997
2008-10-22,26.610041,28.079782,26.300623,26.91946,14.592544,38492776
2008-10-23,25.991203,26.145912,25.991203,25.991203,14.089352,11910060
2008-10-24,25.101624,25.101624,25.101624,25.101624,13.607124,10869400
2008-10-27,23.361141,24.09601,23.361141,23.361141,12.663641,37992484
2008-10-28,21.736691,24.057335,21.736691,23.20643,12.579778,79307323
2008-10-29,24.830881,24.830881,23.670561,23.82527,12.915237,75434259
2008-10-30,23.979979,25.488398,23.979979,25.488398,13.816792,82584432
2008-10-31,25.256332,27.267557,24.985592,27.267557,14.781237,99652545
2008-11-03,27.267557,29.162748,26.687395,29.162748,15.80859,72645808
2008-11-04,29.781588,29.781588,28.157137,28.853331,15.640861,51583113
2008-11-05,29.394814,30.555136,29.008039,30.207039,16.374678,85577137
2008-11-06,28.11846,29.008039,28.11846,28.11846,15.242497,58539374
2008-11-07,26.764751,29.704231,26.764751,29.124071,15.787624,56826487
2008-11-10,28.234491,29.394814,28.234491,29.046717,15.745687,39395112
2008-11-11,28.002426,28.311846,27.035494,27.035494,14.655443,62925658
2008-11-12,26.687395,27.267557,25.759138,26.029881,14.110319,37848989
2008-11-13,24.366753,24.753527,24.212044,24.212044,13.124902,58870317
2008-11-14,24.366753,25.140301,23.979979,24.134689,13.08297,33518293
2008-11-17,23.20643,24.753527,23.20643,24.250721,13.145866,36046903
2008-11-18,23.979979,24.908236,23.82527,24.173367,13.103934,30176547
2008-11-19,24.676172,25.140301,24.289398,24.792204,13.439395,29649107925
2008-11-20,23.593204,24.289398,23.129076,23.20643,12.579778,40495238
2008-11-21,22.007433,23.82527,22.007433,23.593204,12.789439,36685519281
2008-11-24,23.593204,23.670561,22.742304,23.20643,12.579778,28042225
2008-11-25,24.598818,24.753527,24.018656,24.598818,13.334564,35748279
2008-11-26,24.753527,25.604429,24.560141,25.140301,13.628095,35666836
2008-11-27,25.836494,26.880783,25.720461,26.687395,14.466745,59012519
2008-11-28,26.223267,26.687395,25.720461,26.687395,14.466745,31862287
2008-12-01,26.687395,28.002426,25.991203,27.383589,14.844138,69575539
2008-12-02,25.604429,26.377977,25.604429,25.836494,14.005488,39431309
2008-12-03,26.145912,26.571363,25.836494,25.836494,14.005488,34368920
2008-12-04,26.223267,26.377977,24.676172,24.676172,13.376497,35492315592
2008-12-05,24.444107,25.217655,24.366753,24.792204,13.439395,22560986
2008-12-08,25.29501,26.494009,25.29501,26.494009,14.361914,50554088
2008-12-09,27.074169,28.234491,27.074169,27.576977,14.94897,70661444
2008-12-10,27.576977,29.433491,27.422266,29.433491,15.955353,80326006
2008-12-11,29.356136,29.549522,28.157137,28.621265,15.51506,64368361
2008-12-12,28.311846,29.008039,26.64872,26.996815,14.634474,52877151
2008-12-15,27.770363,28.311846,27.344912,27.576977,14.94897,54973983
2008-12-16,27.151525,27.693008,26.91946,27.576977,14.94897,25879463
2008-12-17,28.234491,28.969362,27.886395,28.002426,15.179597,57839999
2008-12-18,28.234491,28.505234,27.615652,27.615652,14.969934,24651355
2008-12-19,28.11846,28.11846,28.11846,28.11846,15.242497,39670467622
2008-12-22,28.466557,28.737297,27.074169,27.22888,14.760275,43337985
2008-12-23,27.22888,27.344912,25.681784,26.145912,14.173217,35233766
2008-12-24,25.527075,26.880783,25.527075,26.880783,14.571578,30638057
2008-12-25,26.880783,26.880783,26.3393,26.764751,14.508677,8281324
2008-12-26,26.687395,26.958138,26.532686,26.764751,14.508677,8890207
2008-12-29,26.91946,26.91946,26.261946,26.764751,14.508677,12347008
2008-12-30,27.074169,28.621265,27.074169,28.621265,15.51506,49952961
2008-12-31,28.930683,28.930683,28.157137,28.234491,15.305395,29793895
2009-01-02,28.234491,28.234491,28.234491,28.234491,15.305395,0
2009-01-05,29.394814,29.665554,28.930683,29.008039,15.724724,52856467
2009-01-06,29.008039,29.356136,28.543911,29.240105,15.850522,45076727
2009-01-07,29.394814,29.626877,28.930683,29.317457,15.892453,50983279
2009-01-08,28.621265,28.775974,27.267557,27.267557,14.781237,57925320
2009-01-09,27.074169,27.344912,26.532686,27.151525,14.718343,36410164
2009-01-12,26.687395,27.22888,25.720461,26.261946,14.236115,39625221
2009-01-13,25.913849,27.074169,25.759138,27.074169,14.676409,24518202
2009-01-14,27.074169,28.041105,27.074169,27.112846,14.697371,53934616
2009-01-15,25.991203,25.991203,25.527075,25.604429,13.879687,42920428
2009-01-16,25.604429,26.029881,25.217655,25.604429,13.879687,33634640
2009-01-19,26.107235,26.416655,25.797815,26.416655,14.319983,22461445398
2009-01-20,25.797815,25.913849,25.217655,25.372366,13.753891,35085100
2009-01-21,24.598818,25.372366,24.598818,24.869558,13.481328,46450915
2009-02-02,24.830881,24.830881,23.438496,23.747915,12.873306,47741075
2009-02-03,23.863947,24.753527,23.863947,24.250721,13.145866,62761479
2009-02-04,24.444107,24.521461,23.593204,23.670561,12.831375,60051886
2009-02-05,23.593204,24.09601,23.593204,23.593204,12.789439,37881308
2009-02-06,24.057335,24.482784,23.902624,24.173367,13.103934,51898543
2009-02-09,24.637495,24.753527,23.631884,23.82527,12.915237,61601887
2009-02-10,24.289398,24.521461,23.863947,23.979979,12.999103,54432323
2009-02-11,23.477173,24.328075,23.477173,24.328075,13.187803,41821595
2009-02-12,24.598818,24.946915,24.018656,24.018656,13.02007,73015533
2009-02-13,24.366753,24.985592,24.289398,24.908236,13.502296,53713557
2009-02-16,25.062946,25.101624,24.676172,24.830881,13.460364,35194984
2009-02-17,24.753527,24.753527,24.057335,24.173367,13.103934,33369628
2009-02-18,23.82527,23.941301,23.631884,23.747915,12.873306,55383783
2009-02-19,23.438496,23.902624,23.20643,23.82527,12.915237,75391599
2009-02-20,23.399818,23.709236,23.283787,23.283787,12.621711,59729992
2009-02-23,22.897013,23.013044,22.432884,22.548916,12.22335,106244252
2009-02-24,22.394205,22.819656,22.123465,22.278173,12.076586,125581133
2009-02-25,22.587593,23.20643,22.510239,22.548916,12.22335,169619786
2009-02-26,22.780979,22.974367,21.814045,22.04611,11.95079,141303498
2009-02-27,21.891399,22.239496,21.659336,21.698013,11.762092,156675530
2009-03-02,21.272562,21.272562,20.189594,20.189594,10.944407,143066802
2009-03-03,18.874563,19.648111,18.874563,19.377371,10.504113,261561107
2009-03-04,19.183983,19.764145,19.145306,19.570757,10.608946,144451332
2009-03-05,20.11224,20.305628,19.880177,20.073563,10.881508,121408152
2009-03-06,19.454725,19.725468,19.416046,19.570757,10.608946,74705151
2009-03-09,19.609434,19.80282,18.565145,18.603823,10.08479,170816868
2009-03-10,18.874563,19.145306,18.758532,18.835888,10.210588,133477220
2009-03-11,19.957531,19.957531,19.53208,19.880177,10.776678,151120604
2009-03-12,19.725468,19.725468,19.338694,19.377371,10.504113,87212459
2009-03-13,19.725468,20.537691,19.53208,20.305628,11.007307,241957921
2009-03-16,20.344305,20.847111,19.996208,20.421659,11.070205,160037960
2009-03-17,20.885788,21.195208,20.769756,21.00182,11.384698,160421905
2009-03-18,21.15653,21.581982,21.040499,21.233885,11.510496,146455087
2009-03-19,21.659336,22.703625,21.581982,22.394205,12.139485,272232718
2009-03-20,22.316851,22.316851,21.736691,21.775368,11.804027,119538842
2009-03-23,22.084787,22.587593,21.968756,22.587593,12.244317,111836667
2009-03-24,23.167753,23.438496,22.62627,22.664948,12.28625,180689562
2009-03-25,22.780979,23.129076,22.703625,22.897013,12.412049,112948428
2009-03-26,23.051722,23.438496,22.703625,23.24511,12.600745,144407379
2009-03-27,23.941301,24.560141,23.863947,24.134689,13.08297,178132512
2009-03-30,23.979979,23.979979,22.471561,22.471561,12.181419,124086719
2009-03-31,22.664948,23.129076,22.432884,22.548916,12.22335,105957263
2009-04-02,23.979979,24.908236,23.786592,24.830881,13.460364,225293145
2009-04-03,25.44972,26.532686,25.140301,26.184589,14.194185,373075882
2009-04-06,26.532686,27.344912,25.681784,26.494009,14.361914,233888607
2009-04-07,25.759138,26.261946,25.643106,26.184589,14.194185,107913186
2009-04-08,25.565752,26.145912,24.521461,24.560141,13.3136,200559053
2009-04-09,24.714849,26.261946,24.637495,26.261946,14.236115,148859593
2009-04-10,27.693008,27.925072,26.687395,27.460943,14.88607,139109710
2009-04-13,27.693008,27.693008,26.996815,27.422266,14.865102,96895120
2009-04-14,27.306234,27.693008,26.880783,27.576977,14.94897,70051269
2009-04-15,27.306234,27.731686,26.764751,27.49962,14.907036,97301042
2009-04-16,28.775974,29.394814,28.466557,29.394814,15.934387,153893542
2009-04-17,29.549522,30.168362,27.344912,27.615652,14.969934,256134164
2009-04-20,28.002426,28.543911,27.460943,28.466557,15.431195,126679966
2009-04-21,27.383589,29.240105,27.112846,29.240105,15.850522,136683227
2009-04-22,29.240105,29.510845,28.543911,28.621265,15.51506,96299164
2009-04-23,27.925072,28.234491,27.422266,27.847717,15.095732,99299626
2009-04-24,28.234491,28.930683,27.847717,28.273169,15.326365,102963265
2009-04-27,28.543911,28.621265,26.532686,26.687395,14.466745,123303316
2009-04-28,27.074169,27.460943,26.687395,26.726072,14.48771,95228772
2009-04-29,27.074169,27.190203,26.455332,26.803429,14.529642,68225913
2009-04-30,28.659943,28.659943,28.659943,28.659943,15.536024,55325610
2009-05-04,30.632488,30.632488,30.632488,30.632488,16.605307,35799988
2009-05-05,32.759747,32.759747,32.759747,32.759747,17.758455,70320160
2009-05-06,33.649326,35.04171,32.527679,35.003033,18.974497,345597293
2009-05-07,36.356743,36.898228,35.196423,36.588806,19.834116,234528515
2009-05-08,35.50584,35.969971,34.809647,35.119064,19.037395,119085089
2009-05-11,35.119064,37.55574,34.654938,37.362354,20.253443,149924815
2009-05-12,36.588806,36.588806,34.809647,34.809647,18.869669,141938236
2009-05-13,35.196423,35.815258,34.964355,35.583195,19.288994,86887980
2009-05-14,33.726681,34.732292,33.726681,34.15213,18.513239,76376670
2009-05-15,34.577583,35.699226,34.500229,35.583195,19.288994,81833347
2009-05-18,35.660549,36.163357,34.809647,35.969971,19.498655,76787763
2009-05-19,37.517063,38.483997,37.362354,37.826485,20.505039,179394231
2009-05-20,38.290611,40.22448,37.517063,39.760353,21.553356,189084648
2009-05-21,39.605644,40.843319,39.373577,40.533901,21.972679,136931434
2009-05-22,39.450935,40.998028,39.450935,40.22448,21.804947,81015040
2009-05-25,40.843319,41.616867,39.52829,39.837708,21.595287,78377840
2009-05-26,39.992416,40.533901,38.677387,38.909451,21.092094,88893028
2009-05-27,40.069771,41.616867,39.218868,40.765965,22.09848,124318121
2009-06-01,41.307449,41.462158,40.301834,41.384804,22.433939,81658827
2009-06-02,41.771576,42.699833,40.843319,41.075382,22.266205,82740854
2009-06-03,41.075382,41.152737,40.069771,40.533901,21.972679,63193256
2009-06-04,40.920673,40.998028,38.909451,39.218868,21.259827,97557005
2009-06-05,39.682999,39.837708,39.141514,39.450935,21.385622,45719221
2009-06-08,40.379192,40.379192,37.517063,37.865162,20.526005,85154409
2009-06-09,37.826485,37.865162,35.428486,35.853935,19.435755,142728103
2009-06-10,36.047325,37.478386,35.737904,37.130291,20.127645,77066996
2009-06-11,36.704838,37.439709,35.737904,37.246323,20.190546,61128742
2009-06-12,37.130291,37.130291,35.815258,35.969971,19.498655,55038620
2009-06-15,35.583195,36.163357,34.887001,34.925678,18.932564,59485663
2009-06-16,35.196423,35.699226,34.693615,35.273777,19.121262,51692996
2009-06-17,35.583195,37.362354,35.428486,36.356743,19.708319,75987554
2009-06-18,36.511452,36.936905,35.428486,35.892612,19.456722,45053458
2009-06-19,36.356743,36.550129,35.969971,36.434097,19.750254,28322751
2009-06-22,36.434097,36.743515,35.815258,36.279388,19.666389,38367380
2009-06-23,35.428486,35.544518,35.04171,35.119064,19.037395,51142287
2009-06-24,35.50584,37.55574,35.196423,37.55574,20.358276,103573441
2009-06-25,37.55574,38.754742,37.130291,38.097225,20.651804,140980312
2009-06-26,38.367966,38.522675,37.865162,37.942516,20.567934,51080235
2009-06-29,38.754742,39.450935,38.290611,38.290611,20.756634,69437215
2009-06-30,38.677387,39.450935,37.207645,37.55574,20.358276,78084387
2009-07-01,38.135902,38.986805,37.633095,38.832096,21.050158,50296832
2009-07-02,38.909451,39.605644,38.600033,39.296223,21.301758,65783917
2009-07-03,39.450935,40.22448,39.141514,39.450935,21.385622,64102056
2009-07-06,39.52829,39.52829,38.406643,38.754742,21.008226,51733071
2009-07-07,39.296223,39.760353,38.832096,39.296223,21.301758,38563877
2009-07-08,38.832096,39.450935,38.522675,39.450935,21.385622,52588868
2009-07-09,39.837708,40.765965,39.450935,39.837708,21.595287,83790563
2009-07-10,39.992416,40.147125,39.373577,39.52829,21.427557,30307115
2009-07-13,39.218868,39.373577,36.820869,36.898228,20.00185,105507387
2009-07-14,37.439709,37.633095,36.975582,37.439709,20.295374,44275225
2009-07-15,37.903839,38.832096,37.671776,38.522675,20.882435,60959393
2009-07-16,39.450935,39.915062,38.677387,38.832096,21.050158,60681453
2009-07-17,39.450935,39.682999,38.909451,39.682999,21.511421,35787061
2009-07-20,40.301834,40.611256,39.915062,40.22448,21.804947,69174788
2009-07-21,40.611256,40.68861,39.450935,39.915062,21.637218,46241490
2009-07-22,40.22448,40.765965,39.915062,39.992416,21.679152,56533034
2009-07-23,39.992416,40.069771,38.832096,39.605644,21.469488,35241523
2009-07-24,40.147125,40.147125,39.296223,39.373577,21.343691,33642397
2009-07-27,39.760353,40.379192,39.218868,39.992416,21.679152,39657540
2009-07-28,40.147125,40.68861,40.069771,40.22448,21.804947,39260667
2009-07-29,40.68861,40.843319,39.52829,39.605644,21.469488,40172052
2009-07-30,39.450935,39.992416,38.986805,39.141514,21.217892,48190950
2009-07-31,39.450935,39.605644,38.986805,38.986805,21.134027,28890266
2009-08-03,38.909451,39.992416,38.832096,39.992416,21.679152,40054412
2009-08-04,40.533901,40.533901,39.064159,39.373577,21.343691,43469845
2009-08-05,39.373577,39.605644,38.522675,38.677387,20.966299,35110955
2009-08-06,39.373577,39.373577,38.329288,38.44532,20.840494,60433246
2009-08-07,40.367588,40.367588,40.367588,40.367588,21.882524,0
2009-08-10,38.058548,38.213257,37.517063,37.865162,20.526005,43080729
2009-08-11,37.826485,37.942516,36.85955,37.207645,20.16958,51001378
2009-08-12,36.820869,37.517063,36.820869,37.014259,20.064745,24899562
2009-08-13,37.362354,38.44532,37.285,38.329288,20.777599,40531435
2009-08-14,38.677387,38.754742,38.058548,38.097225,20.651804,24528544
2009-08-17,37.74913,37.903839,37.130291,37.130291,20.127645,30811285
2009-08-18,36.666161,37.323677,36.511452,36.898228,20.00185,24091596
2009-08-19,37.207645,37.285,36.550129,36.588806,19.834116,23034131
2009-08-20,36.588806,36.588806,35.583195,35.969971,19.498655,33259744
2009-08-21,36.356743,36.743515,35.196423,35.312454,19.142231,39112001
2009-08-24,36.318066,37.594418,35.969971,37.285,20.211514,51548209
2009-08-25,37.207645,37.207645,36.666161,36.782192,19.93895,17700265
2009-08-26,36.820869,37.207645,35.969971,36.163357,19.603491,31255990
2009-08-27,36.047325,36.39542,35.583195,35.660549,19.330925,24902148
2009-08-28,35.969971,36.627483,35.737904,36.163357,19.603491,28512785
2009-08-31,36.202034,36.240711,35.428486,35.621872,19.309958,28040933
2009-09-01,35.737904,37.091614,35.50584,37.091614,20.10668,38179932
2009-09-02,36.39542,37.633095,36.39542,37.439709,20.295374,39127514
2009-09-03,37.207645,37.826485,36.898228,37.826485,20.505039,38883185
2009-09-04,38.290611,38.522675,37.903839,37.942516,20.567934,47797955
2009-09-07,38.754742,39.296223,38.522675,39.064159,21.175962,47333860
2009-09-08,39.218868,39.915062,38.754742,39.682999,21.511421,77558239
2009-09-09,39.915062,40.533901,39.760353,39.837708,21.595287,78040433
2009-09-10,42.622478,42.622478,40.920673,41.230091,22.350069,173212324
2009-09-11,40.998028,41.694221,40.998028,41.384804,22.433939,44672098
2009-09-14,41.384804,41.694221,40.22448,40.533901,21.972679,39958749
2009-09-15,40.611256,41.152737,39.915062,40.920673,22.182339,34522756
2009-09-16,41.075382,41.539513,41.075382,41.462158,22.475872,33577760
2009-09-17,41.771576,42.158352,41.616867,41.771576,22.643599,67664861
2009-09-18,41.771576,42.080997,41.384804,41.926285,22.727468,27499272
2009-09-21,41.926285,42.235706,41.152737,41.152737,22.308138,40555997
2009-09-22,41.616867,41.926285,41.307449,41.539513,22.517801,23690845
2009-09-23,41.771576,41.771576,40.22448,40.611256,22.014614,45765760
2009-09-24,40.611256,40.68861,39.915062,40.069771,21.721083,27441099
2009-09-25,40.069771,41.152737,40.069771,40.998028,22.224274,40805497
2009-09-28,40.920673,41.152737,40.301834,40.68861,22.056545,20243094
2009-09-29,40.998028,41.384804,40.920673,41.384804,22.433939,27759114
2009-09-30,41.384804,41.694221,41.152737,41.307449,22.392004,26523250
2009-10-01,42.003639,43.318672,41.926285,42.46777,23.020992,96667597
2009-10-02,41.694221,42.777187,41.694221,42.235706,22.895195,72803523
2009-10-05,42.390415,43.241318,42.235706,43.241318,23.440321,51493913
2009-10-06,43.241318,44.865768,42.931896,44.478992,24.11124,106931993
2009-10-07,45.484608,47.0317,45.020477,46.799637,25.369219,119024330
2009-10-08,47.0317,47.109055,45.484608,45.794025,24.824099,70024121
2009-10-09,46.799637,47.186413,46.026089,46.799637,25.369219,39560584
2009-10-12,46.490219,46.799637,45.87138,46.412865,25.159559,35378554
2009-10-13,45.794025,46.180798,45.252541,46.180798,25.033758,42917843
2009-10-14,46.412865,46.799637,45.794025,46.258152,25.075691,27413951
2009-10-15,47.0317,47.573185,46.490219,46.644928,25.285355,47406254
2009-10-16,46.644928,47.959957,46.490219,47.959957,25.998205,43256542
2009-10-19,47.805248,48.269379,47.263767,47.727894,25.872414,27027420
2009-10-20,47.805248,48.192024,47.263767,47.650539,25.830475,27728088
2009-10-21,47.650539,48.037312,46.644928,46.722282,25.327282,35051489
2009-10-22,46.644928,46.954346,45.639317,45.948734,24.907959,43820179
2009-10-23,46.335506,46.644928,45.948734,46.644928,25.285355,26156110
2009-10-26,47.341122,47.650539,46.722282,46.722282,25.327282,24444516
2009-10-27,46.412865,47.0317,45.87138,47.0317,25.495022,26967954
2009-10-28,46.954346,47.650539,46.103443,46.180798,25.033758,32641812
2009-10-29,45.252541,45.794025,43.473381,44.71106,24.237043,72957360
2009-10-30,45.252541,45.252541,44.246929,44.246929,23.985441,28105570
2009-11-02,43.62809,44.788414,43.163963,44.788414,24.278975,31464121
2009-11-03,44.865768,45.252541,44.324284,44.478992,24.11124,22751020
2009-11-04,45.175186,45.87138,44.865768,45.87138,24.866032,39035729
2009-11-05,45.639317,45.87138,45.175186,45.175186,24.488634,17199973
2009-11-06,45.716671,46.026089,45.097832,45.561962,24.698298,25990639
2009-11-09,46.412865,47.186413,46.258152,46.644928,25.285355,36196861
2009-11-10,47.418476,47.495831,46.412865,46.644928,25.285355,21402687
2009-11-11,46.412865,46.954346,45.794025,46.876991,25.411154,29182426
2009-11-12,46.876991,47.0317,46.567574,46.644928,25.285355,20010400
2009-11-13,46.412865,46.412865,45.716671,46.103443,24.991825,26459905
2009-11-16,46.335506,47.263767,46.103443,47.109055,25.536949,39601952
2009-11-17,47.727894,47.959957,45.87138,45.948734,24.907959,64305017
2009-11-18,46.103443,46.258152,45.484608,45.484608,24.656364,39652369
2009-11-19,45.407249,45.639317,45.252541,45.329895,24.5725,27799189
2009-11-20,45.329895,45.407249,44.246929,44.478992,24.11124,43498285
2009-11-23,44.478992,44.943123,44.478992,44.633701,24.195108,25331339
2009-11-24,44.865768,45.175186,44.788414,45.175186,24.488634,16067528
2009-11-25,45.175186,45.87138,44.943123,45.484608,24.656364,26337095
2009-11-26,45.87138,45.87138,45.020477,45.020477,24.404768,19389883
2009-11-27,44.246929,44.478992,43.318672,43.318672,23.482256,76398647
2009-11-30,43.782803,43.860157,43.318672,43.318672,23.482256,35674592
2009-12-01,43.396027,44.324284,43.009254,44.246929,23.985441,36601490
2009-12-02,44.633701,45.020477,44.09222,44.169575,23.943516,32208743
2009-12-03,45.329895,45.87138,45.175186,45.484608,24.656364,75677295
2009-12-04,45.561962,45.948734,45.252541,45.329895,24.5725,43295324
2009-12-07,45.329895,45.716671,45.020477,45.639317,24.740234,33701863
2009-12-08,45.87138,45.87138,45.020477,45.175186,24.488634,29186305
2009-12-09,44.71106,45.020477,44.633701,45.020477,24.404768,27203234
2009-12-10,45.020477,45.175186,43.473381,43.860157,23.775778,56513642
2009-12-11,43.705444,44.169575,43.705444,44.169575,23.943516,36844526
2009-12-14,44.09222,44.09222,43.473381,44.014866,23.859653,21063987
2009-12-15,44.246929,44.478992,44.09222,44.246929,23.985441,18672409
2009-12-16,44.014866,44.014866,43.396027,43.550735,23.608053,24660404
2009-12-17,44.09222,44.324284,43.473381,43.782803,23.733852,30071835
2009-12-18,43.550735,44.09222,43.396027,44.014866,23.859653,22068450
2009-12-21,44.246929,44.246929,43.705444,43.705444,23.691914,16838004
2009-12-22,44.09222,44.788414,43.937511,44.556347,24.153172,32556491
2009-12-23,44.865768,45.020477,44.478992,44.865768,24.320902,24387635
2009-12-24,45.020477,45.175186,44.633701,45.020477,24.404768,24223456
2009-12-25,45.097832,45.252541,44.788414,44.865768,24.320902,17170239
2009-12-28,44.943123,45.87138,44.943123,45.87138,24.866032,34867919
2009-12-29,46.026089,46.103443,45.252541,45.407249,24.614437,26927879
2009-12-30,45.561962,45.794025,45.175186,45.639317,24.740234,18125578
2009-12-31,45.87138,46.258152,45.639317,46.180798,25.033758,28936805
2010-01-04,46.180798,46.258152,45.484608,46.026089,24.949894,16526452
2010-01-05,46.258152,46.644928,45.87138,45.948734,24.907959,30363995
2010-01-06,46.103443,46.954346,45.794025,46.722282,25.327282,56034034
2010-01-07,46.799637,47.186413,46.103443,46.258152,25.075691,32511245
2010-01-08,46.258152,46.876991,45.948734,46.722282,25.327282,25167160
2010-01-11,46.722282,47.341122,46.335506,46.335506,25.117626,25783800
2010-01-12,46.490219,47.186413,46.026089,46.335506,25.117626,27695770
2010-01-13,45.639317,45.87138,45.329895,45.407249,24.614437,30058908
2010-01-14,45.407249,45.87138,45.407249,45.639317,24.740234,17759731
2010-01-15,46.026089,46.258152,45.639317,45.639317,24.740234,27766871
2010-01-18,45.329895,45.87138,45.252541,45.639317,24.740234,13056725
2010-01-19,47.0317,47.186413,45.87138,46.258152,25.075691,47835445
2010-01-20,46.412865,46.490219,45.097832,45.329895,24.5725,33475633
2010-01-21,45.252541,45.639317,44.865768,45.175186,24.488634,25084425
2010-01-22,44.246929,44.71106,43.860157,43.937511,23.817715,34765792
2010-01-25,43.473381,44.09222,43.163963,43.396027,23.524183,31208158
2010-01-26,43.782803,43.782803,41.771576,41.771576,22.643599,45339154
2010-01-27,41.771576,42.699833,41.539513,41.84893,22.685532,30837140
2010-01-28,42.235706,43.086609,42.158352,42.545124,23.062927,25063741
2010-01-29,42.003639,42.158352,41.384804,41.926285,22.727468,27478588
2010-02-01,42.545124,42.545124,40.765965,40.998028,22.224274,32688351
2010-02-02,41.771576,41.771576,40.22448,40.998028,22.224274,35291940
2010-02-03,41.384804,41.539513,40.611256,41.230091,22.350069,19374370
2010-02-04,41.307449,41.384804,40.843319,41.152737,22.308138,14118068
2010-02-05,40.147125,40.147125,38.367966,38.522675,20.882435,56296461
2010-02-08,38.329288,39.064159,38.329288,39.064159,21.175962,16942716
2010-02-09,38.677387,39.682999,38.522675,39.450935,21.385622,25084425
2010-02-10,39.837708,39.992416,39.450935,39.450935,21.385622,23948102
2010-02-22,40.22448,41.152737,40.147125,41.152737,22.308138,34447777
2010-02-23,41.152737,41.230091,40.379192,41.230091,22.350069,15816735
2010-02-24,40.611256,41.462158,40.456547,40.533901,21.972679,21191969
2010-02-25,40.843319,40.843319,39.52829,39.760353,21.553356,25549813
2010-02-26,39.837708,40.456547,39.682999,39.992416,21.679152,19533377
2010-03-01,40.68861,41.384804,40.069771,40.611256,22.014614,26872291
2010-03-02,41.307449,41.307449,40.533901,40.533901,21.972679,24191138
2010-03-03,40.765965,42.080997,40.765965,41.307449,22.392004,43149244
2010-03-04,41.926285,41.926285,40.611256,40.68861,22.056545,24856901
2010-03-05,41.152737,41.771576,40.998028,41.384804,22.433939,21508692
2010-03-08,41.84893,41.84893,41.539513,41.694221,22.601671,12928743
2010-03-09,41.694221,41.84893,41.462158,41.771576,22.643599,10993503
2010-03-10,42.080997,42.158352,41.539513,42.080997,22.811333,10257932
2010-03-11,41.616867,41.771576,40.998028,41.075382,22.266205,15625409
2010-03-12,41.152737,41.616867,40.920673,41.384804,22.433939,9054386
2010-03-15,40.998028,41.152737,40.301834,40.301834,21.846884,16947887
2010-03-16,41.152737,41.152737,40.456547,40.456547,21.930746,11391669
2010-03-17,40.998028,41.926285,40.843319,41.926285,22.727468,25332632
2010-03-18,42.003639,42.545124,41.771576,41.926285,22.727468,27360949
2010-03-19,41.771576,42.003639,41.462158,41.926285,22.727468,12740002
2010-03-22,41.84893,41.84893,41.230091,41.462158,22.475872,10941794
2010-03-23,41.462158,41.616867,40.765965,40.843319,22.140409,20723996
2010-03-24,40.998028,41.694221,40.920673,40.998028,22.224274,25212406
2010-03-25,41.230091,41.462158,40.611256,40.998028,22.224274,16075284
2010-03-26,40.765965,41.384804,40.301834,41.075382,22.266205,19582502
2010-03-29,41.152737,41.84893,41.152737,41.84893,22.685532,26761115
2010-03-30,42.235706,42.313061,41.616867,41.926285,22.727468,19035670
2010-03-31,41.539513,41.694221,40.998028,40.998028,22.224274,19150725
2010-04-01,40.998028,41.694221,40.998028,41.307449,22.392004,24516910
2010-04-02,41.616867,41.694221,41.230091,41.384804,22.433939,9528823
2010-04-06,41.694221,41.84893,41.462158,41.616867,22.559731,16220072
2010-04-07,41.771576,41.84893,41.462158,41.694221,22.601671,13272613
2010-04-08,41.616867,43.009254,41.384804,42.235706,22.895195,49938741
2010-04-09,42.390415,42.699833,42.080997,42.545124,23.062927,25832924
2010-04-12,42.545124,42.699833,42.003639,42.080997,22.811333,23125916
2010-04-13,41.926285,42.080997,41.462158,41.462158,22.475872,12667608
2010-04-14,41.771576,42.158352,41.384804,42.080997,22.811333,12393546
2010-04-15,42.235706,42.390415,41.694221,42.313061,22.937134,22560986
2010-04-16,42.158352,42.313061,41.462158,41.616867,22.559731,16795343
2010-04-19,40.843319,40.998028,39.682999,39.760353,21.553356,39953578
2010-04-20,40.069771,40.22448,39.837708,39.992416,21.679152,24536301
2010-04-21,40.22448,40.611256,40.147125,40.301834,21.846884,16036502
2010-04-22,40.147125,40.147125,39.141514,39.52829,21.427557,36046903
2010-04-23,39.52829,39.682999,39.141514,39.296223,21.301758,33707034
2010-04-26,39.837708,40.68861,39.682999,40.68861,22.056545,40155247
2010-04-27,40.68861,40.68861,40.069771,40.22448,21.804947,13030870
2010-04-28,39.218868,39.915062,39.141514,39.450935,21.385622,31907533
2010-04-29,39.450935,39.682999,39.064159,39.141514,21.217892,41207541
2010-04-30,39.450935,40.147125,38.909451,39.064159,21.175962,47255002
2010-05-03,38.832096,39.296223,38.367966,38.600033,20.924366,37362917
2010-05-04,39.373577,39.52829,38.754742,38.832096,21.050158,35913750
2010-05-05,38.058548,38.522675,38.058548,38.290611,20.756634,39678224
2010-05-06,38.522675,39.296223,38.367966,38.754742,21.008226,49294954
2010-05-07,38.290611,38.909451,37.903839,38.406643,20.819529,44890572
2010-05-10,38.561356,38.832096,38.058548,38.329288,20.777599,22435590
2010-05-11,38.677387,39.064159,37.517063,37.710449,20.442139,37105661
2010-05-12,37.903839,38.367966,37.865162,38.097225,20.651804,20077623
2010-05-13,38.754742,39.682999,38.677387,39.52829,21.427557,45702416
2010-05-14,39.450935,39.52829,39.141514,39.450935,21.385622,14502014
2010-05-17,38.909451,39.064159,37.981194,38.17458,20.693733,26748188
2010-05-18,38.44532,38.832096,38.17458,38.561356,20.9034,16158020
2010-05-19,38.329288,38.677387,38.097225,38.329288,20.777599,16053308
2010-05-20,38.44532,38.483997,37.517063,37.55574,20.358276,20018157
2010-05-21,36.434097,36.627483,35.544518,36.047325,19.54059,29614203
2010-05-24,36.550129,36.550129,36.086002,36.202034,19.624454,16322199
2010-05-25,35.737904,35.815258,34.461552,34.925678,18.932564,35350113
2010-05-26,35.351131,36.163357,34.306843,36.163357,19.603491,73174541
2010-05-27,35.853935,36.279388,35.273777,36.086002,19.561554,24957736
2010-05-28,36.356743,36.550129,35.815258,36.318066,19.687349,21524205
2010-05-31,36.356743,36.704838,36.086002,36.704838,19.897017,13807809
2010-06-01,36.356743,36.356743,35.660549,35.699226,19.351892,22183505
2010-06-02,35.583195,35.969971,34.964355,35.2351,19.1003,16891006
2010-06-03,35.892612,36.240711,35.815258,36.240711,19.645422,23359903
2010-06-04,36.12468,36.163357,35.50584,35.544518,19.26803,22617867
2010-06-07,34.268166,34.693615,33.765358,34.036098,18.450342,39966506
2010-06-08,33.26255,34.34552,33.26255,34.036098,18.450342,32705157
2010-06-09,34.036098,34.15213,33.069164,33.339905,18.072948,28803652
2010-06-10,33.88139,33.920067,33.185196,33.920067,18.387444,19957398
2010-06-11,34.654938,35.544518,34.500229,35.196423,19.07933,41394989
2010-06-14,35.969971,36.240711,35.660549,36.086002,19.561554,32020002
2010-06-15,36.086002,37.362354,35.853935,37.168968,20.148615,40968383
2010-06-17,37.285,37.594418,36.898228,36.898228,20.00185,36583392
2010-06-18,36.898228,37.130291,36.588806,36.898228,20.00185,11619192
2010-06-21,37.594418,38.213257,37.517063,38.019871,20.609873,33209327
2010-06-22,37.826485,38.251934,37.594418,38.17458,20.693733,20970910
2010-06-23,37.903839,38.135902,37.633095,37.903839,20.546974,9183660
2010-06-24,37.981194,38.058548,37.362354,37.826485,20.505039,16513525
2010-06-25,37.207645,38.44532,37.207645,37.942516,20.567934,36955702
2010-06-28,38.329288,38.986805,37.942516,38.754742,21.008226,39569633
2010-06-29,38.832096,39.296223,37.903839,37.903839,20.546974,28896730
2010-06-30,37.130291,37.478386,36.85955,37.168968,20.148615,22688968
2010-07-01,37.130291,37.207645,36.743515,36.820869,19.959915,6907136
2010-07-02,36.047325,38.058548,36.047325,37.130291,20.127645,28527005
2010-07-05,36.936905,37.362354,36.743515,37.130291,20.127645,31245648
2010-07-06,36.898228,37.710449,36.666161,37.710449,20.65732,31292186
2010-07-07,37.710449,37.826485,37.168968,37.826485,20.720882,13978452
2010-07-08,38.290611,38.522675,37.594418,38.17458,20.911566,28598106
2010-07-09,38.677387,38.986805,38.213257,38.909451,21.314116,31846774
2010-07-12,38.677387,38.909451,38.058548,38.135902,20.890379,25628670
2010-07-13,38.367966,38.44532,37.826485,38.058548,20.848001,10622486
2010-07-14,38.329288,39.296223,38.329288,39.296223,21.525986,48713219
2010-07-15,39.064159,39.450935,38.909451,39.296223,21.525986,24775459
2010-07-16,39.52829,40.456547,39.141514,40.456547,22.1616,64429120
2010-07-19,40.22448,40.301834,39.218868,39.373577,21.568357,26169038
2010-07-20,39.373577,39.837708,38.522675,39.837708,21.822607,39764838
2010-07-21,39.915062,39.992416,38.986805,39.450935,21.610735,26165159
2010-07-22,39.52829,39.992416,39.064159,39.064159,21.398865,17940715
2010-07-23,39.682999,39.837708,39.141514,39.141514,21.44124,24858194
2010-07-26,39.52829,39.605644,38.832096,39.141514,21.44124,20974788
2010-07-27,39.141514,39.296223,38.522675,38.522675,21.102245,14810980
2010-07-28,38.600033,39.218868,38.600033,38.986805,21.356491,18408689
2010-07-29,39.064159,39.450935,38.754742,39.450935,21.610735,15514233
2010-07-30,39.218868,39.373577,38.754742,38.986805,21.356491,10918524
2010-08-02,39.141514,40.611256,39.141514,40.611256,22.246346,50258049
2010-08-03,40.611256,40.765965,40.069771,40.611256,22.246346,30387265
2010-08-04,41.098591,41.667149,41.098591,41.504704,22.735764,35174977
2010-08-05,41.504704,41.748371,41.017368,41.179813,22.557793,23205389
2010-08-06,40.936146,41.261036,40.692478,41.098591,22.513302,19537686
2010-08-09,40.854923,41.910816,40.854923,41.748371,22.869247,17956844
2010-08-10,41.829594,41.829594,41.179813,41.179813,22.557793,12634428
2010-08-11,41.017368,41.261036,40.489422,40.570644,22.2241,19224965
2010-08-12,40.164532,40.448811,40.002087,40.12392,21.979387,17402810
2010-08-13,40.367588,40.448811,39.79903,40.286366,22.068378,16260270
2010-08-16,40.205143,40.245754,39.961475,40.245754,22.046127,14712669
2010-08-17,40.326977,40.408199,40.083309,40.205143,22.023882,10783956
2010-08-18,40.205143,40.367588,39.79903,40.002087,21.912653,20979405
2010-08-19,39.880253,39.880253,38.986805,39.189861,21.46773,33329429
2010-08-20,39.47414,39.79903,39.392918,39.717808,21.756926,14305147
2010-08-23,39.717808,40.408199,39.392918,40.286366,22.068378,17571483
2010-08-24,40.530033,40.530033,39.880253,40.083309,21.957142,19287756
2010-08-25,39.79903,39.79903,38.418247,38.418247,21.045042,46964812
2010-08-26,38.418247,38.580692,37.809078,37.930912,20.778086,23893622
2010-08-27,37.971523,38.133968,37.727856,37.849689,20.733595,19397331
2010-08-30,38.012135,38.49947,37.727856,37.768467,20.689104,25678841
2010-08-31,37.809078,37.809078,37.362354,37.443577,20.511129,24450118
2010-09-01,37.646633,38.093357,37.524799,37.930912,20.778086,17943301
2010-09-02,38.377636,38.418247,37.768467,37.809078,20.711349,11879711
2010-09-03,37.971523,38.337025,37.809078,37.890301,20.755838,18832217
2010-09-06,38.17458,38.743137,38.133968,38.458858,21.067284,21108680
2010-09-07,38.580692,38.580692,38.17458,38.17458,20.911566,10060018
2010-09-08,38.17458,38.621304,37.565411,37.768467,20.689104,15633596
2010-09-09,38.093357,38.093357,37.402966,37.484188,20.533377,16371077
2010-09-10,37.768467,38.17458,37.687244,38.17458,20.911566,27034377
2010-09-13,38.580692,39.514751,38.377636,39.392918,21.578953,63068722
2010-09-14,39.555363,39.555363,39.068027,39.47414,21.623449,24863796
2010-09-15,39.47414,39.920864,39.392918,39.79903,21.80142,34665266
2010-09-16,39.961475,40.002087,39.555363,39.555363,21.66794,20110188
2010-09-17,39.961475,39.961475,39.555363,39.555363,21.66794,24605247
2010-09-20,39.636585,39.880253,39.555363,39.79903,21.80142,13343591
2010-09-21,39.961475,39.961475,39.311695,39.717808,21.756926,17235369
2010-09-23,39.717808,39.79903,39.311695,39.352306,21.556709,24261746
2010-09-24,39.14925,39.79903,39.14925,39.595974,21.690187,21635627
2010-09-27,39.79903,39.839642,39.189861,39.189861,21.46773,22197048
2010-09-28,39.189861,39.392918,38.864971,38.905582,21.312004,19923048
2010-09-29,38.986805,39.47414,38.986805,38.986805,21.356491,28343127
2010-09-30,38.986805,39.027416,38.580692,38.783749,21.245262,25199910
2010-10-01,38.986805,39.108639,38.783749,38.783749,21.245262,16806916
2010-10-04,38.783749,40.205143,38.743137,39.717808,21.756926,67203044
2010-10-05,39.514751,39.839642,39.14925,39.433529,21.6012,23020711
2010-10-06,40.083309,40.367588,39.758419,39.79903,21.80142,30831354
2010-10-07,40.042698,40.489422,39.961475,40.002087,21.912653,38890696
2010-10-08,40.205143,40.245754,39.392918,39.433529,21.6012,20820582
2010-10-11,39.47414,39.717808,38.864971,38.864971,21.289753,23804976
2010-10-12,38.986805,38.986805,38.052746,38.133968,20.889318,42509151
2010-10-13,38.133968,38.337025,37.768467,37.930912,20.778086,29379786
2010-10-14,38.49947,38.743137,38.255802,38.296413,20.978304,21636858
2010-10-15,38.418247,38.540081,38.215191,38.377636,21.022797,14931821
2010-10-18,38.377636,38.377636,37.768467,37.849689,20.733595,19074761
2010-10-19,37.849689,38.012135,37.687244,37.890301,20.755838,16095291
2010-10-20,37.768467,38.133968,37.646633,38.052746,20.844826,14930589
2010-10-21,38.17458,38.377636,37.606022,37.606022,20.600115,23796358
2010-10-22,38.17458,38.17458,37.687244,37.768467,20.689104,14734831
2010-10-25,37.768467,38.337025,37.768467,38.296413,20.978304,19441654
2010-10-26,38.540081,38.702526,38.17458,38.49947,21.089535,14790234
2010-10-27,38.743137,38.905582,38.17458,38.17458,20.911566,15381203
2010-10-28,38.255802,38.580692,37.849689,38.255802,20.956055,33347897
2010-10-29,38.418247,38.418247,38.012135,38.052746,20.844826,12666439
2010-11-01,38.337025,38.743137,38.337025,38.702526,21.200764,26046966
2010-11-02,38.905582,39.311695,38.905582,38.986805,21.356491,27995933
2010-11-03,39.311695,39.352306,38.743137,38.82436,21.267509,19146169
2010-11-04,38.986805,39.392918,38.82436,38.905582,21.312004,14711438
2010-11-05,39.392918,39.717808,39.230473,39.514751,21.645697,29741754
2010-11-08,39.880253,39.920864,39.595974,39.636585,21.712437,22598414
2010-11-09,39.636585,39.717808,39.189861,39.271084,21.512215,17495149
2010-11-10,39.189861,39.392918,39.027416,39.230473,21.489967,12150572
2010-11-11,39.14925,39.555363,39.14925,39.514751,21.645697,11634705
2010-11-12,39.433529,39.433529,38.580692,38.621304,21.156277,24686505
2010-11-15,38.580692,38.580692,38.17458,38.215191,20.933811,13325123
2010-11-16,38.093357,38.458858,37.930912,38.458858,21.067284,11887098
2010-11-17,38.255802,38.255802,37.971523,38.012135,20.822578,21793219
2010-11-18,38.17458,38.255802,37.809078,38.012135,20.822578,22530699
2010-11-19,38.17458,38.337025,37.687244,37.727856,20.666857,27025758
2010-11-22,38.093357,38.133968,37.727856,37.930912,20.778086,14883804
2010-11-23,38.012135,38.093357,37.646633,37.687244,20.644611,16016495
2010-11-24,37.524799,37.849689,37.321743,37.402966,20.488886,34929971
2010-11-25,37.727856,37.727856,37.443577,37.484188,20.533377,16598846
2010-11-26,37.727856,37.727856,37.443577,37.443577,20.511129,19957521
2010-11-29,37.768467,37.809078,37.362354,37.402966,20.488886,21560525
2010-11-30,37.524799,37.687244,37.402966,37.402966,20.488886,21175164
2010-12-01,37.768467,38.540081,37.443577,38.540081,21.111782,60106489
2010-12-02,38.864971,39.14925,38.337025,38.418247,21.045042,43736643
2010-12-03,38.540081,38.621304,38.215191,38.215191,20.933811,18350823
2010-12-06,38.540081,39.108639,38.418247,38.743137,21.223015,32572250
2010-12-07,38.986805,38.986805,38.661915,38.905582,21.312004,17570252
2010-12-08,38.905582,38.986805,38.337025,38.337025,21.000551,29413028
2010-12-09,38.905582,38.946194,38.17458,38.255802,20.956055,26917414
2010-12-10,38.255802,38.337025,38.052746,38.133968,20.889318,17580101
2010-12-13,38.17458,38.337025,38.093357,38.093357,20.867071,19952596
2010-12-14,38.215191,38.215191,37.646633,37.768467,20.689104,42434048
2010-12-15,37.768467,38.093357,37.443577,37.768467,20.689104,28071035
2010-12-16,37.768467,38.052746,37.484188,37.524799,20.55562,40749786
2010-12-17,37.606022,38.052746,37.484188,37.687244,20.644611,31077591
2010-12-20,38.17458,38.296413,37.809078,37.849689,20.733595,31012338
2010-12-21,38.093357,38.337025,37.687244,38.337025,21.000551,59601703
2010-12-22,38.337025,38.49947,38.17458,38.255802,20.956055,26161466
2010-12-23,38.540081,38.946194,38.377636,38.661915,21.178516,40808883
2010-12-24,38.82436,39.271084,38.702526,38.864971,21.289753,44753602
2010-12-27,39.271084,39.758419,39.14925,39.636585,21.712437,63489787
2010-12-28,39.717808,39.717808,39.068027,39.311695,21.534462,36525588
2010-12-29,39.392918,40.12392,39.271084,39.839642,21.823662,74448572
2010-12-30,40.448811,40.448811,39.717808,39.79903,21.80142,61139454
2010-12-31,40.205143,42.479374,40.042698,41.992039,23.002722,168580111
2011-01-03,42.560596,43.291599,42.154484,43.129154,23.625618,132897885
2011-01-04,43.129154,43.129154,42.073261,42.154484,23.091711,75821344
2011-01-05,42.804264,44.26627,42.316929,42.723042,23.403154,169844539
2011-01-06,43.047932,43.129154,41.910816,42.804264,23.447649,82858802
2011-01-07,42.479374,42.560596,41.585926,42.073261,23.047213,71568828
2011-01-10,42.398151,42.560596,41.910816,42.235706,23.136198,41715036
2011-01-11,42.235706,43.047932,41.910816,42.966709,23.536634,53134284
2011-01-12,43.454044,44.103825,43.210377,43.778934,23.981564,87744147
2011-01-13,44.509937,44.997272,44.26627,44.672382,24.47098,134456566
2011-01-14,44.59116,44.672382,44.022602,44.59116,24.426487,48692166
2011-01-17,44.59116,44.672382,43.454044,43.454044,23.803587,43261405
2011-01-18,43.454044,44.428715,43.454044,44.103825,24.159534,38996578
2011-01-19,44.347492,44.509937,43.697712,44.26627,24.248518,34970600
2011-01-20,43.94138,44.347492,43.697712,43.697712,23.937075,25581577
2011-01-21,43.210377,43.454044,42.723042,43.047932,23.581125,40503549
2011-01-24,42.804264,43.454044,42.804264,43.372822,23.7591,19031669
2011-01-25,43.697712,43.778934,43.372822,43.535267,23.848083,27966384
2011-01-26,43.697712,44.022602,43.454044,43.535267,23.848083,21842466
2011-01-27,43.535267,43.94138,43.372822,43.535267,23.848083,29610017
2011-01-28,43.535267,44.103825,43.535267,43.860157,24.026052,36420937
2011-02-08,44.185047,44.185047,42.966709,43.047932,23.581125,35069095
2011-02-09,43.129154,43.616489,42.966709,43.047932,23.581125,27508383
2011-02-10,42.560596,42.641819,41.423481,41.423481,22.691275,64718511
2011-02-11,41.017368,41.017368,38.743137,39.189861,21.46773,96789669
2011-02-14,39.392918,39.79903,39.189861,39.189861,21.46773,39427493
2011-02-15,39.14925,39.514751,38.418247,39.311695,21.534462,33469785
2011-02-16,39.311695,39.920864,39.271084,39.392918,21.578953,26639166
2011-02-17,39.433529,39.433529,38.905582,38.905582,21.312004,25646830
2011-02-18,39.636585,40.367588,39.392918,39.961475,21.890404,45654830
2011-02-21,39.961475,39.961475,39.433529,39.514751,21.645697,19999381
2011-02-22,38.986805,39.068027,38.580692,38.82436,21.267509,41149922
2011-02-23,38.580692,39.068027,38.418247,38.418247,21.045042,24654495
2011-02-24,38.661915,39.068027,38.418247,38.418247,21.045042,18045489
2011-02-25,38.580692,38.864971,38.012135,38.49947,21.089535,34964444
2011-03-01,38.580692,39.108639,38.580692,39.068027,21.400982,16444948
2011-03-02,38.905582,38.986805,38.418247,38.418247,21.045042,17220595
2011-03-03,38.49947,39.352306,38.49947,39.14925,21.445475,23651078
2011-03-04,39.636585,39.636585,39.230473,39.433529,21.6012,22246295
2011-03-07,39.392918,39.636585,39.027416,39.392918,21.578953,12156728
2011-03-08,39.230473,39.555363,39.027416,39.108639,21.423233,10631289
2011-03-09,39.636585,39.677197,39.311695,39.514751,21.645697,18035640
2011-03-10,39.392918,39.677197,38.82436,38.905582,21.312004,17512386
2011-03-11,38.418247,38.82436,38.418247,38.783749,21.245262,24024127
2011-03-14,38.012135,38.093357,36.225239,37.402966,20.488886,42486989
2011-03-15,37.362354,37.362354,34.803844,35.737904,19.576782,77352939
2011-03-16,36.225239,36.712574,35.169346,35.494236,19.443304,48186148
2011-03-17,34.803844,35.088123,34.357121,34.96629,19.154104,30663912
2011-03-18,35.737904,35.900349,35.413013,35.656681,19.532293,30832585
2011-03-21,35.819126,36.306461,35.575459,36.306461,19.888229,24708667
2011-03-22,36.550129,37.443577,36.509518,36.996853,20.266422,33404532
2011-03-23,37.037464,37.078075,36.59074,36.996853,20.266422,18134135
2011-03-24,37.159298,37.24052,36.793797,36.875019,20.19968,10948935
2011-03-25,37.281132,37.362354,36.712574,36.91563,20.221928,18386528
2011-03-28,36.91563,37.524799,36.91563,37.362354,20.466637,31052967
2011-03-29,37.321743,37.971523,37.159298,37.971523,20.800333,25373507
2011-03-30,38.093357,39.068027,38.093357,38.905582,21.312004,36862933
2011-03-31,39.108639,39.555363,38.621304,39.433529,21.6012,40001225
2011-04-01,39.433529,39.433529,38.661915,39.14925,21.445475,13002552
2011-04-06,39.392918,39.392918,38.82436,38.986805,21.356491,35914920
2011-04-07,38.986805,39.068027,38.17458,38.540081,21.111782,24656957
2011-04-08,38.17458,38.946194,38.093357,38.621304,21.156277,26354762
2011-04-11,38.418247,38.458858,37.727856,37.727856,20.666857,27617959
2011-04-12,37.524799,37.727856,37.443577,37.687244,20.644611,14094614
2011-04-13,37.687244,37.890301,37.524799,37.890301,20.755838,8761117
2011-04-14,38.093357,38.133968,37.727856,37.768467,20.689104,8652773
2011-04-15,37.971523,38.012135,37.118687,37.199909,20.377647,15099262
2011-04-18,37.199909,37.443577,36.956242,36.996853,20.266422,15628672
2011-04-19,36.59074,36.712574,36.022182,36.26585,19.865984,30991408
2011-04-20,36.671963,36.956242,36.468906,36.956242,20.244173,25028775
2011-04-21,37.362354,38.661915,37.321743,38.093357,20.867071,45626513
2011-04-22,38.418247,38.661915,38.215191,38.418247,21.045042,20298559
2011-04-25,39.14925,39.880253,39.027416,39.027416,21.37874,42736920
2011-04-26,38.215191,38.377636,37.809078,38.012135,20.822578,31786754
2011-04-27,38.337025,38.82436,38.296413,38.661915,21.178516,25101415
2011-04-28,38.946194,39.068027,38.296413,38.580692,21.134027,18698018
2011-04-29,38.986805,39.311695,38.49947,38.82436,21.267509,29597705
2011-05-03,38.82436,39.068027,38.255802,38.580692,21.134027,17717994
2011-05-04,38.82436,38.82436,37.849689,38.052746,20.844826,21181319
2011-05-05,38.17458,38.540081,37.890301,38.17458,20.911566,27814948
2011-05-06,38.17458,38.17458,37.606022,37.687244,20.644611,27631502
2011-05-09,37.687244,38.702526,37.687244,38.215191,20.933811,27102092
2011-05-10,38.296413,38.377636,38.052746,38.255802,20.956055,13251252
2011-05-11,38.580692,38.580692,37.890301,38.012135,20.822578,16243033
2011-05-12,37.890301,37.890301,37.524799,37.524799,20.55562,28585671
2011-05-13,37.606022,38.012135,37.606022,37.930912,20.778086,14166023
2011-05-16,38.17458,38.17458,37.606022,37.809078,20.711349,16436330
2011-05-17,38.17458,38.17458,37.484188,37.524799,20.55562,22741232
2011-05-18,37.524799,37.687244,37.118687,37.281132,20.422146,22940684
2011-05-19,37.362354,37.890301,36.834408,36.91563,20.221928,33778812
2011-05-20,37.321743,37.362354,36.834408,36.91563,20.221928,14937976
2011-05-23,36.834408,36.834408,36.387684,36.468906,19.977219,25513862
2011-05-24,36.712574,36.875019,36.468906,36.875019,20.19968,14781616
2011-05-25,36.875019,37.078075,36.59074,36.753185,20.132942,16144539
2011-05-26,37.362354,37.362354,36.793797,36.91563,20.221928,12485454
2011-05-27,36.91563,37.159298,36.428295,36.468906,19.977219,29937513
2011-05-30,36.468906,36.834408,36.428295,36.753185,20.132942,11914184
2011-05-31,36.875019,37.930912,36.834408,37.890301,20.755838,30871983
2011-06-01,37.890301,38.093357,37.809078,37.971523,20.800333,20671609
2011-06-02,37.606022,38.052746,37.524799,38.012135,20.822578,17438515
2011-06-03,38.17458,38.255802,37.809078,38.012135,20.822578,12156728
2011-06-07,37.606022,38.012135,37.443577,37.930912,20.778086,10963709
2011-06-08,38.012135,38.012135,37.565411,37.809078,20.711349,6647171
2011-06-09,37.606022,37.849689,37.524799,37.768467,20.689104,11365075
2011-06-10,38.012135,38.17458,36.793797,36.793797,20.155188,24668038
2011-06-13,36.631351,36.793797,36.306461,36.306461,19.888229,22730151
2011-06-14,36.387684,36.753185,36.387684,36.59074,20.043961,13221703
2011-06-15,36.550129,36.712574,36.144016,36.712574,20.110699,28014401
2011-06-16,36.144016,36.428295,36.144016,36.225239,19.843739,15191601
2011-06-17,36.225239,36.468906,35.575459,35.575459,19.487799,35582499
2011-06-20,36.144016,36.144016,35.169346,35.169346,19.265337,16898024
2011-06-21,35.250568,35.859737,35.209957,35.534847,19.465549,17014987
2011-06-22,35.656681,36.225239,35.575459,35.61607,19.510046,23199233
2011-06-23,35.534847,35.534847,34.925678,34.925678,19.131855,26847236
2011-06-24,34.844456,35.047512,34.600788,34.600788,18.953884,24706204
2011-06-27,34.438343,34.438343,34.113453,34.154064,18.709175,39086454
2011-06-28,34.072842,34.235287,33.910397,33.991619,18.889723,17698295
2011-06-29,34.519566,35.697292,34.316509,35.575459,19.769892,39369627
2011-06-30,35.575459,36.103405,35.575459,36.103405,20.063284,31246263
2011-07-01,36.225239,36.387684,35.94096,36.103405,20.063284,24459967
2011-07-04,36.306461,36.306461,35.778515,35.900349,19.950439,14382712
2011-07-05,35.900349,36.184628,35.737904,35.819126,19.9053,14889960
2011-07-06,35.981571,36.26585,35.859737,36.26585,20.153549,10383820
2011-07-07,36.26585,36.712574,35.981571,36.550129,20.311533,15468618
2011-07-08,36.550129,36.712574,35.819126,35.900349,19.950439,15748097
2011-07-11,36.509518,36.631351,36.103405,36.225239,20.130985,19226196
2011-07-12,35.819126,35.94096,35.331791,35.413013,19.679619,18819905
2011-07-13,35.413013,35.697292,35.169346,35.331791,19.63448,15735785
2011-07-14,35.331791,35.61607,34.763233,35.209957,19.566772,14983530
2011-07-15,35.250568,36.347073,35.169346,36.144016,20.085846,30306868
2011-07-18,35.981571,36.712574,35.778515,36.509518,20.28896,26364612
2011-07-19,36.550129,36.550129,35.981571,36.550129,20.311533,16002952
2011-07-20,36.793797,37.362354,36.712574,37.362354,20.762899,35290708
2011-07-21,37.362354,37.362354,36.875019,37.159298,20.650061,11582995
2011-07-22,37.362354,37.524799,37.078075,37.199909,20.672621,16508969
2011-07-25,37.321743,37.443577,36.712574,36.753185,20.424372,11192709
2011-07-26,37.199909,37.199909,36.59074,36.996853,20.559784,16053431
2011-07-27,36.712574,36.875019,36.712574,36.793797,20.446938,14462739
2011-07-28,36.78405,36.78405,36.328392,36.328392,20.188311,24081752
2011-07-29,36.245544,36.535507,35.541348,35.789886,19.889051,36756930
2011-08-01,36.121277,36.618355,36.079849,36.286968,20.165289,28090348
2011-08-02,36.038429,36.369816,35.707039,35.789886,19.889051,18745406
2011-08-03,35.292805,35.334229,34.795723,34.961418,19.428658,39884383
2011-08-04,34.961418,35.541348,34.795723,34.795723,19.336575,38674924
2011-08-05,32.393162,33.014515,32.393162,32.393162,18.001434,62615452
2011-08-08,31.937504,31.937504,30.156294,30.156294,16.758373,68306669
2011-08-09,28.085119,29.16213,28.085119,28.830742,16.021738,112779030
2011-08-10,30.819069,30.819069,30.23914,30.819069,17.126682,77267770
2011-08-11,30.777645,32.683125,30.736221,32.641701,18.139549,110404773
2011-08-12,32.973091,33.180206,31.730387,32.103195,17.840294,99158736
2011-08-15,32.724548,32.724548,32.061775,32.186043,17.886333,32703673
2011-08-16,32.476009,32.476009,32.144623,32.144623,17.863316,22185484
2011-08-17,32.558853,32.558853,31.89608,31.978928,17.771238,28966662
2011-08-18,31.730387,31.730387,30.404835,30.653376,17.034607,57590524
2011-08-19,29.244978,29.74206,28.996435,29.2864,16.274952,59211586
2011-08-22,30.23914,30.48768,29.369247,29.907753,16.620249,37280787
2011-08-23,29.990601,30.860493,29.700636,30.736221,17.080643,31448347
2011-08-24,30.736221,30.736221,29.783482,30.363411,16.873465,36353777
2011-08-25,30.653376,30.653376,29.534941,29.576365,16.436092,37352003
2011-08-26,29.824905,30.032022,29.493519,29.824905,16.574209,18784032
2011-08-29,30.073446,30.611952,29.907753,30.156294,16.758373,14968563
2011-08-30,30.611952,30.611952,30.23914,30.363411,16.873465,15138756
2011-08-31,30.446259,30.694799,30.321987,30.653376,17.034607,13527351
2011-09-01,31.026188,32.724548,30.94334,31.854656,17.702175,65637893
2011-09-02,32.310314,32.558853,31.771809,31.771809,17.656137,34593906
2011-09-05,31.026188,31.026188,30.23914,30.321987,16.850445,40796909
2011-09-06,30.156294,30.156294,29.410671,29.907753,16.620249,38171587
2011-09-07,30.48768,30.653376,30.073446,30.48768,16.942524,19847438
2011-09-08,30.653376,31.06761,30.073446,30.363411,16.873465,23413049
2011-09-09,30.48768,30.777645,30.363411,30.653376,17.034607,17707348
2011-09-13,30.032022,30.073446,29.203552,29.493519,16.390053,33478596
2011-09-14,29.824905,29.824905,28.416508,28.789318,15.998715,42881476
2011-09-15,29.783482,29.783482,29.2864,29.410671,16.344011,20934986
2011-09-16,30.404835,30.653376,29.990601,29.990601,16.66629,33459283
2011-09-19,29.576365,29.74206,28.789318,29.534941,16.413071,37300100
2011-09-20,29.203552,29.576365,28.913589,29.493519,16.390053,29397577
2011-09-21,29.037859,29.659212,29.037859,29.369247,16.320993,34335598
2011-09-22,28.747894,28.996435,28.416508,28.789318,15.998715,36053223
2011-09-23,28.167967,28.623625,27.919424,28.126543,15.630397,40883816
2011-09-26,28.33366,28.33366,28.33366,28.33366,15.745499,74504844
2011-09-27,28.955013,29.120707,28.416508,29.079283,16.159855,37823958
2011-09-28,29.079283,29.16213,28.499353,29.16213,16.205896,32604696
2011-09-29,28.582201,29.203552,28.540777,29.079283,16.159855,21946489
2011-09-30,29.244978,29.534941,28.913589,29.16213,16.205896,32076010
2011-10-03,28.416508,28.416508,27.339497,27.588037,15.331143,56585056
2011-10-04,26.925262,27.505192,26.676722,27.339497,15.193023,28592478
2011-10-05,27.339497,27.339497,26.386757,26.676722,14.824707,40455315
2011-10-06,27.049532,28.002272,27.049532,27.919424,15.515303,35648863
2011-10-07,28.623625,28.623625,28.582201,28.582201,15.883617,33560675
2011-10-11,28.996435,29.327824,28.830742,28.830742,16.021738,30154395
2011-10-12,28.375084,28.582201,28.250813,28.540777,15.8606,14663181
2011-10-13,28.747894,28.789318,28.292236,28.582201,15.883617,15196694
2011-10-14,28.582201,28.582201,28.126543,28.126543,15.630397,9653944
2011-10-17,28.582201,28.582201,28.209391,28.540777,15.8606,13750655
2011-10-18,27.836578,28.085119,27.629461,27.712309,15.400202,11756617
2011-10-19,28.085119,28.085119,27.753733,27.919424,15.515303,7156569
2011-10-20,28.085119,28.085119,27.173803,27.298073,15.170004,14438670
2011-10-21,27.339497,27.629461,27.256651,27.546614,15.308123,6349056
2011-10-24,28.085119,28.996435,28.085119,28.996435,16.113813,25516928
2011-10-25,28.996435,29.079283,28.540777,28.706472,15.952678,20128680
2011-10-26,28.375084,28.913589,28.292236,28.830742,16.021738,12048721
2011-10-27,28.955013,29.244978,28.706472,28.955013,16.090796,19175114
2011-10-28,29.990601,30.570528,29.659212,29.824905,16.574209,56418484
2011-10-31,29.990601,30.404835,29.659212,29.949177,16.64327,27687195
2011-11-01,29.493519,30.073446,29.203552,29.327824,16.29797,29367401
2011-11-02,28.085119,28.706472,27.919424,28.665049,15.929656,27554420
2011-11-03,28.665049,28.665049,27.546614,27.546614,15.308123,35680246
2011-11-04,28.582201,28.623625,28.043695,28.085119,15.60738,27473548
2011-11-07,28.167967,28.250813,27.878002,28.085119,15.60738,10858575
2011-11-08,28.706472,28.706472,28.167967,28.209391,15.676437,13559942
2011-11-09,28.582201,28.665049,28.209391,28.209391,15.676437,11453648
2011-11-10,27.339497,27.588037,26.676722,26.718145,14.847728,34117123
2011-11-11,27.173803,27.256651,26.800991,27.173803,15.100946,12141664
2011-11-14,27.670885,27.878002,27.505192,27.712309,15.400202,10828399
2011-11-15,27.629461,27.836578,27.422344,27.588037,15.331143,9256827
2011-11-16,27.670885,27.878002,26.842415,26.842415,14.916787,19784672
2011-11-17,26.511026,26.676722,26.096792,26.428181,14.686592,22500523
2011-11-18,25.765404,26.386757,25.765404,26.013945,14.456392,32825585
2011-11-21,25.848251,26.17964,25.268324,25.268324,14.042038,29037878
2011-11-22,25.35117,25.806828,25.185476,25.434017,14.134115,16285449
2011-11-23,25.268324,25.35117,24.688395,24.688395,13.719764,35432802
2011-11-24,24.77124,25.931099,24.77124,25.806828,14.341292,36363433
2011-11-25,25.848251,26.345333,25.144053,25.35117,14.088076,33359099
2011-11-28,25.682558,26.17964,25.682558,26.013945,14.456392,15211179
2011-11-29,26.303909,26.55245,26.096792,26.096792,14.502433,23661700
2011-11-30,25.723982,25.806828,25.061205,25.268324,14.042038,34515448
2011-12-01,27.008108,27.008108,26.635298,27.008108,15.00887,63181556
2011-12-02,27.008108,27.008108,26.221064,26.593874,14.778668,25833174
2011-12-05,26.759567,26.842415,26.221064,26.428181,14.686592,18835935
2011-12-06,26.096792,26.262486,25.889675,25.931099,14.410356,15196694
2011-12-07,26.345333,26.428181,26.096792,26.386757,14.663572,14704220
2011-12-08,26.013945,26.17964,25.59971,25.931099,14.410356,21932005
2011-12-09,25.268324,26.055368,25.019781,25.889675,14.387335,19717077
2011-12-12,26.17964,26.262486,25.723982,25.848251,14.364316,7531960
2011-12-13,25.682558,25.682558,25.226898,25.35117,14.088076,10689589
2011-12-14,25.35117,25.558287,25.185476,25.35117,14.088076,8847638
2011-12-15,24.978357,24.978357,24.605547,24.688395,13.719764,26959347
2011-12-16,24.605547,24.936935,24.357006,24.688395,13.719764,20862563
2011-12-19,24.439854,24.439854,23.44569,23.44569,13.02917,29750034
2011-12-20,23.652807,23.735655,23.197149,23.197149,12.891051,28521263
2011-12-21,24.812664,24.812664,24.812664,24.812664,13.788819,15469487
2011-12-22,25.268324,26.469604,25.226898,25.806828,14.341292,68706201
2011-12-23,27.339497,27.588037,26.718145,27.588037,15.331143,42049822
2011-12-26,27.753733,28.002272,27.546614,27.588037,15.331143,65579954
2011-12-27,27.38092,27.505192,27.090956,27.38092,15.216044,27101778
2011-12-28,27.422344,27.546614,27.13238,27.215225,15.123967,18528138
2011-12-29,27.13238,27.298073,26.842415,27.13238,15.077926,26156662
2011-12-30,27.629461,27.836578,27.090956,27.090956,15.054908,31995138
2012-01-02,27.215225,27.215225,25.931099,26.262486,14.594509,45833907
2012-01-03,26.511026,27.339497,26.511026,27.049532,15.031887,60481397
2012-01-04,27.173803,27.422344,26.800991,26.966684,14.985848,47736210
2012-01-05,27.008108,27.256651,26.842415,27.256651,15.146987,48122464
2012-01-06,27.256651,27.256651,26.718145,26.759567,14.870747,22436550
2012-01-09,26.676722,26.759567,26.17964,26.262486,14.594509,16225097
2012-01-10,26.469604,26.800991,26.469604,26.718145,14.847728,16365114
2012-01-11,26.842415,26.925262,26.428181,26.676722,14.824707,16645148
2012-01-12,26.759567,26.759567,26.345333,26.593874,14.778668,19589131
2012-01-13,26.925262,27.090956,26.800991,26.925262,14.962827,52081572
2012-01-16,27.422344,27.463766,26.511026,26.759567,14.870747,34327149
2012-01-17,27.090956,27.256651,26.635298,27.256651,15.146987,17872713
2012-01-18,27.256651,27.256651,26.428181,26.635298,14.801687,25522963
2012-01-30,27.339497,27.588037,26.925262,27.008108,15.00887,32757990
2012-01-31,27.256651,28.043695,27.215225,27.96085,15.538322,39668322
2012-02-01,27.96085,28.457932,27.753733,27.919424,15.515303,38434722
2012-02-02,28.33366,28.416508,27.96085,28.33366,15.745499,33980727
2012-02-03,28.375084,28.499353,28.085119,28.085119,15.60738,23207851
2012-02-06,28.789318,28.872166,28.292236,28.416508,15.791537,25376911
2012-02-07,28.416508,28.830742,28.292236,28.33366,15.745499,21358659
2012-02-08,28.582201,29.16213,28.582201,29.120707,16.182877,30351143
2012-02-09,29.079283,29.783482,28.955013,29.659212,16.48213,54801044
2012-02-10,29.824905,30.653376,29.74206,29.783482,16.551189,50207031
2012-02-13,29.2864,29.493519,29.037859,29.120707,16.182877,40763112
2012-02-14,29.120707,29.16213,28.665049,28.955013,16.090796,26931585
2012-02-15,28.996435,29.369247,28.665049,29.327824,16.29797,24582675
2012-02-16,28.996435,29.120707,28.623625,28.747894,15.975695,23315278
2012-02-17,29.079283,29.2864,28.665049,28.665049,15.929656,22397924
2012-02-20,29.16213,29.16213,28.540777,28.582201,15.883617,17216081
2012-02-21,28.582201,28.582201,28.002272,28.416508,15.791537,21729221
2012-02-22,28.167967,28.872166,28.085119,28.499353,15.837578,19376691
2012-02-23,28.457932,28.457932,28.126543,28.126543,15.630397,14659559
2012-02-24,28.375084,28.499353,28.126543,28.167967,15.653419,15786939
2012-02-29,28.457932,28.789318,28.33366,28.665049,15.929656,26769841
2012-03-01,28.665049,28.665049,28.250813,28.250813,15.69946,15497249
2012-03-02,28.623625,28.789318,28.250813,28.250813,15.69946,17289710
2012-03-05,28.085119,28.085119,27.422344,27.422344,15.239065,24358165
2012-03-06,27.339497,27.670885,27.008108,27.298073,15.170004,21019479
2012-03-07,26.925262,27.215225,26.925262,27.008108,15.00887,14757330
2012-03-08,27.215225,27.712309,26.966684,27.38092,15.216044,25048595
2012-03-09,27.38092,27.546614,27.090956,27.339497,15.193023,19260815
2012-03-12,27.422344,27.505192,27.049532,27.049532,15.031887,13044533
2012-03-13,27.753733,28.913589,27.753733,28.913589,16.067774,64996952
2012-03-14,29.16213,29.327824,28.375084,28.375084,15.768518,65239568
2012-03-15,28.623625,28.996435,28.416508,28.457932,15.81456,29533973
2012-03-16,28.747894,28.872166,28.499353,28.623625,15.906637,17554053
2012-03-19,29.079283,29.244978,28.665049,29.16213,16.205896,35889065
2012-03-20,29.120707,29.120707,28.250813,28.33366,15.745499,34709782
2012-03-21,28.33366,28.540777,28.002272,28.002272,15.561341,26132521
2012-03-22,28.250813,28.872166,28.167967,28.416508,15.791537,23170433
2012-03-23,28.830742,28.872166,28.499353,28.665049,15.929656,13874980
2012-03-26,28.747894,28.747894,27.836578,27.836578,15.469263,31299880
2012-03-27,28.085119,28.167967,27.878002,28.167967,15.653419,11336565
2012-03-28,28.582201,28.665049,28.043695,28.043695,15.58436,20913259
2012-03-29,28.167967,28.292236,27.422344,27.588037,15.331143,25294832
2012-03-30,27.463766,27.836578,27.298073,27.836578,15.469263,16770681
2012-04-02,27.463766,27.919424,27.38092,27.422344,15.239065,13167652
2012-04-03,27.753733,27.753733,27.008108,27.049532,15.031887,22336365
2012-04-05,26.55245,26.593874,26.262486,26.511026,14.732632,20948263
2012-04-06,26.55245,26.593874,26.262486,26.511026,14.732632,17147279
2012-04-09,26.096792,26.303909,25.889675,25.931099,14.410356,16477369
2012-04-10,26.096792,26.511026,26.096792,26.096792,14.502433,11002214
2012-04-11,25.931099,25.972523,25.765404,25.806828,14.341292,16209405
2012-04-12,26.055368,26.055368,25.765404,25.972523,14.433372,13510453
2012-04-13,26.17964,26.635298,26.17964,26.469604,14.709612,18118950
2012-04-16,26.17964,26.17964,26.013945,26.138216,14.525452,10994971
2012-04-17,26.17964,26.262486,25.765404,25.765404,14.318276,19048375
2012-04-18,26.096792,26.096792,25.682558,25.682558,14.272236,15072369
2012-04-19,25.682558,26.055368,25.59971,25.848251,14.364316,13626329
2012-04-20,25.848251,25.848251,25.35117,25.641134,14.249217,14687322
2012-04-23,25.475439,25.59971,25.35117,25.475439,14.157136,11460891
2012-04-24,25.475439,25.641134,25.309746,25.434017,14.134115,10589404
2012-04-25,25.641134,26.055368,25.516865,25.806828,14.341292,12188739
2012-04-26,25.848251,25.889675,25.35117,25.516865,14.180158,12859856
2012-04-27,25.558287,25.641134,25.226898,25.641134,14.249217,15339126
2012-04-30,25.475439,25.641134,25.309746,25.59971,14.226195,7406427
2012-05-02,25.806828,26.428181,25.806828,26.262486,14.594509,17603542
2012-05-03,26.345333,26.428181,26.138216,26.345333,14.640552,8643648
2012-05-04,26.345333,26.635298,26.013945,26.221064,14.571492,16164744
2012-05-07,25.765404,25.931099,25.35117,25.516865,14.180158,20391816
2012-05-08,26.096792,26.096792,25.682558,25.765404,14.318276,13557528
2012-05-09,25.35117,25.516865,25.185476,25.185476,13.995998,18892666
2012-05-10,25.185476,25.392593,25.019781,25.019781,13.903918,16649976
2012-05-11,25.019781,25.185476,24.646971,24.77124,13.765801,25498822
2012-05-14,24.854088,24.895512,24.646971,24.729816,13.742781,10702866
2012-05-15,24.522699,24.605547,24.357006,24.522699,13.627684,15094096
2012-05-16,24.522699,24.646971,23.859924,23.901348,13.282388,24767353
2012-05-17,24.191313,24.274158,24.025618,24.149889,13.420506,27886357
2012-05-18,23.859924,23.984196,23.611383,23.818501,13.236348,19625342
2012-05-21,24.108465,24.274158,23.942772,24.025618,13.351447,7475228
2012-05-22,24.357006,24.357006,24.025618,24.191313,13.443527,11319666
2012-05-23,23.901348,23.942772,23.611383,23.611383,13.12125,16255273
2012-05-24,23.652807,23.984196,23.528538,23.735655,13.19031,13849632
2012-05-25,23.777077,23.942772,23.694229,23.777077,13.213329,6763072
2012-05-28,23.859924,24.191313,23.777077,24.025618,13.351447,7250718
2012-05-29,24.067041,24.854088,24.067041,24.854088,13.81184,18376051
2012-05-30,24.729816,24.729816,24.108465,24.149889,13.420506,26960554
2012-05-31,23.859924,24.315582,23.777077,24.232737,13.466546,18408641
2012-06-01,23.901348,24.149889,23.777077,23.777077,13.213329,10972037
2012-06-04,23.031454,23.487114,23.031454,23.197149,12.891051,16730848
2012-06-05,23.528538,23.818501,23.44569,23.528538,13.075211,9993124
2012-06-06,23.694229,23.818501,23.487114,23.611383,13.12125,6269391
2012-06-07,24.025618,24.025618,23.735655,23.901348,13.282388,9525998
2012-06-08,23.777077,23.859924,23.487114,23.694229,13.167289,5999013
2012-06-11,24.108465,24.274158,23.984196,24.191313,13.443527,10209185
2012-06-12,23.818501,23.942772,23.735655,23.818501,13.236348,15905230
2012-06-13,23.859924,23.984196,23.694229,23.901348,13.282388,9645495
2012-06-14,23.901348,24.108465,23.777077,23.984196,13.328426,10601475
2012-06-15,24.191313,24.357006,23.984196,24.357006,13.535604,18879388
2012-06-18,24.77124,25.019781,24.564123,24.688395,13.719764,14449534
2012-06-19,24.439854,24.522699,24.232737,24.274158,13.489565,12167012
2012-06-20,24.439854,24.646971,24.39843,24.646971,13.696742,10460250
2012-06-21,24.439854,24.439854,24.191313,24.357006,13.535604,8432415
2012-06-22,24.191313,24.191313,23.942772,24.025618,13.351447,11004628
2012-06-25,23.859924,23.984196,23.694229,23.901348,13.282388,12658279
2012-06-26,23.694229,23.859924,23.694229,23.777077,13.213329,7441431
2012-06-27,23.735655,24.025618,23.652807,23.818501,13.236348,11031183
2012-06-28,24.025618,24.067041,23.735655,23.735655,13.19031,14671630
2012-06-29,23.735655,24.232737,23.735655,24.232737,13.466546,21845098
2012-07-02,24.605547,25.019781,24.481277,24.812664,13.788819,50893840
2012-07-03,24.439854,24.481277,24.191313,24.357006,13.765409,31782698
2012-07-04,24.439854,24.854088,24.439854,24.481277,13.835644,30215954
2012-07-05,24.481277,24.646971,24.357006,24.39843,13.788821,12672764
2012-07-06,24.481277,24.481277,24.108465,24.357006,13.765409,16085079
2012-07-09,24.149889,24.357006,24.108465,24.149889,13.648359,6371989
2012-07-10,24.191313,24.315582,23.859924,24.025618,13.578127,12708975
2012-07-11,23.859924,24.232737,23.818501,24.149889,13.648359,10772875
2012-07-12,24.149889,24.149889,23.694229,23.694229,13.390841,15138756
2012-07-13,23.777077,24.025618,23.735655,23.735655,13.414252,10997385
2012-07-16,23.859924,23.984196,23.694229,23.942772,13.531305,11896634
2012-07-17,23.901348,24.357006,23.901348,24.191313,13.671769,20330256
2012-07-18,24.191313,24.191313,23.777077,23.777077,13.437665,13468206
2012-07-19,23.942772,24.108465,23.859924,23.984196,13.554716,12772948
2012-07-20,23.859924,24.149889,23.859924,24.149889,13.648359,6110061
2012-07-23,24.025618,24.067041,23.694229,23.859924,13.484487,11619013
2012-07-24,23.777077,23.942772,23.735655,23.901348,13.507895,9265276
2012-07-25,23.694229,23.901348,23.611383,23.652807,13.367432,14054830
2012-07-26,23.694229,24.025618,23.652807,23.859924,13.484487,11708335
2012-07-27,24.108465,24.274158,23.984196,24.274158,13.718592,20441304
2012-07-30,24.274158,24.646971,24.108465,24.108465,13.624948,31152621
2012-07-31,24.149889,24.605547,24.108465,24.605547,13.905872,28126559
2012-08-01,24.439854,24.646971,24.357006,24.564123,13.882463,12789847
2012-08-02,24.564123,24.564123,24.564123,24.564123,13.882463,0
2012-08-03,24.605547,24.605547,24.191313,24.274158,13.718592,13185758
2012-08-06,24.605547,24.729816,24.39843,24.481277,13.835644,25981640
2012-08-07,24.77124,24.978357,24.646971,24.854088,14.046339,48931185
2012-08-08,25.052921,25.400879,25.052921,25.226898,14.257031,47387432
2012-08-09,25.574856,25.748835,25.444372,25.748835,14.552008,30921040
2012-08-10,25.748835,25.748835,25.400879,25.705339,14.527424,15458221
2012-08-13,26.053299,26.053299,25.531363,25.618351,14.478261,10574862
2012-08-14,25.661846,25.879318,25.618351,25.748835,14.552008,20320887
2012-08-15,25.835823,25.879318,25.705339,25.748835,14.552008,18917267
2012-08-16,25.79233,26.096792,25.705339,26.053299,14.724075,15492708
2012-08-17,26.053299,26.053299,25.705339,25.705339,14.527424,12353242
2012-08-20,25.748835,25.748835,25.444372,25.444372,14.379938,7896372
2012-08-21,25.531363,25.835823,25.531363,25.835823,14.601168,14820211
2012-08-22,25.835823,25.879318,25.705339,25.879318,14.625747,9619572
2012-08-23,25.879318,26.053299,25.79233,25.966309,14.674914,9512663
2012-08-24,25.922813,25.922813,25.748835,25.79233,14.576587,7336533
2012-08-27,25.79233,25.966309,25.705339,25.748835,14.552008,12426814
2012-08-28,25.574856,25.618351,25.226898,25.270393,14.281614,15989321
2012-08-29,25.357384,25.400879,25.183405,25.183405,14.232453,16911273
2012-08-30,25.009426,25.183405,24.835447,24.835447,14.035802,27365431
2012-08-31,24.835447,25.009426,24.791952,24.878942,14.060385,12800423
2012-09-03,25.096415,25.096415,24.878942,24.965931,14.109547,7285952
2012-09-04,24.965931,24.965931,24.748459,24.922438,14.084966,7314691
2012-09-05,24.791952,24.791952,24.443995,24.530985,13.863734,21318711
2012-09-06,24.530985,24.748459,24.48749,24.574478,13.888314,10233441
2012-09-07,24.965931,25.052921,24.878942,24.922438,14.084966,11345072
2012-09-10,25.009426,25.313889,24.965931,25.052921,14.158709,11914107
2012-09-11,25.13991,25.13991,24.922438,24.965931,14.109547,6257090
2012-09-12,25.13991,25.531363,25.052921,25.270393,14.281614,18140160
2012-09-13,25.313889,25.400879,25.052921,25.13991,14.20787,10913984
2012-09-14,25.487867,26.879696,25.400879,26.836201,15.166534,69114239
2012-09-17,27.140663,28.358515,27.140663,27.836578,15.7319,88326945
2012-09-18,27.706095,27.793083,27.401632,27.74959,15.682735,38649576
2012-09-19,28.010557,28.619482,27.923569,28.358515,16.026873,53341037
2012-09-20,28.445503,28.793461,27.880074,28.054052,15.854803,40107227
2012-09-21,28.054052,28.184536,27.6626,27.793083,15.707314,26079066
2012-09-24,27.74959,28.358515,27.358137,28.228029,15.953127,26426235
2012-09-25,28.358515,28.358515,27.793083,28.010557,15.830222,18393064
2012-09-26,28.010557,28.31502,27.575611,27.6626,15.633574,25209994
2012-09-27,27.6626,27.967062,27.488621,27.575611,15.584412,21865905
2012-09-28,27.575611,27.793083,27.271149,27.401632,15.486088,25121477
2012-10-01,27.575611,27.619104,27.227654,27.401632,15.486088,10162168
2012-10-02,27.6626,27.836578,27.445127,27.6626,15.633574,12941820
2012-10-03,27.836578,27.836578,27.401632,27.401632,15.486088,10412773
2012-10-04,27.575611,28.184536,27.314644,28.097546,15.879383,28532241
2012-10-05,28.184536,28.96744,28.097546,28.532494,16.125195,70337378
2012-10-08,28.836956,28.880449,28.141041,28.141041,15.903968,31454439
2012-10-09,28.271524,28.880449,28.271524,28.271524,15.97771,41999413
2012-10-11,27.923569,28.184536,27.793083,27.880074,15.756478,22255608
2012-10-12,28.097546,28.097546,27.445127,27.619104,15.608992,21072704
2012-10-15,27.619104,27.706095,27.314644,27.488621,15.535249,12757889
2012-10-16,27.6626,27.74959,27.445127,27.706095,15.658154,9249412
2012-10-17,27.836578,27.923569,27.401632,27.575611,15.584412,18442496
2012-10-18,27.793083,27.793083,27.401632,27.575611,15.584412,12819966
2012-10-19,27.488621,27.575611,27.140663,27.140663,15.3386,18011408
2012-10-22,26.705717,26.836201,26.44475,26.836201,15.166534,19770245
2012-10-23,26.879696,26.879696,26.531738,26.575233,15.019049,7318140
2012-10-24,26.44475,27.01018,26.357759,26.749212,15.117372,13340719
2012-10-25,27.053675,27.053675,26.357759,26.401255,14.920723,11373811
2012-10-26,26.531738,26.531738,25.574856,25.618351,14.478261,26711328
2012-10-29,25.618351,25.879318,25.400879,25.487867,14.404517,12092290
2012-10-30,25.835823,26.009804,25.661846,25.922813,14.650329,13265997
2012-10-31,25.922813,25.922813,25.487867,25.531363,14.429101,12918828
2012-11-01,25.400879,25.748835,25.052921,25.531363,14.429101,16444549
2012-11-02,25.835823,26.009804,25.618351,26.009804,14.699492,12815367
2012-11-05,25.966309,25.966309,25.487867,25.531363,14.429101,14099433
2012-11-06,25.922813,25.922813,25.574856,25.748835,14.552008,11770411
2012-11-07,25.879318,26.357759,25.79233,26.314266,14.87156,22641862
2012-11-08,25.879318,25.922813,25.661846,25.922813,14.650329,21046264
2012-11-09,25.748835,26.096792,25.574856,25.966309,14.674914,15319123
2012-11-12,25.966309,26.053299,25.661846,25.705339,14.527424,11435887
2012-11-13,25.79233,25.79233,25.226898,25.270393,14.281614,20526660
2012-11-14,25.226898,25.444372,25.13991,25.357384,14.330778,12232537
2012-11-15,25.13991,25.183405,24.878942,25.052921,14.158709,20391011
2012-11-16,25.009426,25.313889,24.965931,25.009426,14.134126,14650076
2012-11-19,25.052921,25.313889,25.052921,25.13991,14.20787,9619572
2012-11-20,25.226898,25.400879,25.13991,25.183405,14.232453,10093194
2012-11-21,25.226898,25.313889,24.835447,24.965931,14.109547,13384403
2012-11-22,25.13991,25.661846,25.13991,25.357384,14.330778,22522307
2012-11-23,25.661846,26.053299,25.574856,26.009804,14.699492,28410387
2012-11-26,26.270771,26.575233,26.183783,26.531738,14.994467,38608192
2012-11-27,26.531738,26.575233,26.270771,26.488243,14.969883,16402015
2012-11-28,26.618729,26.618729,26.227276,26.575233,15.019049,16020359
2012-11-29,26.705717,26.923191,26.575233,26.575233,15.019049,27036655
2012-11-30,26.705717,26.923191,26.618729,26.923191,15.215695,28909299
2012-12-03,26.966684,27.184158,26.618729,26.749212,15.117372,19947278
2012-12-04,26.618729,27.184158,26.575233,26.966684,15.240274,20095572
2012-12-05,27.227654,27.575611,26.879696,27.314644,15.436922,27712600
2012-12-06,27.532116,27.532116,27.09717,27.314644,15.436922,14936318
2012-12-07,27.445127,27.488621,27.227654,27.271149,15.412346,11494515
2012-12-10,27.314644,27.488621,27.053675,27.140663,15.3386,11370362
2012-12-11,27.09717,27.271149,26.749212,26.923191,15.215695,19295474
2012-12-12,27.271149,27.488621,27.184158,27.314644,15.436922,28990918
2012-12-13,27.488621,27.488621,27.184158,27.445127,15.510672,23352294
2012-12-14,27.401632,27.401632,27.053675,27.140663,15.3386,16026107
2012-12-17,27.053675,27.227654,26.792707,26.792707,15.141951,17859665
2012-12-18,27.053675,27.053675,26.836201,27.053675,15.289439,14379927
2012-12-19,27.227654,28.271524,27.227654,27.880074,15.756478,83236664
2012-12-20,27.575611,27.74959,27.09717,27.09717,15.314018,38525423
2012-12-21,27.184158,27.227654,26.749212,26.966684,15.240274,32080953
2012-12-24,26.923191,26.966684,26.705717,26.792707,15.141951,12418767
2012-12-25,26.836201,27.401632,26.749212,27.358137,15.461507,20593335
2012-12-26,27.358137,27.532116,27.184158,27.271149,15.412346,21681974
2012-12-27,27.227654,27.314644,27.09717,27.184158,15.363179,14014365
2012-12-28,27.401632,27.575611,27.227654,27.401632,15.486088,23582208
2013-01-02,27.488621,27.74959,27.358137,27.575611,15.584412,23405174
2013-01-03,27.74959,27.836578,27.488621,27.6626,15.633574,25825012
2013-01-04,27.6626,27.6626,27.227654,27.401632,15.486088,16806662
2013-01-07,27.488621,27.575611,27.227654,27.488621,15.535249,12726851
2013-01-08,27.488621,27.619104,27.271149,27.314644,15.436922,10819720
2013-01-09,27.227654,27.445127,27.09717,27.227654,15.387763,20163397
2013-01-10,27.445127,28.010557,27.401632,27.793083,15.707314,53316896
2013-01-11,28.097546,28.097546,27.6626,27.706095,15.658154,26943540
2013-01-14,27.6626,27.793083,27.401632,27.793083,15.707314,15758258
2013-01-15,27.836578,28.054052,27.575611,27.706095,15.658154,19933483
2013-01-16,27.836578,27.836578,27.619104,27.6626,15.633574,17911396
2013-01-17,27.923569,28.184536,27.271149,27.314644,15.436922,42440847
2013-01-18,27.706095,27.793083,27.619104,27.74959,15.682735,13849977
2013-01-21,27.836578,28.054052,27.6626,27.836578,15.7319,17152682
2013-01-22,28.097546,28.141041,27.880074,28.054052,15.854803,21261233
2013-01-23,28.184536,28.184536,27.836578,27.880074,15.756478,16300853
2013-01-24,27.74959,27.967062,27.575611,27.836578,15.7319,16826205
2013-01-25,27.836578,27.923569,27.575611,27.836578,15.7319,13098161
2013-01-28,27.923569,28.31502,27.923569,28.271524,15.97771,30739409
2013-01-29,28.358515,28.402008,28.184536,28.271524,15.97771,18778169
2013-01-30,28.445503,28.662977,28.271524,28.271524,15.97771,30940583
2013-01-31,28.402008,28.619482,28.271524,28.619482,16.174356,21731405
2013-02-01,28.619482,28.706472,28.445503,28.662977,16.198936,16107726
2013-02-04,28.793461,29.706848,28.793461,29.445881,16.641401,62792773
2013-02-05,29.315397,29.663355,29.141418,29.402386,16.616816,34939925
2013-02-06,30.315775,31.272655,30.315775,30.707226,17.35425,98387951
2013-02-18,31.142172,32.620991,31.142172,32.273033,18.239166,152549779
2013-02-19,32.273033,32.577496,31.838087,32.360023,18.288336,90869786
2013-02-20,32.707981,32.881958,32.229538,32.273033,18.239166,46282698
2013-02-21,32.186043,32.403519,31.620613,31.707603,17.919615,50311929
2013-02-22,31.707603,32.577496,31.490129,32.534,18.386658,57830094
2013-02-25,32.707981,33.360401,32.534,33.099434,18.706211,66000064
2013-02-26,32.577496,32.925453,32.273033,32.490505,18.362074,38834657
2013-02-27,32.620991,32.881958,32.490505,32.707981,18.484982,35399752
2013-03-01,33.055939,33.142925,32.881958,33.099434,18.706211,28755257
2013-03-04,33.099434,33.099434,32.620991,32.881958,18.583302,31468234
2013-03-05,33.316906,34.230293,33.055939,34.099808,19.271576,73207846
2013-03-06,34.360779,34.491261,33.882336,33.925831,19.17325,44122663
2013-03-07,34.360779,35.622124,34.186798,35.622124,20.131916,91717017
2013-03-08,35.665615,36.535507,35.491638,36.405025,20.574373,110573357
2013-03-11,36.665993,37.057446,36.36153,36.492016,20.623537,64526319
2013-03-12,36.448521,36.448521,35.274162,35.274162,19.935263,52447824
2013-03-13,35.796101,36.100563,35.013199,35.622124,20.131916,43624900
2013-03-14,35.796101,35.883091,35.230671,35.361153,19.984428,31575144
2013-03-15,35.535133,35.70911,34.621746,34.708733,19.615711,49802671
2013-03-18,34.40427,34.40427,33.795345,33.795345,19.099506,56472456
2013-03-19,34.056313,34.882713,34.056313,34.795723,19.664871,46456283
2013-03-20,34.795723,36.36153,34.621746,35.70911,20.181074,79324689
2013-03-21,35.839596,36.013573,35.230671,35.230671,19.910681,36369986
2013-03-22,34.926208,35.448143,34.926208,35.100185,19.836945,28262093
2013-03-25,35.665615,35.883091,35.448143,35.752605,20.205658,23929377
2013-03-26,35.883091,36.013573,35.491638,35.752605,20.205658,19575968
2013-03-27,35.926582,36.187553,35.839596,36.187553,20.451468,24069624
2013-03-28,36.187553,36.231049,35.361153,35.70911,20.181074,26396347
2013-03-29,36.100563,36.100563,35.361153,35.622124,20.131916,20376067
2013-04-01,35.839596,36.100563,34.839218,34.926208,19.738615,24325977
2013-04-02,34.795723,35.143681,34.360779,34.621746,19.566547,41055619
2013-04-03,35.317657,35.491638,34.839218,34.926208,19.738615,23033864
2013-04-08,34.360779,34.665237,33.75185,33.882336,19.14867,42114370
2013-04-09,33.925831,34.099808,33.621368,33.75185,19.074926,18786216
2013-04-10,34.099808,34.273788,33.75185,34.012821,19.222412,23923629
2013-04-11,34.056313,34.099808,33.75185,33.83884,19.124086,20113965
2013-04-12,33.882336,34.360779,33.534378,33.577873,18.976604,23343098
2013-04-15,33.75185,33.83884,33.099434,33.099434,18.706211,17612509
2013-04-16,32.794968,33.316906,32.664486,33.18642,18.755369,20295597
2013-04-17,33.18642,33.229916,32.620991,32.620991,18.435818,27804566
2013-04-18,32.360023,32.838463,32.273033,32.403519,18.312912,21785435
2013-04-19,32.534,33.490883,32.534,33.490883,18.927439,28731116
2013-04-22,33.795345,34.056313,33.664864,33.795345,19.099506,22970638
2013-04-23,33.795345,33.795345,33.18642,33.534378,18.952019,15249000
2013-04-24,33.795345,34.056313,33.708359,33.708359,19.050348,19236846
2013-04-25,33.534378,33.577873,33.360401,33.534378,18.952019,12742945
2013-04-26,33.664864,34.056313,33.577873,33.577873,18.976604,20301345
2013-04-29,33.925831,34.012821,33.708359,33.83884,19.124086,13548791
2013-04-30,34.099808,34.752228,34.099808,34.534756,19.517387,42250019
2013-05-02,34.795723,35.143681,34.795723,35.143681,19.861521,35098565
2013-05-03,35.404648,35.665615,35.230671,35.274162,19.935263,31517665
2013-05-06,35.665615,35.665615,34.40427,34.491261,19.492804,44874479
2013-05-07,34.491261,34.665237,34.186798,34.360779,19.419065,20758872
2013-05-08,34.447765,34.926208,34.360779,34.578251,19.541965,28310375
2013-05-09,34.621746,35.05669,34.534756,34.578251,19.541965,19597810
2013-05-10,34.665237,35.013199,34.665237,34.882713,19.714033,23906385
2013-05-13,34.882713,34.882713,34.491261,34.882713,19.714033,13653401
2013-05-14,34.882713,34.926208,34.665237,34.665237,19.591127,12315306
2013-05-15,34.969704,35.578629,34.882713,35.578629,20.107334,29243823
2013-05-16,36.013573,36.187553,35.752605,35.926582,20.30398,40770527
2013-05-17,35.839596,35.970078,35.317657,35.317657,19.959846,19102347
2013-05-20,35.404648,36.448521,35.05669,36.448521,20.598955,39501405
2013-05-21,35.926582,36.057068,35.448143,35.578629,20.107334,29056444
2013-05-22,35.839596,35.883091,35.491638,35.578629,20.107334,14640879
2013-05-23,35.317657,35.404648,34.578251,34.578251,19.541965,37381604
2013-05-24,34.665237,34.926208,34.40427,34.708733,19.615711,20987636
2013-05-27,34.447765,34.708733,34.447765,34.491261,19.492804,13839631
2013-05-28,34.491261,34.969704,34.360779,34.447765,19.468225,14113228
2013-05-29,34.578251,34.926208,34.534756,34.665237,19.591127,16197392
2013-05-30,34.534756,34.578251,34.099808,34.186798,19.320736,23747745
2013-05-31,34.752228,34.795723,33.925831,33.925831,19.17325,26448077
2013-06-03,33.664864,33.969326,33.490883,33.534378,18.952019,19652989
2013-06-04,33.577873,33.664864,33.273411,33.273411,18.804537,21272728
2013-06-05,33.360401,34.360779,33.316906,34.186798,19.320736,36112483
2013-06-06,33.83884,33.969326,33.577873,33.708359,19.050348,26476816
2013-06-07,33.708359,34.099808,33.577873,33.708359,19.050348,15752510
2013-06-10,34.099808,34.40427,34.099808,34.360779,19.419065,21788884
2013-06-11,34.447765,35.100185,34.360779,34.969704,19.763199,47137976
2013-06-13,34.708733,34.795723,34.447765,34.491261,19.492804,41532689
2013-06-14,34.795723,34.795723,34.186798,34.40427,19.443644,29720893
2013-06-17,34.708733,35.05669,34.665237,34.969704,19.763199,26071019
2013-06-18,35.143681,35.143681,34.273788,34.534756,19.517387,24566237
2013-06-19,35.05669,35.143681,34.534756,34.839218,19.689453,34616897
2013-06-20,34.795723,35.100185,34.447765,35.100185,19.836945,29025405
2013-06-21,34.708733,35.491638,34.491261,35.361153,19.984428,57220824
2013-06-24,35.491638,36.057068,35.013199,35.839596,20.254818,50836131
2013-06-25,35.839596,35.883091,34.665237,34.795723,19.664871,47019570
2013-06-26,35.317657,35.578629,34.534756,34.882713,19.714033,38147216
2013-06-27,35.100185,35.230671,34.839218,35.143681,19.861521,24244358
2013-06-28,35.404648,35.578629,35.187176,35.578629,20.107334,29479484
2013-07-01,35.665615,35.70911,35.361153,35.361153,19.984428,14238531
2013-07-02,35.535133,35.578629,35.100185,35.143681,19.861521,13875268
2013-07-03,35.143681,35.143681,33.882336,34.099808,19.271576,52486909
2013-07-04,34.099808,34.795723,34.056313,34.621746,19.566547,24340922
2013-07-05,34.969704,35.230671,34.752228,34.969704,19.763199,24707633
2013-07-08,34.882713,34.969704,34.40427,34.795723,19.664871,25232985
2013-07-09,35.013199,36.448521,35.013199,36.187553,20.451468,74659748
2013-07-10,36.448521,36.448521,36.100563,36.318035,20.525209,39993420
2013-07-11,36.535507,37.57938,36.535507,37.318413,21.090576,67265736
2013-07-12,37.405403,37.927338,37.405403,37.796852,21.360966,45254986
2013-07-15,37.405403,37.66637,36.709488,37.492393,21.1889,49979704
2013-07-16,37.361908,37.840347,36.970455,37.840347,21.38555,36032013
2013-07-17,37.840347,38.797234,37.535889,38.666748,21.852591,47417320
2013-07-18,38.579758,39.014706,38.31879,38.666748,21.852591,49849803
2013-07-19,38.114243,38.289082,37.32748,37.371189,21.421291,37578076
2013-07-22,37.764572,38.463917,37.677155,38.463917,22.047649,24960536
2013-07-23,38.551334,38.988422,37.677155,38.245373,21.922375,47744175
2013-07-24,37.85199,38.20166,37.414902,37.85199,21.69689,21851336
2013-07-25,37.589737,37.808281,37.152645,37.240063,21.346128,20862981
2013-07-26,37.240063,37.85199,37.196354,37.283772,21.371183,17435769
2013-07-29,37.546028,37.720863,37.283772,37.589737,21.546568,10482967
2013-07-30,37.85199,38.638752,37.85199,38.376499,21.997541,35553321
2013-07-31,38.769878,38.813587,38.070534,38.114243,21.847214,20130867
2013-08-01,38.376499,38.463917,37.371189,37.371189,21.421291,24544146
2013-08-02,37.720863,38.245373,37.633446,38.245373,21.922375,22169349
2013-08-05,38.114243,38.289082,37.85199,38.289082,21.947432,10526437
2013-08-06,38.289082,38.289082,37.196354,37.414902,21.446346,23876091
2013-08-07,37.152645,37.196354,36.715557,36.715557,21.045485,24219270
2013-08-08,37.152645,37.152645,36.715557,36.715557,21.045485,15994418
2013-08-09,36.715557,36.715557,35.928795,36.059921,20.669668,24960536
2013-08-12,36.059921,36.540722,35.622833,36.497009,20.920208,16294128
2013-08-13,36.628139,36.715557,36.322178,36.4533,20.895157,16368483
2013-08-14,36.4533,36.628139,36.059921,36.628139,20.995369,20352789
2013-08-15,36.4533,36.4533,36.10363,36.234756,20.769886,13365669
2013-08-16,35.841377,36.584431,35.841377,36.365887,20.845047,16066486
2013-08-19,36.322178,36.322178,35.972504,36.10363,20.694721,12173695
2013-08-20,36.234756,36.4533,36.016212,36.059921,20.669668,15404151
2013-08-22,35.841377,35.841377,35.273159,35.404285,20.293858,27683088
2013-08-23,35.841377,35.972504,35.622833,35.622833,20.419128,14939716
2013-08-26,35.710251,35.841377,35.491707,35.491707,20.343966,8279759
2013-08-27,35.404285,35.710251,35.273159,35.273159,20.218697,13705416
2013-08-28,35.054615,35.885086,34.836071,35.841377,20.544399,20484341
2013-08-29,35.841377,36.4533,35.797668,36.4533,20.895157,24213550
2013-08-30,36.628139,37.065228,36.278465,37.065228,21.245916,23045598
2013-09-02,36.890392,37.108936,36.715557,36.802975,21.095589,11372944
2013-09-03,37.32748,37.502319,37.152645,37.152645,21.296022,17070856
2013-09-04,37.152645,37.152645,36.715557,37.108936,21.270971,16170584
2013-09-05,37.108936,37.502319,36.97781,37.414902,21.446346,16675056
2013-09-06,37.414902,37.677155,37.283772,37.502319,21.496458,25244230
2013-09-09,37.414902,37.589737,37.021519,37.589737,21.546568,22212818
2013-09-10,37.589737,37.764572,37.196354,37.458611,21.471401,16859229
2013-09-11,37.152645,37.502319,37.065228,37.502319,21.496458,17274475
2013-09-12,37.283772,37.808281,37.108936,37.808281,21.671833,40932076
2013-09-13,37.589737,37.589737,37.32748,37.414902,21.446346,13441168
2013-09-16,37.152645,37.458611,37.065228,37.414902,21.446346,18322314
2013-09-17,37.108936,37.458611,37.108936,37.32748,21.39624,11865978
2013-09-18,37.152645,37.32748,36.846684,36.846684,21.120644,18822212
2013-09-23,36.802975,37.32748,36.628139,37.32748,21.39624,22831684
2013-09-24,37.152645,37.371189,37.021519,37.32748,21.39624,12391041
2013-09-25,37.065228,37.414902,37.021519,37.414902,21.446346,11179620
2013-09-26,37.414902,37.414902,36.759266,36.802975,21.095589,15500241
2013-09-27,36.97781,37.32748,36.890392,37.240063,21.346128,14000550
2013-09-30,37.152645,37.152645,36.802975,36.802975,21.095589,17900205
2013-10-01,36.759266,37.065228,36.759266,37.065228,21.245916,9218925
2013-10-02,36.97781,37.108936,36.97781,36.97781,21.195805,10627102
2013-10-03,36.97781,38.33279,36.97781,38.245373,21.922375,43571121
2013-10-04,38.114243,38.289082,37.808281,38.026825,21.797108,22017206
2013-10-07,38.026825,38.813587,37.895699,38.638752,22.147865,34144000
2013-10-08,38.638752,39.512932,38.507626,39.381805,22.573782,48374480
2013-10-09,39.381805,41.086456,39.294388,40.343403,23.124975,84078800
2013-10-11,41.086456,41.086456,39.906315,39.906315,22.874432,53321974
2013-10-14,39.775185,40.518238,39.512932,40.124859,22.999702,28385460
2013-10-15,40.474529,40.474529,39.950024,40.212276,23.049816,22550277
2013-10-16,40.387112,40.824203,40.343403,40.343403,23.124975,27044775
2013-10-17,40.649364,40.693073,39.775185,39.906315,22.874432,25748703
2013-10-18,39.950024,40.168568,39.469223,40.124859,22.999702,20645635
2013-10-21,40.124859,40.518238,39.993732,40.299694,23.099922,12762818
2013-10-22,40.387112,40.693073,40.037441,40.387112,23.150028,16764283
2013-10-23,40.561947,40.649364,39.600349,39.862602,22.84938,25622871
2013-10-24,39.993732,40.343403,39.600349,40.08115,22.974651,16608708
2013-10-25,39.818893,39.906315,38.944714,39.818893,22.824329,27799768
2013-10-28,39.818893,40.518238,39.425514,40.518238,23.225191,26541446
2013-10-29,40.561947,40.693073,40.343403,40.605656,23.275301,15285182
2013-10-30,40.474529,40.649364,40.255985,40.605656,23.275301,27684232
2013-10-31,40.883549,41.350258,40.650196,41.350258,23.702108,37237481
2013-11-01,41.350258,41.443596,40.790207,40.930218,23.461338,23979703
2013-11-04,40.650196,40.743538,40.23016,40.696865,23.327579,19766141
2013-11-05,40.696865,40.696865,39.996803,39.996803,22.926308,19055845
2013-11-06,39.996803,40.743538,39.763451,40.603523,23.274078,21339933
2013-11-07,40.603523,40.603523,40.090145,40.41684,23.167072,15897548
2013-11-08,40.136818,40.463512,39.950134,40.136818,23.006559,18064860
2013-11-11,40.23016,40.370171,40.043476,40.276829,23.086813,12768177
2013-11-12,40.41684,40.463512,40.090145,40.41684,23.167072,18350906
2013-11-13,40.41684,40.463512,40.090145,40.136818,23.006559,16092531
2013-11-14,40.23016,40.23016,40.043476,40.183487,23.03331,15773273
2013-11-15,40.370171,40.790207,40.183487,40.650196,23.300829,16749260
2013-11-18,40.790207,41.910305,40.696865,41.723621,23.916115,24287177
2013-11-19,41.77029,42.003647,41.396927,41.863632,23.996376,16508209
2013-11-20,41.863632,42.470352,41.583611,41.863632,23.996376,21201730
2013-11-21,41.723621,41.956974,41.536938,41.583611,23.835865,27464758
2013-11-22,41.956974,42.703705,41.77029,42.37701,24.290649,31274427
2013-11-25,42.890388,43.543777,42.843719,43.310425,24.825682,35960449
2013-11-26,43.403767,43.497108,43.030399,43.077072,24.691921,27225850
2013-11-27,43.450439,43.450439,43.030399,43.310425,24.825682,15830054
2013-11-28,43.59045,44.057156,43.170414,43.497108,24.932692,26162014
2013-11-29,43.497108,43.497108,43.170414,43.403767,24.879189,15129400
2013-12-02,43.217083,43.310425,42.937061,43.263756,24.798935,10671573
2013-12-03,43.263756,43.263756,42.937061,42.937061,24.611666,9282051
2013-12-04,43.217083,43.917145,43.123741,43.59045,24.986193,21034602
2013-12-05,43.59045,43.59045,42.937061,43.403767,24.879189,15159398
2013-12-06,43.357098,43.543777,42.937061,42.937061,24.611666,15350095
2013-12-09,43.123741,43.683792,43.030399,43.310425,24.825682,14476957
2013-12-10,43.497108,43.497108,43.030399,43.123741,24.718672,11316517
2013-12-11,43.403767,44.243839,43.403767,43.497108,24.932692,24122191
2013-12-12,43.310425,43.310425,42.750378,42.797047,24.53141,15134757
2013-12-13,42.750378,43.217083,42.610367,43.217083,24.772177,12141445
2013-12-16,43.123741,43.123741,42.657036,42.657036,24.451155,11174029
2013-12-17,42.750378,43.123741,42.750378,42.937061,24.611666,9275623
2013-12-18,43.170414,43.170414,42.610367,42.797047,24.53141,12759606
2013-12-19,43.263756,43.59045,43.263756,43.450439,24.905945,19101913
2013-12-20,43.59045,43.683792,43.217083,43.403767,24.879189,15654355
2013-12-23,43.543777,44.057156,43.497108,43.870476,25.146708,25318873
2013-12-24,43.963818,44.010487,43.823803,43.870476,25.146708,10335174
2013-12-25,43.963818,44.103828,43.870476,44.010487,25.226957,6726916
2013-12-26,44.010487,44.103828,43.823803,43.870476,25.146708,9011003
2013-12-27,43.870476,44.150497,43.870476,44.057156,25.25371,10187329
2013-12-30,44.150497,45.270596,44.150497,45.223927,25.922508,32476466
2013-12-31,45.457279,45.59729,44.757217,45.037243,25.815504,15996111
2014-01-02,44.897228,46.017326,44.897228,45.830647,26.270285,25604919
2014-01-03,45.737305,45.737305,45.083912,45.457279,26.056269,18264128
2014-01-06,45.270596,45.410606,44.337181,44.757217,25.654985,18694805
2014-01-07,44.80389,45.59729,44.757217,45.317268,25.976015,18645524
2014-01-08,45.550621,45.690632,45.083912,45.083912,25.842251,13265276
2014-01-09,44.943901,45.270596,44.617207,44.850559,25.70849,19489736
2014-01-10,44.990574,44.990574,44.243839,44.337181,25.414223,18915500
2014-01-13,44.710548,44.80389,44.19717,44.243839,25.360718,13066008
2014-01-14,43.870476,43.963818,43.403767,43.497108,24.932692,21199588
2014-01-15,43.59045,44.150497,43.497108,43.497108,24.932692,33386030
2014-01-16,43.870476,44.057156,43.823803,44.057156,25.25371,13334913
2014-01-17,44.150497,44.150497,43.730461,43.823803,25.119951,10297677
2014-01-20,43.917145,44.057156,43.777134,43.870476,25.146708,14456602
2014-01-21,44.150497,45.083912,44.150497,44.523865,25.521229,27600818
2014-01-22,44.523865,44.850559,44.337181,44.430523,25.46773,20207531
2014-01-23,44.430523,44.430523,43.917145,43.963818,25.200209,13910220
2014-01-24,43.870476,44.19717,43.730461,43.777134,25.093203,21451352
2014-01-27,43.403767,43.403767,42.563694,42.610367,24.424406,36942864
2014-02-05,41.63028,41.77029,40.883549,41.163574,23.595102,59203074
2014-02-06,41.163574,41.676952,41.116901,41.256912,23.648603,27891150
2014-02-07,41.77029,42.003647,41.490269,42.003647,24.076632,18888717
2014-02-10,42.190331,42.283669,41.863632,41.910305,24.023125,15770059
2014-02-11,42.190331,42.37701,42.050316,42.050316,24.103382,11433293
2014-02-12,42.470352,42.563694,42.190331,42.563694,24.397654,12067523
2014-02-13,42.517025,42.517025,42.003647,42.190331,24.183643,13107790
2014-02-14,42.470352,42.890388,42.283669,42.750378,24.504662,21157806
2014-02-17,42.843719,42.937061,42.283669,42.283669,24.237148,11944320
2014-02-18,42.563694,42.937061,42.237,42.937061,24.611666,11411866
2014-02-19,42.797047,42.937061,42.563694,42.937061,24.611666,11156888
2014-02-20,42.843719,42.843719,42.37701,42.470352,24.344151,9132064
2014-02-21,42.750378,43.077072,42.750378,43.030399,24.665173,11806117
2014-02-24,42.610367,42.610367,41.536938,41.723621,23.916115,33927054
2014-02-25,41.676952,41.723621,41.210243,41.490269,23.782358,30729117
2014-02-26,41.256912,41.723621,41.256912,41.536938,23.809113,17753101
2014-02-27,41.77029,41.77029,41.490269,41.723621,23.916115,14031281
2014-03-03,41.536938,41.723621,41.02356,41.256912,23.648603,23765436
2014-03-04,41.070232,41.163574,40.650196,40.650196,23.300829,20857832
2014-03-05,41.163574,41.210243,40.650196,40.696865,23.327579,16075390
2014-03-06,41.163574,41.536938,40.790207,41.536938,23.809113,19079415
2014-03-07,41.676952,41.863632,41.396927,41.676952,23.889374,24421094
2014-03-10,41.676952,41.676952,41.02356,41.070232,23.541601,15463657
2014-03-11,41.396927,41.583611,41.070232,41.070232,23.541601,16118243
2014-03-12,40.883549,41.490269,40.883549,41.443596,23.755611,20991749
2014-03-13,41.443596,42.563694,41.256912,42.003647,24.076632,28162197
2014-03-14,41.536938,41.956974,41.396927,41.396927,23.728859,18716232
2014-03-17,41.816963,41.816963,40.883549,41.02356,23.514847,21044244
2014-03-18,41.443596,41.723621,41.303585,41.396927,23.728859,17054590
2014-03-19,41.443596,41.443596,40.883549,40.930218,23.461338,17777742
2014-03-20,40.650196,40.650196,40.183487,40.41684,23.167072,20777481
2014-03-21,40.41684,40.883549,40.23016,40.510181,23.220573,19979336
2014-03-24,40.323502,40.743538,40.323502,40.743538,23.354334,13345627
2014-03-25,40.743538,41.350258,40.696865,41.350258,23.702108,14638729
2014-03-26,41.443596,41.77029,41.163574,41.163574,23.595102,14629087
2014-03-27,41.163574,41.536938,41.163574,41.350258,23.702108,14420176
2014-03-28,41.256912,41.490269,41.256912,41.490269,23.782358,12227152
2014-03-31,41.583611,41.583611,40.930218,41.443596,23.755611,15260103
2014-04-01,41.583611,41.63028,41.070232,41.210243,23.621853,18919786
2014-04-02,41.210243,41.536938,41.02356,41.070232,23.541601,21815606
2014-04-03,41.116901,41.77029,41.070232,41.256912,23.648603,19797209
2014-04-07,40.976891,41.396927,40.883549,41.396927,23.728859,14127702
2014-04-08,41.396927,41.536938,41.350258,41.490269,23.782358,12260364
2014-04-09,41.63028,41.63028,41.303585,41.490269,23.782358,11842543
2014-04-10,41.77029,42.237,41.583611,42.237,24.210394,23560811
2014-04-11,42.050316,42.143658,41.676952,42.003647,24.076632,14444817
2014-04-14,42.003647,42.003647,41.396927,41.583611,23.835865,11649702
2014-04-15,41.583611,41.723621,41.163574,41.163574,23.595102,13371339
2014-04-16,41.163574,41.210243,40.930218,40.930218,23.461338,20520361
2014-04-17,40.930218,41.116901,40.930218,41.116901,23.568348,12599977
2014-04-18,41.210243,41.210243,40.976891,41.070232,23.541601,9558455
2014-04-21,41.02356,41.396927,41.02356,41.070232,23.541601,9863786
2014-04-22,41.303585,41.723621,41.256912,41.583611,23.835865,15058692
2014-04-23,41.77029,41.863632,41.443596,41.443596,23.755611,17635254
2014-04-24,41.303585,41.350258,40.930218,41.116901,23.568348,17460627
2014-04-25,40.976891,41.116901,40.136818,40.370171,23.140318,32832149
2014-04-28,39.62344,40.183487,39.62344,39.996803,22.926308,22178788
2014-04-29,40.136818,40.41684,39.950134,40.23016,23.060066,15525794
2014-04-30,40.323502,40.41684,39.763451,39.763451,22.792545,14820856
2014-05-02,39.903461,40.23016,39.670109,39.763451,22.792545,16004681
2014-05-05,40.136818,40.136818,39.436756,39.483425,22.632032,16901389
2014-05-06,39.483425,41.536938,39.296745,41.396927,23.728859,36008659
2014-05-07,41.350258,41.350258,40.743538,40.883549,23.434587,19918270
2014-05-08,40.883549,42.190331,40.883549,42.003647,24.076632,42708792
2014-05-09,42.190331,42.563694,41.676952,41.676952,23.889374,19557230
2014-05-12,41.723621,41.816963,41.350258,41.443596,23.755611,12188584
2014-05-13,41.816963,42.003647,41.490269,41.536938,23.809113,12928877
2014-05-14,41.816963,41.956974,41.63028,41.956974,24.049883,14100918
2014-05-15,41.910305,41.910305,41.63028,41.816963,23.969624,9219913
2014-05-16,41.723621,42.283669,41.443596,42.237,24.210394,23736510
2014-05-19,42.37701,42.423683,42.003647,42.190331,24.183643,14073063
2014-05-20,42.37701,42.37701,41.910305,41.910305,24.023125,11590779
2014-05-21,41.863632,42.096989,41.63028,41.910305,24.023125,12992086
2014-05-22,42.050316,42.143658,41.77029,42.003647,24.076632,17054590
2014-05-23,41.816963,42.283669,41.816963,42.143658,24.156891,20919969
2014-05-26,42.237,42.283669,42.096989,42.190331,24.183643,10031986
2014-05-27,42.190331,42.330341,42.190331,42.283669,24.237148,9163133
2014-05-28,42.283669,43.170414,42.190331,42.843719,24.558167,37286762
2014-05-29,43.123741,43.310425,42.703705,42.937061,24.611666,16416074
2014-05-30,42.937061,43.030399,42.750378,42.843719,24.558167,18689448
2014-06-03,42.98373,43.123741,42.610367,43.077072,24.691921,15010482
2014-06-04,43.077072,43.123741,42.563694,42.657036,24.451155,11642203
2014-06-05,42.703705,42.937061,42.563694,42.937061,24.611666,13183855
2014-06-06,42.937061,43.123741,42.843719,42.98373,24.638416,10515158
2014-06-09,43.123741,43.123741,42.890388,42.98373,24.638416,8300707
2014-06-10,43.170414,43.637119,43.123741,43.637119,25.012949,22237712
2014-06-11,43.683792,43.730461,43.403767,43.59045,24.986193,13964859
2014-06-12,43.59045,43.59045,43.310425,43.403767,24.879189,10378027
2014-06-13,43.217083,43.357098,43.123741,43.263756,24.798935,11288662
2014-06-16,43.263756,43.497108,43.077072,43.450439,24.905945,11009044
2014-06-17,43.637119,43.870476,43.450439,43.730461,25.066446,17943799
2014-06-18,43.730461,43.870476,43.543777,43.823803,25.119951,24068624
2014-06-19,43.870476,43.963818,43.683792,43.870476,25.146708,18221275
2014-06-20,43.870476,43.917145,43.730461,43.777134,25.093203,20313593
2014-06-23,43.777134,43.870476,43.59045,43.777134,25.093203,31977223
2014-06-24,42.563694,42.937061,42.563694,42.750378,25.314287,18266271
2014-06-25,42.843719,42.843719,42.423683,42.657036,25.259014,16547849
2014-06-26,42.843719,43.030399,42.703705,43.030399,25.480103,11016543
2014-06-27,43.030399,43.123741,42.843719,43.123741,25.53537,10536585
2014-06-30,43.123741,43.543777,42.98373,43.543777,25.78409,14674083
2014-07-01,43.543777,43.683792,43.310425,43.403767,25.701187,9439537
2014-07-02,43.637119,43.683792,42.517025,43.170414,25.563005,16532850
2014-07-03,43.170414,43.217083,42.890388,43.077072,25.507738,9789864
2014-07-04,43.077072,43.497108,43.030399,43.170414,25.563005,11027256
2014-07-07,43.077072,43.077072,42.843719,42.937061,25.424826,10776564
2014-07-08,42.937061,44.010487,42.843719,43.777134,25.922274,18524463
2014-07-09,43.777134,43.963818,43.59045,43.823803,25.949907,15458300
2014-07-10,44.430523,45.223927,44.430523,45.083912,26.69607,37044641
2014-07-11,44.897228,45.083912,44.523865,44.663876,26.447348,22000947
2014-07-14,45.037243,47.044083,44.850559,46.670715,27.635685,48136178
2014-07-15,47.137424,48.444206,46.857399,47.604134,28.188396,43130898
2014-07-16,48.070839,48.164181,47.044083,47.41745,28.07785,25986315
2014-07-17,47.41745,48.257523,47.230766,47.790813,28.298939,35828675
2014-07-18,47.41745,48.070839,47.324108,48.070839,28.464756,20976750
2014-07-21,48.537544,49.004253,47.977497,48.164181,28.520029,32198990
2014-07-22,48.164181,48.444206,47.604134,48.164181,28.520029,23374399
2014-07-23,48.164181,48.164181,48.164181,48.164181,28.520029,0
2014-07-24,48.164181,49.564301,47.977497,49.564301,29.349094,38798417
2014-07-25,49.657642,50.03101,49.284279,49.470963,29.293829,39375867
2014-07-28,49.564301,50.497715,49.284279,50.311031,29.791267,36485403
2014-07-29,50.768406,50.964424,48.906246,49.102261,29.075506,51948551
2014-07-30,49.200272,50.278362,49.004253,49.88633,29.539782,29663751
2014-07-31,49.88633,49.88633,49.102261,49.396286,29.249609,24237691
2014-08-01,48.318195,49.102261,48.122177,48.416203,28.669258,28479160
2014-08-04,48.024166,48.220184,47.632133,48.024166,28.437117,21718522
2014-08-05,47.779148,47.779148,46.358025,46.603046,27.595613,46507187
2014-08-06,46.554043,47.632133,46.309017,47.632133,28.204983,26172217
2014-08-07,47.632133,48.171181,47.436115,47.730145,28.263018,20704325
2014-08-08,47.58313,47.58313,46.799061,47.338108,28.03088,18342285
2014-08-11,48.024166,48.073174,47.632133,47.926159,28.379084,16008814
2014-08-12,47.926159,48.269192,47.338108,47.58313,28.175964,14484456
2014-08-13,47.681141,48.318195,47.681141,48.318195,28.611227,17074027
2014-08-14,48.563213,48.808235,48.367199,48.808235,28.901402,20434960
2014-08-15,49.004253,49.004253,48.122177,48.416203,28.669258,10189931
2014-08-18,48.51421,48.51421,47.828152,48.024166,28.437117,10329715
2014-08-19,48.51421,48.51421,48.220184,48.416203,28.669258,13339658
2014-08-20,49.004253,49.690311,48.710228,49.494297,29.307648,26881339
2014-08-21,49.494297,50.082348,49.396286,49.88633,29.539782,19950308
2014-08-22,50.082348,51.062431,49.984337,50.866413,30.120127,36185634
2014-08-25,51.062431,51.25845,50.572392,50.768406,30.062096,13198854
2014-08-26,50.768406,50.964424,50.082348,50.768406,30.062096,14721170
2014-08-27,50.964424,51.25845,50.572392,51.062431,30.236198,22226641
2014-08-28,51.25845,51.454468,50.572392,50.768406,30.062096,18409626
2014-08-29,50.278362,50.572392,49.984337,49.984337,29.597818,17181161
2014-09-01,50.180355,50.866413,50.082348,50.47438,29.887991,14445684
2014-09-02,50.278362,50.572392,49.592304,49.690311,29.423716,15395602
2014-09-03,49.690311,50.572392,49.690311,50.47438,29.887991,17670914
2014-09-04,50.572392,50.768406,50.082348,50.768406,30.062096,7256512
2014-09-05,50.866413,50.964424,50.572392,50.964424,30.178164,12485650
2014-09-09,51.25845,51.356457,50.964424,51.356457,30.410303,17131165
2014-09-10,51.356457,51.356457,50.376373,50.964424,30.178164,19299344
2014-09-11,50.964424,50.964424,50.572392,50.670399,30.004061,8542115
2014-09-12,50.47438,50.768406,49.788322,49.88633,29.539782,15005840
2014-09-15,49.788322,49.788322,49.004253,49.004253,29.017466,14639545
2014-09-16,49.102261,49.298279,48.759232,48.759232,28.872383,11261267
2014-09-17,49.396286,49.88633,49.004253,49.200272,29.133543,16167984
2014-09-18,49.690311,49.690311,49.004253,49.690311,29.423716,6846344
2014-09-19,49.88633,50.278362,49.592304,49.788322,29.481747,11230657
2014-09-22,49.690311,49.788322,48.759232,49.788322,29.481747,17752540
2014-09-23,49.298279,49.494297,48.95525,48.95525,28.988451,13873285
2014-09-24,48.808235,49.592304,48.808235,49.102261,29.075506,12385659
2014-09-25,49.396286,49.494297,48.808235,49.004253,29.017466,18045372
2014-09-26,48.318195,49.494297,48.171181,49.102261,29.075506,22527636
2014-09-29,49.200272,49.396286,48.710228,49.102261,29.075506,19615644
2014-09-30,49.004253,49.298279,48.563213,48.563213,28.75631,26612995
2014-10-01,48.416203,48.612221,48.024166,48.122177,28.495153,17422977
2014-10-02,47.632133,47.975163,47.436115,47.632133,28.204983,20221713
2014-10-03,47.828152,49.102261,47.779148,49.004253,29.017466,15103790
2014-10-06,49.004253,49.298279,48.661224,49.004253,29.017466,15955757
2014-10-07,48.808235,49.004253,48.122177,49.004253,29.017466,16758749
2014-10-08,48.710228,48.95525,48.51421,48.51421,28.727297,12974383
2014-10-09,49.004253,49.298279,48.661224,49.004253,29.017466,19927861
2014-10-13,48.024166,48.318195,46.995079,47.191097,27.943819,26018149
2014-10-14,47.044083,47.975163,46.848064,47.975163,28.4081,20061523
2014-10-15,47.730145,47.730145,46.897072,46.995079,27.827757,24666225
2014-10-16,45.377937,46.456032,45.377937,45.867981,27.160353,26639524
2014-10-17,46.063999,46.358025,44.593872,44.593872,26.405897,31406457
2014-10-20,45.475948,45.720966,45.083912,45.671963,27.044279,15572117
2014-10-21,46.063999,46.162006,45.671963,45.965988,27.218388,10200134
2014-10-22,46.358025,46.554043,46.21101,46.309017,27.421503,13029481
2014-10-23,46.260014,46.407028,46.063999,46.063999,27.276424,7195293
2014-10-24,46.162006,46.260014,45.377937,45.377937,26.870174,10576632
2014-10-27,45.818977,46.260014,45.769974,46.063999,27.276424,15440496
2014-10-28,46.554043,48.318195,46.554043,48.171181,28.524179,35565279
2014-10-29,48.710228,48.906246,48.073174,48.906246,28.959438,27200699
2014-10-30,48.906246,48.906246,48.318195,48.465206,28.698278,13879407
2014-10-31,48.906246,49.200272,48.465206,49.004253,29.017466,15994529
2014-11-03,49.298279,49.298279,48.612221,48.95525,28.988451,13492706
2014-11-04,48.95525,49.298279,48.51421,48.51421,28.727297,14674236
2014-11-05,48.51421,48.710228,47.828152,48.073174,28.466139,16274097
2014-11-06,48.024166,48.171181,47.877155,48.024166,28.437117,9743031
2014-11-07,48.024166,48.220184,47.730145,48.073174,28.466139,6864710
2014-11-10,47.828152,49.102261,47.828152,49.004253,29.017466,19016716
2014-11-11,49.004253,49.102261,48.710228,48.808235,28.901402,8297238
2014-11-12,48.759232,48.759232,47.828152,47.975163,28.4081,11722451
2014-11-13,48.269192,48.416203,48.171181,48.318195,28.611227,7636071
2014-11-14,48.465206,48.95525,48.318195,48.808235,28.901402,15591503
2014-11-17,48.906246,49.200272,48.269192,48.661224,28.814348,12116295
2014-11-18,48.710228,48.857243,47.926159,48.367199,28.640242,14990535
2014-11-19,48.51421,48.808235,48.269192,48.710228,28.843363,18669807
2014-11-20,48.808235,49.200272,48.759232,49.004253,29.017466,22310308
2014-11-21,49.102261,49.298279,48.808235,48.808235,28.901402,13082537
2014-11-24,49.004253,49.200272,48.759232,49.004253,29.017466,14329368
2014-11-25,49.004253,49.004253,48.661224,48.857243,28.93042,12198940
2014-11-26,49.004253,49.004253,48.416203,48.465206,28.698278,11751020
2014-11-27,48.51421,49.200272,48.51421,48.808235,28.901402,12164250
2014-11-28,48.808235,49.004253,48.710228,48.906246,28.959438,11400030
2014-12-01,47.534126,47.975163,47.044083,47.044083,27.856771,43332972
2014-12-02,47.093086,47.093086,45.377937,45.622959,27.015263,59836642
2014-12-03,45.818977,46.603046,45.769974,46.554043,27.566601,31536037
2014-12-04,46.603046,46.946075,46.456032,46.65205,27.62463,19786037
2014-12-05,46.848064,46.848064,46.309017,46.554043,27.566601,20393127
2014-12-08,46.65205,46.897072,46.456032,46.750057,27.682669,13413121
2014-12-09,46.554043,46.65205,46.260014,46.407028,27.479546,12610129
2014-12-10,46.113003,46.21101,45.573956,45.573956,26.986244,33954195
2014-12-11,45.377937,45.573956,45.034908,45.377937,26.870174,18804489
2014-12-12,45.573956,45.720966,45.181923,45.573956,26.986244,15486410
2014-12-15,45.083912,45.083912,44.691879,44.838894,26.550985,18282086
2014-12-16,44.838894,45.27993,44.740883,44.887897,26.580002,16017997
2014-12-17,44.887897,45.230927,44.103828,44.152832,26.144741,29003604
2014-12-18,44.201836,44.397854,43.270756,43.417767,25.709473,43145233
2014-12-19,44.103828,44.740883,43.711796,44.446857,26.31884,31832950
2014-12-22,44.887897,45.328934,44.789886,45.230927,26.783125,10743965
2014-12-23,45.475948,45.622959,45.230927,45.230927,26.783125,10700091
2014-12-24,45.27993,45.573956,45.230927,45.573956,26.986244,9102271
2014-12-25,45.573956,45.671963,45.27993,45.377937,26.870174,5098536
2014-12-26,45.573956,45.769974,45.377937,45.573956,26.986244,6354550
2014-12-29,45.27993,46.162006,45.27993,45.916985,27.189365,13322312
2014-12-30,46.063999,46.113003,45.769974,45.916985,27.189365,10424605
2014-12-31,45.867981,46.014996,45.720966,46.014996,27.247404,10369507
2015-01-05,45.818977,45.818977,45.27993,45.475948,26.928215,15806791
2015-01-06,45.034908,45.034908,43.90781,44.054825,26.086706,40153656
2015-01-07,44.054825,44.397854,43.956814,44.103828,26.115721,16506730
2015-01-08,44.789886,44.985905,44.446857,44.642876,26.434917,16206756
2015-01-09,45.181923,45.181923,44.789886,44.838894,26.550985,10218500
2015-01-12,44.789886,44.789886,44.34885,44.34885,26.260811,11303100
2015-01-13,44.152832,44.936901,44.152832,44.887897,26.580002,21897078
2015-01-14,44.887897,44.887897,44.34885,44.34885,26.260811,14106938
2015-01-15,44.34885,44.593872,44.103828,44.103828,26.115721,12265261
2015-01-16,44.054825,44.397854,43.319759,43.466774,25.738497,28819947
2015-01-19,43.90781,44.054825,43.319759,43.613785,25.825546,19755427
2015-01-20,43.809803,44.103828,43.613785,44.103828,26.115721,13989601
2015-01-21,44.299847,44.495861,44.103828,44.495861,26.347862,13345780
2015-01-22,44.691879,45.27993,44.593872,45.132915,26.72509,33806248
2015-01-23,45.720966,45.867981,45.230927,45.475948,26.928215,30899358
2015-01-26,45.573956,45.573956,45.083912,45.27993,26.81214,12654003
2015-01-27,45.573956,45.622959,45.132915,45.524952,26.95723,12102010
2015-01-28,45.132915,45.181923,44.838894,44.887897,26.580002,18533084
2015-01-29,44.691879,44.838894,44.593872,44.593872,26.405897,15954737
2015-01-30,44.985905,45.083912,44.593872,44.593872,26.405897,11073528
2015-02-02,44.593872,45.034908,44.593872,44.887897,26.580002,7024900
2015-02-03,45.083912,45.181923,44.887897,44.985905,26.638035,11728573
2015-02-04,45.181923,45.769974,45.083912,45.475948,26.928215,30137179
2015-02-05,45.475948,45.622959,45.377937,45.573956,26.986244,13309048
2015-02-06,45.671963,45.720966,45.328934,45.328934,26.84116,9665487
2015-02-09,45.475948,45.524952,44.887897,45.328934,26.84116,12789705
2015-02-10,45.622959,46.505035,45.524952,46.063999,27.276424,44805293
2015-02-11,46.358025,46.505035,46.113003,46.407028,27.479546,25002931
2015-02-12,46.554043,46.701054,46.358025,46.65205,27.62463,19183028
2015-02-13,46.701054,46.750057,46.407028,46.456032,27.50856,16305727
2015-02-24,46.946075,47.191097,46.701054,47.044083,27.856771,32699202
2015-02-25,47.142094,47.240101,46.897072,47.240101,27.972841,20826763
2015-02-26,47.240101,47.240101,46.456032,46.848064,27.740698,25694708
2015-03-02,47.044083,47.142094,46.260014,46.554043,27.566601,16906695
2015-03-03,46.554043,46.65205,46.113003,46.65205,27.62463,20417615
2015-03-04,46.554043,46.701054,46.309017,46.505035,27.537577,10215439
2015-03-05,46.554043,46.65205,46.162006,46.21101,27.363472,10154220
2015-03-06,46.260014,46.65205,46.21101,46.554043,27.566601,9718544
2015-03-09,46.309017,46.750057,46.162006,46.554043,27.566601,12631556
2015-03-10,46.750057,47.044083,46.456032,46.848064,27.740698,19525855
2015-03-11,46.456032,47.730145,46.407028,47.534126,28.146942,37953847
2015-03-12,47.632133,48.024166,47.240101,47.779148,28.29203,27094586
2015-03-13,47.926159,47.975163,47.044083,47.044083,27.856771,17560720
2015-03-16,47.044083,47.338108,47.044083,47.142094,27.914804,10317471
2015-03-17,47.58313,47.681141,47.093086,47.093086,27.885788,12566256
2015-03-18,47.142094,47.632133,47.142094,47.240101,27.972841,17195445
2015-03-19,47.387112,48.710228,47.387112,48.563213,28.75631,42033085
2015-03-20,48.563213,49.004253,48.122177,48.51421,28.727297,37053926
2015-03-23,48.857243,49.592304,48.416203,49.200272,29.133543,33106309
2015-03-24,49.200272,49.396286,48.367199,48.51421,28.727297,22116447
2015-03-25,48.51421,48.563213,47.828152,48.073174,28.466139,17361758
2015-03-26,47.534126,49.004253,47.485123,49.004253,29.017466,21086944
2015-03-27,49.004253,49.004253,48.269192,48.269192,28.582205,16959752
2015-03-30,48.710228,48.808235,48.51421,48.51421,28.727297,10705193
2015-03-31,48.95525,49.004253,48.612221,49.004253,29.017466,19859500
2015-04-01,48.808235,48.808235,48.269192,48.269192,28.582205,12239753
2015-04-02,48.563213,49.200272,48.563213,48.612221,28.785328,14824223
2015-04-07,49.004253,49.004253,48.612221,48.612221,28.785328,11639805
2015-04-08,48.612221,48.95525,48.563213,48.95525,28.988451,8981873
2015-04-09,48.95525,49.88633,48.808235,49.200272,29.133543,23675495
2015-04-10,49.88633,49.984337,49.396286,49.592304,29.365679,17349514
2015-04-13,49.788322,49.788322,49.396286,49.494297,29.307648,13793700
2015-04-14,49.494297,49.984337,49.396286,49.592304,29.365679,18027006
2015-04-15,49.690311,49.788322,48.95525,49.396286,29.249609,22747004
2015-04-16,49.396286,49.788322,49.102261,49.788322,29.481747,12818274
2015-04-17,49.788322,49.88633,49.396286,49.592304,29.365679,11296978
2015-04-20,49.200272,49.592304,49.102261,49.298279,29.19157,9069620
2015-04-21,49.396286,49.788322,49.396286,49.788322,29.481747,15327240
2015-04-22,49.788322,50.376373,49.494297,50.376373,29.829956,22014415
2015-04-23,50.670399,53.414635,50.572392,52.728577,31.222799,111920895
2015-04-24,53.120609,53.414635,51.8465,52.630569,31.164764,72374329
2015-04-27,53.120609,54.884766,53.120609,53.904678,31.919214,89849342
2015-04-28,53.904678,55.374805,53.70866,54.394722,32.209396,76063804
2015-04-29,54.884766,55.374805,53.512646,53.512646,31.687075,61081431
2015-04-30,53.414635,53.904678,52.630569,52.630569,31.164764,49217155
2015-05-04,53.120609,54.884766,52.924595,54.688747,32.383495,52270972
2015-05-05,54.688747,55.374805,53.806671,54.590736,32.325455,45440953
2015-05-06,54.002686,54.492729,53.21862,54.394722,32.209396,33264459
2015-05-07,54.296715,54.296715,52.924595,53.21862,31.512974,32012526
2015-05-08,53.904678,54.394722,53.414635,53.414635,31.629036,32064563
2015-05-11,54.198704,54.590736,53.21862,53.414635,31.629036,26126303
2015-05-12,52.924595,54.296715,52.924595,54.002686,31.977249,20914510
2015-05-13,54.394722,54.394722,53.414635,54.198704,32.093319,16612843
2015-05-14,54.100697,54.100697,52.336544,52.532558,31.106718,35970346
2015-05-15,52.924595,53.414635,51.8465,53.316628,31.571012,22525595
2015-05-18,53.414635,53.414635,52.434551,52.826584,31.280823,12318318
2015-05-19,53.610653,54.394722,53.21862,54.198704,32.093319,29215830
2015-05-20,54.492729,54.786755,53.806671,54.198704,32.093319,20829824
2015-05-21,53.512646,53.512646,52.434551,52.434551,31.048695,29748437
2015-05-22,52.434551,52.924595,52.434551,52.728577,31.222799,11163316
2015-05-25,52.826584,53.316628,52.434551,53.316628,31.571012,12486671
2015-05-26,53.904678,54.198704,53.610653,54.198704,32.093319,18632055
2015-05-27,54.394722,54.688747,54.100697,54.394722,32.209396,27162947
2015-05-28,54.786755,55.08078,54.394722,54.394722,32.209396,33740948
2015-05-29,54.394722,54.786755,53.806671,53.806671,31.861183,22870463
2015-06-01,53.806671,54.296715,53.120609,53.806671,31.861183,11613277
2015-06-02,53.610653,53.806671,53.21862,53.316628,31.571012,14697703
2015-06-03,53.904678,53.904678,52.924595,53.022602,31.396908,11705106
2015-06-04,52.728577,53.21862,50.768406,51.25845,30.352268,28799540
2015-06-05,50.964424,52.140526,50.866413,51.356457,30.410303,19499327
2015-06-08,50.964424,51.8465,50.278362,51.454468,30.468346,20162535
2015-06-09,50.964424,51.25845,50.572392,50.768406,30.062096,13309048
2015-06-10,51.552475,52.140526,51.356457,51.650482,30.584412,16286341
2015-06-11,51.748493,52.042519,51.454468,51.748493,30.642447,18583080
2015-06-12,51.748493,52.434551,51.160442,52.238533,30.932613,13852879
2015-06-15,52.238533,52.826584,51.944508,52.140526,30.874586,14653829
2015-06-16,52.434551,52.434551,51.650482,52.042519,30.816555,13427405
2015-06-17,52.140526,52.140526,51.454468,51.454468,30.468346,23129624
2015-06-18,51.25845,51.650482,50.964424,51.062431,30.236198,18678990
2015-06-22,51.062431,52.532558,51.062431,51.944508,30.758516,17842328
2015-06-23,52.532558,53.610653,52.532558,53.316628,31.571012,30987105
2015-06-24,53.316628,53.610653,52.924595,53.21862,31.512974,16385312
2015-06-25,53.610653,53.904678,53.022602,53.316628,31.571012,22041963
2015-06-26,53.806671,53.904678,53.414635,53.806671,31.861183,26837466
2015-06-29,53.022602,53.21862,52.042519,52.140526,30.874586,25927340
2015-06-30,51.748493,52.826584,51.748493,52.826584,31.280823,40168961
2015-07-01,51.454468,51.8465,51.160442,51.454468,31.642458,22046045
2015-07-02,51.650482,51.748493,51.160442,51.160442,31.461645,17757642
2015-07-03,51.160442,51.454468,50.670399,51.356457,31.582188,17496440
2015-07-06,50.768406,51.25845,50.278362,50.47438,31.039743,20733914
2015-07-07,50.964424,51.25845,50.768406,50.964424,31.341105,8076849
2015-07-08,50.768406,50.964424,48.95525,49.004253,30.135677,39700635
2015-07-09,48.906246,49.494297,47.240101,48.95525,30.105536,29349492
2015-07-10,48.95525,48.95525,48.95525,48.95525,30.105536,0
2015-07-13,50.376373,51.160442,49.984337,50.964424,31.341105,29162774
2015-07-14,51.454468,52.042519,50.964424,50.964424,31.341105,26411992
2015-07-15,51.8465,51.8465,51.160442,51.650482,31.763002,18242293
2015-07-16,51.944508,52.140526,51.650482,51.944508,31.943815,16396535
2015-07-17,52.336544,52.336544,51.356457,51.748493,31.823273,15942493
2015-07-20,52.140526,52.238533,51.356457,51.552475,31.702736,11774488
2015-07-21,51.748493,52.042519,51.356457,52.042519,32.004089,10887830
2015-07-22,51.650482,51.944508,51.454468,51.552475,31.702736,12192819
2015-07-23,51.454468,51.552475,50.47438,50.670399,31.16029,23093913
2015-07-24,50.964424,51.160442,50.670399,50.964424,31.341105,11887743
2015-07-27,50.866413,50.866413,49.200272,49.396286,30.376762,23023511
2015-07-28,49.984337,50.082348,48.612221,48.612221,29.894587,26182420
2015-07-29,48.857243,49.102261,48.269192,48.710228,29.954861,20215591
2015-07-30,49.004253,50.376373,48.95525,49.494297,30.437029,15127258
2015-07-31,49.102261,49.984337,49.004253,49.984337,30.738386,16445511
2015-08-03,49.88633,49.88633,48.612221,49.298279,30.316488,9995050
2015-08-04,49.396286,49.984337,49.200272,49.788322,30.617849,13855939
2015-08-05,49.788322,50.180355,49.592304,49.592304,30.497295,12783584
2015-08-06,50.082348,50.180355,48.759232,49.102261,30.195944,12480549
2015-08-07,48.857243,49.690311,48.857243,49.004253,30.135677,15388459
2015-08-10,48.906246,49.494297,48.808235,49.396286,30.376762,10381751
2015-08-11,49.984337,50.082348,48.95525,49.102261,30.195944,19924800
2015-08-12,48.024166,48.220184,44.593872,45.622959,28.056313,66064672
2015-08-13,45.622959,46.65205,45.573956,45.573956,28.026178,31300343
2015-08-14,45.769974,46.505035,45.769974,46.063999,28.327534,14580366
2015-08-17,46.063999,46.21101,45.328934,45.671963,28.086449,20589028
2015-08-18,45.377937,45.671963,43.809803,43.90781,27.001566,33235890
2015-08-19,43.90781,43.90781,42.094654,42.780712,26.308445,38979269
2015-08-20,42.780712,44.054825,42.437683,43.123741,26.519396,34093978
2015-08-21,42.241665,42.53569,41.653614,41.653614,25.615318,33980723
2015-08-24,40.869549,41.947639,37.831284,40.183487,24.711252,68816474
2015-08-25,40.379505,42.829716,40.183487,42.339676,26.037224,52257708
2015-08-26,42.143658,44.299847,41.359589,43.711796,26.881021,59023447
2015-08-27,43.809803,43.90781,42.97673,43.711796,26.881021,36934548
2015-08-28,44.299847,45.524952,44.005817,45.083912,27.724823,42567733
2015-08-31,44.691879,45.965988,44.299847,45.965988,28.267263,34063369
2015-09-01,45.573956,45.818977,44.299847,44.299847,27.242651,21435894
2015-09-02,43.613785,45.132915,43.172749,44.34885,27.272783,26017129
2015-09-03,44.936901,44.936901,43.613785,44.34885,27.272783,22744964
2015-09-04,44.054825,44.495861,43.809803,44.054825,27.091972,17800495
2015-09-07,43.90781,44.593872,43.368763,43.809803,26.941298,20685959
2015-09-08,43.809803,43.858807,42.97673,43.417767,26.700209,19372807
2015-09-09,44.054825,44.740883,44.005817,44.34885,27.272783,35528548
2015-09-10,44.103828,44.446857,43.858807,43.956814,27.031702,21197139
2015-09-11,44.005817,44.250839,43.858807,44.201836,27.182379,16483262
2015-09-14,44.495861,44.593872,43.662788,43.90781,27.001566,17684179
2015-09-15,44.34885,44.642876,44.054825,44.103828,27.12211,26695641
2015-09-16,44.593872,45.965988,44.34885,45.524952,27.99604,40112844
2015-09-17,46.063999,47.044083,46.063999,47.044083,28.930248,38137505
2015-09-18,46.65205,47.093086,46.063999,46.65205,28.689165,26322204
2015-09-21,45.867981,45.916985,45.181923,45.426945,27.935772,24294829
2015-09-22,45.818977,46.358025,45.377937,46.113003,28.357676,12495853
2015-09-23,45.573956,45.769974,45.132915,45.524952,27.99604,20982872
2015-09-24,45.524952,45.818977,45.181923,45.181923,27.785095,18182095
2015-09-25,44.887897,44.887897,43.809803,43.956814,27.031702,29410712
2015-09-29,43.956814,43.956814,43.956814,43.956814,27.031702,0
2015-09-30,43.123741,44.054825,42.53569,44.054825,27.091972,50183398
2015-10-01,43.760799,44.887897,43.172749,44.34885,27.272783,30248394
2015-10-02,44.34885,44.397854,43.760799,43.809803,26.941298,20504342
2015-10-05,44.495861,44.740883,43.90781,44.740883,27.513878,16465917
2015-10-06,45.083912,45.720966,44.985905,44.985905,27.664551,19566668
2015-10-07,44.985905,45.818977,44.740883,45.818977,28.176857,18191277
2015-10-08,46.014996,46.014996,45.083912,45.230927,27.815226,16651615
2015-10-12,45.573956,45.818977,45.083912,45.27993,27.845362,20230896
2015-10-13,45.27993,45.524952,44.936901,45.27993,27.845362,25144755
2015-10-14,45.27993,45.27993,44.985905,44.985905,27.664551,11106178
2015-10-15,45.27993,45.426945,44.985905,44.985905,27.664551,16080236
2015-10-16,45.377937,45.671963,44.985905,45.181923,27.785095,24442775
2015-10-19,45.573956,45.622959,45.27993,45.573956,28.026178,19601359
2015-10-20,45.720966,45.818977,45.524952,45.769974,28.146725,15574158
2015-10-21,45.769974,45.818977,45.573956,45.573956,28.026178,14419156
2015-10-22,45.524952,45.573956,45.230927,45.328934,27.8755,6156608
2015-10-23,45.916985,46.260014,45.720966,46.063999,28.327534,17922933
2015-10-26,46.358025,46.554043,45.769974,45.965988,28.267263,20580866
2015-10-27,46.309017,46.309017,45.622959,45.818977,28.176857,15542528
2015-10-28,45.867981,46.260014,45.720966,46.014996,28.2974,10016477
2015-10-29,46.014996,46.014996,45.181923,45.181923,27.785095,12986627
2015-10-30,45.230927,45.916985,44.887897,45.475948,27.965912,21569556
2015-11-02,45.181923,45.769974,45.083912,45.769974,28.146725,13371288
2015-11-03,45.818977,46.554043,45.769974,46.505035,28.598755,26428317
2015-11-04,46.750057,47.142094,46.162006,47.093086,28.960382,36081561
2015-11-05,47.387112,48.51421,47.044083,48.51421,29.834318,36450917
2015-11-06,48.416203,48.416203,47.044083,47.093086,28.960382,24292789
2015-11-09,47.926159,47.975163,46.995079,47.142094,28.99052,18267801
2015-11-10,46.554043,46.554043,45.720966,45.818977,28.176857,19010594
2015-11-11,45.818977,46.21101,45.27993,45.475948,27.965912,13624327
2015-11-12,45.524952,45.671963,44.593872,44.887897,27.604277,18213724
2015-11-13,44.887897,45.867981,44.887897,45.27993,27.845362,18485129
2015-11-16,44.740883,46.063999,44.446857,45.867981,28.206989,26309960
2015-11-17,46.063999,46.456032,45.769974,45.867981,28.206989,16235325
2015-11-18,45.377937,45.916985,44.887897,44.887897,27.604277,14957885
2015-11-19,45.377937,46.063999,44.887897,46.063999,28.327534,18904481
2015-11-20,45.916985,45.916985,45.27993,45.377937,27.905634,9036970
2015-11-23,45.769974,45.769974,45.230927,45.377937,27.905634,7096322
2015-11-24,45.377937,45.965988,45.328934,45.573956,28.026178,8658431
2015-11-25,46.21101,46.21101,45.328934,45.573956,28.026178,8860455
2015-11-26,46.014996,46.309017,45.671963,45.671963,28.086449,10597039
2015-11-27,45.671963,46.063999,45.524952,45.573956,28.026178,7448332
2015-11-30,44.691879,45.083912,44.103828,44.740883,27.513878,50685395
2015-12-01,44.936901,45.377937,44.642876,45.377937,27.905634,22609261
2015-12-02,45.27993,45.769974,45.27993,45.328934,27.8755,10804164
2015-12-03,44.691879,45.426945,44.642876,44.838894,27.574146,10442970
2015-12-04,44.446857,44.544865,44.103828,44.201836,27.182379,19604420
2015-12-07,44.691879,45.181923,44.397854,44.397854,27.302917,9990969
2015-12-08,44.201836,44.34885,43.123741,43.123741,26.519396,24846822
2015-12-09,42.927727,42.927727,41.996647,41.996647,25.826273,29621918
2015-12-10,41.359589,42.486687,40.771538,42.437683,26.09749,34246006
2015-12-11,42.143658,42.241665,41.212578,41.408592,25.464645,23527549
2015-12-14,40.918552,41.408592,40.281494,40.918552,25.16329,12229550
2015-12-15,41.163574,41.555607,40.869549,41.163574,25.313969,12823376
2015-12-16,41.947639,41.947639,41.163574,41.163574,25.313969,13360064
2015-12-17,41.60461,42.682705,41.60461,42.682705,26.248175,17643366
2015-12-18,41.947639,42.094654,41.555607,41.898636,25.766003,18237192
2015-12-21,41.163574,42.241665,41.163574,42.241665,25.976959,11879580
2015-12-22,42.38868,42.53569,42.143658,42.486687,26.127626,7102444
2015-12-23,42.633701,43.123741,42.38868,42.584698,26.187901,9132880
2015-12-24,43.025734,43.319759,42.780712,42.829716,26.338573,5254645
2015-12-25,43.123741,43.123741,42.633701,42.927727,26.398855,3323180
2015-12-28,43.074738,43.172749,42.878723,43.123741,26.519396,6492293
2015-12-29,43.123741,43.123741,42.682705,42.780712,26.308445,2852813
2015-12-30,43.074738,43.074738,41.849632,42.437683,26.09749,11388807
2015-12-31,42.143658,45.377937,41.800629,45.377937,27.905634,15795567
2016-01-04,43.319759,43.564781,41.163574,41.163574,25.313969,31782955
2016-01-05,41.163574,41.555607,40.232491,40.281494,24.771523,26941538
2016-01-06,40.624527,40.673531,39.497429,39.546432,24.31949,26378322
2016-01-07,39.350414,39.791454,38.027302,38.860374,23.897591,47814216
2016-01-08,38.811371,40.08548,38.615353,39.1544,24.078405,28391412
2016-01-11,38.71336,38.71336,38.076305,38.223316,23.505827,27088464
2016-01-12,38.71336,38.909378,37.78228,38.125309,23.445555,28952588
2016-01-13,38.566345,38.664356,37.292236,37.635265,23.144197,37889567
2016-01-14,37.194229,37.194229,36.067131,36.263145,22.300398,43408476
2016-01-15,36.312153,36.655182,34.302979,34.793018,21.396328,68550171
2016-01-18,33.616917,34.695011,33.420902,34.302979,21.094975,83244813
2016-01-19,34.155964,34.744015,33.959946,34.597004,21.275787,33881752
2016-01-20,34.204967,34.351982,33.17588,33.224884,20.431988,40479138
2016-01-21,33.616917,33.812935,32.930859,32.930859,20.251175,36050951
2016-01-22,33.518909,33.616917,33.126877,33.420902,20.55253,23329607
2016-01-25,33.812935,34.744015,33.714928,34.547997,21.245647,33605245
2016-01-26,34.008953,34.204967,33.420902,33.420902,20.55253,27180293
2016-01-27,33.66592,33.910942,33.17588,33.420902,20.55253,22645993
2016-01-28,33.469906,33.812935,33.420902,33.469906,20.582666,24548889
2016-01-29,33.66592,35.724102,33.616917,35.381069,21.757957,59743792
2016-02-01,36.753189,36.753189,35.822109,36.263145,22.300398,45591960
2016-02-02,36.018127,36.704185,35.871113,36.263145,22.300398,33779720
2016-02-03,35.773106,35.773106,34.940033,35.087044,21.577143,46400053
2016-02-15,33.371895,34.695011,33.322891,34.302979,21.094975,37800799
2016-02-16,34.695011,36.214142,34.646008,35.920116,22.089451,38370138
2016-02-17,36.263145,36.312153,35.283062,35.283062,21.697685,22867402
2016-02-18,36.067131,36.312153,35.920116,36.165138,22.240129,26646666
2016-02-19,35.773106,36.263145,35.675095,36.263145,22.300398,15910863
2016-02-22,36.459164,36.753189,35.920116,36.165138,22.240129,20590049
2016-02-23,36.459164,36.557175,36.165138,36.361156,22.360672,13042745
2016-02-24,36.214142,36.459164,35.871113,35.871113,22.059317,13718196
2016-02-25,36.018127,36.557175,35.969124,36.165138,22.240129,18911623
2016-02-26,36.41016,36.753189,36.214142,36.557175,22.481216,16986280
2016-03-01,35.675095,36.655182,35.675095,36.312153,22.330536,19610542
2016-03-02,36.851196,37.488255,36.655182,37.439247,23.023655,40598516
2016-03-03,37.488255,38.71336,37.439247,38.664356,23.77705,44140045
2016-03-04,38.71336,39.007385,38.223316,38.566345,23.716778,32369638
2016-03-07,39.056389,39.497429,38.615353,38.811371,23.867458,28831170
2016-03-08,39.203403,39.203403,38.272324,38.860374,23.897591,24466243
2016-03-09,38.517342,38.811371,38.174313,38.71336,23.807182,17598472
2016-03-10,38.468338,39.105392,38.272324,38.468338,23.656506,17984153
2016-03-11,38.517342,38.615353,37.978294,38.615353,23.746914,22598038
2016-03-14,39.203403,39.301411,38.664356,38.762363,23.837315,25531456
2016-03-15,38.958382,38.958382,37.831284,37.831284,23.26474,23687739
2016-03-16,38.174313,38.419334,37.978294,38.223316,23.505827,13630449
2016-03-17,38.566345,39.203403,38.223316,38.370331,23.596231,32024770
2016-03-18,38.566345,38.762363,38.468338,38.615353,23.746914,22014415
2016-03-21,38.762363,38.860374,38.027302,38.321327,23.566101,24391760
2016-03-22,38.125309,38.125309,37.733276,37.978294,23.355148,17250543
2016-03-23,38.125309,38.615353,37.78228,37.880287,23.294876,22554164
2016-03-24,37.537258,37.586262,36.900204,37.145226,22.84284,36265219
2016-03-25,37.390244,37.439247,36.949207,37.145226,22.84284,12381578
2016-03-28,36.998211,37.292236,36.949207,37.145226,22.84284,9109413
2016-03-29,37.145226,37.292236,36.508167,36.557175,22.481216,18075981
2016-03-30,36.557175,37.243233,36.557175,37.194229,22.872976,15625174
2016-03-31,37.34124,38.125309,37.292236,37.78228,23.234604,38858871
2016-04-01,37.34124,37.537258,36.851196,36.998211,22.752434,20024792
2016-04-06,36.361156,36.459164,35.920116,36.067131,22.179857,34563325
2016-04-07,36.018127,36.067131,35.675095,35.675095,21.93877,27274162
2016-04-08,35.381069,35.822109,35.332066,35.577087,21.878502,17630102
2016-04-11,35.332066,35.381069,35.087044,35.185055,21.637411,22537839
2016-04-12,35.136051,35.577087,34.989037,35.087044,21.577143,25624306
2016-04-13,35.234058,35.626091,35.136051,35.626091,21.908636,27510876
2016-04-14,35.871113,36.361156,35.577087,35.577087,21.878502,25707972
2016-04-15,35.822109,35.920116,35.430077,35.871113,22.059317,22166442
2016-04-18,35.822109,35.920116,35.577087,35.920116,22.089451,10301146
2016-04-19,35.969124,36.067131,35.332066,35.332066,21.727819,25290661
2016-04-20,35.577087,35.724102,35.087044,35.136051,21.607279,25124349
2016-04-21,35.381069,35.47908,35.136051,35.47908,21.818226,14809938
2016-04-22,35.430077,35.675095,35.185055,35.430077,21.788094,14241620
2016-04-25,35.430077,35.675095,35.381069,35.577087,21.878502,7232025
2016-04-26,35.675095,36.018127,35.577087,35.920116,22.089451,12956018
2016-04-27,35.920116,36.018127,35.577087,35.871113,22.059317,12514219
2016-04-28,35.969124,36.018127,35.185055,35.528084,21.848366,20936957
2016-04-29,35.528084,35.773106,35.381069,35.528084,21.848366,23451025
2016-05-03,35.773106,35.773106,35.283062,35.528084,21.848366,12269343
2016-05-04,35.577087,35.773106,35.136051,35.185055,21.637411,25548802
2016-05-05,35.136051,35.626091,35.087044,35.185055,21.637411,23003105
2016-05-06,35.185055,35.283062,34.695011,34.989037,21.516876,28117967
2016-05-09,34.842026,35.087044,34.646008,34.793018,21.396328,11932637
2016-05-10,34.547997,34.891029,34.400986,34.597004,21.275787,18995289
2016-05-11,34.842026,34.891029,34.351982,34.449989,21.185379,19710533
2016-05-12,34.449989,34.695011,34.302979,34.302979,21.094975,11601033
2016-05-13,34.204967,34.253971,33.861938,33.910942,20.853888,26961945
2016-05-16,33.812935,34.253971,33.714928,33.910942,20.853888,10495007
2016-05-17,33.910942,34.449989,33.812935,34.155964,21.004566,19632989
2016-05-18,34.008953,34.204967,33.861938,34.10696,20.974428,18497373
2016-05-19,34.449989,34.498993,34.057957,34.449989,21.185379,22319490
2016-05-20,34.400986,34.646008,34.155964,34.400986,21.155245,12861128
2016-05-23,34.400986,36.018127,34.302979,35.969124,22.119585,28223060
2016-05-24,35.920116,36.263145,35.675095,35.675095,21.93877,19379950
2016-05-25,36.116135,36.606178,35.969124,36.459164,22.420942,25500847
2016-05-26,36.557175,36.557175,36.165138,36.263145,22.300398,15757815
2016-05-27,36.41016,36.851196,36.361156,36.851196,22.662027,21254277
2016-05-30,37.047215,37.390244,36.949207,37.292236,22.933249,23996896
2016-05-31,37.390244,37.390244,36.802193,36.949207,22.7223,39546566
2016-06-01,36.949207,37.390244,36.753189,37.243233,22.903114,16976077
2016-06-02,37.243233,37.635265,37.096218,37.243233,22.903114,18695315
2016-06-03,37.243233,37.537258,37.047215,37.194229,22.872976,14641586
2016-06-06,37.047215,37.390244,36.655182,36.851196,22.662027,11781630
2016-06-07,37.096218,37.34124,36.900204,37.194229,22.872976,19807464
2016-06-08,37.194229,37.439247,36.802193,36.949207,22.7223,28293462
2016-06-13,36.851196,37.243233,36.557175,36.851196,22.662027,21778721
2016-06-14,36.851196,37.243233,36.753189,37.096218,22.812706,15207863
2016-06-15,37.145226,37.292236,36.851196,37.243233,22.903114,15985346
2016-06-16,37.047215,37.145226,35.871113,36.067131,22.179857,31833971
2016-06-17,36.41016,36.753189,36.165138,36.557175,22.481216,22497026
2016-06-20,36.753189,36.900204,36.606178,36.851196,22.662027,16605701
2016-06-21,36.900204,37.194229,36.851196,37.145226,22.84284,21699136
2016-06-22,37.145226,37.145226,36.802193,37.145226,22.84284,16274097
2016-06-23,37.145226,37.145226,36.851196,36.900204,22.692163,17565821
2016-06-24,37.096218,37.096218,35.283062,35.675095,21.93877,55976773
2016-06-27,33.224884,34.155964,33.224884,33.861938,22.034435,40220998
2016-06-28,33.567913,33.66592,33.371895,33.616917,21.874996,29913729
2016-06-29,33.616917,34.057957,33.616917,33.714928,21.938774,28077154
2016-06-30,34.057957,34.351982,33.812935,34.302979,22.321426,27786363
2016-07-01,34.449989,34.793018,34.204967,34.351982,22.353313,21287947
2016-07-04,34.351982,34.793018,34.302979,34.449989,22.417088,8955344
2016-07-05,34.400986,34.449989,34.155964,34.302979,22.321426,10115448
2016-07-06,34.008953,34.057957,33.420902,33.420902,21.747444,33756253
2016-07-07,33.66592,33.812935,33.420902,33.420902,21.747444,17150551
2016-07-08,33.420902,33.420902,33.420902,33.420902,21.747444,0
2016-07-11,33.66592,33.910942,33.469906,33.469906,21.779333,30993227
2016-07-12,33.616917,33.812935,33.518909,33.714928,21.938774,24092806
2016-07-13,33.910942,34.547997,33.861938,34.400986,22.385201,36563152
2016-07-14,34.547997,34.940033,34.302979,34.940033,22.735968,29911688
2016-07-15,35.087044,35.773106,35.087044,35.773106,23.278059,40285278
2016-07-18,35.871113,36.361156,35.822109,36.214142,23.565046,28823007
2016-07-19,36.214142,36.655182,35.773106,36.557175,23.788263,30198398
2016-07-20,36.165138,36.508167,35.822109,36.116135,23.501268,30300430
2016-07-21,36.263145,36.508167,36.165138,36.263145,23.596933,26521166
2016-07-22,36.165138,36.214142,35.822109,35.969124,23.405607,15450699
2016-07-25,36.263145,36.459164,35.185055,35.675095,23.214281,27296609
2016-07-26,35.577087,35.675095,35.332066,35.626091,23.182394,18763677
2016-07-27,35.773106,35.773106,35.234058,35.430077,23.054844,19687066
2016-07-28,35.381069,35.773106,35.283062,35.626091,23.182394,26468110
2016-07-29,35.577087,35.626091,35.136051,35.136051,22.863516,16931183
2016-08-01,35.283062,35.47908,35.136051,35.381069,23.022955,15618031
2016-08-02,35.430077,35.47908,35.185055,35.185055,22.895401,11249023
2016-08-03,34.989037,35.283062,34.891029,35.087044,22.831627,9690995
2016-08-04,35.234058,35.430077,34.989037,35.381069,23.022955,9551211
2016-08-05,35.381069,35.773106,35.234058,35.773106,23.278059,22036862
2016-08-08,36.116135,36.508167,36.067131,36.508167,23.756372,36883532
2016-08-09,37.047215,37.537258,36.900204,37.047215,24.107138,43734978
2016-08-10,37.243233,37.292236,37.047215,37.243233,24.23469,26937457
2016-08-11,37.145226,37.194229,36.459164,36.851196,23.979588,20806356
2016-08-12,36.900204,37.243233,36.802193,37.194229,24.202801,23925473
2016-08-15,37.194229,37.194229,36.900204,37.096218,24.139027,9390001
2016-08-16,37.243233,37.243233,36.753189,37.047215,24.107138,13071314
2016-08-17,36.998211,37.488255,36.949207,37.390244,24.330351,22357242
2016-08-18,37.292236,37.390244,37.145226,37.292236,24.266577,20834925
2016-08-19,37.243233,37.390244,36.753189,36.753189,23.91581,20243140
2016-08-22,36.459164,36.557175,36.067131,36.165138,23.533159,15246635
2016-08-23,36.263145,37.145226,36.214142,37.047215,24.107138,16706712
2016-08-24,37.34124,37.586262,37.047215,37.096218,24.139027,22109305
2016-08-25,37.292236,38.076305,37.292236,37.978294,24.713005,48538643
2016-08-26,38.076305,38.762363,38.027302,38.566345,25.095659,56762419
2016-08-29,38.811371,39.007385,38.223316,38.860374,25.286985,28045524
2016-08-30,38.909378,39.987473,38.811371,39.791454,25.892853,47995833
2016-08-31,39.938465,40.575523,39.1544,39.399422,25.637753,39556769
2016-09-01,39.105392,39.1544,38.517342,38.71336,25.19132,23407151
2016-09-02,38.566345,38.762363,38.223316,38.71336,25.19132,16774053
2016-09-05,39.056389,39.399422,39.007385,39.105392,25.446423,15106851
2016-09-06,39.203403,39.64444,39.105392,39.546432,25.733414,19917658
2016-09-07,40.036476,40.08548,39.742451,40.036476,26.052294,24187696
2016-09-08,39.791454,40.477512,39.742451,40.379505,26.275509,27646579
2016-09-09,40.330502,40.330502,39.497429,39.64444,25.797184,20948181
2016-09-12,38.71336,39.105392,38.468338,39.007385,25.382647,17281152
2016-09-13,39.105392,39.105392,38.027302,38.419334,24.999996,25579411
2016-09-14,38.027302,38.71336,38.027302,38.566345,25.095659,23604073
2016-09-19,38.615353,39.399422,38.615353,39.399422,25.637753,13438629
2016-09-20,39.105392,39.399422,39.105392,39.252407,25.542089,13236605
2016-09-21,39.007385,39.693443,39.007385,39.497429,25.701529,16377149
2016-09-22,39.987473,40.036476,39.399422,39.693443,25.829077,16597538
2016-09-23,39.791454,39.987473,39.448425,39.791454,25.892853,16363885
2016-09-26,39.693443,39.791454,39.448425,39.546432,25.733414,14821162
2016-09-27,39.546432,39.546432,39.546432,39.546432,25.733414,0
2016-09-28,39.546432,39.546432,39.546432,39.546432,25.733414,0
2016-09-29,40.036476,40.08548,39.399422,39.987473,26.020407,22108284
2016-09-30,39.64444,39.64444,38.909378,39.350414,25.605864,20653309
2016-10-03,39.497429,39.595436,39.203403,39.252407,25.542089,9499175
2016-10-04,39.301411,39.64444,39.105392,39.64444,25.797184,12648901
2016-10-05,39.399422,39.64444,39.301411,39.301411,25.573975,9647121
2016-10-06,39.399422,39.497429,39.301411,39.448425,25.669641,7171826
2016-10-07,39.448425,39.448425,39.105392,39.350414,25.605864,11362278
2016-10-11,39.497429,39.595436,38.909378,39.203403,25.510201,13637591
2016-10-12,39.056389,39.840458,38.958382,39.840458,25.92474,17514805
2016-10-13,39.840458,39.840458,39.1544,39.1544,25.478313,18078022
2016-10-14,39.1544,39.399422,38.860374,38.909378,25.318872,11920393
2016-10-17,38.909378,39.1544,38.370331,39.1544,25.478313,14487517
2016-10-18,39.105392,39.693443,38.958382,39.693443,25.829077,20285993
2016-10-19,39.693443,39.840458,39.546432,39.791454,25.892853,14378343
2016-10-20,39.791454,39.791454,39.350414,39.64444,25.797184,6932051
2016-10-21,39.497429,39.64444,39.252407,39.497429,25.701529,6172933
2016-10-24,39.497429,39.595436,39.399422,39.448425,25.669641,6019885
2016-10-25,39.350414,39.693443,39.350414,39.595436,25.765303,5960707
2016-10-26,39.595436,39.693443,39.399422,39.693443,25.829077,7523836
2016-10-27,39.693443,39.987473,39.595436,39.840458,25.92474,17317884
2016-10-28,39.840458,39.987473,39.693443,39.987473,26.020407,14176320
2016-10-31,39.693443,40.134483,39.350414,40.134483,26.11607,15022165
2016-11-01,39.987473,39.987473,39.693443,39.987473,26.020407,10314410
2016-11-02,39.64444,39.742451,39.448425,39.448425,25.669641,10575612
2016-11-03,39.301411,39.448425,39.007385,39.007385,25.382647,12959079
2016-11-04,39.056389,39.595436,38.860374,39.595436,25.765303,12806031
2016-11-07,39.64444,39.889462,39.399422,39.889462,25.956629,11085772
2016-11-08,39.987473,39.987473,39.693443,39.938465,25.988512,7558527
2016-11-09,40.183487,40.428509,38.321327,38.321327,24.936224,28137353
2016-11-10,39.693443,40.624527,39.64444,40.624527,26.434942,49041660
2016-11-11,43.123741,43.123741,40.967556,42.878723,27.901783,118634598
2016-11-14,42.927727,45.377937,42.290672,45.034908,29.304838,86591462
2016-11-15,45.132915,45.573956,43.858807,44.005817,28.635193,57082799
2016-11-16,44.201836,44.936901,44.103828,44.544865,28.985964,43429903
2016-11-17,44.544865,44.593872,43.956814,43.956814,28.603312,21306313
2016-11-18,44.152832,44.446857,43.270756,44.103828,28.698977,25681443
2016-11-21,44.495861,45.083912,44.201836,44.740883,29.113522,28741382
2016-11-22,44.887897,44.887897,44.34885,44.544865,28.985964,17535212
2016-11-23,44.936901,45.818977,44.593872,45.132915,29.368618,39892455
2016-11-24,45.475948,45.867981,45.328934,45.622959,29.687494,35306118
2016-11-25,45.818977,47.730145,45.671963,47.485123,30.899231,61168159
2016-11-28,47.926159,48.563213,47.338108,47.485123,30.899231,52362801
2016-11-29,46.946075,46.995079,46.358025,46.358025,30.165812,54373851
2016-11-30,46.309017,46.848064,45.377937,45.965988,29.910709,61842590
2016-12-01,46.309017,47.338108,46.260014,47.338108,30.803572,41738213
2016-12-02,47.338108,47.387112,46.701054,47.044083,30.61224,35212249
2016-12-05,47.779148,47.926159,46.897072,47.338108,30.803572,32936936
2016-12-06,48.024166,48.416203,47.779148,48.024166,31.249994,41209687
2016-12-07,48.51421,48.759232,47.730145,47.926159,31.186218,31252388
2016-12-08,48.318195,48.465206,47.975163,48.073174,31.281879,26965005
2016-12-09,48.220184,48.416203,48.122177,48.416203,31.505096,24053013
2016-12-12,48.710228,48.710228,48.073174,48.416203,31.505096,21020624
2016-12-13,48.367199,48.759232,48.318195,48.661224,31.664537,21447117
2016-12-14,48.759232,48.906246,47.58313,47.681141,31.026785,28877084
2016-12-15,47.58313,48.808235,47.485123,48.808235,31.760197,38754798
2016-12-16,49.200272,49.494297,48.808235,49.004253,31.887751,38408910
2016-12-19,48.95525,48.95525,47.877155,48.024166,31.249994,21079802
2016-12-20,47.828152,48.220184,47.632133,48.024166,31.249994,20068665
2016-12-21,48.220184,48.220184,47.534126,47.58313,30.963001,22068492
2016-12-22,47.436115,47.534126,45.818977,45.867981,29.84693,39357807
2016-12-23,45.818977,46.505035,45.377937,46.063999,29.974483,18682051
2016-12-26,46.260014,47.093086,46.162006,47.093086,30.644125,7821769
2016-12-27,47.093086,47.093086,46.554043,46.65205,30.35714,7711575
2016-12-28,46.946075,47.828152,46.701054,47.681141,31.026785,14134487
2016-12-29,47.485123,47.828152,46.701054,46.946075,30.548462,19243227
2016-12-30,47.191097,47.58313,47.093086,47.240101,30.739786,9629776
2017-01-03,47.142094,47.240101,46.750057,47.044083,30.61224,6225990
2017-01-04,47.387112,47.387112,46.799061,46.946075,30.548462,9780783
2017-01-05,46.946075,47.436115,46.946075,47.436115,30.867338,14984413
2017-01-06,47.828152,47.828152,47.191097,47.779148,31.090555,16490405
2017-01-09,47.779148,48.220184,47.779148,48.024166,31.249994,15368053
2017-01-10,47.975163,48.220184,47.289104,48.220184,31.377542,14673215
2017-01-11,48.416203,48.416203,47.828152,48.024166,31.249994,16841395
2017-01-12,48.122177,48.318195,47.681141,47.730145,31.05867,18810611
2017-01-13,47.730145,47.730145,47.142094,47.436115,30.867338,16555705
2017-01-16,47.044083,47.093086,46.260014,46.358025,30.165812,22287861
2017-01-17,45.867981,46.701054,45.867981,46.554043,30.293364,18092306
2017-01-18,46.113003,46.505035,45.818977,46.014996,29.942596,21877692
2017-01-19,45.965988,46.014996,45.671963,45.916985,29.87882,18072920
2017-01-20,46.063999,46.358025,45.769974,46.21101,30.070147,17309721
2017-01-23,46.456032,46.603046,46.014996,46.456032,30.229589,21988907
2017-01-24,46.456032,46.554043,46.014996,46.554043,30.293364,18877952
2017-02-02,46.554043,46.603046,45.965988,45.965988,29.910709,28965852
2017-02-03,45.965988,46.21101,45.622959,45.720966,29.75127,18720823
2017-02-06,45.769974,47.436115,45.720966,47.240101,30.739786,38482373
2017-02-07,47.240101,47.289104,46.799061,47.044083,30.61224,18998350
2017-02-08,47.240101,47.338108,46.750057,46.897072,30.516579,20981851
2017-02-09,46.897072,47.044083,46.750057,46.750057,30.420916,13487604
2017-02-10,47.240101,48.416203,47.093086,47.338108,30.803572,44029851
2017-02-13,48.122177,48.122177,47.191097,47.289104,30.771679,13480462
2017-02-14,47.289104,48.024166,47.289104,47.632133,30.994892,24917224
2017-02-15,47.926159,48.024166,47.681141,47.926159,31.186218,20440062
2017-02-16,48.465206,48.612221,48.024166,48.073174,31.281879,31004451
2017-02-17,48.220184,48.416203,47.779148,48.269192,31.409435,17891303
2017-02-20,48.024166,48.269192,47.975163,48.024166,31.249994,9338985
2017-02-21,48.024166,48.220184,47.975163,48.220184,31.377542,11968348
2017-02-22,48.416203,48.51421,47.681141,47.828152,31.122448,16122069
2017-02-23,47.828152,47.926159,47.534126,47.632133,30.994892,13797781
2017-02-24,47.534126,47.58313,47.289104,47.289104,30.771679,15865969
2017-03-01,47.240101,47.338108,46.897072,46.897072,30.516579,14278352
2017-03-02,47.877155,48.51421,47.142094,47.779148,31.090555,39424128
2017-03-03,47.534126,47.926159,47.436115,47.436115,30.867338,19657477
2017-03-06,47.387112,48.024166,47.387112,48.024166,31.249994,14537513
2017-03-07,48.024166,48.220184,47.828152,48.024166,31.249994,13409039
2017-03-08,48.024166,48.95525,48.024166,48.857243,31.792086,30779980
2017-03-09,49.004253,49.102261,48.563213,48.759232,31.728312,19922760
2017-03-10,48.95525,49.396286,48.367199,49.004253,31.887751,30140240
2017-03-13,49.396286,49.984337,49.200272,49.788322,32.397957,31757447
2017-03-14,49.984337,50.180355,49.494297,49.984337,32.525501,27860846
2017-03-15,50.082348,50.180355,49.592304,50.180355,32.653057,18680010
2017-03-16,49.788322,50.082348,49.494297,49.984337,32.525501,21214484
2017-03-17,49.88633,50.082348,49.592304,49.984337,32.525501,23706105
2017-03-20,49.592304,50.082348,49.396286,50.082348,32.589279,10383792
2017-03-21,49.788322,49.88633,49.396286,49.592304,32.270393,20411493
2017-03-22,48.51421,49.102261,48.367199,49.102261,31.951521,27314975
2017-03-23,49.298279,49.592304,49.102261,49.592304,32.270393,11452067
2017-03-24,49.396286,49.788322,49.102261,49.200272,32.015305,11686740
2017-03-27,48.857243,49.102261,48.612221,49.004253,31.887751,11405132
2017-03-28,49.004253,49.102261,48.465206,48.710228,31.696423,15626194
2017-03-29,48.759232,49.102261,48.367199,48.612221,31.632645,15643539
2017-03-30,48.51421,48.612221,48.024166,48.024166,31.249994,21461402
2017-03-31,48.122177,48.318195,47.730145,47.730145,31.05867,20773706
2017-04-05,48.122177,48.220184,47.681141,48.024166,31.249994,18758575
2017-04-06,48.024166,48.416203,47.975163,48.073174,31.281879,17585208
2017-04-07,47.828152,48.024166,47.142094,47.240101,30.739786,21535885
2017-04-10,47.828152,48.024166,47.485123,47.779148,31.090555,13142736
2017-04-11,47.534126,47.58313,47.044083,47.044083,30.61224,17656630
2017-04-12,47.044083,47.191097,46.848064,46.995079,30.580353,13048867
2017-04-13,46.995079,47.044083,46.897072,46.995079,30.580353,12322399
2017-04-14,46.848064,46.946075,46.358025,46.554043,30.293364,7857481
2017-04-17,46.505035,46.750057,46.063999,46.309017,30.133919,10320532
2017-04-18,46.456032,46.603046,45.573956,45.965988,29.910709,22178686
2017-04-19,45.671963,46.113003,45.132915,45.27993,29.464277,26286493
2017-04-20,45.181923,45.867981,45.132915,45.818977,29.815046,17949462
2017-04-21,46.358025,46.456032,46.21101,46.260014,30.102036,9144104
2017-04-24,46.65205,46.701054,46.260014,46.358025,30.165812,5657672
2017-04-25,46.799061,47.534126,46.603046,47.534126,30.931118,21342024
2017-04-26,47.681141,47.681141,47.289104,47.632133,30.994892,14746678
2017-04-27,47.240101,47.681141,47.240101,47.58313,30.963001,7328955
2017-04-28,47.534126,47.58313,47.142094,47.436115,30.867338,11843869
2017-05-02,47.632133,48.318195,47.632133,48.024166,31.249994,20103356
2017-05-03,48.024166,48.318195,47.877155,48.269192,31.409435,11153113
2017-05-04,48.269192,48.465206,48.024166,48.318195,31.441324,12969282
2017-05-05,48.171181,48.269192,47.779148,47.779148,31.090555,8345193
2017-05-08,48.122177,48.122177,47.681141,48.024166,31.249994,8191125
2017-05-09,47.681141,48.563213,47.681141,47.975163,31.218107,12848884
2017-05-10,48.122177,48.318195,47.926159,47.975163,31.218107,9316538
2017-05-11,48.024166,48.220184,47.926159,48.220184,31.377542,9725686
2017-05-12,48.024166,48.171181,47.926159,48.171181,31.345657,6084165
2017-05-15,48.318195,48.808235,48.171181,48.808235,31.760197,13427405
2017-05-16,49.102261,49.690311,49.004253,49.200272,32.015305,25490644
2017-05-17,49.592304,49.690311,49.004253,49.298279,32.079075,19035082
2017-05-18,48.710228,48.759232,48.416203,48.51421,31.568871,17902527
2017-05-19,48.51421,48.51421,48.024166,48.122177,31.313768,10331756
2017-05-22,48.122177,48.171181,47.779148,47.828152,31.122448,14096735
2017-05-23,47.730145,47.730145,47.436115,47.534126,30.931118,19340157
2017-05-24,47.534126,47.779148,47.436115,47.436115,30.867338,12373415
2017-05-25,47.240101,47.975163,47.191097,47.632133,30.994892,18373915
2017-05-26,47.828152,47.828152,46.995079,47.044083,30.61224,19594217
2017-05-31,46.750057,46.799061,46.014996,46.162006,30.038256,30425930
2017-06-01,46.063999,46.505035,46.063999,46.358025,30.165812,13225382
2017-06-02,46.603046,46.750057,46.358025,46.603046,30.325249,13237626
2017-06-05,46.554043,46.750057,46.309017,46.750057,30.420916,16040444
2017-06-06,46.309017,46.456032,46.162006,46.21101,30.070147,17375022
2017-06-07,46.162006,46.358025,46.162006,46.309017,30.133919,12852965
2017-06-08,46.260014,46.505035,45.965988,46.113003,30.006378,20791052
2017-06-09,46.113003,46.260014,45.867981,45.867981,29.84693,14990535
2017-06-12,46.505035,47.044083,46.456032,46.750057,30.420916,20781869
2017-06-13,46.946075,47.142094,46.897072,47.044083,30.61224,16137374
2017-06-14,47.044083,47.044083,46.358025,46.456032,30.229589,14589549
2017-06-15,46.456032,46.799061,46.162006,46.799061,30.452799,16472039
2017-06-16,46.799061,46.848064,46.505035,46.750057,30.420916,11727553
2017-06-19,47.044083,47.534126,46.848064,47.436115,30.867338,17175039
2017-06-20,47.632133,48.024166,47.632133,48.024166,31.249994,18341264
2017-06-21,47.877155,48.318195,47.632133,47.975163,31.218107,23050039
2017-06-22,47.975163,48.318195,47.828152,48.318195,31.441324,13540661
2017-06-23,48.073174,48.171181,47.828152,48.024166,31.249994,12646861
2017-06-26,48.220184,49.494297,48.122177,49.396286,32.142853,40527093
2017-06-27,49.494297,49.690311,48.95525,49.396286,32.142853,21679750
2017-06-28,49.102261,49.396286,49.004253,49.200272,32.015305,19764610
2017-06-29,49.690311,50.180355,49.396286,49.592304,32.270393,23504081
2017-06-30,49.494297,49.592304,49.004253,49.102261,31.951521,30051472
2017-07-03,47.632133,47.681141,47.387112,47.632133,32.283665,20756361
2017-07-04,47.632133,48.612221,47.632133,48.318195,32.748653,26820120
2017-07-05,48.416203,48.51421,47.730145,48.024166,32.54937,15248676
2017-07-06,47.828152,47.877155,47.58313,47.779148,32.383301,18255558
2017-07-07,47.779148,47.828152,47.436115,47.58313,32.250443,9679771
2017-07-10,47.681141,47.926159,47.632133,47.926159,32.482941,8779850
2017-07-11,48.122177,48.710228,48.122177,48.710228,33.014362,18713681
2017-07-12,48.710228,49.200272,48.710228,49.004253,33.213646,22994942
2017-07-13,49.200272,49.298279,48.857243,49.004253,33.213646,12139762
2017-07-14,49.004253,49.004253,48.759232,48.857243,33.114002,7064692
2017-07-17,48.759232,48.906246,48.416203,48.465206,32.848297,11574505
2017-07-18,48.318195,48.465206,48.073174,48.122177,32.615799,13537600
2017-07-19,48.269192,48.612221,48.220184,48.465206,32.848297,13018257
2017-07-20,48.563213,48.563213,48.269192,48.318195,32.748653,6461683
2017-07-21,48.269192,48.318195,48.073174,48.220184,32.682224,5903569
2017-07-24,48.024166,48.220184,47.877155,48.220184,32.682224,9225729
2017-07-25,48.220184,48.367199,48.073174,48.122177,32.615799,6222929
2017-07-26,48.122177,48.220184,47.975163,48.073174,32.582581,6317818
2017-07-27,48.269192,48.808235,48.073174,48.808235,33.080784,12948875
2017-07-28,48.710228,48.710228,48.318195,48.367199,32.781872,8717610
2017-07-31,48.367199,48.367199,48.024166,48.220184,32.682224,10304207
2017-08-01,48.122177,48.220184,47.926159,48.024166,32.54937,9222668
2017-08-02,48.122177,48.220184,47.975163,48.171181,32.64901,8968609
2017-08-03,47.926159,48.024166,47.730145,47.926159,32.482941,11774488
2017-08-04,47.926159,47.975163,47.779148,47.926159,32.482941,8215613
2017-08-07,48.171181,48.416203,48.122177,48.171181,32.64901,11908149
2017-08-08,48.220184,48.563213,48.122177,48.563213,32.914719,13571270
2017-08-09,48.122177,48.318195,47.828152,47.975163,32.516155,14994616
2017-08-10,47.877155,47.877155,47.191097,47.191097,31.984741,16008814
2017-08-11,46.65205,47.485123,46.65205,47.191097,31.984741,7264675
2017-08-14,47.338108,47.436115,46.995079,47.093086,31.918308,7668722
2017-08-15,47.338108,47.436115,47.093086,47.240101,32.017948,7038164
2017-08-16,47.044083,47.485123,46.946075,47.338108,32.084385,12254038
2017-08-17,47.534126,47.877155,47.387112,47.828152,32.416519,7189171
2017-08-18,47.338108,47.338108,47.093086,47.093086,31.918308,9402244
2017-08-21,47.044083,47.191097,46.897072,47.093086,31.918308,5440149
2017-08-22,46.946075,47.240101,46.946075,47.093086,31.918308,6725994
2017-08-23,47.338108,47.485123,46.946075,47.191097,31.984741,6432371
2017-08-24,47.044083,47.436115,46.946075,47.142094,31.951525,8015632
2017-08-25,47.142094,47.338108,47.142094,47.240101,32.017948,5502046
2017-08-28,47.289104,47.877155,47.289104,47.730145,32.35009,13118082
2017-08-29,47.632133,47.632133,47.485123,47.534126,32.217236,5462656
2017-08-30,47.926159,48.563213,47.926159,48.465206,32.848297,22662527
2017-08-31,48.710228,48.759232,48.122177,48.269192,32.715443,13824172
2017-09-01,48.416203,48.416203,47.975163,47.975163,32.516155,7715826
2017-09-04,47.926159,47.926159,47.632133,47.681141,32.316879,7151593
2017-09-05,47.828152,47.926159,47.58313,47.877155,32.44973,7138078
2017-09-06,47.58313,47.632133,47.142094,47.338108,32.084385,17459299
2017-09-07,47.436115,47.632133,46.848064,47.191097,31.984741,16253867
2017-09-08,46.897072,47.730145,46.848064,47.681141,32.316879,18866604
2017-09-11,47.681141,47.681141,47.044083,47.093086,31.918308,15791139
2017-09-12,47.387112,47.485123,47.044083,47.485123,32.184021,6328054
2017-09-13,47.485123,47.632133,47.191097,47.485123,32.184021,15671589
2017-09-14,47.240101,47.436115,47.191097,47.240101,32.017948,9797163
2017-09-15,47.485123,47.485123,47.044083,47.191097,31.984741,25670080
2017-09-18,47.485123,47.730145,47.387112,47.730145,32.35009,11285889
2017-09-19,47.730145,47.779148,47.142094,47.142094,31.951525,8361345
2017-09-20,47.240101,47.436115,47.142094,47.289104,32.051167,8113763
2017-09-21,47.289104,48.220184,47.142094,48.220184,32.682224,23427704
2017-09-22,48.024166,48.024166,47.240101,47.338108,32.084385,14225558
2017-09-25,47.632133,47.632133,47.093086,47.289104,32.051167,9071504
2017-09-26,47.191097,47.485123,47.191097,47.289104,32.051167,10056622
2017-09-27,47.338108,47.828152,47.289104,47.58313,32.250443,8082534
2017-09-28,47.436115,47.828152,46.848064,46.848064,31.752243,17627808
2017-09-29,47.142094,47.485123,47.044083,47.240101,32.017948,9172709
2017-10-02,47.240101,47.534126,47.240101,47.338108,32.084385,6329714
2017-10-03,47.289104,47.632133,47.093086,47.387112,32.117596,12853877
2017-10-05,47.338108,47.632133,47.240101,47.58313,32.250443,6176894
2017-10-06,47.58313,47.828152,47.534126,47.730145,32.35009,7891826
2017-10-11,48.171181,48.318195,48.122177,48.220184,32.682224,20789851
2017-10-12,48.220184,48.269192,47.926159,48.024166,32.54937,9890185
2017-10-13,48.024166,48.171181,48.024166,48.171181,32.64901,7771336
2017-10-16,48.220184,48.416203,47.926159,48.416203,32.815079,14622400
2017-10-17,48.416203,48.759232,48.367199,48.710228,33.014362,16093698
2017-10-18,48.661224,48.710228,47.975163,48.171181,32.64901,21645815
2017-10-19,48.269192,48.465206,48.122177,48.367199,32.781872,7267821
2017-10-20,48.269192,48.269192,47.828152,47.926159,32.482941,10646374
2017-10-23,48.122177,48.51421,48.122177,48.51421,32.881508,8290931
2017-10-24,48.51421,48.51421,47.926159,48.171181,32.64901,9550827
2017-10-25,48.416203,48.710228,48.318195,48.612221,32.947933,11853778
2017-10-26,48.612221,48.612221,48.220184,48.220184,32.682224,5914607
2017-10-27,48.51421,49.200272,48.416203,48.808235,33.080784,36333129
2017-10-30,49.102261,49.494297,49.004253,49.004253,33.213646,21658247
2017-10-31,48.808235,49.200272,48.710228,48.808235,33.080784,16079959
2017-11-01,49.004253,49.396286,49.004253,49.200272,33.346504,12250325
2017-11-02,49.102261,49.298279,48.95525,49.102261,33.280067,10067635
2017-11-03,49.102261,49.200272,49.004253,49.200272,33.346504,7446204
2017-11-06,48.95525,49.200272,48.808235,49.004253,33.213646,8675107
2017-11-07,49.004253,49.102261,48.661224,48.808235,33.080784,8628834
2017-11-08,48.661224,48.808235,48.51421,48.51421,32.881508,6974164
2017-11-09,48.465206,48.661224,47.926159,48.220184,32.682224,13599005
2017-11-10,48.269192,48.416203,48.171181,48.318195,32.748653,5475489
2017-11-13,48.367199,49.102261,48.318195,48.808235,33.080784,13947776
2017-11-14,49.200272,49.298279,48.51421,48.563213,32.914719,19176930
2017-11-15,49.396286,49.396286,48.808235,48.808235,33.080784,22665148
2017-11-16,48.857243,49.004253,48.710228,48.710228,33.014362,10154268
2017-11-17,49.004253,49.004253,48.612221,48.710228,33.014362,14229545
2017-11-20,48.95525,49.690311,48.906246,49.494297,33.545776,29402054
2017-11-21,49.592304,53.022602,49.592304,52.728577,35.737873,95729827
2017-11-22,53.610653,54.884766,52.728577,52.924595,35.870739,68632300
2017-11-23,53.512646,53.904678,52.630569,53.21862,36.070015,31472812
2017-11-24,52.924595,52.924595,52.238533,52.532558,35.605026,17925556
2017-11-27,52.532558,52.532558,51.160442,51.356457,34.807899,18395458
2017-11-28,51.25845,51.8465,50.572392,51.160442,34.675041,22615460
2017-11-29,51.944508,52.238533,51.356457,51.552475,34.940754,19260261
2017-11-30,51.8465,51.944508,50.670399,50.670399,34.342907,32474615
2017-12-01,50.964424,53.70866,50.866413,53.21862,36.070015,63932146
2017-12-04,53.610653,54.100697,51.944508,53.904678,36.535007,39548722
2017-12-05,53.512646,55.08078,53.316628,53.414635,36.202869,59405201
2017-12-06,53.21862,53.316628,52.434551,52.630569,35.671455,29803655
2017-12-07,52.336544,52.532558,51.552475,51.748493,35.073608,20467307
2017-12-08,52.140526,52.826584,51.8465,52.434551,35.538597,15808433
2017-12-11,52.728577,53.316628,52.434551,52.434551,35.538597,14044889
2017-12-12,52.042519,52.336544,51.650482,51.944508,35.206463,18475144
2017-12-13,52.042519,53.022602,52.042519,52.238533,35.405746,16052072
2017-12-14,52.826584,53.316628,52.532558,53.21862,36.070015,23802245
2017-12-15,52.728577,53.022602,52.336544,52.630569,35.671455,22194968
2017-12-18,52.826584,52.826584,52.238533,52.336544,35.472172,7991140
2017-12-19,52.336544,53.316628,52.238533,53.316628,36.13644,24751005
2017-12-20,53.316628,53.806671,52.728577,52.924595,35.870739,17254155
2017-12-21,53.316628,53.414635,52.728577,52.728577,35.737873,8528756
2017-12-22,53.316628,53.414635,52.434551,52.826584,35.804306,12165221
2017-12-25,52.924595,53.022602,52.238533,52.434551,35.538597,8562673
2017-12-26,52.434551,52.826584,51.748493,51.8465,35.140034,9584670
2017-12-27,51.8465,52.826584,51.8465,52.728577,35.737873,8513393
2017-12-28,52.728577,53.120609,52.434551,52.728577,35.737873,11588629
2017-12-29,52.728577,53.316628,51.944508,52.434551,35.538597,16224285
2018-01-02,52.336544,53.316628,52.238533,53.120609,36.00359,16136697
2018-01-03,53.70866,54.296715,53.21862,54.100697,36.667862,32480569
2018-01-04,54.198704,54.296715,53.414635,54.296715,36.800716,17673731
2018-01-05,54.198704,54.688747,53.904678,54.590736,36.999992,22673453
2018-01-08,54.688747,54.688747,53.904678,54.590736,36.999992,22706178
2018-01-09,54.590736,54.688747,54.100697,54.688747,37.066429,13001871
2018-01-10,55.374805,55.570824,54.492729,54.492729,36.933575,33023326
2018-01-11,54.688747,54.786755,53.904678,54.296715,36.800716,16568233
2018-01-12,54.394722,54.786755,54.198704,54.492729,36.933575,11931091
2018-01-15,54.884766,55.472816,54.786755,55.374805,37.531414,25405320
2018-01-16,55.374805,55.668831,55.08078,55.472816,37.597847,16932080
2018-01-17,55.178787,55.276798,54.688747,55.178787,37.39856,17388436
2018-01-18,55.374805,55.374805,54.688747,54.786755,37.132851,14878380
2018-01-19,54.590736,55.08078,54.492729,54.884766,37.199284,10390156
2018-01-22,54.688747,54.982773,54.100697,54.492729,36.933575,19135840
2018-01-23,54.688747,55.374805,54.198704,54.884766,37.199284,15416760
2018-01-24,54.688747,54.786755,53.904678,54.590736,36.999992,18740608
2018-01-25,54.590736,54.982773,54.100697,54.492729,36.933575,17648903
2018-01-26,54.198704,54.198704,53.414635,53.610653,36.335732,22772263
2018-01-29,53.904678,54.100697,53.512646,54.100697,36.667862,16029258
2018-01-30,53.904678,54.002686,53.316628,53.316628,36.13644,13314451
2018-01-31,52.924595,53.904678,52.728577,53.512646,36.269299,17291086
2018-02-01,53.610653,54.100697,53.512646,53.70866,36.402153,10883088
2018-02-02,53.414635,53.904678,53.316628,53.610653,36.335732,9572170
2018-02-05,52.434551,53.022602,52.434551,53.022602,35.93716,14969160
2018-02-06,51.062431,51.454468,49.494297,49.788322,33.745064,39233835
2018-02-07,51.356457,52.434551,50.964424,51.650482,35.007175,27762662
2018-02-08,52.238533,52.434551,51.748493,52.238533,35.405746,14648024
2018-02-09,51.062431,52.238533,50.964424,51.748493,35.073608,22521173
2018-02-12,52.728577,52.728577,51.944508,51.944508,35.206463,17935845
2018-02-21,53.120609,53.21862,52.532558,52.924595,35.870739,23209845
2018-02-22,52.434551,53.316628,52.140526,53.120609,36.00359,16500381
2018-02-23,53.316628,53.70866,53.120609,53.610653,36.335732,13000112
2018-02-26,53.70866,53.806671,53.21862,53.21862,36.070015,10093752
2018-02-27,53.512646,53.70866,53.316628,53.414635,36.202869,16802773
2018-03-01,52.434551,53.21862,52.434551,52.826584,35.804306,16440313
2018-03-02,52.238533,52.630569,51.944508,52.238533,35.405746,17063222
2018-03-05,52.336544,52.434551,51.454468,51.552475,34.940754,14673010
2018-03-06,52.238533,52.238533,51.552475,51.748493,35.073608,9675495
2018-03-07,51.454468,51.944508,51.454468,51.454468,34.874325,8501574
2018-03-08,51.748493,51.8465,51.356457,51.356457,34.807899,10794618
2018-03-09,51.454468,51.650482,50.964424,50.964424,34.542191,14131324
2018-03-12,51.748493,53.610653,51.552475,53.414635,36.202869,27375368
2018-03-13,53.21862,53.414635,52.728577,52.826584,35.804306,19721753
2018-03-14,52.532558,52.924595,52.434551,52.826584,35.804306,12397048
2018-03-15,52.532558,52.924595,52.336544,52.336544,35.472172,8894592
2018-03-16,52.042519,52.924595,52.042519,52.336544,35.472172,22937782
2018-03-19,52.336544,52.630569,52.140526,52.532558,35.605026,8556713
2018-03-20,52.238533,52.532558,52.140526,52.140526,35.339314,12278620
2018-03-21,52.434551,52.630569,52.238533,52.336544,35.472172,9185737
2018-03-22,52.434551,53.120609,52.042519,52.336544,35.472172,17521342
2018-03-23,51.552475,51.944508,51.062431,51.160442,34.675041,23242954
2018-03-26,51.160442,51.748493,51.062431,51.748493,35.073608,8677194
2018-03-27,52.042519,52.238533,52.042519,52.238533,35.405746,7295228
2018-03-28,51.944508,51.944508,51.25845,51.454468,34.874325,6765830
2018-03-29,51.356457,51.454468,50.768406,50.768406,34.409332,13444549
2018-03-30,51.25845,51.356457,50.866413,50.866413,34.475758,10591453
2018-04-02,51.650482,51.650482,51.160442,51.454468,34.874325,5717262
2018-04-03,51.062431,51.160442,50.768406,50.964424,34.542191,9808805
2018-04-09,51.552475,51.944508,51.062431,51.944508,35.206463,11273645
2018-04-10,51.944508,52.826584,51.552475,51.944508,35.206463,25701155
2018-04-11,52.532558,52.728577,52.042519,52.238533,35.405746,12628365
2018-04-12,52.532558,52.630569,51.944508,52.238533,35.405746,10396679
2018-04-13,52.434551,52.434551,51.650482,51.748493,35.073608,9927767
2018-04-16,51.748493,51.944508,51.454468,51.454468,34.874325,8488705
2018-04-17,51.454468,51.650482,50.572392,50.572392,34.276478,17017268
2018-04-18,50.964424,51.356457,50.47438,50.964424,34.542191,15185288
2018-04-19,50.964424,51.8465,50.964424,51.8465,35.140034,19055826
2018-04-20,51.748493,51.748493,51.160442,51.454468,34.874325,10441624
2018-04-23,51.160442,51.748493,51.160442,51.454468,34.874325,10617460
2018-04-24,51.748493,51.8465,51.356457,51.454468,34.874325,10580810
2018-04-25,51.25845,51.454468,50.670399,51.160442,34.675041,24353688
2018-04-26,51.552475,51.748493,50.964424,51.748493,35.073608,21468469
2018-04-27,52.140526,52.630569,52.042519,52.434551,35.538597,19987972
2018-04-30,52.728577,52.924595,52.336544,52.434551,35.538597,10305662
2018-05-02,52.140526,52.728577,52.042519,52.434551,35.538597,13072239
2018-05-03,52.238533,52.728577,51.748493,51.8465,35.140034,11765836
2018-05-04,51.650482,51.944508,51.650482,51.748493,35.073608,7222049
2018-05-07,52.336544,52.336544,51.748493,51.944508,35.206463,14436565
2018-05-08,51.944508,52.434551,51.8465,52.434551,35.538597,14174960
2018-05-09,52.434551,52.728577,52.434551,52.532558,35.605026,13704702
2018-05-10,52.532558,52.728577,52.042519,52.238533,35.405746,16951505
2018-05-11,52.532558,53.610653,52.532558,53.512646,36.269299,27467088
2018-05-14,53.70866,53.904678,53.512646,53.904678,36.535007,14981510
2018-05-15,53.904678,54.002686,52.924595,52.924595,35.870739,18608938
2018-05-16,53.512646,53.904678,53.316628,53.806671,36.468578,19147307
2018-05-17,53.904678,54.296715,53.414635,53.806671,36.468578,14641668
2018-05-18,53.806671,53.806671,53.316628,53.316628,36.13644,15599270
2018-05-21,53.512646,53.904678,53.414635,53.904678,36.535007,11616843
2018-05-22,53.806671,53.904678,53.610653,53.610653,36.335732,9211553
2018-05-23,53.904678,54.002686,52.826584,52.924595,35.870739,12530137
2018-05-24,53.316628,53.414635,52.924595,53.120609,36.00359,10276291
2018-05-25,53.21862,53.316628,52.826584,52.826584,35.804306,10032739
2018-05-28,52.826584,53.120609,52.728577,53.022602,35.93716,10681378
2018-05-29,53.022602,53.316628,52.728577,53.022602,35.93716,9165044
2018-05-30,52.434551,52.434551,51.650482,51.8465,35.140034,26961890
2018-05-31,52.434551,52.728577,52.238533,52.532558,35.605026,34790882
2018-06-01,52.532558,52.630569,52.042519,52.434551,35.538597,11203243
2018-06-04,52.630569,52.924595,52.434551,52.924595,35.870739,10241375
2018-06-05,53.022602,53.414635,52.728577,53.21862,36.070015,11468413
2018-06-06,53.414635,53.806671,53.316628,53.806671,36.468578,15060797
2018-06-07,54.100697,54.100697,53.610653,53.904678,36.535007,17204133
2018-06-08,54.100697,54.198704,53.414635,53.904678,36.535007,14193587
2018-06-11,54.002686,54.394722,53.610653,54.296715,36.800716,12002848
2018-06-12,54.198704,54.688747,53.904678,54.002686,36.601437,18027426
2018-06-13,54.002686,54.884766,53.904678,54.394722,36.867146,17898208
2018-06-14,54.296715,54.590736,53.414635,53.414635,36.202869,20917791
2018-06-15,53.316628,54.198704,53.21862,54.198704,36.734287,30380992
2018-06-19,53.21862,54.394722,53.120609,53.904678,36.535007,33517877
2018-06-20,53.904678,54.786755,53.414635,54.394722,36.867146,25702562
2018-06-21,54.884766,55.178787,54.492729,54.786755,37.132851,24627648
2018-06-22,54.688747,55.08078,54.492729,54.884766,37.199284,22090022
2018-06-25,54.884766,54.982773,54.492729,54.492729,36.933575,25243338
2018-06-26,52.140526,52.532558,51.944508,51.944508,36.864014,20062673
2018-06-27,52.140526,52.238533,51.552475,51.748493,36.724915,20653266
2018-06-28,51.454468,52.140526,51.454468,51.944508,36.864014,13694959
2018-06-29,51.944508,52.924595,51.944508,52.728577,37.420456,17191529
2018-07-02,52.336544,52.728577,52.042519,52.140526,37.003124,10021496
2018-07-03,52.140526,52.238533,50.768406,51.062431,36.238018,23303585
2018-07-04,50.964424,51.062431,50.376373,50.866413,36.098911,15027459
2018-07-05,50.670399,50.768406,49.88633,50.376373,35.751141,19012290
2018-07-06,50.082348,50.180355,49.592304,49.984337,35.472916,16949417
2018-07-09,50.47438,50.670399,49.984337,50.670399,35.959805,14187305
2018-07-10,50.964424,51.062431,50.180355,50.768406,36.029354,10992131
2018-07-11,50.376373,50.47438,49.788322,50.180355,35.612026,16974394
2018-07-12,50.278362,51.062431,49.984337,51.062431,36.238018,16319257
2018-07-13,51.25845,51.25845,50.768406,51.160442,36.307583,11986698
2018-07-16,51.25845,51.25845,50.768406,50.964424,36.168468,7547430
2018-07-17,51.160442,51.356457,50.964424,51.160442,36.307583,6812721
2018-07-18,51.454468,51.748493,51.25845,51.650482,36.655354,9428042
2018-07-19,51.650482,51.650482,51.062431,51.356457,36.446686,7737981
2018-07-20,51.650482,51.748493,51.160442,51.25845,36.377136,8498222
2018-07-23,51.454468,51.552475,51.25845,51.25845,36.377136,8276392
2018-07-24,51.25845,51.356457,50.670399,51.062431,36.238018,11079393
2018-07-25,50.866413,51.356457,50.768406,51.062431,36.238018,11071972
2018-07-26,51.160442,51.160442,50.572392,51.062431,36.238018,13493023
2018-07-27,50.866413,51.356457,50.768406,51.356457,36.446686,7295417
2018-07-30,51.356457,51.454468,50.964424,51.160442,36.307583,8569169
2018-07-31,50.866413,51.650482,50.866413,51.650482,36.655354,13696975
2018-08-01,51.552475,51.748493,51.25845,51.454468,36.516239,8274566
2018-08-02,51.160442,51.454468,50.964424,50.964424,36.168468,7990711
2018-08-03,51.356457,51.748493,51.160442,51.748493,36.724915,10972690
2018-08-06,51.748493,51.944508,51.454468,51.944508,36.864014,5622995
2018-08-07,51.748493,51.944508,51.454468,51.454468,36.516239,5108405
2018-08-08,51.8465,52.140526,51.748493,51.944508,36.864014,7228769
2018-08-09,52.042519,52.140526,51.454468,51.650482,36.655354,8650255
2018-08-10,51.552475,52.140526,51.552475,51.944508,36.864014,7593122
2018-08-13,51.748493,51.748493,50.866413,50.964424,36.168468,11661227
2018-08-14,50.964424,51.25845,50.866413,51.160442,36.307583,10668086
2018-08-15,51.160442,51.25845,50.768406,50.866413,36.098911,5086084
2018-08-16,50.670399,50.670399,50.180355,50.47438,35.820694,12634121
2018-08-17,50.768406,50.964424,50.572392,50.768406,36.029354,8263640
2018-08-20,50.572392,50.866413,50.278362,50.278362,35.681583,15350162
2018-08-21,50.670399,50.866413,50.376373,50.866413,36.098911,12563331
2018-08-22,50.768406,51.062431,50.47438,51.062431,36.238018,9214891
2018-08-23,51.062431,51.454468,50.768406,51.454468,36.516239,7828148
2018-08-24,51.356457,51.748493,51.25845,51.748493,36.724915,10840295
2018-08-27,51.944508,51.944508,51.650482,51.748493,36.724915,7956280
2018-08-28,51.944508,51.944508,51.552475,51.650482,36.655354,6282889
2018-08-29,51.454468,51.552475,51.160442,51.552475,36.585796,8848973
2018-08-30,51.552475,51.650482,51.160442,51.160442,36.307583,8706783
2018-08-31,50.964424,51.552475,50.866413,51.552475,36.585796,13134083
2018-09-03,51.160442,51.25845,50.866413,50.964424,36.168468,6920881
2018-09-04,50.964424,51.454468,50.964424,51.160442,36.307583,7832129
2018-09-05,50.964424,51.062431,50.670399,50.768406,36.029354,9592638
2018-09-06,50.47438,50.866413,50.278362,50.47438,35.820694,11860881
2018-09-07,50.180355,50.376373,49.984337,50.180355,35.612026,10717704
2018-09-10,50.278362,50.376373,49.592304,49.88633,35.40337,12152399
2018-09-11,49.88633,49.88633,49.298279,49.494297,35.125153,21488553
2018-09-12,49.494297,49.690311,49.396286,49.494297,35.125153,12260336
2018-09-13,49.690311,49.88633,49.494297,49.494297,35.125153,11450909
2018-09-14,49.984337,50.278362,49.690311,50.180355,35.612026,10745213
2018-09-17,49.88633,50.180355,49.788322,50.180355,35.612026,7357642
2018-09-18,49.788322,50.180355,49.690311,49.88633,35.40337,10283383
2018-09-19,50.082348,50.572392,50.082348,50.376373,35.751141,9772634
2018-09-20,50.572392,51.356457,50.47438,51.160442,36.307583,17541332
2018-09-21,51.25845,51.944508,50.866413,51.8465,36.794464,21584527
2018-09-25,52.140526,52.140526,51.650482,51.748493,36.724915,11180741
2018-09-26,51.552475,51.944508,51.25845,51.944508,36.864014,8350067
2018-09-27,51.650482,52.042519,51.25845,51.748493,36.724915,12665509
2018-09-28,51.650482,52.140526,51.356457,51.454468,36.516239,13806454
2018-10-01,51.8465,51.944508,51.650482,51.8465,36.794464,6899947
2018-10-02,51.552475,51.748493,51.160442,51.25845,36.377136,10561807
2018-10-03,51.160442,51.454468,51.062431,51.160442,36.307583,12364157
2018-10-04,51.062431,51.25845,50.572392,50.670399,35.959805,17770964
2018-10-05,50.47438,50.572392,49.88633,50.180355,35.612026,22716358
2018-10-08,50.180355,50.964424,50.082348,50.866413,36.098911,10972374
2018-10-09,50.670399,51.748493,50.572392,51.356457,36.446686,16935409
2018-10-11,49.494297,50.278362,49.102261,49.102261,34.846928,40014094
2018-10-12,48.808235,49.788322,48.367199,49.592304,35.194702,20255198
2018-10-15,49.004253,49.396286,48.759232,49.004253,34.777374,21324153
2018-10-16,49.004253,49.396286,48.857243,49.396286,35.055592,13688204
2018-10-17,49.494297,49.788322,48.95525,49.004253,34.777374,13097130
2018-10-18,49.004253,49.102261,48.759232,49.004253,34.777374,12922328
2018-10-19,48.661224,49.396286,48.318195,49.298279,34.986034,18817627
2018-10-22,49.004253,49.298279,48.710228,49.298279,34.986034,5785517
2018-10-23,48.808235,49.004253,48.318195,48.318195,34.290493,15840839
2018-10-24,48.367199,48.759232,48.024166,48.759232,34.603485,12629291
2018-10-25,47.632133,47.975163,47.534126,47.730145,33.873169,18281523
2018-10-26,47.730145,47.730145,46.063999,46.456032,32.968952,31831116
2018-10-29,46.554043,47.044083,46.063999,46.554043,33.038506,17010755
2018-10-30,47.093086,47.436115,46.848064,47.387112,33.629715,12237924
2018-10-31,47.485123,48.024166,47.387112,48.024166,34.081825,15921106
2018-11-01,47.534126,47.828152,47.436115,47.779148,33.907944,11696430
2018-11-02,47.926159,48.51421,47.485123,48.51421,34.429596,11045307
2018-11-05,47.926159,48.612221,47.828152,48.612221,34.499153,7005720
2018-11-06,48.710228,48.710228,48.269192,48.416203,34.360046,9948915
2018-11-07,48.710228,49.396286,48.612221,49.102261,34.846928,13446850
2018-11-08,49.396286,49.984337,49.102261,49.88633,35.40337,19697247
2018-11-09,49.592304,50.082348,49.102261,49.984337,35.472916,15452013
2018-11-12,49.788322,50.082348,49.494297,49.788322,35.333817,5782420
2018-11-13,48.416203,49.494297,48.367199,49.200272,34.916485,9518905
2018-11-14,49.396286,49.494297,49.200272,49.396286,35.055592,5498731
2018-11-15,49.690311,49.88633,49.298279,49.788322,35.333817,10480891
2018-11-16,49.788322,49.788322,49.494297,49.690311,35.264252,8803564
2018-11-19,49.788322,49.984337,49.396286,49.984337,35.472916,8806910
2018-11-20,49.690311,49.788322,49.200272,49.200272,34.916485,7704850
2018-11-21,49.102261,49.494297,48.759232,49.200272,34.916485,12027519
2018-11-22,49.396286,49.494297,49.004253,49.396286,35.055592,5759477
2018-11-23,49.004253,49.298279,48.906246,48.95525,34.742596,9293929
2018-11-26,48.759232,49.494297,48.416203,48.563213,34.464378,24550120
2018-11-27,48.416203,48.51421,48.024166,48.073174,34.116604,15129950
2018-11-28,48.073174,48.318195,47.632133,47.828152,33.942719,25721630
2018-11-29,48.367199,48.367199,47.58313,47.58313,33.768833,20156428
2018-11-30,47.58313,47.975163,47.534126,47.58313,33.768833,25495584
2018-12-03,48.024166,48.220184,48.024166,48.122177,34.151386,12197703
2018-12-04,47.142094,47.975163,47.142094,47.975163,34.047047,17737219
2018-12-05,47.485123,47.828152,47.191097,47.436115,33.66449,14115787
2018-12-06,47.436115,47.485123,46.995079,47.289104,33.560165,16447539
2018-12-07,47.485123,47.485123,47.044083,47.191097,33.490608,9008536
2018-12-10,46.65205,46.848064,46.554043,46.65205,33.108059,11122073
2018-12-11,46.603046,46.799061,46.505035,46.65205,33.108059,10382766
2018-12-12,46.995079,47.044083,46.260014,46.554043,33.038506,29189612
2018-12-13,46.701054,47.289104,46.65205,47.289104,33.560165,14262740
2018-12-14,46.946075,46.946075,46.603046,46.603046,33.073284,19203843
2018-12-17,46.897072,46.995079,46.603046,46.750057,33.177612,7840674
2018-12-18,46.554043,46.65205,46.162006,46.260014,32.829845,15279479
2018-12-19,46.505035,46.505035,45.867981,46.309017,32.864616,14124206
2018-12-20,46.309017,46.750057,45.965988,46.063999,32.690731,14884197
2018-12-21,45.965988,46.063999,45.867981,46.014996,32.655952,15551988
2018-12-24,45.769974,45.867981,45.27993,45.573956,32.34296,12050203
2018-12-25,45.083912,45.181923,44.985905,45.083912,31.99518,9127148
2018-12-26,45.132915,45.475948,45.083912,45.083912,31.99518,4630967
2018-12-27,45.573956,45.769974,45.377937,45.769974,32.482067,7896731
2018-12-28,45.818977,46.063999,45.475948,46.063999,32.690731,7787818
2019-01-02,46.260014,46.309017,44.985905,44.985905,31.925629,12640428
2019-01-03,44.887897,44.936901,44.250839,44.250839,31.403969,17865538
2019-01-04,43.809803,44.054825,43.417767,43.662788,30.986639,16437225
2019-01-07,44.201836,44.642876,44.054825,44.299847,31.438749,17653792
2019-01-08,44.642876,44.691879,44.201836,44.250839,31.403969,7750874
2019-01-09,44.691879,45.181923,44.446857,45.034908,31.960407,24881724
2019-01-10,45.034908,45.083912,44.887897,44.936901,31.890856,12401297
2019-01-11,44.887897,45.083912,44.593872,44.642876,31.682188,15257362
2019-01-14,44.250839,44.250839,43.515778,43.515778,30.882307,23788431
2019-01-15,43.515778,43.515778,42.829716,42.878723,30.430206,38683647
2019-01-16,42.878723,42.97673,42.486687,42.731709,30.325872,33718755
2019-01-17,42.682705,43.074738,42.633701,42.927727,30.464981,23339199
2019-01-18,43.025734,43.025734,42.486687,42.633701,30.256315,25502276
2019-01-21,42.780712,43.123741,42.731709,42.927727,30.464981,17201683
2019-01-22,43.025734,43.417767,43.025734,43.319759,30.743198,18445404
2019-01-23,42.927727,43.172749,42.878723,42.878723,30.430206,15744307
2019-01-24,42.927727,43.025734,42.633701,42.682705,30.29109,17261164
2019-01-25,42.682705,42.927727,42.633701,42.633701,30.256315,21913861
2019-01-28,42.731709,42.927727,42.486687,42.927727,30.464981,26117518
2019-01-29,42.829716,43.025734,42.682705,43.025734,30.534531,17598015
2019-01-30,42.97673,43.025734,42.731709,42.731709,30.325872,29197132
2019-02-11,42.97673,43.123741,42.682705,42.682705,30.29109,22690832
2019-02-12,42.731709,43.319759,42.682705,43.025734,30.534531,23020670
2019-02-13,43.074738,43.515778,43.025734,43.417767,30.81275,20258719
2019-02-14,43.417767,43.809803,43.368763,43.662788,30.986639,20843113
2019-02-15,43.662788,43.760799,43.319759,43.319759,30.743198,14318689
2019-02-18,43.417767,43.760799,43.417767,43.515778,30.882307,18890223
2019-02-19,43.760799,43.809803,43.613785,43.711796,31.021418,10539390
2019-02-20,43.858807,44.299847,43.809803,44.250839,31.403969,17814905
2019-02-21,44.250839,44.495861,44.103828,44.495861,31.577856,15080907
2019-02-22,44.397854,44.495861,44.201836,44.495861,31.577856,13139250
2019-02-25,44.544865,44.691879,44.495861,44.642876,31.682188,11564140
2019-02-26,44.691879,44.740883,44.593872,44.593872,31.647409,15554629
2019-02-27,44.593872,44.642876,44.152832,44.397854,31.508301,22033162
2019-03-04,43.074738,44.103828,43.074738,44.005817,31.230078,34376034
2019-03-05,43.809803,44.152832,43.711796,43.711796,31.021418,14810834
2019-03-06,44.005817,44.103828,43.858807,44.054825,31.264862,9879673
2019-03-07,44.005817,44.005817,43.662788,43.760799,31.056194,16361370
2019-03-08,43.711796,43.760799,43.515778,43.564781,30.917082,11574919
2019-03-11,43.564781,43.809803,43.417767,43.515778,30.882307,12625282
2019-03-12,43.90781,44.299847,43.858807,44.103828,31.299637,15884311
2019-03-13,44.103828,44.299847,44.103828,44.250839,31.403969,8399161
2019-03-14,44.299847,44.397854,44.152832,44.201836,31.369194,9646795
2019-03-15,44.299847,44.593872,44.152832,44.544865,31.612629,24017024
2019-03-18,44.593872,44.887897,44.593872,44.887897,31.856073,14528941
2019-03-19,45.083912,45.867981,45.083912,45.720966,32.447285,30131030
2019-03-20,45.965988,46.063999,45.769974,46.014996,32.655952,22117041
2019-03-21,46.063999,46.063999,45.573956,45.818977,32.51685,14572060
2019-03-22,45.818977,45.818977,44.985905,45.27993,32.134289,25905255
2019-03-25,44.544865,44.593872,44.397854,44.495861,31.577856,18529579
2019-03-26,44.495861,44.642876,44.250839,44.34885,31.473526,17825202
2019-03-27,44.103828,44.103828,43.613785,43.613785,30.951866,29952636
2019-03-28,43.417767,43.417767,43.123741,43.123741,30.604084,35956195
2019-03-29,43.270756,44.054825,43.221752,44.054825,31.264862,23108226
2019-04-01,44.054825,44.201836,43.613785,43.613785,30.951866,15181113
2019-04-02,44.005817,44.201836,43.858807,43.90781,31.160522,10361403
2019-04-03,44.103828,44.103828,43.858807,43.90781,31.160522,12858391
2019-04-08,43.809803,43.809803,43.417767,43.417767,30.81275,36409436
2019-04-09,43.319759,43.564781,43.270756,43.417767,30.81275,27581627
2019-04-10,43.319759,43.515778,43.221752,43.319759,30.743198,22269243
2019-04-11,43.466774,43.809803,43.270756,43.270756,30.708422,24426375
2019-04-12,43.270756,43.417767,43.221752,43.221752,30.673643,15281725
2019-04-15,43.466774,43.466774,43.270756,43.270756,30.708422,16120608
2019-04-16,43.221752,43.270756,43.123741,43.221752,30.673643,20460080
2019-04-17,43.221752,43.368763,43.123741,43.221752,30.673643,18668088
2019-04-18,43.270756,43.319759,43.123741,43.319759,30.743198,15226426
2019-04-19,43.515778,43.613785,43.417767,43.466774,30.84753,8106474
2019-04-22,43.662788,43.662788,43.466774,43.466774,30.84753,5310644
2019-04-23,43.515778,43.515778,43.319759,43.466774,30.84753,9934527
2019-04-24,43.613785,43.613785,43.417767,43.417767,30.81275,8390180
2019-04-25,43.564781,43.711796,43.466774,43.466774,30.84753,13777984
2019-04-26,43.466774,43.613785,43.417767,43.613785,30.951866,8837899
2019-04-29,43.515778,43.90781,43.515778,43.711796,31.021418,14098126
2019-04-30,43.809803,43.90781,43.613785,43.809803,31.090969,13343062
2019-05-02,43.809803,44.740883,43.809803,44.740883,31.751741,32878638
2019-05-03,44.740883,44.789886,44.250839,44.544865,31.612629,24359750
2019-05-06,43.760799,43.809803,43.417767,43.613785,30.951866,24431542
2019-05-07,43.711796,43.711796,43.466774,43.466774,30.84753,14563318
2019-05-08,43.270756,43.319759,43.123741,43.172749,30.638868,16571400
2019-05-09,43.123741,43.123741,42.633701,42.633701,30.256315,32535613
2019-05-10,42.731709,42.878723,42.339676,42.339676,30.047649,23404740
2019-05-13,42.241665,42.290672,41.114571,41.114571,29.178221,41637938
2019-05-14,39.301411,39.840458,39.301411,39.64444,28.134895,77455988
2019-05-15,39.742451,40.575523,39.742451,40.134483,28.482668,26943902
2019-05-16,40.08548,40.134483,39.203403,39.203403,27.821901,35932580
2019-05-17,39.399422,39.64444,39.105392,39.203403,27.821901,30048767
2019-05-20,39.448425,39.64444,39.301411,39.399422,27.961008,16002561
2019-05-21,39.693443,40.673531,39.301411,40.673531,28.865225,29682454
2019-05-22,40.428509,40.428509,40.08548,40.330502,28.62178,17936488
2019-05-23,40.183487,40.330502,39.987473,40.183487,28.517445,13229106
2019-05-24,40.183487,40.379505,39.791454,39.791454,28.239227,19278654
2019-05-27,39.840458,40.183487,39.693443,39.938465,28.343557,9568510
2019-05-28,39.938465,40.08548,39.546432,39.546432,28.06534,89491332
2019-05-29,39.546432,39.693443,39.497429,39.497429,28.030563,13703052
2019-05-30,39.497429,39.791454,39.497429,39.693443,28.169672,13980570
2019-05-31,39.742451,40.281494,39.693443,39.987473,28.378338,21671586
2019-06-03,40.036476,40.379505,39.693443,40.232491,28.552223,9354616
2019-06-04,40.820541,40.820541,40.428509,40.624527,28.830442,16193449
2019-06-05,40.722534,40.771538,40.281494,40.281494,28.586998,12958077
2019-06-06,40.183487,40.183487,39.840458,39.938465,28.343557,12105153
2019-06-10,40.477512,40.624527,40.183487,40.526516,28.760885,17392431
2019-06-11,40.575523,41.261581,40.575523,41.261581,29.282547,24543480
2019-06-12,41.212578,41.261581,40.918552,41.065563,29.14344,11773998
2019-06-13,41.01656,41.01656,40.526516,40.820541,28.969549,14758653
2019-06-14,40.722534,40.722534,40.477512,40.477512,28.72611,9986530
2019-06-17,40.477512,41.065563,40.428509,40.820541,28.969549,9989991
2019-06-18,40.967556,41.359589,40.918552,41.359589,29.352104,12938398
2019-06-19,41.408592,41.751625,41.359589,41.702621,29.595545,19927351
2019-06-20,41.849632,41.849632,41.4576,41.702621,29.595545,12293118
2019-06-21,41.702621,41.702621,41.4576,41.4576,29.421661,15355015
2019-06-24,41.4576,41.702621,41.212578,41.702621,29.595545,10713648
2019-06-25,41.702621,41.849632,41.60461,41.751625,29.630322,9743024
2019-06-26,41.849632,42.04565,41.751625,41.898636,29.734655,12032667
2019-06-27,41.898636,42.486687,41.898636,42.339676,30.047649,28677689
2019-06-28,42.339676,42.53569,42.143658,42.143658,29.908539,31228224
2019-07-01,41.163574,41.849632,41.163574,41.849632,30.773369,29685233
2019-07-02,41.751625,41.947639,41.4576,41.800629,30.737333,15209301
2019-07-03,41.702621,41.702621,41.359589,41.408592,30.449057,15567667
2019-07-04,41.60461,41.947639,41.4576,41.653614,30.629225,11045983
2019-07-05,41.702621,41.751625,41.359589,41.506603,30.521128,9340845
2019-07-08,41.359589,41.4576,40.967556,41.114571,30.232855,14099512
2019-07-09,41.163574,41.212578,40.869549,41.01656,30.160786,9090509
2019-07-10,41.261581,41.408592,41.065563,41.359589,30.413023,13884566
2019-07-11,41.359589,41.408592,41.065563,41.114571,30.232855,10545786
2019-07-12,41.065563,41.114571,40.771538,40.771538,29.98061,14424067
2019-07-15,40.820541,41.065563,40.673531,40.820541,30.016642,13329018
2019-07-16,40.820541,40.869549,40.673531,40.722534,29.944576,15635849
2019-07-17,40.624527,40.673531,40.477512,40.477512,29.764404,20158653
2019-07-18,40.575523,40.575523,40.232491,40.281494,29.620264,15746611
2019-07-19,40.526516,40.575523,40.232491,40.232491,29.584232,12198066
2019-07-22,40.281494,40.575523,40.232491,40.575523,29.836473,13482233
2019-07-23,40.477512,40.526516,40.379505,40.379505,29.692333,10103712
2019-07-24,40.379505,40.575523,40.281494,40.330502,29.656303,11499042
2019-07-25,40.330502,40.477512,40.281494,40.379505,29.692333,8298549
2019-07-26,40.379505,40.428509,40.281494,40.330502,29.656303,7308132
2019-07-29,40.281494,40.526516,40.281494,40.379505,29.692333,7543711
2019-07-30,40.379505,40.477512,40.281494,40.281494,29.620264,7382518
2019-07-31,40.232491,40.281494,39.987473,39.987473,29.404062,16043855
2019-08-01,39.742451,39.889462,39.64444,39.693443,29.187853,15481540
2019-08-02,39.350414,39.399422,39.203403,39.301411,28.89958,23361275
2019-08-05,39.203403,39.252407,39.1544,39.1544,28.791479,19633356
2019-08-06,38.71336,39.301411,38.321327,39.105392,28.75544,19841219
2019-08-07,39.105392,39.105392,38.811371,39.007385,28.683372,22777312
2019-08-08,39.056389,39.350414,39.056389,39.1544,28.791479,8815942
2019-08-12,39.1544,39.595436,39.056389,39.203403,28.827513,15882941
2019-08-13,39.1544,39.203403,39.007385,39.007385,28.683372,18178190
2019-08-14,39.203403,39.252407,38.958382,38.958382,28.647337,10542690
2019-08-15,38.71336,38.71336,38.517342,38.566345,28.359064,19149241
2019-08-16,38.321327,39.203403,38.076305,38.762363,28.503197,51557834
2019-08-19,39.007385,39.252407,38.811371,39.203403,28.827513,14870949
2019-08-20,39.1544,39.1544,38.909378,38.909378,28.611309,14433059
2019-08-21,38.909378,38.958382,38.71336,38.71336,28.467167,9770913
2019-08-22,38.71336,38.909378,38.615353,38.664356,28.431128,9361429
2019-08-23,38.71336,39.105392,38.71336,39.056389,28.719404,8567699
2019-08-26,38.71336,38.811371,38.517342,38.71336,28.467167,11070368
2019-08-27,38.909378,39.007385,38.860374,38.958382,28.647337,18208063
2019-08-28,39.007385,39.203403,38.958382,39.1544,28.791479,9186554
2019-08-29,39.105392,39.105392,38.664356,38.71336,28.467167,10645833
2019-08-30,38.909378,39.350414,38.762363,39.350414,28.935612,18608676
2019-09-02,39.301411,39.350414,39.1544,39.1544,28.791479,6576271
2019-09-03,39.105392,39.350414,39.007385,39.007385,28.683372,9109518
2019-09-04,38.909378,39.301411,38.909378,39.1544,28.791479,9594302
2019-09-05,39.203403,39.693443,39.203403,39.693443,29.187853,19314832
2019-09-06,39.693443,40.08548,39.546432,39.987473,29.404062,17413772
2019-09-10,40.379505,40.673531,40.330502,40.575523,29.836473,15902608
2019-09-11,40.771538,40.771538,40.379505,40.575523,29.836473,16899326
2019-09-12,40.673531,40.771538,40.575523,40.673531,29.908546,15516663
2019-09-16,40.673531,40.820541,40.673531,40.722534,29.944576,10562797
2019-09-17,40.771538,40.869549,40.575523,40.820541,30.016642,14069017
2019-09-18,40.869549,40.918552,40.771538,40.918552,30.088713,10739865
2019-09-19,40.967556,41.01656,40.869549,41.01656,30.160786,11745798
2019-09-20,41.01656,41.114571,40.575523,40.722534,29.944576,20216999
2019-09-23,40.624527,40.673531,40.330502,40.330502,29.656303,7516699
2019-09-24,40.330502,40.771538,40.232491,40.771538,29.98061,11870469
2019-09-25,40.722534,40.820541,40.330502,40.624527,29.872507,10180121
2019-09-26,40.477512,40.918552,40.379505,40.379505,29.692333,12074087
2019-09-27,40.379505,40.428509,40.08548,40.08548,29.476128,12065739
2019-10-01,40.428509,40.673531,40.232491,40.428509,29.728369,12171203
2019-10-02,40.08548,40.281494,40.08548,40.08548,29.476128,9306604
2019-10-03,39.693443,39.693443,39.497429,39.497429,29.043716,12955929
2019-10-04,39.497429,39.791454,39.448425,39.791454,29.259924,9708754
2019-10-07,39.791454,39.840458,39.497429,39.595436,29.115788,6401909
2019-10-08,39.595436,40.08548,39.546432,39.693443,29.187853,12859391
2019-10-09,39.693443,39.889462,39.64444,39.742451,29.223888,8308575
2019-10-14,40.071796,40.170254,40.022568,40.022568,29.429871,14447034
2019-10-15,40.071796,40.170254,39.92411,39.92411,29.357473,12824990
2019-10-16,39.973339,40.564079,39.973339,40.465622,29.755661,21298633
2019-10-17,40.465622,40.662537,40.219482,40.662537,29.900459,15953143
2019-10-18,40.662537,40.662537,40.31794,40.662537,29.900459,20787831
2019-10-21,40.564079,40.662537,40.465622,40.662537,29.900459,9568393
2019-10-22,40.76099,40.957905,40.613308,40.859447,30.045252,16710806
2019-10-23,40.514851,40.564079,40.31794,40.31794,29.647068,14987179
2019-10-24,40.31794,40.514851,40.31794,40.514851,29.791861,12302348
2019-10-25,40.564079,40.662537,40.367165,40.367165,29.683258,11956621
2019-10-28,40.465622,40.564079,40.367165,40.367165,29.683258,12848878
2019-10-29,40.465622,40.564079,40.367165,40.514851,29.791861,13374650
2019-10-30,40.514851,40.564079,40.170254,40.219482,29.574665,20828251
2019-10-31,40.31794,40.31794,39.677971,39.677971,29.176474,28247067
2019-11-01,39.677971,39.825657,39.481056,39.481056,29.031679,21258589
2019-11-04,39.677971,40.31794,39.579514,40.31794,29.647068,18464053
2019-11-05,40.465622,40.810223,40.465622,40.810223,30.009058,27320537
2019-11-06,40.908676,42.336296,40.859447,42.336296,31.131231,81779388
2019-11-07,42.533211,43.074718,42.188614,42.237839,31.058826,47911628
2019-11-08,42.533211,42.582439,41.844013,42.040928,30.914036,24270883
2019-11-11,42.040928,42.139381,41.400959,41.597874,30.58824,23695215
2019-11-12,41.942471,42.483982,41.942471,42.139381,30.986431,22946121
2019-11-13,41.942471,42.090157,41.647102,41.696327,30.660635,12475221
2019-11-14,41.696327,41.696327,41.400959,41.499416,30.515841,10859721
2019-11-15,41.844013,41.991699,41.647102,41.893242,30.805437,12693904
2019-11-18,41.942471,42.139381,41.942471,42.090157,30.950232,14811028
2019-11-19,41.942471,42.090157,41.647102,42.040928,30.914036,13049008
2019-11-20,41.745556,41.794785,41.548645,41.647102,30.624439,12288173
2019-11-21,41.450188,41.499416,41.253277,41.400959,30.443443,12209530
2019-11-22,41.450188,41.745556,41.302502,41.745556,30.696836,8556378
2019-11-25,41.844013,41.893242,41.745556,41.844013,30.769236,14261935
2019-11-26,41.893242,41.942471,41.35173,41.35173,30.407244,44250495
2019-11-27,41.499416,41.647102,41.400959,41.647102,30.624439,9351897
2019-11-28,41.696327,41.844013,41.548645,41.696327,30.660635,10694249
2019-11-29,41.597874,41.647102,41.056362,41.056362,30.19005,18534369
2019-12-02,41.056362,41.154819,40.859447,41.007133,30.153849,10277373
2019-12-03,40.908676,41.302502,40.908676,41.105591,30.22625,7636373
2019-12-04,40.76099,40.76099,40.514851,40.662537,29.900459,40372916
2019-12-05,40.711765,41.056362,40.711765,40.859447,30.045252,22383262
2019-12-06,40.810223,40.859447,40.514851,40.613308,29.864258,17265662
2019-12-09,40.613308,40.711765,40.613308,40.662537,29.900459,11147395
2019-12-10,40.711765,41.056362,40.711765,41.056362,30.19005,14553020
2019-12-11,41.105591,41.745556,41.056362,41.745556,30.696836,31501857
2019-12-12,41.893242,42.040928,41.745556,41.794785,30.73304,23305428
2019-12-13,42.040928,42.336296,41.893242,42.237839,31.058826,38846208
2019-12-16,42.336296,42.385525,42.090157,42.237839,31.058826,123628
2019-12-17,42.237839,42.287067,41.991699,42.287067,31.095028,16672689
2019-12-18,42.287067,42.336296,42.090157,42.336296,31.131231,19479409
2019-12-19,42.336296,42.336296,41.942471,42.040928,30.914036,13688397
2019-12-20,42.040928,42.139381,41.844013,42.139381,30.986431,16353042
2019-12-23,41.991699,42.139381,41.991699,42.139381,30.986431,8823191
2019-12-24,42.139381,42.139381,41.942471,41.991699,30.877832,5617736
2019-12-25,41.991699,42.090157,41.893242,41.942471,30.841637,5581596
2019-12-26,41.942471,42.090157,41.844013,41.991699,30.877832,5887206
2019-12-27,42.139381,42.139381,41.893242,42.040928,30.914036,9000855
2019-12-30,42.040928,42.040928,41.844013,42.040928,30.914036,9930513
2019-12-31,41.942471,41.991699,41.893242,41.893242,30.805437,6986097
2020-01-02,41.942471,42.040928,41.844013,41.893242,30.805437,7392750
2020-01-03,41.991699,42.188614,41.893242,42.139381,30.986431,13425230
2020-01-06,41.942471,41.942471,41.597874,41.597874,30.58824,15883432
2020-01-07,41.597874,41.745556,41.450188,41.548645,30.552044,9816891
2020-01-08,41.35173,41.35173,41.154819,41.154819,30.262449,16380912
2020-01-09,41.35173,41.400959,41.204048,41.35173,30.407244,11659028
2020-01-10,41.35173,41.450188,41.302502,41.400959,30.443443,16137306
2020-01-13,41.745556,42.237839,41.745556,42.188614,31.022635,25350137
2020-01-14,42.385525,42.385525,41.991699,42.188614,31.022635,19698661
2020-01-15,42.336296,42.336296,42.040928,42.237839,31.058826,12171483
2020-01-16,42.139381,42.287067,42.040928,42.287067,31.095028,11552510
2020-01-17,42.336296,42.434753,42.237839,42.434753,31.20363,14772586
2020-01-20,42.434753,42.483982,42.336296,42.434753,31.20363,14314647
2020-01-30,41.302502,41.302502,39.92411,39.973339,29.393667,61671017
2020-01-31,40.022568,40.514851,39.92411,40.022568,29.429871,24976206
2020-02-03,39.382603,39.628742,39.038006,39.579514,29.104074,27820295
2020-02-04,42.336296,42.385525,40.071796,40.071796,29.466068,16549102
2020-02-05,40.170254,40.367165,39.874886,40.31794,29.647068,14829688
2020-02-06,40.465622,40.859447,40.465622,40.859447,30.045252,15154815
2020-02-07,40.514851,40.564079,40.268711,40.416393,29.719463,13662869
2020-02-10,40.071796,40.31794,39.92411,40.268711,29.610867,11073909
2020-02-11,40.711765,41.154819,40.711765,41.007133,30.153849,18565231
2020-02-12,41.253277,41.400959,41.007133,41.154819,30.262449,16864630
2020-02-13,41.253277,41.302502,40.908676,40.957905,30.117651,9441940
2020-02-14,40.859447,41.056362,40.810223,41.007133,30.153849,6613710
2020-02-17,40.859447,40.859447,40.662537,40.76099,29.972855,8668219
2020-02-18,40.711765,40.859447,40.514851,40.859447,30.045252,8510458
2020-02-19,40.908676,41.154819,40.711765,41.105591,30.22625,9802785
2020-02-20,41.154819,41.253277,40.908676,40.957905,30.117651,10242025
2020-02-21,40.76099,40.859447,40.662537,40.662537,29.900459,9910266
2020-02-24,40.367165,40.465622,40.121025,40.219482,29.574665,19398898
2020-02-25,39.874886,40.219482,39.825657,40.071796,29.466068,12287138
2020-02-26,39.776428,40.121025,39.677971,40.022568,29.429871,15934634
2020-02-27,40.071796,40.121025,39.382603,39.431831,28.995481,39479261
2020-03-02,38.398037,39.382603,38.398037,38.89032,28.597288,46891499
2020-03-03,39.185688,39.382603,39.185688,39.185688,28.814482,23007959
2020-03-04,39.038006,39.284145,38.988773,39.136459,28.778288,17338253
2020-03-05,39.481056,39.579514,39.382603,39.530285,29.067881,10646513
2020-03-06,39.234917,39.333374,38.89032,38.89032,28.597288,32086299
2020-03-09,38.398037,38.398037,37.708839,37.954983,27.909504,50571200
2020-03-10,37.708839,38.693405,37.708839,38.398037,28.235298,30738533
2020-03-11,38.398037,38.545719,37.954983,38.004211,27.945707,27541837
2020-03-12,37.905754,37.905754,36.921188,36.921188,27.149328,52324330
2020-03-13,35.148972,36.428905,34.459778,36.428905,26.787336,57104025
2020-03-16,36.133537,36.133537,35.148972,35.247429,25.918558,36706020
2020-03-17,34.459778,34.853603,34.262863,34.459778,25.339373,47849381
2020-03-18,34.509003,34.60746,34.016724,34.115177,25.085978,36845628
2020-03-19,33.524441,33.721352,33.278297,33.475212,24.615389,51954718
2020-03-20,33.819809,35.247429,33.819809,34.558231,25.411766,46943429
2020-03-23,33.622894,34.164406,33.425983,33.622894,24.723984,20518845
2020-03-24,34.262863,34.755146,34.115177,34.115177,25.085978,24004315
2020-03-25,34.804375,35.247429,34.558231,34.755146,25.556561,24408085
2020-03-26,35.001286,35.001286,34.509003,34.705917,25.520365,15273228
2020-03-27,35.247429,35.493568,35.050514,35.247429,25.918558,24391259
2020-03-30,34.656689,35.247429,34.459778,35.247429,25.918558,14664007
2020-03-31,35.44434,35.542797,34.656689,34.755146,25.556561,22425024
2020-04-01,34.804375,35.050514,34.60746,34.705917,25.520365,10640702
2020-04-06,35.296658,35.345886,34.459778,34.509003,25.375566,28230669
2020-04-07,34.952061,35.050514,34.36132,34.804375,25.592762,21929367
2020-04-08,34.804375,35.395115,34.755146,35.1982,25.882357,19465919
2020-04-09,35.542797,35.739712,35.493568,35.641254,26.208151,14441600
2020-04-10,36.03508,37.413471,36.03508,37.216557,27.366522,31247482
2020-04-13,37.315014,37.364243,36.675049,36.822731,27.076929,14744039
2020-04-14,36.921188,37.511929,36.822731,37.413471,27.511318,21227833
2020-04-15,37.659615,37.758068,37.4627,37.708839,27.72851,17927956
2020-04-16,37.216557,37.265785,37.019646,37.216557,27.366522,19140396
2020-04-17,37.511929,38.151894,37.511929,37.610386,27.656115,22838891
2020-04-20,37.610386,37.708839,37.364243,37.413471,27.511318,9952311
2020-04-21,37.315014,37.364243,36.330448,36.428905,26.787336,20360833
2020-04-22,36.133537,36.62582,35.985851,36.62582,26.932135,13359107
2020-04-23,36.478134,37.019646,36.428905,36.675049,26.968332,10472772
2020-04-24,36.724277,36.773502,36.428905,36.478134,26.823532,6713453
2020-04-27,36.921188,37.413471,36.773502,37.413471,27.511318,14785698
2020-04-28,37.610386,37.610386,37.315014,37.413471,27.511318,11528771
2020-04-29,37.561157,38.29958,37.561157,37.856525,27.837107,22323431
2020-04-30,38.644176,39.284145,38.594948,39.284145,28.886881,42980453
2020-05-04,38.398037,38.545719,37.905754,38.201122,28.090506,30733671
2020-05-05,38.398037,38.594948,38.201122,38.29958,28.162901,11430325
2020-05-06,38.29958,38.447266,37.905754,38.201122,28.090506,13443398
2020-05-07,38.201122,38.644176,38.201122,38.250351,28.126699,11933171
2020-05-08,38.644176,38.89032,38.447266,38.644176,28.416294,11627361
2020-05-11,38.89032,39.284145,38.89032,38.988773,28.669689,14271964
2020-05-12,38.791862,39.087231,38.693405,38.988773,28.669689,12791557
2020-05-13,38.791862,38.939548,38.742634,38.939548,28.63349,9747107
2020-05-14,38.742634,38.89032,38.496494,38.545719,28.343895,11047848
2020-05-15,38.742634,38.89032,38.250351,38.447266,28.271496,11278879
2020-05-18,38.398037,38.545719,38.29958,38.398037,28.235298,8253674
2020-05-19,39.038006,39.038006,38.693405,38.841091,28.561092,14757286
2020-05-20,38.988773,39.185688,38.89032,39.038006,28.705891,13787454
2020-05-21,39.038006,39.333374,38.988773,39.333374,28.923082,13040261
2020-05-22,39.185688,39.234917,38.594948,38.644176,28.416294,14361513
2020-05-25,38.693405,38.89032,38.250351,38.545719,28.343895,7720997
2020-05-26,38.644176,39.481056,38.545719,39.284145,28.886881,27057738
2020-05-27,39.481056,39.677971,39.382603,39.530285,29.067881,12414768
2020-05-28,39.677971,39.677971,38.841091,38.89032,28.597288,20282900
2020-05-29,38.693405,39.431831,38.594948,39.431831,28.995481,31900328
2020-06-01,39.579514,39.825657,39.481056,39.628742,29.14028,16612810
2020-06-02,39.628742,39.825657,39.628742,39.7272,29.212673,18074280
2020-06-03,40.071796,40.76099,39.973339,40.76099,29.972855,41188211
2020-06-04,40.908676,41.056362,40.711765,40.908676,30.081451,28539140
2020-06-05,40.908676,41.105591,40.613308,40.957905,30.117651,17042577
2020-06-08,41.105591,41.35173,41.007133,41.253277,30.334845,23519113
2020-06-09,41.302502,41.450188,41.154819,41.35173,30.407244,19873713
2020-06-10,41.35173,41.844013,41.253277,41.696327,30.660635,20147816
2020-06-11,41.696327,41.893242,40.367165,40.367165,29.683258,38935764
2020-06-12,39.7272,40.170254,39.628742,40.071796,29.466068,22301046
2020-06-15,40.170254,41.056362,40.071796,40.268711,29.610867,22430147
2020-06-16,40.76099,41.35173,40.711765,41.253277,30.334845,23659268
2020-06-17,41.35173,41.597874,41.105591,41.548645,30.552044,23513887
2020-06-18,41.597874,41.647102,41.105591,41.499416,30.515841,19512565
2020-06-19,41.548645,41.548645,41.302502,41.450188,30.479645,20874014
2020-06-22,41.450188,41.499416,41.302502,41.450188,30.479645,14119496
2020-06-23,41.696327,41.745556,41.35173,41.647102,30.624439,19851053
2020-06-24,41.696327,41.745556,41.548645,41.548645,30.552044,15888888
2020-06-29,41.302502,41.35173,41.154819,41.253277,30.334845,21684507
2020-06-30,41.35173,41.450188,41.204048,41.204048,30.298649,42349744
2020-07-01,39.481056,39.874886,39.382603,39.7272,30.678806,23490290
2020-07-02,39.776428,39.874886,39.677971,39.677971,30.640787,12157657
2020-07-03,39.973339,40.121025,39.776428,40.121025,30.982933,12841120
2020-07-06,40.121025,40.662537,40.121025,40.613308,31.363089,21555780
2020-07-07,40.711765,40.76099,40.268711,40.31794,31.134996,18609068
2020-07-08,40.268711,40.465622,40.121025,40.31794,31.134996,13380206
2020-07-09,40.268711,40.613308,39.973339,39.973339,30.868885,16492496
2020-07-10,40.071796,40.071796,39.628742,39.628742,30.602776,12707435
2020-07-13,40.170254,40.31794,39.874886,40.31794,31.134996,13946434
2020-07-14,39.973339,40.219482,39.973339,40.071796,30.94492,10870786
2020-07-15,40.31794,40.31794,39.973339,40.022568,30.906902,13633249
2020-07-16,40.121025,40.219482,39.92411,39.92411,30.830872,13059330
2020-07-17,40.219482,40.268711,39.874886,39.874886,30.792854,11105001
2020-07-20,39.874886,40.071796,39.7272,39.776428,30.716824,9468554
2020-07-21,40.022568,40.170254,39.776428,39.776428,30.716824,20739590
2020-07-22,39.825657,40.121025,39.825657,40.022568,30.906902,12888282
2020-07-23,39.973339,39.973339,39.677971,39.7272,30.678806,11481622
2020-07-24,39.579514,39.7272,39.481056,39.481056,30.488726,13663923
2020-07-27,39.431831,39.776428,39.136459,39.136459,30.222618,18084477
2020-07-28,38.988773,39.382603,38.988773,39.038006,30.146585,20217850
2020-07-29,39.284145,39.776428,39.185688,39.481056,30.488726,15827693
2020-07-30,39.825657,39.825657,39.185688,39.481056,30.488726,17770835
2020-07-31,39.333374,39.333374,38.988773,38.988773,30.108566,21847811
2020-08-03,38.988773,39.038006,38.594948,38.644176,29.842457,22426638
2020-08-04,38.742634,39.185688,38.693405,39.185688,30.26063,8793114
2020-08-05,39.234917,39.333374,38.988773,39.234917,30.298649,9394278
2020-08-06,39.333374,39.677971,39.284145,39.579514,30.564756,12094481
2020-08-07,39.579514,39.579514,39.234917,39.234917,30.298649,10408151
2020-08-10,39.234917,39.874886,39.234917,39.825657,30.754841,14471660
2020-08-11,39.382603,39.530285,39.284145,39.333374,30.374681,19060611
2020-08-12,39.333374,39.825657,39.333374,39.825657,30.754841,17586169
2020-08-13,39.874886,40.071796,39.776428,40.071796,30.94492,15897788
2020-08-14,39.825657,39.874886,39.481056,39.677971,30.640787,7904295
2020-08-17,39.7272,40.170254,39.579514,40.071796,30.94492,11593048
2020-08-18,39.973339,39.973339,39.776428,39.973339,30.868885,7047319
2020-08-19,40.121025,40.367165,39.92411,39.92411,30.830872,18445639
2020-08-20,39.825657,39.874886,38.988773,39.185688,30.26063,24373881
2020-08-21,39.284145,39.431831,39.136459,39.234917,30.298649,10265109
2020-08-24,39.284145,39.382603,39.185688,39.284145,30.336662,6538817
2020-08-25,39.284145,39.92411,39.234917,39.874886,30.792854,15763076
2020-08-26,39.628742,39.92411,39.481056,39.92411,30.830872,13560037
2020-08-27,39.92411,39.92411,39.382603,39.382603,30.412697,11316338
2020-08-28,39.382603,39.530285,39.284145,39.333374,30.374681,14019851
2020-08-31,39.431831,39.579514,39.136459,39.234917,30.298649,20985063
2020-09-01,39.284145,39.333374,39.038006,39.234917,30.298649,14916334
2020-09-02,39.333374,39.333374,38.89032,38.939548,30.070555,17446393
2020-09-03,39.087231,39.382603,38.988773,39.234917,30.298649,14731876
2020-09-04,38.89032,39.038006,38.693405,38.841091,29.994524,15738696
2020-09-07,38.841091,39.038006,38.742634,38.742634,29.918488,11180561
2020-09-08,38.791862,38.988773,38.742634,38.939548,30.070555,9386370
2020-09-09,38.742634,38.89032,38.496494,38.841091,29.994524,13015832
2020-09-10,38.939548,39.185688,38.742634,39.136459,30.222618,11347977
2020-09-11,39.185688,39.382603,39.038006,39.284145,30.336662,13106978
2020-09-14,39.284145,39.481056,39.136459,39.481056,30.488726,11858927
2020-09-15,39.431831,39.481056,39.284145,39.481056,30.488726,11146480
2020-09-16,39.481056,39.579514,39.333374,39.579514,30.564756,14207061
2020-09-17,39.382603,39.481056,39.038006,39.038006,30.146585,18526949
2020-09-18,39.087231,39.185688,38.89032,38.89032,30.032536,20200487
2020-09-21,38.841091,38.89032,38.496494,38.496494,29.728409,21438710
2020-09-22,38.496494,38.545719,38.201122,38.398037,29.652376,15178093
2020-09-23,38.398037,38.398037,38.102669,38.398037,29.652376,17036984
2020-09-24,38.201122,38.201122,37.413471,37.413471,28.892059,27214913
2020-09-25,37.4627,37.758068,37.413471,37.511929,28.968096,13102353
2020-09-28,37.610386,37.954983,37.610386,37.954983,29.310232,8965780
2020-09-29,38.05344,38.201122,38.004211,38.102669,29.424282,7841513
2020-09-30,38.250351,38.29958,38.004211,38.004211,29.348253,9213077
2020-10-05,38.102669,38.201122,37.807297,37.856525,29.234201,9075184
2020-10-06,38.004211,38.201122,37.905754,38.05344,29.386269,8057054
2020-10-07,38.004211,38.151894,38.004211,38.004211,29.348253,7724689
2020-10-08,38.004211,38.05344,37.807297,37.856525,29.234201,13683679
2020-10-12,38.004211,38.102669,37.708839,38.004211,29.348253,11545420
2020-10-13,38.05344,38.102669,37.758068,37.856525,29.234201,10529535
2020-10-14,37.856525,38.29958,37.856525,38.004211,29.348253,12675727
2020-10-15,37.856525,38.004211,37.610386,37.610386,29.044125,15106375
2020-10-16,37.659615,37.758068,37.561157,37.561157,29.006107,11144273
2020-10-19,37.659615,37.954983,37.659615,37.807297,29.196186,7549990
2020-10-20,37.807297,37.856525,37.610386,37.856525,29.234201,8971260
2020-10-21,37.856525,37.954983,37.708839,37.807297,29.196186,9210896
2020-10-22,37.758068,38.004211,37.708839,37.905754,29.272221,17874135
2020-10-23,37.905754,38.004211,37.807297,38.004211,29.348253,8453891
2020-10-26,38.004211,38.398037,38.004211,38.348808,29.614357,11012849
2020-10-27,38.102669,38.201122,37.954983,38.004211,29.348253,6085604
2020-10-28,38.004211,38.102669,37.807297,38.004211,29.348253,10428548
2020-10-29,37.659615,37.708839,37.561157,37.561157,29.006107,15628168
2020-10-30,37.561157,37.954983,37.561157,37.807297,29.196186,18396024
2020-11-02,37.807297,38.05344,37.708839,38.05344,29.386269,8570256
2020-11-03,38.151894,38.348808,38.151894,38.29958,29.576345,10631217
2020-11-04,37.954983,38.545719,37.954983,38.545719,29.766424,17066484
2020-11-05,38.594948,38.644176,38.29958,38.594948,29.80444,9490354
2020-11-06,38.594948,38.693405,38.398037,38.693405,29.880472,8216506
2020-11-09,38.89032,39.087231,38.742634,38.988773,30.108566,15767722
2020-11-10,39.185688,39.776428,39.185688,39.776428,30.716824,49423152
2020-11-11,39.973339,40.613308,39.92411,40.613308,31.363089,48836899
2020-11-12,40.514851,40.514851,39.579514,39.92411,30.830872,23884088
2020-11-13,39.874886,39.973339,39.776428,39.92411,30.830872,11898825
2020-11-16,40.31794,40.367165,40.071796,40.31794,31.134996,18074035
2020-11-17,40.662537,40.859447,40.416393,40.859447,31.553165,42039690
2020-11-18,41.154819,41.204048,40.908676,41.154819,31.781265,32625915
2020-11-19,41.154819,41.154819,40.76099,40.859447,31.553165,18057941
2020-11-20,40.859447,40.859447,40.367165,40.662537,31.401106,20674811
2020-11-23,40.810223,41.154819,40.76099,41.056362,31.705231,17231254
2020-11-24,41.105591,41.154819,40.859447,40.859447,31.553165,11149344
2020-11-25,41.105591,41.154819,40.810223,40.810223,31.515156,15665342
2020-11-26,40.908676,41.056362,40.662537,40.859447,31.553165,14033196
2020-11-27,40.76099,40.957905,40.613308,40.711765,31.439123,14264121
2020-11-30,40.810223,40.859447,39.776428,39.776428,30.716824,53258188
2020-12-01,39.973339,40.121025,39.7272,40.071796,30.94492,17674454
2020-12-02,39.874886,40.022568,39.825657,39.874886,30.792854,21383574
2020-12-03,39.825657,39.973339,39.677971,39.677971,30.640787,25529242
2020-12-04,39.628742,40.121025,39.579514,40.121025,30.982933,28784118
2020-12-07,40.219482,40.31794,39.874886,40.31794,31.134996,26710327
2020-12-08,39.92411,40.31794,39.7272,40.31794,31.134996,22015060
2020-12-09,40.219482,40.367165,39.973339,40.367165,31.17301,20252057
2020-12-10,40.367165,40.810223,40.170254,40.810223,31.515156,32215119
2020-12-11,41.056362,41.499416,40.957905,41.302502,31.895309,49054031
2020-12-14,41.35173,41.450188,41.007133,41.154819,31.781265,25094516
2020-12-15,41.056362,41.154819,40.268711,40.465622,31.249041,21823231
2020-12-16,40.613308,40.908676,40.564079,40.908676,31.591183,15757632
2020-12-17,40.859447,40.908676,40.514851,40.711765,31.439123,12442302
2020-12-18,40.711765,40.859447,40.416393,40.564079,31.325071,16577821
2020-12-21,40.711765,40.908676,40.416393,40.908676,31.591183,12718730
2020-12-22,40.810223,40.810223,40.416393,40.416393,31.211027,10423803
2020-12-23,40.31794,40.465622,40.219482,40.31794,31.134996,8133955
2020-12-24,40.416393,40.613308,40.31794,40.367165,31.17301,8882550
2020-12-25,40.564079,40.564079,40.367165,40.514851,31.287058,5684160
2020-12-28,40.564079,40.711765,40.465622,40.662537,31.401106,8045930
2020-12-29,40.76099,40.859447,40.662537,40.711765,31.439123,9917912
2020-12-30,40.76099,41.597874,40.76099,41.548645,32.085392,44783802
2020-12-31,41.794785,41.942471,41.499416,41.597874,32.123409,27190116
2021-01-04,41.548645,41.597874,41.007133,41.400959,31.971344,19064686
2021-01-05,41.204048,41.548645,41.154819,41.450188,32.009361,16916310
2021-01-06,41.35173,41.548645,40.859447,40.908676,31.591183,24811416
2021-01-07,41.253277,41.400959,40.957905,41.253277,31.8573,28593324
2021-01-08,41.400959,42.336296,41.154819,42.188614,32.579601,51470403
2021-01-11,42.139381,42.631664,41.499416,41.942471,32.389519,40475136
2021-01-12,41.991699,42.287067,41.400959,41.647102,32.161427,33621459
2021-01-13,41.647102,41.844013,41.548645,41.745556,32.237453,23279675
2021-01-14,41.794785,41.844013,41.548645,41.844013,32.313484,19410069
2021-01-15,41.893242,41.893242,41.154819,41.154819,31.781265,30290619
2021-01-18,41.056362,41.056362,40.514851,40.564079,31.325071,25106541
2021-01-19,40.613308,40.859447,40.613308,40.711765,31.439123,13321089
2021-01-20,40.564079,40.564079,40.022568,40.022568,30.906902,40686422
2021-01-21,40.121025,40.31794,40.022568,40.022568,30.906902,18924357
2021-01-22,40.170254,40.219482,39.92411,39.92411,30.830872,22627774
2021-01-25,39.973339,40.465622,39.92411,40.367165,31.17301,18607355
2021-01-26,40.416393,40.465622,39.874886,39.874886,30.792854,30182525
2021-01-27,40.022568,40.170254,39.874886,39.874886,30.792854,18083287
2021-01-28,39.579514,39.776428,39.382603,39.481056,30.488726,34934995
2021-01-29,39.530285,39.628742,39.284145,39.284145,30.336662,34021109
2021-02-01,39.284145,39.530285,39.284145,39.284145,30.336662,18275802
2021-02-02,39.382603,39.874886,39.382603,39.677971,30.640787,25645343
2021-02-03,39.7272,39.825657,39.481056,39.677971,30.640787,16942453
2021-02-04,39.677971,40.121025,39.628742,40.071796,30.94492,14848408
2021-02-05,40.121025,40.367165,39.776428,39.973339,30.868885,16475598
2021-02-17,40.662537,41.597874,40.564079,41.302502,31.895309,53799667
2021-02-18,41.302502,41.844013,41.253277,41.548645,32.085392,33522077
2021-02-19,41.499416,41.499416,40.957905,41.204048,31.819283,23892272
2021-02-22,41.253277,41.696327,41.204048,41.400959,31.971344,22287536
2021-02-23,41.450188,42.139381,41.400959,42.040928,32.465553,40424400
2021-02-24,42.188614,42.434753,41.844013,41.991699,32.427532,37401070
2021-02-25,42.385525,43.025494,42.139381,42.927036,33.149837,65925969
2021-02-26,42.336296,42.77935,41.302502,41.302502,31.895309,77572050
2021-03-02,41.893242,42.090157,41.253277,41.253277,31.8573,32335675
2021-03-03,41.499416,42.139381,41.450188,41.893242,32.351501,31873785
2021-03-04,41.893242,41.991699,41.35173,41.696327,32.199436,25782318
2021-03-05,41.253277,41.942471,41.204048,41.893242,32.351501,16856242
2021-03-08,42.090157,42.730122,41.991699,42.237839,32.617615,36419713
2021-03-09,42.533211,43.665459,42.533211,43.61623,33.682056,86666185
2021-03-10,43.665459,44.059284,43.468548,43.862373,33.872135,57596376
2021-03-11,44.600796,46.373013,44.600796,45.04385,34.784519,134392947
2021-03-12,45.339218,45.388447,44.748482,45.191536,34.898567,49649960
2021-03-15,45.388447,46.274555,45.388447,45.979187,35.506817,66606223
2021-03-16,45.979187,46.028416,45.486904,45.733047,35.316742,30925612
2021-03-17,45.585361,45.683819,44.79771,45.093079,34.822533,40407964
2021-03-18,45.536133,45.585361,44.699253,44.748482,34.556423,31128061
2021-03-19,44.748482,44.79771,43.813145,43.911602,33.910156,68823725
2021-03-22,44.010056,44.896168,43.960831,44.896168,34.670471,30677421
2021-03-23,45.782272,46.274555,45.683819,46.077644,35.582851,73355815
2021-03-24,46.028416,46.225327,45.437675,45.782272,35.354755,38909938
2021-03-25,46.077644,46.373013,45.782272,46.126873,35.620869,28884260
2021-03-26,46.373013,47.160664,46.323784,46.865295,36.191105,50412507
2021-03-29,47.209892,47.554489,46.914524,47.259121,36.495232,39153895
2021-03-30,47.357578,47.406807,46.766838,47.259121,36.495232,32305495
2021-03-31,47.259121,47.751404,46.963753,47.209892,36.457214,31049761
2021-04-01,47.554489,47.702175,47.06221,47.209892,36.457214,22119830
2021-04-07,47.259121,47.406807,46.816067,47.259121,36.495232,18104652
2021-04-08,47.06221,47.111439,46.766838,46.914524,36.229118,17439707
2021-04-09,46.865295,47.06221,46.373013,46.520699,35.924992,24036380
2021-04-12,47.603722,48.440601,47.554489,48.046776,37.103489,53653043
2021-04-13,48.834427,49.031338,48.145229,48.243687,37.255547,36614103
2021-04-14,48.292915,48.440601,47.357578,47.800632,36.913406,26261539
2021-04-15,48.194458,49.031338,48.096001,49.031338,37.863808,45357259
2021-04-16,48.883656,49.080566,48.391373,49.080566,37.901821,28129816
2021-04-19,49.179024,51.098927,49.179024,50.803555,39.232372,65564167
2021-04-20,50.902012,51.492752,49.818993,50.606644,39.080311,52339866
2021-04-21,49.917446,50.311272,49.523621,50.114361,38.700153,41181771
2021-04-22,50.409729,51.000469,49.523621,49.917446,38.548088,46796413
2021-04-23,50.015903,50.212818,49.523621,50.114361,38.700153,20508484
2021-04-26,50.212818,51.591209,50.212818,51.295837,39.612534,43717269
2021-04-27,51.295837,52.181946,51.098927,52.083488,40.220787,45120702
2021-04-28,52.575771,53.068054,51.591209,52.181946,40.296822,40972652
2021-04-29,52.181946,52.280403,51.295837,51.492752,39.764599,32661281
2021-05-03,52.181946,53.264969,51.78812,51.78812,39.992691,73279384
2021-05-04,52.280403,52.674229,49.720535,50.902012,39.308407,59861224
2021-05-05,51.295837,53.954163,50.902012,52.772686,40.75301,91476228
2021-05-06,53.658794,55.135643,52.871143,53.560337,41.361263,68442907
2021-05-07,54.151077,54.544903,53.757252,54.249535,41.893486,44933874
2021-05-10,54.741817,57.793968,54.64336,57.301685,44.250469,103433920
2021-05-11,57.301685,58.581619,54.249535,55.726379,43.033958,144866919
2021-05-12,55.726379,55.726379,50.212818,51.492752,39.764599,141980826
2021-05-13,49.523621,51.689663,49.228252,50.311272,38.852219,85768257
2021-05-14,51.394295,52.083488,50.015903,50.705097,39.156342,50980056
2021-05-17,48.342144,49.425163,47.406807,47.89909,36.989441,76537406
2021-05-18,49.523621,52.674229,49.523621,52.674229,40.676979,92057259
2021-05-19,53.166512,54.05262,52.181946,53.461884,41.285236,80055128
2021-05-20,53.954163,53.954163,52.37886,52.477318,40.524914,44186864
2021-05-21,53.954163,55.135643,52.37886,53.363426,41.209202,84832778
2021-05-24,52.871143,53.166512,52.37886,53.068054,40.981102,37188736
2021-05-25,53.264969,54.05262,52.969601,53.461884,41.285236,37480700
2021-05-26,53.757252,53.954163,52.969601,53.560337,41.361263,21830772
2021-05-27,52.772686,53.560337,52.181946,53.560337,41.361263,77464789
2021-05-28,53.855709,54.840275,53.264969,54.64336,42.197613,54277599
2021-05-31,54.64336,55.529469,54.446445,55.037186,42.50174,33301970
2021-06-01,55.135643,55.529469,54.64336,54.938728,42.425709,16474118
2021-06-02,54.938728,55.431011,54.741817,55.431011,42.805866,26668000
2021-06-03,55.824837,55.923294,54.840275,54.938728,42.425709,20314550
2021-06-04,54.347988,54.741817,53.954163,54.151077,41.817455,26481272
2021-06-07,54.249535,54.347988,52.37886,53.855709,41.589363,24012964
2021-06-08,54.249535,54.544903,53.757252,53.954163,41.66539,18453748
2021-06-09,53.855709,53.954163,52.969601,53.461884,41.285236,27849055
2021-06-10,53.757252,53.954163,53.166512,53.855709,41.589363,20334391
2021-06-11,53.855709,54.64336,53.560337,53.658794,41.437298,27152575
2021-06-15,53.757252,53.855709,53.363426,53.461884,41.285236,18895318
2021-06-16,53.264969,53.757252,52.871143,53.461884,41.285236,28849434
2021-06-17,52.772686,53.363426,52.674229,53.166512,41.057137,18395162
2021-06-18,52.969601,53.166512,52.575771,52.772686,40.75301,31955420
2021-06-21,52.083488,52.083488,50.705097,51.197384,39.536503,61526988
2021-06-22,51.689663,52.181946,51.492752,51.78812,39.992691,23086338
2021-06-23,51.886578,53.363426,51.78812,53.264969,41.133171,38035668
2021-06-24,52.969601,53.264969,52.674229,52.969601,40.905075,18866089
2021-06-25,53.461884,53.757252,53.166512,53.461884,41.285236,23040061
2021-06-28,53.658794,53.658794,53.264969,53.461884,41.285236,13994658
2021-06-29,53.363426,53.363426,52.477318,52.871143,40.829044,27507686
2021-06-30,52.871143,53.363426,52.772686,53.068054,40.981102,20052542
2021-07-01,52.969601,53.560337,52.871143,53.068054,40.981102,16474570
2021-07-02,53.068054,53.461884,52.969601,53.068054,40.981102,13476224
2021-07-05,53.461884,53.560337,53.264969,53.363426,41.209202,15621985
2021-07-06,53.560337,53.560337,53.264969,53.264969,41.133171,16413264
2021-07-07,53.068054,53.166512,52.772686,53.166512,41.057137,16848429
2021-07-08,53.264969,54.05262,53.264969,53.560337,41.361263,31199001
2021-07-09,53.363426,53.461884,52.772686,52.969601,40.905075,35394683
2021-07-12,54.446445,56.710945,54.446445,54.840275,42.349682,87580557
2021-07-13,55.627926,56.120209,55.135643,55.2341,42.653809,56956484
2021-07-14,55.726379,56.612492,55.529469,56.120209,43.338089,52812117
2021-07-15,56.31712,57.793968,56.218662,57.203228,44.174435,56126804
2021-07-16,57.301685,58.975445,56.809402,58.876987,45.466976,69597079
2021-07-19,59.467728,60.058468,58.187794,58.778534,45.390945,59893733
2021-07-20,57.597054,58.187794,56.710945,57.006317,44.022373,78574483
2021-07-21,57.597054,57.892426,56.809402,57.400143,44.326504,49568000
2021-07-22,57.892426,59.566185,57.695511,59.172359,45.695068,84967590
2021-07-23,59.566185,59.664642,58.581619,59.36927,45.847134,69297247
2021-07-26,57.400143,57.793968,55.2341,55.332554,44.578011,84704173
2021-07-27,55.332554,55.332554,54.151077,54.151077,43.626171,42327107
2021-07-28,53.560337,53.658794,52.280403,52.969601,42.674328,71625845
2021-07-29,53.560337,53.954163,52.772686,53.954163,43.467525,34461374
2021-07-30,53.658794,53.855709,53.166512,53.461884,43.07093,24744411
2021-08-02,53.658794,54.938728,53.264969,54.938728,44.260731,32799326
2021-08-03,54.347988,54.64336,54.05262,54.544903,43.943451,16429056
2021-08-04,54.64336,55.037186,54.249535,54.347988,43.784805,18718313
2021-08-05,54.64336,54.840275,54.249535,54.347988,43.784805,14312952
2021-08-06,54.64336,54.64336,53.954163,54.249535,43.70549,20020529
2021-08-09,54.347988,54.544903,53.461884,54.347988,43.784805,29164675
2021-08-10,54.446445,54.741817,54.05262,54.05262,43.546848,19383156
2021-08-11,54.741817,55.726379,54.544903,55.135643,44.419376,52151325
2021-08-12,55.627926,55.726379,54.840275,55.135643,44.419376,26678083
2021-08-13,54.938728,55.037186,54.05262,54.151077,43.626171,29638262
2021-08-16,53.954163,54.446445,52.674229,53.461884,43.07093,41643422
2021-08-17,53.461884,53.461884,53.461884,53.461884,43.07093,0
2021-08-18,53.264969,53.560337,53.068054,53.560337,43.150246,31522640
2021-08-19,53.658794,53.855709,52.871143,52.969601,42.674328,35748355
2021-08-20,53.264969,53.461884,52.37886,52.871143,42.595009,27238840
2021-08-23,53.560337,54.544903,53.461884,54.249535,43.70549,36049185
2021-08-24,54.544903,54.938728,54.151077,54.938728,44.260731,27329945
2021-08-25,54.938728,55.135643,54.544903,55.135643,44.419376,17578323
2021-08-26,55.332554,55.431011,54.64336,55.135643,44.419376,26641169
2021-08-27,55.332554,57.006317,55.135643,56.809402,45.767815,55600785
2021-08-30,57.301685,58.581619,57.203228,58.581619,47.19558,74158370
2021-08-31,58.384708,58.975445,57.892426,58.680077,47.274902,49009049
2021-09-01,58.778534,58.975445,58.187794,58.286251,46.957626,27295985
2021-09-02,58.384708,58.384708,57.104771,57.793968,46.561024,35965765
2021-09-03,58.286251,59.073902,57.990883,58.680077,47.274902,35481296
2021-09-06,58.581619,58.876987,57.892426,58.286251,46.957626,22948143
2021-09-07,58.483162,58.581619,57.990883,58.286251,46.957626,17220729
2021-09-08,58.286251,58.384708,57.006317,57.597054,46.402378,31606331
2021-09-09,57.400143,57.793968,56.90786,57.793968,46.561024,15455391
2021-09-10,57.892426,58.483162,57.498596,58.286251,46.957626,17885028
2021-09-13,58.286251,59.566185,58.187794,58.975445,47.512863,46600453
2021-09-14,59.36927,59.664642,58.680077,58.876987,47.43354,30165676
2021-09-15,58.483162,58.975445,58.187794,58.581619,47.19558,18275313
2021-09-16,58.778534,59.36927,58.483162,58.778534,47.354221,20618662
2021-09-17,58.975445,59.073902,57.990883,57.990883,46.719666,32889602
2021-09-22,56.31712,56.415577,55.037186,55.923294,45.053932,71719541
2021-09-23,56.415577,56.710945,56.218662,56.612492,45.609173,19175272
2021-09-24,57.104771,57.400143,56.710945,56.90786,45.847134,15175451
2021-09-27,57.104771,57.990883,56.90786,57.793968,46.561024,27827524
2021-09-28,57.793968,58.286251,57.203228,58.089336,46.798981,28074224
2021-09-29,57.104771,57.498596,56.31712,57.104771,46.005775,34510298
2021-09-30,57.104771,57.104771,56.612492,57.006317,45.926456,17103530
2021-10-01,56.514034,56.514034,55.726379,56.021751,45.133255,27376947
2021-10-04,56.218662,56.415577,55.431011,55.726379,44.89529,19149124
2021-10-05,55.2341,55.627926,54.544903,55.529469,44.736652,31843915
2021-10-06,56.120209,56.612492,55.332554,56.218662,45.291889,31309768
2021-10-07,56.514034,56.809402,56.218662,56.218662,45.291889,22484176
2021-10-08,56.612492,56.612492,56.021751,56.218662,45.291889,12479234
2021-10-12,55.431011,55.627926,54.840275,55.529469,44.736652,32109138
2021-10-13,55.824837,56.218662,54.938728,55.332554,44.578011,22436740
2021-10-14,55.627926,56.021751,55.2341,55.726379,44.89529,18618812
2021-10-15,56.31712,57.597054,56.218662,57.400143,46.24374,46255177
2021-10-18,57.597054,58.286251,57.498596,57.793968,46.561024,32094075
2021-10-19,58.089336,58.286251,57.400143,57.498596,46.323059,23093032
2021-10-20,57.892426,58.089336,57.203228,57.400143,46.24374,19670745
2021-10-21,57.400143,58.187794,57.301685,57.793968,46.561024,21595534
2021-10-22,57.793968,57.793968,57.203228,57.400143,46.24374,10127952
2021-10-25,57.301685,57.793968,57.006317,57.498596,46.323059,8739995
2021-10-26,57.892426,58.286251,57.498596,58.187794,46.878304,21546755
2021-10-27,58.089336,58.089336,57.400143,57.793968,46.561024,10663213
2021-10-28,57.498596,57.597054,57.006317,57.203228,46.085094,12879285
2021-10-29,57.006317,57.400143,56.612492,57.203228,46.085094,17988839
2021-11-01,57.203228,57.597054,56.710945,56.710945,45.688496,14204004
2021-11-02,56.90786,57.203228,56.514034,56.514034,45.529854,13041685
2021-11-03,56.612492,56.90786,56.415577,56.710945,45.688496,10351117
2021-11-04,57.104771,57.498596,56.90786,57.006317,45.926456,15940687
2021-11-05,57.006317,57.597054,56.710945,57.597054,46.402378,12931802
2021-11-08,57.400143,57.793968,57.301685,57.793968,46.561024,13095097
2021-11-09,57.793968,57.793968,57.400143,57.597054,46.402378,12698177
2021-11-10,57.597054,57.793968,57.498596,57.695511,46.481701,8301633
2021-11-11,57.793968,57.793968,57.301685,57.695511,46.481701,15544444
2021-11-12,57.793968,58.187794,57.597054,57.990883,46.719666,21255169
2021-11-15,58.286251,59.36927,58.286251,58.778534,47.354221,31008602
2021-11-16,58.975445,59.073902,58.581619,59.073902,47.592182,18979473
2021-11-17,59.36927,61.239944,59.270817,61.239944,49.337231,77847540
2021-11-18,61.141487,62.519878,60.747662,62.027596,49.971786,62091242
2021-11-19,62.027596,62.027596,60.649204,60.846119,49.019951,35764634
2021-11-22,60.550751,60.649204,59.960011,60.156925,48.464706,26853595
2021-11-23,59.861553,60.550751,59.7631,59.861553,48.226742,18474909
2021-11-24,60.156925,60.846119,60.058468,60.156925,48.464706,14975675
2021-11-25,60.846119,60.846119,60.058468,60.649204,48.861305,20327191
2021-11-26,60.156925,60.353836,59.073902,59.270817,47.750828,45777607
2021-11-29,58.581619,58.975445,58.089336,58.384708,47.036942,28848246
2021-11-30,58.581619,59.073902,58.187794,59.073902,47.592182,44996400
2021-12-01,58.581619,59.073902,58.187794,58.975445,47.512863,22845800
2021-12-02,58.483162,58.680077,58.286251,58.581619,47.19558,20341940
2021-12-03,58.975445,59.467728,58.876987,58.975445,47.512863,14967580
2021-12-06,58.876987,59.073902,58.483162,59.073902,47.592182,15447978
2021-12-07,59.172359,59.7631,58.680077,59.7631,48.147427,19419379
2021-12-08,60.058468,60.255379,59.664642,59.7631,48.147427,19804786
2021-12-09,59.7631,60.156925,59.467728,59.7631,48.147427,13858609
2021-12-10,59.861553,59.861553,59.36927,59.566185,47.988785,13852866
2021-12-13,60.058468,60.550751,59.7631,59.7631,48.147427,18977523
2021-12-14,59.664642,59.664642,59.172359,59.270817,47.750828,16292706
2021-12-15,58.975445,59.270817,58.876987,58.876987,47.43354,16207372
2021-12-16,59.172359,59.467728,59.073902,59.36927,47.830143,13009271
2021-12-17,59.36927,59.7631,59.270817,59.566185,47.988785,15963137
2021-12-20,59.172359,59.566185,58.975445,58.975445,47.512863,15083251
2021-12-21,58.975445,59.566185,58.975445,59.36927,47.830143,12814287
2021-12-22,59.36927,59.566185,59.172359,59.36927,47.830143,9101933
2021-12-23,59.36927,59.664642,59.270817,59.566185,47.988785,11491174
2021-12-24,59.664642,60.452293,59.566185,60.156925,48.464706,21822909
2021-12-27,60.452293,60.550751,60.156925,60.353836,48.623344,12334157
2021-12-28,60.747662,61.436859,60.550751,61.338402,49.41655,34270876
2021-12-29,61.830685,62.322968,61.535316,62.027596,49.971786,49675714
2021-12-30,62.027596,62.027596,61.535316,61.535316,49.575191,16062473
2022-01-03,61.830685,61.929142,60.649204,60.649204,48.861305,18543676
2022-01-04,60.649204,61.043034,60.550751,61.043034,49.178589,15794063
2022-01-05,60.649204,61.043034,60.353836,60.944576,49.09927,15297507
2022-01-06,60.944576,61.338402,60.452293,61.043034,49.178589,16410627
2022-01-07,61.043034,61.535316,60.846119,61.043034,49.178589,21070071
2022-01-10,61.043034,61.338402,60.747662,61.141487,49.257908,12278222
2022-01-11,61.535316,63.89827,61.141487,63.504444,51.161602,99317151
2022-01-12,63.405991,63.996727,62.81525,63.701359,51.32024,50052596
2022-01-13,63.701359,66.75351,63.504444,66.359688,53.461887,102744830
2022-01-14,65.965858,67.344246,65.473572,66.655052,53.699844,79080616
2022-01-17,66.26123,66.950424,65.473572,65.473572,52.748001,38403109
2022-01-18,65.572029,66.162773,65.178207,65.867401,53.065285,32965915
2022-01-19,65.375122,65.473572,64.587463,65.07975,52.430725,39773480
2022-01-20,64.587463,65.07975,63.996727,64.784378,52.19276,34964359
2022-01-21,64.193642,64.292099,63.209076,63.405991,51.082279,42816020
2022-01-24,63.012161,63.602901,62.421425,63.307533,51.00296,31693467
2022-01-25,62.618336,62.716793,61.436859,62.027596,49.971786,59782397
2022-01-26,62.027596,62.716793,61.830685,62.322968,50.209751,22512004
2022-02-07,62.81525,64.784378,62.81525,64.685921,52.113441,46962191
2022-02-08,64.489014,65.473572,64.095184,64.981293,52.351402,32606233
2022-02-09,65.375122,65.375122,64.587463,64.981293,52.351402,20734922
2022-02-10,64.882835,64.882835,64.095184,64.784378,52.19276,19424658
2022-02-11,64.390556,64.685921,64.193642,64.587463,52.034119,13579678
2022-02-14,63.504444,63.504444,62.618336,63.209076,50.923637,35138880
2022-02-15,63.602901,63.89827,63.209076,63.307533,51.00296,20628424
2022-02-16,63.799816,63.799816,63.209076,63.799816,51.399567,19911063
2022-02-17,63.701359,63.996727,63.307533,63.701359,51.32024,22626777
2022-02-18,63.110619,63.602901,63.110619,63.602901,51.240921,18181184
2022-02-21,63.307533,63.701359,63.012161,63.602901,51.240921,14512804
2022-02-22,63.012161,63.209076,62.22451,62.716793,50.527031,27472813
2022-02-23,62.519878,63.012161,62.421425,62.716793,50.527031,15633147
2022-02-24,62.22451,62.519878,61.535316,62.027596,49.971786,40359662
2022-02-25,61.732227,62.027596,60.649204,61.338402,49.41655,57604516
2022-03-01,60.747662,61.732227,60.550751,61.63377,49.654507,26221496
2022-03-02,61.141487,61.239944,60.846119,61.043034,49.178589,19053285
2022-03-03,61.338402,61.535316,61.043034,61.141487,49.257908,13658259
2022-03-04,60.846119,60.846119,60.255379,60.255379,48.544025,22516725
2022-03-07,59.467728,59.566185,57.892426,58.483162,47.116261,52547743
2022-03-08,57.301685,57.892426,57.104771,57.597054,46.402378,52521052
2022-03-09,58.089336,58.483162,57.695511,58.089336,46.798981,18562773
2022-03-10,58.581619,59.566185,58.581619,59.36927,47.830143,22154019
2022-03-11,59.270817,59.664642,58.975445,59.36927,47.830143,12391678
2022-03-14,59.7631,60.550751,59.664642,60.255379,48.544025,14715692
2022-03-15,60.353836,60.550751,59.960011,60.353836,48.623344,16538172
2022-03-16,60.747662,61.043034,60.452293,61.043034,49.178589,22417228
2022-03-17,61.535316,62.22451,61.436859,62.126053,50.051109,35990386
2022-03-18,62.421425,62.81525,62.126053,62.322968,50.209751,28605665
2022-03-21,62.322968,62.81525,62.22451,62.618336,50.447708,17044030
2022-03-22,62.618336,62.618336,62.126053,62.618336,50.447708,9970489
2022-03-23,63.110619,63.996727,63.012161,63.799816,51.399567,28568678
2022-03-24,63.307533,63.405991,62.618336,63.307533,51.00296,17799803
2022-03-25,62.81525,63.012161,62.519878,62.519878,50.368389,11052557
2022-03-28,61.830685,62.716793,61.63377,62.322968,50.209751,9922542
2022-03-29,62.519878,62.913708,62.322968,62.81525,50.606354,9100420
2022-03-30,63.110619,63.504444,63.012161,63.405991,51.082279,14889417
2022-03-31,63.504444,63.701359,63.209076,63.504444,51.161602,15285676
2022-04-01,63.012161,63.996727,62.81525,63.996727,51.558201,16543294
2022-04-06,64.095184,64.489014,63.504444,64.489014,51.954803,24432720
2022-04-07,64.292099,64.685921,63.504444,63.799816,51.399567,26966832
2022-04-08,63.996727,64.095184,63.504444,63.996727,51.558201,13099013
2022-04-11,64.292099,64.685921,63.110619,63.799816,51.399567,15204200
2022-04-12,63.799816,63.996727,63.307533,63.89827,51.478882,13855916
2022-04-13,64.292099,64.489014,63.996727,64.390556,51.875484,14860767
2022-04-14,64.390556,64.489014,63.701359,63.701359,51.32024,10936093
2022-04-15,63.405991,63.504444,62.81525,63.012161,50.764992,12943168
2022-04-18,62.716793,62.81525,61.535316,61.830685,49.813148,13876252
2022-04-19,62.22451,62.913708,61.732227,61.732227,49.733826,13942787
2022-04-20,62.22451,62.913708,61.830685,62.913708,50.685673,17198148
2022-04-21,62.716793,62.913708,62.126053,62.913708,50.685673,15850692
2022-04-22,62.22451,63.209076,62.126053,63.209076,50.923637,19169769
2022-04-25,62.519878,62.81525,61.929142,62.81525,50.606354,22063347
2022-04-26,62.421425,63.012161,62.421425,63.012161,50.764992,14189338
2022-04-27,62.027596,62.22451,61.043034,61.043034,49.178589,21629798
2022-04-28,61.043034,61.535316,60.353836,61.141487,49.257908,24222091
2022-04-29,61.338402,61.732227,61.338402,61.535316,49.575191,10450448
2022-05-03,61.535316,61.535316,60.846119,61.338402,49.41655,8219379
2022-05-04,61.436859,62.126053,61.436859,61.929142,49.892471,8695837
2022-05-05,62.22451,62.322968,61.239944,61.338402,49.41655,30823654
2022-05-06,60.156925,60.649204,59.861553,60.255379,48.544025,23884130
2022-05-09,59.36927,59.467728,57.597054,57.793968,46.561024,37030768
2022-05-10,56.710945,57.400143,56.415577,57.104771,46.005775,38801184
2022-05-11,56.710945,56.809402,55.135643,55.332554,44.578011,38739741
2022-05-12,54.446445,54.938728,53.264969,53.264969,42.912289,47694696
2022-05-13,53.855709,54.249535,52.772686,53.461884,43.07093,38582173
2022-05-16,53.757252,53.757252,51.886578,52.37886,42.198402,29255229
2022-05-17,52.575771,52.674229,51.689663,51.78812,41.722481,32610694
2022-05-18,51.78812,53.757252,51.689663,53.264969,42.912289,36608835
2022-05-19,52.181946,52.37886,51.78812,51.886578,41.801804,25444245
2022-05-20,52.575771,52.674229,51.985035,52.083488,41.960442,16717178
2022-05-23,52.575771,52.575771,51.197384,51.492752,41.48452,21851037
2022-05-24,51.78812,52.181946,51.197384,51.197384,41.246559,28166115
2022-05-25,51.197384,51.295837,49.917446,50.606644,40.770638,43772604
2022-05-26,50.902012,51.689663,50.508186,50.705097,40.849957,34622073
2022-05-27,51.197384,52.181946,51.098927,51.78812,41.722481,30660977
2022-05-30,52.37886,53.363426,52.280403,53.166512,42.832966,27662701
2022-05-31,53.363426,54.840275,52.674229,54.840275,44.181416,42120792
2022-06-01,54.05262,54.347988,53.461884,53.855709,43.38821,27593032
2022-06-02,53.461884,53.855709,52.969601,53.658794,43.229568,18244024
2022-06-06,53.461884,54.151077,53.166512,53.954163,43.467525,13978933
2022-06-07,53.855709,54.347988,53.461884,53.954163,43.467525,17222277
2022-06-08,54.347988,54.347988,53.855709,53.954163,43.467525,14932490
2022-06-09,53.757252,54.151077,53.560337,53.954163,43.467525,15461043
2022-06-10,53.560337,54.05262,53.264969,53.954163,43.467525,11193401
2022-06-13,52.772686,53.166512,52.280403,52.969601,42.674328,22637022
2022-06-14,52.772686,53.068054,52.37886,52.575771,42.357044,17399724
2022-06-15,52.575771,53.166512,52.477318,52.772686,42.515682,14781216
2022-06-16,53.363426,53.757252,52.772686,52.871143,42.595009,16857169
2022-06-17,51.985035,52.674229,51.886578,52.181946,42.039764,30064874
2022-06-20,52.181946,53.166512,50.606644,51.000469,41.087921,29358054
2022-06-21,51.886578,53.954163,51.591209,53.363426,42.991608,39029111
2022-06-22,53.166512,53.658794,52.181946,52.181946,42.039764,20297591
2022-06-23,52.181946,52.575771,51.591209,52.181946,42.039764,23931931
2022-06-24,53.068054,53.068054,52.37886,52.575771,42.357044,14529006
2022-06-27,52.969601,53.363426,52.674229,52.674229,42.436363,15193358
2022-06-28,52.575771,53.068054,52.477318,52.969601,42.674328,17056910
2022-06-29,51.689663,52.280403,51.591209,51.985035,41.881123,33018176
2022-06-30,51.78812,51.886578,50.114361,50.114361,40.374035,38809943
2022-07-01,50.212818,50.409729,48.93288,48.93288,39.422192,54708765
2022-07-04,44.79771,45.486904,44.305428,44.79771,38.824886,69323923
2022-07-05,45.929958,46.668385,45.142307,46.028416,39.891502,33469019
2022-07-06,46.028416,46.028416,44.108513,44.256199,38.355576,33624077
2022-07-07,44.45311,44.748482,43.517776,44.354656,38.440903,40533581
2022-07-08,44.699253,45.093079,43.862373,44.108513,38.227577,26237290
2022-07-11,44.354656,44.551567,44.108513,44.354656,38.440903,11766820
2022-07-12,43.911602,44.010056,43.123947,43.123947,37.374287,21586935
2022-07-13,44.354656,45.093079,44.354656,44.79771,38.824886,22065712
2022-07-14,44.403885,44.79771,44.108513,44.305428,38.398239,15908384
2022-07-15,44.010056,44.010056,43.419319,43.468548,37.672939,23593936
2022-07-18,43.813145,44.650024,43.714687,44.502338,38.568893,21331916
2022-07-19,44.157742,44.403885,44.010056,44.256199,38.355576,15782828
2022-07-20,44.896168,45.240765,44.157742,44.20697,38.312908,21295693
2022-07-21,44.108513,44.403885,43.517776,44.354656,38.440903,23793580
2022-07-22,44.994621,44.994621,44.010056,44.305428,38.398239,27641954
2022-07-25,44.20697,44.896168,44.059284,44.846935,38.86755,13526515
2022-07-26,44.79771,45.093079,44.502338,44.896168,38.910213,11568440
2022-07-27,44.896168,44.896168,44.305428,44.551567,38.611561,13479616
2022-07-28,44.846935,45.093079,44.699253,45.093079,39.080872,15518722
2022-07-29,45.289993,45.388447,44.79771,44.79771,38.824886,17754349
2022-08-01,44.79771,44.846935,44.502338,44.748482,38.782219,16222521
2022-08-02,44.20697,44.600796,43.862373,44.157742,38.270245,34951954
2022-08-03,44.010056,44.256199,43.813145,44.256199,38.355576,12287780
2022-08-04,44.256199,44.354656,43.960831,44.157742,38.270245,12679483
2022-08-05,44.699253,45.093079,44.600796,45.04385,39.038208,20492305
2022-08-08,44.699253,45.536133,44.551567,45.437675,39.379524,15843684
2022-08-09,45.486904,45.733047,45.191536,45.388447,39.336861,14073073
2022-08-10,45.191536,45.683819,45.04385,45.683819,39.592846,14901866
2022-08-11,45.782272,46.569927,45.782272,46.47147,40.275486,22982554
2022-08-12,46.47147,46.668385,46.274555,46.520699,40.31815,11619127
2022-08-15,46.766838,46.816067,46.422241,46.569927,40.360813,10339051
2022-08-16,46.619156,46.668385,46.373013,46.373013,40.190151,12456500
2022-08-17,46.422241,46.717609,46.323784,46.717609,40.488808,18590548
2022-08-18,46.569927,46.619156,46.323784,46.520699,40.31815,11000350
2022-08-19,46.373013,46.766838,46.373013,46.766838,40.531471,7806451
2022-08-22,46.373013,46.47147,46.126873,46.176102,40.019497,8201591
2022-08-23,45.831501,45.88073,45.585361,45.63459,39.550186,13694575
2022-08-24,45.733047,45.979187,45.486904,45.63459,39.550186,9919466
2022-08-25,45.63459,46.126873,45.63459,45.831501,39.72084,11555931
2022-08-26,46.126873,46.274555,45.929958,46.028416,39.891502,10029331
2022-08-29,44.699253,45.04385,44.502338,44.896168,38.910213,24752959
2022-08-30,44.403885,44.551567,43.665459,43.763916,37.928925,61307097
2022-08-31,43.567001,44.108513,43.419319,43.862373,38.014256,25861917
2022-09-01,43.419319,43.960831,43.320862,43.862373,38.014256,28249263
2022-09-02,43.665459,43.714687,43.37009,43.37009,37.587608,25487883
2022-09-05,43.37009,43.665459,43.222404,43.37009,37.587608,18199033
2022-09-06,43.517776,43.911602,43.419319,43.567001,37.758263,13905793
2022-09-07,43.320862,43.320862,42.434753,42.483982,36.819641,38851978
2022-09-08,42.680893,42.77935,42.385525,42.483982,36.819641,26616181
2022-09-12,43.173176,43.419319,42.927036,43.37009,37.587608,24566896
2022-09-13,43.419319,43.517776,42.976265,42.976265,37.246292,31876489
2022-09-14,41.991699,42.336296,41.893242,42.188614,36.56366,35139619
2022-09-15,42.237839,42.77935,41.991699,42.434753,36.776981,17428617
2022-09-16,42.040928,42.385525,41.942471,42.139381,36.520992,29687085
2022-09-19,42.287067,42.336296,41.991699,42.090157,36.478325,14889021
2022-09-20,42.385525,42.582439,42.287067,42.385525,36.734314,13104514
2022-09-21,42.385525,42.385525,41.844013,41.893242,36.307667,16482739
2022-09-22,41.400959,41.400959,40.662537,41.007133,35.5397,39030847
2022-09-23,40.908676,41.548645,40.908676,41.450188,35.923687,15351743
2022-09-26,41.154819,41.450188,40.514851,40.859447,35.411709,26192202
2022-09-27,40.957905,41.154819,40.31794,40.31794,34.942402,25032696
2022-09-28,40.465622,40.514851,39.185688,39.185688,33.961109,43891769
2022-09-29,39.579514,39.677971,39.136459,39.530285,34.259766,33325179
2022-09-30,38.89032,39.333374,38.594948,39.333374,34.089104,39963995
2022-10-03,38.791862,38.841091,38.398037,38.398037,33.278473,26743090
2022-10-04,38.841091,39.038006,38.29958,38.939548,33.747787,29038761
2022-10-05,39.628742,40.711765,39.579514,40.121025,34.77174,37795227
2022-10-06,40.564079,40.564079,39.92411,40.170254,34.814404,15835427
2022-10-07,40.121025,40.268711,39.7272,39.874886,34.558414,16600789
2022-10-11,39.087231,39.333374,38.742634,38.988773,33.790451,33677621
2022-10-12,38.988773,39.284145,38.496494,38.939548,33.747787,21923607
2022-10-13,38.545719,38.742634,36.822731,36.87196,31.955866,79819802
2022-10-14,37.561157,37.905754,37.068874,37.068874,32.126526,37620037
2022-10-17,36.921188,37.413471,36.281219,37.068874,32.126526,33242905
2022-10-18,37.364243,37.708839,36.921188,37.561157,32.553173,26680073
2022-10-19,37.561157,37.905754,37.364243,37.708839,32.681168,25570695
2022-10-20,36.822731,37.511929,36.527363,37.265785,32.297184,31352470
2022-10-21,36.724277,36.724277,35.690483,35.985851,31.187902,49699759
2022-10-24,36.428905,36.822731,36.281219,36.428905,31.571888,18929719
2022-10-25,36.724277,37.068874,36.428905,36.921188,31.998533,20245957
2022-10-26,37.315014,38.151894,37.068874,37.905754,32.85183,28225258
2022-10-27,38.102669,38.496494,37.905754,37.905754,32.85183,23572519
2022-10-28,37.954983,38.004211,37.413471,37.659615,32.638508,22875297
2022-10-31,37.856525,37.905754,37.216557,37.216557,32.25452,18870309
2022-11-01,37.216557,37.561157,37.019646,37.511929,32.510513,14234641
2022-11-02,37.216557,37.905754,37.118103,37.905754,32.85183,16929725
2022-11-03,37.413471,38.250351,37.364243,38.250351,33.150478,20010552
2022-11-04,37.954983,38.348808,37.807297,38.348808,33.235806,14694349
2022-11-07,38.644176,38.939548,38.447266,38.939548,33.747787,16339389
2022-11-08,39.136459,39.284145,38.791862,39.087231,33.875778,17955689
2022-11-09,39.185688,39.530285,38.939548,39.530285,34.259766,22344075
2022-11-10,39.333374,39.382603,38.939548,39.038006,33.833118,20519143
2022-11-11,40.170254,41.35173,40.071796,41.253277,35.753029,60458418
2022-11-14,41.35173,41.450188,40.957905,41.105591,35.625034,40096408
2022-11-15,41.105591,41.794785,40.908676,41.745556,36.179672,27928936
2022-11-16,41.647102,41.745556,40.957905,41.056362,35.582367,23995298
2022-11-17,41.056362,41.056362,40.465622,40.908676,35.454372,15766053
2022-11-18,40.859447,41.597874,40.76099,41.253277,35.753029,14323440
2022-11-21,41.253277,41.548645,40.908676,41.450188,35.923687,19213684
2022-11-22,41.204048,41.548645,40.662537,41.548645,36.009014,23592233
2022-11-23,41.696327,42.139381,41.450188,42.090157,36.478325,21468926
2022-11-24,42.237839,42.287067,41.893242,41.893242,36.307667,21670318
2022-11-25,41.893242,42.336296,41.794785,41.893242,36.307667,23998527
2022-11-28,41.548645,41.794785,41.056362,41.35173,35.838356,24584453
2022-11-29,41.105591,42.77935,40.711765,42.77935,37.07563,49732296
2022-11-30,42.730122,43.271633,42.434753,42.877808,37.160957,67207044
2022-12-01,43.37009,43.813145,43.074718,43.468548,37.672939,40310280
2022-12-02,43.222404,43.61623,43.074718,43.320862,37.544945,33443423
2022-12-05,43.25,43.25,42.75,42.849998,37.13686,49006682
2022-12-06,42.599998,42.650002,41.400002,41.400002,35.880192,39255654
2022-12-07,41.400002,42.099998,41.25,41.400002,35.880192,31972738
2022-12-08,41.200001,41.450001,40.700001,40.75,35.316853,29558960
2022-12-09,41.099998,41.400002,40.799999,41.099998,35.620182,24783476
2022-12-12,40.900002,41.150002,40.150002,41,35.53352,30045794
2022-12-13,41,41.349998,40.799999,40.950001,35.490189,21082407
2022-12-14,40.950001,41.200001,40.799999,40.900002,35.446854,18130576
2022-12-15,40.799999,40.799999,40.349998,40.599998,35.186852,19821067
2022-12-16,40.099998,40.5,40.049999,40.200001,34.840183,35265555
2022-12-19,40.099998,40.599998,40.049999,40.150002,34.796856,19914865
2022-12-20,40.099998,40.25,39.900002,40.150002,34.796856,30764272
2022-12-21,39.950001,40.150002,39.849998,40,34.666851,18360430
2022-12-22,40.049999,40.400002,39.950001,40.400002,35.013519,19066348
2022-12-23,40.349998,41.5,40.299999,41.150002,35.663521,33851527
2022-12-26,41.150002,41.200001,40.900002,41,35.53352,9525232
2022-12-27,41,41.299999,41,41.150002,35.663521,8263666
2022-12-28,40.849998,41.099998,40.599998,40.650002,35.230186,15973148
2022-12-29,40.5,40.599998,40.049999,40.099998,34.753517,17156465
2022-12-30,39.75,40.25,39.599998,40,34.666851,99028941
2023-01-03,40,40.099998,39.75,39.950001,34.623512,36262120
2023-01-04,39.950001,40.099998,39.950001,39.950001,34.623512,18722709
2023-01-05,40.099998,40.349998,40,40.25,34.883518,25031162
2023-01-06,40.200001,40.799999,40.150002,40.75,35.316853,20440501
2023-01-09,41.150002,42,41.150002,42,36.400192,49821974
2023-01-10,41.950001,41.950001,41.400002,41.700001,36.140194,21260377
2023-01-11,41.599998,41.700001,41.400002,41.400002,35.880192,15922470
2023-01-12,41.700001,41.900002,41.599998,41.700001,36.140194,17638695
2023-01-13,41.849998,42.299999,41.75,41.799999,36.226856,25102239
2023-01-16,42,42.099998,41.700001,41.75,36.183525,24124139
2023-01-17,41.799999,42.099998,41.599998,42,36.400192,28387180
2023-01-30,42.950001,43.150002,42.200001,42.700001,37.006859,45077920
2023-01-31,42.700001,42.799999,42.450001,42.549999,36.876858,33914616
2023-02-01,42.799999,43,42.650002,43,37.266865,27631578
2023-02-02,43.450001,44.299999,43.400002,44.049999,38.176868,46116655
2023-02-03,44.200001,44.200001,43.25,43.299999,37.526863,25806690
2023-02-06,43.150002,43.200001,42.599998,42.650002,36.963528,23712390
2023-02-07,42.900002,43.200001,42.700001,42.799999,37.093525,14828772
2023-02-08,42.900002,43,42.700001,42.849998,37.13686,12564973
2023-02-09,42.549999,42.799999,42.5,42.599998,36.920193,11112472
2023-02-10,42.5,42.799999,42.349998,42.650002,36.963528,13818734
2023-02-13,42.549999,42.950001,42.25,42.900002,37.180199,11543802
2023-02-14,43.200001,43.75,42.950001,43.599998,37.786865,21471857
2023-02-15,43.549999,43.700001,42.799999,42.950001,37.223526,23632490
2023-02-16,43.099998,43.25,42.849998,43.049999,37.310196,13182991
2023-02-17,43.400002,44.049999,43.349998,44,38.133533,32921863
2023-02-20,44,44.5,44,44.450001,38.523537,29828106
2023-02-21,44.25,44.25,43.549999,43.849998,38.003529,18862394
2023-02-22,43.450001,43.5,43.150002,43.349998,37.570198,18059708
2023-02-23,43.25,43.549999,43.200001,43.299999,37.526863,18150375
2023-02-24,43.299999,43.599998,43.200001,43.450001,37.656864,22078754
2023-03-01,43.349998,43.549999,42.599998,42.75,37.050194,33761315
2023-03-02,43.200001,43.200001,42.599998,43,37.266865,11518689
2023-03-03,43,43.200001,42.900002,42.900002,37.180199,10256714
2023-03-06,43.299999,43.75,43.200001,43.599998,37.786865,18232571
2023-03-07,43.700001,43.849998,43.5,43.75,37.916866,13610621
2023-03-08,43.400002,43.75,43.299999,43.75,37.916866,13887937
2023-03-09,43.700001,43.75,43.549999,43.650002,37.8302,17501952
2023-03-10,43.150002,43.150002,42.599998,42.700001,37.006859,36595335
2023-03-13,42.299999,42.400002,42,42.299999,36.660191,24359425
2023-03-14,41.849998,41.849998,41.5,41.549999,36.010189,32604644
2023-03-15,41.700001,42,41.5,41.5,35.966858,16185684
2023-03-16,40.950001,41,40.5,40.5,35.100185,37748248
2023-03-17,40.75,41.200001,40.75,41,35.53352,30425180
2023-03-20,40.799999,40.799999,40,40.200001,34.840183,37427141
2023-03-21,40.5,41.150002,40.400002,40.75,35.316853,19744663
2023-03-22,41.049999,41.450001,41,41.349998,35.836853,28583722
2023-03-23,41.200001,41.549999,40.900002,41.549999,36.010189,20207579
2023-03-24,41.599998,41.599998,41.200001,41.299999,35.793526,16359955
2023-03-27,41.25,41.5,41.049999,41.349998,35.836853,13583611
2023-03-28,41.549999,41.799999,41.5,41.549999,36.010189,9414909
2023-03-29,41.549999,41.849998,41.400002,41.849998,36.270191,11857019
2023-03-30,41.849998,41.900002,41.5,41.599998,36.053524,13384923
2023-03-31,41.75,41.950001,41.599998,41.799999,36.226856,19031565
2023-04-06,42,42,41.5,42,36.400192,16337101
2023-04-07,42.099998,42.400002,42,42.25,36.616859,17275200
2023-04-10,42.400002,42.650002,42.400002,42.549999,36.876858,10745497
2023-04-11,42.599998,42.650002,42.349998,42.650002,36.963528,13788419
2023-04-12,42.75,42.950001,42.700001,42.950001,37.223526,12966061
2023-04-13,42.849998,42.849998,42.5,42.599998,36.920193,16429265
2023-04-14,42.650002,43.200001,42.549999,43.150002,37.396866,17304460
2023-04-17,43.200001,43.200001,43,43.200001,37.440197,9823221
2023-04-18,43.150002,43.299999,42.75,43.099998,37.353531,10519946
2023-04-19,43.099998,43.200001,42.650002,42.75,37.050194,11476745
2023-04-20,42.650002,42.950001,42.549999,42.950001,37.223526,9960746
2023-04-21,43,43,42.349998,42.700001,37.006859,12319165
2023-04-24,42.700001,42.700001,42.400002,42.650002,36.963528,6130617
2023-04-25,42.700001,43,42.5,42.599998,36.920193,12719409
2023-04-26,42.599998,42.75,42,42.349998,36.703526,15893174
2023-04-27,42.150002,42.450001,42,42.25,36.616859,12118445
2023-04-28,42.049999,42.75,42,42.450001,36.790195,18216849
2023-05-02,42.450001,42.5,41.900002,42.5,36.833527,16420228
2023-05-03,42.400002,42.450001,42.099998,42.400002,36.746861,10605485
2023-05-04,42.349998,42.5,42.099998,42.5,36.833527,9481638
2023-05-05,42.5,42.650002,42.349998,42.650002,36.963528,7100017
2023-05-08,42.799999,43.049999,42.650002,43.049999,37.310196,15192178
2023-05-09,43.099998,43.5,43,43.5,37.700199,18349309
2023-05-10,43.5,43.5,42.799999,43.049999,37.310196,14564134
2023-05-11,43.349998,43.700001,43.25,43.700001,37.873531,28023936
2023-05-12,43.549999,43.549999,42.650002,42.650002,36.963528,29438019
2023-05-15,42.700001,43.450001,42.400002,43.349998,37.570198,18152104
2023-05-16,43.5,43.75,43.25,43.599998,37.786865,18751956
2023-05-17,43.599998,44,43.400002,43.950001,38.090199,25528000
2023-05-18,44,44.450001,43.950001,44.400002,38.480202,29543448
2023-05-19,44.599998,45.200001,44.549999,45.150002,39.130207,41659765
2023-05-22,45.150002,45.5,45.099998,45.150002,39.130207,17778147
2023-05-23,45.150002,45.400002,44.700001,44.799999,38.82687,19972619
2023-05-24,44.349998,44.849998,44.349998,44.799999,38.82687,17478431
2023-05-25,44.450001,44.700001,44,44.049999,38.176868,20369273
2023-05-26,43.900002,44.25,43.75,43.900002,38.046867,20704856
2023-05-29,44.400002,45.5,44.400002,44.75,38.783535,37145398
2023-05-30,45,45.099998,44.450001,44.5,38.566868,23260588
2023-05-31,44.549999,44.950001,44.299999,44.299999,38.393536,80393531
2023-06-01,44.5,44.700001,43.799999,44,38.133533,20928655
2023-06-02,44.150002,44.450001,44.049999,44.450001,38.523537,17058006
2023-06-05,44.599998,45.700001,44.549999,45.25,39.216869,32917974
2023-06-06,45.25,45.450001,45.049999,45.25,39.216869,13731614
2023-06-07,45.400002,45.5,45,45.400002,39.346878,23312321
2023-06-08,45.450001,45.450001,44.200001,44.599998,38.65353,34071418
2023-06-09,44.849998,44.849998,44.400002,44.599998,38.65353,21635659
2023-06-12,44.700001,44.849998,44,44.049999,38.176868,21800246
2023-06-13,44.200001,44.400002,43.950001,44.099998,38.220196,23638511
2023-06-14,44.150002,44.799999,44.150002,44.599998,38.65353,16789455
2023-06-15,44.599998,44.650002,44.200001,44.349998,38.436863,12119675
2023-06-16,44.299999,44.349998,43.900002,43.900002,38.046867,24570934
2023-06-19,44,44.099998,43.650002,43.900002,38.046867,16692295
2023-06-20,44,44.349998,43.900002,44.349998,38.436863,10247909
2023-06-21,44.25,44.5,44.099998,44.400002,38.480202,11590110
2023-06-26,44.25,44.299999,44,44.049999,38.176868,17185863
2023-06-27,44.049999,44.299999,43.900002,44.150002,38.263535,16924994
2023-06-28,43.5,43.75,43.400002,43.650002,38.617416,15068336
2023-06-29,43.75,43.799999,43.400002,43.400002,38.39624,15716145
2023-06-30,43.400002,43.599998,43.150002,43.150002,38.175064,15881738
2023-07-03,43.200001,43.400002,43.150002,43.299999,38.30777,8134440
2023-07-04,43.299999,43.349998,43.049999,43.049999,38.086594,11577180
2023-07-05,43.099998,43.450001,43.099998,43.200001,38.219299,9733788
2023-07-06,43.200001,43.200001,42.299999,42.5,37.600002,26912105
2023-07-07,42.25,42.349998,42.049999,42.25,37.378826,16602621
2023-07-10,42.25,43,42.25,42.650002,37.732712,14095730
2023-07-11,43.200001,43.799999,43.200001,43.599998,38.573181,19651215
2023-07-12,43.299999,44,43.299999,44,38.927063,19508653
2023-07-13,44.200001,44.349998,43.599998,43.599998,38.573181,16725095
2023-07-14,43.849998,44.099998,43.700001,44.099998,39.01553,11994107
2023-07-17,44.150002,45,44.049999,45,39.811768,29110411
2023-07-18,45,45.349998,44.75,45.049999,39.856003,26102858
2023-07-19,45.200001,45.25,44.25,44.5,39.369415,18779128
2023-07-20,44.700001,44.950001,44.549999,44.75,39.590591,12763397
2023-07-21,44.599998,44.75,44.349998,44.400002,39.280945,11636064
2023-07-24,44.400002,44.400002,44,44.200001,39.104004,10978625
2023-07-25,44.299999,44.599998,44.200001,44.549999,39.413647,10788878
2023-07-26,44.75,45.5,44.700001,45.349998,40.121418,32222042
2023-07-27,45.549999,46,45.5,46,40.696476,35398258
2023-07-28,45.799999,45.849998,45.5,45.75,40.4753,12630957
2023-07-31,46,46.400002,45.650002,45.75,40.4753,28797783
2023-08-01,46.150002,47.25,46,47.25,41.802361,40192967
2023-08-02,46.900002,46.950001,45.900002,46.200001,40.873417,36911632
2023-08-04,46.700001,46.75,46.200001,46.299999,40.961887,22771230
2023-08-07,46.299999,46.700001,46.25,46.450001,41.094593,13494754
2023-08-08,46.700001,47.200001,46.599998,47.049999,41.625416,25045558
2023-08-09,46.950001,46.950001,46.400002,46.450001,41.094593,16636529
2023-08-10,46.5,46.849998,46.400002,46.599998,41.227295,13527840
2023-08-11,47,47.099998,46.349998,46.450001,41.094593,16249119
2023-08-14,46.150002,46.150002,44.900002,45.400002,40.165657,22526024
2023-08-15,45.400002,45.599998,45.299999,45.400002,40.165657,11646302
2023-08-16,45.049999,45.349998,44.650002,45.099998,39.900238,17591979
2023-08-17,44.75,45.549999,44.5,45.299999,40.077183,14693346
2023-08-18,45.049999,45.450001,44.799999,45.200001,39.988712,11066174
2023-08-21,45.25,45.450001,45.150002,45.400002,40.165657,7896093
2023-08-22,45.450001,45.5,44.799999,45,39.811768,10336363
2023-08-23,44.849998,45,44.5,44.700001,39.546356,14429337
2023-08-24,44.700001,44.849998,44.200001,44.650002,39.502121,19201425
2023-08-25,44.400002,44.700001,44.200001,44.5,39.369415,9162423
2023-08-28,44.5,45.400002,44.5,45.400002,40.165657,13192888
2023-08-29,45.599998,46.049999,45.450001,46.049999,40.740711,13665900
2023-08-30,46.099998,46.150002,45.75,46.099998,40.784946,10934619
2023-08-31,46.049999,46.049999,45.599998,45.599998,40.342594,22654901
2023-09-01,45.849998,46.799999,45.75,46.599998,41.227295,19193548
2023-09-04,46.599998,46.700001,46.25,46.650002,41.271534,7298639
2023-09-05,46.650002,46.799999,46.299999,46.450001,41.094593,7849485
2023-09-06,46.5,46.549999,45.75,45.799999,40.519535,15153174
2023-09-07,45.700001,45.799999,45.450001,45.700001,40.431065,7077882
2023-09-08,45.599998,46.299999,45.599998,46.299999,40.961887,8230642
2023-09-11,46.299999,46.549999,46,46.549999,41.183064,9322089
2023-09-12,46.549999,46.650002,46.099998,46.650002,41.271534,12274928
2023-09-13,46.5,46.75,46.5,46.75,41.360008,7921298
2023-09-14,46.849998,47,46.599998,46.900002,41.492714,13347312
2023-09-15,46.900002,46.900002,46.599998,46.650002,41.271534,18166631
2023-09-18,46.599998,46.599998,46.299999,46.400002,41.050358,9915365
2023-09-19,46.450001,46.599998,46.299999,46.349998,41.006123,12155578
2023-09-20,46.299999,46.349998,45.650002,45.700001,40.431065,19194476
2023-09-21,45.5,45.549999,44.700001,44.900002,39.723301,25786769
2023-09-22,44.849998,45,44.549999,44.700001,39.546356,14849503
2023-09-25,44.75,45,44.599998,44.849998,39.679062,12515932
2023-09-26,44.700001,44.849998,44.400002,44.450001,39.32518,13592490
2023-09-27,44.299999,44.700001,44.200001,44.599998,39.457882,12826800
2023-09-28,44.599998,44.950001,44.549999,44.549999,39.413647,11709653
2023-10-02,44.650002,44.75,44.450001,44.5,39.369415,9808027
2023-10-03,44.200001,44.299999,44,44,38.927063,16489470
2023-10-04,43.849998,43.950001,43.5,43.549999,38.528946,24415074
2023-10-05,43.549999,44.150002,43.400002,44.049999,38.971298,13315708
2023-10-06,44.25,44.599998,44.150002,44.549999,39.413647,8311526
2023-10-11,45.049999,45.950001,44.950001,45.950001,40.652241,33041627
2023-10-12,45.950001,46.150002,45.5,46.150002,40.829182,17947151
2023-10-13,45.849998,45.849998,45.299999,45.299999,40.077183,16023433
2023-10-16,45.049999,45.5,45,45.5,40.254124,7411565
2023-10-17,45.549999,45.599998,45.150002,45.25,40.032944,8336233
2023-10-18,45.5,45.599998,45.200001,45.599998,40.342594,20529787
2023-10-19,45.200001,45.349998,44.849998,45.099998,39.900238,13146819
2023-10-20,44.599998,44.950001,43.75,44.700001,39.546356,26926642
2023-10-23,44.450001,44.799999,44,44.099998,39.01553,14983219
2023-10-24,44.099998,44.349998,43.849998,44.150002,39.059769,9559466
2023-10-25,44.200001,44.349998,44.099998,44.150002,39.059769,6332569
2023-10-26,43.75,44.200001,43.549999,43.849998,38.794353,10856280
2023-10-27,43.950001,44.400002,43.900002,44.200001,39.104004,5915192
2023-10-30,44.200001,44.400002,43.75,43.950001,38.882828,13371272
2023-10-31,44.25,44.25,43.849998,43.900002,38.838593,9158146
2023-11-01,44.200001,44.5,44,44.299999,39.192474,9333175
2023-11-02,44.700001,44.950001,44.549999,44.849998,39.679062,14387892
2023-11-03,45,45.349998,44.799999,45.349998,40.121418,11132598
2023-11-06,45.650002,45.700001,45.25,45.349998,40.121418,11837901
2023-11-07,45.200001,45.25,44.950001,45.200001,39.988712,8921848
2023-11-08,45.400002,45.400002,45,45.049999,39.856003,5428905
2023-11-09,45.150002,45.200001,44.950001,45.150002,39.944477,5283630
2023-11-10,44.799999,45.099998,44.799999,44.950001,39.767536,5174134
2023-11-13,45.450001,45.799999,45.200001,45.25,40.032944,13826876
2023-11-14,45.549999,45.75,45.349998,45.450001,40.209888,17268934
2023-11-15,45.900002,46,45.450001,45.75,40.4753,22992419
2023-11-16,45.799999,45.849998,45.5,45.650002,40.386833,17524774
2023-11-17,45.549999,45.950001,45.549999,45.799999,40.519535,16173201
2023-11-20,46,46,45.450001,45.700001,40.431065,10582199
2023-11-21,45.75,46.450001,45.75,46.150002,40.829182,27290008
2023-11-22,46.099998,46.299999,46.049999,46.299999,40.961887,10383618
2023-11-23,46.400002,46.5,46.150002,46.299999,40.961887,12747824
2023-11-24,46.400002,46.5,46.099998,46.299999,40.961887,7185740
2023-11-27,46.099998,46.650002,45.650002,45.75,40.4753,16042874
2023-11-28,45.700001,46.049999,45.549999,46,40.696476,18068603
2023-11-29,45.849998,46.099998,45.75,45.75,40.4753,11989238
2023-11-30,45.849998,46.5,45.75,46.5,41.138828,33581478
2023-12-01,46.25,46.25,45.900002,46.049999,40.740711,13828296
2023-12-04,46.349998,46.400002,46,46.25,40.917652,12839352
2023-12-05,45.900002,45.950001,45.400002,45.549999,40.298359,22178333
2023-12-06,45.549999,45.799999,45.400002,45.450001,40.209888,14764383
2023-12-07,45.299999,45.400002,44.799999,45,39.811768,22523861
2023-12-08,45,45.200001,44.799999,44.849998,39.679062,20276648
2023-12-11,44.849998,44.950001,44.75,44.849998,39.679062,13732183
2023-12-12,44.75,44.849998,44.599998,44.75,39.590591,16838581
2023-12-13,44.75,44.900002,44.599998,44.700001,39.546356,15653415
2023-12-14,45.349998,45.950001,45.150002,45.900002,40.608006,37739504
2023-12-15,46.049999,46.099998,45.599998,45.849998,40.56377,29841765
2023-12-18,45.599998,45.650002,45.25,45.5,40.254124,10665285
2023-12-19,45.349998,45.400002,44.849998,44.900002,39.723301,19170782
2023-12-20,45.049999,45.099998,44.799999,44.849998,39.679062,16947070
2023-12-21,44.599998,44.799999,44.599998,44.700001,39.546356,11045862
2023-12-22,44.700001,44.849998,44.599998,44.650002,39.502121,12753891
2023-12-25,44.799999,45.099998,44.700001,44.849998,39.679062,9367581
2023-12-26,45,45.299999,44.950001,45.200001,39.988712,9292816
2023-12-27,45.25,45.5,45.150002,45.450001,40.209888,12547679
2023-12-28,45.450001,45.799999,45.349998,45.799999,40.519535,15438371
2023-12-29,45.75,45.799999,45.5,45.75,40.4753,14718236
2024-01-02,45.599998,45.599998,45.25,45.5,40.254124,8594338
2024-01-03,45.049999,45.25,44.799999,44.950001,39.767536,16720297
2024-01-04,44.849998,44.950001,44.700001,44.700001,39.546356,13536046
2024-01-05,44.700001,44.950001,44.700001,44.849998,39.679062,9460556
2024-01-08,44.900002,45.5,44.849998,45.099998,39.900238,14758089
2024-01-09,45.099998,45.25,44.75,44.75,39.590591,12202162
2024-01-10,45,45.099998,44.700001,44.700001,39.546356,7485398
2024-01-11,44.599998,44.75,44.400002,44.599998,39.457882,14848145
2024-01-12,44.5,44.650002,44.5,44.5,39.369415,11633882
2024-01-15,44.650002,44.900002,44.450001,44.450001,39.32518,17671440
2024-01-16,44.299999,44.349998,43.700001,44,38.927063,29185028
2024-01-17,43.799999,43.900002,43.299999,43.299999,38.30777,37085046
2024-01-18,43.25,43.549999,43.099998,43.299999,38.30777,16805896
2024-01-19,43.150002,43.799999,43.150002,43.799999,38.750122,18578828
2024-01-22,43.900002,44,43.849998,43.849998,38.794353,9150527
2024-01-23,44.200001,44.200001,43.849998,44.200001,39.104004,10793433
2024-01-24,44.150002,44.400002,44,44.200001,39.104004,12359456
2024-01-25,44.200001,44.349998,44.150002,44.349998,39.236706,11779164
2024-01-26,44.299999,44.549999,44.25,44.5,39.369415,12814578
2024-01-29,44.299999,44.5,44.25,44.400002,39.280945,10211380
2024-01-30,44.400002,44.400002,43.900002,43.900002,38.838593,15675025
2024-01-31,43.900002,44.150002,43.799999,44.150002,39.059769,13853540
2024-02-01,44.400002,44.5,44.200001,44.450001,39.32518,11301348
2024-02-02,44.400002,44.450001,44.049999,44.099998,39.01553,9944655
2024-02-05,43.900002,44.049999,43.700001,43.900002,38.838593,17242323
2024-02-15,44,44.5,43.950001,44.049999,38.971298,18973352
2024-02-16,44.299999,44.549999,44.200001,44.549999,39.413647,10241018
2024-02-19,44.599998,45.049999,44.549999,45,39.811768,21577471
2024-02-20,45,45.099998,44.799999,45.099998,39.900238,12780176
2024-02-21,45.049999,45.049999,44.700001,44.75,39.590591,14884476
2024-02-22,44.75,44.900002,44.700001,44.900002,39.723301,9841691
2024-02-23,44.799999,44.849998,44.450001,44.450001,39.32518,14521845
2024-02-26,44.349998,44.5,44.299999,44.299999,39.192474,16996562
2024-02-27,44.299999,44.75,44.200001,44.299999,39.192474,17596584
2024-02-29,44.299999,45.049999,44.25,45.049999,39.856003,27458500
2024-03-01,45.049999,45.049999,44.650002,44.650002,39.502121,12188479
2024-03-04,44.650002,44.849998,44.599998,44.650002,39.502121,16542104
2024-03-05,44.650002,44.950001,44.650002,44.650002,39.502121,12718033
2024-03-06,44.650002,44.950001,44.549999,44.549999,39.413647,17710428
2024-03-07,44.599998,45,44.549999,44.849998,39.679062,19189914
2024-03-08,44.799999,45.299999,44.75,45.299999,40.077183,41256409
2024-03-11,45.900002,46.5,45.700001,46.049999,40.740711,52841794
2024-03-12,46.099998,46.5,46,46.5,41.138828,39706120
2024-03-13,46.549999,46.849998,46.450001,46.799999,41.404243,36295169
2024-03-14,46.900002,48.400002,46.900002,48.299999,42.731297,74186786
2024-03-15,48.5,48.5,47.299999,47.650002,42.156242,67083796
2024-03-18,47.700001,48.150002,47.25,47.549999,42.067768,25477256
2024-03-19,47.349998,48,47.150002,47.75,42.244709,20605850
2024-03-20,47.75,47.950001,47.450001,47.5,42.023533,19653760
2024-03-21,47.700001,48.650002,47.700001,48.549999,42.952477,44610683
2024-03-22,48.900002,49.299999,48.200001,48.549999,42.952477,36280103
2024-03-25,48.599998,48.599998,47.799999,48.099998,42.554356,23185710
2024-03-26,47.900002,48.450001,47.849998,48.349998,42.775532,15633362
2024-03-27,48.099998,48.349998,48.049999,48.200001,42.642826,10609472
2024-03-28,48.400002,48.450001,48,48.25,42.687061,13552454
2024-03-29,48.25,48.700001,48.150002,48.5,42.908241,11902000
2024-04-01,48.900002,49.200001,48.700001,48.950001,43.306358,19040501
2024-04-02,48.75,49.049999,48.700001,48.950001,43.306358,10606932
2024-04-03,48.75,48.75,48.049999,48.049999,42.51012,20409376
2024-04-08,48,48.5,47.75,48.349998,42.775532,14821759
2024-04-09,48.549999,49.450001,48.450001,49.450001,43.748711,38494383
2024-04-10,49.5,49.5,48.75,48.75,43.129417,28882840
2024-04-11,49.700001,50.5,49.400002,49.700001,43.969887,44039125
2024-04-12,49.650002,49.650002,48.950001,49.049999,43.394829,27730193
2024-04-15,48.75,49.299999,48.400002,48.950001,43.306358,23788713
2024-04-16,48.549999,48.799999,47.549999,47.849998,42.333179,34286492
2024-04-17,47.799999,48.150002,47.599998,47.900002,42.377419,17332692
2024-04-18,47.900002,48.650002,47.5,48.450001,42.864002,20325610
2024-04-19,47.799999,48.200001,47.049999,47.450001,41.979301,30954485
2024-04-22,47.900002,48.599998,47.75,48.400002,42.819771,22153307
2024-04-23,48.549999,48.950001,48.5,48.75,43.129417,15723227
2024-04-24,49.049999,49.5,49,49.25,43.57177,24012003
2024-04-25,48.700001,48.799999,48.349998,48.549999,42.952477,19379964
2024-04-26,48.599998,49.200001,48.599998,48.900002,43.262123,13314079
2024-04-29,49.299999,50.900002,49.25,50.799999,44.943066,54662846
2024-04-30,50.799999,51.200001,50.5,50.5,44.67765,35944685
2024-05-02,50.200001,50.700001,50,50.299999,44.50071,23499014
2024-05-03,50.400002,50.700001,50.099998,50.200001,44.412239,14900507
2024-05-06,50.599998,51.299999,50.5,50.900002,45.03154,29378952
2024-05-07,51.5,51.5,50.599998,50.900002,45.03154,17174115
2024-05-08,50.900002,51.099998,50.700001,50.900002,45.03154,14720994
2024-05-09,51.200001,52.400002,51,51.700001,45.7393,38031799
2024-05-10,53,55.5,53,55.5,49.101181,110819018
2024-05-13,56.299999,56.400002,54.700001,55.099998,48.747295,56197441
2024-05-14,55.200001,55.700001,54.200001,54.299999,48.039536,34279644
2024-05-15,55,57,54.700001,56.599998,50.07436,77902548
2024-05-16,57,57.400002,56.299999,56.400002,49.897423,59682185
2024-05-17,56.400002,56.799999,56.099998,56.400002,49.897423,31089850
2024-05-20,56.799999,56.900002,55.700001,56,49.543533,22312535
2024-05-21,55.799999,55.900002,54.599998,55.400002,49.012711,35314051
2024-05-22,55.5,56,55.299999,56,49.543533,18502022
2024-05-23,55.200001,55.400002,54.599998,54.799999,48.481888,29820556
2024-05-24,54.400002,55.299999,54.400002,54.900002,48.570358,15696064
2024-05-27,55.700001,56,55.200001,55.599998,49.189648,21737408
2024-05-28,55.599998,57.299999,55.599998,56.799999,50.251301,42788393
2024-05-29,56.799999,56.799999,55.400002,55.599998,49.189648,37270612
2024-05-30,55.5,56.700001,55.400002,55.599998,49.189648,32809994
2024-05-31,56,56.700001,55.599998,56.200001,49.720478,46587800
2024-06-03,56.599998,56.799999,56.099998,56.700001,50.16283,18443934
2024-06-04,56.299999,56.5,55.799999,56.400002,49.897423,17506522
2024-06-05,56.5,57,56.099998,56.5,49.985889,15821156
2024-06-06,56.599998,57.599998,56.599998,57.5,50.870594,43909193
2024-06-07,57.5,58.400002,57.5,58.200001,51.489891,28016517
2024-06-11,58.799999,59.700001,58.299999,58.700001,51.932243,50455531
2024-06-12,58.099998,58.400002,57.599998,57.900002,51.22448,30709932
2024-06-13,58.400002,58.799999,57.799999,58.099998,51.401417,32885334
2024-06-14,58.599998,58.599998,57.5,58.200001,51.489891,22570629
2024-06-17,58.200001,58.200001,57.400002,57.5,50.870594,19688095
2024-06-18,58,58.900002,58,58.900002,52.109184,28703145
2024-06-19,59.099998,59.299999,58.200001,59,52.197651,29967420
2024-06-20,59,60.200001,58.799999,60.099998,53.170826,43213257
2024-06-21,60.099998,60.400002,59.700001,60.099998,53.170826,44553804
2024-06-24,60.299999,60.5,59.599998,60.299999,53.347771,26401745
2024-06-25,60.799999,61.200001,60.099998,60.5,53.524712,30590909
2024-06-26,60.299999,60.5,59,59.5,52.640007,38888351
2024-06-27,58.900002,59.099998,58.299999,59.099998,52.286121,47169410
2024-06-28,59.099998,59.599998,58.599998,59,52.197651,48245179
2024-07-01,57.900002,58.099998,56.700001,58.099998,53.204975,68014318
2024-07-02,57.799999,58.5,57.400002,58.200001,53.296551,25123181
2024-07-03,58.700001,61.599998,58.599998,61.5,56.31852,82983423
2024-07-04,61.799999,62.200001,60.400002,60.700001,55.585922,54381074
2024-07-05,61.299999,61.5,60.5,61.299999,56.135372,38153115
2024-07-08,61.5,62.400002,61,62.299999,57.051117,41291332
2024-07-09,62.5,63.200001,61,62.099998,56.867966,44984901
2024-07-10,62.599998,63.700001,62.400002,63.599998,58.241592,46214319
2024-07-11,64.400002,66.099998,63.799999,65.5,59.981514,74786743
2024-07-12,65.199997,66.099998,64.599998,65.699997,60.164661,38164611
2024-07-15,66,66,64.099998,65,59.52364,33842043
2024-07-16,65.699997,65.800003,64.599998,65.400002,59.889942,33390002
2024-07-17,65.699997,66.199997,64.800003,65.300003,59.798367,39102467
2024-07-18,64.699997,65.599998,63.099998,64.199997,58.791039,48543601
2024-07-19,64.699997,64.699997,61.700001,62.599998,57.32584,52547992
2024-07-22,62.099998,62.200001,59.5,60,54.944897,47711977
2024-07-23,61.099998,61.5,60.700001,61.5,56.31852,21678619
2024-07-26,59.700001,61.700001,59.5,61.5,56.31852,37439149
2024-07-29,62.400002,63.200001,61.799999,62.700001,57.417416,30437537
2024-07-30,62.5,62.5,60.700001,61.700001,56.501671,21728973
2024-07-31,60.799999,62.799999,60.799999,62.400002,57.142693,18511247
2024-08-01,62.900002,63.099998,62.400002,62.799999,57.508991,24088468
2024-08-02,61.5,61.700001,60.599998,61.299999,56.135372,28645559
2024-08-05,59,59.200001,55.299999,55.599998,50.915604,67951804
2024-08-06,57,57.700001,54,56.099998,51.373478,47848163
2024-08-07,56.099998,58.700001,56.099998,58.599998,53.662849,41171470
2024-08-08,57.5,58.799999,57.200001,57.799999,52.930252,22098747
2024-08-09,61.299999,61.5,60.099998,60.5,55.402771,48640357
2024-08-12,61.200001,61.599998,60.400002,61,55.860645,28181159
2024-08-13,61.099998,61.5,60.599998,61.299999,56.135372,20254165
2024-08-14,61.799999,62.5,61.400002,61.900002,56.684822,27932712
2024-08-15,62.599998,62.799999,61.5,61.599998,56.410095,19576689
2024-08-16,62.599998,63.299999,62.099998,63,57.692142,40751327
2024-08-19,63.200001,63.200001,62.200001,62.299999,57.051117,19025333
2024-08-20,62.5,62.5,61.099998,61.700001,56.501671,23860267
2024-08-21,61.400002,62.200001,61.299999,61.900002,56.684822,17824051
2024-08-22,61.700001,61.799999,61,61.400002,56.226948,15049844
2024-08-23,60.700001,61.700001,60.5,61.5,56.31852,10674672
2024-08-26,62.299999,64.199997,62.200001,63.900002,58.516319,45897812
2024-08-27,63.5,63.700001,62.799999,63.099998,57.783718,24131732
2024-08-28,63.400002,63.5,62.599998,63.5,58.150017,13255685
2024-08-29,63.099998,63.400002,62.700001,63.099998,57.783718,14112990
2024-08-30,63.400002,63.700001,63,63.5,58.150017,30136194
2024-09-02,63.799999,65.199997,63.700001,64.699997,59.248909,31737202
2024-09-03,64.800003,64.800003,63.5,63.700001,58.333168,16384725
2024-09-04,61,62.200001,60.599998,61.599998,56.410095,36450780
2024-09-05,62,63.599998,61.700001,62.400002,57.142693,30481021
2024-09-06,62.200001,63.700001,61.799999,63.5,58.150017,24581221
2024-09-09,62,62.599998,61.299999,62.5,57.234268,29662372
2024-09-10,62.5,63.400002,62,62.599998,57.32584,18738850
2024-09-11,62.299999,62.900002,62.299999,62.5,57.234268,18759780
2024-09-12,63.200001,63.299999,62.5,62.900002,57.600567,19992848
2024-09-13,63.099998,63.700001,62.5,63.200001,57.875294,15437217
2024-09-16,63.299999,63.400002,62.700001,63.099998,57.783718,9224361
2024-09-18,63,63.400002,62.799999,63.200001,57.875294,12969687
2024-09-19,63.400002,64.800003,63.299999,64.800003,59.340492,34318662
2024-09-20,65,65.400002,64.5,64.699997,59.248909,40165846
2024-09-23,64.900002,65.400002,64.5,65.400002,59.889942,21522538
2024-09-24,65.5,66.5,65.300003,66.300003,60.714115,43299635
2024-09-25,67,67.099998,66.400002,67.099998,61.446705,31977429
2024-09-26,67.599998,68.599998,67.400002,68.300003,62.545612,44203669
2024-09-27,69,69,66.900002,67.5,61.813007,36299707
2024-09-30,67.400002,67.699997,66.5,66.5,60.897259,29637285
2024-10-01,66.900002,67.099998,66.199997,66.699997,61.080406,11996810
2024-10-04,66,66.900002,65.800003,66,60.439388,24322395
2024-10-07,66.599998,68,66.5,68,62.270885,29051653
2024-10-08,67.5,68.199997,67,67.699997,61.996159,24875376
2024-10-09,68.300003,68.5,67.599998,67.800003,62.087742,17309623
2024-10-11,68.599998,68.599998,67.599998,68,62.270885,21663134
2024-10-14,68,68.099998,67.099998,67.699997,61.996159,10554371
2024-10-15,67.800003,68.800003,67.5,68.800003,63.003487,28862968
2024-10-16,68,68.599998,67.400002,67.800003,62.087742,21791724
2024-10-17,67.900002,68.699997,67.900002,68.599998,62.820332,13945412
2024-10-18,68.800003,69.900002,68.5,69.800003,63.919231,42577824
2024-10-21,69.800003,69.800003,68,68.300003,62.545612,38717417
2024-10-22,68.199997,69.300003,67.800003,69.300003,63.461361,26585760
2024-10-23,69,69.400002,68.699997,69.199997,63.369778,17460484
2024-10-24,68.800003,69,68.199997,68.199997,62.454033,16149286
2024-10-25,68.5,69,68.099998,69,63.186634,11712474
2024-10-28,68.900002,69.800003,68.5,69.300003,63.461361,22253036
2024-10-29,69.199997,69.199997,68,68.5,62.72876,21295784
2024-10-30,68.800003,69,68.5,68.900002,63.095058,14846643
2024-11-01,68.099998,68.800003,67.400002,68.599998,62.820332,25933667
2024-11-04,68.599998,69.599998,68.5,69.599998,63.73608,27759924
2024-11-05,69.099998,69.800003,68.599998,69.800003,63.919231,12529086
2024-11-06,69.599998,69.699997,69,69.099998,63.278206,12043658
2024-11-07,69,70.400002,69,69.800003,63.919231,25062035
2024-11-08,70,70.199997,69.400002,69.5,63.644505,15125052
2024-11-11,69.699997,69.800003,68.099998,68.699997,62.911907,20916698
2024-11-12,67.800003,68.199997,67.199997,67.5,61.813007,40494368
2024-11-13,67.099998,67.5,66.199997,66.800003,61.171986,37216440
2024-11-14,66.5,67.099998,66.099998,66.199997,60.622532,26613329
2024-11-15,67,68.300003,66.599998,66.900002,61.263561,29043099
2024-11-18,67.300003,67.5,66.599998,67,61.355133,19670848
2024-11-19,67.300003,67.699997,66.5,67.699997,61.996159,29378666
2024-11-20,67.400002,67.400002,67.400002,67.400002,61.721432,25128583
2024-11-21,66.900002,67,66.199997,66.599998,60.988834,29047535
2024-11-22,67,67.300003,66.5,66.800003,61.171986,20542663
2024-11-25,67.400002,68,67.099998,67.300003,61.62986,45994278
2024-11-26,67.099998,67.5,66.300003,67.400002,61.721432,14985040
2024-11-27,67.099998,67.300003,66.5,66.5,60.897259,12375995
2024-11-28,66.800003,66.800003,66.099998,66.300003,60.714115,12375048
2024-11-29,65.800003,66.099998,65,65.699997,60.164661,23113400
2024-12-02,66.099998,67.699997,66,67.599998,61.904579,20298415
2024-12-03,67.900002,68.900002,67.800003,68.900002,63.095058,29913884
2024-12-04,69,69,68.400002,69,63.186634,15588054
2024-12-05,69.199997,69.300003,68.800003,69.199997,63.369778,12754696
2024-12-06,69.099998,69.199997,68.400002,68.699997,62.911907,10241647
2024-12-09,68.699997,69.400002,68.599998,69.199997,63.369778,18164014
2024-12-10,68.800003,69.199997,68.400002,68.599998,62.820332,12441774
2024-12-11,68.300003,69.199997,68,68.400002,62.637188,19996762
2024-12-12,69,69.800003,68.599998,69.599998,63.73608,36133386
2024-12-13,69.300003,69.800003,69,69.5,63.644505,13686022
2024-12-16,69.5,70.699997,69.400002,70.099998,64.193954,34902926
2024-12-17,69.599998,70,68.599998,68.599998,62.820332,24837503
2024-12-18,68.5,69.400002,68.199997,68.800003,63.003487,15857184
2024-12-19,67.5,67.699997,67.099998,67.699997,61.996159,26330204
2024-12-20,67.199997,67.699997,66.900002,67.300003,61.62986,26899589
2024-12-23,68,69,68,69,63.186634,17122496
2024-12-24,69,69.099998,68.599998,68.900002,63.095058,6153683
2024-12-25,69,69.099998,68.400002,68.699997,62.911907,5986895
2024-12-26,68.900002,69,68.400002,68.699997,62.911907,3532796
2024-12-27,68.599998,69.300003,68.5,69.300003,63.461361,10258701
2024-12-30,69.199997,69.800003,69,69.199997,63.369778,16911590
2024-12-31,68.599998,68.699997,68.099998,68.300003,62.545612,13746482
2025-01-02,68.699997,68.699997,67.300003,68,62.270885,24306565
2025-01-03,68.099998,68.300003,67.5,67.800003,62.087742,18132652
2025-01-06,68.300003,69.199997,68.099998,68.800003,63.003487,27528633
2025-01-07,69.099998,69.199997,68.300003,69.099998,63.278206,23548626
2025-01-08,68.800003,69.400002,68.599998,68.800003,63.003487,24392294
2025-01-09,68.599998,69.300003,68.300003,68.300003,62.545612,11260509
2025-01-10,67.5,67.599998,64.699997,65.099998,59.615215,79078935
2025-01-13,65,65.699997,63.599998,64.199997,58.791039,36934824
2025-01-14,64.5,65.699997,64.5,65.5,59.981514,22041903
2025-01-15,65.5,65.800003,64.599998,64.699997,59.248909,20181926
2025-01-16,65.599998,65.900002,65.300003,65.5,59.981514,14008135
2025-01-17,65.800003,66.099998,64.900002,65.5,59.981514,12841817
2025-01-20,65.699997,65.900002,65,65.099998,59.615215,9452883
2025-01-21,65.300003,66.199997,65.099998,65.900002,60.347813,10512224
2025-01-22,66.5,67.300003,66.400002,66.800003,61.171986,26391399
2025-02-03,65.099998,66.300003,64.900002,66,60.439388,22126880
2025-02-04,66.5,66.800003,65.099998,65.199997,59.706787,15388000
2025-02-05,65.900002,66.699997,65.699997,66.5,60.897259,15759429
2025-02-06,66.800003,66.900002,66.300003,66.900002,61.263561,9897240
2025-02-07,66.599998,67.199997,66.400002,66.900002,61.263561,10923854
2025-02-10,66.699997,68,66.599998,67.400002,61.721432,16377780
2025-02-11,68.099998,68.800003,68,68.5,62.72876,20866816
2025-02-12,68.599998,68.900002,68.199997,68.699997,62.911907,10202913
2025-02-13,68.599998,69,68.199997,68.699997,62.911907,13377030
2025-02-14,68.699997,69,68.400002,68.699997,62.911907,10985387
2025-02-17,68.900002,69.300003,68.800003,69,63.186634,16292304
2025-02-18,68.699997,69.199997,68.699997,69.199997,63.369778,8763605
2025-02-19,69,69.199997,68.300003,68.699997,62.911907,13330523
2025-02-20,68.699997,69,68.300003,68.800003,63.003487,13665208
2025-02-21,68.599998,69,68.599998,68.900002,63.095058,10572393
2025-02-24,68.400002,68.699997,68.400002,68.699997,62.911907,8914341
2025-02-25,68.199997,68.800003,67.800003,68.699997,62.911907,13356157
2025-02-26,68.5,69.300003,68.300003,69.199997,63.369778,15458463
2025-02-27,69,69.300003,68.400002,68.400002,62.637188,35778086
2025-03-03,68.699997,68.900002,68,68.800003,63.003487,21241927
2025-03-04,67.800003,68.199997,66.699997,67.699997,61.996159,22150783
2025-03-05,67.900002,68.5,67.900002,68.199997,62.454033,12313204
2025-03-06,68,68.699997,68,68.699997,62.911907,9201178
2025-03-07,68.300003,68.400002,67.199997,67.300003,61.62986,22302843
2025-03-10,67.199997,67.699997,66.900002,67.300003,61.62986,10298966
2025-03-11,66,66.400002,64.800003,65.900002,60.347813,33709866
2025-03-12,66,66.599998,66,66.5,60.897259,11828340
2025-03-13,66.800003,66.900002,65.900002,65.900002,60.347813,7661325
2025-03-14,66.599998,67,66,66,60.439388,14062880
2025-03-17,65.800003,66.199997,64.900002,66,60.439388,21267901
2025-03-18,66.300003,67.300003,66,66.5,60.897259,17177663
2025-03-19,66.300003,66.5,65.300003,65.300003,59.798367,16248437
2025-03-20,65.800003,66.300003,65.699997,65.900002,60.347813,10061188
2025-03-21,65.599998,65.900002,65.099998,65.099998,59.615215,19663149
2025-03-24,65.300003,65.599998,65,65,59.52364,9927289
2025-03-25,65.400002,65.699997,65,65,59.52364,11934883
2025-03-26,65.5,65.800003,65.199997,65.400002,59.889942,15073510
2025-03-27,65.099998,65.300003,64.599998,65.300003,59.798367,15022289
2025-03-28,65,65.099998,64,64,58.607891,20054064
2025-03-31,62.799999,63,61.099998,61.200001,56.043793,32601854
2025-04-01,61.5,62.099998,61.200001,61.599998,56.410095,25979079
2025-04-02,61.599998,62.299999,61.599998,61.599998,56.410095,21366759
2025-04-07,55.5,55.5,55.5,55.5,50.824028,9339145
2025-04-08,52.799999,54.799999,52.200001,54.099998,49.541981,84413483
2025-04-09,53.5,54.599998,49.5,49.5,45.32954,67600496
2025-04-10,54.400002,54.400002,54,54.400002,49.816708,20144368
2025-04-11,52.5,54.400002,52.5,54.200001,49.63356,55592542
2025-04-14,54.400002,55.700001,54.299999,54.5,49.908283,39368302
2025-04-15,54.799999,56.200001,54.599998,56,51.281906,23705441
2025-04-16,55.099998,55.5,54.5,54.799999,50.183006,22269928
2025-04-17,54.5,54.5,53.599998,53.900002,49.358833,24874782
2025-04-18,53.599998,54,53.200001,53.599998,49.084106,26241533
2025-04-21,53.799999,54.200001,53.299999,54.099998,49.541981,16911194
2025-04-22,53.099998,53.5,52,52.5,48.076786,31953772
2025-04-23,53.599998,53.599998,52.799999,53.599998,49.084106,26448029
2025-04-24,53.700001,53.799999,52.900002,53.5,48.992531,23118104
2025-04-25,54,54.799999,53.799999,54.099998,49.541981,26733950
2025-04-28,54.799999,55,54.299999,54.599998,49.999855,13700391
2025-04-29,54.599998,55.700001,54.299999,55.700001,51.007179,29605110
2025-04-30,58.400002,59.400002,57.700001,58.5,53.571274,70499043
2025-05-02,58.5,58.900002,58.099998,58.700001,53.754425,38292253
2025-05-05,55.099998,55.400002,53.299999,54.700001,50.091431,95368983
2025-05-06,53.900002,56.200001,53.599998,55.900002,51.190334,64400064
2025-05-07,55.700001,56.200001,54.799999,56.200001,51.465057,45137412
2025-05-08,55.099998,56.200001,55.099998,55.200001,50.549305,52583859
2025-05-09,54.599998,55.5,54.200001,55.200001,50.549305,55895645
2025-05-12,55,56.200001,55,56.099998,51.373478,38040502
2025-05-13,57.299999,58.400002,56.900002,57.900002,53.021828,54663954
2025-05-14,58.599998,59.299999,58.400002,58.799999,53.845997,38045887
2025-05-15,59.299999,59.900002,58.900002,59.599998,54.578598,43348358
2025-05-16,59.900002,63,59.599998,63,57.692142,74886943
2025-05-19,61.5,62.299999,60.400002,60.5,55.402771,50035510
2025-05-20,60.799999,62.200001,60.799999,61.5,56.31852,35187628
2025-05-21,61.700001,64,61.599998,63.5,58.150017,67276671
2025-05-22,62.200001,66.099998,62,65.599998,60.073086,98102551
2025-05-23,65,67.199997,65,65.699997,60.164661,69220745
2025-05-26,65.400002,66.5,63,63,57.692142,99601144
2025-05-27,62.599998,64.599998,61.599998,62.200001,56.959545,140946039
2025-05-28,62.599998,63,61.200001,61.200001,56.043793,134231696
2025-05-29,61.599998,62.400002,59.799999,59.799999,54.761749,210093481
2025-06-02,59.700001,60.900002,58.799999,60.400002,55.311199,149784569
2025-06-03,60.099998,63.900002,60,63.900002,58.516319,175849378
2025-06-04,63,67.699997,61.799999,64.699997,59.248909,276557834
2025-06-05,64.300003,67.199997,64.300003,66.099998,60.53096,169990897
2025-06-06,64.900002,67.5,64.800003,66.300003,60.714115,194544529
2025-06-09,66.5,67.800003,66.5,67.699997,61.996159,165372356
2025-06-10,67.699997,67.900002,66,66,60.439388,126958023
2025-06-11,66.400002,68.400002,64.099998,68.400002,62.637188,186969872
2025-06-12,67.099998,68.5,66.5,68.5,62.72876,146977203
2025-06-13,67.5,69.5,67.099998,69,63.186634,133217588
2025-06-16,68.699997,69.5,67.099998,67.300003,61.62986,61016699
2025-06-17,67.300003,68.199997,65.699997,65.699997,60.164661,67972090
2025-06-18,66.300003,67.400002,65.699997,67.300003,61.62986,59602690
2025-06-19,66.5,66.900002,65.599998,66.199997,60.622532,43094453
2025-06-20,66.199997,66.300003,65.300003,65.599998,60.073086,42370749
2025-06-23,65,65.900002,64.699997,65.900002,60.347813,31718301
2025-06-24,66.199997,66.699997,65.699997,66.5,60.897259,34402132
2025-06-25,66.900002,67,66.199997,66.5,60.897259,38576800
2025-06-26,66.400002,66.800003,66.199997,66.699997,61.080406,41927490
2025-06-27,66.5,67.900002,66,67.900002,62.179314,84433352
2025-06-30,63.799999,63.799999,62.5,62.799999,60.63448,58096172
2025-07-01,62.799999,64.699997,62.799999,63.400002,61.213795,42222231
2025-07-02,63.400002,63.700001,62.599998,62.599998,60.441376,25575977
2025-07-03,62.700001,63.200001,62.599998,62.700001,60.53793,23304415
2025-07-04,63,63,61.5,61.5,59.379311,22756608
2025-07-07,61.900002,62.299999,61.5,61.799999,59.668964,26239515
2025-07-08,61.700001,62.200001,61.200001,61.599998,59.475861,18648777
2025-07-09,61.200001,62,61.099998,61.099998,58.993099,17134414
2025-07-10,60.900002,62.900002,60.799999,62.700001,60.53793,26695923
2025-07-11,62.599998,63.799999,62.400002,62.5,60.344826,20567067
2025-07-14,63,63.700001,62.799999,63.200001,61.020691,28794836
2025-07-15,63.099998,63.400002,62.700001,63.099998,60.924137,16759222
2025-07-16,62.599998,63.700001,62.599998,63.5,61.310345,28809256
2025-07-17,63.599998,64,63.099998,63.099998,60.924137,29461954
2025-07-18,63,63.5,62.5,62.599998,60.441376,20613253
2025-07-21,62.700001,63.099998,62.200001,62.299999,60.151722,20142877
2025-07-22,62.700001,62.900002,61.5,61.700001,59.572414,22811435
2025-07-23,62.299999,62.799999,61.900002,62.700001,60.53793,22781398
2025-07-24,62.700001,62.900002,62.099998,62.599998,60.441376,13566107
2025-07-25,62.200001,62.799999,62.099998,62.599998,60.441376,13430671
2025-07-28,62.599998,62.900002,61.799999,61.900002,59.765518,17872370
2025-07-29,61.900002,62.099998,61.299999,61.299999,59.186207,14650021
2025-07-30,61.599998,62.200001,61.400002,61.5,59.379311,12836092
2025-07-31,61.299999,61.400002,60.900002,60.900002,58.799999,17930528
2025-08-04,60.799999,62.5,60.599998,62.5,60.344826,26126663
2025-08-05,62.200001,62.900002,62,62.799999,60.63448,17283090
2025-08-06,62.700001,63,62.400002,62.700001,60.53793,18457373
2025-08-07,62.799999,63.400002,62.700001,62.900002,60.731033,16564030
2025-08-08,62.799999,63.299999,62.799999,63.200001,61.020691,10368497
2025-08-11,62.900002,64,62.900002,63.900002,61.696552,16382581
2025-08-12,64.099998,64.300003,63.599998,63.599998,61.406895,16208571
2025-08-13,63.900002,64.300003,63.599998,63.700001,61.503448,15368317
2025-08-14,63.700001,64.800003,63.700001,64.599998,62.37241,27447688
2025-08-15,64.599998,64.699997,64,64.699997,62.46896,13372024
2025-08-18,64.199997,64.5,63.799999,64.400002,62.17931,22487462
2025-08-19,64.099998,64.699997,64,64.199997,61.986202,15500507
2025-08-20,64.300003,64.599998,63,63.099998,60.924137,20192207
2025-08-21,63.599998,64.5,63.5,64.5,62.27586,18114412
2025-08-22,64.099998,64.300003,63.5,63.799999,61.599998,14471796
2025-08-25,64.099998,64.599998,64,64.599998,62.37241,11865865
2025-08-26,64.199997,64.5,63.400002,63.400002,61.213795,27837469
2025-08-27,63.400002,63.599998,62.599998,62.599998,60.441376,19417165
2025-08-28,63,63,62.299999,62.299999,60.151722,15592358
2025-08-29,62.299999,62.599998,61.5,61.5,59.379311,18322296
2025-09-01,61.900002,62.599998,61.799999,62.599998,60.441376,15282127
2025-09-02,62.599998,63.5,62.5,63.5,61.310345,18351078
2025-09-03,63.5,63.599998,62.900002,63.5,61.310345,9222113
2025-09-04,63.599998,64.199997,63.5,64.099998,61.889652,15063476
2025-09-05,64.099998,64.599998,63.799999,64.599998,62.37241,19432589
2025-09-08,64.5,64.5,63.799999,63.799999,61.599998,15273818
2025-09-09,64,64.300003,63.700001,64.099998,61.889652,14966579
2025-09-10,63.900002,64.900002,63.900002,64.900002,62.662067,22694241
2025-09-11,64.900002,65.300003,64.199997,64.400002,62.17931,18523916
2025-09-12,64.5,65.800003,64.5,65.5,63.241379,26625699
2025-09-15,65.199997,66.5,65.199997,65.400002,63.144829,22702020
2025-09-16,65.800003,66.199997,65.199997,66.099998,63.820686,26173648
2025-09-17,65.599998,65.699997,64.699997,65.699997,63.434479,24040590
2025-09-18,65.599998,65.599998,64.5,65,62.758621,15282654
2025-09-19,65,65.5,64.599998,65.5,63.241379,22563630
2025-09-22,65.400002,66.099998,65.300003,66,63.724136,15296636
2025-09-23,65.900002,66.300003,65.699997,66.199997,63.917236,11713911
2025-09-24,66.199997,67,65.599998,66,63.724136,14641979
2025-09-25,66,66.199997,65.599998,65.699997,63.434479,11982347
2025-09-26,65.5,65.599998,64.800003,65.099998,62.855171,10461280
2025-09-30,65.599998,65.599998,64.800003,65.599998,63.337929,20627813
2025-10-01,65.199997,66.300003,65.199997,65.300003,63.048279,15902872
2025-10-02,65.400002,66,65,65,62.758621,14445489
2025-10-03,65.699997,66,65,65,62.758621,8779000
2025-10-07,65,66,64.699997,65.199997,62.951721,16211743
2025-10-08,65.400002,65.900002,65.300003,65.300003,63.048279,13282302
2025-10-09,65.699997,66.599998,65.599998,66.400002,64.110344,25972942
2025-10-13,66.300003,66.300003,65.099998,65.300003,63.048279,19110126
2025-10-14,65.400002,66.900002,65.400002,65.5,63.241379,25539114
2025-10-15,65.800003,66.400002,65.400002,66.400002,64.110344,27746495
2025-10-16,66.199997,67.099998,65.800003,65.800003,63.531036,23579253
2025-10-17,65.800003,66.099998,65.099998,65.199997,62.951721,15123134
2025-10-20,65.599998,66.099998,65.099998,65.300003,63.048279,8352997
2025-10-21,65.800003,66.699997,65.599998,65.699997,63.434479,18396940
2025-10-22,65.900002,66.199997,65.599998,65.699997,63.434479,13493531
2025-10-23,65.599998,65.699997,65.099998,65.699997,63.434479,16916394
2025-10-27,66.5,66.5,65.599998,65.699997,63.434479,17268046
2025-10-28,66.099998,66.099998,64.599998,64.800003,62.565517,18582099
2025-10-29,65.199997,65.400002,64.800003,64.800003,62.565517,11855204
2025-10-30,64.800003,65.099998,64.099998,64.599998,62.37241,18310747
2025-10-31,65.199997,65.199997,64,64,61.793102,17218882
2025-11-03,63.799999,64.400002,63.5,63.900002,61.696552,13598341
2025-11-04,64,64.800003,64,64.599998,62.37241,12238409
2025-11-05,64.099998,64.400002,63.599998,64.099998,61.889652,16292975
2025-11-06,64.599998,65.099998,64,64.699997,62.46896,15378557
2025-11-07,64.300003,64.599998,63.5,63.5,61.310345,14897942
2025-11-10,63.599998,64.400002,63.599998,63.799999,61.599998,14091189
2025-11-11,64.800003,65.699997,64.5,64.800003,62.565517,34181909
2025-11-12,65.300003,65.900002,64.900002,64.900002,62.662067,27636636
2025-11-13,65,66,64.900002,65.900002,63.627586,30904584
2025-11-14,65.699997,66.5,65.199997,66,63.724136,35787774
2025-11-17,65.800003,66,65,65.300003,63.048279,28342797
2025-11-18,64.800003,65,64.400002,64.800003,62.565517,27400025
2025-11-19,65.199997,65.300003,64.199997,64.199997,61.986202,21462645
2025-11-20,64.900002,64.900002,64.199997,64.699997,62.46896,24362968
2025-11-21,64.400002,64.400002,63.599998,63.599998,61.406895,24742145
2025-11-24,63.799999,65.5,63.799999,65.5,63.241379,34836154
2025-11-25,65.5,66,65,65.099998,62.855171,20977444
2025-11-26,65.5,66,65.300003,65.800003,63.531036,18552338
2025-11-27,65.199997,65.800003,64.800003,65.800003,63.531036,27479730
2025-11-28,65.199997,65.5,64.199997,64.199997,61.986202,29237036
2025-12-01,64.099998,65.199997,64.099998,64.800003,62.565517,22445838
2025-12-02,65.199997,66.599998,65.199997,66.599998,64.303444,41243005
2025-12-03,66.699997,67.599998,66.199997,67.599998,65.268959,34055361
2025-12-04,67.5,69.199997,67.400002,69,66.620689,38707144
2025-12-05,68.5,68.699997,67.800003,68.699997,66.331032,17806807
2025-12-08,68.300003,69,67.800003,69,66.620689,16708158
2025-12-09,68.5,69.199997,68.5,69.199997,66.813789,18450634
2025-12-10,69.099998,69.300003,68,68.5,66.137932,17923501
2025-12-11,69.199997,69.699997,68.5,69.199997,66.813789,27376078
2025-12-12,69.699997,70.400002,69.5,70.099998,67.682755,34117672
2025-12-15,69.300003,70.599998,69.199997,70.099998,67.682755,28704428
2025-12-16,69.699997,70.199997,69.199997,70.199997,67.779305,72835524
2025-12-17,70.199997,73.5,70.099998,73.199997,70.675858,76687387
2025-12-18,73.699997,74.800003,72.599998,74.400002,71.83448,54993389
2025-12-19,74.599998,75.5,73.900002,75.5,72.896553,51669442
2025-12-22,75.800003,76.699997,75.599998,76.5,73.862068,45489213
2025-12-23,76.800003,76.800003,74.699997,76.699997,74.055168,39539191
2025-12-24,77,77.300003,75.099998,75.900002,73.282761,43705849
2025-12-26,75.900002,75.900002,74.300003,74.800003,72.220688,34727588
2025-12-29,74.699997,76.199997,74.199997,76,73.379311,14334350
2025-12-30,75.5,76.5,75.099998,76.199997,73.572411,27395108
2025-12-31,75.699997,76.199997,75,75.800003,73.186211,37258631
2026-01-02,75.400002,76,74.800003,75.199997,72.606895,25677629
2026-01-05,75,76.5,74.5,76.5,73.862068,24877174
2026-01-06,76.099998,76.599998,75.699997,76,73.379311,15671043
2026-01-07,76.5,76.5,74.900002,75.599998,72.993103,16372520
2026-01-08,75.599998,76.599998,75.300003,76.400002,73.765518,15645173
2026-01-09,76.5,76.599998,75.199997,75.900002,73.282761,14951473
2026-01-12,76.400002,76.400002,75.300003,76.099998,73.475861,18236518
2026-01-13,76.199997,77.5,74.800003,77.400002,74.731033,30273340
2026-01-14,77.5,77.5,74.699997,74.699997,72.12413,37155688
2026-01-15,74.900002,75.900002,74.800003,75.199997,72.606895,19373059
2026-01-16,75.599998,76.800003,75.400002,76.199997,73.572411,23074947
2026-01-19,76.199997,78.400002,76.099998,77.400002,74.731033,26557522
2026-01-20,76.900002,77.900002,76.199997,76.599998,73.958618,18532605
2026-01-21,76.599998,77.099998,75.300003,75.699997,73.089653,21720632
2026-01-22,76,77.199997,75.300003,75.599998,72.993103,23087092
2026-01-23,75.900002,76.699997,75.599998,76.599998,73.958618,24142225
2026-01-26,76.599998,77.599998,76.400002,77.099998,74.441376,18575389
2026-01-27,77,77.199997,75.400002,75.900002,73.282761,28311761
2026-01-28,76.099998,76.300003,75.199997,75.800003,73.186211,16667426
2026-01-29,75.400002,76.5,75.199997,76.400002,73.765518,17778678
2026-01-30,76.099998,76.400002,75.099998,75.400002,72.800003,20281913
2026-02-02,75.699997,75.699997,73.099998,74.300003,71.73793,28898351
2026-02-03,74.900002,75.5,74.699997,74.699997,72.12413,14012635
2026-02-04,75,76.5,75,76.199997,73.572411,17910621
2026-02-05,75.800003,76.199997,75.400002,76,73.379311,11206654
2026-02-06,75.900002,76,74.300003,75.699997,73.089653,17967470
2026-02-09,76.199997,77.800003,76.099998,77.199997,74.537926,25114277
2026-02-10,77.5,78.199997,77,77.900002,75.213791,17709684
2026-02-11,78.400002,79.099998,77.699997,78.800003,76.082764,29213163
2026-02-23,81.400002,81.599998,79.300003,79.599998,76.855171,45166656
2026-02-24,79.199997,80.400002,78.199997,78.199997,75.503441,25323530
2026-02-25,78.199997,78.300003,76.900002,76.900002,74.248276,33594522
2026-02-26,77,80.199997,77,79.699997,76.951721,67154865
2026-03-02,79.400002,79.400002,77.300003,77.900002,75.213791,24711169
2026-03-03,77.300003,78.300003,77.099998,77.599998,74.924133,22150573
2026-03-04,76.5,76.599998,72.800003,73.199997,70.675858,57067965
2026-03-05,74.300003,74.699997,72.699997,73.599998,71.062065,32150672
2026-03-06,73,73.5,72.599998,73,70.482758,21677181
2026-03-09,68.300003,70,67.300003,70,67.586205,42252605
2026-03-10,71.599998,72,70.5,71.099998,68.64827,18047880
2026-03-11,71.199997,72.800003,71.199997,71.800003,69.324142,10251491
2026-03-12,72.599998,73.099998,71.900002,72.5,70,20179932
2026-03-13,71.599998,72.400002,71.300003,71.699997,69.227585,19590578
2026-03-16,72.199997,72.900002,71.5,72.400002,69.90345,29914846
2026-03-17,72.5,73.400002,72.400002,73.199997,70.675858,18121751
2026-03-18,74.199997,74.300003,72.800003,73.400002,70.868965,15804364
2026-03-19,73,73,71.199997,71.599998,69.131035,26333362
2026-03-20,71.300003,72.699997,71.300003,72,69.517242,24877113
2026-03-23,70.099998,72.300003,69.599998,71.699997,69.227585,29422850
2026-03-24,71.800003,72,70.800003,70.800003,68.35862,23196770
2026-03-25,72.400002,72.400002,70.900002,71.400002,68.937935,21219807
2026-03-26,71.400002,71.800003,70.699997,70.800003,68.35862,13700275
2026-03-27,70.400002,70.699997,69.5,70.599998,68.165512,23980150
2026-03-30,69.099998,70.900002,69.099998,70.400002,67.972412,26828104
2026-03-31,69.800003,71.400002,69.599998,70.300003,67.875862,28747381
2026-04-01,71.599998,72,71.099998,71.900002,69.420692,22215404
2026-04-02,72.099998,72.300003,71.099998,71.800003,69.324142,10928195
2026-04-07,72.199997,72.5,71,71.900002,69.420692,16428932
2026-04-08,73.599998,73.900002,72.599998,73.800003,71.255173,27939903
2026-04-09,74.300003,74.5,72.5,73.599998,71.062065,26322517
2026-04-10,73.900002,73.900002,72.5,72.900002,70.386208,17943026
2026-04-13,72.599998,72.800003,71.599998,72,69.517242,20620128
2026-04-14,71.5,72.699997,71.5,72.699997,70.1931,25056705
2026-04-15,72.900002,73,72,72.900002,70.386208,27238084
2026-04-16,73,74.199997,73,74.199997,71.641373,35144704
2026-04-17,74.199997,75,73,75,72.413795,27931964
2026-04-20,74.800003,75.300003,74.099998,74.599998,72.02758,30692757
2026-04-21,75.400002,75.599998,74,75.5,72.896553,28876337
2026-04-22,75.5,76,75,75.900002,73.282761,32027678
2026-04-23,75.099998,75.699997,74.400002,74.800003,72.220688,33764734
2026-04-24,74.5,75.099998,73.800003,74.900002,72.317238,28868815
2026-04-27,74.099998,75,73.699997,74.5,71.93103,27783639
2026-04-28,74.5,75.300003,74.300003,74.699997,72.12413,22636897
2026-04-29,75.900002,79.5,75.900002,78.599998,75.889648,70919434
2026-04-30,78,79.5,77.199997,77.199997,74.537926,29306785
2026-05-04,77.800003,78.800003,76.199997,76.199997,73.572411,35195234
2026-05-05,76.199997,77.699997,75.800003,77.199997,74.537926,28252783
2026-05-06,77.699997,79.199997,77.599998,78.699997,75.986206,31155809
2026-05-07,78.5,79.199997,78,79,76.275864,24074023
2026-05-08,79.5,80.800003,79.300003,80,77.241379,36525837
2026-05-11,79.599998,79.599998,78.400002,78.400002,75.696548,21853943
2026-05-12,78.699997,79.5,76.400002,76.400002,73.765518,44508109
2026-05-13,76.599998,78.300003,76.099998,77.300003,74.634483,34340309
2026-05-14,76.900002,78.599998,76.699997,76.699997,74.055168,26704483
2026-05-15,77.400002,79.699997,77,77.900002,75.213791,54587526
2026-05-18,78,78,76.5,76.800003,74.151726,25972412
2026-05-19,77.5,79.699997,77.300003,77.800003,75.117241,45890134
2026-05-20,78,78.400002,77,77.900002,75.213791,27663824
2026-05-21,77.800003,79.099998,77.800003,78.699997,75.986206,41744037
2026-05-22,78.5,79.800003,78.199997,79.699997,76.951721,40668392
2026-05-25,79.900002,81.5,78.699997,81.5,78.689651,48760635
2026-05-26,80.599998,83.099998,80.599998,83.099998,80.234482,54387264
2026-05-27,83.099998,86.400002,82.699997,85.400002,82.45517,69625066
2026-05-28,85.400002,86.199997,83.400002,84.800003,81.875862,61783410
2026-05-29,85.599998,85.800003,84,85.699997,82.74482,71290598
2026-06-01,86.599998,89.400002,85.300003,88.199997,85.158615,56414882
2026-06-02,88.5,89.199997,86.599998,89.199997,86.12413,57669540
2026-06-03,89.900002,92.5,89.199997,91.800003,88.634483,57052765
2026-06-04,96.300003,96.300003,91.800003,94.400002,91.144829,53704628
2026-06-05,94.400002,100,93.699997,100,96.55172,68728572
2026-06-08,97.800003,97.800003,94,95,91.724136,56623585
2026-06-09,95.300003,104,95.300003,104,100.413788,55455101
2026-06-10,102,102.5,99.400002,99.900002,96.45517,41895593
2026-06-11,101,101.5,97.699997,100.5,97.034477,35856797
2026-06-12,102,105.5,99.699997,100.5,97.034477,31979247
2026-06-15,105,105.5,103,104,100.413788,25204928
2026-06-16,104.5,109.5,104,109.5,105.724136,53990536
2026-06-17,110,117,108,113.5,109.586205,49230979
2026-06-18,115,117.5,114,115.5,111.517242,47963852
2026-06-22,117,117.5,112,113,109.103447,34021982
2026-06-23,113,116.5,113,113.5,109.586205,29225791
2026-06-24,110.5,114,110,110,106.206894,34143899
2026-06-25,110,113,109,111.5,107.655167,29121023
2026-06-26,110.5,111.5,105,106,102.344826,37144464
2026-06-29,105,105.5,100.5,101.5,98,47960126
2026-06-30,96.800003,99,94.400002,98.300003,98.300003,102717383
2026-07-01,100,101,94.300003,95,95,78483165
2026-07-02,95.300003,95.900002,92.599998,93.5,93.5,65055086
