Date,Open,High,Low,Close,Adj Close,Volume
2000-01-03,10.011168,10.147375,9.943065,10.079272,6.074792,3819204
2000-01-04,10.079272,10.215478,10.079272,10.215478,6.156882,2535857
2000-01-05,9.874962,10.079272,9.738756,9.874962,5.951653,2855960
2000-01-06,9.874962,10.079272,9.874962,10.011168,6.033743,1820766
2000-01-07,10.011168,10.011168,10.011168,10.011168,6.033743,0
2000-01-10,10.011168,10.011168,10.011168,10.011168,6.033743,0
2000-01-11,10.147375,10.555994,10.147375,10.351684,6.238972,6819063
2000-01-12,10.351684,10.624097,10.351684,10.419788,6.280018,7147976
2000-01-13,10.487891,10.760304,10.487891,10.6922,6.444203,7451927
2000-01-14,10.6922,11.373232,10.6922,11.305129,6.813617,14118281
2000-01-17,11.441335,12.258574,11.441335,12.054264,7.265123,11209460
2000-01-18,12.054264,12.054264,11.441335,11.441335,6.895707,5098145
2000-01-19,11.441335,11.645645,10.760304,10.760304,6.48525,6826405
2000-01-20,10.828407,11.100819,10.760304,10.828407,6.526294,4669384
2000-01-21,10.828407,11.100819,10.828407,10.89651,6.567341,6801443
2000-01-24,10.89651,11.237026,10.89651,11.237026,6.77257,3565178
2000-01-25,11.237026,11.237026,10.828407,11.100819,6.690476,4584219
2000-01-26,11.100819,11.305129,11.032716,11.032716,6.649432,3519658
2000-01-27,11.032716,11.100819,10.760304,10.89651,6.567341,1615196
2000-01-28,10.89651,11.100819,10.760304,10.89651,6.567341,2334692
2000-01-31,10.89651,10.964613,10.6922,10.760304,6.48525,3581330
2000-02-01,10.760304,10.760304,10.760304,10.760304,6.48525,0
2000-02-02,10.828407,11.168923,10.828407,11.100819,6.690476,3911711
2000-02-03,11.100819,11.305129,10.89651,11.032716,6.649432,3346392
2000-02-04,11.032716,11.032716,11.032716,11.032716,6.649432,0
2000-02-07,11.032716,11.032716,11.032716,11.032716,6.649432,0
2000-02-08,11.100819,11.577542,11.100819,11.305129,6.813617,4923411
2000-02-09,11.305129,11.645645,11.305129,11.441335,6.895707,5077588
2000-02-10,11.441335,11.645645,11.373232,11.509439,6.936755,7488636
2000-02-11,11.509439,11.781851,11.509439,11.577542,6.977799,3919052
2000-02-14,11.509439,11.509439,11.305129,11.509439,6.936755,2691503
2000-02-15,11.509439,11.509439,11.168923,11.305129,6.813617,2452161
2000-02-16,11.305129,11.373232,11.100819,11.168923,6.731524,3886748
2000-02-17,11.168923,11.305129,11.100819,11.100819,6.690476,3425683
2000-02-18,11.237026,11.577542,11.237026,11.441335,6.895707,4206851
2000-02-21,11.441335,11.509439,11.168923,11.237026,6.77257,3443304
2000-02-22,11.237026,11.237026,11.032716,11.168923,6.731524,1795804
2000-02-23,11.168923,11.168923,10.964613,11.100819,6.690476,5964478
2000-02-24,11.100819,11.100819,10.89651,11.032716,6.649432,2838339
2000-02-25,11.032716,11.032716,10.89651,10.89651,6.567341,2641579
2000-02-28,10.89651,10.964613,10.555994,10.828407,6.526294,2902947
2000-02-29,10.89651,11.032716,10.760304,10.964613,6.608384,3099707
2000-03-01,10.555994,10.964613,10.555994,10.555994,6.362111,4982145
2000-03-02,10.624097,10.624097,10.283581,10.419788,6.280018,2873580
2000-03-03,10.419788,10.419788,9.874962,10.215478,6.156882,5106956
2000-03-06,10.215478,10.419788,10.215478,10.283581,6.197926,2328818
2000-03-07,10.283581,10.351684,10.147375,10.351684,6.238972,1835450
2000-03-08,10.147375,10.419788,9.874962,10.419788,6.280018,4299358
2000-03-09,10.419788,10.487891,10.215478,10.419788,6.280018,1390536
2000-03-10,10.283581,10.487891,10.283581,10.419788,6.280018,2748769
2000-03-13,10.419788,10.487891,10.351684,10.419788,6.280018,2399300
2000-03-14,10.351684,10.419788,10.283581,10.419788,6.280018,969117
2000-03-15,10.419788,10.419788,10.215478,10.283581,6.197926,649015
2000-03-16,10.283581,10.283581,10.283581,10.283581,6.197926,0
2000-03-17,10.283581,10.487891,10.283581,10.419788,6.280018,3604823
2000-03-20,10.215478,10.419788,10.215478,10.351684,6.238972,3054188
2000-03-21,10.283581,10.487891,10.283581,10.419788,6.280018,2877985
2000-03-22,10.419788,10.555994,10.419788,10.419788,6.280018,3435962
2000-03-23,10.419788,10.828407,10.419788,10.6922,6.444203,3653279
2000-03-24,10.89651,10.89651,10.624097,10.624097,6.403157,1911804
2000-03-27,10.624097,10.828407,10.624097,10.760304,6.48525,3198088
2000-03-28,10.760304,10.760304,10.555994,10.624097,6.403157,1637221
2000-03-29,10.624097,10.6922,10.487891,10.6922,6.444203,2366996
2000-03-30,10.6922,10.6922,10.555994,10.624097,6.403157,3017479
2000-03-31,10.555994,10.624097,10.555994,10.624097,6.403157,2090944
2000-04-03,10.624097,10.624097,10.351684,10.487891,6.321066,4146648
2000-04-04,10.419788,10.487891,10.351684,10.419788,6.280018,1944108
2000-04-05,10.419788,10.487891,10.351684,10.487891,6.321066,5503413
2000-04-06,10.487891,10.487891,10.487891,10.487891,6.321066,0
2000-04-07,10.419788,10.419788,9.670652,9.874962,5.951653,12865770
2000-04-10,9.874962,9.874962,8.989621,9.19393,5.541193,13291594
2000-04-11,9.19393,9.19393,8.717208,8.989621,5.418057,16463252
2000-04-12,8.989621,9.39824,8.989621,9.330137,5.623286,4776575
2000-04-13,9.262033,9.262033,8.989621,9.19393,5.541193,6802911
2000-04-14,9.125827,9.262033,9.057724,9.19393,5.541193,3584266
2000-04-17,8.853414,8.853414,8.444795,8.512898,5.130736,13636659
2000-04-18,8.649105,8.853414,8.444795,8.581001,5.171781,7554712
2000-04-19,8.717208,8.785311,8.581001,8.649105,5.212828,4281737
2000-04-20,8.649105,8.717208,8.581001,8.717208,5.253871,1369979
2000-04-21,8.717208,8.785311,8.649105,8.785311,5.294918,1350891
2000-04-24,8.785311,8.785311,8.649105,8.717208,5.253871,1295093
2000-04-25,8.717208,8.921517,8.581001,8.785311,5.294918,2735554
2000-04-26,8.921517,9.057724,8.785311,9.057724,5.459102,4011559
2000-04-27,8.921517,9.19393,8.853414,9.057724,5.459102,3512317
2000-04-28,9.057724,9.19393,8.989621,8.989621,5.418057,3400721
2000-05-01,8.989621,8.989621,8.989621,8.989621,5.418057,0
2000-05-02,8.989621,8.989621,8.717208,8.785311,5.294918,2877985
2000-05-03,8.717208,8.989621,8.717208,8.921517,5.377011,1848665
2000-05-04,8.921517,9.125827,8.785311,9.057724,5.459102,2970492
2000-05-05,9.125827,9.330137,8.989621,9.262033,5.58224,11216802
2000-05-08,9.262033,9.466343,9.262033,9.466343,5.705377,3256822
2000-05-09,9.466343,9.466343,9.466343,9.466343,5.705377,0
2000-05-10,9.534446,9.602549,9.330137,9.534446,5.746423,6617898
2000-05-11,9.534446,9.534446,9.39824,9.534446,5.746423,2951403
2000-05-12,9.534446,9.534446,9.330137,9.330137,5.623286,3340519
2000-05-15,9.39824,9.534446,9.19393,9.19393,5.541193,2860365
2000-05-16,9.19393,9.534446,9.19393,9.534446,5.746423,1999906
2000-05-17,9.534446,9.670652,9.39824,9.670652,5.828515,5099614
2000-05-18,9.670652,9.670652,9.670652,9.670652,5.828515,0
2000-05-19,9.670652,9.874962,9.670652,9.806859,5.910606,5939516
2000-05-22,9.738756,9.806859,9.466343,9.534446,5.746423,2164362
2000-05-23,9.466343,9.534446,9.330137,9.39824,5.664332,2722339
2000-05-24,9.19393,9.262033,8.989621,9.262033,5.58224,4867613
2000-05-25,9.330137,9.330137,8.921517,9.262033,5.58224,2334692
2000-05-26,8.989621,9.19393,8.921517,9.057724,5.459102,3913179
2000-05-29,9.057724,9.330137,9.057724,9.330137,5.623286,4894043
2000-05-30,9.330137,9.330137,9.330137,9.330137,5.623286,0
2000-05-31,9.262033,9.534446,9.19393,9.466343,5.705377,6626708
2000-06-01,9.330137,9.39824,9.19393,9.262033,5.58224,2745833
2000-06-02,9.262033,9.262033,9.057724,9.125827,5.50015,3535810
2000-06-05,9.125827,9.19393,8.581001,8.717208,5.253871,7465142
2000-06-06,8.717208,8.785311,8.581001,8.649105,5.212828,2907352
2000-06-07,8.649105,8.649105,8.172382,8.581001,5.171781,5559210
2000-06-08,8.444795,8.649105,8.308589,8.649105,5.212828,1980817
2000-06-09,8.649105,8.853414,8.581001,8.785311,5.294918,1101270
2000-06-12,8.717208,8.853414,8.512898,8.785311,5.294918,798787
2000-06-13,8.785311,8.921517,8.717208,8.921517,5.377011,961775
2000-06-14,8.785311,8.853414,8.717208,8.785311,5.294918,1650436
2000-06-15,8.785311,8.785311,8.785311,8.785311,5.294918,0
2000-06-16,8.785311,8.785311,8.308589,8.376692,5.048644,5453489
2000-06-19,8.308589,8.308589,8.036176,8.240485,4.966551,5713388
2000-06-20,8.172382,8.376692,8.104279,8.376692,5.048644,5112829
2000-06-21,8.376692,8.785311,8.376692,8.649105,5.212828,2137932
2000-06-22,8.581001,8.581001,8.376692,8.581001,5.171781,2666541
2000-06-23,8.512898,8.512898,8.308589,8.308589,5.007597,2641579
2000-06-26,8.240485,8.308589,8.104279,8.308589,5.007597,2011653
2000-06-27,8.308589,8.444795,8.308589,8.376692,5.048644,3524064
2000-06-28,8.376692,9.262033,8.376692,9.262033,5.58224,5603261
2000-06-29,9.057724,9.057724,8.717208,8.717208,5.253871,2159957
2000-06-30,8.717208,8.921517,8.512898,8.921517,5.377011,3946951
2000-07-03,8.581001,8.649105,8.308589,8.649105,5.212828,4193636
2000-07-04,8.581001,8.853414,8.581001,8.785311,5.294918,1054282
2000-07-05,8.853414,8.921517,8.785311,8.853414,5.335964,1453676
2000-07-06,8.785311,8.853414,8.717208,8.717208,5.253871,1995501
2000-07-07,8.717208,8.785311,8.649105,8.785311,5.294918,2460971
2000-07-10,8.785311,8.921517,8.717208,8.785311,5.294918,2215755
2000-07-11,8.853414,8.853414,8.717208,8.853414,5.335964,1728259
2000-07-12,8.785311,9.057724,8.717208,8.989621,5.418057,5667869
2000-07-13,8.989621,8.989621,8.853414,8.989621,5.418057,4993892
2000-07-14,8.989621,9.057724,8.921517,8.921517,5.377011,4131965
2000-07-17,8.921517,8.921517,8.785311,8.785311,5.294918,2795757
2000-07-18,8.853414,8.853414,8.717208,8.717208,5.253871,3336113
2000-07-19,8.853414,8.853414,8.717208,8.717208,5.253871,3336113
2000-07-20,8.649105,8.649105,8.308589,8.376692,5.048644,5672274
2000-07-21,8.376692,8.376692,8.172382,8.172382,4.925505,3638596
2000-07-24,8.172382,8.240485,8.036176,8.172382,4.925505,1597575
2000-07-25,8.172382,8.376692,8.172382,8.376692,5.048644,1380258
2000-07-26,8.240485,8.308589,8.172382,8.172382,4.925505,2742896
2000-07-27,8.172382,8.240485,8.104279,8.172382,4.925505,1245169
2000-07-28,8.104279,8.172382,8.104279,8.104279,4.88446,878079
2000-07-31,8.104279,8.104279,7.968073,8.104279,4.88446,2290641
2000-08-01,8.036176,8.308589,7.968073,8.308589,5.007597,1888310
2000-08-02,8.172382,8.308589,8.172382,8.240485,4.966551,810534
2000-08-03,8.240485,8.308589,8.172382,8.172382,4.925505,992611
2000-08-04,8.172382,8.240485,8.172382,8.172382,4.925505,1292156
2000-08-07,8.240485,8.240485,8.104279,8.104279,4.88446,2029273
2000-08-08,8.104279,8.512898,8.036176,8.512898,5.130736,654888
2000-08-09,8.308589,8.308589,8.172382,8.240485,4.966551,1412562
2000-08-10,8.104279,8.104279,7.831866,7.968073,4.802369,3869128
2000-08-11,7.968073,7.968073,7.627557,7.627557,4.597139,2057172
2000-08-14,7.69566,7.763763,7.287041,7.287041,4.391909,4049736
2000-08-15,7.355144,7.559454,7.355144,7.423247,4.474,2140868
2000-08-16,7.423247,7.559454,7.423247,7.49135,4.515046,1422840
2000-08-17,7.49135,7.831866,7.49135,7.831866,4.720275,2977834
2000-08-18,7.89997,7.968073,7.627557,7.69566,4.638186,2576971
2000-08-21,7.627557,7.627557,7.423247,7.423247,4.474,1622537
2000-08-22,7.423247,7.423247,7.218938,7.218938,4.350863,2300920
2000-08-23,7.218938,7.355144,7.218938,7.287041,4.391909,2146742
2000-08-24,7.287041,7.423247,7.287041,7.355144,4.432954,1352359
2000-08-25,7.355144,7.49135,7.287041,7.423247,4.474,2162894
2000-08-28,7.355144,7.49135,7.355144,7.49135,4.515046,716559
2000-08-29,7.49135,7.559454,7.423247,7.49135,4.515046,1090991
2000-08-30,7.423247,7.49135,7.287041,7.355144,4.432954,930940
2000-08-31,7.355144,7.355144,7.355144,7.355144,4.432954,0
2000-09-01,7.355144,7.355144,6.708164,6.742215,4.063541,7570864
2000-09-04,6.742215,6.810318,6.469803,6.674112,4.022496,1786994
2000-09-05,6.674112,6.810318,6.674112,6.810318,4.104588,1688614
2000-09-06,6.878422,6.878422,6.742215,6.742215,4.063541,2638642
2000-09-07,6.742215,6.742215,6.640061,6.640061,4.001973,1133573
2000-09-08,6.674112,6.674112,6.571957,6.606009,3.981451,1264257
2000-09-11,6.571957,6.571957,6.503854,6.571957,3.960927,2556414
2000-09-12,6.606009,6.674112,6.537906,6.640061,4.001973,1396410
2000-09-13,6.640061,6.776267,6.640061,6.708164,4.043019,1604917
2000-09-14,6.776267,7.082731,6.776267,6.776267,4.084065,3375759
2000-09-15,6.776267,7.014628,6.776267,6.878422,4.145634,2368464
2000-09-18,6.878422,6.878422,6.776267,6.810318,4.104588,1867753
2000-09-19,6.776267,7.218938,6.674112,7.082731,4.268772,4849993
2000-09-20,7.014628,7.423247,7.014628,7.218938,4.350863,4832372
2000-09-21,7.082731,7.287041,7.082731,7.287041,4.391909,1687145
2000-09-22,7.082731,7.218938,6.776267,7.082731,4.268772,3297936
2000-09-25,7.014628,7.014628,6.776267,6.776267,4.084065,3791305
2000-09-26,6.776267,6.810318,6.776267,6.776267,4.084065,1484511
2000-09-27,6.742215,6.810318,6.742215,6.810318,4.104588,1519752
2000-09-28,6.776267,6.810318,6.674112,6.742215,4.063541,1512410
2000-09-29,6.776267,6.810318,6.606009,6.810318,4.104588,5504881
2000-10-02,6.708164,6.946525,6.708164,6.878422,4.145634,3183404
2000-10-03,6.776267,6.878422,6.742215,6.878422,4.145634,1402283
2000-10-04,6.878422,6.878422,6.776267,6.878422,4.145634,1723854
2000-10-05,6.776267,6.810318,6.708164,6.810318,4.104588,1916209
2000-10-06,6.810318,6.810318,6.742215,6.810318,4.104588,1179093
2000-10-09,6.776267,6.810318,6.708164,6.776267,4.084065,3616570
2000-10-10,6.742215,6.946525,6.674112,6.946525,4.18668,4058547
2000-10-11,6.946525,7.150834,6.810318,7.150834,4.309817,2190793
2000-10-12,6.946525,7.968073,6.878422,7.763763,4.679229,4309636
2000-10-13,7.49135,7.968073,7.423247,7.968073,4.802369,5313994
2000-10-16,7.968073,7.968073,7.968073,7.968073,4.802369,0
2000-10-17,8.036176,8.172382,7.968073,8.172382,4.925505,4130496
2000-10-18,8.172382,8.308589,7.968073,8.308589,5.007597,4077635
2000-10-19,8.172382,8.376692,8.172382,8.376692,5.048644,6429948
2000-10-20,8.308589,8.376692,8.104279,8.376692,5.048644,8027524
2000-10-23,8.308589,8.649105,8.308589,8.581001,5.171781,2503553
2000-10-24,8.512898,8.785311,8.512898,8.785311,5.294918,3551962
2000-10-25,8.785311,8.853414,8.717208,8.853414,5.335964,4965993
2000-10-26,8.853414,8.853414,8.853414,8.853414,5.335964,0
2000-10-27,8.853414,8.853414,8.853414,8.853414,5.335964,0
2000-10-30,8.649105,8.649105,8.240485,8.308589,5.007597,2008716
2000-10-31,8.172382,8.172382,7.831866,7.968073,4.802369,3225986
2000-11-01,7.968073,8.376692,7.968073,8.376692,5.048644,2378743
2000-11-02,8.104279,8.308589,8.036176,8.308589,5.007597,1835450
2000-11-03,8.172382,8.444795,8.104279,8.376692,5.048644,1920614
2000-11-06,8.376692,8.581001,8.308589,8.444795,5.089687,1735601
2000-11-07,8.376692,8.581001,8.376692,8.512898,5.130736,1525626
2000-11-08,8.444795,8.512898,8.240485,8.308589,5.007597,970585
2000-11-09,8.308589,8.444795,8.308589,8.376692,5.048644,259899
2000-11-10,8.172382,8.376692,8.172382,8.376692,5.048644,1083649
2000-11-13,8.172382,8.172382,7.831866,7.968073,4.802369,1842791
2000-11-14,7.968073,8.172382,7.968073,8.172382,4.925505,951497
2000-11-15,8.172382,8.240485,8.104279,8.172382,4.925505,1183498
2000-11-16,8.172382,8.172382,7.968073,7.968073,4.802369,1607854
2000-11-17,7.968073,8.172382,7.968073,8.172382,4.925505,2656263
2000-11-20,8.104279,8.172382,8.104279,8.172382,4.925505,183545
2000-11-21,7.968073,8.104279,7.968073,8.036176,4.843414,651951
2000-11-22,8.104279,8.172382,7.968073,7.968073,4.802369,944155
2000-11-23,7.968073,7.968073,7.763763,7.763763,4.679229,1428714
2000-11-24,7.763763,7.968073,7.763763,7.89997,4.761322,928003
2000-11-27,7.89997,8.172382,7.89997,8.104279,4.88446,955902
2000-11-28,8.104279,8.444795,8.104279,8.376692,5.048644,2491806
2000-11-29,8.308589,8.444795,8.308589,8.376692,5.048644,1701829
2000-11-30,8.308589,8.444795,8.308589,8.444795,5.089687,2171704
2000-12-01,8.308589,8.376692,8.240485,8.308589,5.007597,801724
2000-12-04,8.308589,8.308589,8.240485,8.308589,5.007597,960307
2000-12-05,8.308589,8.444795,8.308589,8.308589,5.007597,845775
2000-12-06,8.376692,8.717208,8.376692,8.717208,5.253871,3245075
2000-12-07,8.649105,8.717208,8.512898,8.649105,5.212828,3362544
2000-12-08,8.581001,8.649105,8.512898,8.649105,5.212828,2142337
2000-12-11,8.581001,8.581001,8.444795,8.444795,5.089687,607901
2000-12-12,8.512898,8.512898,8.104279,8.104279,4.88446,898636
2000-12-13,8.104279,8.240485,7.968073,7.968073,4.802369,1748816
2000-12-14,7.968073,8.308589,7.89997,8.036176,4.843414,1358233
2000-12-15,8.036176,8.036176,7.89997,7.968073,4.802369,1825171
2000-12-18,7.89997,8.376692,7.831866,8.376692,5.048644,2121780
2000-12-19,8.308589,8.581001,8.104279,8.104279,4.88446,1637221
2000-12-20,8.240485,8.444795,8.104279,8.308589,5.007597,1208460
2000-12-21,8.172382,8.444795,8.036176,8.444795,5.089687,3231860
2000-12-22,8.308589,8.444795,8.036176,8.036176,4.843414,1356764
2000-12-25,8.036176,8.036176,8.036176,8.036176,4.843414,0
2000-12-26,8.172382,8.240485,7.69566,7.69566,4.638186,2173172
2000-12-27,7.69566,7.69566,7.69566,7.69566,4.638186,0
2000-12-28,7.69566,7.69566,7.69566,7.69566,4.638186,0
2000-12-29,7.69566,7.69566,7.69566,7.69566,4.638186,0
2001-01-01,7.69566,7.69566,7.69566,7.69566,4.638186,0
2001-01-02,7.627557,7.69566,7.150834,7.69566,4.638186,2496212
2001-01-03,7.355144,7.763763,7.355144,7.627557,4.597139,2140868
2001-01-04,7.69566,7.69566,7.355144,7.49135,4.515046,5595919
2001-01-05,7.423247,7.49135,7.082731,7.49135,4.515046,8758767
2001-01-08,7.49135,7.559454,7.287041,7.559454,4.556092,3317025
2001-01-09,7.559454,7.559454,7.150834,7.218938,4.350863,4754549
2001-01-10,7.218938,7.355144,7.082731,7.218938,4.350863,4352219
2001-01-11,7.218938,7.355144,7.218938,7.218938,4.350863,891294
2001-01-12,7.218938,7.355144,7.218938,7.287041,4.391909,1133573
2001-01-15,7.355144,7.559454,7.218938,7.559454,4.556092,2493275
2001-01-16,7.49135,7.627557,7.49135,7.559454,4.556092,1292156
2001-01-17,7.627557,7.831866,7.423247,7.69566,4.638186,3115859
2001-01-18,7.559454,8.036176,7.559454,7.968073,4.802369,2093881
2001-01-19,7.968073,8.104279,7.89997,7.968073,4.802369,1897121
2001-01-22,7.968073,8.308589,7.968073,8.240485,4.966551,3016011
2001-01-23,8.240485,8.240485,8.240485,8.240485,4.966551,0
2001-01-24,8.240485,8.240485,8.240485,8.240485,4.966551,0
2001-01-25,8.240485,8.240485,8.240485,8.240485,4.966551,0
2001-01-26,8.172382,8.308589,8.172382,8.240485,4.966551,1678335
2001-01-29,8.376692,8.444795,8.308589,8.444795,5.089687,1992564
2001-01-30,8.376692,8.512898,8.308589,8.444795,5.089687,2092413
2001-01-31,8.376692,8.512898,8.308589,8.444795,5.089687,4565131
2001-02-01,8.444795,8.444795,8.444795,8.444795,5.089687,0
2001-02-02,8.444795,8.581001,8.376692,8.581001,5.171781,2967555
2001-02-05,8.512898,8.581001,8.376692,8.376692,5.048644,4482903
2001-02-06,8.444795,8.512898,8.376692,8.444795,5.089687,1795804
2001-02-07,8.512898,8.512898,8.240485,8.444795,5.089687,2767858
2001-02-08,8.512898,8.512898,8.376692,8.444795,5.089687,2202540
2001-02-09,8.444795,8.444795,8.308589,8.444795,5.089687,2430135
2001-02-12,8.376692,8.512898,8.376692,8.512898,5.130736,1936766
2001-02-13,8.512898,8.512898,8.376692,8.444795,5.089687,2742896
2001-02-14,8.444795,8.444795,8.172382,8.444795,5.089687,3516722
2001-02-15,8.308589,8.376692,8.172382,8.172382,4.925505,2297983
2001-02-16,8.240485,8.308589,8.172382,8.172382,4.925505,929471
2001-02-19,8.172382,8.308589,8.104279,8.308589,5.007597,1666588
2001-02-20,8.172382,8.240485,8.036176,8.240485,4.966551,1886842
2001-02-21,8.104279,8.172382,8.104279,8.104279,4.88446,606432
2001-02-22,8.104279,8.172382,8.036176,8.036176,4.843414,2071855
2001-02-23,8.104279,8.104279,7.968073,8.036176,4.843414,888357
2001-02-26,7.968073,8.104279,7.968073,8.104279,4.88446,201165
2001-02-27,8.036176,8.172382,8.036176,8.104279,4.88446,587344
2001-02-28,8.104279,8.104279,7.968073,8.104279,4.88446,2030741
2001-03-01,8.036176,8.172382,7.968073,8.104279,4.88446,1411093
2001-03-02,8.036176,8.172382,7.968073,8.172382,4.925505,2779605
2001-03-05,8.036176,8.240485,7.968073,8.240485,4.966551,1922083
2001-03-06,8.240485,8.240485,8.240485,8.240485,4.966551,0
2001-03-07,8.172382,8.172382,8.036176,8.036176,4.843414,502179
2001-03-08,8.036176,8.104279,7.968073,7.968073,4.802369,637268
2001-03-09,8.036176,8.036176,7.968073,8.036176,4.843414,1127700
2001-03-12,7.968073,8.104279,7.89997,8.104279,4.88446,879547
2001-03-13,7.968073,8.104279,7.89997,8.036176,4.843414,1146789
2001-03-14,8.036176,8.036176,8.036176,8.036176,4.843414,0
2001-03-15,7.89997,7.89997,7.69566,7.89997,4.761322,2716466
2001-03-16,7.69566,7.89997,7.69566,7.89997,4.761322,673977
2001-03-19,7.763763,7.89997,7.69566,7.89997,4.761322,1280409
2001-03-20,7.831866,7.968073,7.69566,7.69566,4.638186,900104
2001-03-21,7.69566,8.172382,7.287041,8.172382,4.925505,4319915
2001-03-22,7.831866,8.036176,7.763763,7.968073,4.802369,1312713
2001-03-23,7.89997,8.036176,7.763763,8.036176,4.843414,2121780
2001-03-26,8.036176,8.036176,8.036176,8.036176,4.843414,0
2001-03-27,7.968073,8.104279,7.831866,7.831866,4.720275,1098333
2001-03-28,7.89997,8.036176,7.831866,7.831866,4.720275,603495
2001-03-29,7.831866,7.968073,7.831866,7.968073,4.802369,991143
2001-03-30,7.89997,7.968073,7.49135,7.968073,4.802369,947092
2001-04-02,7.831866,7.968073,7.69566,7.968073,4.802369,1239295
2001-04-03,7.831866,7.831866,7.559454,7.559454,4.556092,1869222
2001-04-04,7.49135,7.49135,6.708164,6.708164,4.043019,7076026
2001-04-05,6.742215,6.810318,6.129287,6.640061,4.001973,6603214
2001-04-06,6.810318,6.878422,6.19739,6.19739,3.735175,3609228
2001-04-09,6.129287,6.129287,5.822822,5.924977,3.570991,4648827
2001-04-10,5.924977,6.061183,5.788771,5.99308,3.612037,2358186
2001-04-11,5.99308,6.265493,5.924977,6.231441,3.755698,2866238
2001-04-12,6.231441,6.231441,6.061183,6.163338,3.714651,941218
2001-04-13,6.19739,6.367648,6.19739,6.367648,3.83779,336254
2001-04-16,6.367648,6.469803,6.19739,6.401699,3.858313,578533
2001-04-17,6.333596,6.367648,6.163338,6.19739,3.735175,1431651
2001-04-18,6.231441,6.265493,5.959029,6.027132,3.632561,2271552
2001-04-19,6.163338,6.19739,5.788771,5.788771,3.4889,3974850
2001-04-20,5.788771,6.027132,5.788771,5.924977,3.570991,1841323
2001-04-23,5.959029,5.959029,5.788771,5.822822,3.509423,618179
2001-04-24,5.822822,5.890925,5.788771,5.856874,3.529946,2484465
2001-04-25,5.822822,6.095235,5.822822,5.890925,3.550469,1563803
2001-04-26,5.822822,6.095235,5.822822,5.890925,3.550469,1563803
2001-04-27,6.163338,6.435751,6.163338,6.265493,3.776221,1032257
2001-04-30,6.333596,6.333596,6.129287,6.129287,3.69413,1300966
2001-05-01,6.129287,6.129287,6.129287,6.129287,3.69413,0
2001-05-02,6.265493,6.537906,6.19739,6.503854,3.919881,3892622
2001-05-03,6.503854,6.640061,6.469803,6.571957,3.960927,2703250
2001-05-04,5.924977,6.537906,5.924977,5.924977,3.570991,2522642
2001-05-07,5.924977,5.924977,5.924977,5.924977,3.570991,0
2001-05-08,6.19739,6.265493,6.129287,6.19739,3.735175,1174
2001-05-09,6.19739,6.19739,6.095235,6.095235,3.673607,293
2001-05-10,6.163338,6.299545,6.095235,6.095235,3.673607,587
2001-05-11,6.095235,6.129287,6.095235,6.095235,3.673607,146
2001-05-14,6.061183,6.061183,5.788771,5.822822,3.509423,1027
2001-05-15,5.822822,5.856874,5.516358,5.550409,3.345238,2349
2001-05-16,5.584461,5.788771,5.584461,5.584461,3.365762,734
2001-05-17,5.720667,5.720667,5.482306,5.516358,3.324716,587
2001-05-18,5.448255,5.448255,5.243945,5.277997,3.181056,4258
2001-05-21,5.312048,5.380152,5.107739,5.14179,3.098963,1908
2001-05-22,5.209894,5.277997,5.107739,5.107739,3.078441,3230
2001-05-23,5.14179,5.243945,5.14179,5.175842,3.119486,2041020
2001-05-24,5.175842,5.3461,5.14179,5.312048,3.201578,2289173
2001-05-25,5.312048,5.3461,5.243945,5.277997,3.181056,1554993
2001-05-28,5.277997,5.3461,5.243945,5.312048,3.201578,875142
2001-05-29,5.3461,5.380152,5.243945,5.243945,3.160532,1766437
2001-05-30,5.312048,5.448255,5.312048,5.380152,3.242625,1133573
2001-05-31,5.414203,5.414203,5.3461,5.414203,3.263147,1414030
2001-06-01,5.414203,5.448255,5.277997,5.312048,3.201578,1295093
2001-06-04,5.312048,5.312048,5.312048,5.312048,3.201578,0
2001-06-05,5.277997,5.380152,5.175842,5.312048,3.201578,3024821
2001-06-06,5.3461,5.3461,5.277997,5.3461,3.222101,1759095
2001-06-07,5.312048,5.380152,5.243945,5.380152,3.242625,1328865
2001-06-08,5.380152,5.652564,5.380152,5.584461,3.365762,775294
2001-06-11,5.516358,5.890925,5.516358,5.856874,3.529946,2453629
2001-06-12,5.822822,6.095235,5.822822,6.027132,3.632561,3105581
2001-06-13,6.061183,6.129287,5.924977,6.129287,3.69413,1396410
2001-06-14,6.129287,6.401699,6.095235,6.163338,3.714651,2747301
2001-06-15,6.129287,6.163338,6.027132,6.061183,3.653082,1612259
2001-06-18,5.99308,6.027132,5.822822,5.924977,3.570991,1441929
2001-06-19,5.99308,6.163338,5.924977,6.027132,3.632561,1312713
2001-06-20,6.027132,6.061183,5.99308,5.99308,3.612037,792914
2001-06-21,6.027132,6.129287,6.027132,6.129287,3.69413,854585
2001-06-22,6.095235,6.095235,5.856874,5.856874,3.529946,1446334
2001-06-25,5.99308,5.99308,5.822822,5.822822,3.509423,712154
2001-06-26,5.856874,6.061183,5.856874,5.959029,3.591515,1115953
2001-06-27,5.99308,6.129287,5.822822,5.822822,3.509423,1773778
2001-06-28,5.890925,5.959029,5.788771,5.788771,3.4889,1375853
2001-06-29,5.856874,6.027132,5.856874,5.99308,3.612037,1867753
2001-07-02,5.924977,5.924977,5.822822,5.822822,3.509423,723901
2001-07-03,5.856874,5.959029,5.856874,5.924977,3.570991,464001
2001-07-04,5.924977,6.129287,5.924977,6.061183,3.653082,2021931
2001-07-05,6.129287,6.299545,6.129287,6.299545,3.796744,8118562
2001-07-06,6.333596,6.878422,6.333596,6.571957,3.960927,12369464
2001-07-09,6.537906,6.674112,6.537906,6.571957,3.960927,1998437
2001-07-10,6.571957,6.674112,6.571957,6.606009,3.981451,2700314
2001-07-11,6.606009,6.606009,6.503854,6.537906,3.940405,406735
2001-07-12,6.537906,6.571957,6.469803,6.469803,3.899358,891294
2001-07-13,6.537906,6.810318,6.503854,6.810318,4.104588,3262695
2001-07-16,6.810318,6.878422,6.674112,6.674112,4.022496,1911804
2001-07-17,6.776267,6.878422,6.742215,6.742215,4.063541,1745880
2001-07-18,6.776267,6.810318,6.742215,6.810318,4.104588,1356764
2001-07-19,6.810318,6.810318,6.708164,6.708164,4.043019,3195151
2001-07-20,6.640061,6.708164,6.606009,6.674112,4.022496,1092459
2001-07-23,6.674112,6.674112,6.469803,6.503854,3.919881,2208413
2001-07-24,6.469803,6.503854,6.401699,6.401699,3.858313,1679803
2001-07-25,6.401699,6.571957,6.401699,6.503854,3.919881,2507958
2001-07-26,6.503854,6.503854,6.333596,6.333596,3.817267,3656216
2001-07-27,6.333596,6.537906,6.333596,6.367648,3.83779,1553524
2001-07-30,6.367648,6.640061,6.367648,6.606009,3.981451,1932361
2001-07-31,6.606009,6.810318,6.606009,6.742215,4.063541,2993986
2001-08-01,6.742215,6.810318,6.640061,6.674112,4.022496,1126232
2001-08-02,6.674112,6.742215,6.571957,6.640061,4.001973,580002
2001-08-03,6.640061,6.674112,6.537906,6.537906,3.940405,1873627
2001-08-06,6.537906,6.571957,6.469803,6.571957,3.960927,740053
2001-08-07,6.503854,6.708164,6.503854,6.606009,3.981451,1121827
2001-08-08,6.503854,6.776267,6.503854,6.674112,4.022496,644610
2001-08-09,6.640061,6.640061,6.537906,6.571957,3.960927,315697
2001-08-10,6.571957,6.571957,6.435751,6.435751,3.878836,2311198
2001-08-13,6.469803,6.606009,6.469803,6.571957,3.960927,1060155
2001-08-14,6.571957,6.742215,6.571957,6.674112,4.022496,1306840
2001-08-15,6.674112,6.776267,6.571957,6.571957,3.960927,1687145
2001-08-16,6.674112,6.674112,6.537906,6.537906,3.940405,383241
2001-08-17,6.537906,6.606009,6.537906,6.537906,3.940405,742990
2001-08-20,6.503854,6.537906,6.435751,6.503854,3.919881,2218691
2001-08-21,6.503854,6.503854,6.469803,6.503854,3.919881,930940
2001-08-22,6.503854,6.571957,6.503854,6.571957,3.960927,399393
2001-08-23,6.571957,6.946525,6.571957,6.946525,4.18668,3178999
2001-08-24,6.946525,7.355144,6.946525,7.218938,4.350863,5366855
2001-08-27,7.218938,7.559454,7.218938,7.49135,4.515046,6826405
2001-08-28,7.423247,7.49135,7.423247,7.49135,4.515046,5938047
2001-08-29,7.355144,7.423247,7.287041,7.423247,4.474,2120311
2001-08-30,7.287041,7.355144,7.218938,7.287041,4.391909,1180561
2001-08-31,7.287041,7.287041,7.287041,7.287041,4.391909,0
2001-09-03,7.218938,7.423247,7.218938,7.287041,4.391909,961775
2001-09-04,7.218938,7.423247,7.218938,7.218938,4.350863,1832513
2001-09-05,7.218938,7.287041,7.218938,7.287041,4.391909,1952918
2001-09-06,7.287041,7.287041,7.150834,7.218938,4.350863,1381726
2001-09-07,7.150834,7.423247,7.082731,7.218938,4.350863,3098239
2001-09-10,7.150834,7.355144,7.082731,7.082731,4.268772,2924973
2001-09-11,7.082731,7.218938,6.810318,6.878422,4.145634,2678288
2001-09-12,6.878422,6.878422,6.878422,6.878422,4.145634,0
2001-09-13,6.810318,6.810318,6.469803,6.674112,4.022496,5347767
2001-09-14,6.674112,6.708164,6.571957,6.640061,4.001973,3447709
2001-09-17,6.537906,6.537906,6.333596,6.367648,3.83779,2941125
2001-09-18,6.367648,6.537906,6.061183,6.163338,3.714651,3653279
2001-09-19,6.231441,6.606009,6.129287,6.606009,3.981451,2129122
2001-09-20,6.537906,6.776267,6.401699,6.742215,4.063541,1221675
2001-09-21,6.537906,6.776267,6.401699,6.469803,3.899358,1497727
2001-09-24,6.469803,6.469803,6.469803,6.469803,3.899358,0
2001-09-25,6.571957,6.606009,6.299545,6.367648,3.83779,1328865
2001-09-26,6.333596,6.401699,6.163338,6.163338,3.714651,1748816
2001-09-27,6.163338,6.299545,6.095235,6.265493,3.776221,3430088
2001-09-28,6.265493,6.265493,6.265493,6.265493,3.776221,0
2001-10-01,6.333596,6.333596,6.163338,6.265493,3.776221,582938
2001-10-02,6.19739,6.265493,6.19739,6.265493,3.776221,428761
2001-10-03,6.265493,6.299545,6.19739,6.19739,3.735175,1093928
2001-10-04,6.231441,6.231441,5.99308,6.129287,3.69413,5061436
2001-10-05,6.129287,6.19739,6.095235,6.129287,3.69413,1719449
2001-10-08,6.095235,6.095235,5.924977,5.959029,3.591515,2049830
2001-10-09,5.924977,6.027132,5.890925,5.99308,3.612037,3527000
2001-10-10,5.99308,5.99308,5.788771,5.822822,3.509423,3529937
2001-10-11,5.856874,5.924977,5.822822,5.890925,3.550469,1647499
2001-10-12,5.959029,5.99308,5.856874,5.890925,3.550469,2187856
2001-10-15,5.890925,6.061183,5.890925,6.027132,3.632561,1314182
2001-10-16,6.061183,6.061183,5.924977,5.924977,3.570991,1513879
2001-10-17,5.924977,6.095235,5.924977,6.095235,3.673607,1474233
2001-10-18,6.095235,6.129287,6.027132,6.095235,3.673607,1051345
2001-10-19,6.095235,6.129287,5.99308,6.061183,3.653082,994079
2001-10-22,5.99308,5.99308,5.924977,5.959029,3.591515,626989
2001-10-23,5.99308,5.99308,5.924977,5.959029,3.591515,1273068
2001-10-24,5.99308,6.027132,5.959029,5.99308,3.612037,1814892
2001-10-25,5.99308,6.129287,5.99308,6.095235,3.673607,2079197
2001-10-26,6.095235,6.129287,6.027132,6.129287,3.69413,2189324
2001-10-29,6.129287,6.129287,6.027132,6.027132,3.632561,809066
2001-10-30,6.027132,6.061183,5.99308,5.99308,3.612037,1792867
2001-10-31,5.99308,5.99308,5.924977,5.959029,3.591515,2741428
2001-11-01,5.924977,5.924977,5.856874,5.890925,3.550469,1209928
2001-11-02,5.890925,5.99308,5.890925,5.959029,3.591515,1179093
2001-11-05,5.959029,5.959029,5.754719,5.788771,3.4889,1255447
2001-11-06,5.822822,5.890925,5.788771,5.822822,3.509423,1425777
2001-11-07,5.822822,5.856874,5.618513,5.720667,3.447853,1643094
2001-11-08,5.686616,5.822822,5.686616,5.822822,3.509423,1177624
2001-11-09,5.822822,5.822822,5.822822,5.822822,3.509423,0
2001-11-12,5.856874,5.890925,5.788771,5.890925,3.550469,1556461
2001-11-13,5.890925,6.095235,5.890925,6.095235,3.673607,905978
2001-11-14,6.095235,6.095235,6.095235,6.095235,3.673607,0
2001-11-15,6.129287,6.401699,6.129287,6.401699,3.858313,2770795
2001-11-16,6.401699,6.401699,6.265493,6.401699,3.858313,1713576
2001-11-19,6.333596,6.367648,6.095235,6.095235,3.673607,2099754
2001-11-20,6.095235,6.19739,5.959029,6.061183,3.653082,3177531
2001-11-21,5.99308,6.265493,5.99308,6.265493,3.776221,951497
2001-11-22,6.265493,6.265493,6.265493,6.265493,3.776221,0
2001-11-23,6.265493,6.401699,6.265493,6.367648,3.83779,1215802
2001-11-26,6.367648,6.367648,6.265493,6.299545,3.796744,1508005
2001-11-27,6.299545,6.299545,6.231441,6.265493,3.776221,1383195
2001-11-28,6.265493,6.299545,6.027132,6.299545,3.796744,2258337
2001-11-29,6.265493,6.299545,6.231441,6.299545,3.796744,1433119
2001-11-30,6.265493,6.367648,6.163338,6.163338,3.714651,2858896
2001-12-03,6.163338,6.435751,6.163338,6.401699,3.858313,1722386
2001-12-04,6.367648,6.435751,6.333596,6.367648,3.83779,4518143
2001-12-05,6.401699,6.674112,6.231441,6.231441,3.755698,10203633
2001-12-06,6.469803,6.606009,6.367648,6.571957,3.960927,6353593
2001-12-07,6.571957,6.946525,6.571957,6.878422,4.145634,5845541
2001-12-10,6.810318,6.878422,6.742215,6.776267,4.084065,1512410
2001-12-11,6.776267,6.810318,6.708164,6.742215,4.063541,493368
2001-12-12,6.742215,6.776267,6.571957,6.708164,4.043019,2336160
2001-12-13,6.742215,6.742215,6.503854,6.503854,3.919881,2610744
2001-12-14,6.469803,6.469803,6.367648,6.367648,3.83779,3192214
2001-12-17,6.367648,6.367648,6.367648,6.367648,3.83779,0
2001-12-18,6.367648,6.367648,6.367648,6.367648,3.83779,0
2001-12-19,6.367648,6.367648,6.367648,6.367648,3.83779,0
2001-12-20,6.367648,6.367648,6.163338,6.231441,3.755698,6360935
2001-12-21,6.231441,6.401699,6.231441,6.367648,3.83779,1325929
2001-12-24,6.401699,6.606009,6.401699,6.571957,3.960927,704812
2001-12-25,6.571957,6.571957,6.571957,6.571957,3.960927,0
2001-12-26,6.606009,6.776267,6.537906,6.776267,4.084065,1955855
2001-12-27,6.776267,6.878422,6.742215,6.878422,4.145634,2378743
2001-12-28,6.878422,6.878422,6.708164,6.810318,4.104588,1969070
2001-12-31,6.810318,7.014628,6.776267,7.014628,4.227726,9422466
2002-01-01,7.014628,7.014628,7.014628,7.014628,4.227726,0
2002-01-02,7.014628,7.014628,6.674112,6.674112,4.022496,1016105
2002-01-03,6.674112,6.674112,6.674112,6.674112,4.022496,0
2002-01-04,6.606009,6.878422,6.606009,6.878422,4.145634,4359560
2002-01-07,6.878422,6.946525,6.810318,6.810318,4.104588,1809019
2002-01-08,6.810318,6.810318,6.674112,6.742215,4.063541,1267194
2002-01-09,6.742215,6.878422,6.742215,6.810318,4.104588,1306840
2002-01-10,6.810318,6.946525,6.810318,6.878422,4.145634,1904462
2002-01-11,6.878422,6.946525,6.810318,6.878422,4.145634,1694487
2002-01-14,6.878422,6.878422,6.810318,6.810318,4.104588,483090
2002-01-15,6.810318,6.946525,6.810318,6.878422,4.145634,2378743
2002-01-16,6.878422,6.878422,6.810318,6.878422,4.145634,1502132
2002-01-17,6.810318,6.810318,6.742215,6.810318,4.104588,2789884
2002-01-18,6.810318,6.810318,6.742215,6.810318,4.104588,841370
2002-01-21,6.776267,6.810318,6.742215,6.810318,4.104588,917725
2002-01-22,6.810318,6.810318,6.640061,6.708164,4.043019,1463954
2002-01-23,6.708164,6.708164,6.537906,6.571957,3.960927,1421372
2002-01-24,6.606009,6.606009,6.333596,6.469803,3.899358,3659153
2002-01-25,6.435751,6.571957,6.401699,6.435751,3.878836,2534389
2002-01-28,6.435751,6.674112,6.435751,6.640061,4.001973,2499148
2002-01-29,6.640061,6.708164,6.606009,6.674112,4.022496,2093881
2002-01-30,6.674112,6.674112,6.571957,6.674112,4.022496,1447802
2002-01-31,6.674112,6.674112,6.674112,6.674112,4.022496,0
2002-02-01,6.674112,6.674112,6.674112,6.674112,4.022496,0
2002-02-04,6.708164,6.742215,6.674112,6.742215,4.063541,4406548
2002-02-05,6.674112,6.708164,6.640061,6.674112,4.022496,1973475
2002-02-06,6.674112,6.674112,6.640061,6.640061,4.001973,1306840
2002-02-07,6.640061,6.674112,6.469803,6.503854,3.919881,2273021
2002-02-08,6.503854,6.571957,6.503854,6.537906,3.940405,2340565
2002-02-11,6.537906,6.537906,6.537906,6.537906,3.940405,0
2002-02-12,6.537906,6.537906,6.537906,6.537906,3.940405,0
2002-02-13,6.537906,6.537906,6.537906,6.537906,3.940405,0
2002-02-14,6.571957,6.571957,6.435751,6.469803,3.899358,1162941
2002-02-15,6.469803,6.606009,6.469803,6.606009,3.981451,2199603
2002-02-18,6.606009,6.674112,6.537906,6.640061,4.001973,1782589
2002-02-19,6.640061,6.640061,6.503854,6.571957,3.960927,3026289
2002-02-20,6.571957,6.571957,6.401699,6.435751,3.878836,2574035
2002-02-21,6.435751,6.469803,6.299545,6.367648,3.83779,4949841
2002-02-22,6.367648,6.367648,6.163338,6.299545,3.796744,5691363
2002-02-25,6.299545,6.333596,6.231441,6.333596,3.817267,3924926
2002-02-26,6.333596,6.367648,6.265493,6.299545,3.796744,3719355
2002-02-27,6.333596,6.367648,6.265493,6.265493,3.776221,3333177
2002-02-28,6.265493,6.333596,6.231441,6.333596,3.817267,7269850
2002-03-01,6.299545,6.333596,6.265493,6.299545,3.796744,1996969
2002-03-04,6.299545,6.401699,6.299545,6.367648,3.83779,3284721
2002-03-05,6.401699,6.537906,6.367648,6.469803,3.899358,5434400
2002-03-06,6.469803,6.469803,6.401699,6.469803,3.899358,2030741
2002-03-07,6.401699,6.469803,6.367648,6.401699,3.858313,1657778
2002-03-08,6.401699,6.435751,6.367648,6.401699,3.858313,3126138
2002-03-11,6.435751,6.537906,6.435751,6.537906,3.940405,4761891
2002-03-12,6.537906,6.537906,6.333596,6.367648,3.83779,2342034
2002-03-13,6.367648,6.435751,6.367648,6.367648,3.83779,1327397
2002-03-14,6.367648,6.401699,6.333596,6.333596,3.817267,3196619
2002-03-15,6.333596,6.333596,6.333596,6.333596,3.817267,0
2002-03-18,6.333596,6.401699,6.265493,6.299545,3.796744,3926394
2002-03-19,6.299545,6.299545,6.095235,6.163338,3.714651,7761750
2002-03-20,6.19739,6.231441,6.163338,6.163338,3.714651,1537372
2002-03-21,6.163338,6.265493,6.163338,6.265493,3.776221,2252464
2002-03-22,6.265493,6.299545,6.231441,6.265493,3.776221,1833981
2002-03-25,6.265493,6.299545,6.231441,6.299545,3.796744,1111548
2002-03-26,6.265493,6.367648,6.265493,6.333596,3.817267,2839808
2002-03-27,6.333596,6.401699,6.333596,6.401699,3.858313,932408
2002-03-28,6.401699,6.401699,6.299545,6.367648,3.83779,1588765
2002-03-29,6.367648,6.401699,6.299545,6.333596,3.817267,1635753
2002-04-01,6.333596,6.401699,6.299545,6.401699,3.858313,1485980
2002-04-02,6.367648,6.367648,6.299545,6.367648,3.83779,1271599
2002-04-03,6.333596,6.367648,6.265493,6.333596,3.817267,2502085
2002-04-04,6.333596,6.333596,6.231441,6.231441,3.755698,3029226
2002-04-05,6.231441,6.265493,6.19739,6.231441,3.755698,1503600
2002-04-08,6.265493,6.265493,6.231441,6.231441,3.755698,4004217
2002-04-09,6.231441,6.333596,6.231441,6.299545,3.796744,3462392
2002-04-10,6.299545,6.299545,6.163338,6.231441,3.755698,7192027
2002-04-11,6.231441,6.265493,6.19739,6.231441,3.755698,2246590
2002-04-12,6.231441,6.231441,6.19739,6.19739,3.735175,2001374
2002-04-15,6.19739,6.299545,6.19739,6.265493,3.776221,6481341
2002-04-16,6.265493,6.299545,6.231441,6.265493,3.776221,5311058
2002-04-17,6.299545,6.367648,6.299545,6.367648,3.83779,3499101
2002-04-18,6.367648,6.367648,6.231441,6.231441,3.755698,3983660
2002-04-19,6.231441,6.435751,6.231441,6.401699,3.858313,3077682
2002-04-22,6.401699,6.708164,6.401699,6.674112,4.022496,4198041
2002-04-23,6.674112,7.082731,6.674112,6.946525,4.18668,10171329
2002-04-24,6.946525,6.946525,6.810318,6.878422,4.145634,2759048
2002-04-25,6.878422,6.878422,6.878422,6.878422,4.145634,0
2002-04-26,6.878422,6.946525,6.810318,6.810318,4.104588,2734086
2002-04-29,6.810318,6.810318,6.571957,6.606009,3.981451,1328865
2002-04-30,6.606009,6.640061,6.469803,6.606009,3.981451,3742849
2002-05-01,6.606009,6.606009,6.606009,6.606009,3.981451,0
2002-05-02,6.606009,6.674112,6.606009,6.640061,4.001973,2419857
2002-05-03,6.606009,6.674112,6.606009,6.640061,4.001973,866332
2002-05-06,6.606009,6.606009,6.469803,6.503854,3.919881,1563803
2002-05-07,6.469803,6.469803,6.299545,6.333596,3.817267,2841276
2002-05-08,6.299545,6.367648,6.299545,6.333596,3.817267,3366949
2002-05-09,6.367648,6.401699,6.265493,6.265493,3.776221,4302294
2002-05-10,6.299545,6.299545,6.231441,6.299545,3.796744,3998344
2002-05-13,6.299545,6.299545,6.231441,6.265493,3.776221,2419857
2002-05-14,6.299545,6.333596,6.265493,6.265493,3.776221,2215755
2002-05-15,6.299545,6.333596,6.265493,6.299545,3.796744,904509
2002-05-16,6.299545,6.333596,6.265493,6.299545,3.796744,1751753
2002-05-17,6.299545,6.299545,6.231441,6.299545,3.796744,2966087
2002-05-20,6.299545,6.299545,6.231441,6.265493,3.776221,1688614
2002-05-21,6.265493,6.299545,6.265493,6.299545,3.796744,1110080
2002-05-22,6.299545,6.333596,6.231441,6.265493,3.776221,3788368
2002-05-23,6.231441,6.231441,6.163338,6.19739,3.735175,4084977
2002-05-24,6.19739,6.19739,6.129287,6.163338,3.714651,3353734
2002-05-27,6.163338,6.163338,6.163338,6.163338,3.714651,0
2002-05-28,6.163338,6.163338,6.095235,6.129287,3.69413,5353640
2002-05-29,6.129287,6.129287,6.061183,6.095235,3.673607,9335832
2002-05-30,6.095235,6.095235,5.959029,5.99308,3.612037,12892200
2002-05-31,5.959029,5.959029,5.788771,5.822822,3.509423,4477029
2002-06-03,5.822822,5.856874,5.788771,5.822822,3.509423,1941171
2002-06-04,5.822822,5.856874,5.788771,5.822822,3.509423,2140868
2002-06-05,5.856874,5.856874,5.720667,5.754719,3.468377,5324273
2002-06-06,5.754719,5.788771,5.754719,5.754719,3.468377,3093834
2002-06-07,5.754719,5.788771,5.754719,5.754719,3.468377,2212818
2002-06-10,5.754719,5.754719,5.618513,5.720667,3.447853,4126091
2002-06-11,5.720667,5.754719,5.686616,5.720667,3.447853,2309730
2002-06-12,5.720667,5.754719,5.720667,5.720667,3.447853,3026289
2002-06-13,5.788771,5.822822,5.754719,5.822822,3.509423,1374384
2002-06-14,5.788771,5.822822,5.754719,5.788771,3.4889,988206
2002-06-17,5.788771,5.822822,5.720667,5.822822,3.509423,1286283
2002-06-18,5.822822,5.856874,5.788771,5.822822,3.509423,763547
2002-06-19,5.822822,5.822822,5.754719,5.822822,3.509423,4927816
2002-06-20,5.822822,5.890925,5.788771,5.890925,3.550469,1051345
2002-06-21,5.822822,5.890925,5.822822,5.856874,3.529946,3416873
2002-06-24,5.788771,5.788771,5.720667,5.788771,3.4889,3190746
2002-06-25,5.754719,5.788771,5.686616,5.754719,3.468377,2902947
2002-06-26,5.788771,5.788771,5.414203,5.550409,3.345238,6337441
2002-06-27,5.550409,5.550409,5.3461,5.380152,3.242625,4783916
2002-06-28,5.380152,5.482306,5.380152,5.414203,3.263147,5018854
2002-07-01,5.448255,5.448255,5.243945,5.3461,3.222101,2184919
2002-07-02,5.3461,5.448255,5.3461,5.448255,3.283671,2051298
2002-07-03,5.482306,5.482306,5.414203,5.482306,3.304192,2018995
2002-07-04,5.482306,5.516358,5.448255,5.448255,3.283671,1891247
2002-07-05,5.448255,5.550409,5.448255,5.482306,3.304192,2086539
2002-07-08,5.550409,5.550409,5.448255,5.482306,3.304192,1199650
2002-07-09,5.448255,5.516358,5.448255,5.516358,3.324716,1278941
2002-07-10,5.516358,5.550409,5.482306,5.482306,3.304192,1211397
2002-07-11,5.448255,5.516358,5.448255,5.516358,3.324716,770889
2002-07-12,5.482306,5.618513,5.482306,5.584461,3.365762,694534
2002-07-15,5.550409,5.720667,5.516358,5.584461,3.365762,1118890
2002-07-16,5.584461,5.652564,5.516358,5.550409,3.345238,1111548
2002-07-17,5.550409,5.550409,5.482306,5.550409,3.345238,2315603
2002-07-18,5.550409,5.584461,5.482306,5.584461,3.365762,1374384
2002-07-19,5.550409,5.550409,5.516358,5.516358,3.324716,1005826
2002-07-22,5.516358,5.516358,5.380152,5.482306,3.304192,2810441
2002-07-23,5.414203,5.482306,5.380152,5.482306,3.304192,685724
2002-07-24,5.448255,5.448255,5.209894,5.209894,3.140009,2905884
2002-07-25,5.312048,5.3461,5.175842,5.277997,3.181056,2920568
2002-07-26,5.277997,5.380152,5.277997,5.380152,3.242625,355343
2002-07-29,5.380152,5.414203,5.380152,5.414203,3.263147,199696
2002-07-30,5.448255,5.516358,5.448255,5.482306,3.304192,903041
2002-07-31,5.448255,5.516358,5.448255,5.482306,3.304192,1405220
2002-08-01,5.482306,5.516358,5.482306,5.516358,3.324716,490432
2002-08-02,5.448255,5.550409,5.448255,5.516358,3.324716,1083649
2002-08-05,5.482306,5.584461,5.482306,5.584461,3.365762,283393
2002-08-06,5.550409,5.550409,5.516358,5.550409,3.345238,876610
2002-08-07,5.550409,5.584461,5.550409,5.584461,3.365762,634331
2002-08-08,5.550409,5.584461,5.550409,5.550409,3.345238,393520
2002-08-09,5.550409,5.584461,5.516358,5.516358,3.324716,168861
2002-08-12,5.516358,5.550409,5.516358,5.550409,3.345238,82228
2002-08-13,5.550409,5.686616,5.550409,5.652564,3.406808,491900
2002-08-14,5.618513,5.652564,5.584461,5.652564,3.406808,691597
2002-08-15,5.686616,5.754719,5.652564,5.720667,3.447853,439039
2002-08-16,5.754719,5.788771,5.720667,5.754719,3.468377,559445
2002-08-19,5.720667,5.720667,5.720667,5.720667,3.447853,160051
2002-08-20,5.720667,5.754719,5.720667,5.754719,3.468377,497774
2002-08-21,5.720667,5.720667,5.618513,5.720667,3.447853,433166
2002-08-22,5.686616,5.720667,5.686616,5.720667,3.447853,609369
2002-08-23,5.720667,5.720667,5.720667,5.720667,3.447853,0
2002-08-26,5.652564,5.720667,5.652564,5.720667,3.447853,182076
2002-08-27,5.720667,5.754719,5.686616,5.754719,3.468377,356811
2002-08-28,5.720667,5.720667,5.686616,5.720667,3.447853,343596
2002-08-29,5.686616,5.686616,5.448255,5.550409,3.345238,1364106
2002-08-30,5.516358,5.516358,5.277997,5.3461,3.222101,3281784
2002-09-02,5.3461,5.448255,5.3461,5.448255,3.283671,242279
2002-09-03,5.448255,5.448255,5.380152,5.414203,3.263147,1682740
2002-09-04,5.414203,5.414203,5.3461,5.380152,3.242625,675445
2002-09-05,5.3461,5.380152,5.312048,5.3461,3.222101,1729728
2002-09-06,5.3461,5.414203,5.312048,5.3461,3.222101,1233422
2002-09-09,5.3461,5.3461,5.175842,5.277997,3.181056,709217
2002-09-10,5.3461,5.414203,5.243945,5.414203,3.263147,273114
2002-09-11,5.380152,5.380152,5.277997,5.312048,3.201578,465470
2002-09-12,5.312048,5.3461,5.277997,5.312048,3.201578,2149679
2002-09-13,5.312048,5.312048,5.175842,5.243945,3.160532,1458081
2002-09-16,5.175842,5.277997,5.175842,5.243945,3.160532,1019041
2002-09-17,5.277997,5.277997,5.209894,5.243945,3.160532,939750
2002-09-18,5.209894,5.243945,5.107739,5.175842,3.119486,1196713
2002-09-19,5.175842,5.175842,5.107739,5.175842,3.119486,1698892
2002-09-20,5.107739,5.175842,5.073687,5.14179,3.098963,1427245
2002-09-23,5.14179,5.14179,5.039636,5.073687,3.057918,814939
2002-09-24,5.039636,5.039636,4.937481,4.971532,2.996348,1371448
2002-09-25,4.937481,4.937481,4.869378,4.903429,2.955303,1653373
2002-09-26,4.937481,4.971532,4.767223,4.869378,2.934781,1759095
2002-09-27,4.903429,4.971532,4.903429,4.903429,2.955303,989674
2002-09-30,4.835326,4.903429,4.801274,4.835326,2.914258,1778183
2002-10-01,4.801274,4.903429,4.801274,4.869378,2.934781,1729728
2002-10-02,4.869378,4.971532,4.869378,4.903429,2.955303,538888
2002-10-03,4.903429,4.937481,4.869378,4.903429,2.955303,961775
2002-10-04,4.903429,4.971532,4.903429,4.937481,2.975827,1186434
2002-10-07,4.903429,5.005584,4.903429,4.971532,2.996348,660762
2002-10-08,4.937481,5.107739,4.869378,5.107739,3.078441,2107096
2002-10-09,4.971532,5.14179,4.971532,5.14179,3.098963,1020510
2002-10-10,5.039636,5.073687,5.005584,5.039636,3.037396,756205
2002-10-11,5.039636,5.073687,5.005584,5.039636,3.037396,1095396
2002-10-14,5.039636,5.039636,4.971532,5.005584,3.016872,1173219
2002-10-15,5.005584,5.039636,4.903429,4.937481,2.975827,720964
2002-10-16,4.937481,5.107739,4.937481,5.107739,3.078441,284861
2002-10-17,5.039636,5.107739,5.039636,5.107739,3.078441,559445
2002-10-18,5.107739,5.175842,5.107739,5.175842,3.119486,1008763
2002-10-21,5.175842,5.175842,5.107739,5.175842,3.119486,665167
2002-10-22,5.175842,5.175842,5.14179,5.175842,3.119486,629926
2002-10-23,5.175842,5.209894,5.14179,5.209894,3.140009,455191
2002-10-24,5.175842,5.243945,5.14179,5.243945,3.160532,1127700
2002-10-25,5.243945,5.243945,5.209894,5.209894,3.140009,337722
2002-10-28,5.209894,5.209894,5.209894,5.209894,3.140009,0
2002-10-29,5.175842,5.243945,5.175842,5.209894,3.140009,753268
2002-10-30,5.209894,5.243945,5.209894,5.243945,3.160532,372963
2002-10-31,5.243945,5.243945,5.175842,5.243945,3.160532,521267
2002-11-01,5.243945,5.243945,5.175842,5.209894,3.140009,132152
2002-11-04,5.209894,5.209894,5.209894,5.209894,3.140009,0
2002-11-05,5.243945,5.312048,4.971532,4.971532,2.996348,656356
2002-11-06,5.073687,5.277997,5.073687,5.243945,3.160532,444913
2002-11-07,5.243945,5.243945,5.073687,5.107739,3.078441,223190
2002-11-08,5.107739,5.175842,5.107739,5.107739,3.078441,566786
2002-11-11,5.073687,5.107739,5.073687,5.073687,3.057918,418482
2002-11-12,5.073687,5.073687,5.005584,5.039636,3.037396,246684
2002-11-13,5.005584,5.039636,4.835326,4.869378,2.934781,1534436
2002-11-14,4.903429,4.937481,4.869378,4.903429,2.955303,853117
2002-11-15,4.903429,4.903429,4.869378,4.903429,2.955303,560913
2002-11-18,4.903429,4.937481,4.903429,4.903429,2.955303,220254
2002-11-19,4.937481,4.937481,4.869378,4.903429,2.955303,973522
2002-11-20,4.903429,4.937481,4.869378,4.869378,2.934781,270178
2002-11-21,4.903429,4.903429,4.835326,4.903429,2.955303,462533
2002-11-22,4.903429,4.971532,4.903429,4.937481,2.975827,591749
2002-11-25,4.903429,5.005584,4.903429,4.971532,2.996348,208507
2002-11-26,4.937481,4.971532,4.937481,4.937481,2.975827,154177
2002-11-27,4.903429,4.937481,4.869378,4.869378,2.934781,745926
2002-11-28,4.903429,5.005584,4.903429,4.903429,2.955303,459596
2002-11-29,4.903429,4.971532,4.869378,4.903429,2.955303,917725
2002-12-02,4.903429,4.903429,4.903429,4.903429,2.955303,0
2002-12-03,4.801274,4.801274,4.665068,4.801274,2.893734,1042535
2002-12-04,4.767223,4.801274,4.665068,4.69912,2.832166,1171751
2002-12-05,4.69912,4.69912,4.69912,4.69912,2.832166,0
2002-12-06,4.69912,4.69912,4.69912,4.69912,2.832166,0
2002-12-09,4.767223,5.005584,4.767223,5.005584,3.016872,1038130
2002-12-10,5.005584,5.175842,5.005584,5.073687,3.057918,2221628
2002-12-11,5.107739,5.107739,5.005584,5.073687,3.057918,867800
2002-12-12,5.039636,5.039636,4.835326,4.971532,2.996348,765015
2002-12-13,4.937481,4.937481,4.903429,4.903429,2.955303,96911
2002-12-16,4.869378,4.937481,4.801274,4.937481,2.975827,1258384
2002-12-17,4.937481,5.14179,4.937481,5.107739,3.078441,1052814
2002-12-18,5.107739,5.175842,5.073687,5.175842,3.119486,1883905
2002-12-19,5.107739,5.209894,5.107739,5.175842,3.119486,954434
2002-12-20,5.14179,5.277997,5.14179,5.277997,3.181056,1289220
2002-12-23,5.175842,5.3461,5.175842,5.3461,3.222101,1165877
2002-12-24,5.312048,5.312048,5.277997,5.277997,3.181056,1005826
2002-12-25,5.277997,5.277997,5.277997,5.277997,3.181056,0
2002-12-26,5.243945,5.3461,5.209894,5.3461,3.222101,972054
2002-12-27,5.312048,5.448255,5.277997,5.414203,3.263147,2588718
2002-12-30,5.380152,5.448255,5.277997,5.3461,3.222101,2099754
2002-12-31,5.3461,5.414203,5.243945,5.380152,3.242625,6642860
2003-01-01,5.380152,5.380152,5.380152,5.380152,3.242625,0
2003-01-02,5.175842,5.175842,5.14179,5.14179,3.098963,86633
2003-01-03,5.14179,5.175842,5.005584,5.175842,3.119486,343596
2003-01-06,5.14179,5.14179,4.971532,5.039636,3.037396,1130637
2003-01-07,5.039636,5.039636,4.937481,5.039636,3.037396,1271599
2003-01-08,5.005584,5.005584,4.869378,4.869378,2.934781,342127
2003-01-09,4.869378,5.005584,4.835326,5.005584,3.016872,462533
2003-01-10,5.005584,5.107739,4.869378,5.039636,3.037396,2756111
2003-01-13,5.039636,5.312048,5.039636,5.312048,3.201578,2497680
2003-01-14,5.3461,5.414203,5.312048,5.3461,3.222101,4872018
2003-01-15,5.380152,5.380152,5.277997,5.3461,3.222101,2255400
2003-01-16,5.312048,5.414203,5.312048,5.380152,3.242625,2682693
2003-01-17,5.380152,5.414203,5.3461,5.414203,3.263147,2600465
2003-01-20,5.3461,5.448255,5.312048,5.448255,3.283671,1299498
2003-01-21,5.414203,5.448255,5.414203,5.448255,3.283671,1809019
2003-01-22,5.414203,5.448255,5.380152,5.414203,3.263147,1077776
2003-01-23,5.380152,5.448255,5.380152,5.414203,3.263147,1534436
2003-01-24,5.414203,5.482306,5.380152,5.482306,3.304192,2763453
2003-01-27,5.448255,5.516358,5.312048,5.482306,3.304192,4667916
2003-01-28,5.380152,5.550409,5.380152,5.516358,3.324716,2220160
2003-01-29,5.516358,5.516358,5.3461,5.3461,3.222101,408204
2003-01-30,5.3461,5.448255,5.277997,5.312048,3.201578,1469828
2003-01-31,5.312048,5.312048,5.312048,5.312048,3.201578,0
2003-02-03,5.312048,5.312048,5.312048,5.312048,3.201578,0
2003-02-04,5.312048,5.312048,5.312048,5.312048,3.201578,0
2003-02-05,5.312048,5.448255,5.312048,5.380152,3.242625,1123295
2003-02-06,5.3461,5.380152,5.3461,5.380152,3.242625,1409625
2003-02-07,5.312048,5.380152,5.312048,5.312048,3.201578,1985222
2003-02-10,5.277997,5.380152,5.243945,5.380152,3.242625,2544667
2003-02-11,5.380152,5.414203,5.3461,5.414203,3.263147,989674
2003-02-12,5.414203,5.414203,5.414203,5.414203,3.263147,0
2003-02-13,5.380152,5.414203,5.277997,5.380152,3.242625,665167
2003-02-14,5.380152,5.414203,5.312048,5.414203,3.263147,867800
2003-02-17,5.414203,5.414203,5.380152,5.414203,3.263147,314229
2003-02-18,5.380152,5.380152,5.3461,5.3461,3.222101,466938
2003-02-19,5.3461,5.380152,5.312048,5.380152,3.242625,728306
2003-02-20,5.3461,5.3461,5.277997,5.3461,3.222101,898636
2003-02-21,5.312048,5.3461,5.243945,5.3461,3.222101,851648
2003-02-24,5.312048,5.312048,5.277997,5.312048,3.201578,1014636
2003-02-25,5.243945,5.3461,5.243945,5.3461,3.222101,720964
2003-02-26,5.3461,5.380152,5.277997,5.380152,3.242625,734180
2003-02-27,5.3461,5.414203,5.243945,5.380152,3.242625,1778183
2003-02-28,5.277997,5.312048,5.277997,5.277997,3.181056,1042535
2003-03-03,5.277997,5.312048,5.209894,5.243945,3.160532,603495
2003-03-04,5.243945,5.243945,5.243945,5.243945,3.160532,0
2003-03-05,5.209894,5.209894,5.14179,5.175842,3.119486,656356
2003-03-06,5.175842,5.209894,5.073687,5.175842,3.119486,1328865
2003-03-07,5.14179,5.175842,5.073687,5.14179,3.098963,1151194
2003-03-10,5.107739,5.107739,4.937481,5.039636,3.037396,2559351
2003-03-11,4.971532,4.971532,4.903429,4.903429,2.955303,471343
2003-03-12,4.937481,5.073687,4.937481,5.039636,3.037396,1328865
2003-03-13,4.971532,5.005584,4.971532,5.005584,3.016872,841370
2003-03-14,5.039636,5.073687,4.971532,4.971532,2.996348,490432
2003-03-17,4.971532,4.971532,4.937481,4.971532,2.996348,687192
2003-03-18,5.039636,5.039636,4.903429,4.903429,2.955303,1321524
2003-03-19,4.971532,4.971532,4.835326,4.903429,2.955303,1455144
2003-03-20,4.903429,4.937481,4.869378,4.903429,2.955303,1603449
2003-03-21,4.903429,4.937481,4.869378,4.869378,2.934781,1020510
2003-03-24,4.903429,5.005584,4.903429,4.937481,2.975827,1265726
2003-03-25,4.903429,4.937481,4.869378,4.903429,2.955303,336254
2003-03-26,4.903429,4.937481,4.903429,4.937481,2.975827,672508
2003-03-27,4.937481,4.937481,4.903429,4.903429,2.955303,308355
2003-03-28,4.903429,4.937481,4.869378,4.869378,2.934781,342127
2003-03-31,4.903429,4.937481,4.869378,4.869378,2.934781,693065
2003-04-01,4.869378,4.903429,4.835326,4.903429,2.955303,240811
2003-04-02,4.835326,4.903429,4.835326,4.903429,2.955303,358279
2003-04-03,4.937481,4.937481,4.937481,4.937481,2.975827,36709
2003-04-04,4.903429,5.107739,4.903429,5.039636,3.037396,904509
2003-04-07,5.005584,5.107739,4.971532,5.039636,3.037396,418482
2003-04-08,5.039636,5.073687,5.005584,5.039636,3.037396,145367
2003-04-09,4.971532,5.005584,4.869378,4.971532,2.996348,1443397
2003-04-10,4.937481,4.937481,4.937481,4.937481,2.975827,85164
2003-04-11,4.971532,4.971532,4.903429,4.903429,2.955303,560913
2003-04-14,4.903429,4.903429,4.869378,4.903429,2.955303,644610
2003-04-15,4.903429,4.903429,4.835326,4.869378,2.934781,574128
2003-04-16,4.869378,5.005584,4.869378,5.005584,3.016872,584407
2003-04-17,5.005584,5.039636,4.971532,5.005584,3.016872,255494
2003-04-18,5.039636,5.073687,5.005584,5.073687,3.057918,682787
2003-04-21,5.039636,5.039636,5.039636,5.039636,3.037396,375900
2003-04-22,5.073687,5.107739,5.039636,5.039636,3.037396,979396
2003-04-23,5.039636,5.073687,5.005584,5.005584,3.016872,941218
2003-04-24,5.005584,5.005584,4.869378,4.869378,2.934781,678382
2003-04-25,4.903429,4.937481,4.869378,4.869378,2.934781,25108
2003-04-28,4.903429,4.937481,4.869378,4.937481,2.975827,1543980
2003-04-29,4.937481,5.005584,4.937481,4.971532,2.996348,234790
2003-04-30,5.005584,5.039636,5.005584,5.039636,3.037396,368117
2003-05-01,5.039636,5.039636,5.039636,5.039636,3.037396,0
2003-05-02,5.005584,5.005584,4.971532,4.971532,2.996348,183251
2003-05-05,4.971532,5.039636,4.971532,5.039636,3.037396,173266
2003-05-06,5.005584,5.039636,4.971532,4.971532,2.996348,314229
2003-05-07,4.971532,4.971532,4.903429,4.903429,2.955303,480153
2003-05-08,4.903429,4.903429,4.869378,4.869378,2.934781,331555
2003-05-09,4.903429,4.937481,4.869378,4.869378,2.934781,2732177
2003-05-12,4.903429,5.039636,4.903429,5.039636,3.037396,699820
2003-05-13,5.039636,5.039636,4.971532,5.005584,3.016872,937401
2003-05-14,5.005584,5.005584,5.005584,5.005584,3.016872,0
2003-05-15,5.005584,5.005584,5.005584,5.005584,3.016872,0
2003-05-16,5.005584,5.039636,5.005584,5.005584,3.016872,1939703
2003-05-19,5.005584,5.039636,4.971532,5.005584,3.016872,403358
2003-05-20,5.005584,5.039636,5.005584,5.039636,3.037396,465176
2003-05-21,5.039636,5.175842,5.039636,5.175842,3.119486,796732
2003-05-22,5.175842,5.209894,5.107739,5.175842,3.119486,666929
2003-05-23,5.175842,5.312048,5.175842,5.277997,3.181056,768686
2003-05-26,5.243945,5.312048,5.175842,5.243945,3.160532,914935
2003-05-27,5.243945,5.243945,5.14179,5.14179,3.098963,304537
2003-05-28,5.175842,5.243945,5.14179,5.209894,3.140009,703344
2003-05-29,5.243945,5.414203,5.243945,5.3461,3.222101,1114485
2003-05-30,5.3461,5.482306,5.277997,5.277997,3.181056,1672168
2003-06-02,5.3461,5.380152,5.277997,5.312048,3.201578,1185260
2003-06-03,5.3461,5.414203,5.312048,5.380152,3.242625,309530
2003-06-04,5.3461,5.414203,5.3461,5.380152,3.242625,112035
2003-06-05,5.380152,5.550409,5.380152,5.482306,3.304192,1791252
2003-06-06,5.482306,5.550409,5.448255,5.516358,3.324716,564290
2003-06-09,5.482306,5.550409,5.482306,5.482306,3.304192,1383341
2003-06-10,5.448255,5.516358,5.448255,5.448255,3.283671,488523
2003-06-11,5.482306,5.516358,5.414203,5.482306,3.304192,1697130
2003-06-12,5.516358,5.516358,5.414203,5.448255,3.283671,476042
2003-06-13,5.448255,5.482306,5.414203,5.448255,3.283671,686017
2003-06-16,5.380152,5.482306,5.3461,5.448255,3.283671,445940
2003-06-17,5.448255,5.448255,5.414203,5.414203,3.263147,424943
2003-06-18,5.414203,5.482306,5.414203,5.448255,3.283671,906712
2003-06-19,5.414203,5.448255,5.3461,5.380152,3.242625,274730
2003-06-20,5.380152,5.414203,5.380152,5.414203,3.263147,592483
2003-06-23,5.414203,5.448255,5.414203,5.448255,3.283671,463708
2003-06-24,5.414203,5.414203,5.312048,5.312048,3.201578,412021
2003-06-25,5.312048,5.414203,5.312048,5.380152,3.242625,487789
2003-06-26,5.380152,5.380152,5.312048,5.380152,3.242625,1413149
2003-06-27,5.3461,5.380152,5.3461,5.3461,3.222101,1592876
2003-06-30,5.3461,5.380152,5.3461,5.3461,3.222101,2459356
2003-07-01,5.3461,5.3461,5.312048,5.3461,3.222101,685724
2003-07-02,5.3461,5.380152,5.312048,5.3461,3.222101,6963403
2003-07-03,5.3461,5.516358,5.3461,5.482306,3.304192,9159629
2003-07-04,5.482306,5.516358,5.448255,5.516358,3.324716,3621416
2003-07-07,5.516358,5.652564,5.516358,5.618513,3.386285,4841770
2003-07-08,5.652564,5.686616,5.584461,5.618513,3.386285,2850380
2003-07-09,5.584461,5.618513,5.516358,5.550409,3.345238,1161913
2003-07-10,5.550409,5.618513,5.550409,5.618513,3.386285,1709905
2003-07-11,5.584461,5.584461,5.482306,5.584461,3.365762,1030201
2003-07-14,5.550409,5.584461,5.448255,5.482306,3.304192,2478298
2003-07-15,5.482306,5.516358,5.448255,5.516358,3.324716,2572860
2003-07-16,5.516358,5.516358,5.414203,5.482306,3.304192,2996335
2003-07-17,5.482306,5.482306,5.380152,5.414203,3.263147,1034312
2003-07-18,5.380152,5.380152,5.312048,5.380152,3.242625,1538107
2003-07-21,5.3461,5.414203,5.277997,5.380152,3.242625,2583726
2003-07-22,5.380152,5.380152,5.380152,5.380152,3.242625,0
2003-07-23,5.3461,5.414203,5.3461,5.380152,3.242625,3202933
2003-07-24,5.3461,5.380152,5.3461,5.3461,3.222101,677354
2003-07-25,5.312048,5.380152,5.277997,5.312048,3.201578,1737657
2003-07-28,5.312048,5.380152,5.277997,5.380152,3.242625,501591
2003-07-29,5.380152,5.380152,5.312048,5.3461,3.222101,377662
2003-07-30,5.3461,5.414203,5.312048,5.414203,3.263147,1608294
2003-07-31,5.380152,5.414203,5.3461,5.414203,3.263147,1909014
2003-08-01,5.380152,5.448255,5.380152,5.414203,3.263147,1317999
2003-08-04,5.380152,5.414203,5.312048,5.414203,3.263147,658265
2003-08-05,5.380152,5.414203,5.312048,5.414203,3.263147,2869762
2003-08-06,5.3461,5.3461,5.277997,5.3461,3.222101,1355883
2003-08-07,5.312048,5.3461,5.277997,5.312048,3.201578,1692725
2003-08-08,5.277997,5.3461,5.277997,5.277997,3.181056,1618279
2003-08-11,5.277997,5.312048,5.243945,5.243945,3.160532,1798300
2003-08-12,5.243945,5.277997,5.14179,5.14179,3.098963,1672902
2003-08-13,5.175842,5.209894,5.107739,5.107739,3.078441,1609616
2003-08-14,5.107739,5.175842,5.107739,5.175842,3.119486,2223537
2003-08-15,5.14179,5.14179,5.107739,5.14179,3.098963,1501251
2003-08-18,5.175842,5.175842,5.107739,5.107739,3.078441,1390536
2003-08-19,5.107739,5.175842,5.107739,5.175842,3.119486,748569
2003-08-20,5.14179,5.209894,5.14179,5.175842,3.119486,1457347
2003-08-21,5.175842,5.3461,5.14179,5.3461,3.222101,2298864
2003-08-22,5.3461,5.448255,5.312048,5.414203,3.263147,1845875
2003-08-25,5.448255,5.448255,5.380152,5.414203,3.263147,2000346
2003-08-26,5.380152,5.380152,5.312048,5.380152,3.242625,1053548
2003-08-27,5.380152,5.380152,5.277997,5.3461,3.222101,1176303
2003-08-28,5.3461,5.3461,5.243945,5.312048,3.201578,565759
2003-08-29,5.312048,5.312048,5.209894,5.277997,3.181056,2130296
2003-09-01,5.277997,5.277997,5.277997,5.277997,3.181056,0
2003-09-02,5.243945,5.277997,5.209894,5.277997,3.181056,792473
2003-09-03,5.243945,5.312048,5.243945,5.312048,3.201578,581323
2003-09-04,5.277997,5.380152,5.243945,5.312048,3.201578,3138619
2003-09-05,5.3461,5.448255,5.3461,5.380152,3.242625,2547457
2003-09-08,5.380152,5.380152,5.312048,5.312048,3.201578,1146935
2003-09-09,5.312048,5.3461,5.277997,5.3461,3.222101,1543833
2003-09-10,5.312048,5.3461,5.209894,5.277997,3.181056,1063092
2003-09-11,5.312048,5.3461,5.277997,5.277997,3.181056,1683621
2003-09-12,5.277997,5.3461,5.277997,5.277997,3.181056,346239
2003-09-15,5.312048,5.3461,5.277997,5.3461,3.222101,910676
2003-09-16,5.3461,5.3461,5.277997,5.3461,3.222101,810828
2003-09-17,5.312048,5.448255,5.312048,5.380152,3.242625,2414571
2003-09-18,5.380152,5.414203,5.277997,5.312048,3.201578,508199
2003-09-19,5.3461,5.3461,5.277997,5.277997,3.181056,382214
2003-09-22,5.243945,5.243945,5.175842,5.175842,3.119486,727278
2003-09-23,5.209894,5.209894,5.175842,5.209894,3.140009,1415645
2003-09-24,5.209894,5.209894,5.14179,5.209894,3.140009,3318934
2003-09-25,5.14179,5.209894,5.14179,5.175842,3.119486,647693
2003-09-26,5.14179,5.175842,5.073687,5.107739,3.078441,803633
2003-09-29,5.107739,5.107739,5.005584,5.039636,3.037396,874114
2003-09-30,5.039636,5.107739,5.005584,5.005584,3.016872,1262642
2003-10-01,5.039636,5.107739,5.005584,5.039636,3.037396,2091678
2003-10-02,5.073687,5.107739,4.971532,5.073687,3.057918,1086439
2003-10-03,5.039636,5.175842,5.039636,5.14179,3.098963,703931
2003-10-06,5.175842,5.209894,5.175842,5.175842,3.119486,421859
2003-10-07,5.175842,5.209894,5.175842,5.175842,3.119486,526260
2003-10-08,5.209894,5.380152,5.209894,5.312048,3.201578,1881850
2003-10-09,5.312048,5.448255,5.312048,5.414203,3.263147,9182682
2003-10-10,5.414203,5.618513,5.414203,5.550409,3.345238,8183610
2003-10-13,5.550409,5.584461,5.448255,5.516358,3.324716,2128828
2003-10-14,5.516358,5.550409,5.277997,5.277997,3.181056,2572860
2003-10-15,5.277997,5.414203,5.277997,5.414203,3.263147,3022619
2003-10-16,5.414203,5.448255,5.3461,5.414203,3.263147,2023840
2003-10-17,5.414203,5.414203,5.3461,5.3461,3.222101,538594
2003-10-20,5.3461,5.550409,5.312048,5.482306,3.304192,2388874
2003-10-21,5.482306,5.686616,5.482306,5.686616,3.42733,4291282
2003-10-22,5.720667,6.061183,5.720667,5.99308,3.612037,12200603
2003-10-23,5.99308,6.129287,5.959029,6.061183,3.653082,6380464
2003-10-24,6.061183,6.061183,6.061183,6.061183,3.653082,0
2003-10-27,6.061183,6.129287,6.061183,6.095235,3.673607,1221969
2003-10-28,6.129287,6.231441,6.095235,6.129287,3.69413,5406501
2003-10-29,6.129287,6.265493,5.99308,6.231441,3.755698,3453876
2003-10-30,6.19739,6.231441,6.129287,6.231441,3.755698,993639
2003-10-31,6.231441,6.265493,6.163338,6.265493,3.776221,3779411
2003-11-03,6.265493,6.265493,6.095235,6.095235,3.673607,640351
2003-11-04,6.095235,6.095235,5.959029,5.99308,3.612037,1450005
2003-11-05,5.924977,6.061183,5.890925,6.061183,3.653082,1655135
2003-11-06,6.027132,6.027132,5.959029,6.027132,3.632561,1490238
2003-11-07,6.027132,6.027132,5.924977,5.924977,3.570991,969264
2003-11-10,5.924977,5.924977,5.788771,5.822822,3.509423,427586
2003-11-11,5.822822,5.822822,5.686616,5.686616,3.42733,2732324
2003-11-12,5.720667,5.856874,5.720667,5.788771,3.4889,2211056
2003-11-13,5.788771,6.027132,5.788771,5.99308,3.612037,2417361
2003-11-14,5.924977,5.924977,5.788771,5.856874,3.529946,566199
2003-11-17,5.788771,5.788771,5.686616,5.720667,3.447853,2447168
2003-11-18,5.686616,5.754719,5.652564,5.720667,3.447853,1215361
2003-11-19,5.686616,5.686616,5.448255,5.618513,3.386285,4029326
2003-11-20,5.618513,5.618513,5.414203,5.618513,3.386285,1530912
2003-11-21,5.550409,5.686616,5.448255,5.686616,3.42733,2799428
2003-11-24,5.686616,5.686616,5.686616,5.686616,3.42733,0
2003-11-25,5.686616,5.686616,5.686616,5.686616,3.42733,0
2003-11-26,5.686616,5.686616,5.686616,5.686616,3.42733,0
2003-11-27,5.720667,5.856874,5.720667,5.788771,3.4889,4805061
2003-11-28,5.822822,5.856874,5.788771,5.856874,3.529946,4166471
2003-12-01,5.856874,5.924977,5.788771,5.924977,3.570991,3466357
2003-12-02,5.924977,5.924977,5.822822,5.890925,3.550469,2157755
2003-12-03,5.890925,5.924977,5.856874,5.924977,3.570991,2819985
2003-12-04,5.924977,5.924977,5.788771,5.856874,3.529946,638296
2003-12-05,5.822822,5.856874,5.788771,5.822822,3.509423,1390390
2003-12-08,5.822822,5.856874,5.788771,5.822822,3.509423,1129022
2003-12-09,5.822822,5.856874,5.822822,5.822822,3.509423,1164703
2003-12-10,5.856874,5.856874,5.822822,5.856874,3.529946,1302435
2003-12-11,5.822822,5.924977,5.788771,5.924977,3.570991,2591214
2003-12-12,5.890925,5.890925,5.788771,5.856874,3.529946,2796491
2003-12-15,5.856874,5.856874,5.754719,5.754719,3.468377,1689348
2003-12-16,5.720667,5.754719,5.584461,5.618513,3.386285,2079931
2003-12-17,5.584461,5.618513,5.584461,5.584461,3.365762,1963784
2003-12-18,5.584461,5.584461,5.448255,5.482306,3.304192,2983560
2003-12-19,5.516358,5.550409,5.448255,5.482306,3.304192,2190205
2003-12-22,5.482306,5.550409,5.482306,5.550409,3.345238,1551762
2003-12-23,5.516358,5.652564,5.516358,5.652564,3.406808,1785232
2003-12-24,5.584461,5.652564,5.584461,5.618513,3.386285,1155599
2003-12-25,5.618513,5.618513,5.618513,5.618513,3.386285,0
2003-12-26,5.584461,5.618513,5.550409,5.584461,3.365762,387940
2003-12-29,5.584461,5.720667,5.584461,5.686616,3.42733,2087420
2003-12-30,5.686616,5.788771,5.652564,5.788771,3.4889,4255013
2003-12-31,5.754719,5.788771,5.618513,5.720667,3.447853,3768839
2004-01-01,5.720667,5.720667,5.720667,5.720667,3.447853,0
2004-01-02,5.686616,5.686616,5.516358,5.618513,3.386285,930352
2004-01-05,5.618513,5.652564,5.516358,5.652564,3.406808,962363
2004-01-06,5.618513,5.720667,5.584461,5.720667,3.447853,2180661
2004-01-07,5.652564,5.788771,5.652564,5.788771,3.4889,6056103
2004-01-08,5.788771,6.19739,5.754719,6.095235,3.673607,17177315
2004-01-09,6.231441,6.537906,6.231441,6.401699,3.858313,25389119
2004-01-12,6.401699,6.435751,6.299545,6.367648,3.83779,7141809
2004-01-13,6.367648,6.401699,6.19739,6.265493,3.776221,3357111
2004-01-14,6.231441,6.265493,6.129287,6.19739,3.735175,4264117
2004-01-15,6.19739,6.333596,6.19739,6.333596,3.817267,5235731
2004-01-16,6.333596,6.503854,6.265493,6.435751,3.878836,19241536
2004-01-19,6.435751,6.469803,6.367648,6.435751,3.878836,2933342
2004-01-20,6.435751,6.537906,6.401699,6.503854,3.919881,6797772
2004-01-21,6.503854,6.503854,6.503854,6.503854,3.919881,0
2004-01-22,6.503854,6.503854,6.503854,6.503854,3.919881,0
2004-01-23,6.503854,6.503854,6.503854,6.503854,3.919881,0
2004-01-26,6.503854,6.537906,6.435751,6.537906,3.940405,5030454
2004-01-27,6.537906,6.537906,6.401699,6.469803,3.899358,6770461
2004-01-28,6.401699,6.469803,6.367648,6.401699,3.858313,3183404
2004-01-29,6.333596,6.401699,6.299545,6.367648,3.83779,2586516
2004-01-30,6.333596,6.469803,6.333596,6.401699,3.858313,5976665
2004-02-02,6.401699,6.401699,6.401699,6.401699,3.858313,0
2004-02-03,6.401699,6.401699,6.401699,6.401699,3.858313,0
2004-02-04,6.299545,6.333596,6.19739,6.299545,3.796744,4181889
2004-02-05,6.231441,6.367648,6.231441,6.333596,3.817267,2701048
2004-02-06,6.333596,6.367648,6.299545,6.333596,3.817267,2433366
2004-02-09,6.333596,6.469803,6.299545,6.367648,3.83779,5111361
2004-02-10,6.367648,6.435751,6.367648,6.367648,3.83779,6119243
2004-02-11,6.333596,6.367648,6.299545,6.299545,3.796744,1466597
2004-02-12,6.333596,6.571957,6.333596,6.537906,3.940405,11392564
2004-02-13,6.537906,6.810318,6.537906,6.810318,4.104588,13885693
2004-02-16,6.742215,6.946525,6.708164,6.878422,4.145634,8299170
2004-02-17,6.878422,7.150834,6.878422,7.082731,4.268772,11282437
2004-02-18,7.082731,7.355144,7.014628,7.150834,4.309817,11503572
2004-02-19,7.218938,7.218938,6.946525,6.946525,4.18668,2262595
2004-02-20,7.014628,7.150834,6.878422,7.082731,4.268772,7704191
2004-02-23,7.082731,7.082731,7.082731,7.082731,4.268772,0
2004-02-24,7.014628,7.355144,7.014628,7.287041,4.391909,10932968
2004-02-25,7.218938,7.218938,7.150834,7.150834,4.309817,4441495
2004-02-26,7.150834,7.218938,7.082731,7.150834,4.309817,5842310
2004-02-27,7.218938,7.287041,6.810318,6.878422,4.145634,7051798
2004-03-01,6.810318,6.810318,6.640061,6.708164,4.043019,5474486
2004-03-02,6.742215,7.150834,6.742215,7.150834,4.309817,15513370
2004-03-03,7.014628,7.014628,6.776267,6.810318,4.104588,21648471
2004-03-04,6.878422,6.946525,6.810318,6.878422,4.145634,8966099
2004-03-05,6.946525,7.150834,6.946525,7.014628,4.227726,14805473
2004-03-08,7.082731,7.082731,6.946525,7.082731,4.268772,12609688
2004-03-09,7.014628,7.082731,6.878422,7.082731,4.268772,9374157
2004-03-10,7.014628,7.014628,6.878422,6.878422,4.145634,9874721
2004-03-11,6.878422,6.946525,6.810318,6.946525,4.18668,6767377
2004-03-12,6.878422,7.082731,6.810318,7.082731,4.268772,7344736
2004-03-15,7.014628,7.082731,6.946525,7.014628,4.227726,2067744
2004-03-16,6.946525,6.946525,6.776267,6.810318,4.104588,4381733
2004-03-17,6.810318,6.878422,6.810318,6.810318,4.104588,3087667
2004-03-18,6.878422,7.082731,6.878422,7.014628,4.227726,8677126
2004-03-19,7.014628,7.082731,6.810318,7.014628,4.227726,6818623
2004-03-22,7.150834,7.150834,6.878422,7.082731,4.268772,7690094
2004-03-23,7.082731,7.082731,6.878422,7.014628,4.227726,6660040
2004-03-24,7.014628,7.082731,6.946525,6.946525,4.18668,3468266
2004-03-25,7.014628,7.014628,6.742215,6.742215,4.063541,4559551
2004-03-26,6.742215,6.946525,6.742215,6.878422,4.145634,6427452
2004-03-29,7.082731,7.082731,6.810318,7.082731,4.268772,8037655
2004-03-30,7.082731,7.082731,6.946525,7.082731,4.268772,4384522
2004-03-31,7.014628,7.082731,6.878422,7.014628,4.227726,13145199
2004-04-01,7.014628,7.014628,6.946525,6.946525,4.18668,3576924
2004-04-02,6.946525,6.946525,6.878422,6.878422,4.145634,5811915
2004-04-05,6.946525,7.014628,6.878422,7.014628,4.227726,5856260
2004-04-06,6.946525,7.014628,6.946525,6.946525,4.18668,6975884
2004-04-07,6.946525,7.082731,6.946525,7.014628,4.227726,11660980
2004-04-08,7.014628,7.082731,6.946525,7.014628,4.227726,4627389
2004-04-09,7.014628,7.082731,6.946525,6.946525,4.18668,3548145
2004-04-12,7.014628,7.014628,6.878422,6.946525,4.18668,1448096
2004-04-13,6.946525,7.014628,6.878422,7.014628,4.227726,2138519
2004-04-14,6.946525,6.946525,6.776267,6.810318,4.104588,5410172
2004-04-15,6.810318,6.810318,6.674112,6.776267,4.084065,2026924
2004-04-16,6.776267,6.810318,6.674112,6.708164,4.043019,830944
2004-04-19,6.708164,6.708164,6.503854,6.537906,3.940405,4107737
2004-04-20,6.537906,6.640061,6.435751,6.606009,3.981451,2178018
2004-04-21,6.606009,6.742215,6.606009,6.708164,4.043019,3339637
2004-04-22,6.742215,6.878422,6.742215,6.776267,4.084065,3319521
2004-04-23,6.810318,6.810318,6.776267,6.776267,4.084065,1643241
2004-04-26,6.810318,6.810318,6.776267,6.776267,4.084065,1304491
2004-04-27,6.776267,6.810318,6.776267,6.776267,4.084065,840489
2004-04-28,6.776267,6.776267,6.640061,6.640061,4.001973,2349082
2004-04-29,6.640061,6.640061,6.503854,6.571957,3.960927,5424856
2004-04-30,6.537906,6.606009,6.435751,6.435751,3.878836,5187715
2004-05-03,6.435751,6.435751,6.435751,6.435751,3.878836,0
2004-05-04,6.435751,6.435751,6.435751,6.435751,3.878836,0
2004-05-05,6.469803,6.674112,6.469803,6.674112,4.022496,5946564
2004-05-06,6.640061,6.810318,6.606009,6.606009,3.981451,3321577
2004-05-07,6.674112,6.810318,6.640061,6.742215,4.063541,5538653
2004-05-10,6.640061,6.674112,6.435751,6.435751,3.878836,8209747
2004-05-11,6.469803,6.503854,6.333596,6.435751,3.878836,7748242
2004-05-12,6.469803,6.537906,6.435751,6.435751,3.878836,2215314
2004-05-13,6.469803,6.469803,6.265493,6.265493,3.776221,4781126
2004-05-14,6.265493,6.299545,6.095235,6.095235,3.673607,6405867
2004-05-17,6.095235,6.129287,5.754719,5.890925,3.550469,10338135
2004-05-18,5.924977,5.99308,5.754719,5.99308,3.612037,4578346
2004-05-19,5.99308,6.231441,5.99308,6.163338,3.714651,2529690
2004-05-20,6.163338,6.435751,6.163338,6.367648,3.83779,7231232
2004-05-21,6.265493,6.367648,6.231441,6.299545,3.796744,4457794
2004-05-24,6.333596,6.401699,6.299545,6.367648,3.83779,4746473
2004-05-25,6.401699,6.537906,6.367648,6.469803,3.899358,4377327
2004-05-26,6.469803,6.571957,6.469803,6.469803,3.899358,1573200
2004-05-27,6.537906,6.878422,6.537906,6.776267,4.084065,9433038
2004-05-28,6.810318,7.014628,6.674112,6.674112,4.022496,9655348
2004-05-31,6.708164,6.742215,6.606009,6.674112,4.022496,1435321
2004-06-01,6.674112,6.776267,6.674112,6.742215,4.063541,1095690
2004-06-02,6.776267,6.946525,6.776267,6.810318,4.104588,4958064
2004-06-03,6.810318,6.810318,6.640061,6.674112,4.022496,7288645
2004-06-04,6.674112,6.878422,6.674112,6.878422,4.145634,4368224
2004-06-07,6.946525,7.014628,6.810318,6.946525,4.18668,6745792
2004-06-08,6.946525,6.946525,6.776267,6.810318,4.104588,3144639
2004-06-09,6.810318,6.946525,6.810318,6.946525,4.18668,5710745
2004-06-10,6.946525,7.082731,6.878422,7.014628,4.227726,7186888
2004-06-11,7.014628,7.150834,7.014628,7.082731,4.268772,7787153
2004-06-14,7.082731,7.150834,6.946525,6.946525,4.18668,2954046
2004-06-15,7.014628,7.082731,6.810318,6.810318,4.104588,5193736
2004-06-16,6.946525,7.082731,6.946525,7.014628,4.227726,5014743
2004-06-17,7.014628,7.082731,7.014628,7.014628,4.227726,4859096
2004-06-18,7.014628,7.082731,6.878422,6.878422,4.145634,2118402
2004-06-21,7.082731,7.218938,7.082731,7.218938,4.350863,9375038
2004-06-22,7.082731,7.150834,7.082731,7.082731,4.268772,2692238
2004-06-23,7.082731,7.150834,7.082731,7.082731,4.268772,2464935
2004-06-24,7.150834,7.218938,7.150834,7.218938,4.350863,3156239
2004-06-25,7.150834,7.150834,7.082731,7.150834,4.309817,755911
2004-06-28,7.082731,7.150834,7.014628,7.014628,4.227726,3115272
2004-06-29,7.082731,7.150834,7.014628,7.014628,4.227726,3857822
2004-06-30,7.082731,7.150834,7.014628,7.014628,4.227726,6710405
2004-07-01,7.082731,7.150834,7.082731,7.150834,4.309817,3548732
2004-07-02,7.082731,7.150834,7.082731,7.082731,4.268772,3920080
2004-07-05,7.082731,7.218938,7.082731,7.082731,4.268772,4723860
2004-07-06,7.150834,7.218938,7.082731,7.218938,4.350863,8274942
2004-07-07,7.218938,7.287041,7.082731,7.218938,4.350863,6502925
2004-07-08,7.218938,7.218938,7.150834,7.218938,4.350863,3227895
2004-07-09,7.150834,7.287041,7.150834,7.287041,4.391909,5080378
2004-07-12,7.218938,7.287041,7.218938,7.218938,4.350863,7241951
2004-07-13,7.218938,7.287041,7.218938,7.287041,4.391909,2950228
2004-07-14,7.218938,7.287041,7.218938,7.218938,4.350863,3483977
2004-07-15,7.218938,7.218938,7.082731,7.150834,4.309817,7078376
2004-07-16,7.218938,7.218938,7.150834,7.150834,4.309817,988353
2004-07-19,7.150834,7.218938,7.150834,7.150834,4.309817,1561307
2004-07-20,7.150834,7.218938,7.150834,7.150834,4.309817,1158682
2004-07-21,7.150834,7.218938,7.150834,7.150834,4.309817,1319321
2004-07-22,7.150834,7.218938,7.150834,7.218938,4.350863,1931627
2004-07-23,7.150834,7.218938,7.150834,7.150834,4.309817,5106662
2004-07-26,7.218938,7.287041,7.150834,7.287041,4.391909,4536645
2004-07-27,7.218938,7.218938,7.150834,7.150834,4.309817,1963637
2004-07-28,7.218938,7.218938,7.082731,7.150834,4.309817,3341693
2004-07-29,7.150834,7.150834,7.014628,7.082731,4.268772,822722
2004-07-30,7.150834,7.150834,6.946525,7.014628,4.227726,1526800
2004-08-02,6.878422,7.014628,6.776267,6.946525,4.18668,4280269
2004-08-03,6.946525,7.014628,6.878422,6.878422,4.145634,2241011
2004-08-04,6.878422,7.014628,6.878422,6.946525,4.18668,1236065
2004-08-05,6.946525,7.082731,6.946525,7.014628,4.227726,2447168
2004-08-06,6.946525,7.082731,6.878422,7.014628,4.227726,3627730
2004-08-09,6.946525,6.946525,6.878422,6.878422,4.145634,1217564
2004-08-10,6.946525,7.082731,6.946525,7.014628,4.227726,5167305
2004-08-11,7.014628,7.082731,7.014628,7.082731,4.268772,3063439
2004-08-12,7.014628,7.082731,7.014628,7.082731,4.268772,2589746
2004-08-13,7.014628,7.150834,7.014628,7.150834,4.309817,3560038
2004-08-16,7.082731,7.082731,6.946525,7.014628,4.227726,2541584
2004-08-17,7.014628,7.082731,7.014628,7.014628,4.227726,964712
2004-08-18,7.014628,7.082731,7.014628,7.014628,4.227726,577505
2004-08-19,7.014628,7.082731,6.946525,6.946525,4.18668,2068185
2004-08-20,6.946525,7.014628,6.776267,6.776267,4.084065,3054629
2004-08-23,6.810318,6.878422,6.776267,6.776267,4.084065,3721998
2004-08-24,6.810318,6.878422,6.810318,6.878422,4.145634,1740300
2004-08-25,6.878422,7.082731,6.878422,7.014628,4.227726,6262261
2004-08-26,7.014628,7.218938,7.014628,7.150834,4.309817,16038308
2004-08-27,7.150834,7.355144,7.150834,7.218938,4.350863,14850699
2004-08-30,7.150834,7.287041,7.150834,7.218938,4.350863,5914700
2004-08-31,7.218938,7.218938,7.218938,7.218938,4.350863,0
2004-09-01,7.218938,7.49135,7.218938,7.49135,4.515046,13074130
2004-09-02,7.423247,7.763763,7.287041,7.627557,4.597139,22397335
2004-09-03,7.627557,7.763763,7.559454,7.559454,4.556092,7214052
2004-09-06,7.559454,7.627557,7.49135,7.49135,4.515046,2627777
2004-09-07,7.49135,7.559454,7.49135,7.49135,4.515046,3220553
2004-09-08,7.49135,7.627557,7.49135,7.627557,4.597139,3024527
2004-09-09,7.559454,7.627557,7.423247,7.627557,4.597139,3692778
2004-09-10,7.559454,7.831866,7.559454,7.763763,4.679229,6233628
2004-09-13,7.763763,7.831866,7.69566,7.831866,4.720275,7905356
2004-09-14,7.831866,7.89997,7.763763,7.763763,4.679229,3973382
2004-09-15,7.763763,7.89997,7.763763,7.831866,4.720275,7259718
2004-09-16,7.763763,7.89997,7.763763,7.89997,4.761322,7204214
2004-09-17,7.89997,7.968073,7.831866,7.89997,4.761322,6004858
2004-09-20,7.89997,7.968073,7.831866,7.968073,4.802369,7786713
2004-09-21,7.968073,7.968073,7.763763,7.763763,4.679229,1666588
2004-09-22,7.831866,7.831866,7.559454,7.69566,4.638186,1929865
2004-09-23,7.627557,7.763763,7.559454,7.559454,4.556092,4246350
2004-09-24,7.627557,7.831866,7.627557,7.763763,4.679229,2658906
2004-09-27,7.69566,7.763763,7.627557,7.627557,4.597139,1472177
2004-09-28,7.49135,7.69566,7.49135,7.627557,4.597139,2008275
2004-09-29,7.627557,7.69566,7.559454,7.627557,4.597139,2364793
2004-09-30,7.627557,7.69566,7.627557,7.627557,4.597139,1992564
2004-10-01,7.627557,7.89997,7.627557,7.69566,4.638186,7072062
2004-10-04,7.763763,7.831866,7.763763,7.831866,4.720275,4368664
2004-10-05,7.831866,7.89997,7.763763,7.89997,4.761322,4885086
2004-10-06,7.831866,7.89997,7.763763,7.89997,4.761322,3643001
2004-10-07,7.831866,7.89997,7.69566,7.763763,4.679229,5373610
2004-10-08,7.763763,7.763763,7.627557,7.69566,4.638186,3703057
2004-10-11,7.627557,7.69566,7.355144,7.559454,4.556092,4369105
2004-10-12,7.49135,7.627557,7.49135,7.559454,4.556092,3118649
2004-10-13,7.559454,7.559454,7.49135,7.559454,4.556092,1511970
2004-10-14,7.49135,7.559454,7.49135,7.49135,4.515046,2497239
2004-10-15,7.49135,7.559454,7.423247,7.423247,4.474,2088154
2004-10-18,7.423247,7.559454,7.423247,7.559454,4.556092,4176015
2004-10-19,7.559454,7.627557,7.49135,7.627557,4.597139,2507665
2004-10-20,7.559454,7.627557,7.49135,7.559454,4.556092,2017086
2004-10-21,7.559454,7.627557,7.423247,7.423247,4.474,2430576
2004-10-22,7.49135,7.69566,7.49135,7.627557,4.597139,6562100
2004-10-25,7.627557,7.69566,7.49135,7.559454,4.556092,2810000
2004-10-26,7.627557,7.763763,7.627557,7.763763,4.679229,4972307
2004-10-27,7.763763,7.831866,7.763763,7.831866,4.720275,4024627
2004-10-28,7.763763,7.831866,7.763763,7.763763,4.679229,1088495
2004-10-29,7.763763,7.89997,7.763763,7.831866,4.720275,5032363
2004-11-01,7.831866,7.89997,7.763763,7.831866,4.720275,3166958
2004-11-02,7.831866,7.968073,7.831866,7.89997,4.761322,5449818
2004-11-03,7.831866,7.968073,7.831866,7.968073,4.802369,4747061
2004-11-04,7.968073,7.968073,7.831866,7.831866,4.720275,3349916
2004-11-05,7.89997,7.968073,7.831866,7.968073,4.802369,4428867
2004-11-08,7.89997,7.968073,7.831866,7.968073,4.802369,7177931
2004-11-09,7.89997,7.968073,7.831866,7.831866,4.720275,1098626
2004-11-10,7.89997,8.036176,7.89997,7.89997,4.761322,7163394
2004-11-11,7.89997,7.89997,7.89997,7.89997,4.761322,0
2004-11-12,7.89997,7.89997,7.89997,7.89997,4.761322,0
2004-11-15,7.89997,7.89997,7.89997,7.89997,4.761322,0
2004-11-16,7.89997,7.89997,7.89997,7.89997,4.761322,0
2004-11-17,7.968073,8.240485,7.968073,7.968073,4.802369,1838827
2004-11-18,8.376692,8.649105,8.104279,8.172382,4.925505,27687836
2004-11-19,8.104279,8.240485,8.036176,8.104279,4.88446,2214140
2004-11-22,8.036176,8.172382,8.036176,8.104279,4.88446,1502719
2004-11-23,8.104279,8.376692,8.104279,8.240485,4.966551,5550841
2004-11-24,8.308589,8.376692,8.172382,8.172382,4.925505,2760516
2004-11-25,8.172382,8.308589,8.104279,8.172382,4.925505,2791939
2004-11-26,8.172382,8.172382,8.036176,8.104279,4.88446,2714557
2004-11-29,8.104279,8.172382,8.104279,8.172382,4.925505,2749944
2004-11-30,8.172382,8.172382,8.104279,8.172382,4.925505,4352072
2004-12-01,8.104279,8.240485,8.104279,8.240485,4.966551,7287764
2004-12-02,8.240485,8.444795,8.104279,8.172382,4.925505,8745845
2004-12-03,8.172382,8.240485,8.172382,8.172382,4.925505,3357551
2004-12-06,8.172382,8.172382,8.036176,8.172382,4.925505,3689548
2004-12-07,8.104279,8.104279,7.968073,8.036176,4.843414,3605851
2004-12-08,7.968073,7.968073,7.831866,7.968073,4.802369,6106909
2004-12-09,7.89997,8.036176,7.89997,7.89997,4.761322,6646825
2004-12-10,7.89997,8.036176,7.763763,8.036176,4.843414,3122320
2004-12-13,8.036176,8.036176,7.89997,7.968073,4.802369,3032016
2004-12-14,7.968073,7.968073,7.831866,7.89997,4.761322,2509720
2004-12-15,7.89997,7.968073,7.831866,7.968073,4.802369,2880188
2004-12-16,7.968073,7.968073,7.89997,7.968073,4.802369,3491613
2004-12-17,7.968073,8.036176,7.968073,7.968073,4.802369,3763259
2004-12-20,7.968073,8.104279,7.968073,7.968073,4.802369,2047774
2004-12-21,7.968073,8.036176,7.968073,7.968073,4.802369,1776128
2004-12-22,7.968073,8.036176,7.89997,7.968073,4.802369,2872552
2004-12-23,8.036176,8.036176,7.968073,7.968073,4.802369,2423087
2004-12-24,7.968073,8.036176,7.89997,7.968073,4.802369,494837
2004-12-27,7.968073,8.036176,7.89997,7.968073,4.802369,603789
2004-12-28,8.036176,8.104279,7.968073,8.104279,4.88446,2964472
2004-12-29,8.036176,8.036176,7.968073,8.036176,4.843414,1117275
2004-12-30,8.036176,8.036176,7.968073,7.968073,4.802369,1013608
2004-12-31,7.968073,8.036176,7.89997,7.89997,4.761322,1088495
2005-01-03,7.89997,7.968073,7.763763,7.89997,4.761322,989821
2005-01-04,7.831866,7.968073,7.831866,7.89997,4.761322,1602127
2005-01-05,7.89997,8.172382,7.89997,8.104279,4.88446,4773932
2005-01-06,8.104279,8.240485,8.036176,8.104279,4.88446,3884546
2005-01-07,8.104279,8.172382,8.036176,8.104279,4.88446,3021884
2005-01-10,8.104279,8.172382,8.036176,8.036176,4.843414,1855272
2005-01-11,8.104279,8.172382,8.036176,8.104279,4.88446,5750097
2005-01-12,8.104279,8.172382,8.036176,8.104279,4.88446,9132171
2005-01-13,8.104279,8.172382,8.104279,8.172382,4.925505,1431063
2005-01-14,8.104279,8.104279,7.968073,7.968073,4.802369,6881469
2005-01-17,7.968073,8.036176,7.89997,7.968073,4.802369,5980189
2005-01-18,7.968073,8.036176,7.89997,8.036176,4.843414,5429848
2005-01-19,8.036176,8.036176,7.831866,7.831866,4.720275,6346986
2005-01-20,7.831866,7.831866,7.49135,7.559454,4.556092,14377593
2005-01-24,7.49135,7.49135,7.355144,7.355144,4.432954,13224931
2005-01-25,7.355144,7.423247,7.218938,7.355144,4.432954,9036434
2005-01-26,7.423247,7.627557,7.355144,7.627557,4.597139,5896933
2005-01-27,7.627557,7.69566,7.559454,7.627557,4.597139,3065788
2005-01-28,7.627557,7.627557,7.49135,7.559454,4.556092,4696549
2005-01-31,7.559454,7.559454,7.423247,7.49135,4.515046,5039264
2005-02-02,7.49135,7.49135,7.218938,7.355144,4.432954,18890157
2005-02-03,7.355144,7.423247,7.150834,7.287041,4.391909,13901845
2005-02-04,7.218938,7.287041,7.150834,7.150834,4.309817,15166837
2005-02-07,7.218938,7.355144,7.082731,7.287041,4.391909,10509493
2005-02-08,7.287041,7.287041,7.150834,7.218938,4.350863,2084190
2005-02-14,7.218938,7.355144,7.218938,7.355144,4.432954,3860171
2005-02-15,7.355144,7.423247,7.287041,7.423247,4.474,3714510
2005-02-16,7.355144,7.423247,7.355144,7.423247,4.474,3798059
2005-02-17,7.423247,7.423247,7.287041,7.287041,4.391909,6941671
2005-02-18,7.287041,7.355144,7.218938,7.218938,4.350863,3062117
2005-02-21,7.218938,7.287041,7.082731,7.150834,4.309817,8574047
2005-02-22,7.150834,7.150834,6.946525,7.014628,4.227726,6734486
2005-02-23,7.014628,7.014628,6.946525,7.014628,4.227726,6710992
2005-02-24,7.014628,7.287041,7.014628,7.218938,4.350863,8293884
2005-02-25,7.287041,7.355144,7.287041,7.287041,4.391909,4230638
2005-02-28,7.287041,7.559454,7.287041,7.49135,4.515046,9243473
2005-03-01,7.49135,7.49135,7.014628,7.082731,4.268772,30899286
2005-03-02,7.150834,7.218938,7.014628,7.014628,4.227726,6454323
2005-03-03,7.082731,7.150834,7.014628,7.014628,4.227726,2504141
2005-03-04,7.014628,7.082731,6.946525,6.946525,4.18668,3015570
2005-03-07,7.014628,7.082731,6.946525,7.014628,4.227726,4120805
2005-03-08,7.082731,7.150834,7.014628,7.014628,4.227726,4754109
2005-03-09,7.014628,7.082731,7.014628,7.082731,4.268772,4876717
2005-03-10,7.082731,7.082731,7.014628,7.014628,4.227726,3427299
2005-03-11,7.014628,7.150834,6.946525,7.014628,4.227726,2711620
2005-03-14,7.082731,7.082731,7.014628,7.082731,4.268772,3882197
2005-03-15,7.014628,7.082731,7.014628,7.014628,4.227726,963684
2005-03-16,7.014628,7.082731,6.946525,7.082731,4.268772,4670265
2005-03-17,7.014628,7.082731,6.946525,7.014628,4.227726,2549072
2005-03-18,7.014628,7.014628,6.810318,7.014628,4.227726,8525591
2005-03-21,7.014628,7.014628,6.878422,6.946525,4.18668,4856160
2005-03-22,6.878422,6.878422,6.708164,6.742215,4.063541,7463380
2005-03-23,6.708164,6.878422,6.708164,6.878422,4.145634,6803352
2005-03-24,6.878422,6.878422,6.742215,6.810318,4.104588,5895612
2005-03-25,6.810318,6.810318,6.776267,6.810318,4.104588,1091285
2005-03-28,6.810318,6.810318,6.742215,6.742215,4.063541,3478544
2005-03-29,6.776267,6.810318,6.640061,6.708164,4.043019,7037408
2005-03-30,6.708164,6.742215,6.571957,6.640061,4.001973,5570664
2005-03-31,6.674112,6.742215,6.571957,6.640061,4.001973,5013421
2005-04-01,6.640061,6.674112,6.606009,6.606009,3.981451,1261908
2005-04-04,6.571957,6.606009,6.401699,6.435751,3.878836,4209053
2005-04-05,6.469803,6.503854,6.401699,6.469803,3.899358,6154484
2005-04-06,6.469803,6.469803,6.265493,6.299545,3.796744,10337988
2005-04-07,6.265493,6.469803,6.265493,6.401699,3.858313,9202065
2005-04-08,6.435751,6.503854,6.401699,6.401699,3.858313,6915681
2005-04-11,6.401699,6.503854,6.401699,6.435751,3.878836,6621422
2005-04-12,6.469803,6.469803,6.401699,6.401699,3.858313,2531746
2005-04-13,6.435751,6.640061,6.435751,6.606009,3.981451,4299358
2005-04-14,6.571957,6.742215,6.571957,6.708164,4.043019,1986103
2005-04-15,6.674112,6.810318,6.571957,6.571957,3.960927,4139013
2005-04-18,6.503854,6.503854,6.401699,6.469803,3.899358,5036327
2005-04-19,6.537906,6.606009,6.469803,6.571957,3.960927,1293771
2005-04-20,6.606009,6.742215,6.606009,6.640061,4.001973,7203186
2005-04-22,6.708164,6.776267,6.640061,6.708164,4.043019,4670999
2005-04-25,6.674112,6.674112,6.469803,6.469803,3.899358,4273074
2005-04-26,6.537906,6.571957,6.503854,6.503854,3.919881,3718181
2005-04-27,6.503854,6.571957,6.435751,6.469803,3.899358,7784657
2005-04-28,6.469803,6.537906,6.435751,6.469803,3.899358,3913766
2005-04-29,6.469803,6.674112,6.469803,6.571957,3.960927,14881388
2005-05-03,6.571957,6.878422,6.571957,6.776267,4.084065,11719127
2005-05-04,6.810318,7.082731,6.810318,7.082731,4.268772,18104144
2005-05-05,7.014628,7.014628,6.878422,6.878422,4.145634,5636887
2005-05-06,6.878422,6.946525,6.742215,6.946525,4.18668,7522995
2005-05-09,6.946525,6.946525,6.776267,6.776267,4.084065,4441348
2005-05-10,6.810318,6.878422,6.776267,6.878422,4.145634,1280556
2005-05-11,6.810318,6.878422,6.742215,6.776267,4.084065,3995848
2005-05-12,6.776267,6.810318,6.742215,6.742215,4.063541,1180414
2005-05-13,6.742215,6.776267,6.708164,6.776267,4.084065,2682987
2005-05-16,6.742215,6.776267,6.742215,6.742215,4.063541,1563216
2005-05-17,6.742215,6.946525,6.742215,6.878422,4.145634,4739572
2005-05-18,6.878422,6.946525,6.776267,6.776267,4.084065,1770695
2005-05-19,6.776267,6.776267,6.674112,6.708164,4.043019,2747301
2005-05-20,6.674112,6.776267,6.674112,6.674112,4.022496,2101223
2005-05-24,6.674112,6.742215,6.674112,6.742215,4.063541,3848865
2005-05-25,6.742215,6.742215,6.640061,6.640061,4.001973,8162906
2005-05-26,6.640061,6.776267,6.606009,6.776267,4.084065,4468513
2005-05-27,6.708164,6.810318,6.708164,6.810318,4.104588,1293184
2005-05-30,6.776267,6.810318,6.776267,6.810318,4.104588,626255
2005-05-31,6.810318,6.810318,6.674112,6.674112,4.022496,3113070
2005-06-01,6.708164,6.878422,6.708164,6.810318,4.104588,2615002
2005-06-02,6.810318,6.878422,6.742215,6.776267,4.084065,3348741
2005-06-03,6.776267,6.810318,6.776267,6.776267,4.084065,1878766
2005-06-06,6.776267,6.810318,6.776267,6.810318,4.104588,2741868
2005-06-07,6.810318,6.878422,6.810318,6.810318,4.104588,5324126
2005-06-08,6.810318,6.878422,6.776267,6.878422,4.145634,1931333
2005-06-09,6.810318,6.946525,6.810318,6.810318,4.104588,4336654
2005-06-10,6.810318,7.082731,6.810318,7.014628,4.227726,6358732
2005-06-13,7.082731,7.150834,7.082731,7.150834,4.309817,2560819
2005-06-14,7.150834,7.218938,7.082731,7.150834,4.309817,3401309
2005-06-15,7.150834,7.218938,7.082731,7.218938,4.350863,2981798
2005-06-16,7.218938,7.218938,7.150834,7.150834,4.309817,2158489
2005-06-17,7.150834,7.150834,7.014628,7.082731,4.268772,2996775
2005-06-20,7.014628,7.082731,7.014628,7.082731,4.268772,1663945
2005-06-21,7.082731,7.082731,7.014628,7.082731,4.268772,2393133
2005-06-22,7.014628,7.082731,7.014628,7.014628,4.227726,3402043
2005-06-23,7.014628,7.150834,6.878422,7.014628,4.227726,3708490
2005-06-24,6.946525,7.014628,6.946525,7.014628,4.227726,3851361
2005-06-27,6.946525,7.014628,6.810318,6.810318,4.104588,3507471
2005-06-28,6.878422,6.878422,6.810318,6.878422,4.145634,5517215
2005-06-29,6.878422,6.946525,6.776267,6.776267,4.084065,3451086
2005-06-30,6.810318,6.878422,6.810318,6.810318,4.104588,3456078
2005-07-01,6.810318,6.946525,6.810318,6.878422,4.145634,5317225
2005-07-04,6.946525,7.014628,6.946525,7.014628,4.227726,2203861
2005-07-05,6.946525,7.082731,6.946525,6.946525,4.18668,1374531
2005-07-06,7.014628,7.082731,6.946525,7.082731,4.268772,710245
2005-07-07,7.082731,7.082731,7.014628,7.082731,4.268772,3675451
2005-07-08,7.014628,7.150834,7.014628,7.014628,4.227726,3465916
2005-07-11,7.082731,7.218938,7.082731,7.082731,4.268772,5996635
2005-07-12,7.150834,7.218938,7.150834,7.150834,4.309817,4567921
2005-07-13,7.150834,7.218938,7.014628,7.150834,4.309817,3315703
2005-07-14,7.150834,7.355144,7.150834,7.287041,4.391909,5862427
2005-07-15,7.287041,7.355144,7.218938,7.287041,4.391909,3323486
2005-07-18,7.287041,7.355144,7.218938,7.287041,4.391909,2739959
2005-07-19,7.355144,7.355144,7.218938,7.287041,4.391909,1960994
2005-07-20,7.218938,7.355144,7.218938,7.287041,4.391909,3790718
2005-07-21,7.287041,7.355144,7.150834,7.218938,4.350863,3107490
2005-07-22,7.423247,7.627557,7.355144,7.627557,4.597139,29832963
2005-07-25,7.559454,7.69566,7.49135,7.49135,4.515046,7585988
2005-07-26,7.559454,7.559454,7.423247,7.423247,4.474,3543005
2005-07-27,7.423247,7.49135,7.355144,7.423247,4.474,3415552
2005-07-28,7.49135,7.559454,7.423247,7.49135,4.515046,2119577
2005-07-29,7.559454,7.559454,7.423247,7.423247,4.474,2552450
2005-08-01,7.49135,7.559454,7.423247,7.559454,4.556092,1490532
2005-08-02,7.559454,7.627557,7.49135,7.559454,4.556092,3852242
2005-08-03,7.627557,7.763763,7.559454,7.69566,4.638186,6306606
2005-08-04,7.627557,7.69566,7.559454,7.559454,4.556092,2839367
2005-08-05,7.627557,7.627557,7.423247,7.423247,4.474,3658859
2005-08-08,7.49135,7.627557,7.49135,7.627557,4.597139,4841476
2005-08-09,7.559454,7.559454,7.49135,7.559454,4.556092,988499
2005-08-10,7.49135,7.627557,7.423247,7.49135,4.515046,1922817
2005-08-11,7.49135,7.559454,7.423247,7.559454,4.556092,3027905
2005-08-12,7.49135,7.559454,7.49135,7.559454,4.556092,4037402
2005-08-15,7.49135,7.559454,7.423247,7.423247,4.474,5914113
2005-08-16,7.49135,7.49135,7.423247,7.423247,4.474,1740006
2005-08-17,7.423247,7.627557,7.423247,7.559454,4.556092,8339550
2005-08-18,7.559454,7.627557,7.49135,7.49135,4.515046,3182229
2005-08-19,7.559454,7.559454,7.423247,7.49135,4.515046,3549907
2005-08-22,7.49135,7.627557,7.49135,7.49135,4.515046,2877838
2005-08-23,7.49135,7.627557,7.49135,7.559454,4.556092,2227502
2005-08-24,7.49135,7.559454,7.423247,7.559454,4.556092,4170582
2005-08-25,7.49135,7.559454,7.49135,7.49135,4.515046,2055704
2005-08-26,7.423247,7.423247,7.150834,7.150834,4.309817,19720221
2005-08-29,7.150834,7.150834,6.946525,7.014628,4.227726,7086011
2005-08-30,6.946525,7.150834,6.946525,7.082731,4.268772,3759588
2005-09-01,7.014628,7.082731,6.946525,7.082731,4.268772,7573800
2005-09-02,6.946525,6.946525,6.810318,6.946525,4.18668,7996101
2005-09-05,6.878422,6.946525,6.810318,6.878422,4.145634,3712160
2005-09-06,6.878422,7.014628,6.810318,6.878422,4.145634,10276170
2005-09-07,6.946525,7.150834,6.946525,7.014628,4.227726,1602274
2005-09-08,7.014628,7.082731,7.014628,7.014628,4.227726,1935298
2005-09-09,7.082731,7.082731,6.946525,7.082731,4.268772,3450499
2005-09-12,7.082731,7.082731,7.014628,7.082731,4.268772,2166271
2005-09-13,6.946525,7.082731,6.878422,6.946525,4.18668,7232700
2005-09-14,7.014628,7.014628,6.946525,6.946525,4.18668,4773932
2005-09-15,6.946525,7.150834,6.946525,7.150834,4.309817,2842744
2005-09-16,7.082731,7.150834,7.014628,7.082731,4.268772,3087373
2005-09-19,7.082731,7.150834,7.082731,7.150834,4.309817,1003183
2005-09-20,7.082731,7.082731,7.014628,7.082731,4.268772,3596747
2005-09-21,7.082731,7.082731,6.878422,6.946525,4.18668,11524863
2005-09-22,6.946525,7.014628,6.946525,7.014628,4.227726,6164909
2005-09-23,7.014628,7.082731,6.946525,7.014628,4.227726,4256481
2005-09-26,7.014628,7.150834,7.014628,7.082731,4.268772,2856107
2005-09-27,7.082731,7.082731,6.946525,6.946525,4.18668,4844119
2005-09-28,7.014628,7.014628,6.946525,6.946525,4.18668,5899136
2005-09-29,6.946525,7.014628,6.946525,7.014628,4.227726,4920033
2005-09-30,7.014628,7.082731,7.014628,7.082731,4.268772,4823856
2005-10-03,7.014628,7.150834,6.946525,7.150834,4.309817,953259
2005-10-04,7.150834,7.150834,6.946525,7.014628,4.227726,7225359
2005-10-05,7.014628,7.014628,6.946525,7.014628,4.227726,5655388
2005-10-06,6.946525,7.014628,6.946525,7.014628,4.227726,5686664
2005-10-07,6.946525,7.014628,6.878422,6.946525,4.18668,2786800
2005-10-10,6.946525,7.014628,6.878422,6.946525,4.18668,6704531
2005-10-11,6.946525,7.014628,6.878422,6.946525,4.18668,5438218
2005-10-12,6.946525,7.014628,6.878422,6.946525,4.18668,9149644
2005-10-13,6.946525,6.946525,6.878422,6.878422,4.145634,1810634
2005-10-14,6.946525,6.946525,6.878422,6.878422,4.145634,952378
2005-10-17,6.878422,6.946525,6.878422,6.878422,4.145634,4886555
2005-10-18,6.878422,6.946525,6.810318,6.878422,4.145634,4749263
2005-10-19,6.878422,6.878422,6.776267,6.878422,4.145634,4819598
2005-10-20,6.878422,6.878422,6.810318,6.878422,4.145634,1814452
2005-10-21,6.810318,6.878422,6.810318,6.878422,4.145634,1735748
2005-10-24,6.810318,6.878422,6.776267,6.776267,4.084065,2954046
2005-10-25,6.776267,6.810318,6.742215,6.776267,4.084065,6957530
2005-10-26,6.776267,6.776267,6.742215,6.742215,4.063541,3041854
2005-10-27,6.776267,6.810318,6.640061,6.674112,4.022496,4892428
2005-10-28,6.674112,6.708164,6.606009,6.640061,4.001973,2928350
2005-10-31,6.640061,6.708164,6.640061,6.708164,4.043019,3357258
2005-11-02,6.708164,6.708164,6.606009,6.640061,4.001973,4649268
2005-11-07,6.640061,6.640061,6.299545,6.435751,3.878836,10020382
2005-11-08,6.435751,6.503854,6.401699,6.435751,3.878836,3322458
2005-11-09,6.469803,6.469803,6.401699,6.435751,3.878836,1971273
2005-11-10,6.469803,6.537906,6.435751,6.503854,3.919881,3792186
2005-11-11,6.469803,6.503854,6.401699,6.503854,3.919881,6058012
2005-11-14,6.469803,6.571957,6.401699,6.537906,3.940405,6671346
2005-11-15,6.537906,6.571957,6.503854,6.571957,3.960927,2173172
2005-11-16,6.571957,6.571957,6.503854,6.571957,3.960927,2545989
2005-11-17,6.571957,6.571957,6.503854,6.537906,3.940405,2222362
2005-11-18,6.537906,6.571957,6.503854,6.537906,3.940405,3867513
2005-11-21,6.537906,6.571957,6.503854,6.503854,3.919881,2221481
2005-11-22,6.537906,6.606009,6.503854,6.503854,3.919881,2800456
2005-11-23,6.537906,6.606009,6.537906,6.571957,3.960927,915522
2005-11-24,6.571957,6.640061,6.537906,6.606009,3.981451,1065882
2005-11-25,6.640061,6.674112,6.571957,6.606009,3.981451,4088354
2005-11-28,6.571957,6.606009,6.571957,6.571957,3.960927,2954487
2005-11-29,6.606009,6.606009,6.503854,6.537906,3.940405,5648634
2005-11-30,6.537906,6.537906,6.435751,6.503854,3.919881,7107743
2005-12-01,6.503854,6.503854,6.401699,6.401699,3.858313,1929131
2005-12-02,6.469803,6.469803,6.231441,6.333596,3.817267,10678941
2005-12-05,6.299545,6.333596,6.19739,6.231441,3.755698,9689560
2005-12-06,6.231441,6.265493,6.163338,6.231441,3.755698,7325354
2005-12-07,6.231441,6.299545,6.231441,6.265493,3.776221,11454235
2005-12-08,6.299545,6.401699,6.299545,6.367648,3.83779,2933195
2005-12-09,6.367648,6.503854,6.367648,6.469803,3.899358,2040139
2005-12-12,6.469803,6.537906,6.469803,6.503854,3.919881,1675986
2005-12-13,6.503854,6.606009,6.503854,6.571957,3.960927,1680684
2005-12-14,6.571957,6.606009,6.571957,6.571957,3.960927,1428567
2005-12-15,6.606009,6.606009,6.537906,6.571957,3.960927,3323045
2005-12-16,6.571957,6.606009,6.401699,6.435751,3.878836,3178265
2005-12-19,6.469803,6.469803,6.401699,6.435751,3.878836,2537619
2005-12-20,6.469803,6.503854,6.435751,6.503854,3.919881,2763747
2005-12-21,6.537906,6.571957,6.503854,6.537906,3.940405,1395969
2005-12-22,6.503854,6.503854,6.469803,6.469803,3.899358,2088448
2005-12-23,6.503854,6.571957,6.469803,6.469803,3.899358,2088301
2005-12-27,6.503854,6.537906,6.469803,6.537906,3.940405,485146
2005-12-28,6.503854,6.537906,6.503854,6.537906,3.940405,2144686
2005-12-29,6.503854,6.571957,6.503854,6.503854,3.919881,2022959
2005-12-30,6.537906,6.571957,6.503854,6.503854,3.919881,928884
2006-01-03,6.537906,6.537906,6.435751,6.469803,3.899358,1155599
2006-01-04,6.469803,6.537906,6.469803,6.503854,3.919881,1657925
2006-01-05,6.469803,6.674112,6.469803,6.606009,3.981451,2697083
2006-01-06,6.640061,6.708164,6.606009,6.606009,3.981451,2775787
2006-01-09,6.640061,6.674112,6.606009,6.606009,3.981451,3518043
2006-01-10,6.606009,6.606009,6.606009,6.606009,3.981451,0
2006-01-11,6.606009,6.606009,6.469803,6.503854,3.919881,9975597
2006-01-12,6.537906,6.571957,6.503854,6.537906,3.940405,6837418
2006-01-13,6.503854,6.571957,6.503854,6.537906,3.940405,6231132
2006-01-16,6.503854,6.537906,6.503854,6.503854,3.919881,6699392
2006-01-17,6.503854,6.537906,6.469803,6.469803,3.899358,5040292
2006-01-18,6.435751,6.503854,6.435751,6.469803,3.899358,2424702
2006-01-19,6.469803,6.503854,6.435751,6.435751,3.878836,3267101
2006-01-20,6.469803,6.503854,6.435751,6.503854,3.919881,2936426
2006-01-23,6.503854,6.537906,6.469803,6.503854,3.919881,4127413
2006-01-24,6.503854,6.537906,6.503854,6.503854,3.919881,4827967
2006-01-25,6.503854,6.537906,6.503854,6.503854,3.919881,3545208
2006-01-26,6.537906,6.537906,6.503854,6.537906,3.940405,5944068
2006-01-27,6.537906,6.640061,6.503854,6.571957,3.960927,5898989
2006-01-30,6.571957,6.571957,6.571957,6.571957,3.960927,0
2006-01-31,6.571957,6.571957,6.571957,6.571957,3.960927,0
2006-02-01,6.571957,6.571957,6.571957,6.571957,3.960927,0
2006-02-02,6.571957,6.571957,6.571957,6.571957,3.960927,0
2006-02-03,6.571957,6.674112,6.571957,6.640061,4.001973,8484477
2006-02-06,6.640061,6.742215,6.640061,6.708164,4.043019,5439099
2006-02-07,6.708164,6.742215,6.571957,6.674112,4.022496,4277479
2006-02-08,6.674112,6.674112,6.469803,6.537906,3.940405,6387659
2006-02-09,6.503854,6.571957,6.503854,6.503854,3.919881,3513638
2006-02-10,6.503854,6.571957,6.503854,6.537906,3.940405,2633209
2006-02-13,6.571957,6.606009,6.537906,6.571957,3.960927,2347760
2006-02-14,6.606009,6.640061,6.571957,6.606009,3.981451,2606045
2006-02-15,6.606009,6.810318,6.606009,6.776267,4.084065,10125516
2006-02-16,6.810318,7.082731,6.776267,6.878422,4.145634,17781105
2006-02-17,6.946525,7.014628,6.878422,6.946525,4.18668,7644869
2006-02-20,6.946525,7.014628,6.878422,6.946525,4.18668,3022619
2006-02-21,6.946525,6.946525,6.810318,6.946525,4.18668,2668597
2006-02-22,6.878422,6.946525,6.776267,6.810318,4.104588,2499001
2006-02-23,6.776267,6.878422,6.776267,6.810318,4.104588,4181301
2006-02-24,6.776267,6.878422,6.776267,6.776267,4.084065,1422253
2006-02-27,6.776267,6.878422,6.776267,6.810318,4.104588,2945089
2006-02-28,6.810318,6.810318,6.674112,6.742215,4.063541,1574375
2006-03-01,6.674112,6.708164,6.571957,6.606009,3.981451,6786025
2006-03-02,6.606009,6.606009,6.571957,6.571957,3.960927,1218738
2006-03-03,6.571957,6.606009,6.469803,6.503854,3.919881,3093247
2006-03-06,6.469803,6.571957,6.469803,6.537906,3.940405,4334598
2006-03-07,6.537906,6.606009,6.537906,6.537906,3.940405,2705893
2006-03-08,6.537906,6.537906,6.401699,6.435751,3.878836,4279094
2006-03-09,6.435751,6.503854,6.401699,6.469803,3.899358,6581189
2006-03-10,6.469803,6.571957,6.469803,6.503854,3.919881,3156533
2006-03-13,6.537906,6.571957,6.469803,6.503854,3.919881,5280075
2006-03-14,6.537906,6.537906,6.469803,6.469803,3.899358,2314575
2006-03-15,6.503854,6.537906,6.435751,6.469803,3.899358,2677994
2006-03-16,6.469803,6.469803,6.401699,6.435751,3.878836,3193976
2006-03-17,6.435751,6.469803,6.333596,6.367648,3.83779,4918271
2006-03-20,6.401699,6.401699,6.299545,6.333596,3.817267,2445553
2006-03-21,6.333596,6.367648,6.265493,6.299545,3.796744,8481541
2006-03-22,6.265493,6.333596,6.265493,6.299545,3.796744,7649127
2006-03-23,6.299545,6.401699,6.299545,6.401699,3.858313,2461852
2006-03-24,6.367648,6.435751,6.333596,6.333596,3.817267,2182276
2006-03-27,6.333596,6.435751,6.299545,6.435751,3.878836,3784257
2006-03-28,6.401699,6.469803,6.367648,6.469803,3.899358,1140768
2006-03-29,6.469803,6.469803,6.401699,6.435751,3.878836,6743296
2006-03-30,6.401699,6.435751,6.367648,6.401699,3.858313,2006954
2006-03-31,6.435751,6.435751,6.333596,6.367648,3.83779,4427986
2006-04-03,6.367648,6.435751,6.333596,6.401699,3.858313,2740400
2006-04-04,6.401699,6.435751,6.367648,6.435751,3.878836,1837358
2006-04-05,6.435751,6.571957,6.435751,6.537906,3.940405,5893703
2006-04-06,6.537906,6.537906,6.435751,6.503854,3.919881,4236512
2006-04-07,6.503854,6.606009,6.469803,6.537906,3.940405,5035887
2006-04-10,6.537906,6.606009,6.537906,6.537906,3.940405,2058640
2006-04-11,6.537906,6.537906,6.537906,6.537906,3.940405,0
2006-04-12,6.537906,6.606009,6.537906,6.537906,3.940405,4175869
2006-04-13,6.571957,6.606009,6.537906,6.537906,3.940405,4281884
2006-04-14,6.571957,6.571957,6.537906,6.537906,3.940405,264745
2006-04-17,6.571957,6.606009,6.571957,6.606009,3.981451,785132
2006-04-18,6.571957,6.606009,6.571957,6.606009,3.981451,5090804
2006-04-19,6.571957,6.640061,6.571957,6.640061,4.001973,3876176
2006-04-20,6.640061,6.674112,6.606009,6.674112,4.022496,2028392
2006-04-21,6.674112,6.742215,6.640061,6.674112,4.022496,3964572
2006-04-24,6.674112,6.708164,6.640061,6.640061,4.001973,1330334
2006-04-25,6.640061,6.674112,6.606009,6.640061,4.001973,1778771
2006-04-26,6.606009,6.640061,6.606009,6.640061,4.001973,1627823
2006-04-27,6.640061,6.640061,6.571957,6.640061,4.001973,1159563
2006-04-28,6.606009,6.640061,6.571957,6.640061,4.001973,1640451
2006-05-01,6.640061,6.640061,6.640061,6.640061,4.001973,0
2006-05-02,6.571957,6.674112,6.571957,6.640061,4.001973,1285108
2006-05-03,6.640061,6.674112,6.640061,6.640061,4.001973,1016545
2006-05-04,6.640061,6.674112,6.640061,6.674112,4.022496,2005779
2006-05-05,6.674112,6.742215,6.640061,6.742215,4.063541,2766390
2006-05-08,6.776267,6.878422,6.742215,6.810318,4.104588,2550834
2006-05-09,6.810318,6.810318,6.742215,6.810318,4.104588,2945236
2006-05-10,6.810318,6.810318,6.742215,6.776267,4.084065,2816020
2006-05-11,6.742215,6.810318,6.742215,6.742215,4.063541,2295634
2006-05-12,6.742215,6.742215,6.742215,6.742215,4.063541,0
2006-05-15,6.742215,6.776267,6.640061,6.742215,4.063541,2328672
2006-05-16,6.810318,6.810318,6.674112,6.742215,4.063541,6348894
2006-05-17,6.776267,6.878422,6.708164,6.776267,4.084065,3475020
2006-05-18,6.776267,6.810318,6.708164,6.742215,4.063541,5936873
2006-05-19,6.606009,6.606009,6.503854,6.503854,3.919881,1188490
2006-05-22,6.503854,6.503854,6.367648,6.367648,3.83779,9786472
2006-05-23,6.367648,6.367648,6.265493,6.333596,3.817267,5162900
2006-05-24,6.333596,6.333596,6.231441,6.299545,3.796744,2829382
2006-05-25,6.299545,6.299545,6.163338,6.163338,3.714651,4835162
2006-05-26,6.19739,6.231441,6.163338,6.19739,3.735175,4118602
2006-05-29,6.19739,6.231441,6.129287,6.19739,3.735175,3498661
2006-05-30,6.231441,6.265493,6.19739,6.19739,3.735175,4609182
2006-05-31,6.163338,6.19739,6.129287,6.129287,3.69413,4994332
2006-06-01,6.163338,6.19739,6.129287,6.129287,3.69413,2219132
2006-06-02,6.19739,6.19739,6.129287,6.163338,3.714651,10089101
2006-06-05,6.19739,6.19739,6.129287,6.129287,3.69413,519946
2006-06-06,6.129287,6.163338,6.095235,6.129287,3.69413,1038277
2006-06-07,6.163338,6.163338,6.129287,6.129287,3.69413,2861980
2006-06-08,6.129287,6.19739,6.129287,6.163338,3.714651,3727285
2006-06-09,6.19739,6.19739,6.129287,6.163338,3.714651,2855372
2006-06-12,6.19739,6.19739,6.095235,6.095235,3.673607,3696596
2006-06-13,6.095235,6.129287,6.061183,6.095235,3.673607,4921355
2006-06-14,6.095235,6.19739,6.095235,6.129287,3.69413,2076701
2006-06-15,6.19739,6.265493,6.129287,6.163338,3.714651,5505468
2006-06-16,6.163338,6.19739,6.129287,6.129287,3.69413,3393820
2006-06-19,6.129287,6.129287,5.99308,6.061183,3.653082,4141803
2006-06-20,6.027132,6.129287,6.027132,6.095235,3.673607,1406395
2006-06-21,6.095235,6.19739,6.095235,6.129287,3.69413,2415011
2006-06-22,6.095235,6.163338,6.095235,6.129287,3.69413,700407
2006-06-23,6.129287,6.19739,6.061183,6.129287,3.69413,2843625
2006-06-26,6.129287,6.129287,6.095235,6.129287,3.69413,1811956
2006-06-27,6.095235,6.129287,6.061183,6.095235,3.673607,3137151
2006-06-28,6.095235,6.129287,6.061183,6.061183,3.653082,1736629
2006-06-29,6.061183,6.129287,6.061183,6.129287,3.69413,2616911
2006-06-30,6.129287,6.19739,6.129287,6.163338,3.714651,3365334
2006-07-03,6.129287,6.163338,6.095235,6.129287,3.69413,2297836
2006-07-04,6.129287,6.163338,6.129287,6.129287,3.69413,2108711
2006-07-05,6.163338,6.19739,6.129287,6.163338,3.714651,2484318
2006-07-06,6.19739,6.19739,6.095235,6.095235,3.673607,3382660
2006-07-07,6.129287,6.163338,6.095235,6.163338,3.714651,367530
2006-07-10,6.163338,6.163338,6.129287,6.163338,3.714651,650923
2006-07-11,6.163338,6.231441,6.129287,6.163338,3.714651,527728
2006-07-12,6.129287,6.163338,6.129287,6.163338,3.714651,760169
2006-07-13,6.163338,6.265493,6.163338,6.19739,3.735175,937841
2006-07-14,6.095235,6.19739,6.095235,6.163338,3.714651,906418
2006-07-17,6.129287,6.129287,6.061183,6.095235,3.673607,1626502
2006-07-18,6.129287,6.19739,6.129287,6.163338,3.714651,354462
2006-07-19,6.163338,6.19739,6.095235,6.163338,3.714651,1373944
2006-07-20,6.19739,6.231441,6.129287,6.129287,3.69413,1507712
2006-07-21,6.163338,6.231441,6.163338,6.163338,3.714651,1355736
2006-07-24,6.19739,6.19739,6.129287,6.129287,3.69413,482796
2006-07-25,6.163338,6.19739,6.163338,6.163338,3.714651,1738685
2006-07-26,6.163338,6.19739,6.129287,6.19739,3.735175,2734379
2006-07-27,6.19739,6.19739,6.163338,6.19739,3.735175,690569
2006-07-28,6.19739,6.19739,6.129287,6.163338,3.714651,688367
2006-07-31,6.163338,6.231441,6.129287,6.163338,3.714651,3728166
2006-08-01,6.163338,6.19739,6.129287,6.163338,3.714651,2698845
2006-08-02,6.163338,6.19739,6.061183,6.095235,3.673607,5952437
2006-08-03,6.129287,6.163338,6.095235,6.129287,3.69413,2792820
2006-08-04,6.129287,6.163338,6.129287,6.163338,3.714651,2221188
2006-08-07,6.163338,6.19739,6.163338,6.163338,3.714651,773678
2006-08-08,6.163338,6.19739,6.163338,6.19739,3.735175,2153056
2006-08-09,6.163338,6.231441,6.163338,6.19739,3.735175,331408
2006-08-10,6.19739,6.231441,6.163338,6.19739,3.735175,1814305
2006-08-11,6.19739,6.231441,6.19739,6.19739,3.735175,748129
2006-08-14,6.231441,6.231441,6.163338,6.19739,3.735175,2911317
2006-08-15,6.19739,6.265493,6.19739,6.231441,3.755698,1229457
2006-08-16,6.231441,6.231441,6.129287,6.163338,3.714651,4942646
2006-08-17,6.163338,6.19739,6.095235,6.163338,3.714651,7188943
2006-08-18,6.163338,6.163338,6.095235,6.163338,3.714651,3266954
2006-08-21,6.095235,6.163338,6.027132,6.129287,3.69413,2222509
2006-08-22,6.163338,6.163338,6.095235,6.095235,3.673607,2191967
2006-08-23,6.129287,6.163338,6.061183,6.163338,3.714651,1094515
2006-08-24,6.163338,6.19739,6.129287,6.163338,3.714651,311585
2006-08-25,6.163338,6.19739,6.129287,6.163338,3.714651,1385250
2006-08-28,6.129287,6.163338,6.095235,6.095235,3.673607,2695174
2006-08-29,6.095235,6.163338,6.095235,6.129287,3.69413,2041020
2006-08-30,6.163338,6.231441,6.129287,6.19739,3.735175,3239642
2006-08-31,6.19739,6.19739,6.19739,6.19739,3.735175,0
2006-09-01,6.19739,6.299545,6.19739,6.19739,3.735175,3120118
2006-09-04,6.231441,6.265493,6.19739,6.265493,3.776221,1160298
2006-09-05,6.231441,6.231441,6.163338,6.163338,3.714651,204542
2006-09-06,6.163338,6.231441,6.095235,6.129287,3.69413,4160304
2006-09-07,6.129287,6.163338,6.095235,6.095235,3.673607,777496
2006-09-08,6.129287,6.19739,6.095235,6.095235,3.673607,3714363
2006-09-11,6.129287,6.19739,6.095235,6.19739,3.735175,3522155
2006-09-12,6.163338,6.231441,6.129287,6.231441,3.755698,2421472
2006-09-13,6.163338,6.231441,6.163338,6.231441,3.755698,1593904
2006-09-14,6.19739,6.231441,6.19739,6.231441,3.755698,2786066
2006-09-15,6.19739,6.231441,6.19739,6.231441,3.755698,1002008
2006-09-18,6.231441,6.231441,6.163338,6.19739,3.735175,3558276
2006-09-19,6.163338,6.19739,6.163338,6.163338,3.714651,1782882
2006-09-20,6.163338,6.19739,6.129287,6.163338,3.714651,1232100
2006-09-21,6.163338,6.231441,6.163338,6.19739,3.735175,1058540
2006-09-22,6.19739,6.231441,6.163338,6.231441,3.755698,1683474
2006-09-25,6.231441,6.231441,6.19739,6.231441,3.755698,439626
2006-09-26,6.19739,6.19739,6.129287,6.163338,3.714651,5266273
2006-09-27,6.19739,6.265493,6.19739,6.231441,3.755698,1609175
2006-09-28,6.231441,6.265493,6.19739,6.231441,3.755698,647253
2006-09-29,6.231441,6.231441,6.163338,6.231441,3.755698,4156192
2006-10-02,6.163338,6.231441,6.163338,6.231441,3.755698,815820
2006-10-03,6.19739,6.231441,6.19739,6.231441,3.755698,587637
2006-10-04,6.19739,6.231441,6.19739,6.19739,3.735175,215408
2006-10-05,6.231441,6.265493,6.231441,6.231441,3.755698,1486714
2006-10-06,6.231441,6.265493,6.19739,6.19739,3.735175,4968783
2006-10-09,6.19739,6.231441,6.163338,6.163338,3.714651,4666301
2006-10-10,6.19739,6.19739,6.163338,6.163338,3.714651,3476782
2006-10-11,6.163338,6.19739,6.095235,6.129287,3.69413,5192120
2006-10-12,6.129287,6.163338,6.129287,6.163338,3.714651,1924285
2006-10-13,6.163338,6.19739,6.129287,6.19739,3.735175,4232694
2006-10-16,6.163338,6.19739,6.163338,6.19739,3.735175,3230979
2006-10-17,6.163338,6.231441,6.129287,6.19739,3.735175,3809513
2006-10-18,6.19739,6.19739,6.129287,6.19739,3.735175,1499782
2006-10-19,6.163338,6.19739,6.129287,6.129287,3.69413,2787534
2006-10-20,6.163338,6.163338,6.129287,6.129287,3.69413,545055
2006-10-23,6.129287,6.129287,6.129287,6.129287,3.69413,0
2006-10-24,6.129287,6.129287,6.129287,6.129287,3.69413,0
2006-10-25,6.129287,6.129287,6.129287,6.129287,3.69413,0
2006-10-26,6.129287,6.163338,6.129287,6.129287,3.69413,2610156
2006-10-27,6.129287,6.19739,6.061183,6.095235,3.673607,8744377
2006-10-30,6.095235,6.095235,5.99308,5.99308,3.612037,6032610
2006-10-31,6.027132,6.027132,5.856874,5.959029,3.591515,5511342
2006-11-01,5.99308,6.061183,5.924977,5.99308,3.612037,573247
2006-11-02,5.959029,6.163338,5.959029,6.095235,3.673607,1206845
2006-11-03,6.095235,6.129287,6.061183,6.061183,3.653082,3815973
2006-11-06,6.061183,6.129287,6.027132,6.027132,3.632561,1160151
2006-11-07,6.061183,6.163338,6.027132,6.095235,3.673607,2784597
2006-11-08,6.129287,6.163338,6.095235,6.129287,3.69413,2189618
2006-11-09,6.095235,6.19739,6.095235,6.19739,3.735175,1581570
2006-11-10,6.19739,6.19739,6.129287,6.163338,3.714651,1972447
2006-11-13,6.129287,6.129287,5.99308,6.061183,3.653082,4270871
2006-11-14,6.061183,6.19739,6.061183,6.163338,3.714651,2708243
2006-11-15,6.163338,6.231441,6.163338,6.19739,3.735175,2007394
2006-11-16,6.231441,6.537906,6.19739,6.503854,3.919881,7708743
2006-11-17,6.469803,6.537906,6.333596,6.333596,3.817267,3356524
2006-11-20,6.401699,6.435751,6.129287,6.19739,3.735175,6619220
2006-11-21,6.19739,6.19739,6.095235,6.129287,3.69413,7594211
2006-11-22,6.129287,6.19739,6.095235,6.129287,3.69413,7477035
2006-11-23,6.129287,6.19739,6.129287,6.129287,3.69413,4490832
2006-11-24,6.163338,6.469803,6.163338,6.435751,3.878836,9169761
2006-11-27,6.469803,6.503854,6.401699,6.435751,3.878836,8666113
2006-11-28,6.435751,6.435751,6.231441,6.265493,3.776221,5387119
2006-11-29,6.299545,6.401699,6.265493,6.299545,3.796744,7609041
2006-11-30,6.299545,6.742215,6.299545,6.503854,3.919881,25557393
2006-12-01,6.503854,6.571957,6.469803,6.537906,3.940405,7369258
2006-12-04,6.537906,6.537906,6.367648,6.401699,3.858313,8945689
2006-12-05,6.469803,6.742215,6.469803,6.640061,4.001973,10904628
2006-12-06,6.674112,6.810318,6.674112,6.742215,4.063541,11632201
2006-12-07,6.708164,6.742215,6.571957,6.571957,3.960927,3143465
2006-12-08,6.571957,6.606009,6.401699,6.469803,3.899358,12638908
2006-12-11,6.537906,6.640061,6.469803,6.503854,3.919881,12589278
2006-12-12,6.537906,6.708164,6.503854,6.571957,3.960927,17005811
2006-12-13,6.571957,6.640061,6.571957,6.571957,3.960927,15355521
2006-12-14,6.571957,6.640061,6.469803,6.537906,3.940405,4373803
2006-12-15,6.537906,6.640061,6.503854,6.640061,4.001973,5023553
2006-12-18,6.640061,6.640061,6.469803,6.571957,3.960927,3003236
2006-12-19,6.503854,6.606009,6.435751,6.503854,3.919881,1649849
2006-12-20,6.503854,6.674112,6.503854,6.640061,4.001973,4228142
2006-12-21,6.640061,6.708164,6.640061,6.674112,4.022496,3098973
2006-12-22,6.708164,6.742215,6.640061,6.708164,4.043019,655475
2006-12-25,6.708164,6.708164,6.708164,6.708164,4.043019,0
2006-12-26,6.674112,6.708164,6.571957,6.640061,4.001973,71802
2006-12-27,6.640061,6.708164,6.640061,6.708164,4.043019,386031
2006-12-28,6.742215,6.742215,6.674112,6.674112,4.022496,1159857
2006-12-29,6.674112,6.708164,6.640061,6.640061,4.001973,2664045
2007-01-03,6.640061,6.878422,6.640061,6.878422,4.145634,4001427
2007-01-04,6.810318,6.878422,6.810318,6.810318,4.104588,3975437
2007-01-05,6.878422,6.878422,6.776267,6.810318,4.104588,5054241
2007-01-08,6.810318,6.878422,6.776267,6.776267,4.084065,4276598
2007-01-09,6.776267,6.878422,6.776267,6.810318,4.104588,4062658
2007-01-10,6.810318,6.810318,6.674112,6.674112,4.022496,9660927
2007-01-11,6.674112,6.742215,6.571957,6.571957,3.960927,8436609
2007-01-12,6.606009,6.674112,6.571957,6.606009,3.981451,5243513
2007-01-15,6.606009,6.640061,6.571957,6.606009,3.981451,3210569
2007-01-16,6.606009,6.742215,6.606009,6.742215,4.063541,2559351
2007-01-17,6.708164,6.810318,6.708164,6.776267,4.084065,7030067
2007-01-18,6.810318,6.878422,6.776267,6.776267,4.084065,4547951
2007-01-19,6.776267,6.776267,6.640061,6.640061,4.001973,4422700
2007-01-22,6.674112,6.674112,6.606009,6.674112,4.022496,8756858
2007-01-23,6.674112,6.708164,6.640061,6.708164,4.043019,6554905
2007-01-24,6.708164,6.742215,6.640061,6.708164,4.043019,7827680
2007-01-25,6.708164,6.708164,6.640061,6.640061,4.001973,10499067
2007-01-26,6.606009,6.776267,6.606009,6.708164,4.043019,6802911
2007-01-29,6.708164,6.810318,6.708164,6.810318,4.104588,9118515
2007-01-30,6.810318,7.150834,6.810318,7.014628,4.227726,17561438
2007-01-31,7.014628,7.150834,6.946525,7.014628,4.227726,10296727
2007-02-02,7.082731,7.355144,7.082731,7.287041,4.391909,37590016
2007-02-05,7.287041,7.49135,7.287041,7.355144,4.432954,16546802
2007-02-06,7.218938,7.355144,7.218938,7.218938,4.350863,8257322
2007-02-07,7.287041,7.355144,7.218938,7.218938,4.350863,16465601
2007-02-08,7.287041,7.355144,7.150834,7.355144,4.432954,10465001
2007-02-09,7.287041,7.287041,7.150834,7.150834,4.309817,13246956
2007-02-12,7.150834,7.218938,7.014628,7.150834,4.309817,14155284
2007-02-13,7.150834,7.355144,7.150834,7.355144,4.432954,35752216
2007-02-14,7.287041,7.423247,7.287041,7.287041,4.391909,13397463
2007-02-15,7.287041,7.559454,7.218938,7.355144,4.432954,17524582
2007-02-16,7.355144,7.355144,7.150834,7.287041,4.391909,7699933
2007-02-21,7.355144,7.423247,7.218938,7.355144,4.432954,6762678
2007-02-22,7.355144,7.423247,7.218938,7.287041,4.391909,7817842
2007-02-23,7.287041,7.49135,7.287041,7.423247,4.474,10560298
2007-02-26,7.49135,7.49135,7.287041,7.287041,4.391909,15997341
2007-02-27,7.287041,7.287041,7.014628,7.082731,4.268772,24716169
2007-02-28,6.742215,6.946525,6.640061,6.878422,4.145634,24560376
2007-03-01,6.878422,7.014628,6.776267,6.878422,4.145634,6322904
2007-03-02,6.810318,6.810318,6.708164,6.742215,4.063541,11868166
2007-03-05,6.674112,6.674112,6.469803,6.606009,3.981451,22383386
2007-03-06,6.640061,6.708164,6.606009,6.674112,4.022496,14530890
2007-03-07,6.708164,6.810318,6.708164,6.742215,4.063541,12888089
2007-03-08,6.742215,6.810318,6.742215,6.776267,4.084065,11403430
2007-03-09,6.810318,6.878422,6.776267,6.776267,4.084065,6772516
2007-03-12,6.776267,6.878422,6.742215,6.810318,4.104588,10204367
2007-03-13,6.810318,6.878422,6.742215,6.810318,4.104588,5923951
2007-03-14,6.810318,6.810318,6.640061,6.742215,4.063541,23474083
2007-03-15,6.742215,6.810318,6.742215,6.776267,4.084065,3595132
2007-03-16,6.776267,6.878422,6.742215,6.810318,4.104588,5237346
2007-03-19,6.810318,6.946525,6.810318,6.878422,4.145634,5197113
2007-03-20,6.878422,6.946525,6.810318,6.810318,4.104588,902160
2007-03-21,6.810318,6.878422,6.810318,6.810318,4.104588,3085318
2007-03-22,6.878422,6.946525,6.810318,6.946525,4.18668,5577859
2007-03-23,6.878422,6.946525,6.878422,6.878422,4.145634,2220307
2007-03-26,6.878422,6.946525,6.810318,6.878422,4.145634,2334105
2007-03-27,6.810318,6.878422,6.810318,6.810318,4.104588,1699186
2007-03-28,6.810318,6.946525,6.776267,6.878422,4.145634,5741581
2007-03-29,6.742215,6.878422,6.742215,6.810318,4.104588,6835803
2007-03-30,6.878422,6.946525,6.776267,6.810318,4.104588,5610456
2007-04-02,6.810318,6.946525,6.810318,6.946525,4.18668,5149098
2007-04-03,6.946525,6.946525,6.810318,6.878422,4.145634,4943968
2007-04-04,6.878422,7.014628,6.878422,6.946525,4.18668,9440673
2007-04-05,6.946525,6.946525,6.878422,6.946525,4.18668,1998878
2007-04-06,6.946525,6.946525,6.878422,6.878422,4.145634,2067891
2007-04-09,6.878422,6.946525,6.878422,6.946525,4.18668,5560532
2007-04-10,6.878422,6.946525,6.878422,6.946525,4.18668,2809119
2007-04-11,6.946525,7.014628,6.878422,6.946525,4.18668,7331374
2007-04-12,6.878422,7.082731,6.878422,7.082731,4.268772,9500582
2007-04-13,7.082731,7.150834,7.014628,7.014628,4.227726,3337435
2007-04-16,7.082731,7.082731,6.946525,7.014628,4.227726,2096818
2007-04-17,7.014628,7.082731,7.014628,7.082731,4.268772,3253885
2007-04-18,7.082731,7.218938,7.082731,7.150834,4.309817,11453061
2007-04-19,7.082731,7.082731,6.878422,6.946525,4.18668,6049790
2007-04-20,7.014628,7.082731,6.946525,7.014628,4.227726,3232741
2007-04-23,7.082731,7.082731,7.014628,7.014628,4.227726,3502625
2007-04-24,7.014628,7.082731,6.946525,7.014628,4.227726,1226814
2007-04-25,6.946525,7.014628,6.946525,6.946525,4.18668,1607707
2007-04-26,6.946525,6.946525,6.946525,6.946525,4.18668,0
2007-04-27,6.946525,7.218938,6.946525,7.082731,4.268772,7763806
2007-04-30,7.082731,7.423247,7.014628,7.355144,4.432954,12668569
2007-05-03,7.355144,7.627557,7.355144,7.355144,4.432954,24389606
2007-05-04,7.355144,7.559454,7.355144,7.49135,4.515046,9257422
2007-05-07,7.423247,7.423247,7.287041,7.287041,4.391909,6188550
2007-05-08,7.355144,7.355144,7.150834,7.287041,4.391909,10586435
2007-05-09,7.287041,7.355144,7.218938,7.287041,4.391909,8055276
2007-05-10,7.218938,7.287041,7.082731,7.150834,4.309817,9870609
2007-05-11,7.014628,7.150834,6.946525,7.082731,4.268772,4748823
2007-05-14,7.082731,7.218938,7.082731,7.082731,4.268772,7091004
2007-05-15,7.150834,7.150834,6.878422,7.014628,4.227726,6533467
2007-05-16,6.946525,6.946525,6.878422,6.946525,4.18668,3934617
2007-05-17,6.946525,6.946525,6.776267,6.776267,4.084065,15382098
2007-05-18,6.776267,6.810318,6.742215,6.776267,4.084065,9478851
2007-05-21,6.776267,6.810318,6.742215,6.776267,4.084065,8475373
2007-05-22,6.776267,6.810318,6.742215,6.776267,4.084065,8052633
2007-05-23,6.776267,6.776267,6.674112,6.742215,4.063541,7007894
2007-05-24,6.708164,6.776267,6.606009,6.708164,4.043019,8866398
2007-05-25,6.640061,6.742215,6.537906,6.742215,4.063541,10825484
2007-05-28,6.742215,6.878422,6.708164,6.878422,4.145634,7580849
2007-05-29,6.878422,6.946525,6.810318,6.878422,4.145634,5874027
2007-05-30,6.878422,7.014628,6.878422,6.946525,4.18668,15224103
2007-05-31,6.946525,7.082731,6.946525,7.082731,4.268772,11749816
2007-06-01,7.082731,7.150834,6.946525,7.014628,4.227726,8431469
2007-06-04,7.014628,7.150834,7.014628,7.014628,4.227726,4385403
2007-06-05,7.014628,7.082731,6.946525,7.082731,4.268772,4768499
2007-06-06,7.014628,7.082731,6.946525,6.946525,4.18668,3491906
2007-06-07,6.946525,7.082731,6.946525,6.946525,4.18668,3054335
2007-06-08,6.946525,7.014628,6.810318,6.946525,4.18668,5799875
2007-06-11,7.014628,7.082731,6.946525,6.946525,4.18668,4770407
2007-06-12,6.946525,6.946525,6.810318,6.878422,4.145634,1713722
2007-06-13,6.878422,6.946525,6.878422,6.878422,4.145634,1374384
2007-06-14,6.946525,7.082731,6.946525,7.082731,4.268772,4237540
2007-06-15,7.150834,7.150834,6.946525,7.082731,4.268772,3031869
2007-06-18,7.082731,7.082731,6.946525,7.082731,4.268772,3211890
2007-06-19,7.014628,7.082731,7.014628,7.082731,4.268772,4631794
2007-06-20,7.150834,7.218938,7.082731,7.218938,4.350863,10166190
2007-06-21,7.150834,7.49135,7.150834,7.423247,4.474,11151313
2007-06-22,7.355144,7.355144,7.218938,7.355144,4.432954,5379924
2007-06-25,7.218938,7.355144,7.150834,7.150834,4.309817,2309877
2007-06-26,7.150834,7.150834,6.878422,7.014628,4.227726,4697724
2007-06-27,6.946525,7.082731,6.878422,7.082731,4.268772,7253845
2007-06-28,7.082731,7.218938,7.014628,7.150834,4.309817,5344096
2007-06-29,7.082731,7.150834,7.014628,7.014628,4.227726,2744071
2007-07-02,7.082731,7.082731,7.014628,7.082731,4.268772,1871865
2007-07-03,7.082731,7.082731,6.946525,7.014628,4.227726,4103919
2007-07-04,7.014628,7.218938,7.014628,7.150834,4.309817,4432832
2007-07-05,7.150834,7.218938,7.082731,7.218938,4.350863,3714803
2007-07-06,7.150834,7.287041,7.150834,7.218938,4.350863,1582745
2007-07-09,7.218938,7.287041,7.082731,7.150834,4.309817,1276739
2007-07-10,7.150834,7.287041,7.150834,7.287041,4.391909,2833200
2007-07-11,7.218938,7.218938,7.014628,7.082731,4.268772,7856019
2007-07-12,7.082731,7.218938,7.082731,7.082731,4.268772,11199034
2007-07-13,7.150834,7.218938,7.014628,7.082731,4.268772,8046465
2007-07-16,7.150834,7.150834,7.014628,7.082731,4.268772,6226874
2007-07-17,7.014628,7.150834,6.946525,6.946525,4.18668,6349629
2007-07-18,6.946525,7.082731,6.878422,7.014628,4.227726,3439486
2007-07-19,6.946525,7.014628,6.878422,6.946525,4.18668,8233535
2007-07-20,7.014628,7.082731,6.946525,7.014628,4.227726,4855132
2007-07-23,7.014628,7.082731,6.878422,7.014628,4.227726,8441748
2007-07-24,7.014628,7.014628,6.878422,6.878422,4.145634,7869969
2007-07-25,6.878422,7.014628,6.810318,6.810318,4.104588,9222915
2007-07-26,6.878422,6.946525,6.810318,6.946525,4.18668,5491666
2007-07-27,6.878422,6.878422,6.708164,6.776267,4.084065,10835615
2007-07-30,6.776267,7.014628,6.708164,6.878422,4.145634,4921502
2007-07-31,6.946525,7.014628,6.878422,6.946525,4.18668,3633897
2007-08-01,6.878422,7.014628,6.776267,6.810318,4.104588,7814611
2007-08-02,6.878422,6.946525,6.776267,6.810318,4.104588,5855232
2007-08-03,6.878422,6.946525,6.810318,6.878422,4.145634,4106121
2007-08-06,6.810318,6.810318,6.742215,6.810318,4.104588,6263876
2007-08-07,6.810318,6.878422,6.776267,6.878422,4.145634,1925460
2007-08-08,6.810318,6.810318,6.742215,6.776267,4.084065,7366762
2007-08-09,6.810318,6.810318,6.708164,6.742215,4.063541,6966487
2007-08-10,6.640061,6.674112,6.606009,6.640061,4.001973,14778456
2007-08-13,6.640061,6.640061,6.640061,6.640061,4.001973,0
2007-08-14,6.674112,6.708164,6.640061,6.640061,4.001973,7125657
2007-08-15,6.640061,6.674112,6.571957,6.640061,4.001973,18098271
2007-08-16,6.435751,6.435751,6.333596,6.435751,3.878836,20247803
2007-08-17,6.435751,6.537906,6.265493,6.503854,3.919881,10790243
2007-08-20,6.537906,6.742215,6.537906,6.674112,4.022496,6973094
2007-08-21,6.742215,6.878422,6.674112,6.674112,4.022496,6553290
2007-08-22,6.674112,6.742215,6.640061,6.742215,4.063541,4940444
2007-08-23,6.810318,6.946525,6.742215,6.878422,4.145634,5826892
2007-08-24,6.810318,6.810318,6.674112,6.742215,4.063541,19382645
2007-08-27,6.810318,6.810318,6.640061,6.708164,4.043019,8000653
2007-08-28,6.708164,6.708164,6.537906,6.640061,4.001973,7597147
2007-08-29,6.537906,6.674112,6.537906,6.606009,3.981451,6890132
2007-08-30,6.674112,6.674112,6.606009,6.640061,4.001973,3103672
2007-09-03,6.640061,6.708164,6.640061,6.674112,4.022496,3936819
2007-09-04,6.640061,6.674112,6.606009,6.640061,4.001973,3460630
2007-09-05,6.640061,6.674112,6.640061,6.674112,4.022496,649455
2007-09-06,6.674112,6.708164,6.640061,6.708164,4.043019,1368511
2007-09-07,6.708164,6.776267,6.674112,6.708164,4.043019,15786044
2007-09-10,6.674112,6.674112,6.606009,6.640061,4.001973,468260
2007-09-11,6.674112,6.674112,6.571957,6.640061,4.001973,2783716
2007-09-12,6.640061,6.674112,6.537906,6.537906,3.940405,2057319
2007-09-13,6.537906,6.571957,6.401699,6.435751,3.878836,9542871
2007-09-14,6.503854,6.537906,6.469803,6.503854,3.919881,3761644
2007-09-17,6.571957,6.606009,6.435751,6.469803,3.899358,516128
2007-09-18,6.435751,6.469803,6.367648,6.367648,3.83779,3661355
2007-09-19,6.469803,6.469803,6.401699,6.435751,3.878836,2057172
2007-09-20,6.469803,6.537906,6.435751,6.503854,3.919881,1979349
2007-09-21,6.503854,6.537906,6.435751,6.503854,3.919881,4427545
2007-09-24,6.537906,6.537906,6.435751,6.503854,3.919881,3806576
2007-09-25,6.503854,6.537906,6.435751,6.469803,3.899358,5693125
2007-09-26,6.469803,6.606009,6.469803,6.571957,3.960927,3661649
2007-09-27,6.606009,6.640061,6.537906,6.606009,3.981451,3372382
2007-09-28,6.606009,6.606009,6.606009,6.606009,3.981451,0
2007-10-01,7.014628,7.559454,6.946525,7.218938,4.350863,50058301
2007-10-02,7.355144,7.49135,7.218938,7.355144,4.432954,34290170
2007-10-03,7.355144,7.49135,7.287041,7.355144,4.432954,17641611
2007-10-04,7.355144,7.423247,7.150834,7.355144,4.432954,6736982
2007-10-05,7.355144,7.423247,7.218938,7.218938,4.350863,6926841
2007-10-08,7.287041,7.287041,7.082731,7.150834,4.309817,5703110
2007-10-09,7.218938,7.218938,7.150834,7.150834,4.309817,4854251
2007-10-10,7.150834,7.218938,7.082731,7.218938,4.350863,3567967
2007-10-11,7.218938,7.218938,7.014628,7.150834,4.309817,6622303
2007-10-12,7.082731,7.150834,6.878422,6.878422,4.145634,10067663
2007-10-16,6.878422,6.878422,6.708164,6.742215,4.063541,13050196
2007-10-17,6.742215,7.014628,6.742215,6.946525,4.18668,6359907
2007-10-18,6.946525,7.082731,6.878422,6.946525,4.18668,9777515
2007-10-19,7.014628,7.082731,6.946525,6.946525,4.18668,10058853
2007-10-22,6.878422,7.082731,6.776267,7.082731,4.268772,4722539
2007-10-23,6.946525,7.014628,6.878422,6.946525,4.18668,4366608
2007-10-24,6.946525,7.014628,6.878422,6.946525,4.18668,7259865
2007-10-25,6.946525,7.014628,6.878422,7.014628,4.227726,8524857
2007-10-26,7.014628,7.014628,6.946525,6.946525,4.18668,4964084
2007-10-29,6.946525,7.082731,6.878422,6.878422,4.145634,5689748
2007-10-30,6.878422,6.946525,6.810318,6.946525,4.18668,9770467
2007-10-31,6.878422,6.946525,6.810318,6.946525,4.18668,5873880
2007-11-01,6.946525,7.082731,6.878422,6.946525,4.18668,10723873
2007-11-02,6.878422,7.082731,6.878422,6.878422,4.145634,3345658
2007-11-05,6.946525,7.218938,6.946525,7.082731,4.268772,20862458
2007-11-06,7.082731,7.218938,7.082731,7.150834,4.309817,11442635
2007-11-07,7.150834,7.218938,6.878422,7.014628,4.227726,11867285
2007-11-09,6.946525,7.49135,6.878422,7.423247,4.474,23156037
2007-11-12,7.218938,7.287041,7.082731,7.150834,4.309817,18981489
2007-11-13,7.218938,7.287041,7.014628,7.150834,4.309817,17743809
2007-11-14,7.287041,7.423247,7.218938,7.355144,4.432954,10599650
2007-11-15,7.355144,7.423247,7.287041,7.423247,4.474,21624684
2007-11-16,7.423247,7.423247,7.218938,7.423247,4.474,13982898
2007-11-19,7.355144,7.423247,7.287041,7.287041,4.391909,7204214
2007-11-20,7.287041,7.423247,7.218938,7.287041,4.391909,11518256
2007-11-21,7.355144,7.355144,7.150834,7.218938,4.350863,15977959
2007-11-22,7.218938,7.218938,7.014628,7.082731,4.268772,13329037
2007-11-23,7.150834,7.218938,7.082731,7.150834,4.309817,11994298
2007-11-26,7.150834,7.355144,7.150834,7.218938,4.350863,6376940
2007-11-27,7.218938,7.287041,7.150834,7.287041,4.391909,2839220
2007-11-28,7.355144,7.49135,7.287041,7.423247,4.474,14287730
2007-11-29,7.49135,7.627557,7.355144,7.49135,4.515046,22179871
2007-11-30,7.423247,7.49135,7.355144,7.355144,4.432954,9137457
2007-12-03,7.355144,7.69566,7.355144,7.69566,4.638186,18421457
2007-12-04,7.627557,7.968073,7.627557,7.968073,4.802369,21210607
2007-12-05,7.89997,7.89997,7.763763,7.763763,4.679229,18659331
2007-12-06,7.831866,7.89997,7.69566,7.69566,4.638186,14263355
2007-12-07,7.763763,7.831866,7.627557,7.627557,4.597139,11374503
2007-12-10,7.627557,7.627557,7.627557,7.627557,4.597139,0
2007-12-11,7.968073,8.036176,7.763763,7.968073,4.802369,18889864
2007-12-12,7.831866,8.036176,7.763763,7.831866,4.720275,18063324
2007-12-13,7.831866,7.89997,7.627557,7.763763,4.679229,11792545
2007-12-14,7.763763,7.831866,7.69566,7.831866,4.720275,4704331
2007-12-17,7.763763,7.763763,7.559454,7.763763,4.679229,14620607
2007-12-18,7.69566,7.831866,7.559454,7.559454,4.556092,15074183
2007-12-19,7.559454,7.69566,7.559454,7.559454,4.556092,13173832
2007-12-21,7.559454,7.69566,7.559454,7.627557,4.597139,8344249
2007-12-24,7.69566,7.831866,7.627557,7.831866,4.720275,9373569
2007-12-26,7.763763,7.831866,7.627557,7.69566,4.638186,21003274
2007-12-27,7.69566,7.763763,7.559454,7.69566,4.638186,31265348
2007-12-28,7.69566,7.763763,7.627557,7.69566,4.638186,23782733
2007-12-31,7.763763,7.831866,7.559454,7.627557,4.597139,20725314
2008-01-02,7.627557,7.89997,7.559454,7.763763,4.679229,8239702
2008-01-03,7.763763,7.89997,7.763763,7.831866,4.720275,16124061
2008-01-04,7.89997,8.444795,7.89997,8.240485,4.966551,33662593
2008-01-07,8.172382,8.376692,8.172382,8.376692,5.048644,17485818
2008-01-08,8.376692,8.649105,8.376692,8.512898,5.130736,23338701
2008-01-09,8.444795,8.581001,8.376692,8.444795,5.089687,26809610
2008-01-11,8.444795,8.581001,8.376692,8.376692,5.048644,11260852
2008-01-14,8.376692,8.444795,8.240485,8.376692,5.048644,6845641
2008-01-15,8.376692,8.512898,8.376692,8.376692,5.048644,17122692
2008-01-16,7.89997,8.036176,7.69566,7.69566,4.638186,16789521
2008-01-17,7.831866,7.89997,7.627557,7.831866,4.720275,4227555
2008-01-18,7.627557,7.831866,7.627557,7.763763,4.679229,6765615
2008-01-21,7.763763,7.89997,7.69566,7.69566,4.638186,13085583
2008-01-22,7.49135,7.559454,7.355144,7.49135,4.515046,12253023
2008-01-23,7.49135,7.49135,7.49135,7.49135,4.515046,0
2008-01-24,7.763763,7.831866,7.559454,7.627557,4.597139,12786478
2008-01-25,7.627557,7.69566,7.627557,7.69566,4.638186,9595585
2008-01-28,7.69566,7.763763,7.627557,7.69566,4.638186,4897567
2008-01-29,7.763763,7.89997,7.763763,7.763763,4.679229,8457019
2008-01-30,7.831866,8.104279,7.763763,7.831866,4.720275,21170080
2008-01-31,7.763763,7.89997,7.627557,7.69566,4.638186,19876895
2008-02-04,7.831866,7.831866,7.69566,7.763763,4.679229,12775759
2008-02-05,7.69566,7.831866,7.69566,7.763763,4.679229,6241411
2008-02-06,7.627557,7.763763,7.627557,7.763763,4.679229,2678729
2008-02-11,7.763763,7.831866,7.627557,7.763763,4.679229,15762844
2008-02-12,7.763763,7.89997,7.69566,7.89997,4.761322,10646637
2008-02-13,7.89997,7.968073,7.831866,7.89997,4.761322,5994873
2008-02-14,7.968073,8.104279,7.89997,8.036176,4.843414,14833372
2008-02-15,7.89997,7.89997,7.69566,7.831866,4.720275,14145446
2008-02-18,7.763763,7.831866,7.69566,7.831866,4.720275,6372829
2008-02-19,7.831866,7.831866,7.69566,7.763763,4.679229,7648099
2008-02-20,7.763763,7.763763,7.355144,7.49135,4.515046,35148720
2008-02-21,7.49135,7.69566,7.423247,7.627557,4.597139,5955668
2008-02-22,7.627557,7.69566,7.559454,7.559454,4.556092,8099767
2008-02-25,7.69566,7.763763,7.559454,7.69566,4.638186,6027470
2008-02-26,7.627557,7.831866,7.627557,7.763763,4.679229,12601025
2008-02-27,7.89997,7.89997,7.69566,7.831866,4.720275,5372582
2008-02-28,7.831866,7.89997,7.69566,7.763763,4.679229,8092278
2008-02-29,7.831866,7.831866,7.69566,7.763763,4.679229,4136957
2008-03-03,7.69566,7.763763,7.559454,7.627557,4.597139,112770
2008-03-04,7.763763,7.763763,7.423247,7.559454,4.556092,8959345
2008-03-05,7.559454,7.627557,7.355144,7.49135,4.515046,9873693
2008-03-06,7.559454,7.627557,7.49135,7.627557,4.597139,5216348
2008-03-07,7.49135,7.627557,7.355144,7.423247,4.474,5390202
2008-03-10,7.355144,7.355144,6.708164,6.776267,4.084065,26212869
2008-03-11,6.742215,7.218938,6.708164,7.150834,4.309817,12949320
2008-03-12,7.423247,7.423247,7.150834,7.150834,4.309817,7063252
2008-03-13,7.150834,7.150834,6.946525,7.082731,4.268772,6984694
2008-03-14,7.150834,7.218938,7.014628,7.014628,4.227726,4081893
2008-03-17,6.946525,7.150834,6.946525,7.082731,4.268772,2410459
2008-03-18,6.946525,7.355144,6.946525,7.287041,4.391909,7442823
2008-03-19,7.355144,7.423247,7.082731,7.287041,4.391909,5909561
2008-03-21,7.287041,7.423247,7.218938,7.355144,4.432954,8818235
2008-03-24,7.423247,7.559454,7.423247,7.423247,4.474,9665626
2008-03-25,7.49135,7.559454,7.355144,7.423247,4.474,8619126
2008-03-26,7.423247,7.49135,7.355144,7.423247,4.474,7684074
2008-03-27,7.423247,7.423247,7.287041,7.355144,4.432954,5929237
2008-03-28,7.355144,7.355144,7.218938,7.287041,4.391909,16261352
2008-03-31,7.218938,7.287041,7.082731,7.218938,4.350863,6659599
2008-04-01,7.287041,7.287041,7.218938,7.287041,4.391909,4424168
2008-04-02,7.287041,7.355144,7.287041,7.287041,4.391909,7239455
2008-04-03,7.287041,7.287041,7.150834,7.218938,4.350863,5499742
2008-04-04,7.150834,7.218938,7.082731,7.150834,4.309817,9276657
2008-04-07,7.218938,7.287041,7.150834,7.287041,4.391909,5011953
2008-04-08,7.287041,7.355144,7.218938,7.287041,4.391909,11971098
2008-04-09,7.287041,7.287041,7.150834,7.218938,4.350863,8808691
2008-04-10,7.218938,7.423247,7.218938,7.355144,4.432954,21941556
2008-04-11,7.355144,7.423247,7.218938,7.218938,4.350863,10261780
2008-04-14,7.218938,7.287041,7.082731,7.150834,4.309817,10550313
2008-04-15,7.218938,7.423247,7.218938,7.355144,4.432954,10694800
2008-04-16,7.355144,7.559454,7.355144,7.559454,4.556092,14595351
2008-04-17,7.559454,7.627557,7.287041,7.355144,4.432954,15177556
2008-04-18,7.423247,7.559454,7.355144,7.559454,4.556092,17687864
2008-04-21,7.627557,7.69566,7.423247,7.559454,4.556092,15820110
2008-04-22,7.49135,7.559454,7.423247,7.423247,4.474,16740625
2008-04-23,7.423247,7.423247,7.423247,7.423247,4.474,0
2008-04-24,7.423247,7.423247,7.423247,7.423247,4.474,0
2008-04-25,7.423247,7.423247,7.423247,7.423247,4.474,0
2008-04-28,5.482306,5.584461,5.073687,5.14179,3.098963,40506178
2008-04-29,5.14179,5.175842,4.869378,4.903429,2.955303,20507115
2008-04-30,4.903429,4.937481,4.767223,4.869378,2.934781,24714848
2008-05-02,4.903429,4.903429,4.767223,4.801274,2.893734,7413749
2008-05-05,4.801274,5.005584,4.767223,4.903429,2.955303,10782754
2008-05-06,4.903429,4.937481,4.835326,4.903429,2.955303,5688132
2008-05-07,4.903429,5.005584,4.835326,4.903429,2.955303,19534180
2008-05-08,4.869378,4.971532,4.869378,4.903429,2.955303,10996988
2008-05-09,4.937481,4.971532,4.903429,4.937481,2.975827,11060128
2008-05-12,4.937481,5.209894,4.937481,5.14179,3.098963,18834360
2008-05-13,5.175842,5.243945,5.107739,5.14179,3.098963,6969423
2008-05-14,5.14179,5.209894,5.14179,5.14179,3.098963,8340284
2008-05-15,5.14179,5.175842,5.073687,5.107739,3.078441,4271606
2008-05-16,5.14179,5.14179,5.073687,5.073687,3.057918,5956108
2008-05-20,5.073687,5.073687,4.971532,5.005584,3.016872,5743049
2008-05-21,4.971532,5.005584,4.937481,4.971532,2.996348,5063786
2008-05-22,4.937481,5.073687,4.869378,5.005584,3.016872,4842504
2008-05-23,5.005584,5.039636,4.971532,4.971532,2.996348,7551334
2008-05-26,4.971532,5.005584,4.937481,5.005584,3.016872,4454857
2008-05-27,4.971532,5.005584,4.937481,5.005584,3.016872,2476389
2008-05-28,5.005584,5.039636,5.005584,5.005584,3.016872,4065007
2008-05-29,5.005584,5.005584,4.937481,4.937481,2.975827,10056944
2008-05-30,4.971532,5.005584,4.937481,5.005584,3.016872,7978187
2008-06-02,5.005584,5.039636,4.971532,5.005584,3.016872,5483003
2008-06-03,4.971532,4.971532,4.937481,4.937481,2.975827,5844366
2008-06-04,4.937481,4.971532,4.903429,4.903429,2.955303,6517756
2008-06-05,4.903429,4.903429,4.767223,4.869378,2.934781,8279641
2008-06-06,4.937481,4.937481,4.801274,4.801274,2.893734,18033222
2008-06-09,4.767223,4.801274,4.733171,4.767223,2.873212,9802771
2008-06-10,4.801274,4.835326,4.767223,4.767223,2.873212,3457840
2008-06-11,4.767223,4.835326,4.767223,4.767223,2.873212,6245669
2008-06-12,4.631016,4.767223,4.631016,4.733171,2.852688,6593964
2008-06-13,4.733171,4.801274,4.733171,4.767223,2.873212,5997075
2008-06-16,4.767223,4.971532,4.767223,4.903429,2.955303,5605464
2008-06-17,4.937481,4.937481,4.767223,4.767223,2.873212,981304
2008-06-18,4.767223,4.801274,4.767223,4.767223,2.873212,3283106
2008-06-19,4.733171,4.733171,4.562913,4.596965,2.770597,7185419
2008-06-20,4.665068,4.767223,4.631016,4.767223,2.873212,13222581
2008-06-23,4.69912,4.801274,4.596965,4.69912,2.832166,8267307
2008-06-24,4.733171,4.835326,4.733171,4.767223,2.873212,5668016
2008-06-25,4.767223,4.801274,4.733171,4.767223,2.873212,2271406
2008-06-26,4.767223,4.767223,4.460758,4.562913,2.750074,20829273
2008-06-27,4.426707,4.460758,4.2905,4.358604,2.626936,16277651
2008-06-30,4.086191,4.188346,4.086191,4.188346,2.524322,12307
2008-07-01,4.188346,4.188346,4.086191,4.188346,2.524322,6765175
2008-07-02,4.188346,4.188346,3.949985,3.984036,2.401184,12054501
2008-07-03,3.745675,3.745675,3.745675,3.745675,2.257523,2936
2008-07-04,3.881881,4.086191,3.711623,3.949985,2.380661,13825637
2008-07-07,3.949985,4.052139,3.949985,3.984036,2.401184,4888170
2008-07-08,3.984036,4.256449,3.984036,4.052139,2.44223,7528722
2008-07-09,4.120242,4.222397,4.120242,4.222397,2.544844,4432391
2008-07-10,4.222397,4.256449,4.154294,4.188346,2.524322,3890419
2008-07-11,4.188346,4.460758,4.188346,4.392655,2.647459,5102991
2008-07-14,4.392655,4.426707,4.2905,4.324552,2.606414,2780780
2008-07-15,4.2905,4.358604,4.154294,4.222397,2.544844,5075973
2008-07-16,4.188346,4.188346,4.120242,4.120242,2.483275,2858309
2008-07-17,4.154294,4.222397,4.154294,4.222397,2.544844,1399053
2008-07-18,4.2905,4.358604,4.154294,4.222397,2.544844,3346245
2008-07-21,4.188346,4.324552,4.154294,4.256449,2.565368,4973188
2008-07-22,4.256449,4.2905,4.154294,4.154294,2.503798,6338322
2008-07-23,4.188346,4.256449,4.188346,4.222397,2.544844,7690094
2008-07-24,4.222397,4.256449,4.222397,4.222397,2.544844,7910348
2008-07-25,4.154294,4.222397,4.120242,4.154294,2.503798,16628736
2008-07-28,4.188346,4.2905,4.188346,4.256449,2.565368,6025562
2008-07-29,4.222397,4.2905,4.222397,4.2905,2.58589,3955027
2008-07-30,4.324552,4.392655,4.2905,4.358604,2.626936,7156199
2008-07-31,4.358604,4.426707,4.324552,4.324552,2.606414,1845434
2008-08-01,4.2905,4.392655,4.2905,4.2905,2.58589,3486767
2008-08-04,4.2905,4.2905,4.222397,4.2905,2.58589,847243
2008-08-05,4.2905,4.324552,4.256449,4.2905,2.58589,12228942
2008-08-06,4.358604,4.426707,4.324552,4.392655,2.647459,4453389
2008-08-07,4.358604,4.392655,4.2905,4.324552,2.606414,10759407
2008-08-08,4.358604,4.358604,4.2905,4.324552,2.606414,5033097
2008-08-11,4.358604,4.426707,4.324552,4.324552,2.606414,5505762
2008-08-12,4.358604,4.358604,4.2905,4.358604,2.626936,3429061
2008-08-13,4.358604,4.358604,4.256449,4.324552,2.606414,4060455
2008-08-14,4.2905,4.2905,4.188346,4.222397,2.544844,11080538
2008-08-15,4.222397,4.324552,4.222397,4.2905,2.58589,3493668
2008-08-18,4.256449,4.358604,4.256449,4.2905,2.58589,2100342
2008-08-19,4.222397,4.256449,4.120242,4.222397,2.544844,1905050
2008-08-20,4.256449,4.256449,4.154294,4.154294,2.503798,1207138
2008-08-21,4.222397,4.256449,4.154294,4.222397,2.544844,1316384
2008-08-22,4.222397,4.256449,4.120242,4.222397,2.544844,2427052
2008-08-25,4.256449,4.256449,4.120242,4.154294,2.503798,6728612
2008-08-26,4.154294,4.154294,4.120242,4.120242,2.483275,749597
2008-08-27,4.086191,4.120242,4.052139,4.086191,2.462753,4361763
2008-08-28,4.120242,4.120242,3.984036,4.120242,2.483275,4949254
2008-08-29,4.120242,4.2905,4.120242,4.256449,2.565368,6198681
2008-09-01,4.256449,4.256449,4.256449,4.256449,2.565368,0
2008-09-02,4.256449,4.2905,4.188346,4.2905,2.58589,2474186
2008-09-03,4.256449,4.2905,4.222397,4.256449,2.565368,3217617
2008-09-04,4.256449,4.256449,4.188346,4.188346,2.524322,1083356
2008-09-05,4.154294,4.222397,4.120242,4.188346,2.524322,424
2008-09-08,4.222397,4.256449,4.188346,4.188346,2.524322,5237786
2008-09-09,4.222397,4.222397,4.188346,4.188346,2.524322,893790
2008-09-10,4.222397,4.256449,4.188346,4.222397,2.544844,1255007
2008-09-11,4.256449,4.2905,4.222397,4.256449,2.565368,2932021
2008-09-12,4.256449,4.256449,4.188346,4.256449,2.565368,3163287
2008-09-15,4.188346,4.222397,4.154294,4.188346,2.524322,4237246
2008-09-16,4.086191,4.120242,4.052139,4.086191,2.462753,2642313
2008-09-17,4.052139,4.120242,4.086191,4.086191,2.462753,8108
2008-09-18,4.052139,4.086191,3.949985,4.052139,2.44223,14953044
2008-09-19,4.120242,4.460758,4.086191,4.460758,2.688505,15305450
2008-09-22,4.426707,4.426707,4.120242,4.154294,2.503798,4131671
2008-09-23,4.086191,4.154294,4.052139,4.086191,2.462753,4119483
2008-09-24,4.086191,4.086191,3.984036,4.052139,2.44223,3762525
2008-09-25,4.018088,4.052139,3.984036,4.052139,2.44223,2820866
2008-09-26,4.052139,4.052139,3.881881,3.949985,2.380661,7780545
2008-09-29,3.949985,3.984036,3.84783,3.915933,2.360138,2769033
2008-09-30,3.84783,3.84783,3.711623,3.813778,2.298569,9128353
2008-10-03,3.813778,3.813778,3.745675,3.813778,2.298569,13802290
2008-10-06,3.779727,3.779727,3.541365,3.609469,2.175431,4589652
2008-10-07,3.541365,3.541365,3.391538,3.507314,2.113863,12897340
2008-10-08,3.439211,3.507314,3.323435,3.391538,2.044084,16046238
2008-10-09,3.377918,3.439211,3.350676,3.405159,2.052294,3379136
2008-10-10,3.323435,3.337056,3.296194,3.309815,1.99483,10766749
2008-10-13,3.337056,3.541365,3.337056,3.473262,2.09334,6893216
2008-10-14,3.609469,3.779727,3.575417,3.745675,2.257523,4370720
2008-10-15,3.745675,3.745675,3.473262,3.609469,2.175431,7309055
2008-10-16,3.507314,3.507314,3.405159,3.405159,2.052294,4869228
2008-10-17,3.473262,3.507314,3.309815,3.337056,2.011248,4502138
2008-10-20,3.323435,3.405159,3.282573,3.405159,2.052294,8033250
2008-10-21,3.439211,3.473262,3.377918,3.377918,2.035876,10208332
2008-10-22,3.377918,3.377918,3.323435,3.350676,2.019457,5462446
2008-10-23,3.309815,3.350676,3.282573,3.337056,2.011248,5273174
2008-10-24,3.323435,3.323435,3.064643,3.119126,1.879901,13084702
2008-10-28,3.064643,3.064643,2.860333,3.01016,1.814227,6829929
2008-10-29,3.078264,3.105505,2.928437,3.01016,1.814227,6161679
2008-10-30,3.01016,3.078264,3.01016,3.064643,1.847065,9262855
2008-10-31,3.064643,3.119126,3.023781,3.064643,1.847065,14855691
2008-11-03,3.078264,3.268953,3.078264,3.187229,1.920947,4857481
2008-11-04,3.187229,3.241711,3.159988,3.187229,1.920947,6608501
2008-11-05,3.21447,3.268953,3.21447,3.241711,1.953784,7014062
2008-11-06,3.241711,3.241711,3.173608,3.187229,1.920947,7512129
2008-11-07,3.187229,3.187229,2.969299,3.187229,1.920947,17773
2008-11-10,3.187229,3.187229,3.023781,3.023781,1.822437,13001446
2008-11-11,2.982919,3.037402,2.928437,2.99654,1.806019,8281697
2008-11-12,2.942057,2.982919,2.887575,2.928437,1.764973,7523729
2008-11-13,2.819472,2.873954,2.751368,2.819472,1.6993,9926554
2008-11-14,2.873954,2.873954,2.710506,2.764989,1.666462,5946123
2008-11-17,2.764989,2.805851,2.710506,2.77861,1.674672,3879113
2008-11-18,2.77861,2.846713,2.77861,2.846713,1.715718,4734139
2008-11-19,2.860333,2.873954,2.710506,2.724127,1.641835,8496958
2008-11-20,2.656024,2.710506,2.642403,2.710506,1.633626,6257269
2008-11-21,2.656024,2.860333,2.560679,2.860333,1.723926,5426618
2008-11-24,2.696886,2.79223,2.683265,2.751368,1.658253,2530277
2008-11-25,2.764989,2.764989,2.696886,2.737748,1.650044,3715538
2008-11-26,2.724127,2.737748,2.615162,2.710506,1.633626,4353393
2008-11-27,2.696886,2.710506,2.628783,2.628783,1.584371,5608547
2008-11-28,2.656024,2.656024,2.5743,2.5743,1.551534,4508746
2008-12-01,2.560679,2.560679,2.478956,2.519818,1.518698,4258097
2008-12-02,2.451714,2.465335,2.410852,2.438094,1.469442,4106709
2008-12-03,2.478956,2.519818,2.369991,2.451714,1.477651,2963590
2008-12-04,2.410852,2.410852,2.261025,2.261025,1.362723,6503953
2008-12-05,2.233784,2.233784,2.070336,2.124819,1.280631,15538479
2008-12-09,2.192922,2.206543,2.179302,2.179302,1.313468,5688426
2008-12-10,2.179302,2.35637,2.179302,2.315508,1.39556,10325801
2008-12-11,2.315508,2.342749,2.329129,2.342749,1.411978,6868841
2008-12-12,2.329129,2.438094,2.329129,2.369991,1.428396,9447281
2008-12-15,2.383611,2.397232,2.35637,2.369991,1.428396,6972507
2008-12-16,2.383611,2.410852,2.369991,2.410852,1.453023,2557736
2008-12-17,2.424473,2.424473,2.397232,2.410852,1.453023,3212184
2008-12-18,2.397232,2.506197,2.397232,2.465335,1.485861,5858903
2008-12-19,2.451714,2.478956,2.383611,2.438094,1.469442,2452454
2008-12-22,2.410852,2.492576,2.410852,2.451714,1.477651,1635606
2008-12-23,2.438094,2.451714,2.438094,2.438094,1.469442,1661302
2008-12-24,2.438094,2.438094,2.424473,2.438094,1.469442,474280
2008-12-26,2.438094,2.451714,2.438094,2.451714,1.477651,44050
2008-12-30,2.451714,2.465335,2.424473,2.451714,1.477651,2052179
2008-12-31,2.478956,2.478956,2.397232,2.465335,1.485861,4149732
2009-01-02,2.451714,2.492576,2.451714,2.465335,1.485861,1196126
2009-01-05,2.492576,2.547059,2.492576,2.547059,1.535116,6219091
2009-01-06,2.547059,2.547059,2.465335,2.478956,1.49407,8033691
2009-01-07,2.506197,2.506197,2.465335,2.492576,1.502278,10089248
2009-01-08,2.451714,2.492576,2.451714,2.492576,1.502278,1937647
2009-01-09,2.478956,2.492576,2.465335,2.492576,1.502278,4081747
2009-01-12,2.492576,2.506197,2.465335,2.478956,1.49407,7420797
2009-01-13,2.478956,2.478956,2.424473,2.465335,1.485861,4667916
2009-01-14,2.478956,2.478956,2.465335,2.465335,1.485861,8856707
2009-01-15,2.451714,2.451714,2.301887,2.35637,1.420187,19222888
2009-01-16,2.342749,2.492576,2.342749,2.492576,1.502278,7198634
2009-01-19,2.451714,2.506197,2.451714,2.492576,1.502278,1206551
2009-01-20,2.492576,2.492576,2.369991,2.410852,1.453023,6637868
2009-01-21,2.383611,2.424473,2.329129,2.410852,1.453023,2120018
2009-01-22,2.410852,2.410852,2.233784,2.301887,1.38735,4327256
2009-01-23,2.274646,2.274646,2.247405,2.261025,1.362723,3783963
2009-01-28,2.261025,2.261025,2.233784,2.261025,1.362723,1874067
2009-01-29,2.274646,2.274646,2.220163,2.233784,1.346305,6673843
2009-01-30,2.206543,2.206543,2.15206,2.165681,1.305259,6861793
2009-02-03,2.165681,2.165681,2.056716,2.056716,1.239585,9456825
2009-02-04,2.083957,2.124819,2.056716,2.097578,1.264213,5741287
2009-02-05,2.097578,2.179302,2.097578,2.165681,1.305259,3557248
2009-02-06,2.179302,2.288267,2.179302,2.274646,1.370932,9437737
2009-02-11,2.220163,2.220163,2.165681,2.179302,1.313468,4824443
2009-02-12,2.165681,2.233784,2.165681,2.206543,1.329887,5213559
2009-02-13,2.179302,2.301887,2.179302,2.301887,1.38735,6112929
2009-02-16,2.288267,2.288267,2.261025,2.274646,1.370932,3525826
2009-02-17,2.247405,2.247405,2.206543,2.206543,1.329887,2515153
2009-02-18,2.192922,2.288267,2.247405,2.288267,1.379142,3216589
2009-02-19,2.288267,2.383611,2.288267,2.342749,1.411978,4129175
2009-02-20,2.233784,2.329129,2.233784,2.261025,1.362723,2183010
2009-02-23,2.261025,2.301887,2.247405,2.261025,1.362723,3718915
2009-02-24,2.247405,2.288267,2.165681,2.192922,1.321677,9459468
2009-02-25,2.124819,2.13844,2.083957,2.13844,1.28884,9194870
2009-02-26,2.124819,2.124819,2.070336,2.083957,1.256004,7704338
2009-02-27,2.070336,2.083957,2.036285,2.083957,1.256004,7788181
2009-03-02,2.043095,2.043095,1.818355,1.831975,1.104134,23612403
2009-03-03,1.784303,1.893268,1.750251,1.872837,1.128761,24490776
2009-03-04,1.872837,1.900078,1.784303,1.797924,1.083611,10151213
2009-03-05,1.811544,1.831975,1.784303,1.791113,1.079506,9019548
2009-03-06,1.770682,1.777493,1.688959,1.702579,1.026147,8536751
2009-03-09,1.702579,1.702579,1.702579,1.702579,1.026147,0
2009-03-10,1.688959,1.743441,1.634476,1.736631,1.04667,12416452
2009-03-11,1.777493,1.831975,1.668528,1.702579,1.026147,15290326
2009-03-12,1.702579,1.702579,1.614045,1.614045,0.972787,3464154
2009-03-13,1.641286,1.668528,1.620855,1.661717,1.001519,5072596
2009-03-16,1.661717,1.661717,1.525511,1.552752,0.935846,5231473
2009-03-17,1.539132,1.545942,1.450597,1.484649,0.8948,27243510
2009-03-18,1.491459,1.491459,1.464218,1.471028,0.886591,10695534
2009-03-19,1.477839,1.573183,1.471028,1.525511,0.919428,58242058
2009-03-20,1.539132,1.627666,1.539132,1.600424,0.964578,35179703
2009-03-23,1.614045,1.784303,1.545942,1.777493,1.071297,32436659
2009-03-24,1.777493,1.777493,1.777493,1.777493,1.071297,0
2009-03-25,1.566373,1.593614,1.552752,1.559563,0.939951,39218574
2009-03-26,1.566373,1.627666,1.552752,1.627666,0.980996,15846394
2009-03-27,1.627666,1.648097,1.614045,1.620855,0.976891,9915981
2009-03-30,1.607235,1.614045,1.50508,1.50508,0.907114,12487814
2009-03-31,1.51189,1.566373,1.51189,1.539132,0.927637,12764600
2009-04-01,1.545942,1.641286,1.545942,1.627666,0.980996,17965971
2009-04-02,1.648097,1.70939,1.648097,1.695769,1.022042,23866429
2009-04-03,1.7162,1.729821,1.641286,1.695769,1.022042,15765928
2009-04-06,1.7162,1.852406,1.7162,1.831975,1.104134,22850618
2009-04-07,1.825165,1.831975,1.757062,1.791113,1.079506,27299014
2009-04-08,1.89,1.98,1.84,1.84,1.10897,26064700
2009-04-09,1.88,1.9,1.85,1.85,1.114997,6028500
2009-04-10,1.88,1.89,1.82,1.87,1.127051,9236700
2009-04-13,1.87,1.87,1.83,1.84,1.10897,2119600
2009-04-14,1.81,1.86,1.77,1.77,1.066782,18979400
2009-04-15,1.76,1.81,1.72,1.77,1.066782,19386600
2009-04-16,1.8,1.85,1.79,1.81,1.090889,22461600
2009-04-17,1.82,1.85,1.83,1.83,1.102943,300000
2009-04-20,1.83,1.92,1.81,1.91,1.15116,27343200
2009-04-21,1.89,1.99,1.89,1.96,1.181295,35380600
2009-04-22,2,2.06,1.98,1.98,1.193349,29924800
2009-04-23,1.99,2.02,1.96,2.02,1.217456,16198200
2009-04-24,2.03,2.12,2.01,2.1,1.265672,21842300
2009-04-27,2.11,2.15,2.07,2.1,1.265672,12532900
2009-04-28,2.09,2.13,2.04,2.04,1.229511,9983500
2009-04-29,2.01,2.04,1.95,2.02,1.217456,8947700
2009-04-30,2.08,2.2,2.05,2.2,1.325943,11468600
2009-05-04,2.2,2.36,2.15,2.35,1.416348,14701500
2009-05-05,2.39,2.42,2.33,2.38,1.434429,12216800
2009-05-06,2.38,2.42,2.31,2.38,1.434429,17937700
2009-05-07,2.37,2.41,2.3,2.3,1.386212,16053000
2009-05-08,2.28,2.34,2.25,2.32,1.398267,8247000
2009-05-11,2.27,2.31,2.22,2.24,1.350051,27830900
2009-05-12,2.21,2.24,2.17,2.23,1.344024,15020900
2009-05-13,2.24,2.26,2.21,2.23,1.344024,9185200
2009-05-14,2.2,2.2,2.14,2.14,1.289781,12942500
2009-05-15,2.16,2.2,2.14,2.17,1.307861,12407600
2009-05-18,2.15,2.22,2.1,2.21,1.33197,10867700
2009-05-19,2.25,2.38,2.25,2.32,1.398267,25431300
2009-05-20,2.3,2.48,2.3,2.46,1.482645,46965900
2009-05-21,2.48,2.58,2.44,2.44,1.470591,29696500
2009-05-22,2.41,2.48,2.39,2.45,1.476618,8953600
2009-05-25,2.48,2.49,2.44,2.45,1.476618,6745400
2009-05-26,2.48,2.48,2.41,2.42,1.458537,5398000
2009-05-27,2.46,2.46,2.39,2.42,1.458537,7622600
2009-05-28,2.4,2.4,2.29,2.32,1.398267,13217800
2009-05-29,2.35,2.39,2.26,2.29,1.380186,19222900
2009-06-01,2.33,2.41,2.33,2.39,1.440456,18478200
2009-06-02,2.42,2.43,2.32,2.36,1.422375,13517500
2009-06-03,2.36,2.38,2.33,2.34,1.410321,6401300
2009-06-04,2.35,2.38,2.34,2.38,1.434429,8227000
2009-06-05,2.4,2.4,2.38,2.4,1.446483,2010000
2009-06-08,2.41,2.42,2.37,2.37,1.428402,8706100
2009-06-09,2.36,2.36,2.35,2.36,1.422375,9847600
2009-06-10,2.36,2.4,2.36,2.4,1.446483,9584300
2009-06-11,2.41,2.45,2.39,2.4,1.446483,13771000
2009-06-12,2.42,2.44,2.39,2.39,1.440456,20933400
2009-06-15,2.4,2.39,2.38,2.39,1.440456,4280000
2009-06-16,2.36,2.36,2.29,2.33,1.404294,15716400
2009-06-17,2.32,2.34,2.27,2.27,1.368132,18591100
2009-06-18,2.29,2.3,2.23,2.23,1.344024,900000
2009-06-19,2.25,2.3,2.21,2.24,1.350051,19323800
2009-06-22,2.27,2.22,2.22,2.2,1.325943,120000
2009-06-23,2.15,2.2,2.13,2.2,1.325943,9927800
2009-06-24,2.2,2.3,2.19,2.29,1.380186,5785600
2009-06-25,2.29,2.38,2.29,2.35,1.416348,12591200
2009-06-26,2.37,2.38,2.33,2.35,1.416348,6069200
2009-06-29,2.35,2.37,2.33,2.35,1.416348,4145200
2009-06-30,2.36,2.38,2.34,2.37,1.428402,7879300
2009-07-01,2.38,2.36,2.35,2.37,1.428402,238000
2009-07-02,2.37,2.4,2.35,2.39,1.440456,14085800
2009-07-03,2.35,2.42,2.33,2.42,1.458537,16013400
2009-07-06,2.42,2.42,2.42,2.42,1.458537,399700
2009-07-07,2.42,2.43,2.39,2.42,1.458537,14509800
2009-07-08,2.41,2.53,2.38,2.52,1.518807,28280100
2009-07-09,2.51,2.51,2.46,2.5,1.506753,28144000
2009-07-10,2.5,2.5,2.49,2.5,1.506753,15063500
2009-07-13,2.49,2.5,2.47,2.48,1.494699,14404600
2009-07-14,2.5,2.62,2.48,2.62,1.579077,19523000
2009-07-15,2.63,2.72,2.6,2.7,1.627293,25341000
2009-07-16,2.76,2.98,2.75,2.85,1.717698,45360400
2009-07-17,2.87,2.89,2.81,2.86,1.723726,24782900
2009-07-20,2.9,3,2.89,2.96,1.783996,35237900
2009-07-21,2.98,2.99,2.87,2.87,1.729753,27668500
2009-07-22,2.9,2.96,2.88,2.89,1.741807,20031900
2009-07-23,2.91,2.94,2.89,2.92,1.759888,15170100
2009-07-24,2.94,2.94,2.88,2.9,1.747833,18750700
2009-07-27,2.91,2.92,2.88,2.9,1.747833,11133000
2009-07-28,2.91,2.97,2.91,2.95,1.777969,17003000
2009-07-29,2.95,3,2.9,2.9,1.747833,21781600
2009-07-30,2.91,2.93,2.89,2.92,1.759888,20129200
2009-07-31,2.95,2.97,2.93,2.94,1.771941,15359100
2009-08-03,2.92,2.95,2.91,2.93,1.765915,16165400
2009-08-04,2.94,2.96,2.92,2.93,1.765915,8602800
2009-08-05,2.94,2.96,2.91,2.92,1.759888,11844800
2009-08-06,2.92,2.97,2.91,2.93,1.765915,12386200
2009-08-07,2.93,3.13,2.93,3.06,1.844266,37811000
2009-08-10,3.11,3.13,3.06,3.1,1.868374,9806600
2009-08-11,3.12,3.21,3.08,3.16,1.904536,28908900
2009-08-12,3.16,3.17,3.1,3.14,1.892482,17948900
2009-08-13,3.15,3.24,3.14,3.18,1.916591,15633700
2009-08-14,3.21,3.22,3.1,3.13,1.886455,8288900
2009-08-17,3.12,3.12,3,3,1.808104,12735200
2009-08-18,2.96,3.09,2.94,3.08,1.85632,10862200
2009-08-19,3.11,3.13,3.01,3.04,1.832212,10988200
2009-08-20,3.05,3.14,3.05,3.1,1.868374,10119700
2009-08-21,3.12,3.15,3.05,3.08,1.85632,8630500
2009-08-24,3.1,3.13,3.08,3.1,1.868374,16143200
2009-08-25,3.12,3.12,3.08,3.09,1.862347,10721800
2009-08-26,3.1,3.11,3.07,3.09,1.862347,8996000
2009-08-27,3.1,3.12,3.08,3.11,1.874402,7180300
2009-08-28,3.14,3.18,3.12,3.15,1.898509,15645100
2009-09-01,3.08,3.15,3.08,3.13,1.886455,6111600
2009-09-02,3.09,3.11,3.08,3.09,1.862347,7038800
2009-09-03,3.09,3.11,3.08,3.09,1.862347,5159800
2009-09-04,3.1,3.12,3.08,3.1,1.868374,10669400
2009-09-07,3.1,3.12,3.09,3.1,1.868374,8200100
2009-09-08,3.12,3.17,3.12,3.14,1.892482,18091900
2009-09-09,3.15,3.15,3.12,3.12,1.880428,7410900
2009-09-10,3.13,3.17,3.13,3.16,1.904536,10324000
2009-09-11,3.17,3.19,3.15,3.16,1.904536,5906800
2009-09-14,3.16,3.16,3.13,3.13,1.886455,3372900
2009-09-15,3.14,3.16,3.13,3.16,1.904536,5278300
2009-09-16,3.18,3.18,3.15,3.17,1.910563,4986700
2009-09-17,3.17,3.18,3.14,3.16,1.904536,8320300
2009-09-18,3.18,3.21,3.15,3.21,1.934672,8662000
2009-09-23,3.27,3.27,3.19,3.19,1.922617,9095500
2009-09-24,3.19,3.19,3.15,3.16,1.904536,5603100
2009-09-25,3.15,3.18,3.14,3.17,1.910563,4433800
2009-09-28,3.17,3.17,3.13,3.14,1.892482,5261800
2009-09-29,3.15,3.16,3.13,3.14,1.892482,4292900
2009-09-30,3.14,3.16,3.1,3.1,1.868374,6439300
2009-10-01,3.11,3.16,3.11,3.15,1.898509,4386000
2009-10-02,3.12,3.15,3.11,3.15,1.898509,7147400
2009-10-05,3.15,3.15,3.13,3.15,1.898509,3232800
2009-10-06,3.18,3.18,3.06,3.07,1.850293,18484800
2009-10-07,3.08,3.11,3.03,3.04,1.832212,29416400
2009-10-08,3.04,3.08,3.03,3.06,1.844266,7840200
2009-10-09,3.07,3.08,3.05,3.05,1.838239,7737000
2009-10-12,3.06,3.07,3.05,3.06,1.844266,3538900
2009-10-13,3.07,3.1,3.06,3.08,1.85632,5227200
2009-10-14,3.09,3.15,3.09,3.14,1.892482,6684200
2009-10-15,3.16,3.16,3.09,3.1,1.868374,6090800
2009-10-16,3.11,3.14,3.11,3.12,1.880428,5914000
2009-10-19,3.12,3.13,3.12,3.13,1.886455,850000
2009-10-20,3.15,3.18,3.1,3.12,1.880428,8933400
2009-10-21,3.11,3.12,3.11,3.11,1.874402,1327400
2009-10-22,3.1,3.11,3.05,3.05,1.838239,11660600
2009-10-23,3.06,3.07,2.98,3,1.808104,33716300
2009-10-26,2.99,2.99,2.91,2.92,1.759888,17069400
2009-10-27,2.92,2.96,2.9,2.95,1.777969,15184200
2009-10-28,2.96,2.96,2.9,2.92,1.759888,13847600
2009-10-29,2.9,2.92,2.9,2.91,1.753861,7673800
2009-10-30,2.94,2.95,2.91,2.93,1.765915,11485700
2009-11-02,2.9,2.93,2.9,2.93,1.765915,3009600
2009-11-03,2.94,3.01,2.92,2.94,1.771941,11247200
2009-11-04,2.95,3.02,2.95,3,1.808104,7275300
2009-11-05,3.01,3.02,2.98,3.01,1.814131,3656300
2009-11-06,3.04,3.09,3.02,3.07,1.850293,8472500
2009-11-09,3.09,3.13,3.08,3.12,1.880428,8240100
2009-11-10,3.13,3.17,3.13,3.15,1.898509,7497200
2009-11-11,3.16,3.17,3.08,3.09,1.862347,10765000
2009-11-12,3.08,3.1,3.07,3.09,1.862347,5650600
2009-11-13,3.09,3.1,3.06,3.1,1.868374,1936000
2009-11-16,3.11,3.11,3.09,3.1,1.868374,5257600
2009-11-17,3.12,3.17,3.11,3.15,1.898509,24605800
2009-11-18,3.15,3.15,3.1,3.13,1.886455,11318800
2009-11-19,3.13,3.16,3.12,3.14,1.892482,8375500
2009-11-20,3.13,3.15,3.1,3.15,1.898509,4845000
2009-11-23,3.15,3.15,3.09,3.12,1.880428,4138400
2009-11-24,3.12,3.14,3.1,3.12,1.880428,6354200
2009-11-25,3.12,3.13,3.1,3.12,1.880428,6290000
2009-11-26,3.1,3.12,3.08,3.1,1.868374,7567600
2009-11-30,3.01,3.09,2.97,3.08,1.85632,7698800
2009-12-01,3.12,3.15,3.04,3.08,1.85632,12664800
2009-12-02,3.09,3.09,3.04,3.07,1.850293,13676200
2009-12-03,3.06,3.08,3.05,3.07,1.850293,5142400
2009-12-04,3.08,3.08,3.05,3.07,1.850293,5688300
2009-12-07,3.07,3.07,3.02,3.03,1.826185,10492800
2009-12-08,3.04,3.05,3.02,3.03,1.826185,8809300
2009-12-09,3,3.04,3,3.01,1.814131,8247100
2009-12-10,3.01,3.04,3.01,3.02,1.820158,5040300
2009-12-11,3.02,3.03,3.02,3.02,1.820158,5623700
2009-12-14,3.03,3.04,3.02,3.03,1.826185,8804900
2009-12-15,3.03,3.04,3.02,3.03,1.826185,10946900
2009-12-16,3.03,3.04,3.02,3.04,1.832212,12080000
2009-12-17,3.04,3.05,3.02,3.02,1.820158,17228300
2009-12-21,3.01,3.04,3.01,3.01,1.814131,15519300
2009-12-22,3.02,3.03,3.01,3.03,1.826185,5531100
2009-12-23,3.02,3.04,3.02,3.02,1.820158,5043400
2009-12-24,3.02,3.03,3.02,3.02,1.820158,10248300
2009-12-28,3.02,3.05,3.02,3.03,1.826185,13820300
2009-12-29,3.04,3.05,3.03,3.04,1.832212,5536200
2009-12-30,3.04,3.05,3.02,3.03,1.826185,9309800
2009-12-31,3.03,3.05,3.02,3.05,1.838239,10609600
2010-01-04,3.03,3.08,3.03,3.07,1.850293,4068800
2010-01-05,3.1,3.14,3.09,3.1,1.868374,10189900
2010-01-06,3.13,3.17,3.11,3.16,1.904536,10554800
2010-01-07,3.16,3.18,3.13,3.16,1.904536,4232500
2010-01-08,3.16,3.16,3.12,3.16,1.904536,4317700
2010-01-11,3.16,3.18,3.11,3.16,1.904536,4348300
2010-01-12,3.15,3.16,3.14,3.16,1.904536,6301500
2010-01-13,3.16,3.16,3.11,3.13,1.886455,5907200
2010-01-14,3.15,3.16,3.13,3.16,1.904536,6223800
2010-01-15,3.15,3.18,3.14,3.17,1.910563,12838100
2010-01-18,3.17,3.2,3.16,3.2,1.928644,11284100
2010-01-19,3.19,3.24,3.18,3.22,1.940698,9931100
2010-01-20,3.23,3.49,3.23,3.43,2.067266,25501900
2010-01-21,3.39,3.5,3.37,3.47,2.091373,26672900
2010-01-22,3.43,3.45,3.38,3.43,2.067266,12648200
2010-01-25,3.4,3.42,3.37,3.4,2.049185,8618500
2010-01-26,3.4,3.42,3.33,3.4,2.049185,12978800
2010-01-27,3.34,3.36,3.2,3.23,1.946725,12064600
2010-01-28,3.26,3.28,3.24,3.25,1.958779,15811400
2010-01-29,3.21,3.29,3.21,3.26,1.964806,9091100
2010-02-02,3.29,3.39,3.29,3.34,2.013022,9706800
2010-02-03,3.36,3.41,3.34,3.34,2.013022,10861300
2010-02-04,3.4,3.4,3.36,3.37,2.031104,5242100
2010-02-05,3.3,3.35,3.29,3.33,2.006995,5921500
2010-02-08,3.33,3.4,3.27,3.29,1.982888,9490000
2010-02-09,3.28,3.29,3.24,3.28,1.976861,14677100
2010-02-10,3.3,3.36,3.28,3.34,2.013022,15316300
2010-02-11,3.36,3.44,3.36,3.42,2.061239,18853400
2010-02-12,3.43,3.45,3.4,3.41,2.055211,7938500
2010-02-17,3.41,3.48,3.41,3.45,2.07932,14615100
2010-02-18,3.45,3.48,3.44,3.44,2.073293,11212600
2010-02-19,3.44,3.45,3.41,3.42,2.061239,9126500
2010-02-22,3.45,3.49,3.44,3.45,2.07932,9617200
2010-02-23,3.45,3.47,3.44,3.45,2.07932,10834600
2010-02-24,3.46,3.5,3.45,3.5,2.109455,7954800
2010-02-25,3.56,3.78,3.5,3.73,2.248076,51653400
2010-03-01,3.76,4.01,3.76,3.89,2.344508,56359400
2010-03-02,3.95,4.05,3.81,3.83,2.308346,49061400
2010-03-03,3.86,3.95,3.84,3.85,2.3204,30863700
2010-03-04,3.86,3.9,3.85,3.86,2.326427,27792600
2010-03-05,3.89,3.89,3.86,3.87,2.332454,16610100
2010-03-08,3.94,3.98,3.91,3.94,2.374644,14808100
2010-03-09,3.92,3.93,3.89,3.9,2.350535,8468600
2010-03-10,3.91,3.94,3.89,3.9,2.350535,6778000
2010-03-11,3.9,4,3.84,3.85,2.3204,13176600
2010-03-12,3.87,3.91,3.86,3.86,2.326427,7812600
2010-03-15,3.87,3.9,3.83,3.86,2.326427,7941400
2010-03-16,3.86,3.88,3.84,3.85,2.3204,5754200
2010-03-17,3.9,3.94,3.84,3.86,2.326427,9609700
2010-03-18,3.88,3.9,3.85,3.86,2.326427,6457400
2010-03-19,3.86,3.88,3.84,3.85,2.3204,7446800
2010-03-22,3.85,3.85,3.78,3.78,2.27821,6322600
2010-03-23,3.81,3.85,3.81,3.83,2.308346,7383800
2010-03-24,3.85,3.89,3.82,3.83,2.308346,9383100
2010-03-25,3.83,3.87,3.79,3.82,2.302319,13122000
2010-03-26,3.85,3.85,3.8,3.8,2.290265,8088200
2010-03-29,3.86,3.92,3.84,3.84,2.314373,13251500
2010-03-30,3.88,3.91,3.84,3.85,2.3204,5251000
2010-03-31,3.87,3.9,3.83,3.85,2.3204,11128600
2010-04-01,3.85,3.91,3.84,3.87,2.332454,4789500
2010-04-02,3.9,3.9,3.85,3.86,2.326427,3792300
2010-04-05,3.89,3.89,3.86,3.87,2.332454,5880500
2010-04-06,3.88,3.9,3.85,3.88,2.338481,4982200
2010-04-07,3.85,3.87,3.82,3.83,2.308346,5886000
2010-04-08,3.82,3.82,3.77,3.78,2.27821,10977100
2010-04-09,3.77,3.81,3.77,3.79,2.284237,8323200
2010-04-12,3.8,3.8,3.76,3.77,2.272183,12538600
2010-04-13,3.78,3.78,3.71,3.71,2.236022,4269800
2010-04-14,3.72,3.8,3.71,3.72,2.242049,7902300
2010-04-15,3.73,3.81,3.72,3.81,2.296292,10621400
2010-04-16,3.79,3.79,3.73,3.73,2.248076,8284300
2010-04-19,3.7,3.71,3.64,3.69,2.223968,5419200
2010-04-20,3.7,3.76,3.7,3.72,2.242049,2444600
2010-04-21,3.74,3.8,3.73,3.73,2.248076,11141200
2010-04-22,3.73,3.78,3.71,3.75,2.260129,8913200
2010-04-23,3.75,3.77,3.74,3.75,2.260129,7207600
2010-04-26,3.77,3.8,3.73,3.75,2.260129,3293300
2010-04-27,3.75,3.76,3.74,3.76,2.266157,2769700
2010-04-28,3.72,3.77,3.68,3.77,2.272183,9219000
2010-04-29,3.74,3.8,3.74,3.79,2.284237,6927600
2010-04-30,3.82,3.97,3.82,3.91,2.356562,20882500
2010-05-03,3.88,3.93,3.87,3.9,2.350535,4693300
2010-05-04,3.92,3.96,3.87,3.89,2.344508,8157300
2010-05-05,3.79,3.86,3.79,3.84,2.314373,12409800
2010-05-06,3.82,3.87,3.8,3.82,2.302319,10945200
2010-05-07,3.74,3.93,3.73,3.93,2.368616,11112500
2010-05-10,3.88,3.92,3.83,3.88,2.338481,17313700
2010-05-11,3.91,3.91,3.86,3.88,2.338481,6729300
2010-05-12,3.86,3.9,3.84,3.85,2.3204,7012500
2010-05-13,3.87,3.91,3.86,3.88,2.338481,9286400
2010-05-14,3.86,3.88,3.86,3.87,2.332454,3359100
2010-05-17,3.85,3.86,3.76,3.8,2.290265,10371500
2010-05-18,3.83,3.83,3.78,3.8,2.290265,3815700
2010-05-19,3.8,3.81,3.71,3.76,2.266157,12296300
2010-05-20,3.74,3.75,3.68,3.72,2.242049,13083700
2010-05-21,3.6,3.65,3.58,3.61,2.175752,12345300
2010-05-24,3.63,3.68,3.52,3.64,2.193832,9432800
2010-05-25,3.61,3.7,3.54,3.58,2.15767,24628800
2010-05-26,3.6,3.67,3.6,3.67,2.211913,1100000
2010-05-27,3.65,3.73,3.64,3.69,2.223968,5123400
2010-05-31,3.74,3.8,3.71,3.77,2.272183,17062500
2010-06-01,3.77,3.77,3.71,3.74,2.254103,9982400
2010-06-02,3.76,3.76,3.68,3.68,2.217941,7126200
2010-06-03,3.75,3.8,3.74,3.77,2.272183,13486000
2010-06-04,3.75,3.77,3.75,3.75,2.260129,6120700
2010-06-07,3.76,3.76,3.71,3.74,2.254103,11874100
2010-06-08,3.73,3.79,3.73,3.77,2.272183,11741800
2010-06-09,3.82,3.82,3.78,3.79,2.284237,10216000
2010-06-10,3.78,3.79,3.77,3.77,2.272183,4962900
2010-06-11,3.82,3.9,3.82,3.85,2.3204,14711200
2010-06-14,3.87,3.9,3.84,3.85,2.3204,3450000
2010-06-15,3.85,3.87,3.84,3.85,2.3204,7971700
2010-06-16,3.9,3.9,3.85,3.86,2.326427,6460100
2010-06-17,3.86,3.9,3.85,3.87,2.332454,10310800
2010-06-18,3.87,3.9,3.87,3.9,2.350535,10510800
2010-06-21,3.92,4,3.92,3.96,2.386697,12664600
2010-06-22,3.96,3.98,3.92,3.94,2.374644,8831300
2010-06-23,3.93,3.93,3.91,3.93,2.368616,5564500
2010-06-24,3.93,3.95,3.92,3.93,2.368616,6811500
2010-06-25,3.9,3.95,3.9,3.94,2.374644,4739500
2010-06-28,3.92,3.94,3.92,3.93,2.368616,7231500
2010-06-29,3.94,4,3.91,3.92,2.362589,13789000
2010-06-30,3.85,3.93,3.85,3.92,2.362589,10425000
2010-07-01,3.89,3.9,3.88,3.9,2.350535,12745300
2010-07-02,3.88,3.9,3.87,3.88,2.338481,2307000
2010-07-05,3.85,3.9,3.85,3.87,2.332454,6278600
2010-07-06,3.86,3.88,3.84,3.87,2.332454,6284600
2010-07-07,3.87,3.9,3.87,3.9,2.350535,5503300
2010-07-08,3.92,3.93,3.88,3.89,2.344508,4634700
2010-07-09,3.89,4.04,3.88,4,2.410805,20848900
2010-07-12,4.01,4.14,4.01,4.12,2.48313,20187400
2010-07-13,4.13,4.17,4.11,4.13,2.489156,20988300
2010-07-14,4.18,4.2,4.11,4.15,2.501211,14200000
2010-07-15,4.15,4.15,4.08,4.11,2.477102,6686600
2010-07-16,4.11,4.13,4.08,4.11,2.477102,11936500
2010-07-19,4.11,4.11,4.08,4.1,2.471075,8974700
2010-07-20,4.12,4.12,4.07,4.08,2.459021,9466700
2010-07-21,4.1,4.11,4.06,4.08,2.459021,5378000
2010-07-22,4.1,4.1,4.06,4.07,2.452994,6324700
2010-07-23,4.1,4.12,4.05,4.11,2.477102,14264300
2010-07-26,4.13,4.16,4.1,4.11,2.477102,9669500
2010-07-27,4.11,4.17,4.1,4.14,2.495183,11473000
2010-07-28,4.14,4.16,4.12,4.15,2.501211,11433600
2010-07-29,4.16,4.45,4.15,4.31,2.597643,36379500
2010-07-30,4.31,4.38,4.24,4.26,2.567508,15523700
2010-08-02,4.29,4.29,4.21,4.24,2.555454,9756200
2010-08-03,4.32,4.42,4.31,4.35,2.621751,20109500
2010-08-04,4.32,4.33,4.28,4.3,2.591616,20105700
2010-08-05,4.32,4.36,4.3,4.34,2.615723,14963200
2010-08-06,4.35,4.35,4.32,4.33,2.609697,3662000
2010-08-09,4.33,4.33,4.29,4.3,2.591616,3885900
2010-08-10,4.3,4.32,4.27,4.29,2.585589,10372300
2010-08-11,4.32,4.33,4.23,4.25,2.56148,11679700
2010-08-12,4.22,4.26,4.2,4.25,2.56148,10065000
2010-08-13,4.25,4.37,4.25,4.32,2.603669,17420000
2010-08-16,4.33,4.35,4.3,4.35,2.621751,13473700
2010-08-17,4.37,4.4,4.35,4.35,2.621751,20766200
2010-08-18,4.37,4.38,4.31,4.36,2.627778,11037900
2010-08-19,4.36,4.4,4.33,4.35,2.621751,11019400
2010-08-20,4.33,4.39,4.33,4.35,2.621751,11481700
2010-08-23,4.38,4.41,4.35,4.38,2.639832,14052900
2010-08-24,4.4,4.5,4.39,4.5,2.712156,37298200
2010-08-25,4.47,4.48,4.36,4.42,2.66394,29512600
2010-08-26,4.5,4.54,4.46,4.47,2.694075,36311700
2010-08-27,4.48,4.48,4.44,4.45,2.682021,20812600
2010-08-30,4.45,4.48,4.45,4.47,2.694075,17609900
2010-09-01,4.49,4.61,4.48,4.55,2.742291,26387800
2010-09-02,4.58,4.6,4.52,4.54,2.736264,15482900
2010-09-03,4.55,4.55,4.49,4.51,2.718183,12352400
2010-09-06,4.51,4.53,4.48,4.48,2.700102,12636400
2010-09-07,4.49,4.5,4.42,4.43,2.669966,11333500
2010-09-08,4.44,4.45,4.39,4.4,2.651886,13511300
2010-09-09,4.38,4.41,4.37,4.4,2.651886,8923400
2010-09-13,4.44,4.57,4.44,4.53,2.730236,15807100
2010-09-14,4.54,4.58,4.52,4.54,2.736264,10040400
2010-09-15,4.54,4.56,4.53,4.55,2.742291,14565400
2010-09-17,4.58,4.66,4.55,4.56,2.748317,15794000
2010-09-20,4.58,4.58,4.51,4.53,2.730236,6933200
2010-09-21,4.55,4.58,4.5,4.51,2.718183,14014800
2010-09-22,4.56,4.56,4.5,4.51,2.718183,10433300
2010-09-23,4.51,4.52,4.47,4.49,2.70613,9939100
2010-09-24,4.47,4.5,4.41,4.44,2.675994,9668200
2010-09-27,4.48,4.51,4.45,4.5,2.712156,12530000
2010-09-28,4.47,4.49,4.43,4.44,2.675994,15333400
2010-09-29,4.46,4.46,4.39,4.4,2.651886,21536600
2010-09-30,4.43,4.44,4.36,4.38,2.639832,12371800
2010-10-01,4.42,4.45,4.4,4.45,2.682021,6844900
2010-10-04,4.47,4.54,4.45,4.45,2.682021,11088800
2010-10-05,4.46,4.46,4.4,4.43,2.669966,20961500
2010-10-06,4.49,4.5,4.46,4.48,2.700102,11772600
2010-10-07,4.52,4.53,4.48,4.5,2.712156,14250500
2010-10-08,4.53,4.66,4.51,4.57,2.754346,14928100
2010-10-11,4.62,4.63,4.53,4.54,2.736264,7845200
2010-10-12,4.54,4.59,4.49,4.52,2.72421,9361000
2010-10-13,4.55,4.62,4.55,4.59,2.766399,18538800
2010-10-14,4.6,4.61,4.52,4.56,2.748317,16074200
2010-10-15,4.57,4.57,4.52,4.53,2.730236,9363500
2010-10-18,4.56,4.6,4.48,4.48,2.700102,12766300
2010-10-19,4.5,4.57,4.43,4.47,2.694075,22091100
2010-10-20,4.44,4.45,4.41,4.41,2.657912,12653500
2010-10-21,4.42,4.44,4.4,4.41,2.657912,14465500
2010-10-22,4.43,4.5,4.43,4.47,2.694075,18190600
2010-10-25,4.47,4.49,4.46,4.46,2.688048,8714500
2010-10-26,4.46,4.47,4.42,4.44,2.675994,29991200
2010-10-27,4.44,4.5,4.43,4.43,2.669966,11646800
2010-10-28,4.45,4.45,4.4,4.42,2.66394,18574700
2010-10-29,4.45,4.49,4.4,4.49,2.70613,20226600
2010-11-01,4.51,4.51,4.45,4.46,2.688048,6451600
2010-11-02,4.46,4.47,4.43,4.44,2.675994,15539600
2010-11-03,4.48,4.5,4.44,4.44,2.675994,5367800
2010-11-04,4.49,4.5,4.44,4.44,2.675994,10997500
2010-11-08,4.47,4.5,4.43,4.46,2.688048,15446400
2010-11-09,4.47,4.47,4.44,4.45,2.682021,9546300
2010-11-10,4.46,4.5,4.44,4.49,2.70613,23915900
2010-11-11,4.48,4.55,4.48,4.52,2.72421,30656300
2010-11-12,4.55,4.56,4.45,4.46,2.688048,35361900
2010-11-15,4.45,4.46,4.41,4.46,2.688048,10344200
2010-11-16,4.48,4.48,4.42,4.44,2.675994,18348100
2010-11-18,4.5,4.51,4.45,4.45,2.682021,17158800
2010-11-19,4.47,4.52,4.46,4.5,2.712156,16955400
2010-11-22,4.51,4.499,4.499,4.49,2.70613,140100
2010-11-23,4.51,4.52,4.47,4.48,2.700102,32466700
2010-11-24,4.46,4.52,4.45,4.49,2.70613,12834500
2010-11-25,4.54,4.62,4.52,4.57,2.754346,13315400
2010-11-26,4.59,4.64,4.55,4.58,2.760372,6904000
2010-11-29,4.54,4.59,4.5,4.58,2.760372,10195900
2010-11-30,4.58,4.62,4.55,4.58,2.760372,14129300
2010-12-01,4.58,4.68,4.57,4.61,2.778453,18336400
2010-12-02,4.64,4.74,4.64,4.74,2.856805,14239400
2010-12-03,4.74,4.6,4.6,4.73,2.850777,90000000
2010-12-06,4.73,4.73,4.66,4.67,2.814615,23560300
2010-12-08,4.71,4.75,4.72,4.73,2.850777,40688700
2010-12-09,4.83,4.87,4.75,4.76,2.868858,19230200
2010-12-10,4.75,4.76,4.73,4.74,2.856805,22867800
2010-12-13,4.75,4.82,4.74,4.75,2.862832,16405200
2010-12-14,4.77,4.78,4.74,4.75,2.862832,14942600
2010-12-15,4.75,4.76,4.68,4.68,2.820642,8728700
2010-12-16,4.6,4.64,4.58,4.61,2.778453,15744100
2010-12-17,4.61,4.69,4.6,4.67,2.814615,7864400
2010-12-20,4.61,4.7,4.61,4.68,2.820642,8823600
2010-12-21,4.67,4.73,4.67,4.71,2.838723,9107300
2010-12-22,4.8,4.8,4.7,4.7,2.832696,9367900
2010-12-23,4.74,4.74,4.67,4.7,2.832696,10110200
2010-12-24,4.72,4.73,4.69,4.72,2.84475,1701000
2010-12-27,4.79,4.79,4.72,4.73,2.850777,425300
2010-12-28,4.71,4.76,4.65,4.71,2.838723,4787000
2010-12-29,4.73,4.76,4.72,4.74,2.856805,5904700
2010-12-30,4.78,4.78,4.67,4.75,2.862832,15804000
2010-12-31,4.75,4.75,4.75,4.75,2.862832,0
2011-01-03,4.76,4.83,4.74,4.74,2.856805,7551500
2011-01-04,4.73,4.76,4.71,4.73,2.850777,12052900
2011-01-05,4.74,4.77,4.73,4.74,2.856805,21983500
2011-01-06,4.76,4.85,4.76,4.84,2.917074,20834600
2011-01-07,4.88,4.98,4.85,4.91,2.959263,26842800
2011-01-10,4.92,4.95,4.84,4.87,2.935155,15091900
2011-01-11,4.87,4.88,4.83,4.88,2.941182,5982700
2011-01-12,4.88,4.93,4.87,4.87,2.935155,11254400
2011-01-13,4.9,4.95,4.88,4.89,2.94721,8400600
2011-01-14,4.92,4.92,4.89,4.89,2.94721,10085800
2011-01-17,4.9,4.92,4.89,4.92,2.965291,11129900
2011-01-18,4.94,4.95,4.89,4.9,2.953237,10363100
2011-01-19,4.91,4.95,4.88,4.89,2.94721,8589600
2011-01-21,4.82,4.89,4.78,4.85,2.923102,29101700
2011-01-24,4.89,4.9,4.79,4.82,2.90502,16008700
2011-01-25,4.82,4.86,4.74,4.74,2.856805,12041100
2011-01-26,4.73,4.78,4.59,4.71,2.838723,17413700
2011-01-27,4.73,4.8,4.7,4.7,2.832696,13067200
2011-01-28,4.72,4.75,4.67,4.73,2.850777,12413200
2011-01-31,4.78,4.81,4.73,4.8,2.892967,12070000
2011-02-02,4.8,4.86,4.79,4.86,2.929129,18455100
2011-02-07,4.92,4.96,4.9,4.94,2.977345,23265300
2011-02-08,5,5.11,4.97,5.03,3.031588,29248700
2011-02-09,5.03,5.16,5.03,5.13,3.091858,19736100
2011-02-10,5.1,5.15,4.95,4.99,3.007479,24801900
2011-02-11,4.99,5.01,4.91,4.97,2.995426,23205700
2011-02-14,4.96,5.01,4.92,4.95,2.983371,13062700
2011-02-16,4.99,5.01,4.95,4.99,3.007479,23995400
2011-02-17,5.02,5.1,4.99,5.08,3.061723,16680200
2011-02-18,5.15,5.19,5.12,5.14,3.097885,23519400
2011-02-21,5.15,5.16,5.02,5.09,3.06775,16055100
2011-02-22,5.08,5.1,5.03,5.04,3.037614,19692800
2011-02-23,4.96,5.03,4.95,4.95,2.983371,24478600
2011-02-24,4.88,4.96,4.85,4.85,2.923102,19968400
2011-02-25,4.9,4.96,4.85,4.87,2.935155,13990700
2011-02-28,4.9,4.92,4.7,4.88,2.941182,20051400
2011-03-01,4.92,4.99,4.78,4.99,3.007479,12553200
2011-03-02,4.93,4.99,4.88,4.98,3.001453,8828200
2011-03-03,4.96,5,4.94,4.99,3.007479,11102400
2011-03-04,5,5,4.95,4.99,3.007479,14907800
2011-03-07,4.98,4.98,4.9,4.96,2.989398,3816800
2011-03-08,4.98,5.01,4.88,4.9,2.953237,9487100
2011-03-09,4.9,4.92,4.88,4.92,2.965291,18284200
2011-03-10,4.87,4.91,4.87,4.89,2.94721,19037100
2011-03-11,4.84,4.86,4.75,4.77,2.874885,16747800
2011-03-14,4.71,4.8,4.7,4.77,2.874885,10167000
2011-03-15,4.74,4.79,4.7,4.73,2.850777,21528000
2011-03-16,4.73,4.75,4.71,4.75,2.862832,16261300
2011-03-17,4.69,4.79,4.68,4.76,2.868858,19728600
2011-03-18,4.76,4.81,4.71,4.77,2.874885,22191000
2011-03-21,4.79,4.83,4.75,4.79,2.886939,10511800
2011-03-22,4.81,4.81,4.74,4.77,2.874885,15813600
2011-03-23,4.79,4.84,4.75,4.76,2.868858,17096400
2011-03-24,4.77,4.77,4.72,4.74,2.856805,15331600
2011-03-25,4.75,4.77,4.67,4.7,2.832696,17691900
2011-03-28,4.7,4.76,4.7,4.72,2.84475,8875200
2011-03-29,4.72,4.76,4.72,4.76,2.868858,17926200
2011-03-30,4.81,4.83,4.76,4.8,2.892967,14762800
2011-03-31,4.85,4.86,4.79,4.79,2.886939,25514900
2011-04-01,4.8,4.9,4.8,4.87,2.935155,27599100
2011-04-04,4.89,4.9,4.84,4.86,2.929129,16355600
2011-04-05,4.87,4.87,4.79,4.82,2.90502,12595300
2011-04-06,4.81,4.84,4.79,4.82,2.90502,12486700
2011-04-07,4.82,4.84,4.78,4.81,2.898993,18273900
2011-04-08,4.8,4.81,4.79,4.79,2.886939,12323200
2011-04-11,4.82,4.82,4.68,4.7,2.832696,21166200
2011-04-12,4.73,4.76,4.69,4.72,2.84475,12586700
2011-04-13,4.74,4.86,4.72,4.8,2.892967,11127200
2011-04-14,4.81,4.82,4.74,4.74,2.856805,16738100
2011-04-15,4.79,4.82,4.74,4.76,2.868858,18494000
2011-04-18,4.78,4.78,4.7,4.74,2.856805,14155600
2011-04-19,4.7,4.72,4.68,4.7,2.832696,17798700
2011-04-20,4.7,4.72,4.69,4.7,2.832696,15204800
2011-04-21,4.7,4.73,4.66,4.69,2.826669,17843400
2011-04-22,4.7,4.71,4.69,4.69,2.826669,8296200
2011-04-25,4.69,4.71,4.68,4.69,2.826669,2477400
2011-04-26,4.69,4.72,4.68,4.72,2.84475,10229900
2011-04-27,4.72,4.72,4.7,4.72,2.84475,9255100
2011-04-28,4.71,4.79,4.71,4.79,2.886939,11346300
2011-04-29,4.79,4.9,4.78,4.9,2.953237,11549300
2011-05-03,4.94,4.99,4.88,4.93,2.971316,12711700
2011-05-04,4.95,4.95,4.81,4.89,2.94721,9141900
2011-05-05,4.83,4.89,4.83,4.86,2.929129,4849500
2011-05-06,4.85,4.87,4.84,4.85,2.923102,11803800
2011-05-09,4.88,4.96,4.88,4.9,2.953237,6604400
2011-05-10,4.86,4.92,4.86,4.9,2.953237,9415300
2011-05-11,4.91,4.95,4.9,4.94,2.977345,10198200
2011-05-12,4.94,5.01,4.93,4.97,2.995426,16386200
2011-05-13,4.99,5.05,4.97,5.05,3.043642,23149300
2011-05-16,5.05,5.08,4.98,4.99,3.007479,12407000
2011-05-18,4.99,5.07,4.94,4.97,2.995426,19592300
2011-05-19,4.96,5.01,4.96,4.98,3.001453,13434200
2011-05-20,5,5,4.95,4.95,2.983371,5304200
2011-05-23,4.97,4.98,4.89,4.95,2.983371,10450500
2011-05-24,4.96,4.96,4.9,4.96,2.989398,9670800
2011-05-25,4.95,4.97,4.92,4.97,2.995426,8862600
2011-05-26,4.98,4.99,4.94,4.98,3.001453,9102200
2011-05-27,4.99,5,4.97,4.99,3.007479,13748500
2011-05-30,4.99,5.01,4.98,4.99,3.007479,16455800
2011-05-31,4.98,5.07,4.93,5,3.013506,11668400
2011-06-01,5,5.01,4.95,5,3.013506,12330400
2011-06-02,4.98,5.03,4.98,4.99,3.007479,14050700
2011-06-03,5.03,5.03,4.98,5.02,3.025561,6066500
2011-06-06,4.9,4.96,4.9,4.92,3.025561,6477700
2011-06-07,4.93,4.95,4.89,4.9,3.013262,12487400
2011-06-08,4.9,4.9,4.86,4.87,2.994812,13772600
2011-06-09,4.88,4.89,4.85,4.86,2.988664,16257600
2011-06-10,4.86,4.87,4.84,4.86,2.988664,10238700
2011-06-13,4.85,4.86,4.8,4.84,2.976365,10548800
2011-06-14,4.85,4.97,4.85,4.89,3.007112,18452900
2011-06-15,4.91,4.94,4.91,4.93,3.03171,17918200
2011-06-16,4.95,4.97,4.93,4.95,3.044009,25886800
2011-06-17,4.97,5.05,4.97,5.05,3.105505,35102100
2011-06-20,5.03,5.03,4.99,5,3.074756,24023400
2011-06-21,5,5.01,4.98,4.99,3.068606,24257700
2011-06-22,5,5.01,4.99,5,3.074756,12281900
2011-06-23,4.98,5.02,4.98,5,3.074756,14804000
2011-06-24,5.02,5.02,4.99,4.99,3.068606,15845300
2011-06-27,4.98,5,4.98,4.98,3.062458,13970700
2011-06-28,4.97,4.99,4.96,4.97,3.056308,15753400
2011-06-29,5,5,4.97,5,3.074756,20588500
2011-06-30,5.01,5.03,4.99,5.01,3.080907,14684400
2011-07-01,5.01,5.03,5,5.03,3.093205,13761700
2011-07-04,5.03,5.05,5,5,3.074756,9056300
2011-07-05,5,5.03,5,5.01,3.080907,10028700
2011-07-06,5.01,5.04,5,5.04,3.099355,20095700
2011-07-07,5.05,5.05,5,5.02,3.087056,17425500
2011-07-08,5.02,5.05,5.01,5.05,3.105505,10197800
2011-07-11,5.05,5.05,5,5.02,3.087056,11888800
2011-07-12,5,5.05,5,5.03,3.093205,17580200
2011-07-13,5.04,5.07,5.04,5.05,3.105505,12471800
2011-07-14,5.06,5.07,5.05,5.06,3.111654,12278600
2011-07-15,5.05,5.06,5.05,5.06,3.111654,26420300
2011-07-18,5.05,5.05,5.02,5.03,3.093205,16310300
2011-07-19,5.06,5.06,5.03,5.04,3.099355,31954900
2011-07-20,5.05,5.07,5.04,5.06,3.111654,10003100
2011-07-21,5.07,5.09,5.06,5.07,3.117804,12474900
2011-07-22,5.07,5.12,5.07,5.1,3.136252,17490500
2011-07-25,5.08,5.11,5.07,5.1,3.136252,14390500
2011-07-26,5.07,5.16,5.07,5.13,3.154702,21427000
2011-07-27,5.13,5.22,5.13,5.14,3.16085,15294900
2011-07-28,5.1,5.14,5.09,5.12,3.148551,12991300
2011-07-29,5.11,5.12,5.07,5.1,3.136252,8778700
2011-08-01,5.1,5.12,5.09,5.1,3.136252,8010400
2011-08-02,5.1,5.12,5.07,5.1,3.136252,7148700
2011-08-03,5.1,5.1,5.06,5.07,3.117804,12787200
2011-08-04,5.08,5.11,5.05,5.07,3.117804,16134800
2011-08-05,5.05,5.08,5.04,5.07,3.117804,44233300
2011-08-08,5.05,5.07,4.94,4.99,3.068606,58393900
2011-08-09,4.52,5,4.52,4.94,3.037859,40229900
2011-08-10,4.99,5,4.89,4.9,3.013262,61181800
2011-08-11,4.75,4.95,4.75,4.9,3.013262,23291600
2011-08-12,4.92,4.94,4.9,4.92,3.025561,26375800
2011-08-15,4.93,4.97,4.92,4.96,3.050158,15332200
2011-08-16,5,5,4.97,4.98,3.062458,16009100
2011-08-17,5,5.01,4.98,4.98,3.062458,24882700
2011-08-18,4.99,5,4.98,5,3.074756,19513000
2011-08-19,4.96,5,4.93,5,3.074756,23583700
2011-08-22,4.92,5,4.92,4.98,3.062458,26570000
2011-08-23,4.98,4.99,4.96,4.98,3.062458,33378200
2011-08-24,4.97,4.97,4.83,4.85,2.982514,40935600
2011-08-25,4.88,4.88,4.56,4.63,2.847225,54731300
2011-08-26,4.6,4.75,4.43,4.72,2.90257,51643100
2011-08-29,4.72,4.76,4.62,4.72,2.90257,11787600
2011-09-02,4.7,4.79,4.66,4.7,2.89027,45991300
2011-09-05,4.66,4.7,4.6,4.65,2.859524,18619100
2011-09-06,4.61,4.76,4.6,4.71,2.896421,23839200
2011-09-07,4.69,4.75,4.67,4.74,2.91487,15399400
2011-09-08,4.74,4.77,4.68,4.77,2.933318,7877100
2011-09-09,4.8,4.81,4.77,4.79,2.945617,6457600
2011-09-12,4.76,4.8,4.71,4.78,2.939467,8272400
2011-09-13,4.79,4.82,4.78,4.81,2.957916,8454900
2011-09-14,4.83,4.84,4.79,4.79,2.945617,10810400
2011-09-15,4.83,4.83,4.78,4.79,2.945617,14135100
2011-09-20,4.68,4.72,4.61,4.66,2.865673,9776700
2011-09-21,4.69,4.71,4.65,4.69,2.884122,8797300
2011-09-22,4.67,4.75,4.58,4.63,2.847225,25564400
2011-09-23,4.52,4.62,4.48,4.59,2.822627,19383200
2011-09-26,4.52,4.6,4.45,4.57,2.810328,19542100
2011-09-27,4.6,4.7,4.58,4.62,2.841075,15214500
2011-09-28,4.64,4.69,4.59,4.59,2.822627,15508600
2011-09-29,4.57,4.69,4.55,4.69,2.884122,20983700
2011-09-30,4.7,4.74,4.6,4.6,2.828776,14699900
2011-10-03,4.62,4.65,4.58,4.62,2.841075,11033600
2011-10-04,4.61,4.69,4.61,4.64,2.853374,10914100
2011-10-05,4.68,4.81,4.68,4.8,2.951767,20020900
2011-10-06,4.77,4.85,4.77,4.8,2.951767,13562700
2011-10-07,4.8,4.84,4.76,4.79,2.945617,7577500
2011-10-10,4.79,4.82,4.73,4.82,2.964066,3447100
2011-10-11,4.89,4.92,4.78,4.8,2.951767,10751300
2011-10-12,4.85,4.86,4.8,4.81,2.957916,5573600
2011-10-13,4.83,4.9,4.78,4.82,2.964066,13340400
2011-10-14,4.86,4.86,4.82,4.85,2.982514,5807500
2011-10-17,4.91,4.92,4.88,4.91,3.019411,14746500
2011-10-18,4.86,4.9,4.85,4.89,3.007112,8576300
2011-10-19,4.9,4.9,4.88,4.89,3.007112,5422700
2011-10-20,4.87,4.87,4.7,4.73,2.932709,7589800
2011-10-21,4.76,4.9,4.75,4.83,2.994712,14032100
2011-10-24,4.89,4.9,4.83,4.85,3.007112,15448600
2011-10-25,4.86,4.86,4.81,4.84,3.000912,7393500
2011-10-27,4.9,4.9,4.85,4.86,3.013313,18417900
2011-10-28,4.9,4.91,4.87,4.88,3.025713,16325900
2011-10-31,4.9,4.9,4.84,4.88,3.025713,12377000
2011-11-01,4.85,4.88,4.85,4.87,3.019512,8118800
2011-11-02,4.8,4.86,4.8,4.86,3.013313,12691600
2011-11-03,4.87,4.87,4.77,4.8,2.976111,6634600
2011-11-04,4.87,4.88,4.78,4.79,2.969911,9760100
2011-11-08,4.87,4.89,4.83,4.83,2.994712,15140800
2011-11-09,4.85,5,4.85,4.96,3.075314,18241900
2011-11-10,4.9,4.93,4.86,4.9,3.038114,7903000
2011-11-11,4.91,4.93,4.9,4.9,3.038114,8114400
2011-11-14,4.98,4.99,4.89,4.9,3.038114,12750100
2011-11-15,4.9,4.94,4.85,4.89,3.031913,7057000
2011-11-16,4.9,4.91,4.87,4.88,3.025713,4703500
2011-11-17,4.88,4.91,4.85,4.87,3.019512,9959700
2011-11-18,4.89,4.89,4.8,4.83,2.994712,8989900
2011-11-21,4.8,4.8,4.65,4.71,2.920309,12313100
2011-11-22,4.66,4.81,4.65,4.73,2.932709,5752100
2011-11-23,4.69,4.8,4.69,4.74,2.93891,3160500
2011-11-24,4.78,4.96,4.72,4.96,3.075314,3732900
2011-11-25,4.87,4.88,4.8,4.83,2.994712,3233400
2011-11-29,4.85,4.91,4.84,4.85,3.007112,6184900
2011-11-30,4.86,5.1,4.8,5.1,3.162118,10228000
2011-12-01,5.08,5.1,4.93,4.93,3.056713,13962200
2011-12-02,4.97,4.98,4.88,4.9,3.038114,9273400
2011-12-05,4.9,4.99,4.9,4.99,3.093915,7180900
2011-12-06,4.93,4.99,4.92,4.95,3.069115,3694200
2011-12-07,4.96,5.09,4.89,5.09,3.155918,8448700
2011-12-08,5,5,4.88,4.89,3.031913,8922200
2011-12-09,4.83,4.89,4.81,4.81,2.982311,7516000
2011-12-12,4.82,4.86,4.82,4.82,2.988512,9793800
2011-12-13,4.78,4.89,4.77,4.85,3.007112,7329000
2011-12-14,4.81,4.9,4.81,4.87,3.019512,5750100
2011-12-15,4.83,4.9,4.77,4.9,3.038114,5949900
2011-12-16,4.88,4.94,4.82,4.86,3.013313,9354900
2011-12-19,4.89,5.02,4.89,5,3.100115,3710500
2011-12-20,4.99,5.01,4.97,4.99,3.093915,8015700
2011-12-21,4.9,5,4.9,4.99,3.093915,11061400
2011-12-22,4.99,5,4.98,4.99,3.093915,4592300
2011-12-23,4.99,5,4.96,4.98,3.087715,8885600
2011-12-27,4.98,4.99,4.97,4.98,3.087715,4590200
2011-12-28,4.98,4.99,4.97,4.99,3.093915,4234000
2011-12-29,4.98,5.1,4.97,5.05,3.131117,4798500
2011-12-30,5.05,5.14,5.05,5.14,3.186919,10422100
2012-01-03,5.09,5.19,5,5,3.100115,6351400
2012-01-04,5,5.03,4.87,4.89,3.031913,12037900
2012-01-05,4.89,4.93,4.85,4.89,3.031913,9977700
2012-01-06,4.89,4.97,4.88,4.95,3.069115,12654000
2012-01-09,4.95,4.99,4.93,4.98,3.087715,9542000
2012-01-10,5,5,4.98,4.99,3.093915,14642600
2012-01-11,4.98,4.98,4.91,4.92,3.050514,12790200
2012-01-12,4.91,4.95,4.91,4.93,3.056713,11033800
2012-01-13,4.95,4.97,4.93,4.93,3.056713,10239000
2012-01-16,4.92,4.96,4.92,4.92,3.050514,6968600
2012-01-17,4.94,4.96,4.92,4.93,3.056713,10126300
2012-01-18,4.92,4.93,4.84,4.87,3.019512,19243200
2012-01-19,4.88,4.89,4.81,4.84,3.000912,27233300
2012-01-20,4.81,4.85,4.8,4.84,3.000912,21285500
2012-01-25,4.83,4.84,4.79,4.81,2.982311,19589600
2012-01-26,4.81,4.82,4.78,4.81,2.982311,24587500
2012-01-27,4.8,4.81,4.73,4.77,2.957511,26649200
2012-01-30,4.75,4.8,4.75,4.75,2.945111,18380600
2012-01-31,4.75,4.76,4.65,4.67,2.895508,37845400
2012-02-02,4.71,4.73,4.68,4.73,2.932709,30024500
2012-02-03,4.7,4.76,4.66,4.75,2.945111,22367700
2012-02-08,4.66,4.81,4.66,4.78,2.963711,27707100
2012-02-09,4.78,4.98,4.77,4.97,3.081514,24377100
2012-02-10,4.97,5.01,4.93,4.99,3.093915,18285200
2012-02-13,5,5.02,4.97,4.99,3.093915,11422500
2012-02-14,4.97,5.02,4.92,5,3.100115,10514600
2012-02-15,4.99,5,4.96,4.99,3.093915,9997900
2012-02-16,4.96,5,4.92,4.98,3.087715,17852000
2012-02-17,5,5.03,4.98,5.01,3.106317,13088100
2012-02-20,5.05,5.05,4.99,5,3.100115,18005100
2012-02-21,4.99,5.05,4.98,5.04,3.124916,14354900
2012-02-22,5.04,5.07,5.01,5.01,3.106317,13030500
2012-02-23,5.02,5.13,5,5.09,3.155918,23973400
2012-02-24,5.06,5.19,5.01,5.15,3.193119,29616500
2012-02-27,5.1,5.18,5.1,5.15,3.193119,14087800
2012-02-28,5.15,5.15,5.07,5.1,3.162118,8305300
2012-02-29,5.1,5.17,5.08,5.17,3.20552,14866900
2012-03-01,5.15,5.2,5.15,5.17,3.20552,10724300
2012-03-02,5.17,5.19,5.15,5.17,3.20552,11170600
2012-03-05,5.18,5.2,5.15,5.16,3.199319,6741500
2012-03-06,5.16,5.18,5.06,5.16,3.199319,19540000
2012-03-07,5.09,5.15,5.05,5.12,3.174518,16673300
2012-03-08,5.11,5.14,5.1,5.14,3.186919,13618600
2012-03-09,5.14,5.16,5.11,5.13,3.18072,13245600
2012-03-12,5.1,5.14,5.04,5.04,3.124916,15827400
2012-03-13,5.06,5.13,5.03,5.06,3.137317,10733400
2012-03-14,5.08,5.13,5.08,5.12,3.174518,17602400
2012-03-15,5.12,5.15,5.07,5.15,3.193119,6790200
2012-03-16,5.15,5.15,5.08,5.11,3.168318,7826800
2012-03-19,5.11,5.12,5.09,5.11,3.168318,10261100
2012-03-20,5.11,5.13,5.1,5.11,3.168318,12909800
2012-03-21,5.1,5.16,5.1,5.15,3.193119,11981200
2012-03-22,5.13,5.16,5.12,5.14,3.186919,12856300
2012-03-23,5.13,5.14,5.1,5.12,3.174518,6942700
2012-03-26,5.12,5.14,5.12,5.12,3.174518,10979800
2012-03-27,5.14,5.19,5.12,5.13,3.18072,11215500
2012-03-28,5.13,5.15,5.12,5.14,3.186919,11231400
2012-03-29,5.15,5.15,5.12,5.14,3.186919,11412900
2012-03-30,5.14,5.2,5.14,5.2,3.224121,14360100
2012-04-02,5.18,5.2,5.15,5.19,3.21792,7964500
2012-04-03,5.19,5.28,5.19,5.28,3.273722,23997500
2012-04-04,5.27,5.28,5.25,5.27,3.267521,15997800
2012-04-05,5.27,5.3,5.24,5.29,3.279923,13407000
2012-04-06,5.29,5.33,5.29,5.32,3.298523,9018500
2012-04-09,5.31,5.34,5.17,5.32,3.298523,9100800
2012-04-10,5.3,5.36,5.3,5.34,3.310924,14081300
2012-04-12,5.32,5.44,5.32,5.4,3.348125,17124600
2012-04-13,5.4,5.41,5.38,5.4,3.348125,11422600
2012-04-16,5.38,5.4,5.35,5.39,3.341924,9034000
2012-04-17,5.38,5.4,5.34,5.36,3.323323,16631100
2012-04-18,5.37,5.39,5.37,5.37,3.329524,10603800
2012-04-19,5.38,5.39,5.34,5.36,3.323323,17472400
2012-04-20,5.34,5.37,5.34,5.37,3.329524,12536300
2012-04-23,5.37,5.37,5.31,5.32,3.298523,19228000
2012-04-24,5.28,5.34,5.28,5.3,3.286123,16012000
2012-04-25,5.3,5.33,5.29,5.31,3.292323,15781600
2012-04-26,5.3,5.32,5.28,5.31,3.292323,11589900
2012-04-27,5.31,5.31,5.29,5.31,3.292323,9029500
2012-04-30,5.31,5.34,5.3,5.31,3.292323,9286900
2012-05-02,5.31,5.34,5.3,5.32,3.298523,12799000
2012-05-03,5.32,5.37,5.31,5.33,3.304722,9737100
2012-05-04,5.33,5.39,5.33,5.37,3.329524,14110900
2012-05-07,5.32,5.37,5.3,5.36,3.323323,8812000
2012-05-08,5.35,5.37,5.34,5.37,3.329524,3574000
2012-05-09,5.36,5.38,5.35,5.36,3.323323,13311400
2012-05-10,5.36,5.39,5.35,5.38,3.335725,12883500
2012-05-11,5.37,5.4,5.37,5.39,3.341924,12754700
2012-05-14,5.4,5.42,5.38,5.39,3.341924,19469300
2012-05-15,5.35,5.39,5.34,5.37,3.329524,17170800
2012-05-16,5.37,5.37,5.29,5.31,3.292323,11653600
2012-05-17,5.31,5.36,5.31,5.35,3.317124,6219400
2012-05-18,5.33,5.36,5.28,5.32,3.298523,12177800
2012-05-21,5.36,5.37,5.32,5.36,3.323323,6864300
2012-05-22,5.35,5.39,5.35,5.38,3.335725,8201100
2012-05-23,5.48,5.48,5.39,5.44,3.372925,13643800
2012-05-24,5.43,5.45,5.42,5.44,3.372925,9198300
2012-05-25,5.47,5.47,5.43,5.43,3.366725,7629300
2012-05-28,5.29,5.31,5.25,5.25,3.347596,5174700
2012-05-29,5.25,5.34,5.25,5.3,3.379478,6310300
2012-05-30,5.3,5.38,5.3,5.33,3.398607,8553600
2012-05-31,5.33,5.4,5.33,5.37,3.424112,17374600
2012-06-01,5.35,5.37,5.34,5.36,3.417737,7925500
2012-06-04,5.27,5.39,5.27,5.33,3.398607,16089700
2012-06-05,5.34,5.37,5.31,5.32,3.392231,10236300
2012-06-06,5.35,5.37,5.35,5.36,3.417737,11115300
2012-06-07,5.38,5.38,5.36,5.37,3.424112,16004100
2012-06-08,5.37,5.38,5.35,5.35,3.41136,12144500
2012-06-11,5.37,5.38,5.36,5.36,3.417737,9116300
2012-06-12,5.35,5.37,5.35,5.37,3.424112,6858000
2012-06-13,5.37,5.42,5.37,5.4,3.443242,14934100
2012-06-14,5.4,5.41,5.39,5.39,3.436866,11149600
2012-06-15,5.38,5.43,5.38,5.41,3.449617,11665100
2012-06-18,5.41,5.44,5.4,5.4,3.443242,11414200
2012-06-19,5.4,5.44,5.4,5.42,3.455995,8549500
2012-06-20,5.43,5.46,5.41,5.46,3.481501,14620200
2012-06-21,5.46,5.46,5.35,5.42,3.455995,19386600
2012-06-22,5.42,5.5,5.41,5.47,3.487877,24590600
2012-06-25,5.49,5.53,5.48,5.5,3.507005,20132400
2012-06-26,5.49,5.49,5.41,5.44,3.468748,10776900
2012-06-27,5.44,5.46,5.4,5.45,3.475123,20187400
2012-06-28,5.46,5.46,5.43,5.45,3.475123,13515000
2012-06-29,5.46,5.49,5.45,5.47,3.487877,14330900
2012-07-02,5.47,5.5,5.46,5.46,3.481501,13830200
2012-07-03,5.48,5.59,5.48,5.52,3.519758,13959600
2012-07-04,5.54,5.58,5.5,5.53,3.526135,10222700
2012-07-05,5.5,5.55,5.5,5.55,3.538888,9118000
2012-07-06,5.56,5.56,5.53,5.54,3.532511,7781200
2012-07-09,5.55,5.56,5.54,5.55,3.538888,8176700
2012-07-10,5.55,5.58,5.55,5.57,3.55164,9537200
2012-07-11,5.57,5.93,5.57,5.76,3.672791,46371800
2012-07-12,5.79,5.9,5.75,5.76,3.672791,28418200
2012-07-13,5.78,5.8,5.72,5.74,3.660038,8973700
2012-07-16,5.77,5.94,5.76,5.84,3.723803,21797000
2012-07-17,5.84,6.23,5.84,6,3.825825,41027700
2012-07-18,6,6.08,5.98,6,3.825825,19292100
2012-07-19,6.01,6.05,5.99,5.99,3.819448,22919200
2012-07-20,6,6.03,5.84,5.89,3.755685,15097700
2012-07-23,5.89,5.9,5.83,5.85,3.73018,19262800
2012-07-24,5.88,5.89,5.75,5.84,3.723803,18943900
2012-07-25,5.84,5.87,5.79,5.81,3.704673,15731600
2012-07-26,5.82,5.84,5.75,5.76,3.672791,12047300
2012-07-27,5.78,5.81,5.78,5.8,3.698297,14992000
2012-07-30,5.81,5.9,5.8,5.85,3.73018,8371200
2012-07-31,5.87,5.91,5.85,5.86,3.736556,17666500
2012-08-01,5.87,5.95,5.86,5.89,3.755685,14217200
2012-08-02,5.9,5.93,5.86,5.9,3.762061,10286200
2012-08-03,5.89,5.94,5.86,5.9,3.762061,13471100
2012-08-06,5.94,6.03,5.91,6,3.825825,23560200
2012-08-07,6,6.02,5.97,5.99,3.819448,17259000
2012-08-08,5.99,6.02,5.97,5.99,3.819448,13055700
2012-08-09,6,6,5.97,5.98,3.813071,14267300
2012-08-10,5.98,5.99,5.95,5.98,3.813071,5962000
2012-08-13,5.99,6,5.86,5.88,3.749309,11843900
2012-08-14,5.92,5.92,5.88,5.9,3.762061,10739900
2012-08-15,5.92,5.92,5.87,5.89,3.755685,6026700
2012-08-16,5.88,5.89,5.85,5.88,3.749309,10215200
2012-08-17,5.89,6,5.89,6,3.825825,11533500
2012-08-22,6.07,6.09,5.98,6,3.825825,14908100
2012-08-23,6.02,6.05,5.98,6,3.825825,4677300
2012-08-24,6,6,5.97,6,3.825825,4838400
2012-08-27,5.99,6.03,5.98,5.98,3.813071,6320600
2012-08-28,6,6,5.98,5.99,3.819448,4899800
2012-08-29,5.97,6,5.97,5.99,3.819448,4351800
2012-08-30,5.99,6,5.98,5.99,3.819448,7161400
2012-09-03,6.05,6.3,6.03,6.2,3.953351,20892400
2012-09-04,6.23,6.25,6.19,6.22,3.966105,17291700
2012-09-05,6.23,6.25,6.19,6.22,3.966105,18731300
2012-09-06,6.17,6.19,6.01,6.02,3.838578,16681600
2012-09-07,6.03,6.16,6.01,6.01,3.832202,16373100
2012-09-10,6,6.1,5.99,6.04,3.851331,10647900
2012-09-11,6.09,6.09,5.99,6.04,3.851331,8382400
2012-09-12,6.04,6.06,6.03,6.05,3.857707,6786400
2012-09-13,6.05,6.07,6.03,6.06,3.864084,5300000
2012-09-14,6.12,6.24,6.06,6.07,3.870459,23023800
2012-09-18,6.08,6.15,6.03,6.12,3.902341,18405500
2012-09-19,6.15,6.32,6.14,6.28,4.004364,19006300
2012-09-20,6.27,6.27,6.04,6.19,3.946976,15533700
2012-09-21,6.19,6.24,6.1,6.12,3.902341,6960800
2012-09-24,6.06,6.14,5.95,6.12,3.902341,12025800
2012-09-25,6.1,6.33,6.1,6.3,4.017116,13880400
2012-09-26,6.15,6.37,6.15,6.34,4.042622,11219600
2012-09-27,6.34,6.4,6.34,6.39,4.074503,8640300
2012-09-28,6.39,6.52,6.35,6.5,4.144643,20678800
2012-10-01,6.51,6.57,6.49,6.53,4.163772,11435300
2012-10-02,6.53,6.64,6.53,6.62,4.221159,6511400
2012-10-03,6.63,6.7,6.56,6.67,4.253041,9399400
2012-10-04,6.68,6.79,6.61,6.7,4.272171,9075900
2012-10-05,6.77,6.83,6.72,6.76,4.310429,6364300
2012-10-08,6.76,6.8,6.65,6.75,4.304052,11190400
2012-10-09,6.75,6.77,6.73,6.73,4.291299,15141400
2012-10-10,6.66,6.73,6.66,6.71,4.278547,12489000
2012-10-11,6.66,6.66,6.54,6.58,4.24628,15715200
2012-10-12,6.54,6.59,6.45,6.49,4.1882,18336800
2012-10-15,6.49,6.5,6.4,6.5,4.194654,9389000
2012-10-16,6.46,6.5,6.46,6.47,4.175294,8975000
2012-10-17,6.49,6.53,6.48,6.51,4.201108,23793500
2012-10-18,6.52,6.63,6.52,6.6,4.259188,15404500
2012-10-19,6.61,6.7,6.56,6.68,4.310814,14067900
2012-10-22,6.7,6.7,6.56,6.66,4.297907,11913100
2012-10-23,6.63,6.7,6.59,6.65,4.291453,12962900
2012-10-24,6.61,6.67,6.55,6.63,4.278547,9066600
2012-10-25,6.65,6.65,6.5,6.55,4.226921,10250500
2012-10-29,6.58,6.58,6.51,6.53,4.214014,8086500
2012-10-30,6.53,6.59,6.52,6.53,4.214014,7595100
2012-10-31,6.59,6.59,6.51,6.53,4.214014,11099000
2012-11-01,6.54,6.55,6.46,6.48,4.181748,15172800
2012-11-02,6.4,6.4,6.16,6.16,3.975241,24496400
2012-11-05,6.15,6.2,6.13,6.14,3.962335,19075200
2012-11-06,6.13,6.15,5.99,6.02,3.884895,18959400
2012-11-07,6,6.01,5.8,5.83,3.762282,41091200
2012-11-08,5.81,5.96,5.81,5.91,3.813908,23138200
2012-11-09,5.92,5.97,5.9,5.94,3.833269,15219900
2012-11-12,5.95,5.96,5.93,5.93,3.826815,10711900
2012-11-14,5.91,5.96,5.9,5.94,3.833269,19427000
2012-11-16,5.99,6.02,5.95,6,3.871989,19391100
2012-11-19,5.95,6,5.93,5.96,3.846176,9101900
2012-11-20,6,6.04,5.95,5.95,3.839722,20266400
2012-11-21,5.97,6,5.95,5.98,3.859082,10927500
2012-11-22,6,6,5.87,5.87,3.788095,19152800
2012-11-23,5.85,5.87,5.76,5.83,3.762282,18056800
2012-11-26,5.83,5.84,5.75,5.75,3.710656,12399100
2012-11-27,5.74,5.74,5.61,5.62,3.626762,20052300
2012-11-28,5.62,5.91,5.61,5.87,3.788095,27448400
2012-11-29,5.93,5.99,5.87,5.91,3.813908,17679500
2012-11-30,5.95,5.99,5.89,5.92,3.820363,19203300
2012-12-03,5.9,5.92,5.86,5.9,3.807455,12202900
2012-12-04,5.9,5.95,5.9,5.93,3.826815,9143300
2012-12-05,5.9,5.96,5.89,5.96,3.846176,12202500
2012-12-06,5.98,6,5.93,5.97,3.852628,9876600
2012-12-07,5.95,5.98,5.92,5.98,3.859082,11708600
2012-12-10,6,6.21,5.99,6.19,3.994601,12084800
2012-12-11,6.2,6.33,6.2,6.33,4.084947,20225500
2012-12-12,6.34,6.4,6.33,6.4,4.130121,21493300
2012-12-13,6.42,6.61,6.42,6.53,4.214014,24839500
2012-12-14,6.53,6.53,6.37,6.51,4.201108,16911200
2012-12-17,6.5,6.54,6.38,6.54,4.220467,16217200
2012-12-18,6.58,6.8,6.58,6.76,4.36244,16930700
2012-12-19,6.8,6.8,6.52,6.6,4.259188,20501400
2012-12-20,6.56,6.7,6.56,6.68,4.310814,6350100
2012-12-21,6.68,6.7,6.57,6.57,4.239827,6386600
2012-12-24,6.64,6.64,6.59,6.62,4.272094,6004700
2012-12-26,6.62,6.63,6.59,6.62,4.272094,12205000
2012-12-27,6.62,6.7,6.62,6.67,4.30436,8603800
2012-12-28,6.75,6.78,6.69,6.74,4.349534,9196000
2012-12-31,6.69,6.71,6.59,6.59,4.252734,15736600
2013-01-02,6.63,6.63,6.54,6.58,4.24628,12534500
2013-01-03,6.64,6.83,6.61,6.81,4.394705,25479400
2013-01-04,6.85,6.87,6.71,6.74,4.349534,8285500
2013-01-07,6.74,6.78,6.68,6.71,4.330174,17320400
2013-01-08,6.71,6.74,6.63,6.69,4.317267,20317700
2013-01-09,6.72,6.76,6.65,6.65,4.291453,20753800
2013-01-10,6.68,6.7,6.65,6.66,4.297907,9228100
2013-01-11,6.71,6.74,6.66,6.69,4.317267,7971300
2013-01-14,6.71,6.71,6.68,6.69,4.317267,9976800
2013-01-15,6.68,6.7,6.65,6.68,4.310814,20091200
2013-01-16,6.65,6.7,6.6,6.66,4.297907,7789700
2013-01-17,6.68,6.68,6.61,6.66,4.297907,9392000
2013-01-18,6.66,6.67,6.6,6.64,4.285001,7837100
2013-01-21,6.62,6.63,6.13,6.3,4.065588,45079700
2013-01-22,6.2,6.39,6.2,6.36,4.104308,29977500
2013-01-23,6.36,6.46,6.32,6.43,4.14948,16716800
2013-01-25,6.45,6.45,6.33,6.37,4.110762,15337500
2013-01-29,6.43,6.43,6.32,6.35,4.097854,13226100
2013-01-30,6.35,6.38,6.21,6.29,4.059134,25378900
2013-01-31,6.3,6.3,6.24,6.3,4.065588,16332900
2013-02-04,6.36,6.39,6.27,6.3,4.065588,22975600
2013-02-05,6.29,6.31,6.22,6.29,4.059134,12281300
2013-02-06,6.29,6.3,6.07,6.16,3.975241,20148200
2013-02-07,6.14,6.28,6.03,6.24,4.026868,18712800
2013-02-08,6.27,6.27,6.23,6.26,4.039775,12973200
2013-02-13,6.3,6.31,6.28,6.29,4.059134,14763400
2013-02-14,6.29,6.34,6.28,6.3,4.065588,20409100
2013-02-15,6.3,6.3,6.27,6.3,4.065588,12312900
2013-02-18,6.32,6.32,6.27,6.27,4.046227,7853800
2013-02-19,6.27,6.29,6.22,6.23,4.020414,10873100
2013-02-20,6.23,6.23,6.19,6.21,4.007508,11680700
2013-02-21,6.23,6.4,6.18,6.33,4.084947,20328400
2013-02-22,6.35,6.56,6.34,6.37,4.110762,20895600
2013-02-25,6.36,6.39,6.34,6.35,4.097854,24009200
2013-02-26,6.34,6.36,6.32,6.33,4.084947,16745700
2013-02-27,6.33,6.35,6.33,6.34,4.091401,13634700
2013-02-28,6.34,6.43,6.33,6.4,4.130121,17360400
2013-03-01,6.36,6.4,6.35,6.36,4.104308,16294800
2013-03-04,6.36,6.4,6.35,6.38,4.117214,23136900
2013-03-05,6.38,6.41,6.38,6.39,4.123667,17864600
2013-03-06,6.41,6.42,6.38,6.4,4.130121,17759400
2013-03-07,6.41,6.41,6.37,6.4,4.130121,9498100
2013-03-08,6.41,6.44,6.38,6.42,4.143028,15166000
2013-03-11,6.41,6.43,6.39,6.4,4.130121,16120200
2013-03-12,6.42,6.44,6.39,6.39,4.123667,13646000
2013-03-13,6.38,6.39,6.35,6.36,4.104308,7175600
2013-03-14,6.4,6.4,6.36,6.39,4.123667,10500500
2013-03-15,6.38,6.39,6.29,6.3,4.065588,19290600
2013-03-18,6.3,6.35,6.29,6.31,4.072041,12480300
2013-03-19,6.28,6.33,6.25,6.32,4.078493,14139200
2013-03-20,6.31,6.34,6.3,6.33,4.084947,13964900
2013-03-21,6.33,6.41,6.32,6.34,4.091401,16554600
2013-03-22,6.33,6.37,6.31,6.36,4.104308,11947200
2013-03-25,6.36,6.45,6.35,6.45,4.162387,12615400
2013-03-26,6.45,6.6,6.44,6.49,4.1882,24884100
2013-03-27,6.5,6.52,6.48,6.51,4.201108,13818200
2013-03-28,6.52,6.64,6.51,6.62,4.272094,22445600
2013-03-29,6.62,6.64,6.58,6.6,4.259188,13178400
2013-04-01,6.6,6.63,6.58,6.62,4.272094,15672700
2013-04-02,6.6,6.65,6.6,6.64,4.285001,14316900
2013-04-03,6.64,6.65,6.55,6.65,4.291453,18724500
2013-04-04,6.62,6.65,6.55,6.62,4.272094,8142400
2013-04-05,6.64,6.65,6.62,6.65,4.291453,13958000
2013-04-08,6.64,6.69,6.64,6.65,4.291453,18613200
2013-04-09,6.65,6.68,6.6,6.66,4.297907,14255200
2013-04-10,6.66,6.67,6.61,6.66,4.297907,15999000
2013-04-11,6.66,6.81,6.65,6.75,4.355988,16648900
2013-04-12,6.74,6.8,6.68,6.7,4.32372,9328800
2013-04-15,6.69,6.74,6.69,6.73,4.34308,11093300
2013-04-16,6.71,6.71,6.66,6.68,4.310814,7248000
2013-04-17,6.7,6.76,6.66,6.71,4.330174,10237500
2013-04-18,6.73,6.75,6.68,6.72,4.336627,9275400
2013-04-19,6.72,6.74,6.71,6.72,4.336627,10153100
2013-04-22,6.7,6.74,6.7,6.74,4.349534,7299800
2013-04-23,6.74,6.74,6.7,6.72,4.336627,10978100
2013-04-24,6.73,6.74,6.72,6.74,4.349534,8768100
2013-04-25,6.74,6.8,6.72,6.8,4.388254,8505800
2013-04-26,6.8,6.82,6.79,6.79,4.3818,20214000
2013-04-29,6.76,6.81,6.76,6.77,4.368894,7287700
2013-04-30,6.78,6.79,6.75,6.77,4.368894,15879100
2013-05-02,6.76,6.77,6.72,6.74,4.349534,23068200
2013-05-03,6.74,6.74,6.55,6.6,4.259188,28424700
2013-05-06,7.1,7.4,6.74,6.77,4.368894,20091600
2013-05-07,6.86,7.03,6.83,7,4.51732,13708900
2013-05-08,7.05,7.1,6.95,6.99,4.510867,10282900
2013-05-09,6.99,7,6.94,6.95,4.485054,5862900
2013-05-10,6.91,7.03,6.91,6.93,4.472147,9532800
2013-05-13,7.02,7.07,6.97,6.97,4.497959,16007800
2013-05-14,7.03,7.03,6.98,6.98,4.504413,12447500
2013-05-15,7.01,7.02,6.94,6.95,4.485054,14420700
2013-05-16,6.96,7,6.9,6.91,4.459239,15126100
2013-05-17,6.92,6.95,6.89,6.91,4.459239,10640600
2013-05-20,6.92,6.96,6.91,6.92,4.465693,7693300
2013-05-21,6.92,6.98,6.92,6.94,4.478601,7976900
2013-05-22,6.94,6.98,6.94,6.96,4.491507,9158200
2013-05-23,6.97,7.01,6.9,6.92,4.465693,14386700
2013-05-27,6.97,6.99,6.79,6.96,4.491507,10249200
2013-05-28,6.92,6.97,6.9,6.96,4.491507,10539100
2013-05-29,6.71,6.86,6.71,6.75,4.531789,16418500
2013-05-30,6.72,6.8,6.65,6.75,4.531789,13592600
2013-05-31,6.78,6.8,6.72,6.75,4.531789,11600200
2013-06-03,6.8,6.8,6.72,6.73,4.518362,13429100
2013-06-04,6.7,6.74,6.66,6.73,4.518362,10005700
2013-06-05,6.77,6.78,6.73,6.74,4.525075,11050100
2013-06-06,6.75,6.75,6.73,6.74,4.525075,11935700
2013-06-07,6.74,6.74,6.7,6.7,4.49822,7383400
2013-06-10,6.73,6.78,6.71,6.71,4.504934,11440100
2013-06-11,6.7,6.76,6.68,6.72,4.511647,9536500
2013-06-12,6.69,6.7,6.49,6.6,4.431081,24274600
2013-06-13,6.57,6.57,6.45,6.48,4.350517,16060100
2013-06-14,6.49,6.63,6.47,6.62,4.44451,12751200
2013-06-17,6.62,6.68,6.61,6.65,4.464652,10413900
2013-06-18,6.65,6.67,6.61,6.64,4.457939,9766300
2013-06-19,6.63,6.65,6.45,6.65,4.464652,15160000
2013-06-20,6.57,6.66,6.57,6.65,4.464652,9827500
2013-06-21,6.56,6.66,6.48,6.61,4.437797,14952700
2013-06-24,6.65,6.65,6.58,6.6,4.431081,11528500
2013-06-25,6.63,6.64,6.52,6.61,4.437797,10559600
2013-06-26,6.59,6.63,6.58,6.61,4.437797,15955800
2013-06-27,6.61,6.62,6.59,6.61,4.437797,22253200
2013-06-28,6.62,6.64,6.6,6.63,4.451224,23756200
2013-07-01,6.64,6.64,6.61,6.63,4.451224,10121900
2013-07-02,6.63,6.67,6.62,6.65,4.464652,9696900
2013-07-03,6.64,6.66,6.62,6.65,4.464652,16248800
2013-07-04,6.65,6.67,6.64,6.65,4.464652,18379500
2013-07-05,6.65,6.67,6.65,6.66,4.471365,6129900
2013-07-08,6.66,6.68,6.61,6.66,4.471365,5598200
2013-07-09,6.66,6.67,6.64,6.66,4.471365,10813700
2013-07-10,6.66,6.68,6.66,6.66,4.471365,6325000
2013-07-11,6.69,6.84,6.69,6.8,4.565357,17206200
2013-07-12,6.8,6.88,6.8,6.82,4.578784,11458400
2013-07-15,6.76,6.8,6.73,6.79,4.558645,6370800
2013-07-16,6.8,6.81,6.74,6.79,4.558645,8541500
2013-07-17,6.79,6.8,6.72,6.77,4.545218,18926700
2013-07-18,6.76,6.78,6.73,6.76,4.538503,12427400
2013-07-19,6.78,6.81,6.76,6.78,4.551931,13097500
2013-07-22,6.77,6.88,6.76,6.83,4.585498,13640700
2013-07-23,6.87,6.87,6.82,6.83,4.585498,13536500
2013-07-24,6.81,6.83,6.8,6.82,4.578784,14292700
2013-07-25,6.83,6.85,6.82,6.83,4.585498,11087900
2013-07-26,6.81,6.87,6.81,6.84,4.592213,10848100
2013-07-29,6.85,6.85,6.78,6.82,4.578784,12850800
2013-07-30,6.82,6.85,6.82,6.83,4.585498,8332800
2013-07-31,6.83,6.84,6.65,6.79,4.558645,17718400
2013-08-01,6.82,6.84,6.77,6.83,4.585498,11636300
2013-08-02,6.78,6.84,6.78,6.83,4.585498,10090800
2013-08-05,6.83,6.86,6.79,6.84,4.592213,10089700
2013-08-06,6.79,6.86,6.78,6.85,4.598927,4869200
2013-08-12,6.85,6.93,6.83,6.9,4.632495,5006400
2013-08-13,6.9,6.95,6.9,6.93,4.652636,4758900
2013-08-14,6.93,6.94,6.91,6.93,4.652636,7065400
2013-08-15,6.92,6.92,6.88,6.9,4.632495,11304700
2013-08-16,6.89,6.92,6.89,6.91,4.639209,5188400
2013-08-19,6.87,6.93,6.83,6.9,4.632495,9537200
2013-08-20,6.87,6.92,6.55,6.65,4.464652,15183300
2013-08-21,6.65,6.7,6.54,6.65,4.464652,15586000
2013-08-22,6.58,6.65,6.4,6.58,4.417655,19487500
2013-08-23,6.6,6.66,6.51,6.52,4.377371,14980300
2013-08-26,6.5,6.62,6.5,6.6,4.431081,10511800
2013-08-27,6.6,6.6,6.4,6.48,4.350517,14091600
2013-08-28,6.42,6.62,6.37,6.6,4.431081,12241600
2013-08-29,6.53,6.74,6.53,6.74,4.525075,11279100
2013-08-30,6.75,6.75,6.73,6.74,4.525075,6359100
2013-09-02,6.7,6.74,6.64,6.66,4.471365,2346300
2013-09-03,6.68,6.76,6.68,6.75,4.531789,6907600
2013-09-04,6.75,6.76,6.61,6.75,4.531789,7649900
2013-09-05,6.76,6.76,6.74,6.75,4.531789,4124100
2013-09-06,6.75,6.77,6.72,6.72,4.511647,6111900
2013-09-09,6.69,6.76,6.69,6.76,4.538503,8460800
2013-09-10,6.79,6.8,6.75,6.76,4.538503,10400800
2013-09-11,6.77,6.84,6.76,6.84,4.592213,9919200
2013-09-12,6.85,6.89,6.85,6.88,4.619068,4002400
2013-09-13,6.87,6.91,6.83,6.89,4.625782,6173000
2013-09-17,6.86,6.9,6.86,6.88,4.619068,10255500
2013-09-18,6.87,6.9,6.87,6.88,4.619068,3626500
2013-09-19,6.9,6.94,6.89,6.9,4.632495,16013200
2013-09-20,6.91,6.99,6.89,6.91,4.639209,8995800
2013-09-23,6.89,6.93,6.88,6.91,4.639209,7385000
2013-09-24,6.91,6.96,6.89,6.9,4.632495,7959100
2013-09-25,6.92,6.93,6.89,6.9,4.632495,9734600
2013-09-26,6.9,6.93,6.88,6.91,4.639209,13082700
2013-09-27,6.91,6.91,6.83,6.89,4.679963,7908600
2013-09-30,6.89,6.9,6.79,6.88,4.673171,14611900
2013-10-01,6.87,6.92,6.86,6.89,4.679963,11076900
2013-10-02,6.91,6.91,6.88,6.9,4.686756,6655800
2013-10-03,6.88,6.93,6.87,6.91,4.693548,7561100
2013-10-04,6.9,6.91,6.89,6.9,4.686756,4993300
2013-10-07,6.9,6.93,6.89,6.91,4.693548,4095700
2013-10-08,6.87,6.93,6.87,6.92,4.700341,4456400
2013-10-09,6.9,6.91,6.89,6.9,4.686756,5627700
2013-10-10,6.9,6.92,6.9,6.92,4.700341,12064100
2013-10-11,6.92,6.94,6.91,6.91,4.693548,12421400
2013-10-14,6.88,6.93,6.88,6.9,4.686756,9134100
2013-10-16,6.92,6.95,6.89,6.9,4.686756,8455500
2013-10-17,6.94,6.94,6.91,6.91,4.693548,4263000
2013-10-18,6.91,6.92,6.9,6.91,4.693548,6724900
2013-10-21,6.91,6.91,6.88,6.91,4.693548,4110200
2013-10-22,6.9,6.91,6.89,6.91,4.693548,6123100
2013-10-23,6.91,6.93,6.9,6.91,4.693548,10301900
2013-10-24,6.92,6.93,6.91,6.92,4.700341,5527600
2013-10-25,6.92,6.92,6.9,6.91,4.693548,4071800
2013-10-28,6.91,6.93,6.91,6.91,4.693548,4737900
2013-10-29,6.92,6.92,6.85,6.89,4.679963,13382300
2013-10-30,6.93,6.94,6.89,6.9,4.686756,10659000
2013-10-31,6.89,6.9,6.87,6.87,4.666378,13766000
2013-11-01,6.82,6.89,6.79,6.86,4.659585,8844900
2013-11-04,6.87,6.92,6.87,6.88,4.673171,7564800
2013-11-06,6.89,6.91,6.84,6.85,4.652794,10492200
2013-11-07,6.84,6.86,6.81,6.86,4.659585,6109400
2013-11-08,6.82,6.87,6.82,6.86,4.659585,8249900
2013-11-11,6.82,6.86,6.82,6.84,4.646002,7197300
2013-11-12,6.84,6.85,6.76,6.85,4.652794,10180500
2013-11-13,6.82,6.85,6.81,6.83,4.639209,12148800
2013-11-14,6.81,6.84,6.8,6.84,4.646002,8458900
2013-11-15,6.83,6.84,6.81,6.82,4.632417,4951600
2013-11-18,6.83,6.84,6.77,6.77,4.598454,11848400
2013-11-19,6.79,6.79,6.76,6.77,4.598454,12902800
2013-11-20,6.76,6.78,6.67,6.73,4.571285,12733500
2013-11-21,6.66,6.73,6.66,6.7,4.550908,11679100
2013-11-22,6.67,6.72,6.67,6.71,4.5577,7006300
2013-11-25,6.71,6.75,6.7,6.73,4.571285,12265200
2013-11-26,6.73,6.74,6.7,6.73,4.571285,9193200
2013-11-27,6.67,6.73,6.66,6.66,4.523739,13691500
2013-11-28,6.66,6.72,6.66,6.7,4.550908,7628300
2013-11-29,6.7,6.73,6.7,6.72,4.564493,10717100
2013-12-02,6.75,6.75,6.69,6.73,4.571285,12410600
2013-12-03,6.65,6.73,6.65,6.72,4.564493,9464100
2013-12-04,6.72,6.73,6.68,6.72,4.564493,6599900
2013-12-05,6.72,6.73,6.7,6.72,4.564493,12039500
2013-12-06,6.7,6.74,6.69,6.73,4.571285,6788700
2013-12-09,6.69,6.74,6.69,6.73,4.571285,5373200
2013-12-10,6.7,6.75,6.7,6.74,4.578078,4397800
2013-12-11,6.7,6.75,6.7,6.74,4.578078,6758900
2013-12-12,6.7,6.74,6.7,6.73,4.571285,3716300
2013-12-13,6.72,6.77,6.71,6.75,4.584869,3983700
2013-12-16,6.77,6.79,6.75,6.75,4.584869,2235300
2013-12-17,6.74,6.88,6.74,6.87,4.666378,6971300
2013-12-18,6.84,6.87,6.77,6.8,4.618832,3084600
2013-12-19,6.8,6.83,6.75,6.79,4.61204,11678500
2013-12-20,6.79,6.8,6.72,6.73,4.571285,5614400
2013-12-23,6.78,6.8,6.71,6.75,4.584869,1251900
2013-12-24,6.75,6.76,6.71,6.75,4.584869,4612100
2013-12-26,6.71,6.8,6.71,6.78,4.605247,1489500
2013-12-27,6.8,6.9,6.79,6.9,4.686756,2139800
2013-12-30,6.9,6.9,6.84,6.9,4.686756,5420500
2013-12-31,6.91,7,6.87,6.9,4.686756,6503500
2014-01-02,6.92,6.94,6.84,6.92,4.700341,4566100
2014-01-03,6.88,6.88,6.8,6.8,4.618832,4261800
2014-01-06,6.8,6.81,6.77,6.8,4.618832,10519600
2014-01-07,6.8,6.8,6.76,6.79,4.61204,6166400
2014-01-08,6.79,6.79,6.76,6.77,4.598454,4393300
2014-01-09,6.77,6.77,6.73,6.76,4.591663,8316900
2014-01-10,6.72,6.77,6.69,6.75,4.584869,11250400
2014-01-13,6.75,6.76,6.74,6.74,4.578078,7048300
2014-01-15,6.7,6.74,6.66,6.73,4.571285,8806100
2014-01-16,6.73,6.74,6.63,6.64,4.510154,5088800
2014-01-20,6.6,6.7,6.58,6.64,4.510154,9024500
2014-01-21,6.63,6.66,6.6,6.64,4.510154,12486600
2014-01-22,6.64,6.66,6.51,6.61,4.489776,12690400
2014-01-23,6.6,6.61,6.53,6.53,4.435437,10732500
2014-01-24,6.56,6.61,6.53,6.57,4.462606,11226500
2014-01-27,6.56,6.69,6.5,6.57,4.462606,13147700
2014-01-28,6.57,6.59,6.52,6.56,4.455815,7875500
2014-01-29,6.52,6.56,6.52,6.54,4.442229,11512400
2014-01-30,6.5,6.6,6.48,6.56,4.455815,8195400
2014-02-03,6.56,6.56,6.56,6.56,4.455815,0
2014-02-04,6.53,6.56,6.48,6.55,4.449022,14400200
2014-02-05,6.55,6.57,6.48,6.5,4.415059,10745000
2014-02-06,6.5,6.55,6.49,6.5,4.415059,14336500
2014-02-07,6.5,6.51,6.48,6.49,4.408267,12603300
2014-02-10,6.52,6.59,6.48,6.55,4.449022,15158000
2014-02-11,6.52,6.56,6.5,6.56,4.455815,9898900
2014-02-12,6.55,6.56,6.54,6.55,4.449022,12098900
2014-02-13,6.55,6.59,6.55,6.55,4.449022,10205600
2014-02-14,6.53,6.59,6.53,6.55,4.449022,5168500
2014-02-17,6.51,6.59,6.51,6.54,4.442229,14200400
2014-02-18,6.57,6.57,6.51,6.54,4.442229,14659100
2014-02-19,6.55,6.57,6.53,6.54,4.442229,12871700
2014-02-20,6.54,6.55,6.52,6.53,4.435437,15412300
2014-02-21,6.53,6.56,6.53,6.55,4.449022,18549000
2014-02-24,6.51,6.56,6.51,6.53,4.435437,9274000
2014-02-25,6.53,6.56,6.52,6.55,4.449022,8693400
2014-02-26,6.53,6.56,6.52,6.55,4.449022,11280500
2014-02-27,6.55,6.57,6.53,6.55,4.449022,11349100
2014-02-28,6.55,6.56,6.54,6.55,4.449022,6179300
2014-03-03,6.53,6.57,6.5,6.57,4.462606,13021800
2014-03-04,6.53,6.58,6.53,6.55,4.449022,11430000
2014-03-05,6.58,6.58,6.53,6.54,4.442229,9708900
2014-03-06,6.55,6.58,6.53,6.55,4.449022,10241000
2014-03-07,6.55,6.56,6.48,6.49,4.408267,8772100
2014-03-10,6.48,6.49,6.38,6.48,4.401474,15318600
2014-03-11,6.45,6.5,6.45,6.45,4.381098,13463000
2014-03-12,6.48,6.48,6.41,6.48,4.401474,14319100
2014-03-13,6.48,6.5,6.48,6.48,4.401474,7631300
2014-03-14,6.49,6.49,6.44,6.44,4.374305,12736500
2014-03-17,6.43,6.5,6.38,6.5,4.415059,10331000
2014-03-18,6.5,6.51,6.47,6.51,4.421853,10599600
2014-03-19,6.5,6.51,6.48,6.49,4.408267,9243800
2014-03-20,6.51,6.54,6.48,6.52,4.428644,9943200
2014-03-21,6.54,6.54,6.48,6.52,4.428644,13563800
2014-03-24,6.53,6.59,6.47,6.58,4.469398,9727600
2014-03-25,6.52,6.61,6.52,6.61,4.489776,4094700
2014-03-26,6.59,6.64,6.59,6.6,4.482984,5840700
2014-03-27,6.61,6.63,6.6,6.62,4.496569,6808600
2014-03-28,6.62,6.68,6.61,6.66,4.523739,5982000
2014-03-31,6.66,6.67,6.66,6.67,4.53053,6217500
2014-04-01,6.67,6.74,6.66,6.74,4.578078,10462700
2014-04-02,6.74,6.74,6.71,6.73,4.571285,11441400
2014-04-03,6.72,6.72,6.7,6.71,4.5577,7850700
2014-04-04,6.71,6.74,6.67,6.73,4.571285,6060800
2014-04-07,6.71,6.74,6.68,6.69,4.544115,6759800
2014-04-08,6.68,6.72,6.63,6.63,4.503361,4535700
2014-04-09,6.59,6.64,6.59,6.62,4.496569,5063700
2014-04-10,6.65,6.71,6.65,6.67,4.53053,8162800
2014-04-11,6.67,6.68,6.58,6.66,4.523739,8410700
2014-04-14,6.65,6.65,6.59,6.59,4.47619,6797700
2014-04-15,6.5,6.61,6.5,6.6,4.482984,11766300
2014-04-16,6.6,6.61,6.59,6.61,4.489776,7853600
2014-04-17,6.6,6.61,6.57,6.59,4.47619,6601500
2014-04-18,6.59,6.6,6.55,6.57,4.462606,4540500
2014-04-21,6.56,6.62,6.56,6.6,4.482984,2527800
2014-04-22,6.6,6.62,6.6,6.61,4.489776,7641000
2014-04-23,6.62,6.64,6.61,6.63,4.503361,13817900
2014-04-24,6.64,6.67,6.63,6.65,4.516946,12645700
2014-04-25,6.64,6.65,6.63,6.65,4.516946,12071700
2014-04-28,6.65,6.67,6.64,6.67,4.53053,6325700
2014-04-29,6.65,6.68,6.65,6.68,4.537323,7502400
2014-04-30,6.68,6.74,6.68,6.73,4.571285,10393800
2014-05-02,6.75,6.75,6.71,6.73,4.571285,6979500
2014-05-05,6.69,6.73,6.69,6.72,4.564493,5026200
2014-05-06,6.72,6.73,6.71,6.73,4.571285,5462300
2014-05-07,6.74,6.75,6.67,6.74,4.578078,6872100
2014-05-08,6.74,6.83,6.74,6.8,4.618832,12939400
2014-05-09,6.82,6.91,6.8,6.88,4.673171,10023700
2014-05-12,6.88,6.89,6.86,6.87,4.666378,5069100
2014-05-14,6.83,6.99,6.83,6.96,4.727509,10506500
2014-05-15,6.95,7.01,6.95,6.99,4.747888,15969300
2014-05-16,6.93,7,6.93,7,4.754681,12048500
2014-05-19,7,7.01,6.98,7,4.754681,10071600
2014-05-20,6.94,7,6.91,6.95,4.720717,9230100
2014-05-21,7,7,6.9,6.93,4.707132,7879000
2014-05-22,6.94,6.95,6.91,6.93,4.707132,11302400
2014-05-23,6.93,6.95,6.89,6.92,4.700341,7876500
2014-05-26,6.93,6.93,6.86,6.89,4.679963,7105300
2014-05-27,6.89,6.93,6.88,6.89,4.679963,7481900
2014-05-28,6.9,6.91,6.75,6.82,4.632417,10789200
2014-05-29,6.82,6.94,6.81,6.9,4.686756,13223100
2014-05-30,6.91,6.98,6.89,6.93,4.707132,16629700
2014-06-02,6.87,6.87,6.71,6.8,4.714066,5562100
2014-06-03,6.89,6.91,6.75,6.9,4.78339,10262800
2014-06-04,6.9,6.9,6.88,6.89,4.776457,5138500
2014-06-05,6.9,6.91,6.84,6.88,4.769526,6928100
2014-06-06,6.89,6.9,6.81,6.89,4.776457,2503000
2014-06-09,6.9,6.9,6.87,6.89,4.776457,5546200
2014-06-10,6.9,6.92,6.83,6.91,4.790323,12924200
2014-06-11,6.9,6.9,6.89,6.9,4.78339,8438200
2014-06-12,6.9,6.91,6.89,6.9,4.78339,5014500
2014-06-13,6.88,6.9,6.87,6.89,4.776457,6315200
2014-06-16,6.88,6.9,6.82,6.87,4.762593,5783800
2014-06-17,6.89,6.9,6.86,6.88,4.769526,11231800
2014-06-18,6.85,6.89,6.85,6.87,4.762593,10835500
2014-06-19,6.88,6.9,6.87,6.89,4.776457,17617300
2014-06-20,6.89,6.91,6.88,6.9,4.78339,13230500
2014-06-23,6.85,6.95,6.84,6.95,4.818052,15837300
2014-06-24,6.95,7,6.92,6.99,4.845782,11136800
2014-06-25,6.92,7,6.92,6.99,4.845782,9072700
2014-06-26,6.98,6.99,6.96,6.98,4.83885,15293600
2014-06-27,6.98,6.99,6.94,6.97,4.831916,9310900
2014-06-30,6.96,6.99,6.96,6.97,4.831916,7564900
2014-07-01,6.96,6.97,6.9,6.9,4.78339,6672000
2014-07-02,6.84,6.95,6.84,6.95,4.818052,7421500
2014-07-03,6.92,6.95,6.91,6.93,4.804187,11932700
2014-07-04,6.93,6.95,6.92,6.92,4.797255,8174200
2014-07-07,6.92,6.95,6.89,6.89,4.776457,10219500
2014-07-08,6.86,6.9,6.86,6.89,4.776457,11760300
2014-07-09,6.89,6.9,6.88,6.89,4.776457,5227100
2014-07-10,6.9,6.9,6.88,6.9,4.78339,6929400
2014-07-11,6.9,6.91,6.87,6.89,4.776457,4947100
2014-07-14,6.9,6.95,6.9,6.91,4.790323,5364400
2014-07-16,6.91,6.95,6.89,6.95,4.818052,11230400
2014-07-17,6.95,6.95,6.92,6.94,4.81112,4729100
2014-07-18,6.91,6.92,6.86,6.9,4.78339,5702100
2014-07-21,6.86,6.9,6.85,6.87,4.762593,7822000
2014-07-22,6.87,6.9,6.86,6.89,4.776457,5898100
2014-07-23,6.85,6.9,6.85,6.89,4.776457,4272800
2014-07-24,6.85,6.89,6.81,6.85,4.748728,7135800
2014-07-25,6.89,6.94,6.82,6.89,4.776457,3302300
2014-07-30,6.93,6.95,6.9,6.94,4.81112,8057100
2014-07-31,6.92,6.97,6.92,6.96,4.824985,12200500
2014-08-01,6.91,6.96,6.88,6.94,4.81112,5852300
2014-08-04,6.94,6.96,6.93,6.94,4.81112,6132700
2014-08-05,6.94,6.97,6.94,6.97,4.831916,7209100
2014-08-06,6.88,6.98,6.88,6.95,4.818052,8302200
2014-08-07,6.95,6.96,6.9,6.96,4.824985,7680900
2014-08-08,6.95,6.97,6.9,6.94,4.81112,10163300
2014-08-11,6.95,6.96,6.88,6.96,4.824985,6332200
2014-08-12,6.96,6.97,6.9,6.97,4.831916,6530100
2014-08-13,6.97,6.98,6.92,6.95,4.818052,13568500
2014-08-14,6.88,6.97,6.88,6.97,4.831916,14710800
2014-08-15,6.95,6.96,6.94,6.95,4.818052,9270300
2014-08-18,6.9,6.98,6.9,6.96,4.824985,12140100
2014-08-19,6.91,6.96,6.91,6.95,4.818052,12741400
2014-08-20,6.95,6.96,6.94,6.96,4.824985,9733800
2014-08-21,6.96,6.96,6.92,6.95,4.818052,7017600
2014-08-22,6.95,6.96,6.93,6.95,4.818052,17233400
2014-08-25,6.96,6.96,6.93,6.95,4.818052,3946000
2014-08-26,6.95,6.98,6.94,6.95,4.818052,10490300
2014-08-27,6.95,6.98,6.92,6.94,4.81112,8343400
2014-08-28,6.95,6.96,6.87,6.95,4.818052,8004400
2014-08-29,6.95,6.96,6.9,6.93,4.804187,10382800
2014-09-02,6.93,6.96,6.92,6.94,4.81112,17743400
2014-09-03,6.94,6.95,6.92,6.94,4.81112,14904600
2014-09-04,6.94,6.94,6.92,6.92,4.797255,9515500
2014-09-05,6.92,6.93,6.9,6.92,4.797255,19854400
2014-09-08,6.91,6.95,6.91,6.94,4.81112,9776500
2014-09-09,6.92,6.94,6.91,6.94,4.81112,11456000
2014-09-10,6.93,6.96,6.93,6.95,4.818052,7265800
2014-09-11,6.94,6.96,6.9,6.95,4.818052,12163000
2014-09-12,6.95,6.99,6.93,6.99,4.845782,13929200
2014-09-15,6.97,6.99,6.92,6.99,4.845782,11619100
2014-09-17,6.98,7,6.94,6.96,4.824985,29396900
2014-09-18,6.96,6.97,6.96,6.96,4.824985,11590300
2014-09-19,6.96,6.98,6.95,6.97,4.831916,12403000
2014-09-22,7,7,6.96,6.96,4.824985,7605200
2014-09-23,6.95,6.97,6.95,6.96,4.824985,15919900
2014-09-24,7,7,6.96,6.97,4.831916,3975800
2014-09-25,6.97,6.99,6.97,6.99,4.845782,6871400
2014-09-26,6.98,6.99,6.95,6.98,4.83885,6576100
2014-09-29,6.99,7.05,6.98,6.99,4.845782,11830800
2014-09-30,7,7.09,6.99,7,4.852715,17584700
2014-10-01,7,7.03,7,7.01,4.859646,22288400
2014-10-02,7.01,7.01,6.99,7,4.852715,15899600
2014-10-03,7.01,7.07,6.99,7.07,4.901242,7018800
2014-10-07,7.07,7.17,7.04,7.06,4.950324,17135100
2014-10-08,7.06,7.08,7.02,7.03,4.929289,8515300
2014-10-09,7.01,7.08,7.01,7.04,4.9363,21288600
2014-10-10,7.05,7.09,7,7.07,4.957337,5708200
2014-10-13,7.02,7.17,7.02,7.07,4.957337,8120700
2014-10-14,7.03,7.07,7.03,7.05,4.943313,15275400
2014-10-15,7.07,7.12,7.03,7.07,4.957337,9279600
2014-10-16,7.08,7.09,6.82,6.93,4.85917,11029500
2014-10-17,6.88,7.04,6.87,7.03,4.929289,5791800
2014-10-20,7.03,7.09,7.03,7.04,4.9363,5465400
2014-10-21,7.02,7.08,7.01,7.04,4.9363,8658100
2014-10-22,7.04,7.04,7.04,7.04,4.9363,0
2014-10-24,7.08,7.12,7.04,7.05,4.943313,3435000
2014-10-27,7.02,7.15,7.01,7.08,4.964348,5929300
2014-10-28,7.05,7.12,7,7.09,4.97136,13528100
2014-10-29,7.13,7.13,7.06,7.08,4.964348,21520600
2014-10-30,7.08,7.08,7.06,7.07,4.957337,6026800
2014-10-31,7.04,7.1,7.03,7.05,4.943313,10538300
2014-11-03,7.01,7.11,7.01,7.08,4.964348,3443800
2014-11-04,7.08,7.12,7.06,7.07,4.957337,6309800
2014-11-05,7.07,7.09,7.05,7.07,4.957337,5892600
2014-11-06,7.05,7.06,6.97,6.99,4.901242,10393600
2014-11-07,6.99,7.05,6.96,6.96,4.880206,8993900
2014-11-10,6.91,7.03,6.91,7,4.908254,3494800
2014-11-11,7.03,7.04,6.94,7.03,4.929289,3451700
2014-11-12,6.97,7.07,6.97,7.05,4.943313,3936600
2014-11-13,7.02,7.07,7.01,7.05,4.943313,2898400
2014-11-14,7.04,7.06,7.01,7.05,4.943313,8318100
2014-11-17,7.06,7.07,7.01,7.01,4.915266,4833500
2014-11-18,7.05,7.24,7.05,7.2,5.048489,12310400
2014-11-19,7.2,7.29,7.19,7.27,5.097572,11257600
2014-11-20,7.27,7.27,7.14,7.2,5.048489,6476600
2014-11-21,7.2,7.21,7.06,7.1,4.97837,9039200
2014-11-24,7.18,7.27,7.08,7.19,5.041478,21441900
2014-11-25,7.2,7.22,7.19,7.19,5.041478,25483000
2014-11-26,7.2,7.24,7.16,7.19,5.041478,9646700
2014-11-27,7.17,7.21,7.1,7.12,4.992394,8702100
2014-11-28,7.11,7.12,6.98,7.06,4.950324,8979700
2014-12-01,7.11,7.11,6.84,7,4.908254,9332100
2014-12-02,7,7.01,6.87,6.95,4.873195,9200900
2014-12-03,6.98,7,6.91,6.94,4.866182,10701600
2014-12-04,6.9,6.96,6.74,6.79,4.761006,20720800
2014-12-05,6.8,6.8,6.75,6.79,4.761006,8159700
2014-12-08,6.78,6.78,6.6,6.65,4.662841,14841200
2014-12-09,6.65,6.67,6.61,6.62,4.641805,16012300
2014-12-10,6.62,6.96,6.62,6.92,4.852159,9851700
2014-12-11,6.76,7.03,6.76,6.98,4.89423,8193900
2014-12-12,6.99,7.08,6.9,6.95,4.873195,4931300
2014-12-15,6.88,6.92,6.8,6.88,4.824111,11276400
2014-12-16,6.85,6.91,6.81,6.82,4.782041,9732300
2014-12-17,6.8,6.92,6.78,6.8,4.768017,9609700
2014-12-18,6.81,6.93,6.81,6.9,4.838134,8603300
2014-12-19,6.94,6.98,6.85,6.98,4.89423,22430000
2014-12-22,6.98,7,6.86,7,4.908254,6715600
2014-12-23,7,7.1,6.97,6.97,4.887217,8316400
2014-12-24,7,7.02,6.94,6.99,4.901242,7328600
2014-12-26,7,7.02,6.98,7,4.908254,4163800
2014-12-29,6.93,7.02,6.93,7.01,4.915266,5181500
2014-12-30,7.01,7.1,7.01,7.07,4.957337,5424400
2014-12-31,7,7.1,7,7.05,4.943313,5799500
2015-01-02,7.02,7.04,6.97,7.02,4.922276,4658000
2015-01-05,7.02,7.03,6.95,7,4.908254,5652000
2015-01-06,7,7,6.88,6.94,4.866182,7493300
2015-01-07,6.91,6.95,6.9,6.93,4.85917,7349400
2015-01-08,6.93,6.97,6.91,6.93,4.85917,5687500
2015-01-09,6.92,6.99,6.91,6.95,4.873195,7496900
2015-01-12,6.96,7.05,6.94,7.05,4.943313,4394600
2015-01-13,6.98,7.01,6.95,6.98,4.89423,6113300
2015-01-14,6.98,7.02,6.97,7.01,4.915266,10245800
2015-01-15,7,7.05,6.99,7.02,4.922276,11561400
2015-01-16,7.02,7.02,6.97,7,4.908254,7467900
2015-01-19,7.01,7.01,6.97,7.01,4.915266,6435800
2015-01-20,7,7.01,6.96,6.99,4.901242,7250300
2015-01-21,6.99,7.05,6.99,7.05,4.943313,13499600
2015-01-22,7.03,7.26,7.03,7.15,5.013431,9928800
2015-01-23,7.16,7.24,7.16,7.21,5.055501,8981800
2015-01-26,7.2,7.24,7.18,7.22,5.062513,10669100
2015-01-27,7.14,7.25,7.14,7.2,5.048489,10333300
2015-01-28,7.12,7.2,7.12,7.14,5.006418,5820800
2015-01-29,7.15,7.25,7.05,7.22,5.062513,17983800
2015-01-30,7.2,7.22,7.16,7.2,5.048489,15385100
2015-02-04,7.25,7.27,7.16,7.17,5.027454,12463400
2015-02-05,7.16,7.23,7.15,7.17,5.027454,12236800
2015-02-06,7.18,7.2,7.13,7.17,5.027454,11365900
2015-02-09,7.17,7.2,7.06,7.17,5.027454,9018700
2015-02-10,7.12,7.16,7.1,7.1,4.97837,11243200
2015-02-11,7.15,7.15,7.05,7.07,4.957337,10412100
2015-02-12,7.11,7.11,6.98,7.05,4.943313,5136200
2015-02-13,7.1,7.1,7.02,7.05,4.943313,6147400
2015-02-16,7.02,7.12,7.02,7.07,4.957337,5653100
2015-02-17,7.05,7.1,6.99,7.03,4.929289,4145600
2015-02-18,7.07,7.2,7.07,7.1,4.97837,5278800
2015-02-23,7.1,7.14,7.1,7.13,4.999407,7461800
2015-02-24,7.12,7.14,7.07,7.12,4.992394,9268200
2015-02-25,7.14,7.25,7.13,7.17,5.027454,8268500
2015-02-26,7.21,7.22,7.15,7.17,5.027454,7235800
2015-02-27,7.17,7.19,7.13,7.16,5.020441,7094400
2015-03-02,7.15,7.18,7.07,7.1,4.97837,5292200
2015-03-03,7.1,7.11,7.08,7.1,4.97837,16538600
2015-03-04,7.11,7.17,7.08,7.13,4.999407,10208600
2015-03-05,7.1,7.14,7.09,7.13,4.999407,10902200
2015-03-06,7.14,7.16,7.1,7.13,4.999407,11584200
2015-03-09,7.06,7.16,7,7.16,5.020441,9015000
2015-03-10,7.15,7.15,7.04,7.11,4.985383,11361500
2015-03-11,7.05,7.11,6.98,6.98,4.89423,13109700
2015-03-12,7.02,7.09,7.01,7.09,4.97136,12698600
2015-03-13,7.05,7.1,7.03,7.03,4.929289,5327200
2015-03-16,7.07,7.08,7.02,7.03,4.929289,9432200
2015-03-17,7.02,7.04,7.01,7.03,4.929289,5825400
2015-03-18,7.04,7.04,7,7.02,4.922276,8735800
2015-03-19,7,7.06,7,7.05,4.943313,5261200
2015-03-20,7,7.05,7,7.04,4.9363,8849900
2015-03-23,7.04,7.08,6.98,7.05,4.943313,7128900
2015-03-24,7.01,7.09,7.01,7.07,4.957337,9430600
2015-03-25,7.05,7.09,7.02,7.06,4.950324,5995700
2015-03-26,7.06,7.09,7.03,7.07,4.957337,8602600
2015-03-27,7.05,7.07,7.01,7.06,4.950324,6678200
2015-03-30,7.06,7.1,7.04,7.09,4.97136,4956800
2015-03-31,7.12,7.14,7.08,7.08,4.964348,12210500
2015-04-01,7.04,7.08,7.03,7.06,4.950324,7789500
2015-04-02,7.04,7.08,7.04,7.06,4.950324,11018700
2015-04-03,7.04,7.09,7.04,7.07,4.957337,6110900
2015-04-06,7.08,7.09,7.07,7.07,4.957337,8551400
2015-04-07,7.05,7.12,7.03,7.07,4.957337,13573200
2015-04-08,7.06,7.07,7.04,7.06,4.950324,12923700
2015-04-09,7.07,7.08,7.04,7.06,4.950324,13961800
2015-04-10,7.05,7.05,6.98,7,4.908254,10284400
2015-04-13,6.98,7.01,6.94,6.97,4.887217,5716600
2015-04-14,6.97,7.03,6.97,7.02,4.922276,10624900
2015-04-15,7,7.05,7,7.04,4.9363,15252800
2015-04-16,7.03,7.04,6.98,7.02,4.922276,10135800
2015-04-17,7.02,7.03,6.99,7.02,4.922276,10924500
2015-04-20,7,7.02,6.98,7.01,4.915266,5493800
2015-04-21,7.01,7.03,7.01,7.02,4.922276,11432600
2015-04-22,7.02,7.03,6.98,6.98,4.89423,11852700
2015-04-23,6.99,7,6.97,6.98,4.89423,7824700
2015-04-24,7,7,6.95,6.99,4.901242,6084500
2015-04-27,6.96,6.99,6.89,6.95,4.873195,13972400
2015-04-28,6.95,6.95,6.83,6.9,4.838134,11264700
2015-04-29,6.86,6.87,6.81,6.83,4.789052,9922300
2015-04-30,6.8,6.83,6.74,6.74,4.725947,11491000
2015-05-05,6.8,6.83,6.74,6.8,4.768017,12955800
2015-05-06,6.75,6.77,6.73,6.75,4.732959,13238000
2015-05-07,6.7,6.71,6.64,6.68,4.683876,13751200
2015-05-08,6.66,6.69,6.58,6.62,4.641805,10791400
2015-05-11,6.69,6.76,6.65,6.74,4.725947,7521400
2015-05-12,6.71,6.77,6.67,6.76,4.739971,5903400
2015-05-13,6.76,6.76,6.69,6.73,4.718935,11404800
2015-05-14,6.73,6.79,6.7,6.79,4.761006,7866100
2015-05-15,6.77,6.78,6.74,6.75,4.732959,4877600
2015-05-18,6.75,6.76,6.7,6.75,4.732959,5360800
2015-05-19,6.71,6.76,6.71,6.75,4.732959,6926800
2015-05-20,6.75,6.76,6.69,6.72,4.711924,11535200
2015-05-21,6.73,6.76,6.39,6.55,4.592722,23106400
2015-05-22,6.51,6.6,6.46,6.52,4.571688,11451600
2015-05-25,6.52,6.53,6.44,6.49,4.550652,12414700
2015-05-26,6.48,6.66,6.4,6.6,4.627782,14358200
2015-05-27,6.54,6.61,6.5,6.56,4.599736,21229700
2015-05-28,6.52,6.62,6.52,6.59,4.620769,13920300
2015-05-29,6.56,6.62,6.56,6.58,4.613758,19395200
2015-06-01,6.6,6.61,6.45,6.47,4.536627,10842900
2015-06-02,6.4,6.4,6.29,6.34,4.543797,11760800
2015-06-03,6.34,6.43,6.3,6.36,4.55813,12491800
2015-06-04,6.3,6.35,6.29,6.29,4.507961,11449200
2015-06-05,6.28,6.42,6.27,6.39,4.57963,9600200
2015-06-08,6.38,6.47,6.35,6.47,4.636965,9811000
2015-06-09,6.42,6.47,6.42,6.44,4.615464,10282000
2015-06-10,6.48,6.5,6.42,6.46,4.629798,10651500
2015-06-11,6.47,6.49,6.42,6.42,4.60113,15233200
2015-06-12,6.48,6.48,6.4,6.44,4.615464,2898500
2015-06-15,6.36,6.49,6.36,6.45,4.622631,10976300
2015-06-16,6.48,6.48,6.43,6.47,4.636965,8984900
2015-06-17,6.44,6.49,6.38,6.48,4.644131,10403300
2015-06-18,6.44,6.52,6.44,6.5,4.658465,7337900
2015-06-19,6.45,6.51,6.42,6.5,4.658465,15166400
2015-06-22,6.5,6.55,6.44,6.49,4.651298,9229600
2015-06-23,6.53,6.53,6.49,6.49,4.651298,7917800
2015-06-24,6.41,6.51,6.41,6.48,4.644131,5914500
2015-06-25,6.48,6.5,6.47,6.48,4.644131,8327700
2015-06-26,6.48,6.49,6.41,6.46,4.629798,5548400
2015-06-29,6.46,6.46,6.4,6.43,4.608297,6743300
2015-06-30,6.4,6.4,6.33,6.4,4.586796,6867200
2015-07-01,6.4,6.47,6.4,6.46,4.629798,8755900
2015-07-02,6.45,6.48,6.44,6.46,4.629798,10290200
2015-07-03,6.45,6.46,6.44,6.45,4.622631,5714200
2015-07-06,6.45,6.45,6.32,6.37,4.565295,5689400
2015-07-07,6.35,6.38,6.35,6.38,4.572464,6960100
2015-07-08,6.34,6.34,6.26,6.31,4.522295,6603100
2015-07-09,6.24,6.35,6.22,6.31,4.522295,3909900
2015-07-10,6.3,6.36,6.3,6.31,4.522295,3977900
2015-07-13,6.31,6.31,6.25,6.29,4.507961,5825500
2015-07-14,6.31,6.4,6.31,6.35,4.550962,5420700
2015-07-15,6.39,6.4,6.35,6.38,4.572464,14953000
2015-07-16,6.4,6.45,6.34,6.37,4.565295,2168100
2015-07-20,6.41,6.42,6.33,6.37,4.565295,1663600
2015-07-21,6.37,6.41,6.34,6.38,4.572464,5143500
2015-07-22,6.35,6.4,6.35,6.39,4.57963,2662900
2015-07-23,6.4,6.4,6.36,6.37,4.565295,8311100
2015-07-24,6.34,6.39,6.3,6.36,4.55813,8058000
2015-07-27,6.35,6.39,6.34,6.36,4.55813,9845900
2015-07-28,6.33,6.37,6.3,6.3,4.515127,9992700
2015-07-29,6.28,6.3,6.25,6.3,4.515127,10474000
2015-07-30,6.3,6.31,6.2,6.28,4.500793,7376800
2015-07-31,6.28,6.37,6.28,6.37,4.565295,7109100
2015-08-03,6.34,6.85,6.31,6.85,4.909307,4151600
2015-08-04,6.42,6.49,6.38,6.44,4.615464,5801100
2015-08-05,6.41,6.45,6.38,6.43,4.608297,4714300
2015-08-06,6.39,6.45,6.05,6.14,4.400458,7106000
2015-08-07,6.06,6.11,5.93,6,4.300121,8541600
2015-08-10,6,6,5.92,5.96,4.271453,3755000
2015-08-11,6,6,5.95,5.97,4.278621,2605500
2015-08-12,5.98,6,5.92,5.97,4.278621,6317800
2015-08-13,5.89,6.01,5.85,5.91,4.23562,8840400
2015-08-14,5.9,5.91,5.72,5.81,4.163951,11354500
2015-08-17,5.77,5.77,5.64,5.73,4.106616,6145100
2015-08-18,5.7,5.9,5.59,5.79,4.149618,4380400
2015-08-19,5.93,5.95,5.78,5.78,4.14245,4635000
2015-08-20,5.7,5.86,5.65,5.8,4.156785,4173300
2015-08-21,5.66,5.86,5.64,5.82,4.171118,7003000
2015-08-24,5.66,5.83,5.66,5.8,4.156785,6734000
2015-08-25,5.8,6.15,5.7,6.12,4.386124,13126500
2015-08-26,6.12,6.18,6.07,6.15,4.407624,10787900
2015-08-27,5.97,6.19,5.97,6.14,4.400458,15576200
2015-08-28,6.15,6.2,6.02,6.14,4.400458,10927300
2015-09-01,6.32,6.4,6.01,6.11,4.378956,13643800
2015-09-02,6.11,6.11,5.91,5.91,4.23562,8112900
2015-09-03,5.91,5.97,5.81,5.92,4.242787,6546100
2015-09-04,5.88,5.97,5.88,5.91,4.23562,5180800
2015-09-07,5.91,5.91,5.77,5.86,4.199786,4455500
2015-09-08,5.89,5.91,5.85,5.87,4.206952,6507300
2015-09-09,5.9,5.94,5.85,5.91,4.23562,22194300
2015-09-10,5.88,5.93,5.82,5.93,4.249954,9833000
2015-09-11,5.92,5.98,5.85,5.9,4.228453,7067400
2015-09-14,5.88,6.08,5.88,6.06,4.343123,16399600
2015-09-15,6.07,6.19,6.07,6.14,4.400458,13726700
2015-09-17,6.18,6.34,6.14,6.29,4.507961,20498200
2015-09-18,6.29,6.29,6.18,6.24,4.472127,10272100
2015-09-21,6.24,6.24,6.09,6.14,4.400458,6693300
2015-09-22,6.12,6.14,6.03,6.06,4.343123,9426300
2015-09-23,6,6,5.89,5.9,4.228453,13211700
2015-09-25,5.73,5.95,5.71,5.9,4.228453,15507400
2015-09-28,5.78,5.85,5.74,5.79,4.206656,7221900
2015-09-29,5.74,5.78,5.67,5.71,4.148534,10592900
2015-09-30,5.7,5.8,5.69,5.8,4.213922,12535200
2015-10-01,5.8,5.81,5.76,5.78,4.199392,13173300
2015-10-02,5.8,5.8,5.72,5.8,4.213922,8585600
2015-10-05,5.8,6.02,5.78,5.97,4.337433,16792800
2015-10-06,6.01,6.04,5.97,6,4.35923,20718200
2015-10-07,6,6.12,5.95,6,4.35923,19210200
2015-10-08,6.02,6.34,6.02,6.21,4.511803,18047600
2015-10-09,6.26,6.53,6.25,6.38,4.635314,20039200
2015-10-12,6.38,6.44,6.28,6.38,4.635314,6173000
2015-10-13,6.38,6.44,6.25,6.38,4.635314,7650800
2015-10-15,6.39,6.5,6.34,6.45,4.686173,7214900
2015-10-16,6.46,6.46,6.35,6.4,4.649845,6056300
2015-10-19,6.4,6.5,6.32,6.4,4.649845,3547300
2015-10-20,6.33,6.41,6.33,6.38,4.635314,3269500
2015-10-21,6.32,6.37,6.29,6.35,4.613518,5267500
2015-10-22,6.32,6.4,6.32,6.34,4.606254,6480800
2015-10-23,6.34,6.39,6.33,6.34,4.606254,2306700
2015-10-26,6.35,6.38,6.28,6.32,4.591723,4551400
2015-10-27,6.27,6.32,6.27,6.27,4.555395,7585400
2015-10-28,6.25,6.29,6.14,6.15,4.468211,8607600
2015-10-29,6.14,6.18,6.08,6.16,4.475477,10317300
2015-10-30,6.2,6.2,6.1,6.17,4.482742,4890800
2015-11-02,6.15,6.18,6.11,6.13,4.45368,6169200
2015-11-03,6.11,6.18,6.11,6.14,4.460945,6955400
2015-11-04,6.24,6.26,6.11,6.14,4.460945,9705700
2015-11-05,6.14,6.19,6.1,6.15,4.468211,8884800
2015-11-06,6.14,6.18,6.11,6.16,4.475477,6880300
2015-11-09,6.17,6.2,6.12,6.17,4.482742,6090800
2015-11-11,6.15,6.15,6.02,6.08,4.417353,11021500
2015-11-12,6.08,6.14,6.05,6.08,4.417353,4076500
2015-11-13,6.08,6.13,6.05,6.1,4.431883,10521400
2015-11-16,6.06,6.11,6.02,6.08,4.417353,7349200
2015-11-17,6.1,6.23,6.1,6.18,4.490007,7564400
2015-11-18,6.11,6.18,6.11,6.04,4.388291,4908800
2015-11-19,6.1,6.25,6.1,6.16,4.475477,7336100
2015-11-20,6.15,6.19,6.15,6.16,4.475477,6124100
2015-11-23,6.15,6.2,6.12,6.13,4.45368,4679200
2015-11-24,6.13,6.25,6.13,6.2,4.504537,7510000
2015-11-25,6.13,6.21,6.13,6.18,4.490007,10380100
2015-11-26,6.16,6.21,6.13,6.16,4.475477,7924800
2015-11-27,6.18,6.18,6.1,6.14,4.460945,5218600
2015-11-30,6.15,6.16,6.03,6.13,4.45368,14107100
2015-12-01,6.13,6.13,6.05,6.12,4.446414,15673900
2015-12-02,6.14,6.15,6.09,6.1,4.431883,10059200
2015-12-03,6.05,6.11,6.05,6.1,4.431883,6543100
2015-12-04,6.05,6.11,6.05,6.1,4.431883,5327600
2015-12-07,6.07,6.11,6.05,6.09,4.424618,6877300
2015-12-08,6.06,6.1,6.06,6.09,4.424618,4629700
2015-12-09,6.1,6.1,6.04,6.04,4.388291,5800000
2015-12-10,6.03,6.07,6.03,6.06,4.402822,9589900
2015-12-11,6.03,6.09,6,6.08,4.417353,9022900
2015-12-14,6,6.04,5.97,5.98,4.344699,4530000
2015-12-15,5.98,6.04,5.95,6,4.35923,5719700
2015-12-16,6.04,6.1,6.02,6.06,4.402822,7294200
2015-12-17,6.1,6.17,6.08,6.14,4.460945,11470500
2015-12-18,6.11,6.14,5.99,5.99,4.351964,11661100
2015-12-21,5.98,5.99,5.96,5.98,4.344699,54900
2015-12-22,5.96,6.25,5.91,6.2,4.504537,15101800
2015-12-23,6.22,6.35,6.18,6.3,4.577191,11860500
2015-12-28,6.28,6.34,6.28,6.32,4.591723,9769600
2015-12-29,6.33,6.4,6.32,6.39,4.642581,13054100
2015-12-30,6.39,6.45,6.39,6.41,4.657112,8722600
2015-12-31,6.41,6.48,6.39,6.41,4.657112,7930500
2016-01-04,6.4,6.41,6.3,6.3,4.577191,8986600
2016-01-05,6.29,6.35,6.23,6.34,4.606254,12549700
2016-01-06,6.33,6.35,6.25,6.27,4.555395,13107400
2016-01-07,6.31,6.34,6.25,6.28,4.56266,8921500
2016-01-08,6.28,6.33,6.2,6.26,4.548131,8165200
2016-01-11,6.31,6.31,6.16,6.16,4.475477,9478800
2016-01-12,6.2,6.27,6.16,6.18,4.490007,14280900
2016-01-13,6.18,6.2,6.14,6.14,4.460945,9636000
2016-01-14,6.14,6.18,6.08,6.14,4.460945,8913100
2016-01-15,6.17,6.18,6.12,6.13,4.45368,8206800
2016-01-18,6.1,6.15,6.09,6.14,4.460945,6221300
2016-01-19,6.14,6.15,6.12,6.13,4.45368,6848000
2016-01-20,6.11,6.18,6.11,6.14,4.460945,11591700
2016-01-21,6.15,6.15,6.1,6.14,4.460945,5886000
2016-01-22,6.15,6.19,6.13,6.14,4.460945,7990500
2016-01-26,6.14,6.14,6,6.08,4.417353,12227600
2016-01-27,6.06,6.18,6.06,6.11,4.439149,6077400
2016-01-28,6.11,6.14,5.48,5.59,4.06135,35230600
2016-01-29,5.61,5.64,5.27,5.61,4.07588,41973200
2016-02-02,5.65,5.9,5.64,5.81,4.221188,28108200
2016-02-03,5.74,5.78,5.69,5.72,4.155799,13313600
2016-02-04,5.74,5.87,5.7,5.85,4.250249,16552500
2016-02-05,5.86,5.9,5.83,5.89,4.279311,13494800
2016-02-08,5.89,5.89,5.89,5.89,4.279311,0
2016-02-09,5.89,5.89,5.89,5.89,4.279311,0
2016-02-10,5.78,5.8,5.66,5.68,4.126737,13495000
2016-02-11,5.68,5.68,5.57,5.59,4.06135,15511600
2016-02-12,5.59,5.62,5.57,5.6,4.068615,14876300
2016-02-15,5.63,5.67,5.59,5.63,4.090412,12841000
2016-02-16,5.64,5.84,5.64,5.8,4.213922,8988100
2016-02-17,5.8,5.95,5.75,5.9,4.286577,8158000
2016-02-18,5.9,6,5.88,6,4.35923,8198100
2016-02-19,6,6.08,5.98,6,4.35923,6871500
2016-02-22,5.98,6.03,5.95,6,4.35923,6230000
2016-02-23,5.97,6.03,5.97,5.99,4.351964,5478800
2016-02-24,5.94,5.98,5.91,5.91,4.293842,5036600
2016-02-25,5.91,6,5.89,5.98,4.344699,6173500
2016-02-26,5.99,6,5.76,5.8,4.213922,5687700
2016-02-29,5.85,6.02,5.84,5.92,4.301107,9679900
2016-03-01,5.91,6,5.91,5.98,4.344699,4338100
2016-03-02,5.95,6.03,5.95,6,4.35923,9351600
2016-03-03,6,6.01,5.97,6,4.35923,8261700
2016-03-04,5.96,6.02,5.96,6,4.35923,8925200
2016-03-07,6.01,6.01,5.97,6.01,4.366496,10045900
2016-03-08,6.01,6.02,5.86,5.99,4.351964,3793200
2016-03-09,5.88,6,5.87,6,4.35923,4177500
2016-03-10,6,6,5.96,6,4.35923,6331000
2016-03-11,5.96,5.99,5.95,5.98,4.344699,3083600
2016-03-14,5.95,6,5.88,6,4.35923,4693700
2016-03-15,6,6,5.86,5.86,4.257514,4793800
2016-03-16,5.92,5.94,5.83,5.83,4.235719,2757000
2016-03-17,5.84,5.94,5.84,5.9,4.286577,3777300
2016-03-18,5.92,5.95,5.88,5.89,4.279311,8409700
2016-03-21,5.89,5.95,5.88,5.91,4.293842,6771300
2016-03-22,5.94,5.98,5.91,5.91,4.293842,6776400
2016-03-23,5.89,5.94,5.87,5.9,4.286577,6504300
2016-03-24,5.86,5.91,5.84,5.86,4.257514,5242300
2016-03-25,5.84,5.88,5.83,5.87,4.26478,3253600
2016-03-28,5.87,5.88,5.85,5.88,4.272046,3578100
2016-03-29,5.84,5.98,5.84,5.93,4.308372,7539100
2016-03-30,5.95,5.95,5.88,5.9,4.286577,7387900
2016-03-31,5.87,5.91,5.86,5.89,4.279311,12303600
2016-04-01,5.86,5.9,5.86,5.89,4.279311,5438800
2016-04-04,5.85,5.91,5.84,5.89,4.279311,4525400
2016-04-05,5.86,5.89,5.86,5.87,4.26478,4335200
2016-04-06,5.85,5.89,5.84,5.84,4.242983,5331600
2016-04-07,5.84,5.89,5.84,5.87,4.26478,3288900
2016-04-08,5.83,5.87,5.82,5.86,4.257514,3817300
2016-04-11,5.88,5.88,5.79,5.81,4.221188,4331300
2016-04-12,5.78,5.85,5.78,5.85,4.250249,3539900
2016-04-13,5.85,5.91,5.81,5.89,4.279311,4062400
2016-04-14,5.84,5.92,5.84,5.88,4.272046,5612800
2016-04-15,5.89,5.92,5.87,5.9,4.286577,3550600
2016-04-18,5.88,5.91,5.86,5.9,4.286577,5248100
2016-04-19,5.9,5.9,5.82,5.85,4.250249,3084100
2016-04-20,5.9,5.9,5.68,5.85,4.250249,3815100
2016-04-21,5.76,5.91,5.76,5.88,4.272046,2482500
2016-04-22,5.82,5.87,5.81,5.85,4.250249,1726900
2016-04-25,5.81,5.88,5.81,5.86,4.257514,2869900
2016-04-26,5.85,5.89,5.7,5.72,4.155799,5647700
2016-04-27,5.69,5.8,5.56,5.8,4.213922,6450500
2016-04-28,5.71,5.78,5.53,5.56,4.039553,8953400
2016-04-29,5.56,5.65,5.53,5.65,4.104941,6791300
2016-05-03,5.65,5.68,5.59,5.6,4.068615,3555600
2016-05-04,5.58,5.64,5.56,5.57,4.046818,12064600
2016-05-05,5.56,5.58,5.49,5.5,3.995961,11958400
2016-05-06,5.5,5.51,5.45,5.49,3.988696,7212000
2016-05-09,5.49,5.49,5.39,5.4,3.923308,3500900
2016-05-10,5.41,5.43,5.3,5.36,3.894247,3394000
2016-05-11,5.36,5.47,5.26,5.46,3.9669,2736600
2016-05-12,5.4,5.64,5.4,5.53,4.017758,3147300
2016-05-13,5.51,5.58,5.34,5.53,4.017758,2562200
2016-05-16,5.53,5.53,5.36,5.4,3.923308,3900700
2016-05-17,5.39,5.4,5.3,5.37,3.901511,6009200
2016-05-18,5.35,5.42,5.33,5.42,3.937837,5318300
2016-05-19,5.37,5.53,5.32,5.48,3.981429,6740500
2016-05-20,5.49,5.49,5.39,5.41,3.930573,6224300
2016-05-23,5.38,5.44,5.32,5.37,3.901511,5155300
2016-05-24,5.33,5.41,5.32,5.39,3.916042,5669000
2016-05-25,5.43,5.46,5.3,5.4,3.923308,6156500
2016-05-26,5.34,5.45,5.27,5.32,3.865184,8830300
2016-05-27,5.3,5.37,5.28,5.34,3.879715,6601000
2016-05-30,5.34,5.34,5.24,5.24,3.80706,10153400
2016-05-31,5.23,5.26,5.18,5.22,3.79253,27247500
2016-06-01,5.24,5.34,5.22,5.33,3.872449,3783000
2016-06-02,5.33,5.43,5.32,5.4,3.923308,11042900
2016-06-03,5.43,5.51,5.4,5.51,4.003227,3586800
2016-06-06,5.5,5.71,5.49,5.68,4.126737,4783400
2016-06-07,5.51,5.7,5.48,5.67,4.208382,7237300
2016-06-08,5.66,5.66,5.55,5.63,4.178693,7036800
2016-06-09,5.58,5.73,5.58,5.71,4.238071,5734100
2016-06-10,5.7,5.7,5.48,5.6,4.156426,4720100
2016-06-13,5.53,5.53,5.44,5.5,4.082205,3824800
2016-06-14,5.51,5.6,5.4,5.55,4.119315,3239000
2016-06-15,5.51,5.61,5.51,5.59,4.149004,4741200
2016-06-16,5.59,5.61,5.42,5.5,4.082205,6609400
2016-06-17,5.56,5.58,5.48,5.52,4.097049,3172000
2016-06-20,5.52,5.58,5.46,5.58,4.141582,4070300
2016-06-21,5.56,5.56,5.48,5.48,4.067361,4931900
2016-06-23,5.48,5.55,5.45,5.5,4.082205,5311200
2016-06-24,5.5,5.54,5.31,5.5,4.082205,9528300
2016-06-27,5.46,5.54,5.41,5.5,4.082205,2433000
2016-06-28,5.47,5.59,5.47,5.58,4.141582,2104300
2016-06-29,5.52,5.6,5.52,5.6,4.156426,3697900
2016-06-30,5.6,5.72,5.52,5.63,4.178693,5881100
2016-07-01,5.64,5.64,5.51,5.51,4.089627,2207300
2016-07-04,5.54,5.64,5.51,5.6,4.156426,6747200
2016-07-05,5.55,5.65,5.54,5.54,4.111893,984800
2016-07-06,5.54,5.54,5.54,5.54,4.111893,0
2016-07-07,5.54,5.54,5.54,5.54,4.111893,0
2016-07-08,5.52,5.54,5.44,5.5,4.082205,11495700
2016-07-11,5.5,5.54,5.49,5.5,4.082205,6168700
2016-07-12,5.49,5.53,5.44,5.52,4.097049,8476500
2016-07-13,5.49,5.52,5.46,5.5,4.082205,7897400
2016-07-14,5.5,5.5,5.44,5.48,4.067361,6697800
2016-07-15,5.5,5.79,5.44,5.7,4.230649,8952300
2016-07-18,5.68,5.8,5.68,5.8,4.304871,4631200
2016-07-19,5.79,5.8,5.73,5.75,4.267759,9431300
2016-07-20,5.75,5.75,5.66,5.75,4.267759,3243700
2016-07-21,5.68,5.76,5.66,5.69,4.223225,5054900
2016-07-22,5.65,5.75,5.59,5.73,4.252916,5664200
2016-07-25,5.73,5.8,5.72,5.78,4.290027,11972800
2016-07-26,5.78,5.78,5.67,5.75,4.267759,8474700
2016-07-27,5.74,5.75,5.67,5.67,4.208382,8307000
2016-07-28,5.67,5.74,5.63,5.7,4.230649,5768200
2016-07-29,5.66,5.75,5.66,5.69,4.223225,9777200
2016-08-01,5.69,5.76,5.69,5.75,4.267759,6957400
2016-08-02,5.7,5.73,5.68,5.69,4.223225,1246400
2016-08-03,5.65,5.7,5.61,5.65,4.193537,3768100
2016-08-04,5.66,5.7,5.61,5.67,4.208382,3916400
2016-08-05,5.64,5.7,5.64,5.7,4.230649,2635900
2016-08-08,5.7,5.73,5.69,5.7,4.230649,3236200
2016-08-09,5.72,5.72,5.65,5.66,4.20096,3903700
2016-08-10,5.64,5.71,5.64,5.69,4.223225,3674600
2016-08-11,5.67,5.72,5.67,5.72,4.245492,6154600
2016-08-12,5.7,5.77,5.68,5.75,4.267759,4010200
2016-08-15,5.71,5.82,5.71,5.78,4.290027,7589900
2016-08-16,5.76,5.99,5.76,5.99,4.445892,13249100
2016-08-17,5.94,5.99,5.86,5.9,4.379092,3799100
2016-08-18,5.91,5.91,5.85,5.87,4.356825,1273500
2016-08-19,5.82,5.86,5.73,5.73,4.252916,2427700
2016-08-22,5.72,5.78,5.72,5.78,4.290027,6351200
2016-08-23,5.72,5.78,5.61,5.7,4.230649,12911500
2016-08-24,5.68,5.69,5.66,5.67,4.208382,7808100
2016-08-25,5.67,5.77,5.38,5.49,4.074781,18105100
2016-08-26,5.46,5.51,5.33,5.49,4.074781,5757700
2016-08-29,5.5,5.53,5.47,5.39,4.00056,3945900
2016-08-30,5.51,5.52,5.49,5.49,4.074781,8263000
2016-09-01,5.47,5.5,5.38,5.42,4.022828,11181100
2016-09-02,5.45,5.47,5.43,5.45,4.045093,3179800
2016-09-05,5.45,5.63,5.45,5.58,4.141582,4547700
2016-09-06,5.58,5.77,5.57,5.65,4.193537,6714000
2016-09-07,5.61,5.68,5.6,5.63,4.178693,4781300
2016-09-08,5.6,5.66,5.6,5.62,4.171271,5797300
2016-09-09,5.65,5.67,5.61,5.65,4.193537,4374300
2016-09-13,5.6,5.62,5.46,5.49,4.074781,6013300
2016-09-14,5.49,5.49,5.3,5.31,3.941183,7151100
2016-09-15,5.33,5.38,5.25,5.32,3.948605,11306700
2016-09-19,5.33,5.36,5.27,5.27,3.911494,4848200
2016-09-20,5.32,5.39,5.18,5.39,4.00056,5999100
2016-09-21,5.36,5.45,5.3,5.3,3.933761,4524200
2016-09-22,5.33,5.41,5.3,5.41,4.015404,4557700
2016-09-23,5.4,5.51,5.38,5.51,4.089627,2763600
2016-09-26,5.47,5.5,5.37,5.37,3.985715,3031100
2016-09-27,5.37,5.45,5.34,5.45,4.045093,3221700
2016-09-28,5.47,5.47,5.35,5.37,3.985715,2738700
2016-09-29,5.41,5.47,5.41,5.42,4.022828,1818700
2016-09-30,5.42,5.44,5.22,5.22,3.874384,5717500
2016-10-04,5.28,5.33,5.23,5.25,3.89665,3563100
2016-10-05,5.29,5.3,5.23,5.28,3.918916,3284500
2016-10-06,5.25,5.26,5.2,5.23,3.918916,3905800
2016-10-07,5.25,5.26,5.2,5.2,3.896436,3091300
2016-10-10,5.22,5.36,5.22,5.36,4.016328,1581900
2016-10-11,5.31,5.4,5.27,5.31,3.978861,1734900
2016-10-12,5.3,5.3,5.2,5.2,3.896436,4779600
2016-10-13,5.2,5.2,5.11,5.14,3.851478,11384900
2016-10-14,5.14,5.2,5.11,5.11,3.828999,6223800
2016-10-17,5.11,5.11,5.07,5.09,3.814013,3386000
2016-10-18,5.11,5.22,5.06,5.22,3.911423,5308400
2016-10-19,5.18,5.18,5.09,5.1,3.821506,4189000
2016-10-20,5.12,5.16,5.1,5.14,3.851478,1667600
2016-10-21,5.12,5.17,5.09,5.12,3.836492,4867400
2016-10-24,5.13,5.18,5.09,5.13,3.843986,2220600
2016-10-25,5.15,5.15,5.07,5.12,3.836492,4318000
2016-10-26,5.13,5.14,5.04,5.08,3.806519,2025300
2016-10-27,5.08,5.09,5,5.07,3.799027,3506000
2016-10-28,5.06,5.06,5.01,5.03,3.769053,4707500
2016-10-31,5.03,5.04,4.92,4.92,3.686628,6917900
2016-11-01,4.97,5.13,4.96,5.07,3.799027,3817100
2016-11-02,5.07,5.07,4.91,4.94,3.701615,4624000
2016-11-03,4.93,4.95,4.83,4.83,3.619191,4276000
2016-11-04,4.83,4.86,4.77,4.8,3.596711,5082000
2016-11-07,4.8,4.84,4.77,4.81,3.604205,2569100
2016-11-08,4.83,4.85,4.78,4.84,3.626684,2231600
2016-11-09,4.84,4.9,4.67,4.7,3.52178,4491300
2016-11-10,4.75,4.82,4.7,4.71,3.529272,5665000
2016-11-11,4.69,4.69,4.53,4.58,3.431861,10458700
2016-11-14,4.59,4.59,4.5,4.54,3.401889,5256800
2016-11-15,4.56,4.81,4.53,4.63,3.469327,9325600
2016-11-16,4.68,4.71,4.55,4.65,3.484314,5512200
2016-11-17,4.63,4.68,4.55,4.56,3.416876,2192100
2016-11-18,4.57,4.63,4.51,4.56,3.416876,2869100
2016-11-21,4.56,4.57,4.51,4.53,3.394396,4269200
2016-11-22,4.54,4.56,4.48,4.48,3.35693,4925000
2016-11-23,4.49,4.52,4.37,4.48,3.35693,9330100
2016-11-24,4.39,4.48,4.24,4.31,3.229547,11508200
2016-11-25,4.31,4.34,4.22,4.26,3.192081,8949900
2016-11-28,4.27,4.27,4.16,4.21,3.154615,8832000
2016-11-29,4.22,4.32,4.11,4.32,3.23704,10000600
2016-11-30,4.31,4.33,4.18,4.19,3.139629,47562700
2016-12-01,4.2,4.29,4.2,4.24,3.177094,3920300
2016-12-02,4.24,4.27,4.22,4.25,3.184588,2802100
2016-12-05,4.25,4.32,4.24,4.28,3.207067,2251300
2016-12-06,4.3,4.3,4.24,4.3,3.222053,3929100
2016-12-07,4.27,4.47,4.27,4.42,3.311971,11010400
2016-12-08,4.47,4.64,4.43,4.64,3.47682,6595000
2016-12-09,4.61,4.61,4.49,4.56,3.416876,4388000
2016-12-13,4.58,4.59,4.46,4.5,3.371916,7775100
2016-12-14,4.5,4.58,4.5,4.56,3.416876,5176600
2016-12-15,4.45,4.53,4.45,4.5,3.371916,6973800
2016-12-16,4.5,4.68,4.5,4.68,3.506793,7814400
2016-12-19,4.63,4.63,4.53,4.54,3.401889,2721200
2016-12-20,4.55,4.58,4.52,4.58,3.431861,2006400
2016-12-21,4.58,4.6,4.52,4.52,3.386903,2424400
2016-12-22,4.52,4.53,4.5,4.5,3.371916,3755100
2016-12-23,4.51,4.53,4.49,4.5,3.371916,1443500
2016-12-27,4.51,4.53,4.45,4.52,3.386903,2070100
2016-12-28,4.5,4.63,4.5,4.62,3.461834,2317600
2016-12-29,4.57,4.61,4.56,4.57,3.424369,2699200
2016-12-30,4.57,4.72,4.48,4.72,3.536766,18986800
2017-01-02,4.72,4.72,4.72,4.72,3.536766,0
2017-01-03,4.57,4.59,4.5,4.52,3.386903,3061100
2017-01-04,4.53,4.53,4.46,4.51,3.37941,4707200
2017-01-05,4.5,4.66,4.49,4.65,3.484314,2626100
2017-01-06,4.65,4.93,4.62,4.93,3.694121,11006200
2017-01-09,4.87,4.87,4.73,4.75,3.559245,3462900
2017-01-10,4.75,4.82,4.68,4.74,3.551752,3932000
2017-01-11,4.74,4.77,4.7,4.72,3.536766,2145700
2017-01-12,4.74,4.82,4.68,4.69,3.514287,6646500
2017-01-13,4.7,4.77,4.7,4.72,3.536766,7237100
2017-01-16,4.71,4.75,4.69,4.72,3.536766,2372800
2017-01-17,4.72,4.72,4.64,4.64,3.47682,2113600
2017-01-18,4.65,4.73,4.64,4.66,3.491807,1930000
2017-01-19,4.68,4.71,4.64,4.64,3.47682,3078400
2017-01-20,4.64,4.68,4.63,4.66,3.491807,1829600
2017-01-23,4.68,4.75,4.65,4.72,3.536766,4892800
2017-01-24,4.74,4.88,4.74,4.84,3.626684,8887000
2017-01-25,4.85,4.96,4.84,4.91,3.679136,11337600
2017-01-26,4.91,5,4.91,4.99,3.739081,6137400
2017-01-27,4.98,5,4.78,4.84,3.626684,2309800
2017-01-31,4.85,4.87,4.73,4.73,3.54426,6301200
2017-02-02,4.7,4.85,4.7,4.8,3.596711,20003500
2017-02-03,4.81,4.97,4.81,4.95,3.709108,8511400
2017-02-06,4.95,5.1,4.95,5.08,3.806519,9853500
2017-02-07,5.07,5.1,5.03,5.07,3.799027,7331100
2017-02-08,5.03,5.09,5.01,5.01,3.754067,8420700
2017-02-10,5.05,5.08,5.01,5.01,3.754067,7878500
2017-02-13,5.01,5.09,5,5.05,3.78404,10829300
2017-02-14,5.07,5.07,5.01,5.03,3.769053,8617300
2017-02-15,5.04,5.07,5,5,3.746574,10745100
2017-02-16,5.01,5.03,4.98,4.98,3.731589,20640100
2017-02-17,4.95,4.98,4.83,4.83,3.619191,14811900
2017-02-20,4.83,4.86,4.83,4.83,3.619191,5809200
2017-02-21,4.84,4.88,4.82,4.85,3.634177,7380400
2017-02-22,4.87,4.87,4.8,4.8,3.596711,8064700
2017-02-23,4.8,4.81,4.47,4.53,3.394396,18927100
2017-02-24,4.5,4.58,4.24,4.29,3.214561,19015500
2017-02-27,4.32,4.42,4.32,4.36,3.267012,14314000
2017-02-28,4.38,4.45,4.35,4.43,3.319465,16343200
2017-03-01,4.44,4.6,4.43,4.55,3.409383,12855800
2017-03-02,4.57,4.69,4.57,4.67,3.4993,6767700
2017-03-03,4.66,4.66,4.58,4.62,3.461834,6489200
2017-03-06,4.62,4.71,4.6,4.7,3.52178,6547300
2017-03-07,4.68,4.72,4.62,4.71,3.529272,4740300
2017-03-08,4.73,4.73,4.66,4.72,3.536766,3454600
2017-03-09,4.7,4.72,4.57,4.65,3.484314,5253700
2017-03-10,4.67,4.73,4.6,4.73,3.54426,4376000
2017-03-13,4.7,4.73,4.67,4.72,3.536766,3191200
2017-03-14,4.67,4.74,4.65,4.67,3.4993,6602200
2017-03-15,4.65,4.7,4.63,4.67,3.4993,2563900
2017-03-16,4.72,4.82,4.67,4.81,3.604205,12082600
2017-03-17,4.83,4.97,4.78,4.97,3.724095,19343100
2017-03-20,4.97,5.16,4.97,5.08,3.806519,17312300
2017-03-21,5.08,5.13,5.03,5.07,3.799027,13348500
2017-03-22,5.01,5.07,4.96,5.06,3.791533,9861600
2017-03-23,5.05,5.09,5,5,3.746574,10559000
2017-03-24,4.98,5,4.92,4.96,3.716602,6581400
2017-03-27,4.96,5.01,4.91,4.98,3.731589,5017200
2017-03-28,5.03,5.08,4.99,5.05,3.78404,13376200
2017-03-29,5.05,5.13,5.05,5.13,3.843986,21828200
2017-03-30,5.13,5.2,5.11,5.15,3.858972,11789200
2017-03-31,5.08,5.1,5.03,5.06,3.791533,6032600
2017-04-03,5.08,5.08,4.97,4.97,3.724095,6280800
2017-04-04,4.97,5.02,4.97,5,3.746574,5232400
2017-04-05,4.98,5.06,4.97,5.05,3.78404,1212800
2017-04-06,5.06,5.06,4.97,4.99,3.739081,5507200
2017-04-07,5,5.04,4.97,5.04,3.776546,5511500
2017-04-10,4.99,5.1,4.99,5.1,3.821506,4288000
2017-04-11,5.05,5.1,5.03,5.08,3.806519,3516100
2017-04-12,5.03,5.19,5.03,5.19,3.888945,4126600
2017-04-13,5.15,5.15,5.09,5.13,3.843986,3603500
2017-04-14,5.09,5.1,5.06,5.06,3.791533,3301800
2017-04-17,5.06,5.09,5.02,5.08,3.806519,3382600
2017-04-18,5.09,5.1,5.04,5.09,3.814013,3925500
2017-04-19,5.05,5.06,5.01,5.05,3.78404,2170100
2017-04-20,5.08,5.08,5.04,5.07,3.799027,762900
2017-04-21,5.07,5.07,5.02,5.06,3.791533,3037600
2017-04-24,5.04,5.04,5.04,5.04,3.776546,0
2017-04-25,5.07,5.14,5.06,5.14,3.851478,11247400
2017-04-26,5.12,5.14,5.11,5.14,3.851478,3907200
2017-04-27,5.13,5.16,5.13,5.16,3.866464,8050500
2017-04-28,5.17,5.17,5.13,5.15,3.858972,8550600
2017-05-02,5.15,5.2,5.15,5.17,3.873958,5962900
2017-05-03,5.17,5.22,5.17,5.21,3.903931,3103800
2017-05-04,5.21,5.21,5.11,5.13,3.843986,4987600
2017-05-05,5.13,5.2,5.12,5.2,3.896436,2432300
2017-05-08,5.19,5.22,5.19,5.22,3.911423,1586600
2017-05-09,5.22,5.26,5.22,5.25,3.933903,4345200
2017-05-11,5.28,5.35,5.25,5.31,3.978861,7212800
2017-05-12,5.31,5.35,5.29,5.33,3.993848,4084600
2017-05-15,5.33,5.37,5.26,5.35,4.008834,2299300
2017-05-16,5.37,5.37,5.35,5.36,4.016328,3790100
2017-05-17,5.36,5.4,5.31,5.4,4.046301,2754500
2017-05-18,5.35,5.35,5.21,5.23,3.918916,7053600
2017-05-19,5.28,5.28,5.21,5.24,3.926409,1931500
2017-05-22,5.29,5.29,5.21,5.24,3.926409,3094500
2017-05-23,5.26,5.29,5.19,5.2,3.896436,1763400
2017-05-24,5.2,5.24,5.19,5.21,3.903931,2731600
2017-05-25,5.21,5.22,4.93,4.98,3.731589,8695900
2017-05-26,4.98,5.07,4.98,5.02,3.76156,5979000
2017-05-29,5.02,5.12,5.01,5.08,3.806519,2702400
2017-05-31,5.1,5.13,5.05,5.08,3.806519,9128400
2017-06-01,5.02,5.07,4.83,4.85,3.634177,8552900
2017-06-02,4.87,4.95,4.83,4.94,3.701615,6009900
2017-06-05,4.94,5,4.94,4.99,3.739081,5568000
2017-06-06,4.99,5.02,4.9,5,3.746574,3392200
2017-06-07,4.93,5.05,4.93,5.02,3.76156,1588900
2017-06-08,5,5.03,4.99,5,3.769098,4566700
2017-06-09,4.95,5,4.95,4.97,3.746484,3601700
2017-06-13,4.98,5,4.96,4.98,3.754023,5044400
2017-06-14,4.95,5.05,4.93,4.98,3.754023,5130900
2017-06-15,4.98,5,4.93,4.97,3.746484,4112600
2017-06-16,4.98,5.03,4.94,4.99,3.76156,9011200
2017-06-19,4.99,5.07,4.99,5.07,3.821866,4816800
2017-06-20,5.07,5.1,5,5.02,3.784175,4224500
2017-06-21,5,5.03,4.94,4.98,3.754023,5500500
2017-06-22,4.95,4.98,4.92,4.94,3.72387,3416400
2017-06-23,4.96,4.97,4.89,4.94,3.72387,4217800
2017-06-26,4.91,4.91,4.91,4.91,3.701254,0
2017-06-27,4.91,4.91,4.91,4.91,3.701254,0
2017-06-28,4.91,4.99,4.86,4.91,3.701254,5298900
2017-06-29,4.9,4.95,4.88,4.88,3.67864,4653900
2017-06-30,4.87,4.89,4.8,4.83,3.640949,8128300
2017-07-03,4.83,4.85,4.74,4.8,3.618334,3164500
2017-07-04,4.8,4.81,4.75,4.77,3.59572,4660700
2017-07-05,4.77,4.79,4.73,4.76,3.588182,3890200
2017-07-06,4.76,4.79,4.74,4.79,3.610796,1941700
2017-07-07,4.8,4.8,4.69,4.7,3.542953,4259200
2017-07-10,4.69,4.71,4.66,4.69,3.535414,5433200
2017-07-11,4.69,4.77,4.62,4.64,3.497724,5545700
2017-07-12,4.64,4.87,4.6,4.87,3.671101,3766400
2017-07-13,4.78,4.8,4.63,4.63,3.490185,7941000
2017-07-14,4.64,4.64,4.54,4.6,3.46757,6393500
2017-07-17,4.61,4.65,4.59,4.64,3.497724,5305600
2017-07-18,4.65,4.66,4.62,4.65,3.505262,1483400
2017-07-19,4.64,4.69,4.63,4.68,3.527876,2897200
2017-07-20,4.69,4.76,4.67,4.73,3.565567,3945800
2017-07-21,4.73,4.76,4.68,4.72,3.558029,7118400
2017-07-24,4.72,4.75,4.66,4.69,3.535414,3375200
2017-07-25,4.7,4.71,4.65,4.71,3.550491,1312100
2017-07-26,4.7,4.7,4.67,4.69,3.535414,1274500
2017-07-27,4.68,4.7,4.66,4.69,3.535414,783200
2017-07-28,4.68,4.68,4.6,4.63,3.490185,3744700
2017-07-31,4.63,4.64,4.6,4.63,3.490185,4402800
2017-08-01,4.65,4.67,4.63,4.66,3.5128,1997000
2017-08-02,4.69,4.73,4.66,4.69,3.535414,2664100
2017-08-03,4.7,4.8,4.7,4.8,3.618334,3693100
2017-08-04,4.79,4.81,4.74,4.79,3.610796,3151600
2017-08-07,4.8,4.84,4.79,4.83,3.640949,13145000
2017-08-08,4.83,4.87,4.81,4.86,3.663563,2194800
2017-08-09,4.8,4.88,4.8,4.87,3.671101,1075600
2017-08-10,4.9,4.9,4.82,4.87,3.671101,3831400
2017-08-11,4.8,4.85,4.79,4.8,3.618334,2694700
2017-08-14,4.8,4.82,4.78,4.81,3.625873,2130000
2017-08-15,4.8,4.83,4.8,4.83,3.640949,3881500
2017-08-16,4.83,4.85,4.82,4.84,3.648487,3168000
2017-08-17,4.84,4.85,4.82,4.85,3.656025,2948000
2017-08-18,4.82,4.84,4.81,4.84,3.648487,2830100
2017-08-21,4.85,4.88,4.83,4.85,3.656025,4375900
2017-08-22,4.83,4.87,4.83,4.85,3.656025,2874700
2017-08-23,4.82,4.88,4.82,4.87,3.671101,1718300
2017-08-24,4.88,4.9,4.86,4.89,3.686178,2954600
2017-08-25,4.89,4.92,4.88,4.9,3.693716,1832800
2017-08-28,4.89,4.92,4.86,4.9,3.693716,1306400
2017-08-29,4.8,4.88,4.78,4.85,3.656025,3365300
2017-08-30,4.9,4.93,4.82,4.93,3.716331,5052400
2017-08-31,4.93,4.93,4.93,4.93,3.716331,0
2017-09-01,4.93,4.93,4.93,4.93,3.716331,0
2017-09-04,4.93,4.93,4.93,4.93,3.716331,0
2017-09-05,5.07,5.16,4.99,5.05,3.80679,17870100
2017-09-06,5.05,5.06,4.96,4.99,3.76156,6855300
2017-09-07,5,5.09,5,5.09,3.836943,12596900
2017-09-08,5.08,5.1,5.05,5.09,3.836943,4091700
2017-09-11,5.09,5.15,5.08,5.12,3.859557,10826200
2017-09-12,5.1,5.15,5.09,5.13,3.867094,7622900
2017-09-13,5.13,5.17,5.1,5.1,3.844481,5237600
2017-09-14,5.1,5.14,5.07,5.09,3.836943,7508600
2017-09-15,5.15,5.16,5.02,5.09,3.836943,12930500
2017-09-18,5.09,5.11,5.04,5.05,3.80679,4267400
2017-09-19,5.11,5.13,5.04,5.06,3.814328,7081700
2017-09-20,5.08,5.09,5.01,5.03,3.791714,4673500
2017-09-21,5.03,5.09,5.03,5.08,3.829404,4311200
2017-09-22,5.08,5.08,5.08,5.08,3.829404,0
2017-09-25,5.07,5.15,5.04,5.12,3.859557,8397300
2017-09-26,5.13,5.15,5.09,5.14,3.874633,4118200
2017-09-27,5.13,5.19,5.12,5.18,3.904786,11074600
2017-09-28,5.19,5.23,5.14,5.21,3.927401,12152400
2017-09-29,5.22,5.26,5.2,5.24,3.950015,9728000
2017-10-02,5.25,5.26,5.22,5.25,3.957554,5539400
2017-10-03,5.25,5.28,5.24,5.28,3.980168,6199800
2017-10-04,5.27,5.32,5.27,5.3,3.995244,6321700
2017-10-05,5.32,5.32,5.27,5.3,3.995244,6918500
2017-10-06,5.33,5.33,5.27,5.32,4.010321,7929800
2017-10-09,5.3,5.34,5.26,5.33,4.017859,8570000
2017-10-10,5.26,5.32,5.22,5.32,4.048297,2356100
2017-10-11,5.27,5.31,5.25,5.29,4.025469,11147000
2017-10-12,5.29,5.33,5.21,5.33,4.055907,6965200
2017-10-13,5.33,5.33,5.24,5.27,4.01025,7189100
2017-10-16,5.24,5.26,5.12,5.16,3.926544,6932700
2017-10-17,5.1,5.25,5.1,5.18,3.941763,7190100
2017-10-18,5.18,5.18,5.18,5.18,3.941763,0
2017-10-19,5.14,5.2,5.09,5.18,3.941763,6543600
2017-10-20,5.17,5.17,5.13,5.16,3.926544,2008700
2017-10-23,5.16,5.23,5.15,5.22,3.972201,1660500
2017-10-24,5.15,5.24,5.15,5.23,3.979812,2506200
2017-10-25,5.23,5.25,5.17,5.24,3.987421,6033000
2017-10-26,5.24,5.28,5.24,5.27,4.01025,3797400
2017-10-27,5.25,5.35,5.25,5.34,4.063517,7620100
2017-10-30,5.34,5.35,5.27,5.34,4.063517,4689200
2017-10-31,5.34,5.4,5.34,5.39,4.101564,16739900
2017-11-01,5.38,5.4,5.37,5.4,4.109175,6640500
2017-11-02,5.4,5.42,5.39,5.41,4.116784,4022200
2017-11-03,5.44,5.44,5.4,5.43,4.132002,6772100
2017-11-06,5.43,5.45,5.39,5.44,4.139614,3988400
2017-11-07,5.44,5.45,5.41,5.44,4.139614,3033100
2017-11-08,5.44,5.46,5.43,5.45,4.147222,5496300
2017-11-09,5.44,5.47,5.43,5.44,4.139614,5049800
2017-11-10,5.44,5.44,5.33,5.34,4.063517,3966600
2017-11-13,5.31,5.37,5.31,5.34,4.063517,7350000
2017-11-14,5.34,5.38,5.33,5.35,4.071126,4342900
2017-11-15,5.38,5.38,5.32,5.32,4.048297,5892200
2017-11-16,5.31,5.33,5.18,5.18,3.941763,9229400
2017-11-17,5.18,5.31,5.18,5.28,4.017859,3335300
2017-11-20,5.26,5.34,5.24,5.29,4.025469,5877900
2017-11-21,5.28,5.31,5.28,5.29,4.025469,6056900
2017-11-22,5.29,5.3,5.28,5.29,4.025469,7141600
2017-11-23,5.3,5.32,5.25,5.3,4.033078,7413000
2017-11-24,5.3,5.33,5.28,5.31,4.040689,1579000
2017-11-27,5.32,5.34,5.27,5.31,4.040689,2727700
2017-11-28,5.31,5.34,5.29,5.3,4.033078,5962800
2017-11-29,5.34,5.34,5.3,5.32,4.048297,5131700
2017-11-30,5.35,5.35,5.31,5.33,4.055907,10154900
2017-12-01,5.33,5.33,5.33,5.33,4.055907,0
2017-12-04,5.33,5.35,5.32,5.34,4.063517,3131400
2017-12-05,5.25,5.4,5.25,5.36,4.078736,6488400
2017-12-06,5.36,5.37,5.31,5.37,4.086345,4467400
2017-12-07,5.38,5.38,5.34,5.34,4.063517,4464900
2017-12-08,5.34,5.36,5.34,5.36,4.078736,2365000
2017-12-11,5.37,5.37,5.33,5.36,4.078736,3933400
2017-12-12,5.37,5.37,5.31,5.37,4.086345,4013600
2017-12-13,5.36,5.38,5.3,5.33,4.055907,5737100
2017-12-14,5.35,5.37,5.33,5.36,4.078736,5823700
2017-12-15,5.36,5.38,5.32,5.32,4.048297,9727600
2017-12-18,5.34,5.36,5.29,5.35,4.071126,6270200
2017-12-19,5.3,5.36,5.3,5.35,4.071126,6913800
2017-12-20,5.35,5.38,5.35,5.37,4.086345,4086000
2017-12-21,5.38,5.4,5.36,5.37,4.086345,3422500
2017-12-22,5.37,5.4,5.35,5.39,4.101564,3088300
2017-12-25,5.39,5.39,5.39,5.39,4.101564,0
2017-12-26,5.39,5.4,5.37,5.38,4.093956,3712800
2017-12-27,5.38,5.39,5.37,5.38,4.093956,3225600
2017-12-28,5.38,5.42,5.38,5.4,4.109175,5026300
2017-12-29,5.4,5.49,5.39,5.49,4.17766,9853900
2018-01-02,5.46,5.48,5.37,5.39,4.101564,5779300
2018-01-03,5.41,5.42,5.39,5.42,4.124393,6602300
2018-01-04,5.44,5.46,5.41,5.46,4.154832,5295000
2018-01-05,5.48,5.82,5.48,5.69,4.329852,12373400
2018-01-08,5.7,5.7,5.54,5.68,4.322242,10156000
2018-01-09,5.68,5.68,5.59,5.63,4.284193,7848700
2018-01-10,5.63,5.67,5.58,5.62,4.276585,5254200
2018-01-11,5.6,5.61,5.54,5.57,4.238537,11873800
2018-01-12,5.65,5.65,5.51,5.55,4.223317,4743600
2018-01-15,5.57,5.57,5.52,5.55,4.223317,6619900
2018-01-16,5.54,5.6,5.5,5.55,4.223317,6789100
2018-01-17,5.51,5.55,5.47,5.55,4.223317,5694900
2018-01-18,5.55,5.58,5.54,5.55,4.223317,6804700
2018-01-19,5.56,5.56,5.53,5.55,4.223317,6641600
2018-01-22,5.57,5.57,5.54,5.56,4.230927,4816400
2018-01-23,5.55,5.63,5.55,5.59,4.253757,8693700
2018-01-24,5.56,5.58,5.55,5.56,4.230927,4423100
2018-01-25,5.56,5.62,5.54,5.61,4.268974,6611700
2018-01-26,5.59,5.62,5.59,5.62,4.276585,2813400
2018-01-29,5.63,5.7,5.63,5.68,4.322242,6553200
2018-01-30,5.68,5.7,5.63,5.69,4.329852,6545300
2018-02-02,5.65,5.7,5.63,5.7,4.337461,7120400
2018-02-05,5.57,5.66,5.56,5.62,4.276585,8731600
2018-02-06,5.45,5.46,5.37,5.37,4.086345,19008900
2018-02-07,5.43,5.45,5.4,5.4,4.109175,19125700
2018-02-08,5.4,5.55,5.4,5.48,4.170051,6189400
2018-02-09,5.38,5.45,5.36,5.42,4.124393,7987900
2018-02-12,5.45,5.6,5.45,5.58,4.246146,6418300
2018-02-13,5.59,5.62,5.58,5.61,4.268974,9591100
2018-02-14,5.6,5.61,5.58,5.6,4.261365,4037300
2018-02-15,5.61,5.61,5.59,5.6,4.261365,1453800
2018-02-19,5.6,5.77,5.6,5.64,4.291804,3149900
2018-02-20,5.59,5.67,5.59,5.67,4.314633,3661800
2018-02-21,5.63,5.69,5.63,5.68,4.322242,5896800
2018-02-22,5.63,5.69,5.63,5.67,4.314633,6575300
2018-02-23,5.67,5.67,5.64,5.65,4.299413,7860800
2018-02-26,5.66,5.66,5.57,5.59,4.253757,3581000
2018-02-27,5.6,5.6,5.29,5.46,4.154832,14234700
2018-02-28,5.48,5.54,5.4,5.4,4.109175,8750600
2018-03-01,5.39,5.46,5.37,5.42,4.124393,7746300
2018-03-02,5.4,5.44,5.33,5.33,4.055907,8407300
2018-03-05,5.31,5.41,5.31,5.37,4.086345,4504900
2018-03-06,5.37,5.41,5.37,5.4,4.109175,5648500
2018-03-07,5.4,5.44,5.4,5.41,4.116784,4710700
2018-03-08,5.41,5.44,5.41,5.43,4.132002,2419200
2018-03-09,5.4,5.43,5.4,5.43,4.132002,3122100
2018-03-12,5.45,5.48,5.44,5.45,4.147222,5652900
2018-03-13,5.46,5.48,5.4,5.45,4.147222,3460900
2018-03-14,5.45,5.46,5.39,5.4,4.109175,2407000
2018-03-15,5.41,5.46,5.2,5.2,3.956982,4617200
2018-03-16,5.25,5.41,5.22,5.32,4.048297,14455900
2018-03-19,5.29,5.37,5.29,5.35,4.071126,4044900
2018-03-20,5.29,5.52,5.29,5.49,4.17766,5856500
2018-03-21,5.53,5.53,5.44,5.49,4.17766,8183700
2018-03-22,5.49,5.5,5.46,5.5,4.18527,3402000
2018-03-23,5.44,5.49,5.38,5.43,4.132002,1767700
2018-03-26,5.31,5.46,5.31,5.46,4.154832,1491700
2018-03-27,5.44,5.48,5.44,5.47,4.162441,3944700
2018-03-28,5.47,5.5,5.45,5.48,4.170051,2344500
2018-03-29,5.48,5.48,5.35,5.46,4.154832,1937500
2018-03-30,5.5,5.5,5.36,5.45,4.147222,1434000
2018-04-02,5.36,5.43,5.35,5.38,4.093956,1166600
2018-04-03,5.25,5.39,5.25,5.38,4.093956,746000
2018-04-04,5.38,5.38,5.21,5.26,4.002639,2430800
2018-04-05,5.26,5.35,5.18,5.25,3.995031,1014600
2018-04-06,5.25,5.3,5.16,5.26,4.002639,626500
2018-04-09,5.18,5.27,5.18,5.26,4.002639,3095300
2018-04-10,5.27,5.32,5.24,5.32,4.048297,4228200
2018-04-11,5.31,5.32,5.26,5.31,4.040689,873300
2018-04-12,5.44,5.44,5.3,5.4,4.109175,2326200
2018-04-13,5.32,5.39,5.32,5.39,4.101564,1607800
2018-04-16,5.4,5.43,5.31,5.43,4.132002,2017300
2018-04-17,5.37,5.45,5.34,5.44,4.139614,6911700
2018-04-18,5.45,5.45,5.33,5.38,4.093956,1851200
2018-04-19,5.42,5.45,5.37,5.45,4.147222,3456300
2018-04-20,5.45,5.46,5.42,5.45,4.147222,7507700
2018-04-23,5.47,5.47,5.35,5.45,4.147222,3256000
2018-04-24,5.44,5.44,5.28,5.33,4.055907,1143100
2018-04-25,5.24,5.32,5.22,5.3,4.033078,2284600
2018-04-26,5.34,5.35,5.08,5.16,3.926544,5881300
2018-04-27,5.16,5.31,5.06,5.3,4.033078,2749900
2018-04-30,5.21,5.35,5.21,5.3,4.033078,4446100
2018-05-02,5.24,5.31,5.12,5.18,3.941763,4735800
2018-05-03,5.13,5.21,5.13,5.19,3.949373,2250500
2018-05-04,5.15,5.2,5.1,5.15,3.918935,3407800
2018-05-07,5.12,5.13,5.05,5.11,3.888496,2293100
2018-05-08,5.1,5.32,5.08,5.29,4.025469,4580400
2018-05-14,4.91,5.37,4.61,5.2,3.956982,10799500
2018-05-15,5.15,5.23,5.15,5.16,3.926544,4467200
2018-05-16,5.16,5.29,5.15,5.21,3.964592,2385500
2018-05-17,5.25,5.25,5.15,5.17,3.934153,4079600
2018-05-18,5.19,5.21,5.15,5.16,3.926544,2860600
2018-05-21,5.13,5.16,5.07,5.13,3.903715,3297800
2018-05-22,5.1,5.15,5.06,5.07,3.858058,1269700
2018-05-23,4.76,4.76,4.35,4.43,3.371044,8038700
2018-05-24,4.45,4.5,4.16,4.3,3.27212,4733800
2018-05-25,4.3,4.65,4.3,4.52,3.439531,8758600
2018-05-28,4.47,4.5,4.34,4.36,3.317777,2482200
2018-05-30,4.36,4.36,4.36,4.36,3.317777,0
2018-05-31,4.25,4.25,4.25,4.25,3.234072,0
2018-06-01,4.36,4.45,4.35,4.4,3.348216,4890600
2018-06-04,4.4,4.42,4.31,4.4,3.348216,4478200
2018-06-05,4.38,4.49,4.34,4.42,3.363435,7774100
2018-06-06,4.42,4.67,4.42,4.65,3.538456,10004100
2018-06-07,4.66,4.67,4.63,4.64,3.530846,8439300
2018-06-08,4.64,4.66,4.62,4.63,3.523237,7096100
2018-06-11,4.54,4.81,4.54,4.79,3.644989,5820000
2018-06-12,4.79,4.83,4.75,4.77,3.62977,3386100
2018-06-13,4.77,4.8,4.72,4.8,3.652599,3456000
2018-06-14,4.66,4.8,4.66,4.77,3.62977,7689400
2018-06-18,4.63,4.69,4.45,4.45,3.386264,7440600
2018-06-19,4.45,4.45,4.31,4.34,3.328739,7851100
2018-06-20,4.33,4.41,4.33,4.37,3.351749,2669700
2018-06-21,4.39,4.4,4.19,4.33,3.32107,5816800
2018-06-22,4.25,4.29,4.19,4.26,3.26738,4791100
2018-06-25,4.28,4.31,4.06,4.06,3.113982,5021000
2018-06-26,4.06,4.17,4.05,4.09,3.136992,4092900
2018-06-27,4.17,4.17,3.94,4.05,3.106312,6360200
2018-06-28,4.02,4.03,3.92,3.97,3.044953,8412800
2018-06-29,4,4.16,3.78,3.8,2.914564,16319100
2018-07-02,3.82,4.05,3.76,4.05,3.106312,6464500
2018-07-03,4.02,4.1,3.91,4.04,3.098642,3848800
2018-07-04,4.02,4.25,4.02,4.21,3.229031,2874500
2018-07-05,4.26,4.27,4.1,4.11,3.152332,1142600
2018-07-06,4.06,4.15,3.85,3.85,2.952914,8772400
2018-07-09,3.88,4.07,3.86,4.07,3.121652,3461800
2018-07-10,4.04,4.17,3.98,4.17,3.198351,3391800
2018-07-11,4.1,4.1,3.98,4.02,3.083302,3262700
2018-07-12,4.02,4.19,3.97,4.06,3.113982,6740000
2018-07-13,4.13,4.19,4.07,4.17,3.198351,5754000
2018-07-16,4.18,4.2,4.15,4.19,3.213691,1562500
2018-07-17,4.19,4.25,4.18,4.23,3.24437,3717700
2018-07-18,4.21,4.42,4.21,4.4,3.374759,6457400
2018-07-19,4.4,4.45,4.36,4.4,3.374759,6561900
2018-07-20,4.4,4.45,4.32,4.34,3.328739,3860400
2018-07-23,4.35,4.41,4.3,4.4,3.374759,4000300
2018-07-24,4.39,4.48,4.39,4.47,3.428449,1371200
2018-07-25,4.46,4.49,4.44,4.44,3.405438,2233000
2018-07-26,4.46,4.46,4.24,4.27,3.27505,5937100
2018-07-27,4.3,4.37,4.29,4.33,3.32107,5523700
2018-07-30,4.33,4.4,4.33,4.34,3.328739,8138500
2018-07-31,4.35,4.45,4.34,4.39,3.367089,10740000
2018-08-01,4.4,4.48,4.4,4.46,3.420778,5243900
2018-08-02,4.48,4.48,4.35,4.39,3.367089,1634700
2018-08-03,4.39,4.39,4.3,4.32,3.313399,4229400
2018-08-06,4.32,4.36,4.29,4.31,3.30573,5881500
2018-08-07,4.34,4.42,4.3,4.34,3.328739,3952400
2018-08-08,4.37,4.6,4.37,4.55,3.489808,6355700
2018-08-09,4.55,4.57,4.51,4.52,3.466798,4701500
2018-08-10,4.52,4.54,4.48,4.5,3.451458,3211100
2018-08-13,4.55,4.55,4.4,4.43,3.397768,2983600
2018-08-14,4.36,4.5,4.36,4.48,3.436118,2273800
2018-08-15,4.49,4.49,4.31,4.38,3.359419,4747600
2018-08-16,4.33,4.41,4.28,4.29,3.29039,3446300
2018-08-17,4.29,4.36,4.29,4.35,3.33641,3458800
2018-08-20,4.35,4.47,4.3,4.45,3.413108,4155900
2018-08-21,4.41,4.5,4.41,4.49,3.443788,4456400
2018-08-23,4.5,4.65,4.44,4.62,3.543497,8155900
2018-08-24,4.56,4.72,4.45,4.72,3.620195,5036600
2018-08-27,4.64,4.69,4.55,4.65,3.566507,8473300
2018-08-28,4.66,4.83,4.58,4.82,3.696895,6193200
2018-08-29,4.73,4.82,4.73,4.81,3.689225,10314700
2018-08-30,4.8,4.81,4.73,4.8,3.681555,9485100
2018-09-03,4.73,4.81,4.6,4.71,3.612526,3016000
2018-09-04,4.7,4.7,4.58,4.65,3.566507,3457700
2018-09-05,4.58,4.64,4.45,4.48,3.436118,11301900
2018-09-06,4.49,4.59,4.46,4.55,3.489808,4376200
2018-09-07,4.5,4.54,4.47,4.53,3.474468,2443000
2018-09-12,4.65,4.65,4.32,4.43,3.397768,5164100
2018-09-13,4.44,4.59,4.42,4.55,3.489808,4568500
2018-09-14,4.55,4.64,4.54,4.61,3.535827,4712900
2018-09-18,4.6,4.6,4.5,4.6,3.528157,3824300
2018-09-19,4.59,4.71,4.59,4.64,3.558836,3575300
2018-09-20,4.65,4.7,4.63,4.63,3.551167,4893800
2018-09-21,4.64,4.76,4.62,4.68,3.589516,6963900
2018-09-24,4.78,4.78,4.65,4.77,3.658546,583400
2018-09-25,4.7,4.75,4.52,4.56,3.497477,2117400
2018-09-26,4.6,4.75,4.56,4.75,3.643205,3023400
2018-09-27,4.68,4.85,4.63,4.73,3.627866,2976100
2018-09-28,4.79,4.79,4.51,4.56,3.497477,8039900
2018-10-01,4.57,4.67,4.54,4.65,3.566507,1399500
2018-10-02,4.63,4.63,4.57,4.63,3.551167,4939700
2018-10-03,4.62,4.63,4.61,4.62,3.543497,4349300
2018-10-04,4.65,4.65,4.5,4.5,3.451458,6430700
2018-10-05,4.52,4.52,4.23,4.3,3.29806,6412200
2018-10-08,4.3,4.36,4.25,4.29,3.29039,2500200
2018-10-09,4.29,4.41,4.26,4.41,3.382429,2567300
2018-10-10,4.43,4.43,3.85,3.85,2.986777,11764000
2018-10-11,3.7,4.03,3.63,4.01,3.110904,13570700
2018-10-12,4,4.02,3.85,3.91,3.033325,6440600
2018-10-15,3.92,3.95,3.88,3.9,3.025567,5030100
2018-10-16,3.88,3.91,3.87,3.9,3.025567,5359400
2018-10-17,3.92,3.92,3.87,3.9,3.025567,3233700
2018-10-18,3.9,3.9,3.88,3.89,3.01781,3998600
2018-10-19,3.87,3.88,3.67,3.71,2.878167,2999400
2018-10-22,3.71,3.73,3.47,3.49,2.707495,3746100
2018-10-23,3.52,3.54,3.2,3.25,2.521306,9153500
2018-10-24,3.26,3.41,3.26,3.33,2.583369,12972200
2018-10-25,3.33,3.44,3.29,3.44,2.668705,13698900
2018-10-26,3.45,3.49,3.45,3.46,2.684221,7033700
2018-10-29,3.47,3.49,3.42,3.44,2.668705,4219900
2018-10-30,3.49,3.49,3.38,3.38,2.622158,2149600
2018-10-31,3.44,3.45,3.37,3.41,2.645432,11164200
2018-11-01,3.45,3.45,3.39,3.44,2.668705,3662000
2018-11-02,3.45,3.46,3.39,3.43,2.660948,7535900
2018-11-05,3.48,3.48,3.41,3.48,2.699737,8410600
2018-11-07,3.49,3.6,3.46,3.6,2.792831,7545500
2018-11-08,3.58,3.63,3.53,3.62,2.808347,13806800
2018-11-09,3.61,3.62,3.54,3.58,2.777315,7236900
2018-11-12,3.57,3.6,3.52,3.52,2.730768,2125800
2018-11-13,3.5,3.5,3.44,3.45,2.676463,3993400
2018-11-14,3.45,3.46,3.4,3.44,2.668705,4010600
2018-11-15,3.46,3.49,3.43,3.46,2.684221,3594800
2018-11-16,3.5,3.59,3.48,3.5,2.715253,4697600
2018-11-19,3.54,3.6,3.46,3.51,2.723011,3099200
2018-11-21,3.48,3.48,3.39,3.42,2.653189,3241400
2018-11-22,3.41,3.45,3.4,3.43,2.660948,2474500
2018-11-23,3.42,3.43,3.39,3.41,2.645432,3823600
2018-11-26,3.39,3.46,3.36,3.45,2.676463,6981300
2018-11-27,3.46,3.53,3.44,3.5,2.715253,9050100
2018-11-28,3.5,3.63,3.5,3.63,2.816104,8499400
2018-11-29,3.7,3.84,3.69,3.78,2.932472,9484000
2018-11-30,3.82,3.82,3.63,3.63,2.816104,10151400
2018-12-03,3.7,3.95,3.7,3.95,3.064357,9200000
2018-12-04,3.94,3.95,3.85,3.95,3.064357,5840300
2018-12-05,3.87,3.91,3.85,3.9,3.025567,2760000
2018-12-06,3.9,3.95,3.81,3.87,3.002294,5011800
2018-12-07,3.86,3.9,3.83,3.88,3.010052,605000
2018-12-10,3.86,3.88,3.79,3.8,2.947988,3058300
2018-12-11,3.8,3.83,3.75,3.76,2.916957,3242700
2018-12-12,3.77,3.81,3.73,3.76,2.916957,5041000
2018-12-13,3.8,3.93,3.79,3.88,3.010052,3829900
2018-12-14,3.9,3.9,3.8,3.86,2.994535,4073500
2018-12-17,3.84,3.86,3.72,3.77,2.924715,1007100
2018-12-18,3.7,3.85,3.7,3.8,2.947988,2800900
2018-12-19,3.8,3.94,3.79,3.86,2.994535,2125100
2018-12-20,3.8,3.86,3.8,3.81,2.955746,3077800
2018-12-21,3.82,3.89,3.78,3.86,2.994535,6829000
2018-12-24,3.88,4.02,3.83,4.02,3.118662,2980600
2018-12-26,3.94,4,3.93,3.98,3.08763,787100
2018-12-27,4.04,4.05,3.98,4,3.103145,6296400
2018-12-28,4.02,4.03,3.95,3.97,3.079872,4372500
2018-12-31,4.02,4.02,3.89,3.93,3.048841,2438500
2019-01-02,3.93,3.93,3.77,3.77,2.924715,2076600
2019-01-03,3.82,3.87,3.79,3.82,2.963504,2801300
2019-01-04,3.83,3.83,3.77,3.8,2.947988,1638800
2019-01-07,3.8,3.83,3.77,3.81,2.955746,4218000
2019-01-08,3.84,3.96,3.82,3.91,3.033325,2703200
2019-01-09,3.91,4.02,3.91,3.93,3.048841,5453100
2019-01-10,4,4.03,3.96,4,3.103145,4212800
2019-01-11,4.03,4.03,3.99,4.01,3.110904,5117800
2019-01-14,4.01,4.01,3.95,4,3.103145,1918100
2019-01-15,3.93,3.97,3.91,3.95,3.064357,3634200
2019-01-16,3.92,4.01,3.92,4,3.103145,2469600
2019-01-17,4.01,4.05,4,4.01,3.110904,2631100
2019-01-18,4,4.07,4,4.06,3.149692,7597500
2019-01-22,4.1,4.17,4.09,4.12,3.19624,4015700
2019-01-23,4.11,4.11,4.02,4.08,3.165208,2354600
2019-01-24,4.05,4.08,4,4.03,3.12642,2527200
2019-01-25,4.08,4.1,4.05,4.08,3.165208,3962600
2019-01-28,4.1,4.15,4.07,4.14,3.211756,6360400
2019-01-29,4.14,4.14,3.96,3.96,3.072114,10005900
2019-01-30,3.99,4.08,3.99,4.04,3.134177,4180100
2019-01-31,4.08,4.1,3.98,4.01,3.110904,10046400
2019-02-04,4.1,4.1,4.01,4.02,3.118662,1229100
2019-02-07,4.02,4.08,3.87,3.9,3.025567,8898900
2019-02-08,3.8,3.8,3.7,3.73,2.893683,14218400
2019-02-11,3.74,3.85,3.71,3.83,2.971262,4023200
2019-02-12,3.86,3.95,3.83,3.94,3.056598,4889800
2019-02-13,3.88,3.95,3.88,3.89,3.01781,5793700
2019-02-14,3.9,3.95,3.86,3.95,3.064357,5068200
2019-02-15,3.93,3.95,3.88,3.94,3.056598,7065300
2019-02-18,3.99,4.03,3.97,4.01,3.110904,10002000
2019-02-19,4.03,4.12,4.02,4.11,3.188483,8063900
2019-02-20,4.12,4.34,4.11,4.31,3.343639,6720900
2019-02-21,4.3,4.37,4.24,4.3,3.335881,6224400
2019-02-22,4.29,4.3,4.23,4.25,3.297092,4724600
2019-02-25,4.01,4.19,4.01,4.17,3.235029,5895400
2019-02-26,4.17,4.17,4.08,4.12,3.19624,4391500
2019-02-27,4.09,4.1,4.05,4.09,3.172967,3595900
2019-02-28,4.09,4.17,4.05,4.16,3.227271,5145300
2019-03-01,4.18,4.23,4.12,4.19,3.250546,3363100
2019-03-04,4.14,4.22,4.13,4.15,3.219514,4832800
2019-03-05,4.1,4.17,4.05,4.14,3.211756,2442300
2019-03-06,4.14,4.19,4.14,4.16,3.227271,2228200
2019-03-07,4.12,4.2,4.12,4.19,3.250546,1446300
2019-03-08,4.12,4.19,4.12,4.16,3.227271,3219100
2019-03-11,4.16,4.17,4.03,4.08,3.165208,4043400
2019-03-12,4.04,4.1,4.04,4.06,3.149692,3127800
2019-03-13,4.09,4.22,4.09,4.22,3.273819,2674800
2019-03-14,4.16,4.22,4.14,4.16,3.227271,1287200
2019-03-15,4.13,4.2,4.11,4.2,3.258303,14746100
2019-03-18,4.19,4.28,4.19,4.25,3.297092,1972100
2019-03-19,4.25,4.29,4.17,4.19,3.250546,869800
2019-03-20,4.29,4.29,4.16,4.21,3.266061,1770400
2019-03-21,4.24,4.24,4.13,4.21,3.266061,5974100
2019-03-22,4.18,4.27,4.18,4.27,3.312608,3538000
2019-03-25,4.14,4.18,4.12,4.18,3.242787,4063500
2019-03-26,4.15,4.2,4.15,4.18,3.242787,4866500
2019-03-27,4.17,4.17,4.08,4.12,3.19624,5135900
2019-03-28,4.1,4.12,4.07,4.12,3.19624,1544700
2019-03-29,4.1,4.17,4.1,4.15,3.219514,4706500
2019-04-01,4.15,4.17,4.12,4.12,3.19624,6046200
2019-04-02,4.1,4.17,4.1,4.12,3.19624,4630400
2019-04-03,4.12,4.16,4.12,4.14,3.211756,4305100
2019-04-04,4.15,4.19,4.14,4.18,3.242787,4594600
2019-04-05,4.18,4.18,4.15,4.18,3.242787,1471300
2019-04-08,4.18,4.25,4.18,4.23,3.281576,2648600
2019-04-09,4.2,4.23,4.1,4.19,3.250546,5566200
2019-04-10,4.11,4.16,4.09,4.15,3.219514,6085700
2019-04-11,4.1,4.12,4.08,4.09,3.172967,3215300
2019-04-12,4.09,4.2,4.08,4.15,3.219514,3085700
2019-04-15,4.14,4.19,4.14,4.16,3.227271,1529400
2019-04-16,4.16,4.22,4.15,4.18,3.242787,1368700
2019-04-17,4.12,4.16,4.11,4.13,3.203998,4752200
2019-04-18,4.03,4.14,4.03,4.08,3.200077,3887900
2019-04-19,4.05,4.1,4.03,4.04,3.168704,2533900
2019-04-22,4.04,4.04,3.86,3.88,3.04321,4117200
2019-04-23,3.89,3.95,3.86,3.87,3.035366,3102200
2019-04-24,3.9,3.95,3.9,3.93,3.082426,3752200
2019-04-25,3.93,3.98,3.93,3.98,3.121643,3715800
2019-04-26,3.99,3.99,3.91,3.99,3.129487,1304000
2019-04-29,3.99,3.99,3.93,3.98,3.121643,1241300
2019-04-30,3.95,4,3.95,3.97,3.1138,2936100
2019-05-02,3.97,3.97,3.94,3.95,3.098113,1733100
2019-05-03,3.96,4.05,3.9,4.04,3.168704,2697100
2019-05-06,4.04,4.04,4.04,4.04,3.168704,0
2019-05-07,4.46,4.78,4.46,4.64,3.639303,38166700
2019-05-08,4.64,4.64,4.55,4.56,3.576556,18384100
2019-05-09,4.51,4.54,4.46,4.48,3.513809,6477900
2019-05-10,4.4,4.51,4.3,4.39,3.443219,5022300
2019-05-13,4.39,4.42,4.14,4.3,3.37263,5368300
2019-05-14,4.17,4.32,4.11,4.3,3.37263,13394500
2019-05-15,4.3,4.48,4.3,4.42,3.466749,6812700
2019-05-16,4.37,4.45,4.37,4.4,3.451063,6808700
2019-05-17,4.37,4.49,4.37,4.44,3.482437,2585400
2019-05-21,4.45,4.46,4.35,4.39,3.443219,1866300
2019-05-23,4.4,4.48,4.36,4.41,3.458906,3890700
2019-05-24,4.35,4.5,4.35,4.45,3.490279,2907900
2019-05-27,4.5,4.56,4.41,4.54,3.560869,1391300
2019-05-28,4.59,4.6,4.54,4.54,3.560869,12651400
2019-05-29,4.55,4.56,4.47,4.5,3.529496,5741800
2019-05-30,4.5,4.71,4.5,4.65,3.647147,11450000
2019-05-31,4.64,4.72,4.53,4.69,3.67852,7404200
2019-06-03,4.59,4.69,4.56,4.68,3.670676,3222200
2019-06-04,4.6,4.68,4.56,4.56,3.576556,886200
2019-06-05,4.56,4.56,4.56,4.56,3.576556,0
2019-06-06,4.56,4.56,4.56,4.56,3.576556,0
2019-06-07,4.56,4.68,4.56,4.66,3.654989,5193800
2019-06-10,4.66,4.69,4.63,4.66,3.654989,4885600
2019-06-11,4.66,4.74,4.65,4.7,3.686363,6798200
2019-06-12,4.65,4.71,4.65,4.71,3.694206,2930200
2019-06-13,4.68,4.73,4.68,4.7,3.686363,4958200
2019-06-14,4.73,4.76,4.7,4.73,3.709892,1632200
2019-06-17,4.73,4.75,4.65,4.71,3.694206,3768000
2019-06-18,4.68,4.95,4.68,4.95,3.882446,5276100
2019-06-19,4.95,5.05,4.89,5.05,3.960879,9332400
2019-06-20,4.98,5.09,4.97,5.05,3.960879,12429900
2019-06-21,5.05,5.07,4.99,5.05,3.960879,19122600
2019-06-24,5.05,5.06,4.92,4.99,3.913819,7853900
2019-06-25,4.93,5.02,4.93,5,3.921662,11543200
2019-06-26,5,5.03,4.98,5,3.921662,2884400
2019-06-27,4.95,5.03,4.95,5,3.921662,6846400
2019-06-28,4.96,5.05,4.96,4.98,3.905977,5134300
2019-07-01,5.01,5.15,5.01,5.15,4.039312,6602400
2019-07-02,5.16,5.23,5.12,5.2,4.078528,15465600
2019-07-03,5.2,5.23,5.16,5.22,4.094215,12271700
2019-07-04,5.21,5.28,5.21,5.26,4.125588,9693800
2019-07-05,5.26,5.26,5.17,5.2,4.078528,5138400
2019-07-08,5.19,5.19,5.07,5.15,4.039312,5999400
2019-07-09,5.15,5.19,5.15,5.17,4.054998,7878900
2019-07-10,5.17,5.23,5.17,5.18,4.062842,5682200
2019-07-11,5.2,5.2,5.16,5.18,4.062842,3577000
2019-07-12,5.17,5.2,5.17,5.18,4.062842,2618100
2019-07-15,5.18,5.2,5.14,5.19,4.070685,2733000
2019-07-16,5.2,5.2,5.15,5.15,4.039312,3714700
2019-07-17,5.19,5.19,5.12,5.14,4.031468,4289000
2019-07-18,5.14,5.15,5.03,5.1,4.000096,5261100
2019-07-19,5.13,5.13,5.03,5.08,3.984409,2659500
2019-07-22,5.1,5.13,5.04,5.1,4.000096,8032100
2019-07-23,5.04,5.15,5.04,5.13,4.023625,7657600
2019-07-24,5.1,5.18,5.08,5.15,4.039312,3531200
2019-07-25,5.14,5.14,5.07,5.12,4.015783,3528000
2019-07-26,5.07,5.1,5.05,5.07,3.976565,4382700
2019-07-29,5.1,5.1,4.99,5.03,3.945193,4259200
2019-07-31,4.9,5.04,4.9,5.03,3.945193,6402400
2019-08-01,4.96,5.03,4.96,5.02,3.937349,4761200
2019-08-02,4.96,5.03,4.96,5,3.921662,4865800
2019-08-05,5,5,4.77,4.94,3.874602,6396700
2019-08-06,4.8,4.9,4.75,4.83,3.788326,12498200
2019-08-07,4.83,4.92,4.83,4.89,3.835386,5207700
2019-08-08,4.87,5.1,4.87,5,3.921662,4333400
2019-08-09,4.94,5.04,4.94,5,3.921662,9652500
2019-08-13,5,5,4.82,4.96,3.890289,4633400
2019-08-14,4.88,5,4.88,4.96,3.890289,3626700
2019-08-15,4.87,5,4.87,5,3.921662,3346700
2019-08-16,4.95,5.04,4.92,5.02,3.937349,1246700
2019-08-19,4.9,4.95,4.8,4.89,3.835386,11228300
2019-08-20,4.89,4.96,4.88,4.93,3.866759,3314400
2019-08-21,4.93,4.98,4.88,4.96,3.890289,4646100
2019-08-22,4.98,5,4.96,4.98,3.905977,5001500
2019-08-23,4.96,5.03,4.96,5,3.921662,3915700
2019-08-26,5,5.08,4.91,5.08,3.984409,4850300
2019-08-27,5.08,5.08,4.98,5.02,3.937349,7780300
2019-08-28,5.06,5.06,4.98,5,3.921662,5664900
2019-08-29,5.03,5.04,4.92,5.03,3.945193,3903800
2019-08-30,5.04,5.05,5.02,5.05,3.960879,5173300
2019-09-03,5.05,5.09,4.96,5,3.921662,3156300
2019-09-04,4.98,5,4.98,5,3.921662,3561100
2019-09-05,4.96,5.01,4.7,4.77,3.741266,11886800
2019-09-06,4.8,4.93,4.79,4.88,3.827543,1827000
2019-09-10,4.11,4.23,4.01,4.11,3.223607,41060200
2019-09-11,4.15,4.22,4.13,4.2,3.294196,10581900
2019-09-12,4.22,4.27,4.22,4.23,3.317726,4942300
2019-09-13,4.23,4.27,4.21,4.27,3.3491,4634400
2019-09-17,4.3,4.3,4.17,4.27,3.3491,5594500
2019-09-18,4.27,4.3,4.21,4.3,3.37263,5218000
2019-09-19,4.3,4.3,4.24,4.3,3.37263,3359700
2019-09-20,4.27,4.3,4.23,4.28,3.356942,11239500
2019-09-23,4.26,4.31,4.23,4.29,3.364786,2647200
2019-09-24,4.25,4.35,4.25,4.32,3.388317,4646000
2019-09-25,4.32,4.32,4.26,4.27,3.3491,7408000
2019-09-26,4.28,4.35,4.27,4.35,3.411846,5839700
2019-09-27,4.33,4.35,4.31,4.33,3.39616,3588300
2019-09-30,4.33,4.33,4.23,4.3,3.37263,1648100
2019-10-01,4.3,4.34,4.27,4.32,3.388317,616400
2019-10-02,4.33,4.33,4.27,4.29,3.364786,1520100
2019-10-03,4.29,4.29,4.23,4.27,3.3491,4091500
2019-10-04,4.27,4.29,4.26,4.27,3.3491,2277100
2019-10-07,4.29,4.29,4.25,4.28,3.356942,1327400
2019-10-08,4.26,4.29,4.25,4.26,3.341257,923100
2019-10-09,4.22,4.28,4.21,4.26,3.341257,5032900
2019-10-10,4.27,4.28,4.26,4.27,3.3491,1757100
2019-10-11,4.26,4.29,4.26,4.29,3.364786,8917700
2019-10-14,4.3,4.33,4.28,4.3,3.37263,1381500
2019-10-15,4.27,4.3,4.2,4.24,3.364694,3603700
2019-10-16,4.24,4.27,4.21,4.24,3.364694,5817400
2019-10-17,4.23,4.27,4.23,4.27,3.388501,5659800
2019-10-18,4.27,4.28,4.21,4.22,3.348823,1656100
2019-10-21,4.24,4.25,4.21,4.25,3.37263,1309500
2019-10-22,4.23,4.25,4.22,4.25,3.37263,3673900
2019-10-23,4.22,4.25,4.22,4.25,3.37263,1282400
2019-10-24,4.25,4.29,4.24,4.29,3.404372,2021900
2019-10-25,4.29,4.29,4.23,4.25,3.37263,1253300
2019-10-29,4.27,4.28,4.24,4.28,3.396437,2939900
2019-10-30,4.3,4.3,4.25,4.29,3.404372,1910000
2019-10-31,4.26,4.3,4.22,4.3,3.412308,4740900
2019-11-01,4.26,4.3,4.26,4.3,3.412308,2014700
2019-11-04,4.3,4.3,4.24,4.3,3.412308,2374400
2019-11-05,4.3,4.31,4.25,4.28,3.396437,2597400
2019-11-06,4.3,4.3,4.25,4.3,3.412308,1315200
2019-11-07,4.31,4.31,4.26,4.3,3.412308,2141000
2019-11-08,4.3,4.38,4.27,4.37,3.467856,4437300
2019-11-11,4.35,4.4,4.29,4.33,3.436114,2360000
2019-11-12,4.37,4.6,4.32,4.44,3.523407,4794100
2019-11-13,4.46,4.46,4.3,4.33,3.436114,2185200
2019-11-14,4.38,4.38,4.24,4.26,3.380566,1803400
2019-11-15,4.26,4.3,4.25,4.27,3.388501,956400
2019-11-18,4.27,4.38,4.23,4.37,3.467856,1605000
2019-11-19,4.37,4.39,4.3,4.36,3.459921,2932100
2019-11-20,4.3,4.34,4.3,4.3,3.412308,2180700
2019-11-21,4.28,4.35,4.25,4.3,3.412308,1586200
2019-11-22,4.29,4.4,4.28,4.36,3.459921,2299300
2019-11-25,4.35,4.35,4.25,4.3,3.412308,1424200
2019-11-26,4.28,4.32,4.27,4.32,3.428179,7379500
2019-11-27,4.26,4.32,4.26,4.26,3.380566,1741800
2019-11-28,4.25,4.31,4.2,4.26,3.380566,1149100
2019-11-29,4.28,4.29,4.07,4.13,3.277403,7391400
2019-12-02,4.13,4.23,4.1,4.23,3.356758,2557200
2019-12-03,4.2,4.2,4.14,4.18,3.31708,2145600
2019-12-04,4.14,4.22,4.14,4.2,3.332952,4250700
2019-12-05,4.22,4.23,4.18,4.23,3.356758,1878200
2019-12-06,4.22,4.24,4.17,4.21,3.340887,2426700
2019-12-09,4.21,4.22,4.15,4.19,3.325016,1513400
2019-12-10,4.21,4.22,4.15,4.2,3.332952,3254900
2019-12-11,4.16,4.24,4.16,4.2,3.332952,1426400
2019-12-12,4.2,4.22,4.16,4.19,3.325016,3677300
2019-12-13,4.23,4.24,4.2,4.21,3.340887,5554900
2019-12-16,4.2,4.21,4.16,4.18,3.31708,1654300
2019-12-17,4.17,4.23,4.15,4.23,3.356758,2842200
2019-12-18,4.24,4.25,4.16,4.25,3.37263,1975300
2019-12-19,4.2,4.24,4.18,4.2,3.332952,2697400
2019-12-20,4.19,4.23,4.17,4.22,3.348823,7701700
2019-12-23,4.2,4.25,4.2,4.25,3.37263,2199500
2019-12-24,4.26,4.26,4.2,4.2,3.332952,531900
2019-12-26,4.22,4.22,4.18,4.21,3.340887,2941500
2019-12-27,4.22,4.23,4.2,4.22,3.348823,4638600
2019-12-30,4.22,4.23,4.18,4.21,3.340887,3128900
2019-12-31,4.2,4.21,4.14,4.14,3.285338,3964000
2020-01-02,4.14,4.18,4.13,4.15,3.293274,4128600
2020-01-03,4.17,4.2,4.16,4.2,3.332952,9316900
2020-01-06,4.2,4.2,4.13,4.16,3.301208,1333400
2020-01-07,4.16,4.39,4.15,4.36,3.459921,2999100
2020-01-08,4.27,4.28,4.16,4.21,3.340887,3508800
2020-01-09,4.22,4.25,4.21,4.25,3.37263,2191300
2020-01-10,4.23,4.23,4.15,4.17,3.309144,2317400
2020-01-13,4.17,4.21,4.16,4.18,3.31708,4491100
2020-01-14,4.16,4.2,4.12,4.17,3.309144,3045100
2020-01-15,4.16,4.17,4.14,4.16,3.301208,4567400
2020-01-16,4.2,4.38,4.17,4.36,3.459921,6422900
2020-01-17,4.33,4.76,4.28,4.6,3.650375,29922100
2020-01-20,4.6,4.6,4.47,4.51,3.578955,3258800
2020-01-21,4.52,4.52,4.26,4.27,3.388501,5295600
2020-01-22,4.28,4.32,4.21,4.22,3.348823,3777900
2020-01-23,4.27,4.3,4.23,4.26,3.380566,1130400
2020-01-24,4.24,4.26,4.21,4.23,3.356758,971100
2020-01-28,4.2,4.26,4.16,4.2,3.332952,806600
2020-01-29,4.21,4.38,4.19,4.3,3.412308,2941800
2020-01-30,4.3,4.33,4.26,4.3,3.412308,4175200
2020-01-31,4.26,4.31,4.22,4.3,3.412308,7125300
2020-02-03,4.25,4.28,4.18,4.2,3.332952,4380800
2020-02-04,4.21,4.39,4.21,4.35,3.451985,3580900
2020-02-05,4.38,4.43,4.28,4.37,3.467856,8033700
2020-02-06,4.37,4.39,4.35,4.38,3.475792,4068000
2020-02-07,4.32,4.36,4.29,4.35,3.451985,3569600
2020-02-10,4.39,4.39,4.28,4.3,3.412308,3607500
2020-02-11,4.34,4.4,4.31,4.37,3.467856,2560900
2020-02-12,4.36,4.44,4.32,4.36,3.459921,5759800
2020-02-13,4.36,4.38,4.33,4.38,3.475792,3172900
2020-02-14,4.35,4.4,4.33,4.4,3.491664,3200800
2020-02-17,4.33,4.4,4.3,4.33,3.436114,2178200
2020-02-18,4.33,4.35,4.32,4.33,3.436114,418500
2020-02-19,4.33,4.34,4.25,4.27,3.388501,1060000
2020-02-20,4.28,4.3,4.23,4.25,3.37263,1600400
2020-02-21,4.26,4.37,4.24,4.25,3.37263,4632700
2020-02-24,4.16,4.23,4.03,4.14,3.285338,11323100
2020-02-25,4.11,4.25,4.1,4.21,3.340887,4837900
2020-02-26,4.15,4.23,4.14,4.15,3.293274,7164700
2020-02-27,4.16,4.22,4.11,4.2,3.332952,2834400
2020-02-28,4.09,4.21,4.09,4.18,3.31708,7311000
2020-03-02,4.15,4.15,4.01,4.06,3.221853,5270300
2020-03-03,4.09,4.11,4.04,4.07,3.229789,3747600
2020-03-04,4.03,4.09,4.03,4.04,3.205982,3493900
2020-03-05,4.05,4.08,4.02,4.05,3.213917,3692700
2020-03-06,4.07,4.07,3.98,4,3.174239,5792100
2020-03-09,3.97,4.03,3.9,3.98,3.158369,4610400
2020-03-10,3.94,4.06,3.94,3.99,3.166304,9702500
2020-03-11,3.99,4.02,3.94,3.96,3.142497,8149700
2020-03-12,3.95,3.96,3.93,3.94,3.126626,6903700
2020-03-13,3.7,3.98,3.48,3.9,3.094883,16717900
2020-03-16,3.76,3.84,3.56,3.65,2.896493,11683300
2020-03-17,3.32,3.63,3.32,3.4,2.698104,12908600
2020-03-18,3.46,3.54,3.18,3.22,2.555263,10470300
2020-03-19,3.21,3.22,3.01,3.1,2.460035,10978900
2020-03-20,3.11,3.27,3.11,3.2,2.539392,21833200
2020-03-23,3.14,3.15,3.08,3.12,2.475907,7546900
2020-03-24,3.12,3.47,3.12,3.27,2.594941,8660900
2020-03-25,3.42,3.54,3.37,3.43,2.72191,9389700
2020-03-26,3.52,3.53,3.35,3.4,2.698104,8458300
2020-03-27,3.42,3.47,3.37,3.38,2.682232,8098300
2020-03-30,3.3,3.4,3.13,3.22,2.555263,15591700
2020-03-31,3.26,3.32,3.23,3.28,2.602877,20777800
2020-04-01,3.27,3.28,3.16,3.2,2.539392,9088800
2020-04-02,3.18,3.24,3.18,3.21,2.547327,8371000
2020-04-03,3.21,3.23,3.17,3.2,2.539392,4249500
2020-04-06,3.2,3.35,3.19,3.28,2.602877,8740200
2020-04-07,3.35,3.55,3.35,3.47,2.753653,13564100
2020-04-08,3.47,3.64,3.47,3.55,2.817138,10410600
2020-04-09,3.64,3.65,3.58,3.61,2.864751,4359500
2020-04-10,3.62,3.62,3.52,3.56,2.825073,5066000
2020-04-13,3.59,3.61,3.51,3.59,2.84888,4377900
2020-04-14,3.6,3.64,3.52,3.61,2.864751,6692800
2020-04-15,3.62,3.74,3.61,3.72,2.952043,8052900
2020-04-16,3.7,3.76,3.64,3.72,2.952043,9767400
2020-04-17,3.72,3.93,3.72,3.81,3.023463,6311900
2020-04-20,3.83,3.9,3.82,3.85,3.055205,6989500
2020-04-21,3.84,3.87,3.72,3.75,2.97585,7777000
2020-04-22,3.7,3.77,3.64,3.75,2.97585,6656000
2020-04-23,3.76,3.86,3.76,3.84,3.04727,4789300
2020-04-24,3.79,3.79,3.69,3.69,2.962958,5484600
2020-04-27,3.74,3.74,3.67,3.7,2.970988,3377000
2020-04-28,3.7,3.72,3.67,3.7,2.970988,4237500
2020-04-29,3.71,3.75,3.7,3.72,2.987047,2881600
2020-04-30,3.75,3.98,3.72,3.94,3.163701,7427000
2020-05-04,3.83,3.83,3.75,3.79,3.043255,6173500
2020-05-05,3.85,3.9,3.81,3.87,3.107492,2429000
2020-05-06,3.84,3.91,3.84,3.87,3.107492,3851500
2020-05-08,3.87,3.95,3.85,3.89,3.123553,2769400
2020-05-12,3.96,3.96,3.86,3.89,3.123553,3861800
2020-05-13,3.84,3.94,3.84,3.92,3.147641,5473600
2020-05-14,3.89,3.94,3.84,3.94,3.163701,3397400
2020-05-15,3.92,3.96,3.88,3.89,3.123553,4179700
2020-05-18,3.89,3.94,3.86,3.88,3.115522,2651700
2020-05-19,3.92,3.95,3.86,3.91,3.139611,2974500
2020-05-20,3.88,3.89,3.86,3.86,3.099463,3214000
2020-05-21,3.86,3.89,3.77,3.77,3.027196,8775700
2020-05-22,3.77,3.77,3.68,3.7,2.970988,3253200
2020-05-27,3.71,3.76,3.62,3.7,2.970988,6677600
2020-05-28,3.72,3.75,3.66,3.74,3.003107,6086600
2020-05-29,3.7,3.88,3.7,3.8,3.051285,9544900
2020-06-02,3.8,3.8,3.8,3.8,3.051285,0
2020-06-03,3.93,3.98,3.79,3.79,3.043255,8141100
2020-06-04,3.79,3.9,3.72,3.74,3.003107,8088600
2020-06-05,3.75,3.79,3.73,3.74,3.003107,3668700
2020-06-09,3.8,3.82,3.56,3.65,2.93084,12840700
2020-06-10,3.69,3.72,3.67,3.69,2.962958,5085400
2020-06-11,3.67,3.75,3.58,3.61,2.898721,6065300
2020-06-12,3.56,3.63,3.52,3.63,2.91478,5187900
2020-06-15,3.65,3.65,3.5,3.5,2.810394,7075900
2020-06-16,3.56,3.58,3.5,3.5,2.810394,5463900
2020-06-17,3.52,3.52,3.46,3.5,2.810394,6200900
2020-06-18,3.5,3.5,3.46,3.47,2.786305,4752600
2020-06-19,3.49,3.53,3.46,3.46,2.778275,6483500
2020-06-22,3.5,3.51,3.41,3.51,2.818424,3257900
2020-06-23,3.51,3.51,3.45,3.48,2.794334,5551700
2020-06-24,3.48,3.49,3.43,3.48,2.794334,3161800
2020-06-25,3.45,3.45,3.39,3.39,2.722067,6077600
2020-06-26,3.45,3.48,3.41,3.46,2.778275,4491000
2020-06-29,3.46,3.61,3.41,3.58,2.874632,3007200
2020-06-30,3.58,3.6,3.52,3.55,2.850542,10470700
2020-07-01,3.57,3.57,3.52,3.55,2.850542,4103600
2020-07-02,3.53,3.56,3.47,3.51,2.818424,3529400
2020-07-03,3.49,3.51,3.46,3.5,2.810394,3654900
2020-07-06,3.48,3.53,3.47,3.49,2.802364,1372500
2020-07-07,3.5,3.52,3.4,3.42,2.746156,7361800
2020-07-08,3.45,3.49,3.42,3.49,2.802364,7663700
2020-07-09,3.5,3.5,3.34,3.41,2.738127,6012300
2020-07-10,3.43,3.45,3.39,3.41,2.738127,5246300
2020-07-13,3.4,3.42,3.38,3.4,2.730097,3963200
2020-07-14,3.42,3.44,3.37,3.42,2.746156,2378900
2020-07-15,3.44,3.48,3.41,3.41,2.738127,2738600
2020-07-16,3.46,3.46,3.35,3.35,2.689948,1324800
2020-07-17,3.4,3.44,3.36,3.38,2.714038,2220400
2020-07-20,3.37,3.37,3.26,3.3,2.6498,7525600
2020-07-21,3.31,3.33,3.21,3.23,2.593592,6484700
2020-07-22,3.25,3.28,3.23,3.25,2.609652,5502800
2020-07-23,3.27,3.28,3.2,3.2,2.569503,4164900
2020-07-24,3.22,3.23,3.2,3.23,2.593592,2607400
2020-07-27,3.24,3.25,3.2,3.21,2.577533,2772900
2020-07-28,3.22,3.26,3.21,3.22,2.585563,4831000
2020-07-29,3.26,3.27,3.21,3.25,2.609652,3349500
2020-07-30,3.26,3.28,3.18,3.2,2.569503,5657500
2020-08-03,3.22,3.23,3.1,3.1,2.489206,5108400
2020-08-04,3.11,3.15,3.11,3.13,2.513295,3781100
2020-08-05,3.15,3.15,3.1,3.14,2.521325,4323900
2020-08-06,3.14,3.17,3.12,3.17,2.545414,3883600
2020-08-07,3.2,3.2,3.14,3.15,2.529355,1175200
2020-08-10,3.18,3.2,3.15,3.19,2.561474,1643000
2020-08-11,3.2,3.2,3.1,3.12,2.505265,2942200
2020-08-12,3.15,3.18,3.1,3.15,2.529355,2196400
2020-08-13,3.17,3.19,3.12,3.15,2.529355,1646500
2020-08-14,3.17,3.18,3.11,3.18,2.553444,5411700
2020-08-17,3.18,3.19,3.1,3.15,2.529355,2876500
2020-08-18,3.14,3.15,3.1,3.1,2.489206,2620600
2020-08-19,3.1,3.12,3.07,3.08,2.473147,3087100
2020-08-21,3.08,3.11,3.08,3.09,2.481176,1797900
2020-08-24,3.09,3.13,3.08,3.11,2.497236,1506300
2020-08-25,3.12,3.15,3.1,3.11,2.497236,2518400
2020-08-26,3.12,3.15,3.1,3.11,2.497236,2563400
2020-08-27,3.13,3.15,3.1,3.13,2.513295,4760200
2020-08-28,3.13,3.15,3.01,3.01,2.416939,8025900
2020-09-01,3.1,3.11,3.01,3.01,2.416939,8233500
2020-09-02,3.02,3.04,3,3.03,2.432998,8171400
2020-09-03,3.05,3.05,2.99,3.02,2.424969,4276300
2020-09-04,3,3.02,2.99,3.01,2.416939,2411600
2020-09-07,3.02,3.04,3.01,3.03,2.432998,4683700
2020-09-08,3.04,3.22,3.02,3.22,2.585563,2580000
2020-09-09,3.15,3.16,3.09,3.11,2.497236,3613700
2020-09-10,3.12,3.16,3.11,3.15,2.529355,2703300
2020-09-11,3.15,3.15,3.06,3.09,2.481176,1445500
2020-09-14,3.1,3.1,3.05,3.07,2.465117,1206100
2020-09-15,3.07,3.14,3.06,3.1,2.489206,1182100
2020-09-17,3.1,3.12,3.02,3.05,2.449058,2488000
2020-09-18,3.05,3.22,3.03,3.15,2.529355,10190500
2020-09-21,3.16,3.17,3.1,3.15,2.529355,1686200
2020-09-22,3.1,3.2,3.1,3.16,2.537384,1037300
2020-09-23,3.19,3.19,3.04,3.06,2.457087,1567200
2020-09-24,3.04,3.05,2.99,2.99,2.40088,2633200
2020-09-25,3.03,3.03,2.97,2.97,2.38482,6692500
2020-09-28,2.96,2.97,2.92,2.92,2.360567,1807700
2020-09-29,2.93,2.96,2.91,2.93,2.368652,5429900
2020-09-30,2.95,2.97,2.91,2.95,2.38482,2786600
2020-10-01,2.94,2.94,2.91,2.93,2.368652,1144300
2020-10-02,2.92,2.96,2.88,2.88,2.328231,1649900
2020-10-05,2.9,2.95,2.9,2.94,2.376736,2440500
2020-10-06,2.95,2.98,2.94,2.96,2.392904,1917100
2020-10-07,2.96,2.96,2.88,2.88,2.328231,3949300
2020-10-08,2.89,2.91,2.86,2.9,2.344399,1822800
2020-10-09,2.9,2.98,2.88,2.98,2.409072,2026700
2020-10-12,2.98,2.98,2.92,2.96,2.392904,1138800
2020-10-13,2.94,2.96,2.9,2.93,2.368652,2586500
2020-10-14,2.93,2.93,2.89,2.9,2.344399,4168200
2020-10-15,2.9,2.91,2.81,2.81,2.271642,4678100
2020-10-16,2.83,2.84,2.71,2.72,2.198885,3706100
2020-10-19,2.74,2.75,2.7,2.72,2.198885,3091400
2020-10-20,2.72,2.76,2.72,2.73,2.206969,4642500
2020-10-21,2.73,2.75,2.66,2.66,2.15038,3797100
2020-10-22,2.66,2.75,2.66,2.75,2.223137,3569100
2020-10-23,2.75,2.8,2.74,2.78,2.24739,2070300
2020-10-26,2.76,2.79,2.71,2.78,2.24739,1765400
2020-10-27,2.78,2.88,2.76,2.84,2.295894,6375800
2020-10-28,2.87,3.04,2.85,3.04,2.457577,8336700
2020-10-30,3.03,3.03,2.89,2.93,2.368652,6452000
2020-11-02,2.9,3,2.9,3,2.425241,2050300
2020-11-03,3,3.05,2.93,2.93,2.368652,1276800
2020-11-04,2.95,2.99,2.9,2.96,2.392904,2451300
2020-11-05,2.96,3.05,2.96,3.05,2.465661,1962600
2020-11-06,3.06,3.2,3.06,3.2,2.586923,3317900
2020-11-09,3.23,3.29,3.14,3.16,2.554587,4162800
2020-11-10,3.22,3.44,3.21,3.34,2.700101,6888400
2020-11-11,3.34,3.34,3.27,3.3,2.667764,3468800
2020-11-12,3.3,3.37,3.28,3.36,2.716269,7376600
2020-11-13,3.34,3.36,3.3,3.35,2.708185,2699200
2020-11-16,3.36,3.37,3.3,3.34,2.700101,2272500
2020-11-17,3.35,3.35,3.31,3.34,2.700101,2943900
2020-11-18,3.34,3.4,3.24,3.4,2.748606,6761800
2020-11-19,3.39,3.39,3.32,3.33,2.692017,3440300
2020-11-20,3.33,3.35,3.26,3.28,2.651597,3837100
2020-11-23,3.28,3.32,3.28,3.31,2.675849,5434800
2020-11-24,3.33,3.35,3.28,3.3,2.667764,4506200
2020-11-25,3.31,3.33,3.3,3.32,2.683933,2925700
2020-11-26,3.35,3.37,3.33,3.35,2.708185,4624200
2020-11-27,3.36,3.79,3.36,3.73,3.015383,22574300
2020-11-30,3.73,3.8,3.53,3.55,2.869868,22285100
2020-12-01,3.65,3.82,3.61,3.78,3.055803,10057900
2020-12-02,3.8,3.81,3.65,3.7,2.99113,9227600
2020-12-03,3.7,3.88,3.67,3.84,3.104308,15802100
2020-12-04,3.82,3.88,3.77,3.77,3.047719,8152700
2020-12-07,3.78,3.8,3.74,3.77,3.047719,3307700
2020-12-08,3.76,3.78,3.74,3.78,3.055803,4969300
2020-12-09,3.78,3.79,3.71,3.71,2.999214,2978300
2020-12-10,3.71,3.76,3.71,3.74,3.023467,3060300
2020-12-11,3.74,3.88,3.74,3.87,3.12856,7277200
2020-12-14,3.82,3.9,3.82,3.87,3.12856,5006800
2020-12-15,3.85,3.85,3.73,3.82,3.08814,8055000
2020-12-16,3.83,3.87,3.82,3.87,3.12856,6766400
2020-12-17,3.87,3.95,3.85,3.95,3.193234,8354400
2020-12-18,3.95,3.95,3.82,3.87,3.12856,5176900
2020-12-21,3.87,3.87,3.67,3.74,3.023467,4006400
2020-12-22,3.72,3.78,3.68,3.72,3.007299,1793500
2020-12-23,3.72,3.8,3.69,3.75,3.031551,1150500
2020-12-24,3.75,3.79,3.72,3.75,3.031551,1022200
2020-12-28,3.73,3.77,3.73,3.75,3.031551,1950900
2020-12-29,3.75,3.75,3.71,3.71,2.999214,1718700
2020-12-30,3.74,3.75,3.69,3.74,3.023467,3267300
2020-12-31,3.73,3.74,3.7,3.74,3.023467,2423300
2021-01-04,3.75,3.75,3.63,3.7,2.99113,2387200
2021-01-05,3.7,3.72,3.63,3.64,2.942626,2923700
2021-01-06,3.64,3.64,3.48,3.5,2.829448,4725700
2021-01-07,3.52,3.52,3.38,3.43,2.772858,7138600
2021-01-08,3.44,3.49,3.39,3.47,2.805195,7511300
2021-01-11,3.44,3.64,3.4,3.63,2.934541,3881800
2021-01-12,3.61,3.68,3.52,3.68,2.974962,2445000
2021-01-13,3.68,3.72,3.66,3.7,2.99113,3779800
2021-01-14,3.74,3.75,3.69,3.7,2.99113,2069600
2021-01-15,3.71,3.74,3.65,3.65,2.95071,2424600
2021-01-18,3.68,3.71,3.6,3.65,2.95071,2166500
2021-01-19,3.65,3.7,3.53,3.56,2.877952,4239800
2021-01-20,3.57,3.64,3.55,3.55,2.869868,3830700
2021-01-21,3.62,3.64,3.55,3.58,2.894121,1697600
2021-01-22,3.56,3.59,3.42,3.46,2.797111,5717300
2021-01-25,3.47,3.5,3.37,3.37,2.724354,5450700
2021-01-26,3.4,3.41,3.25,3.25,2.627344,8367000
2021-01-27,3.26,3.54,3.26,3.34,2.700101,8595900
2021-01-29,3.31,3.4,3.27,3.33,2.692017,6783000
2021-02-02,3.36,3.41,3.31,3.39,2.740522,2865800
2021-02-03,3.4,3.49,3.4,3.43,2.772858,4847400
2021-02-04,3.39,3.48,3.36,3.4,2.748606,2773400
2021-02-05,3.4,3.41,3.34,3.35,2.708185,1921700
2021-02-08,3.39,3.42,3.34,3.35,2.708185,2714700
2021-02-09,3.37,3.42,3.34,3.39,2.740522,2201600
2021-02-10,3.39,3.42,3.34,3.37,2.724354,2295700
2021-02-11,3.38,3.43,3.36,3.43,2.772858,376600
2021-02-15,3.43,3.6,3.43,3.5,2.829448,3271900
2021-02-16,3.54,3.57,3.48,3.55,2.869868,4137000
2021-02-17,3.56,3.56,3.36,3.38,2.732438,4359200
2021-02-18,3.4,3.44,3.29,3.29,2.659681,4609300
2021-02-19,3.31,3.37,3.3,3.37,2.724354,4345500
2021-02-22,3.41,3.46,3.4,3.41,2.75669,2514200
2021-02-23,3.41,3.44,3.35,3.35,2.708185,2726900
2021-02-24,3.36,3.43,3.33,3.4,2.748606,5772600
2021-02-25,3.43,3.6,3.4,3.57,2.886036,7551400
2021-02-26,3.51,3.56,3.46,3.55,2.869868,11850000
2021-03-01,3.5,3.54,3.47,3.47,2.805195,2095600
2021-03-02,3.5,3.54,3.4,3.48,2.813279,5170000
2021-03-03,3.46,3.54,3.42,3.45,2.789027,4783000
2021-03-04,3.45,3.48,3.4,3.41,2.75669,2940300
2021-03-05,3.41,3.45,3.41,3.43,2.772858,1556400
2021-03-08,3.48,3.6,3.45,3.57,2.886036,4070200
2021-03-09,3.61,3.7,3.6,3.7,2.99113,3185500
2021-03-10,3.71,3.75,3.68,3.72,3.007299,3713300
2021-03-11,3.73,3.73,3.67,3.71,2.999214,2960500
2021-03-12,3.71,3.77,3.71,3.74,3.023467,4052200
2021-03-15,3.75,3.78,3.73,3.76,3.039635,3406700
2021-03-16,3.78,3.78,3.7,3.76,3.039635,2126100
2021-03-17,3.85,3.86,3.77,3.85,3.112392,3123700
2021-03-18,3.81,3.85,3.8,3.8,3.071971,4112400
2021-03-19,3.81,3.85,3.74,3.85,3.112392,13195100
2021-03-22,3.85,3.87,3.77,3.8,3.071971,2804900
2021-03-23,3.8,3.81,3.69,3.69,2.983046,4288200
2021-03-24,3.63,3.69,3.57,3.66,2.999437,2645300
2021-03-25,3.69,3.69,3.58,3.64,2.983046,2584100
2021-03-26,3.65,3.68,3.61,3.68,3.015827,931100
2021-03-29,3.69,3.85,3.62,3.85,3.155145,3511000
2021-03-30,3.79,3.79,3.69,3.79,3.105974,3065500
2021-03-31,3.79,3.79,3.6,3.65,2.991242,5527000
2021-04-01,3.64,3.7,3.62,3.67,3.007632,2219200
2021-04-02,3.67,3.71,3.62,3.7,3.032217,1128000
2021-04-05,3.71,3.76,3.65,3.75,3.073193,2498900
2021-04-06,3.74,3.75,3.68,3.69,3.024022,2631100
2021-04-07,3.7,3.8,3.7,3.8,3.114169,3751600
2021-04-08,3.8,3.8,3.8,3.8,3.114169,0
2021-04-09,3.93,4.23,3.9,4.11,3.36822,47032900
2021-04-12,4.13,4.13,3.89,3.93,3.220706,13817600
2021-04-13,3.93,3.95,3.84,3.87,3.171535,4224600
2021-04-14,3.85,3.88,3.82,3.87,3.171535,2508100
2021-04-15,3.89,3.89,3.77,3.85,3.155145,2844300
2021-04-16,3.85,3.85,3.78,3.8,3.114169,1620500
2021-04-19,3.79,3.84,3.73,3.79,3.105974,1455200
2021-04-20,3.8,4,3.77,4,3.278073,3749200
2021-04-21,3.98,3.98,3.81,3.81,3.122364,2076400
2021-04-22,3.82,3.85,3.76,3.78,3.097779,3615000
2021-04-23,3.78,3.85,3.77,3.82,3.130559,628500
2021-04-26,3.86,3.86,3.8,3.83,3.138755,1488800
2021-04-27,3.83,3.91,3.79,3.87,3.171535,2280800
2021-04-28,3.91,3.92,3.81,3.82,3.130559,1640700
2021-04-30,3.82,3.87,3.78,3.87,3.171535,2911900
2021-05-03,3.84,3.85,3.77,3.78,3.097779,2229300
2021-05-04,3.76,3.81,3.7,3.7,3.032217,2046200
2021-05-05,3.71,3.73,3.62,3.65,2.991242,2641300
2021-05-06,3.69,3.77,3.65,3.77,3.089583,2702800
2021-05-07,3.79,3.79,3.66,3.68,3.015827,1340700
2021-05-10,3.68,3.72,3.63,3.66,2.999437,890200
2021-05-11,3.65,3.68,3.62,3.66,2.999437,1281900
2021-05-12,3.67,3.72,3.62,3.71,3.040412,1093900
2021-05-17,3.69,3.78,3.65,3.67,3.007632,3918000
2021-05-18,3.66,3.75,3.66,3.72,3.048607,2434700
2021-05-19,3.7,3.71,3.56,3.58,2.933875,3772300
2021-05-20,3.58,3.63,3.5,3.55,2.909289,4020500
2021-05-21,3.55,3.57,3.38,3.4,2.786362,10115400
2021-05-24,3.42,3.54,3.4,3.49,2.860119,6786800
2021-05-25,3.48,3.53,3.44,3.5,2.868314,5084200
2021-05-27,3.52,3.68,3.5,3.68,3.015827,25207300
2021-05-28,3.68,3.73,3.62,3.7,3.032217,5082800
2021-05-31,3.63,3.73,3.58,3.7,3.032217,2233300
2021-06-01,3.73,3.74,3.69,3.72,3.048607,707300
2021-06-02,3.7,3.81,3.7,3.8,3.114169,4559000
2021-06-03,3.85,3.89,3.83,3.89,3.187926,3301600
2021-06-04,3.89,3.89,3.78,3.87,3.171535,5095800
2021-06-08,3.87,3.9,3.82,3.84,3.14695,3244300
2021-06-09,3.88,3.88,3.76,3.85,3.155145,2908200
2021-06-10,3.85,3.85,3.82,3.82,3.130559,1466900
2021-06-11,3.82,3.86,3.79,3.83,3.138755,3169300
2021-06-14,3.83,3.9,3.81,3.85,3.155145,3059900
2021-06-15,3.85,3.92,3.79,3.92,3.212512,3712400
2021-06-16,3.95,4.03,3.95,3.99,3.269878,9887700
2021-06-17,3.99,4.01,3.92,3.98,3.261682,6801300
2021-06-18,3.99,4.09,3.93,4.09,3.35183,12032000
2021-06-21,4.04,4.05,3.92,3.98,3.261682,2964700
2021-06-22,4.01,4.08,4,4.01,3.286268,4466500
2021-06-23,4.01,4.04,3.94,3.94,3.228901,1664900
2021-06-24,3.94,3.98,3.85,3.87,3.171535,1280200
2021-06-25,3.87,3.92,3.84,3.86,3.16334,1102600
2021-06-28,3.86,3.9,3.76,3.8,3.114169,2695500
2021-06-29,3.84,3.84,3.75,3.79,3.105974,1941400
2021-06-30,3.76,3.84,3.71,3.74,3.064998,3826000
2021-07-01,3.74,3.87,3.73,3.78,3.097779,2738100
2021-07-02,3.8,3.84,3.77,3.82,3.130559,3402500
2021-07-05,3.82,3.82,3.74,3.8,3.114169,3545000
2021-07-06,3.8,3.83,3.78,3.8,3.114169,1505600
2021-07-07,3.8,3.84,3.77,3.81,3.122364,2552200
2021-07-08,3.78,3.8,3.71,3.8,3.114169,2568700
2021-07-09,3.8,3.81,3.75,3.78,3.097779,2239300
2021-07-12,3.78,3.82,3.7,3.74,3.064998,1113400
2021-07-13,3.74,3.81,3.74,3.81,3.122364,1788000
2021-07-14,3.81,3.85,3.75,3.8,3.114169,4053400
2021-07-15,3.81,3.83,3.75,3.8,3.114169,1903900
2021-07-16,3.81,3.82,3.72,3.76,3.081388,2947300
2021-07-19,3.78,3.82,3.75,3.76,3.081388,4636800
2021-07-21,3.77,3.8,3.74,3.78,3.097779,1972400
2021-07-22,3.8,3.87,3.77,3.87,3.171535,2987800
2021-07-23,3.84,3.89,3.84,3.87,3.171535,650200
2021-07-26,3.84,3.86,3.82,3.84,3.14695,2354700
2021-07-27,3.84,3.86,3.82,3.82,3.130559,1166800
2021-07-28,3.81,3.85,3.77,3.82,3.130559,1436600
2021-07-29,3.82,3.88,3.81,3.84,3.14695,1686800
2021-07-30,3.81,3.83,3.73,3.73,3.056803,2855200
2021-08-02,3.78,3.78,3.66,3.71,3.040412,2435300
2021-08-03,3.72,3.73,3.66,3.73,3.056803,2105100
2021-08-04,3.72,3.73,3.66,3.72,3.048607,1659300
2021-08-05,3.73,3.79,3.72,3.76,3.081388,1750100
2021-08-06,3.76,3.83,3.73,3.78,3.097779,1087100
2021-08-09,3.78,3.82,3.75,3.82,3.130559,785100
2021-08-11,3.8,3.85,3.79,3.81,3.122364,2752800
2021-08-12,3.78,3.86,3.76,3.78,3.097779,1489700
2021-08-13,3.78,3.81,3.75,3.8,3.114169,1970600
2021-08-16,3.79,3.84,3.74,3.83,3.138755,1831800
2021-08-17,3.82,3.94,3.82,3.91,3.204316,3863200
2021-08-18,3.85,3.9,3.85,3.89,3.187926,1111000
2021-08-19,3.87,3.92,3.87,3.92,3.212512,965800
2021-08-20,3.88,3.92,3.88,3.91,3.204316,1323900
2021-08-23,3.93,3.94,3.9,3.94,3.228901,2307200
2021-08-24,3.95,3.95,3.87,3.95,3.237097,2470000
2021-08-25,3.96,4.04,3.91,4.04,3.310853,3408100
2021-08-26,4.04,4.1,3.98,4,3.278073,6201100
2021-08-27,3.96,4.06,3.95,4.04,3.310853,6129500
2021-08-30,4.06,4.16,4.06,4.14,3.392806,11933600
2021-09-01,4.01,4.15,4.01,4.07,3.335439,5128100
2021-09-02,4.05,4.14,4.05,4.1,3.360025,4800600
2021-09-03,4.09,4.1,4.05,4.1,3.360025,1638600
2021-09-06,4.11,4.11,4,4.02,3.294463,3264100
2021-09-07,4.04,4.06,3.99,4.05,3.319049,2121200
2021-09-08,4,4.19,4,4.19,3.433781,4225100
2021-09-09,4.12,4.14,4.09,4.12,3.376415,2428900
2021-09-10,4.12,4.13,4.08,4.11,3.36822,1631900
2021-09-13,4.08,4.13,4.08,4.13,3.38461,2119300
2021-09-14,4.08,4.13,4.01,4.04,3.343233,3462400
2021-09-15,4.04,4.07,3.96,3.98,3.293581,3523600
2021-09-17,3.98,4.01,3.91,3.91,3.235654,9291800
2021-09-20,3.93,3.98,3.91,3.95,3.268755,1886400
2021-09-21,3.91,4.1,3.91,4.1,3.392885,2510300
2021-09-22,4.1,4.1,3.95,4,3.310132,2862500
2021-09-23,4.01,4.11,4,4.11,3.401161,1990900
2021-09-24,4.11,4.11,3.99,4.09,3.38461,2215900
2021-09-27,4.09,4.09,3.95,4.03,3.334958,3185700
2021-09-28,4.07,4.07,3.98,4.05,3.351509,1776300
2021-09-29,4.05,4.05,3.95,4.05,3.351509,1508000
2021-09-30,4.05,4.05,3.91,3.91,3.235654,5807900
2021-10-01,3.92,3.95,3.83,3.88,3.210828,3987500
2021-10-04,3.88,3.91,3.86,3.9,3.227379,2513100
2021-10-05,3.91,3.93,3.85,3.92,3.24393,2367100
2021-10-06,3.89,3.97,3.86,3.97,3.285306,2923200
2021-10-07,3.93,3.98,3.89,3.98,3.293581,1863900
2021-10-08,3.98,4,3.93,3.99,3.301857,1272000
2021-10-11,4,4.03,3.95,4,3.310132,1902400
2021-10-12,4.03,4.1,3.95,4.1,3.392885,3712900
2021-10-13,4.1,4.11,4.02,4.1,3.392885,1849600
2021-10-14,4.1,4.1,4,4.01,3.318407,677000
2021-10-15,4.04,4.11,4.01,4.1,3.392885,2743000
2021-10-18,4.1,4.13,4.06,4.1,3.392885,1073500
2021-10-20,4.11,4.11,4.07,4.1,3.392885,1257500
2021-10-21,4.06,4.1,3.96,3.96,3.27703,2372200
2021-10-22,3.98,4.02,3.95,4,3.310132,1127600
2021-10-25,4.01,4.03,3.94,3.97,3.285306,1583400
2021-10-26,3.99,4.05,3.94,4.04,3.343233,2505700
2021-10-27,4.07,4.07,3.99,4.01,3.318407,2389500
2021-10-28,3.99,4.01,3.96,3.97,3.285306,702100
2021-10-29,3.97,3.99,3.9,3.95,3.268755,2088000
2021-11-01,3.95,3.95,3.79,3.83,3.169451,4067100
2021-11-02,3.85,3.88,3.83,3.85,3.186002,1898800
2021-11-03,3.86,3.88,3.81,3.82,3.161176,2133700
2021-11-05,3.85,3.88,3.82,3.86,3.194277,1725200
2021-11-08,3.85,3.97,3.85,3.87,3.202553,1667900
2021-11-09,3.87,3.92,3.83,3.88,3.210828,1564800
2021-11-10,3.85,3.89,3.81,3.84,3.177727,1235300
2021-11-11,3.86,3.86,3.81,3.84,3.177727,867000
2021-11-12,3.85,3.96,3.84,3.96,3.27703,1534400
2021-11-15,3.89,3.97,3.89,3.97,3.285306,1397000
2021-11-16,3.92,3.96,3.9,3.91,3.235654,2202200
2021-11-17,3.9,3.9,3.81,3.85,3.186002,1890400
2021-11-18,3.85,3.86,3.81,3.83,3.169451,1455800
2021-11-19,3.84,3.99,3.83,3.98,3.293581,7189400
2021-11-22,4,4.02,3.94,3.97,3.285306,2821300
2021-11-23,3.92,4,3.89,3.94,3.26048,2661000
2021-11-24,3.96,4.05,3.94,3.97,3.285306,2669300
2021-11-25,3.96,4,3.96,4,3.310132,2589200
2021-11-26,4,4,3.87,3.9,3.227379,4079900
2021-11-29,3.88,3.99,3.87,3.98,3.293581,7603800
2021-11-30,4,4.08,3.9,3.9,3.227379,25704200
2021-12-01,3.89,3.96,3.81,3.81,3.152901,5889000
2021-12-02,3.81,3.83,3.77,3.79,3.13635,5315900
2021-12-06,3.87,3.87,3.65,3.65,3.020496,6178100
2021-12-07,3.69,3.79,3.68,3.79,3.13635,3244500
2021-12-08,3.75,3.78,3.7,3.7,3.061872,3538900
2021-12-09,3.71,3.84,3.71,3.84,3.177727,3010200
2021-12-10,3.84,3.87,3.76,3.78,3.128075,2054500
2021-12-13,3.8,3.8,3.73,3.75,3.103249,3203600
2021-12-14,3.72,3.79,3.66,3.7,3.061872,5141400
2021-12-15,3.76,3.76,3.62,3.67,3.037046,3703300
2021-12-16,3.68,3.72,3.64,3.64,3.01222,4303100
2021-12-17,3.68,3.68,3.62,3.65,3.020496,7077900
2021-12-20,3.65,3.67,3.58,3.61,2.987394,3984500
2021-12-21,3.59,3.7,3.59,3.68,3.045321,4179200
2021-12-22,3.68,3.69,3.62,3.63,3.003945,3311000
2021-12-23,3.65,3.69,3.62,3.69,3.053597,3791600
2021-12-24,3.68,3.73,3.67,3.69,3.053597,684600
2021-12-27,3.7,3.76,3.7,3.75,3.103249,2988900
2021-12-28,3.77,3.81,3.71,3.71,3.070147,2825500
2021-12-29,3.71,3.87,3.71,3.87,3.202553,3738400
2021-12-30,3.86,3.88,3.81,3.85,3.186002,1848700
2021-12-31,3.85,4.16,3.81,4.16,3.442537,7751400
2022-01-03,3.94,3.99,3.86,3.88,3.210828,1968800
2022-01-04,3.88,3.9,3.84,3.88,3.210828,1689500
2022-01-05,3.9,3.92,3.86,3.9,3.227379,3045600
2022-01-06,3.9,3.91,3.84,3.86,3.194277,2715900
2022-01-07,3.86,3.91,3.82,3.84,3.177727,3828800
2022-01-10,3.84,3.89,3.78,3.8,3.144625,4016100
2022-01-11,3.8,3.85,3.78,3.85,3.186002,4398400
2022-01-12,3.82,3.86,3.8,3.83,3.169451,2233000
2022-01-13,3.8,3.83,3.79,3.83,3.169451,1991500
2022-01-14,3.8,3.85,3.72,3.78,3.128075,4472600
2022-01-17,3.74,3.81,3.74,3.77,3.1198,2216500
2022-01-19,3.77,3.8,3.73,3.77,3.1198,1739200
2022-01-20,3.74,3.8,3.74,3.74,3.094974,1818400
2022-01-21,3.79,3.79,3.68,3.73,3.086698,2809300
2022-01-24,3.78,3.8,3.73,3.77,3.1198,1091000
2022-01-25,3.76,3.76,3.66,3.71,3.070147,2282100
2022-01-26,3.71,3.73,3.67,3.67,3.037046,2221500
2022-01-27,3.69,3.7,3.63,3.66,3.028771,1107500
2022-01-28,3.69,3.78,3.67,3.74,3.094974,2991200
2022-01-31,3.75,3.78,3.7,3.72,3.078423,1371800
2022-02-03,3.75,3.86,3.73,3.86,3.194277,2897800
2022-02-04,3.86,3.86,3.79,3.84,3.177727,1426500
2022-02-07,3.82,3.85,3.8,3.82,3.161176,3331800
2022-02-08,3.85,3.85,3.8,3.83,3.169451,1131500
2022-02-09,3.85,3.92,3.85,3.89,3.219103,3938900
2022-02-10,3.86,3.94,3.85,3.89,3.219103,3480300
2022-02-11,3.86,3.97,3.86,3.93,3.252205,2673400
2022-02-14,3.93,3.96,3.9,3.96,3.27703,1674600
2022-02-15,3.98,3.98,3.91,3.95,3.268755,2915900
2022-02-16,3.98,4,3.84,3.9,3.227379,3477600
2022-02-17,3.94,3.98,3.83,3.87,3.202553,3570900
2022-02-18,3.85,3.91,3.85,3.87,3.202553,2689200
2022-02-21,3.87,3.91,3.84,3.89,3.219103,2593000
2022-02-22,3.85,3.92,3.76,3.92,3.24393,3469500
2022-02-23,3.89,3.95,3.89,3.91,3.235654,4265500
2022-02-24,3.91,3.91,3.75,3.81,3.152901,5119000
2022-02-25,3.82,3.86,3.76,3.82,3.161176,4267400
2022-02-28,3.84,3.93,3.78,3.93,3.252205,12429000
2022-03-01,3.93,3.93,3.76,3.82,3.161176,3174800
2022-03-02,3.83,3.85,3.77,3.78,3.128075,2918500
2022-03-03,3.81,3.87,3.75,3.87,3.202553,3293400
2022-03-04,3.87,3.87,3.75,3.84,3.177727,4110500
2022-03-07,3.84,3.84,3.68,3.76,3.111524,2942600
2022-03-08,3.76,3.76,3.66,3.66,3.028771,4028900
2022-03-09,3.69,3.73,3.65,3.7,3.061872,2752100
2022-03-10,3.73,3.84,3.7,3.8,3.144625,2230600
2022-03-11,3.8,3.8,3.76,3.78,3.128075,2225100
2022-03-14,3.81,3.89,3.78,3.85,3.186002,2680300
2022-03-15,3.84,3.84,3.72,3.76,3.111524,2789700
2022-03-16,3.77,3.8,3.77,3.8,3.144625,2911000
2022-03-17,3.79,3.8,3.76,3.78,3.174014,3625900
2022-03-18,3.78,3.82,3.73,3.8,3.190808,5696500
2022-03-21,3.79,3.81,3.75,3.81,3.199205,1757700
2022-03-22,3.8,3.8,3.77,3.8,3.190808,1434800
2022-03-23,3.78,3.82,3.76,3.77,3.165617,2440900
2022-03-24,3.79,3.8,3.75,3.79,3.182411,1736600
2022-03-25,3.78,3.83,3.75,3.81,3.199205,3262200
2022-03-28,3.83,3.87,3.79,3.8,3.190808,2672600
2022-03-29,3.82,3.82,3.73,3.75,3.148824,3261400
2022-03-30,3.77,3.83,3.75,3.78,3.174014,3863500
2022-03-31,3.78,3.79,3.71,3.79,3.182411,4671800
2022-04-01,3.79,3.79,3.79,3.79,3.182411,0
2022-04-04,3.83,3.88,3.68,3.79,3.182411,1654300
2022-04-05,3.8,3.8,3.72,3.73,3.13203,1979700
2022-04-06,3.73,3.76,3.7,3.7,3.106839,3430400
2022-04-07,3.71,3.73,3.68,3.69,3.098443,3140400
2022-04-08,3.7,3.71,3.68,3.71,3.115237,2210900
2022-04-11,3.72,3.73,3.69,3.71,3.115237,1794000
2022-04-12,3.7,3.7,3.65,3.69,3.098443,3215500
2022-04-13,3.69,3.7,3.66,3.66,3.073252,2120300
2022-04-14,3.67,3.68,3.62,3.64,3.056458,5188200
2022-04-15,3.63,3.63,3.6,3.61,3.031268,2188700
2022-04-18,3.61,3.62,3.59,3.6,3.022871,1105100
2022-04-20,3.63,3.7,3.61,3.69,3.098443,3001400
2022-04-21,3.72,3.72,3.58,3.58,3.006077,5971500
2022-04-22,3.58,3.6,3.56,3.6,3.022871,2978500
2022-04-25,3.57,3.57,3.42,3.44,2.888521,7101600
2022-04-26,3.49,3.52,3.48,3.5,2.938903,5524800
2022-04-27,3.47,3.5,3.44,3.47,2.913712,3844800
2022-04-28,3.5,3.54,3.47,3.51,2.947299,3033400
2022-04-29,3.55,3.55,3.47,3.51,2.947299,9720000
2022-05-05,3.53,3.53,3.38,3.4,2.854934,9473400
2022-05-06,3.37,3.47,3.33,3.43,2.880124,9461700
2022-05-09,3.43,3.43,3.32,3.36,2.821346,5715300
2022-05-10,3.36,3.47,3.33,3.45,2.896918,6367800
2022-05-11,3.53,3.53,3.41,3.42,2.871727,3853300
2022-05-12,3.42,3.44,3.38,3.4,2.854934,5908800
2022-05-13,3.4,3.42,3.37,3.39,2.846537,3028200
2022-05-17,3.39,3.42,3.33,3.34,2.804553,4180200
2022-05-18,3.34,3.34,3.23,3.23,2.712187,9628600
2022-05-19,3.2,3.22,3.17,3.17,2.661806,4656700
2022-05-20,3.18,3.26,3.18,3.22,2.70379,3540200
2022-05-23,3.22,3.26,3.21,3.23,2.712187,2032500
2022-05-24,3.23,3.24,3.18,3.2,2.686996,2605500
2022-05-25,3.18,3.22,3.17,3.19,2.6786,1892100
2022-05-26,3.18,3.2,3.12,3.15,2.645012,4386300
2022-05-27,3.15,3.21,3.14,3.2,2.686996,2558700
2022-05-30,3.21,3.24,3.17,3.23,2.712187,2084600
2022-05-31,3.25,3.25,3.18,3.21,2.695393,16820000
2022-06-01,3.22,3.24,3.19,3.23,2.712187,1939800
2022-06-02,3.23,3.23,3.19,3.21,2.695393,4609100
2022-06-03,3.21,3.21,3.15,3.15,2.645012,2138900
2022-06-07,3.14,3.15,3.09,3.12,2.619821,2142500
2022-06-08,3.11,3.14,3.04,3.04,2.552647,3145700
2022-06-09,3.04,3.09,3,3.01,2.527456,4713400
2022-06-10,3.01,3.02,2.96,2.96,2.485472,4526600
2022-06-13,2.93,2.97,2.85,2.87,2.4099,5116600
2022-06-14,2.85,2.87,2.79,2.86,2.401503,4851700
2022-06-15,2.87,2.87,2.71,2.76,2.317534,6822900
2022-06-16,2.78,2.83,2.73,2.79,2.342725,3364600
2022-06-17,2.74,2.77,2.7,2.75,2.309137,12516300
2022-06-20,2.77,2.79,2.73,2.74,2.300741,4070600
2022-06-21,2.74,2.79,2.74,2.78,2.334328,2340000
2022-06-22,2.79,2.79,2.75,2.76,2.317534,2830300
2022-06-23,2.76,2.77,2.7,2.73,2.292344,3356100
2022-06-24,2.72,2.76,2.7,2.74,2.300741,3450900
2022-06-27,2.74,2.78,2.72,2.74,2.300741,2335900
2022-06-28,2.77,2.81,2.73,2.81,2.359519,3485300
2022-06-29,2.87,2.97,2.84,2.86,2.401503,7324800
2022-06-30,2.89,2.9,2.83,2.83,2.376312,4502500
2022-07-01,2.84,2.89,2.81,2.83,2.376312,3685400
2022-07-04,2.83,2.84,2.72,2.73,2.292344,2204100
2022-07-05,2.75,2.76,2.64,2.7,2.267153,3053100
2022-07-06,2.7,2.72,2.63,2.65,2.225169,2322000
2022-07-07,2.65,2.72,2.62,2.71,2.27555,2132000
2022-07-08,2.71,2.76,2.66,2.74,2.300741,2640200
2022-07-12,2.76,2.76,2.7,2.75,2.309137,1332400
2022-07-13,2.71,2.75,2.71,2.73,2.292344,2907400
2022-07-14,2.71,2.71,2.61,2.62,2.199978,4137700
2022-07-15,2.64,2.66,2.62,2.63,2.208375,1151900
2022-07-18,2.63,2.66,2.61,2.66,2.233566,2138900
2022-07-19,2.65,2.66,2.61,2.66,2.233566,1580000
2022-07-20,2.67,2.72,2.67,2.69,2.258756,4553600
2022-07-21,2.71,2.71,2.67,2.7,2.267153,2309300
2022-07-22,2.7,2.75,2.69,2.75,2.309137,7653600
2022-07-25,2.74,2.74,2.67,2.7,2.267153,3331300
2022-07-26,2.7,2.72,2.65,2.7,2.267153,1891300
2022-07-27,2.72,2.72,2.68,2.71,2.27555,3441700
2022-07-28,2.71,2.87,2.71,2.85,2.393106,5492400
2022-07-29,2.87,2.89,2.82,2.87,2.4099,5249500
2022-08-01,2.87,2.9,2.84,2.87,2.4099,1689700
2022-08-02,2.87,2.9,2.78,2.83,2.376312,2215000
2022-08-03,2.78,2.84,2.78,2.83,2.376312,2691300
2022-08-04,2.83,2.98,2.83,2.98,2.502265,4669500
2022-08-05,2.98,3.01,2.93,2.99,2.510662,1097500
2022-08-08,3,3,2.91,2.94,2.468678,952200
2022-08-09,2.97,2.97,2.91,2.95,2.477075,2332700
2022-08-10,2.94,2.95,2.89,2.9,2.435091,3893400
2022-08-11,2.95,2.97,2.89,2.91,2.443487,3494100
2022-08-12,2.92,2.94,2.88,2.9,2.435091,2183800
2022-08-15,2.9,2.99,2.9,2.91,2.443487,3022900
2022-08-16,2.94,3.11,2.94,3.08,2.586234,5307700
2022-08-17,3.08,3.18,3.07,3.1,2.603028,5254300
2022-08-18,3.08,3.15,3.07,3.12,2.619821,4676700
2022-08-19,3.12,3.13,3,3,2.519059,1483300
2022-08-22,3,3.04,2.97,3,2.519059,1998200
2022-08-23,2.97,3.08,2.97,3.05,2.561043,2425500
2022-08-24,3.04,3.04,2.9,2.91,2.443487,3356600
2022-08-25,2.92,3.1,2.92,3.08,2.586234,2984300
2022-08-26,3.1,3.14,2.99,3.03,2.54425,5907300
2022-08-29,2.99,3.04,2.95,3,2.519059,3157000
2022-08-30,3,3.09,2.96,3.04,2.552647,7899700
2022-09-01,2.99,3.07,2.96,2.97,2.493869,2484600
2022-09-02,3.04,3.04,2.95,2.98,2.502265,1806500
2022-09-05,2.98,2.99,2.94,2.94,2.468678,1010000
2022-09-06,2.95,2.98,2.9,2.92,2.451884,2585900
2022-09-07,2.93,2.95,2.9,2.91,2.443487,885000
2022-09-08,2.94,2.95,2.9,2.92,2.451884,3403100
2022-09-09,2.94,2.94,2.92,2.93,2.460281,2177400
2022-09-12,2.92,2.95,2.91,2.91,2.443487,719700
2022-09-13,2.94,2.94,2.87,2.91,2.443487,1605000
2022-09-14,2.88,2.91,2.86,2.9,2.435091,1668900
2022-09-15,2.89,2.9,2.8,2.8,2.351122,7750900
2022-09-19,2.77,2.87,2.7,2.84,2.384709,4212200
2022-09-20,2.84,2.87,2.81,2.83,2.376312,2035900
2022-09-21,2.83,2.83,2.73,2.74,2.300741,3469100
2022-09-22,2.73,2.76,2.71,2.74,2.300741,960000
2022-09-23,2.72,2.74,2.66,2.67,2.241963,1124800
2022-09-26,2.67,2.7,2.62,2.66,2.233566,2335100
2022-09-27,2.66,2.76,2.66,2.73,2.292344,1617400
2022-09-28,2.7,2.75,2.66,2.68,2.25036,2551600
2022-09-29,2.7,2.72,2.66,2.66,2.233566,1851800
2022-09-30,2.66,2.7,2.61,2.62,2.199978,3461200
2022-10-03,2.63,2.68,2.55,2.65,2.225169,3354400
2022-10-04,2.67,2.72,2.65,2.69,2.258756,1611500
2022-10-05,2.72,2.75,2.7,2.72,2.283947,982600
2022-10-06,2.75,2.76,2.7,2.72,2.283947,1172300
2022-10-07,2.71,2.72,2.65,2.65,2.225169,1135800
2022-10-11,2.64,2.64,2.51,2.58,2.166391,4480100
2022-10-12,2.58,2.58,2.45,2.46,2.065629,6554100
2022-10-13,2.48,2.48,2.35,2.36,1.98166,4249500
2022-10-14,2.39,2.44,2.39,2.41,2.023644,2893700
2022-10-17,2.41,2.46,2.35,2.41,2.023644,2122500
2022-10-18,2.44,2.68,2.44,2.64,2.216772,4005300
2022-10-19,2.67,2.67,2.56,2.57,2.157994,2003500
2022-10-20,2.56,2.65,2.56,2.6,2.183184,7588300
2022-10-21,2.62,2.65,2.58,2.6,2.183184,3168300
2022-10-25,2.64,2.77,2.62,2.74,2.300741,4716600
2022-10-26,2.74,2.83,2.74,2.81,2.359519,2939600
2022-10-27,2.83,2.83,2.74,2.76,2.317534,5860000
2022-10-28,2.75,2.78,2.68,2.72,2.283947,2259900
2022-10-31,2.7,2.85,2.7,2.85,2.393106,5648800
2022-11-01,2.85,2.85,2.8,2.84,2.384709,952300
2022-11-02,2.85,2.92,2.83,2.86,2.401503,1235600
2022-11-03,2.82,2.86,2.72,2.73,2.292344,2763100
2022-11-04,2.72,2.82,2.72,2.81,2.359519,3454700
2022-11-07,2.81,2.87,2.79,2.86,2.401503,2572200
2022-11-08,2.86,2.89,2.82,2.86,2.401503,1590700
2022-11-09,2.86,2.92,2.82,2.86,2.401503,2639700
2022-11-10,2.86,2.88,2.83,2.86,2.401503,1033500
2022-11-11,2.92,3.03,2.91,2.97,2.493869,6225400
2022-11-14,2.98,2.98,2.91,2.92,2.451884,1692400
2022-11-15,2.92,2.92,2.88,2.89,2.426693,1312300
2022-11-16,2.88,2.91,2.83,2.88,2.418297,1942300
2022-11-17,2.87,2.87,2.81,2.85,2.393106,1880700
2022-11-21,2.83,2.89,2.78,2.85,2.393106,3266100
2022-11-22,2.85,2.88,2.78,2.8,2.351122,2859500
2022-11-23,2.78,2.87,2.78,2.82,2.367915,2977500
2022-11-24,2.84,3.2,2.83,3.18,2.670202,13131300
2022-11-25,3.17,3.17,3.02,3.03,2.54425,9383900
2022-11-29,3.01,3.1,2.95,3.09,2.594631,7526400
2022-11-30,3.07,3.28,3.06,3.25,2.728981,22216700
2022-12-01,3.25,3.27,3.17,3.2,2.686996,3574700
2022-12-02,3.2,3.23,3.14,3.15,2.645012,1472700
2022-12-05,3.15,3.15,3.05,3.07,2.577837,2629900
2022-12-06,3.08,3.12,3.07,3.09,2.594631,2630200
2022-12-07,3.14,3.14,2.97,2.97,2.493869,5583500
2022-12-08,2.98,3.08,2.97,3.06,2.56944,2762900
2022-12-09,3.08,3.1,3.04,3.09,2.594631,2895400
2022-12-12,3.09,3.09,2.99,2.99,2.510662,1013100
2022-12-13,3.02,3.02,2.92,2.92,2.451884,2756900
2022-12-14,2.92,3.02,2.92,3.01,2.527456,2610200
2022-12-15,3.03,3.05,2.94,2.95,2.477075,2444500
2022-12-16,2.94,3.01,2.93,3.01,2.527456,4504900
2022-12-19,2.95,3.03,2.95,3.03,2.54425,2681700
2022-12-20,2.98,3.01,2.95,2.98,2.502265,4108100
2022-12-21,2.96,3,2.9,2.94,2.468678,2423100
2022-12-22,2.94,2.94,2.88,2.92,2.451884,3279200
2022-12-23,2.92,3,2.9,2.98,2.502265,2248100
2022-12-27,2.98,3.02,2.96,3.01,2.527456,2440900
2022-12-28,3.03,3.1,2.95,3.1,2.603028,4463800
2022-12-29,3,3.1,2.92,3.1,2.680859,5337200
2022-12-30,3.09,3.12,2.97,3.09,2.672211,16507700
2023-01-03,3.01,3.01,2.96,2.98,2.577084,1744600
2023-01-04,2.96,3,2.93,2.93,2.533844,2565000
2023-01-05,2.95,2.97,2.92,2.93,2.533844,2530100
2023-01-06,2.92,2.97,2.9,2.96,2.559788,1964600
2023-01-09,2.95,2.99,2.95,2.97,2.568436,1160600
2023-01-10,2.95,2.95,2.9,2.9,2.5079,3030000
2023-01-11,2.91,2.92,2.85,2.86,2.473309,5921900
2023-01-12,2.87,2.94,2.87,2.91,2.516548,3398700
2023-01-13,2.93,3,2.87,2.88,2.490605,3284700
2023-01-16,2.88,2.96,2.88,2.96,2.559788,2080500
2023-01-17,2.96,3.05,2.93,3.05,2.637619,4021000
2023-01-18,3.03,3.05,2.99,3.03,2.620323,2246100
2023-01-19,3.03,3.1,3.02,3.06,2.646267,2673300
2023-01-20,3.07,3.1,3.02,3.1,2.680859,3752500
2023-01-25,3.07,3.09,3.04,3.04,2.628972,864100
2023-01-26,3.04,3.05,2.99,3.03,2.620323,1872200
2023-01-27,3.05,3.05,2.99,3.05,2.637619,2825800
2023-01-30,3.05,3.08,2.98,3,2.59438,4594700
2023-01-31,3,3.05,2.99,3.03,2.620323,4665700
2023-02-02,3.03,3.14,3.03,3.07,2.654915,4552100
2023-02-03,3.05,3.07,3,3.01,2.603027,3552400
2023-02-07,3,3.07,3,3.03,2.620323,3976300
2023-02-08,3.05,3.08,2.99,3.01,2.603027,2691700
2023-02-09,3.03,3.05,2.95,3,2.59438,4502500
2023-02-10,3,3,2.92,2.95,2.55114,3501600
2023-02-13,2.95,2.99,2.93,2.99,2.585732,1409000
2023-02-14,2.99,3.05,2.96,3.05,2.637619,2993600
2023-02-15,3.04,3.1,3.02,3.1,2.680859,2704100
2023-02-16,3.1,3.12,3.07,3.1,2.680859,4908800
2023-02-17,3.1,3.12,3.07,3.12,2.698155,2575600
2023-02-20,3.12,3.19,3.06,3.11,2.689507,1553400
2023-02-21,3.11,3.14,3.08,3.12,2.698155,2140200
2023-02-22,3.15,3.15,3.05,3.13,2.706803,2721900
2023-02-23,3.13,3.17,3.08,3.15,2.724099,3074000
2023-02-24,3.18,3.22,3.13,3.19,2.758691,4801000
2023-02-27,3.19,3.2,3.13,3.18,2.750042,3553900
2023-02-28,3.18,3.22,3.16,3.17,2.741395,9591400
2023-03-01,3.19,3.19,3.1,3.13,2.706803,3291300
2023-03-02,3.13,3.22,3.11,3.21,2.775986,3885600
2023-03-03,3.2,3.21,3.14,3.19,2.758691,5179500
2023-03-06,3.19,3.2,3.11,3.13,2.706803,2744100
2023-03-07,3.14,3.18,3.11,3.17,2.741395,3771900
2023-03-08,3.13,3.16,3.11,3.13,2.706803,4811000
2023-03-09,3.15,3.15,3.13,3.14,2.715451,3088400
2023-03-10,3.14,3.14,3.07,3.1,2.680859,2699300
2023-03-13,3.09,3.1,3.03,3.07,2.654915,2219300
2023-03-14,3.05,3.05,2.93,2.95,2.593377,3865400
2023-03-15,2.96,3.01,2.92,2.99,2.628542,2977600
2023-03-16,3,3,2.89,2.92,2.567004,2446800
2023-03-17,2.93,3.06,2.92,3.05,2.681289,4629500
2023-03-20,3.05,3.06,2.97,3.02,2.654915,1060300
2023-03-21,3.02,3.05,3.01,3.05,2.681289,1024400
2023-03-22,3.06,3.07,2.98,3.03,2.663706,1054400
2023-03-23,2.99,3.05,2.97,3,2.637333,1947200
2023-03-24,2.99,3.02,2.98,2.99,2.628542,1287700
2023-03-27,2.98,3,2.97,2.97,2.61096,947400
2023-03-28,2.97,2.97,2.95,2.96,2.602169,2410500
2023-03-29,2.96,3.03,2.96,3,2.637333,2339700
2023-03-30,3,3.02,2.99,3.01,2.646124,1983700
2023-03-31,3.02,3.04,2.99,3.01,2.646124,2750600
2023-04-03,3.03,3.13,3.01,3.12,2.742826,2625700
2023-04-04,3.1,3.11,3.04,3.06,2.690079,1578900
2023-04-05,3.04,3.05,3.03,3.05,2.681289,2164800
2023-04-06,3.05,3.05,2.99,3,2.637333,4277500
2023-04-07,3,3.04,2.99,3.02,2.654915,2017000
2023-04-10,3.02,3.03,2.99,3,2.637333,683100
2023-04-11,3,3.01,2.98,3.01,2.646124,2934900
2023-04-12,3,3.04,2.99,2.99,2.628542,2172000
2023-04-13,3,3.02,2.98,3,2.637333,1721700
2023-04-14,3.02,3.03,3,3.01,2.646124,1187900
2023-04-17,3.01,3.03,2.99,3,2.637333,3070900
2023-04-18,3.01,3.05,3,3.02,2.654915,3269700
2023-04-19,3.02,3.04,3,3.02,2.654915,4229900
2023-04-20,3.03,3.03,2.99,3,2.637333,3932100
2023-04-25,3,3.02,2.99,3.01,2.646124,1644700
2023-04-26,3,3,2.95,2.98,2.619751,3566000
2023-04-27,2.98,3.02,2.96,3,2.637333,2094900
2023-04-28,3,3,2.98,2.99,2.628542,2175600
2023-05-02,3,3.02,2.99,3,2.637333,2476700
2023-05-03,3,3.06,2.99,3.04,2.672498,7620300
2023-05-05,3.03,3.07,3.03,3.07,2.698871,2158600
2023-05-08,3.07,3.1,3.07,3.08,2.707662,1307800
2023-05-09,3.08,3.09,3.06,3.09,2.716453,3733100
2023-05-10,3.1,3.1,3.06,3.09,2.716453,2576900
2023-05-11,3.1,3.1,3.08,3.09,2.716453,2584500
2023-05-12,3.1,3.1,3.07,3.09,2.716453,2367200
2023-05-15,3.09,3.09,2.97,3.04,2.672498,3844400
2023-05-16,3.01,3.06,3.01,3.05,2.681289,1188600
2023-05-17,3.05,3.05,3.02,3.04,2.672498,867000
2023-05-18,3.04,3.04,2.99,2.99,2.628542,1871700
2023-05-19,3,3,2.99,3,2.637333,1221500
2023-05-22,3,3,2.97,2.99,2.628542,4249100
2023-05-23,2.99,2.99,2.95,2.98,2.619751,3772100
2023-05-24,2.99,3.01,2.95,2.99,2.628542,1798900
2023-05-25,2.99,3,2.96,2.96,2.602169,3652900
2023-05-26,2.97,2.97,2.88,2.91,2.558213,5097300
2023-05-29,2.92,2.92,2.72,2.77,2.435138,8262000
2023-05-30,2.77,2.77,2.71,2.75,2.417555,5373100
2023-05-31,2.76,2.79,2.73,2.78,2.443929,11928800
2023-06-01,2.79,2.82,2.73,2.8,2.461511,5210400
2023-06-02,2.8,2.81,2.77,2.8,2.461511,1880600
2023-06-06,2.79,2.86,2.78,2.86,2.514257,2433000
2023-06-07,2.86,2.86,2.75,2.79,2.45272,8089900
2023-06-08,2.78,2.79,2.68,2.73,2.399973,6989600
2023-06-09,2.73,2.78,2.72,2.78,2.443929,3279900
2023-06-12,2.79,2.79,2.65,2.67,2.347226,8315000
2023-06-13,2.65,2.67,2.59,2.62,2.303271,10807200
2023-06-14,2.62,2.72,2.61,2.7,2.3736,6088200
2023-06-15,2.7,2.71,2.61,2.63,2.312062,7191300
2023-06-16,2.64,2.67,2.57,2.65,2.329644,9940000
2023-06-19,2.65,2.68,2.6,2.64,2.320853,5167800
2023-06-20,2.65,2.65,2.57,2.6,2.285689,10118500
2023-06-21,2.6,2.63,2.59,2.61,2.29448,6558700
2023-06-22,2.61,2.66,2.6,2.62,2.303271,7552500
2023-06-23,2.62,2.67,2.62,2.65,2.329644,5888600
2023-06-26,2.65,2.66,2.61,2.62,2.303271,6528600
2023-06-27,2.62,2.66,2.62,2.63,2.312062,2985600
2023-06-28,2.63,2.68,2.63,2.67,2.347226,4452700
2023-06-30,2.67,2.7,2.62,2.65,2.329644,7378400
2023-07-03,2.65,2.67,2.63,2.65,2.329644,1555500
2023-07-04,2.66,2.68,2.64,2.64,2.320853,2238300
2023-07-05,2.64,2.68,2.62,2.62,2.303271,2450300
2023-07-06,2.62,2.65,2.59,2.6,2.285689,6383800
2023-07-07,2.6,2.63,2.57,2.57,2.259315,3536700
2023-07-10,2.57,2.61,2.54,2.54,2.232942,2932100
2023-07-11,2.55,2.58,2.47,2.55,2.241733,7456700
2023-07-12,2.55,2.56,2.5,2.56,2.250524,5634500
2023-07-13,2.58,2.58,2.55,2.56,2.250524,4559600
2023-07-14,2.56,2.6,2.56,2.59,2.276897,3373100
2023-07-17,2.59,2.6,2.49,2.5,2.197778,4503200
2023-07-18,2.5,2.52,2.49,2.51,2.206569,5981400
2023-07-20,2.51,2.54,2.51,2.52,2.21536,4039700
2023-07-21,2.52,2.57,2.51,2.56,2.250524,5702300
2023-07-24,2.56,2.62,2.56,2.6,2.285689,5415500
2023-07-25,2.6,2.63,2.58,2.58,2.268106,5405400
2023-07-26,2.58,2.61,2.57,2.6,2.285689,4663300
2023-07-27,2.61,2.65,2.6,2.64,2.320853,4149900
2023-07-28,2.64,2.66,2.62,2.65,2.329644,3038700
2023-07-31,2.65,2.69,2.64,2.67,2.347226,5934900
2023-08-01,2.68,2.68,2.6,2.66,2.338436,2831700
2023-08-02,2.66,2.67,2.64,2.66,2.338436,1787100
2023-08-03,2.66,2.66,2.61,2.64,2.320853,4689800
2023-08-04,2.64,2.65,2.63,2.64,2.320853,1545800
2023-08-07,2.65,2.66,2.62,2.64,2.320853,1660100
2023-08-08,2.63,2.65,2.62,2.64,2.320853,1448000
2023-08-09,2.65,2.69,2.62,2.67,2.347226,3368500
2023-08-10,2.67,2.69,2.64,2.69,2.364809,1566100
2023-08-11,2.68,2.69,2.64,2.67,2.347226,2371700
2023-08-14,2.67,2.69,2.64,2.67,2.347226,2112300
2023-08-15,2.66,2.68,2.65,2.65,2.329644,1606900
2023-08-16,2.65,2.67,2.63,2.67,2.347226,1722100
2023-08-17,2.65,2.65,2.6,2.6,2.285689,3074700
2023-08-18,2.6,2.61,2.58,2.6,2.285689,2529900
2023-08-21,2.6,2.61,2.59,2.6,2.285689,1322100
2023-08-22,2.6,2.62,2.59,2.6,2.285689,2977500
2023-08-23,2.6,2.61,2.59,2.59,2.276897,1640600
2023-08-24,2.6,2.6,2.57,2.59,2.276897,1807400
2023-08-25,2.58,2.58,2.57,2.57,2.259315,1548800
2023-08-28,2.56,2.57,2.55,2.55,2.241733,1530900
2023-08-29,2.55,2.6,2.55,2.58,2.268106,2454400
2023-08-30,2.57,2.57,2.36,2.36,2.074702,17304100
2023-09-01,2.41,2.48,2.4,2.48,2.180195,3976700
2023-09-04,2.48,2.53,2.47,2.5,2.197778,2607800
2023-09-05,2.52,2.52,2.43,2.44,2.145031,2863500
2023-09-06,2.46,2.5,2.44,2.48,2.180195,5046000
2023-09-07,2.48,2.5,2.45,2.47,2.171404,1435700
2023-09-08,2.47,2.48,2.45,2.45,2.153822,2691300
2023-09-11,2.45,2.48,2.45,2.45,2.153822,1223800
2023-09-12,2.45,2.49,2.42,2.47,2.171404,4435800
2023-09-13,2.47,2.48,2.45,2.47,2.171404,2338300
2023-09-14,2.46,2.54,2.46,2.5,2.197778,5550500
2023-09-15,2.5,2.54,2.47,2.51,2.206569,10348600
2023-09-18,2.51,2.55,2.49,2.51,2.206569,1949300
2023-09-19,2.51,2.55,2.51,2.53,2.224151,1228700
2023-09-20,2.51,2.53,2.49,2.49,2.188987,1792900
2023-09-21,2.49,2.5,2.43,2.44,2.145031,4048300
2023-09-22,2.44,2.5,2.42,2.47,2.171404,3264200
2023-09-25,2.47,2.48,2.42,2.43,2.13624,4251600
2023-09-26,2.4,2.48,2.39,2.47,2.217022,2713100
2023-09-27,2.47,2.54,2.44,2.52,2.261901,3910400
2023-09-29,2.5,2.53,2.45,2.49,2.234974,3568300
2023-10-02,2.49,2.51,2.45,2.47,2.217022,2198300
2023-10-03,2.45,2.47,2.43,2.45,2.19907,3086600
2023-10-04,2.44,2.48,2.42,2.46,2.208046,3677800
2023-10-05,2.44,2.51,2.44,2.47,2.217022,3876200
2023-10-06,2.47,2.48,2.41,2.41,2.163167,2330100
2023-10-09,2.42,2.43,2.4,2.4,2.154191,2272000
2023-10-10,2.4,2.45,2.4,2.43,2.181119,2131400
2023-10-11,2.43,2.43,2.39,2.41,2.163167,3224300
2023-10-12,2.42,2.46,2.42,2.45,2.19907,1741700
2023-10-13,2.44,2.46,2.42,2.44,2.190095,767500
2023-10-16,2.45,2.45,2.36,2.38,2.13624,2973200
2023-10-17,2.39,2.44,2.38,2.43,2.181119,1741000
2023-10-18,2.43,2.44,2.42,2.43,2.181119,1051800
2023-10-19,2.43,2.43,2.39,2.42,2.172143,3062300
2023-10-20,2.42,2.43,2.39,2.43,2.181119,5621200
2023-10-23,2.43,2.43,2.39,2.41,2.163167,1567100
2023-10-24,2.41,2.43,2.4,2.41,2.163167,3728700
2023-10-25,2.41,2.42,2.39,2.41,2.163167,5253700
2023-10-26,2.41,2.41,2.35,2.35,2.109312,3815700
2023-10-27,2.36,2.36,2.31,2.31,2.073409,3887400
2023-10-30,2.31,2.31,2.24,2.26,2.02853,2993600
2023-10-31,2.27,2.27,2.16,2.18,1.956724,6903700
2023-11-01,2.2,2.24,2.17,2.18,1.956724,4106200
2023-11-02,2.19,2.29,2.19,2.29,2.055457,7246300
2023-11-03,2.32,2.38,2.29,2.35,2.109312,7227700
2023-11-06,2.35,2.46,2.35,2.44,2.190095,12636600
2023-11-07,2.45,2.46,2.41,2.45,2.19907,5190400
2023-11-08,2.45,2.46,2.41,2.45,2.19907,4159200
2023-11-09,2.44,2.47,2.44,2.45,2.19907,8173100
2023-11-10,2.44,2.45,2.38,2.4,2.154191,3451200
2023-11-14,2.4,2.42,2.37,2.4,2.154191,3915100
2023-11-15,2.42,2.46,2.41,2.45,2.19907,6691200
2023-11-16,2.45,2.45,2.43,2.45,2.19907,4075000
2023-11-17,2.42,2.45,2.41,2.42,2.172143,2667800
2023-11-20,2.44,2.46,2.42,2.45,2.19907,5166700
2023-11-21,2.46,2.48,2.43,2.45,2.19907,2761000
2023-11-22,2.45,2.45,2.4,2.41,2.163167,2799600
2023-11-23,2.41,2.44,2.37,2.4,2.154191,5249500
2023-11-24,2.4,2.43,2.37,2.38,2.13624,3321900
2023-11-27,2.38,2.39,2.33,2.36,2.118288,3263200
2023-11-28,2.35,2.38,2.31,2.35,2.109312,3442800
2023-11-29,2.34,2.37,2.28,2.3,2.064433,8701500
2023-11-30,2.29,2.31,2.22,2.26,2.02853,22127200
2023-12-01,2.27,2.36,2.27,2.33,2.091361,9346100
2023-12-04,2.34,2.41,2.32,2.4,2.154191,5424100
2023-12-05,2.4,2.42,2.39,2.42,2.172143,4526600
2023-12-06,2.42,2.42,2.35,2.37,2.127264,3362000
2023-12-07,2.35,2.39,2.35,2.36,2.118288,2936600
2023-12-08,2.36,2.39,2.32,2.33,2.091361,2884500
2023-12-11,2.33,2.34,2.3,2.31,2.073409,1105300
2023-12-12,2.32,2.34,2.27,2.31,2.073409,3855300
2023-12-13,2.31,2.31,2.29,2.3,2.064433,2327800
2023-12-14,2.32,2.35,2.31,2.34,2.100337,2280300
2023-12-15,2.34,2.38,2.33,2.36,2.118288,6506700
2023-12-18,2.36,2.43,2.33,2.4,2.154191,5184400
2023-12-19,2.41,2.43,2.38,2.41,2.163167,3003300
2023-12-20,2.42,2.46,2.4,2.44,2.190095,6017500
2023-12-21,2.43,2.45,2.4,2.44,2.190095,3958100
2023-12-22,2.44,2.44,2.4,2.41,2.163167,3389800
2023-12-26,2.41,2.45,2.4,2.44,2.190095,2149200
2023-12-27,2.45,2.45,2.4,2.42,2.172143,4011200
2023-12-28,2.41,2.44,2.4,2.42,2.172143,1487000
2023-12-29,2.43,2.45,2.38,2.38,2.13624,3653900
2024-01-02,2.38,2.41,2.37,2.4,2.154191,3952900
2024-01-03,2.4,2.4,2.34,2.38,2.13624,4030400
2024-01-04,2.37,2.5,2.37,2.49,2.234974,5702700
2024-01-05,2.49,2.59,2.49,2.56,2.297804,9060100
2024-01-08,2.57,2.57,2.52,2.54,2.279853,5920900
2024-01-09,2.58,2.58,2.49,2.52,2.261901,8439600
2024-01-10,2.51,2.54,2.49,2.52,2.261901,3806000
2024-01-11,2.52,2.55,2.52,2.53,2.270876,4129200
2024-01-12,2.53,2.54,2.52,2.53,2.270876,4429600
2024-01-15,2.53,2.58,2.51,2.56,2.297804,2381100
2024-01-16,2.56,2.57,2.52,2.52,2.261901,4845800
2024-01-17,2.52,2.55,2.51,2.55,2.288828,6533900
2024-01-18,2.54,2.54,2.5,2.52,2.261901,8350600
2024-01-19,2.5,2.58,2.47,2.54,2.279853,11799300
2024-01-22,2.54,2.7,2.54,2.68,2.405514,14975200
2024-01-23,2.68,2.69,2.63,2.64,2.369611,8169600
2024-01-24,2.64,2.67,2.61,2.63,2.360635,5851200
2024-01-26,2.63,2.65,2.59,2.61,2.342683,12790900
2024-01-29,2.62,2.79,2.62,2.72,2.441417,22170100
2024-01-30,2.72,2.77,2.7,2.71,2.432441,11263200
2024-01-31,2.72,2.76,2.69,2.73,2.450393,12470200
2024-02-02,2.73,2.76,2.69,2.72,2.441417,6665000
2024-02-05,2.7,2.72,2.67,2.69,2.41449,8275700
2024-02-06,2.69,2.73,2.67,2.71,2.432441,5726100
2024-02-07,2.72,2.73,2.68,2.71,2.432441,5316000
2024-02-08,2.71,2.78,2.71,2.75,2.468344,6809200
2024-02-09,2.75,2.79,2.73,2.76,2.47732,5171600
2024-02-13,2.75,2.8,2.75,2.77,2.486296,3929400
2024-02-14,2.76,2.79,2.73,2.77,2.486296,2871900
2024-02-15,2.75,2.77,2.74,2.76,2.47732,4288600
2024-02-16,2.76,2.81,2.75,2.78,2.495272,3930200
2024-02-19,2.79,2.8,2.74,2.79,2.504247,4332400
2024-02-20,2.79,2.9,2.76,2.89,2.594006,10678900
2024-02-21,2.88,2.88,2.76,2.79,2.504247,13084100
2024-02-22,2.77,2.78,2.71,2.76,2.47732,6490400
2024-02-23,2.73,2.79,2.67,2.77,2.486296,8241700
2024-02-26,2.76,2.79,2.67,2.74,2.459369,5095000
2024-02-27,2.72,2.85,2.72,2.85,2.558102,7958900
2024-02-28,2.86,2.86,2.79,2.81,2.522199,6614300
2024-02-29,2.81,2.85,2.77,2.78,2.495272,12547200
2024-03-01,2.79,2.83,2.74,2.75,2.468344,2904200
2024-03-04,2.78,2.78,2.7,2.7,2.423465,2152800
2024-03-05,2.72,2.72,2.63,2.7,2.423465,5918400
2024-03-06,2.7,2.71,2.66,2.68,2.405514,3424600
2024-03-07,2.68,2.74,2.68,2.69,2.41449,3224000
2024-03-08,2.69,2.74,2.67,2.73,2.450393,5570400
2024-03-11,2.74,2.78,2.7,2.75,2.468344,5410000
2024-03-12,2.77,2.85,2.73,2.85,2.558102,5758500
2024-03-13,2.85,2.85,2.78,2.8,2.513223,5312200
2024-03-14,2.79,2.83,2.76,2.83,2.54015,3813200
2024-03-15,2.83,2.83,2.79,2.82,2.531175,8937500
2024-03-18,2.83,2.83,2.77,2.78,2.495272,3641000
2024-03-19,2.77,2.81,2.76,2.81,2.522199,4666600
2024-03-20,2.8,2.84,2.8,2.82,2.531175,3637000
2024-03-21,2.8,2.82,2.75,2.81,2.567726,4191100
2024-03-22,2.81,2.82,2.78,2.82,2.576864,4270900
2024-03-25,2.8,2.81,2.76,2.8,2.558588,4544400
2024-03-26,2.77,2.81,2.74,2.78,2.540313,4795300
2024-03-27,2.78,2.78,2.68,2.69,2.458072,10784000
2024-03-29,2.7,2.72,2.66,2.69,2.458072,5720000
2024-04-01,2.68,2.69,2.64,2.66,2.430659,3814200
2024-04-02,2.66,2.69,2.64,2.67,2.439797,2026300
2024-04-03,2.68,2.69,2.63,2.63,2.403245,6059200
2024-04-04,2.63,2.66,2.59,2.61,2.384969,10438900
2024-04-05,2.61,2.7,2.61,2.68,2.448935,7784400
2024-04-08,2.68,2.7,2.63,2.65,2.421521,3102700
2024-04-09,2.65,2.67,2.6,2.62,2.394108,4535500
2024-04-12,2.62,2.63,2.56,2.57,2.348418,9850000
2024-04-15,2.56,2.56,2.49,2.51,2.293592,11085400
2024-04-16,2.51,2.52,2.49,2.5,2.284454,9146400
2024-04-17,2.51,2.6,2.51,2.6,2.375832,11715400
2024-04-18,2.6,2.6,2.52,2.55,2.330143,5601800
2024-04-19,2.56,2.59,2.53,2.55,2.330143,2877900
2024-04-22,2.57,2.62,2.57,2.62,2.394108,3177000
2024-04-23,2.62,2.63,2.58,2.6,2.375832,5182200
2024-04-24,2.62,2.75,2.62,2.73,2.494624,12341600
2024-04-25,2.78,2.79,2.69,2.72,2.485486,15873600
2024-04-26,2.72,2.77,2.69,2.75,2.512899,8867100
2024-04-29,2.75,2.82,2.75,2.8,2.558588,7856900
2024-04-30,2.81,2.88,2.81,2.83,2.586001,10308400
2024-05-02,2.83,2.93,2.78,2.87,2.622553,9888000
2024-05-03,2.87,2.9,2.86,2.88,2.631691,4222800
2024-05-06,2.9,2.9,2.82,2.85,2.604277,2780000
2024-05-07,2.85,2.94,2.84,2.91,2.659104,9017300
2024-05-08,2.94,2.94,2.86,2.89,2.640829,7001000
2024-05-09,2.89,2.9,2.81,2.83,2.586001,5030400
2024-05-10,2.83,2.86,2.79,2.8,2.558588,6341900
2024-05-13,2.79,2.87,2.79,2.83,2.586001,3995100
2024-05-14,2.83,2.84,2.8,2.82,2.576864,2408300
2024-05-15,2.81,2.88,2.79,2.83,2.586001,3525900
2024-05-16,2.82,2.86,2.81,2.84,2.595139,2160000
2024-05-17,2.86,2.86,2.81,2.84,2.595139,3957700
2024-05-20,2.85,2.93,2.85,2.9,2.649967,6203900
2024-05-21,2.9,2.91,2.86,2.89,2.640829,4899500
2024-05-23,2.87,2.92,2.85,2.88,2.631691,4887500
2024-05-24,2.87,2.88,2.83,2.87,2.622553,4642200
2024-05-27,2.86,2.87,2.83,2.85,2.604277,4607600
2024-05-28,2.85,2.85,2.8,2.84,2.595139,5721400
2024-05-29,2.84,2.84,2.73,2.74,2.503762,7055100
2024-05-30,2.73,2.79,2.73,2.77,2.531175,4633200
2024-05-31,2.79,2.83,2.79,2.8,2.558588,18381100
2024-06-04,2.79,2.9,2.73,2.87,2.622553,7310200
2024-06-05,2.87,2.92,2.79,2.8,2.558588,3915400
2024-06-06,2.8,2.81,2.74,2.75,2.512899,7287100
2024-06-07,2.76,2.81,2.76,2.8,2.558588,3047300
2024-06-10,2.8,2.83,2.77,2.82,2.576864,5328600
2024-06-11,2.81,2.85,2.8,2.8,2.558588,4571700
2024-06-12,2.82,2.84,2.79,2.8,2.558588,4190300
2024-06-13,2.8,2.83,2.76,2.77,2.531175,3848500
2024-06-14,2.77,2.81,2.76,2.79,2.54945,6255600
2024-06-18,2.8,2.8,2.75,2.75,2.512899,2351800
2024-06-19,2.75,2.78,2.71,2.72,2.485486,2979900
2024-06-20,2.71,2.72,2.65,2.65,2.421521,9378800
2024-06-21,2.65,2.7,2.61,2.61,2.384969,22756400
2024-06-24,2.62,2.65,2.61,2.61,2.384969,7772100
2024-06-25,2.67,2.67,2.58,2.59,2.366694,11940700
2024-06-26,2.6,2.63,2.58,2.6,2.375832,7519900
2024-06-27,2.6,2.6,2.52,2.54,2.321005,11424300
2024-06-28,2.55,2.63,2.55,2.61,2.384969,17911100
2024-07-01,2.61,2.68,2.59,2.66,2.430659,6620800
2024-07-02,2.68,2.68,2.59,2.61,2.384969,8695800
2024-07-03,2.62,2.65,2.61,2.63,2.403245,4592300
2024-07-04,2.63,2.63,2.55,2.57,2.348418,7979000
2024-07-05,2.57,2.57,2.51,2.53,2.311867,8797900
2024-07-09,2.53,2.57,2.51,2.54,2.321005,7297900
2024-07-10,2.55,2.55,2.48,2.49,2.275316,11279000
2024-07-11,2.5,2.53,2.44,2.46,2.247902,14586900
2024-07-12,2.46,2.47,2.44,2.45,2.238765,7739600
2024-07-15,2.46,2.54,2.45,2.53,2.311867,7930800
2024-07-16,2.53,2.61,2.53,2.55,2.330143,13606500
2024-07-17,2.55,2.6,2.52,2.55,2.330143,11277200
2024-07-18,2.55,2.63,2.55,2.59,2.366694,9379700
2024-07-19,2.59,2.64,2.57,2.63,2.403245,8432000
2024-07-22,2.63,2.63,2.51,2.53,2.311867,11685900
2024-07-23,2.54,2.58,2.48,2.5,2.284454,9994200
2024-07-24,2.5,2.51,2.48,2.49,2.275316,4641100
2024-07-25,2.48,2.48,2.42,2.43,2.220489,4878000
2024-07-26,2.43,2.44,2.37,2.39,2.183938,8361500
2024-07-29,2.4,2.46,2.39,2.44,2.229627,9116900
2024-07-30,2.45,2.46,2.39,2.41,2.202213,9864800
2024-07-31,2.41,2.44,2.39,2.4,2.193076,6448400
2024-08-01,2.4,2.43,2.36,2.4,2.193076,8791200
2024-08-02,2.38,2.4,2.35,2.35,2.147387,4642300
2024-08-05,2.34,2.34,2.19,2.2,2.010319,8146900
2024-08-06,2.25,2.3,2.18,2.25,2.056009,9564900
2024-08-07,2.25,2.3,2.21,2.28,2.083422,5580300
2024-08-08,2.26,2.38,2.25,2.34,2.138249,7968600
2024-08-09,2.36,2.39,2.32,2.34,2.138249,4318200
2024-08-12,2.37,2.4,2.35,2.36,2.156524,3009200
2024-08-13,2.36,2.41,2.35,2.39,2.183938,4606100
2024-08-14,2.38,2.41,2.34,2.4,2.193076,4197500
2024-08-15,2.4,2.4,2.33,2.34,2.138249,2486000
2024-08-16,2.37,2.4,2.35,2.36,2.156524,3499500
2024-08-19,2.39,2.47,2.36,2.43,2.220489,9105000
2024-08-20,2.46,2.52,2.4,2.45,2.238765,10195800
2024-08-21,2.45,2.49,2.41,2.41,2.202213,9968600
2024-08-22,2.42,2.43,2.37,2.4,2.193076,1826000
2024-08-23,2.41,2.42,2.38,2.42,2.211351,2581900
2024-08-26,2.42,2.44,2.4,2.43,2.220489,2793100
2024-08-27,2.42,2.46,2.41,2.44,2.229627,4818600
2024-08-28,2.46,2.5,2.44,2.46,2.247902,8226200
2024-08-29,2.45,2.6,2.43,2.54,2.321005,13877000
2024-08-30,2.55,2.57,2.49,2.55,2.330143,11759600
2024-09-02,2.56,2.56,2.45,2.5,2.284454,7170900
2024-09-03,2.5,2.54,2.49,2.5,2.284454,5582600
2024-09-04,2.49,2.51,2.43,2.49,2.275316,5804600
2024-09-05,2.49,2.53,2.47,2.49,2.275316,5253700
2024-09-06,2.49,2.51,2.44,2.44,2.229627,4775000
2024-09-09,2.43,2.48,2.41,2.42,2.211351,5044400
2024-09-10,2.42,2.56,2.42,2.52,2.302729,8346800
2024-09-11,2.52,2.55,2.47,2.47,2.25704,3153400
2024-09-12,2.47,2.51,2.46,2.48,2.266178,5932600
2024-09-13,2.48,2.52,2.48,2.5,2.284454,2423900
2024-09-17,2.52,2.55,2.47,2.5,2.284454,2322100
2024-09-18,2.5,2.55,2.46,2.52,2.302729,4802200
2024-09-19,2.52,2.55,2.51,2.53,2.311867,5155600
2024-09-20,2.54,2.54,2.49,2.5,2.284454,11159700
2024-09-23,2.5,2.56,2.49,2.5,2.284454,4424600
2024-09-24,2.51,2.54,2.5,2.52,2.302729,3077900
2024-09-25,2.51,2.54,2.48,2.49,2.275316,8250400
2024-09-26,2.5,2.54,2.49,2.52,2.302729,9781700
2024-09-27,2.52,2.6,2.5,2.57,2.348418,8222600
2024-09-30,2.57,2.57,2.51,2.52,2.302729,14046900
2024-10-01,2.52,2.52,2.49,2.5,2.284454,4419400
2024-10-02,2.45,2.45,2.4,2.43,2.265805,4473300
2024-10-03,2.44,2.45,2.41,2.44,2.27513,2864100
2024-10-04,2.44,2.45,2.39,2.43,2.265805,9260300
2024-10-07,2.43,2.44,2.39,2.41,2.247156,6889900
2024-10-08,2.39,2.41,2.35,2.4,2.237832,12586800
2024-10-09,2.4,2.43,2.37,2.4,2.237832,2608800
2024-10-10,2.4,2.45,2.39,2.4,2.237832,2940200
2024-10-11,2.41,2.44,2.4,2.41,2.247156,2393500
2024-10-14,2.41,2.44,2.39,2.4,2.237832,8729500
2024-10-15,2.41,2.43,2.4,2.41,2.247156,5083000
2024-10-16,2.41,2.43,2.36,2.38,2.219184,4100200
2024-10-17,2.38,2.4,2.35,2.35,2.191211,2914300
2024-10-18,2.35,2.42,2.34,2.4,2.237832,2586800
2024-10-21,2.4,2.42,2.38,2.4,2.237832,768700
2024-10-22,2.41,2.45,2.4,2.43,2.265805,3278600
2024-10-23,2.42,2.44,2.39,2.4,2.237832,1655400
2024-10-24,2.41,2.43,2.38,2.4,2.237832,1596700
2024-10-25,2.4,2.43,2.35,2.35,2.191211,1514400
2024-10-28,2.38,2.4,2.34,2.34,2.181886,1082200
2024-10-29,2.36,2.36,2.31,2.31,2.153914,2154200
2024-10-30,2.32,2.32,2.25,2.26,2.107292,4008800
2024-11-01,2.25,2.35,2.25,2.31,2.153914,3605100
2024-11-04,2.31,2.38,2.31,2.35,2.191211,2007000
2024-11-05,2.36,2.37,2.31,2.37,2.209859,3591600
2024-11-06,2.37,2.37,2.31,2.33,2.172562,3225600
2024-11-07,2.34,2.35,2.26,2.27,2.116616,4982000
2024-11-08,2.27,2.28,2.22,2.25,2.097968,1701200
2024-11-11,2.26,2.28,2.23,2.27,2.116616,1670900
2024-11-12,2.27,2.28,2.21,2.21,2.060671,2766100
2024-11-13,2.21,2.23,2.2,2.21,2.060671,1315300
2024-11-14,2.21,2.24,2.2,2.21,2.060671,4302000
2024-11-15,2.21,2.26,2.21,2.24,2.088644,2718500
2024-11-18,2.24,2.29,2.23,2.27,2.116616,1734900
2024-11-19,2.3,2.3,2.25,2.25,2.097968,1479600
2024-11-20,2.26,2.31,2.23,2.28,2.125941,3409100
2024-11-21,2.28,2.34,2.26,2.32,2.163238,3526000
2024-11-22,2.32,2.35,2.32,2.32,2.163238,1602600
2024-11-25,2.3,2.37,2.28,2.33,2.172562,16147400
2024-11-26,2.33,2.34,2.27,2.33,2.172562,4038000
2024-11-27,2.33,2.34,2.29,2.31,2.153914,3913200
2024-11-28,2.32,2.37,2.3,2.34,2.181886,3430400
2024-11-29,2.35,2.45,2.34,2.34,2.181886,5155400
2024-12-02,2.34,2.38,2.3,2.33,2.172562,5182600
2024-12-03,2.32,2.38,2.3,2.38,2.219184,3871300
2024-12-04,2.38,2.43,2.36,2.37,2.209859,2964100
2024-12-05,2.38,2.41,2.35,2.4,2.237832,2836900
2024-12-06,2.4,2.4,2.35,2.36,2.200535,4270700
2024-12-09,2.35,2.37,2.33,2.36,2.200535,4157000
2024-12-10,2.36,2.4,2.35,2.37,2.209859,5681100
2024-12-11,2.37,2.37,2.37,2.37,2.209859,0
2024-12-12,2.42,2.44,2.35,2.36,2.200535,8526500
2024-12-13,2.35,2.4,2.32,2.37,2.209859,6414700
2024-12-16,2.38,2.46,2.38,2.43,2.265805,7138600
2024-12-17,2.43,2.48,2.4,2.43,2.265805,5632300
2024-12-18,2.43,2.46,2.41,2.43,2.265805,3077600
2024-12-19,2.4,2.43,2.38,2.41,2.247156,2036100
2024-12-20,2.41,2.42,2.34,2.34,2.181886,8700700
2024-12-23,2.35,2.39,2.34,2.39,2.228508,1688700
2024-12-24,2.37,2.4,2.37,2.39,2.228508,1185100
2024-12-26,2.4,2.4,2.36,2.39,2.228508,1195300
2024-12-27,2.39,2.4,2.36,2.38,2.219184,2773600
2024-12-30,2.38,2.41,2.37,2.39,2.228508,2856100
2024-12-31,2.38,2.49,2.38,2.49,2.321751,19695500
2025-01-02,2.44,2.45,2.39,2.4,2.237832,3346600
2025-01-03,2.4,2.43,2.38,2.41,2.247156,3063300
2025-01-06,2.41,2.43,2.39,2.41,2.247156,2225500
2025-01-07,2.41,2.43,2.35,2.35,2.191211,6257500
2025-01-08,2.34,2.35,2.29,2.3,2.144589,7385700
2025-01-09,2.32,2.32,2.28,2.29,2.135265,5961100
2025-01-10,2.29,2.29,2.24,2.25,2.097968,8477600
2025-01-13,2.25,2.26,2.23,2.24,2.088644,1971000
2025-01-14,2.25,2.37,2.25,2.33,2.172562,7170600
2025-01-15,2.34,2.35,2.28,2.29,2.135265,4404200
2025-01-16,2.33,2.34,2.25,2.25,2.097968,4761000
2025-01-17,2.25,2.29,2.23,2.26,2.107292,3116100
2025-01-20,2.27,2.29,2.25,2.27,2.116616,3319500
2025-01-21,2.27,2.29,2.25,2.28,2.125941,2493600
2025-01-22,2.28,2.29,2.25,2.25,2.097968,4931200
2025-01-23,2.26,2.27,2.22,2.23,2.079319,5372600
2025-01-24,2.24,2.24,2.22,2.24,2.088644,3225000
2025-01-27,2.24,2.25,2.21,2.21,2.060671,1819000
2025-01-28,2.22,2.23,2.18,2.2,2.051346,1560000
2025-01-31,2.2,2.25,2.18,2.22,2.069995,4387500
2025-02-03,2.22,2.23,2.2,2.21,2.060671,2523300
2025-02-04,2.21,2.22,2.18,2.22,2.069995,3427700
2025-02-05,2.21,2.25,2.19,2.21,2.060671,3720700
2025-02-06,2.21,2.21,2.18,2.21,2.060671,3266900
2025-02-07,2.21,2.24,2.19,2.21,2.060671,5565400
2025-02-10,2.2,2.28,2.2,2.28,2.125941,5586500
2025-02-12,2.27,2.28,2.2,2.23,2.079319,7294000
2025-02-13,2.24,2.25,2.19,2.21,2.060671,5063100
2025-02-14,2.21,2.24,2.16,2.16,2.014049,6459800
2025-02-17,2.16,2.17,2.09,2.1,1.958103,4032900
2025-02-18,2.1,2.12,2.06,2.07,1.93013,6652600
2025-02-19,2.07,2.11,2.07,2.1,1.958103,6670300
2025-02-20,2.08,2.1,2.05,2.07,1.93013,5392300
2025-02-21,2.06,2.09,2.04,2.06,1.920806,6535800
2025-02-24,2.06,2.11,2.05,2.11,1.967427,7507500
2025-02-25,2.1,2.1,2.02,2.05,1.911482,7614200
2025-02-26,2.05,2.12,2.04,2.1,1.958103,4087700
2025-02-27,2.12,2.14,2.07,2.07,1.93013,4376100
2025-02-28,2.06,2.09,1.97,2.09,1.948779,15076700
2025-03-03,2.07,2.07,1.98,2,1.86486,6032300
2025-03-04,1.98,1.99,1.92,1.93,1.79959,3937800
2025-03-05,1.93,1.98,1.91,1.91,1.780941,4396500
2025-03-06,1.93,1.96,1.89,1.91,1.780941,5076700
2025-03-07,1.91,1.92,1.86,1.88,1.752969,6144900
2025-03-10,1.88,1.9,1.82,1.82,1.697023,9252000
2025-03-11,1.8,1.82,1.74,1.78,1.659726,8592500
2025-03-12,1.78,1.81,1.74,1.77,1.650401,18312300
2025-03-13,1.77,1.86,1.73,1.85,1.724996,9979200
2025-03-14,1.84,1.85,1.81,1.82,1.697023,9000700
2025-03-17,1.83,1.87,1.8,1.85,1.724996,15045100
2025-03-19,1.85,1.85,1.76,1.78,1.659726,13712600
2025-03-20,1.78,1.81,1.74,1.79,1.66905,11887900
2025-03-21,1.79,1.79,1.7,1.71,1.594455,17659300
2025-03-24,1.71,1.74,1.68,1.71,1.594455,13395900
2025-03-25,1.74,1.81,1.72,1.78,1.659726,17269100
2025-03-26,1.8,1.92,1.78,1.87,1.743644,21448400
2025-03-27,1.86,1.88,1.8,1.84,1.715671,27655000
2025-03-28,1.84,1.84,1.78,1.79,1.66905,21263400
2025-04-02,1.79,1.81,1.76,1.81,1.687698,7548700
2025-04-03,1.79,1.85,1.78,1.85,1.724996,10341000
2025-04-04,1.81,1.85,1.8,1.82,1.697023,7400900
2025-04-07,1.75,1.75,1.63,1.72,1.60378,14797700
2025-04-08,1.74,1.8,1.73,1.77,1.650401,13957200
2025-04-09,1.77,1.81,1.73,1.77,1.650401,9828100
2025-04-10,1.8,1.84,1.76,1.78,1.707973,8906800
2025-04-11,1.77,1.88,1.75,1.85,1.775141,8018600
2025-04-14,1.86,1.91,1.85,1.89,1.813522,8702800
2025-04-15,1.9,1.9,1.86,1.87,1.794332,4211600
2025-04-16,1.86,1.89,1.83,1.86,1.784736,7448400
2025-04-17,1.86,1.92,1.83,1.88,1.803927,10570600
2025-04-18,1.89,1.9,1.86,1.87,1.794332,1291700
2025-04-21,1.89,1.98,1.87,1.95,1.871095,9405200
2025-04-22,1.95,1.97,1.92,1.96,1.88069,4984400
2025-04-23,1.96,2.05,1.96,2.03,1.947857,17300400
2025-04-24,2.04,2.07,2.03,2.07,1.986239,13242900
2025-04-25,2.07,2.07,2.01,2.02,1.938262,4299000
2025-04-28,2.01,2.06,2,2.04,1.957453,2604600
2025-04-29,2.05,2.07,2.02,2.04,1.957453,4026700
2025-04-30,2.05,2.12,2.04,2.1,2.015025,7731400
2025-05-02,2.1,2.13,2.09,2.09,2.00543,2730100
2025-05-05,2.08,2.1,2.07,2.09,2.00543,4239900
2025-05-06,2.08,2.11,2.03,2.04,1.957453,4565900
2025-05-07,2.04,2.11,2.04,2.11,2.02462,5982000
2025-05-08,2.11,2.14,2.07,2.13,2.043811,9906900
2025-05-09,2.12,2.16,2.1,2.14,2.053406,6552900
2025-05-13,2.15,2.21,2.14,2.18,2.091788,11408300
2025-05-14,2.18,2.19,2.15,2.17,2.082192,10491400
2025-05-15,2.17,2.21,2.16,2.21,2.120574,5817000
2025-05-16,2.21,2.23,2.17,2.21,2.120574,4497700
2025-05-19,2.21,2.21,2.06,2.08,1.995834,14325100
2025-05-20,2.08,2.14,2.06,2.08,1.995834,10822000
2025-05-21,2.07,2.12,2.06,2.07,1.986239,3246500
2025-05-22,2.06,2.07,2.03,2.04,1.957453,4210700
2025-05-23,2.05,2.05,2.03,2.04,1.957453,4684100
2025-05-26,2.04,2.05,1.98,2,1.919071,3923300
2025-05-27,2,2.06,2,2.03,1.947857,8442400
2025-05-28,2.04,2.12,2.02,2.07,1.986239,8654300
2025-05-29,2.08,2.12,2.06,2.06,1.976643,8093600
2025-05-30,2.06,2.06,2.02,2.05,1.967048,13324300
2025-06-03,2.06,2.09,2,2.03,1.947857,7981200
2025-06-04,2.03,2.04,2,2.04,1.957453,10628000
2025-06-05,2.03,2.05,2,2,1.919071,4508400
2025-06-06,2,2.04,1.99,2.02,1.938262,9539300
2025-06-09,2.02,2.04,1.99,2.03,1.947857,10188000
2025-06-10,2.02,2.09,2.02,2.08,1.995834,9761600
2025-06-11,2.1,2.13,2.06,2.11,2.02462,6890600
2025-06-12,2.11,2.12,2.05,2.1,2.015025,5563100
2025-06-13,2.05,2.09,2.05,2.06,1.976643,2807000
2025-06-16,2.06,2.15,2.05,2.15,2.063002,11619500
2025-06-17,2.15,2.16,2.08,2.1,2.015025,8536800
2025-06-18,2.1,2.13,2.09,2.11,2.02462,4454600
2025-06-19,2.11,2.13,2.08,2.08,1.995834,2515000
2025-06-20,2.08,2.14,2.08,2.1,2.015025,13746800
2025-06-23,2.08,2.08,2.03,2.07,1.986239,4295900
2025-06-24,2.08,2.11,2.08,2.1,2.015025,3482000
2025-06-25,2.09,2.2,2.09,2.2,2.110978,6935200
2025-06-26,2.2,2.23,2.18,2.22,2.130169,6535200
2025-06-30,2.22,2.32,2.21,2.31,2.216527,13573100
2025-07-01,2.31,2.35,2.27,2.34,2.245313,8976400
2025-07-02,2.34,2.35,2.32,2.35,2.254909,7114800
2025-07-03,2.35,2.38,2.33,2.36,2.264504,8337600
2025-07-04,2.36,2.36,2.32,2.33,2.235718,2410300
2025-07-07,2.33,2.37,2.32,2.34,2.245313,4506700
2025-07-08,2.34,2.35,2.32,2.33,2.235718,2765200
2025-07-09,2.33,2.36,2.3,2.34,2.245313,4876100
2025-07-10,2.34,2.36,2.3,2.35,2.254909,4669400
2025-07-11,2.35,2.57,2.33,2.56,2.456411,19084000
2025-07-14,2.53,2.56,2.47,2.54,2.437221,12716700
2025-07-15,2.54,2.56,2.5,2.5,2.398839,7271200
2025-07-16,2.54,2.6,2.49,2.55,2.446816,8380000
2025-07-17,2.55,2.59,2.52,2.55,2.446816,9089600
2025-07-18,2.55,2.56,2.48,2.53,2.427625,6728000
2025-07-21,2.55,2.6,2.52,2.59,2.485197,2977600
2025-07-22,2.6,2.61,2.55,2.56,2.456411,4338900
2025-07-23,2.56,2.58,2.5,2.53,2.427625,4430400
2025-07-24,2.52,2.56,2.5,2.55,2.446816,5623200
2025-07-25,2.53,2.71,2.53,2.69,2.581151,18471200
2025-07-28,2.68,2.74,2.65,2.69,2.581151,10932800
2025-07-29,2.7,2.72,2.66,2.68,2.571556,13131200
2025-07-30,2.66,2.68,2.62,2.64,2.533174,4125700
2025-07-31,2.64,2.7,2.61,2.7,2.590746,18458500
2025-08-01,2.69,2.7,2.65,2.69,2.581151,4763800
2025-08-04,2.69,2.69,2.6,2.64,2.533174,5528200
2025-08-05,2.63,2.68,2.62,2.66,2.552365,2689800
2025-08-06,2.66,2.66,2.6,2.63,2.523579,12694100
2025-08-07,2.61,2.64,2.61,2.62,2.513983,3847400
2025-08-08,2.61,2.63,2.55,2.63,2.523579,10856300
2025-08-11,2.63,2.64,2.59,2.62,2.513983,2530500
2025-08-12,2.63,2.64,2.61,2.63,2.523579,4282600
2025-08-13,2.62,2.72,2.62,2.7,2.590746,7667300
2025-08-14,2.7,2.7,2.64,2.67,2.56196,3626500
2025-08-15,2.64,2.71,2.64,2.69,2.581151,3427300
2025-08-18,2.69,2.71,2.68,2.69,2.581151,5602500
2025-08-19,2.69,2.7,2.67,2.7,2.590746,7713400
2025-08-20,2.69,2.69,2.62,2.62,2.513983,9600400
2025-08-21,2.62,2.65,2.51,2.55,2.446816,19609600
2025-08-22,2.55,2.61,2.54,2.57,2.466007,3364200
2025-08-25,2.57,2.63,2.57,2.59,2.485197,3802700
2025-08-26,2.59,2.59,2.53,2.58,2.475602,6653000
2025-08-27,2.54,2.64,2.54,2.64,2.533174,6156600
2025-08-28,2.64,2.65,2.53,2.58,2.475602,6111200
2025-08-29,2.6,2.63,2.38,2.42,2.322076,18981700
2025-09-02,2.43,2.46,2.35,2.45,2.350862,11571900
2025-09-03,2.46,2.49,2.43,2.47,2.370053,3191800
2025-09-04,2.45,2.48,2.42,2.43,2.331672,4513400
2025-09-08,2.43,2.48,2.43,2.47,2.370053,1694800
2025-09-09,2.47,2.5,2.45,2.5,2.398839,7247600
2025-09-10,2.5,2.65,2.48,2.62,2.513983,9928000
2025-09-11,2.62,2.65,2.61,2.63,2.523579,2784100
2025-09-12,2.63,2.67,2.6,2.66,2.552365,7311600
2025-09-17,2.65,2.71,2.65,2.66,2.552365,6086700
2025-09-18,2.69,2.69,2.63,2.65,2.542769,2529000
2025-09-19,2.63,2.71,2.63,2.71,2.600342,9330100
2025-09-22,2.69,2.69,2.62,2.63,2.523579,4736900
2025-09-23,2.64,2.66,2.63,2.63,2.523579,5430200
2025-09-24,2.64,2.65,2.6,2.62,2.513983,7521700
2025-09-25,2.62,2.64,2.6,2.64,2.533174,4674200
2025-09-26,2.62,2.62,2.59,2.6,2.494792,3181500
2025-09-29,2.61,2.67,2.6,2.67,2.56196,2937500
2025-09-30,2.67,2.73,2.64,2.68,2.571556,8022000
2025-10-01,2.68,2.71,2.66,2.67,2.56196,3577200
2025-10-02,2.67,2.7,2.65,2.68,2.571556,2538000
2025-10-03,2.69,2.71,2.67,2.68,2.571556,4172000
2025-10-06,2.68,2.7,2.66,2.68,2.571556,2910500
2025-10-07,2.63,2.68,2.61,2.64,2.581333,2632800
2025-10-08,2.64,2.67,2.6,2.67,2.610667,4115200
2025-10-09,2.67,2.67,2.63,2.64,2.581333,6226600
2025-10-10,2.63,2.63,2.57,2.58,2.522667,9079100
2025-10-13,2.53,2.6,2.52,2.56,2.503111,4900500
2025-10-14,2.55,2.65,2.55,2.61,2.552,5951400
2025-10-15,2.61,2.65,2.61,2.62,2.561778,2148700
2025-10-16,2.63,2.77,2.63,2.72,2.659556,6872700
2025-10-17,2.72,2.77,2.65,2.68,2.620445,4463600
2025-10-21,2.68,2.72,2.61,2.7,2.64,3576900
2025-10-22,2.65,2.66,2.6,2.62,2.561778,1908100
2025-10-23,2.6,2.64,2.58,2.62,2.561778,1821500
2025-10-24,2.62,2.63,2.61,2.61,2.552,1599500
2025-10-27,2.61,2.63,2.59,2.6,2.542222,2594700
2025-10-28,2.6,2.6,2.55,2.58,2.522667,3912400
2025-10-29,2.56,2.58,2.54,2.57,2.512889,6080400
2025-10-30,2.57,2.59,2.51,2.55,2.493333,6776300
2025-10-31,2.52,2.54,2.48,2.51,2.454222,8157600
2025-11-03,2.51,2.58,2.51,2.56,2.503111,3466600
2025-11-04,2.53,2.6,2.53,2.56,2.503111,4332000
2025-11-05,2.56,2.6,2.53,2.59,2.532444,4283200
2025-11-06,2.59,2.62,2.57,2.6,2.542222,2857300
2025-11-07,2.6,2.62,2.57,2.6,2.542222,3496900
2025-11-10,2.62,2.71,2.62,2.7,2.64,11500300
2025-11-11,2.7,2.76,2.7,2.76,2.698667,10906000
2025-11-12,2.74,2.77,2.74,2.75,2.688889,8591600
2025-11-13,2.75,2.75,2.71,2.72,2.659556,2894100
2025-11-14,2.72,2.73,2.69,2.71,2.649778,2044400
2025-11-17,2.75,2.77,2.73,2.76,2.698667,5004800
2025-11-18,2.74,2.75,2.72,2.73,2.669333,2676100
2025-11-19,2.74,2.78,2.71,2.76,2.698667,6045500
2025-11-20,2.76,2.79,2.73,2.73,2.669333,4297000
2025-11-21,2.72,2.75,2.71,2.75,2.688889,1858900
2025-11-24,2.73,2.77,2.68,2.68,2.620445,15825600
2025-11-25,2.68,2.74,2.68,2.71,2.649778,2246100
2025-11-26,2.72,2.74,2.65,2.65,2.591111,3114000
2025-11-27,2.64,2.72,2.52,2.59,2.532444,3810500
2025-11-28,2.6,2.6,2.41,2.41,2.356445,5818900
2025-12-01,2.42,2.64,2.42,2.62,2.561778,6438300
2025-12-02,2.62,2.62,2.54,2.58,2.522667,3114600
2025-12-03,2.58,2.58,2.53,2.56,2.503111,1341200
2025-12-04,2.59,2.68,2.51,2.68,2.620445,4143500
2025-12-05,2.65,2.65,2.51,2.52,2.464,5388900
2025-12-08,2.52,2.6,2.5,2.6,2.542222,3900000
2025-12-09,2.57,2.6,2.52,2.6,2.542222,2503600
2025-12-10,2.6,2.6,2.53,2.53,2.473778,1985600
2025-12-11,2.53,2.65,2.53,2.65,2.591111,3714700
2025-12-12,2.6,2.67,2.6,2.62,2.561778,2128700
2025-12-15,2.62,2.63,2.58,2.6,2.542222,2477300
2025-12-16,2.59,2.64,2.55,2.6,2.542222,4351100
2025-12-17,2.58,2.6,2.56,2.57,2.512889,4411600
2025-12-18,2.58,2.6,2.56,2.58,2.522667,3829600
2025-12-19,2.59,2.66,2.59,2.64,2.581333,8818200
2025-12-22,2.61,2.61,2.54,2.55,2.493333,4085400
2025-12-23,2.55,2.61,2.55,2.59,2.532444,3266500
2025-12-24,2.59,2.59,2.56,2.59,2.532444,1904000
2025-12-26,2.59,2.59,2.56,2.57,2.512889,841000
2025-12-29,2.56,2.59,2.55,2.56,2.503111,1061600
2025-12-30,2.56,2.59,2.54,2.54,2.483556,1533300
2025-12-31,2.54,2.56,2.51,2.52,2.464,5909000
2026-01-02,2.52,2.6,2.5,2.58,2.522667,2539100
2026-01-05,2.56,2.61,2.53,2.58,2.522667,3417300
2026-01-06,2.58,2.6,2.54,2.56,2.503111,2375600
2026-01-07,2.56,2.58,2.54,2.56,2.503111,3004600
2026-01-08,2.55,2.56,2.54,2.55,2.493333,2304200
2026-01-09,2.55,2.58,2.55,2.58,2.522667,3731300
2026-01-12,2.57,2.57,2.56,2.57,2.512889,2010000
2026-01-13,2.56,2.57,2.54,2.55,2.493333,4020200
2026-01-14,2.55,2.55,2.52,2.53,2.473778,3956600
2026-01-15,2.55,2.55,2.51,2.51,2.454222,3543000
2026-01-16,2.53,2.53,2.5,2.52,2.464,3054200
2026-01-19,2.52,2.52,2.52,2.52,2.464,0
2026-01-20,2.47,2.55,2.47,2.49,2.434667,3513700
2026-01-21,2.49,2.52,2.46,2.48,2.424889,5658300
2026-01-22,2.5,2.52,2.42,2.45,2.395555,8215800
2026-01-23,2.45,2.49,2.43,2.45,2.395555,4329000
2026-01-26,2.44,2.49,2.42,2.49,2.434667,5807100
2026-01-27,2.48,2.49,2.34,2.35,2.297778,16052300
2026-01-28,2.36,2.37,2.25,2.32,2.268444,14275700
2026-01-29,2.28,2.31,2.22,2.24,2.190222,12286600
2026-01-30,2.24,2.3,2.23,2.3,2.248889,10980500
2026-02-03,2.3,2.47,2.3,2.47,2.415111,8004200
2026-02-04,2.47,2.47,2.38,2.44,2.385778,6524900
2026-02-05,2.43,2.44,2.32,2.34,2.288,3048500
2026-02-06,2.34,2.39,2.32,2.39,2.336889,5589100
2026-02-09,2.39,2.39,2.17,2.19,2.141333,13803000
2026-02-10,2.21,2.42,2.21,2.38,2.327111,17954200
2026-02-11,2.4,2.43,2.3,2.33,2.278222,11445000
2026-02-12,2.33,2.36,2.29,2.31,2.258667,6082200
2026-02-13,2.31,2.33,2.28,2.29,2.239111,5839700
2026-02-16,2.29,2.32,2.25,2.3,2.248889,4971700
2026-02-19,2.3,2.34,2.27,2.3,2.248889,7255300
2026-02-20,2.31,2.31,2.27,2.31,2.258667,3545300
2026-02-23,2.31,2.35,2.27,2.3,2.248889,10285100
2026-02-24,2.3,2.31,2.23,2.27,2.219556,17250400
2026-02-25,2.27,2.33,2.27,2.32,2.268444,9290700
2026-02-26,2.32,2.35,2.28,2.31,2.258667,8068000
2026-02-27,2.27,2.34,2.24,2.28,2.229333,29149700
2026-03-02,2.23,2.29,2.21,2.27,2.219556,6710600
2026-03-03,2.25,2.32,2.24,2.31,2.258667,5232000
2026-03-04,2.3,2.34,2.29,2.31,2.258667,5070100
2026-03-05,2.31,2.34,2.3,2.32,2.268444,3820100
2026-03-06,2.32,2.34,2.24,2.24,2.190222,5561800
2026-03-09,2.2,2.27,2.2,2.24,2.190222,5971400
2026-03-10,2.25,2.26,2.19,2.24,2.190222,6910200
2026-03-11,2.26,2.3,2.23,2.27,2.219556,5453200
2026-03-12,2.25,2.3,2.24,2.28,2.229333,4825300
2026-03-13,2.26,2.3,2.17,2.23,2.180444,13854400
2026-03-16,2.23,2.28,2.2,2.26,2.209778,6222100
2026-03-17,2.26,2.31,2.25,2.27,2.219556,6161100
2026-03-18,2.27,2.32,2.26,2.3,2.248889,7923900
2026-03-19,2.28,2.35,2.27,2.31,2.258667,11596300
2026-03-20,2.31,2.31,2.31,2.31,2.258667,0
2026-03-24,2.25,2.35,2.25,2.33,2.278222,8257400
2026-03-25,2.3,2.38,2.28,2.28,2.229333,12105000
2026-03-26,2.28,2.3,2.22,2.25,2.2,4971900
2026-03-27,2.27,2.27,2.25,2.26,2.209778,2477700
2026-03-30,2.2,2.25,2.16,2.17,2.121778,8660600
2026-03-31,2.2,2.24,2.17,2.21,2.160889,6487200
2026-04-01,2.26,2.26,2.2,2.23,2.180444,4156800
2026-04-02,2.22,2.26,2.2,2.26,2.209778,4186500
2026-04-03,2.23,2.29,2.23,2.25,2.2,1861300
2026-04-06,2.24,2.29,2.23,2.26,2.209778,5611600
2026-04-07,2.25,2.25,2.2,2.21,2.160889,2005300
2026-04-08,2.23,2.3,2.21,2.3,2.248889,2795700
2026-04-09,2.29,2.29,2.24,2.25,2.2,5187600
2026-04-10,2.28,2.3,2.25,2.25,2.2,5571600
2026-04-13,2.19,2.23,2.14,2.19,2.19,12971700
2026-04-14,2.19,2.24,2.15,2.15,2.15,5743800
2026-04-15,2.16,2.24,2.15,2.23,2.23,6399200
2026-04-16,2.23,2.3,2.23,2.27,2.27,7245600
2026-04-17,2.29,2.31,2.23,2.25,2.25,4544300
2026-04-20,2.25,2.27,2.2,2.2,2.2,6054400
2026-04-21,2.21,2.25,2.19,2.2,2.2,6696400
2026-04-22,2.22,2.28,2.2,2.25,2.25,4259000
2026-04-23,2.25,2.3,2.25,2.28,2.28,2701900
2026-04-24,2.28,2.29,2.23,2.24,2.24,3043200
2026-04-27,2.25,2.27,2.22,2.25,2.25,3122200
2026-04-28,2.25,2.28,2.22,2.27,2.27,4397600
2026-04-29,2.27,2.28,2.23,2.25,2.25,4158200
2026-04-30,2.24,2.39,2.24,2.35,2.35,9462500
2026-05-04,2.36,2.42,2.32,2.39,2.39,13059600
2026-05-05,2.4,2.41,2.37,2.4,2.4,5260000
2026-05-06,2.4,2.42,2.38,2.42,2.42,7480300
2026-05-07,2.42,2.43,2.4,2.42,2.42,3991400
2026-05-08,2.41,2.42,2.3,2.33,2.33,12557800
2026-05-11,2.32,2.33,2.28,2.29,2.29,6897500
2026-05-12,2.29,2.33,2.25,2.26,2.26,6030400
2026-05-13,2.25,2.27,2.17,2.21,2.21,11945700
2026-05-14,2.22,2.28,2.2,2.25,2.25,6030800
2026-05-15,2.25,2.32,2.19,2.28,2.28,9465100
2026-05-18,2.28,2.28,2.2,2.2,2.2,4559400
2026-05-19,2.2,2.2,2.1,2.11,2.11,20298400
2026-05-20,2.11,2.11,2,2.01,2.01,33523400
2026-05-21,2.01,2.04,1.94,1.97,1.97,25239100
2026-05-22,1.98,1.99,1.91,1.95,1.95,25941600
2026-05-25,1.96,2.05,1.89,2.02,2.02,36477500
2026-05-26,2.01,2.01,1.95,1.95,1.95,31338100
2026-05-27,1.95,1.95,1.95,1.95,1.95,0
2026-05-28,1.96,2,1.88,1.98,1.98,30256700
2026-05-29,1.98,2.08,1.98,2,2,308401100
2026-06-02,2,2,2,2,2,0
2026-06-03,2.06,2.07,1.96,1.98,1.98,19730600
2026-06-04,1.98,2,1.94,1.95,1.95,11973700
2026-06-05,1.95,1.99,1.93,1.97,1.97,15196900
2026-06-08,1.96,1.97,1.92,1.95,1.95,9507900
2026-06-09,1.95,1.98,1.9,1.92,1.92,10245000
2026-06-10,1.91,1.95,1.88,1.92,1.92,7555900
2026-06-11,1.92,1.94,1.87,1.91,1.91,24700300
2026-06-12,1.92,1.92,1.84,1.86,1.86,9751900
2026-06-15,1.86,1.92,1.86,1.9,1.9,20569300
2026-06-16,1.91,2,1.88,1.97,1.97,12994400
2026-06-18,1.97,2.02,1.93,1.99,1.99,15902300
2026-06-19,2.01,2.02,1.98,2,2,12582000
2026-06-22,2,2.05,1.99,2.02,2.02,8166600
2026-06-23,2.02,2.02,1.97,1.98,1.98,8958600
2026-06-24,1.98,2.02,1.96,1.98,1.98,6005300
2026-06-25,1.99,2.13,1.96,2.08,2.08,24232600
2026-06-26,2.09,2.14,2.09,2.11,2.11,19393800
2026-06-29,2.11,2.15,2.08,2.11,2.11,7288000
2026-06-30,2.13,2.13,2.1,2.11,2.11,5170800
2026-07-01,2.11,2.11,2.05,2.06,2.06,2860200
2026-07-02,2.07,2.09,2.05,2.05,2.05,4796600
