Date,Open,High,Low,Close,Adj Close,Volume
1984-10-17,0.144531,0.148438,0.144531,0.144531,0.110164,9868800
1984-10-18,0.148438,0.15625,0.148438,0.148438,0.113142,5324800
1984-10-19,0.148438,0.148438,0.144531,0.144531,0.110164,3043200
1984-10-22,0.144531,0.148438,0.144531,0.144531,0.110164,2326400
1984-10-23,0.144531,0.144531,0.140625,0.140625,0.107187,787200
1984-10-24,0.144531,0.148438,0.144531,0.144531,0.110164,230400
1984-10-25,0.144531,0.148438,0.140625,0.140625,0.107187,1587200
1984-10-26,0.140625,0.144531,0.140625,0.140625,0.107187,758400
1984-10-29,0.140625,0.144531,0.140625,0.140625,0.107187,614400
1984-10-30,0.140625,0.148438,0.140625,0.140625,0.107187,192000
1984-10-31,0.144531,0.148438,0.144531,0.144531,0.110164,297600
1984-11-01,0.144531,0.144531,0.140625,0.140625,0.107187,352000
1984-11-02,0.140625,0.144531,0.140625,0.140625,0.107187,1638400
1984-11-05,0.140625,0.140625,0.136719,0.136719,0.10421,534400
1984-11-06,0.136719,0.140625,0.136719,0.136719,0.10421,544000
1984-11-07,0.136719,0.140625,0.136719,0.136719,0.10421,76800
1984-11-08,0.136719,0.140625,0.136719,0.136719,0.10421,44800
1984-11-09,0.136719,0.140625,0.136719,0.136719,0.10421,896000
1984-11-12,0.136719,0.140625,0.136719,0.136719,0.10421,300800
1984-11-13,0.136719,0.140625,0.136719,0.136719,0.10421,464000
1984-11-14,0.136719,0.140625,0.132813,0.132813,0.101233,1523200
1984-11-15,0.132813,0.136719,0.132813,0.132813,0.101233,156800
1984-11-16,0.132813,0.136719,0.125,0.125,0.095277,579200
1984-11-19,0.125,0.136719,0.125,0.125,0.095277,358400
1984-11-20,0.125,0.128906,0.121094,0.121094,0.0923,179200
1984-11-21,0.121094,0.128906,0.121094,0.121094,0.0923,905600
1984-11-23,0.121094,0.128906,0.121094,0.121094,0.0923,25600
1984-11-26,0.125,0.128906,0.125,0.125,0.095277,166400
1984-11-27,0.128906,0.132813,0.128906,0.128906,0.098255,147200
1984-11-28,0.128906,0.132813,0.128906,0.128906,0.098255,492800
1984-11-29,0.128906,0.132813,0.128906,0.128906,0.098255,262400
1984-11-30,0.128906,0.132813,0.128906,0.128906,0.098255,556800
1984-12-03,0.128906,0.132813,0.125,0.125,0.095277,380800
1984-12-04,0.125,0.128906,0.121094,0.121094,0.0923,217600
1984-12-05,0.121094,0.128906,0.121094,0.121094,0.0923,102400
1984-12-06,0.121094,0.125,0.117188,0.117188,0.089323,630400
1984-12-07,0.117188,0.121094,0.117188,0.117188,0.089323,86400
1984-12-10,0.117188,0.121094,0.117188,0.117188,0.089323,2099200
1984-12-11,0.117188,0.121094,0.117188,0.117188,0.089323,188800
1984-12-12,0.117188,0.121094,0.117188,0.117188,0.089323,393600
1984-12-13,0.117188,0.121094,0.117188,0.117188,0.089323,102400
1984-12-14,0.117188,0.121094,0.117188,0.117188,0.089323,89600
1984-12-17,0.117188,0.121094,0.117188,0.117188,0.089323,102400
1984-12-18,0.117188,0.121094,0.117188,0.117188,0.089323,214400
1984-12-19,0.117188,0.121094,0.117188,0.117188,0.089323,102400
1984-12-20,0.117188,0.121094,0.117188,0.117188,0.089323,121600
1984-12-21,0.117188,0.121094,0.117188,0.117188,0.089323,704000
1984-12-24,0.117188,0.121094,0.117188,0.117188,0.089323,921600
1984-12-26,0.117188,0.121094,0.117188,0.117188,0.089323,521600
1984-12-27,0.117188,0.125,0.117188,0.117188,0.089323,947200
1984-12-28,0.117188,0.121094,0.117188,0.117188,0.089323,76800
1984-12-31,0.117188,0.125,0.117188,0.117188,0.089323,457600
1985-01-02,0.121094,0.125,0.121094,0.121094,0.0923,179200
1985-01-03,0.121094,0.132813,0.121094,0.121094,0.0923,227200
1985-01-04,0.121094,0.132813,0.121094,0.121094,0.0923,390400
1985-01-07,0.128906,0.136719,0.128906,0.128906,0.098255,2652800
1985-01-08,0.144531,0.152344,0.144531,0.144531,0.110164,1190400
1985-01-09,0.144531,0.152344,0.144531,0.144531,0.110164,403200
1985-01-10,0.148438,0.15625,0.148438,0.148438,0.113142,1062400
1985-01-11,0.148438,0.160156,0.148438,0.148438,0.113142,188800
1985-01-14,0.152344,0.160156,0.152344,0.152344,0.116119,131200
1985-01-15,0.15625,0.164063,0.15625,0.15625,0.119097,320000
1985-01-16,0.15625,0.160156,0.15625,0.15625,0.119097,134400
1985-01-17,0.15625,0.160156,0.15625,0.15625,0.119097,441600
1985-01-18,0.15625,0.164063,0.15625,0.15625,0.119097,556800
1985-01-21,0.15625,0.164063,0.15625,0.15625,0.119097,112000
1985-01-22,0.15625,0.164063,0.15625,0.15625,0.119097,441600
1985-01-23,0.15625,0.164063,0.15625,0.15625,0.119097,156800
1985-01-24,0.175781,0.183594,0.175781,0.175781,0.133984,1475200
1985-01-25,0.1875,0.191406,0.1875,0.1875,0.142916,1110400
1985-01-28,0.1875,0.191406,0.1875,0.1875,0.142916,908800
1985-01-29,0.1875,0.195313,0.1875,0.1875,0.142916,1660800
1985-01-30,0.195313,0.203125,0.195313,0.195313,0.148871,928000
1985-01-31,0.195313,0.203125,0.195313,0.195313,0.148871,656000
1985-02-01,0.195313,0.203125,0.195313,0.195313,0.148871,208000
1985-02-04,0.207031,0.214844,0.207031,0.207031,0.157803,966400
1985-02-05,0.234375,0.238281,0.234375,0.234375,0.178645,2320000
1985-02-06,0.242188,0.246094,0.242188,0.242188,0.1846,1280000
1985-02-07,0.242188,0.25,0.238281,0.238281,0.181622,1113600
1985-02-08,0.265625,0.269531,0.265625,0.265625,0.202464,4268800
1985-02-11,0.269531,0.273438,0.269531,0.269531,0.205442,998400
1985-02-12,0.269531,0.269531,0.261719,0.261719,0.199487,1472000
1985-02-13,0.261719,0.269531,0.261719,0.261719,0.199487,611200
1985-02-14,0.261719,0.261719,0.257813,0.257813,0.19651,355200
1985-02-15,0.257813,0.261719,0.253906,0.253906,0.193532,304000
1985-02-19,0.253906,0.253906,0.246094,0.246094,0.187577,784000
1985-02-20,0.246094,0.25,0.242188,0.242188,0.1846,473600
1985-02-21,0.242188,0.25,0.242188,0.242188,0.1846,281600
1985-02-22,0.25,0.257813,0.25,0.25,0.190555,809600
1985-02-25,0.25,0.253906,0.25,0.25,0.190555,496000
1985-02-26,0.25,0.257813,0.25,0.25,0.190555,672000
1985-02-27,0.25,0.257813,0.25,0.25,0.190555,1955200
1985-02-28,0.269531,0.277344,0.269531,0.269531,0.205442,1049600
1985-03-01,0.273438,0.28125,0.273438,0.273438,0.20842,467200
1985-03-04,0.273438,0.28125,0.273438,0.273438,0.20842,556800
1985-03-05,0.273438,0.28125,0.273438,0.273438,0.20842,441600
1985-03-06,0.273438,0.28125,0.273438,0.273438,0.20842,496000
1985-03-07,0.273438,0.277344,0.265625,0.265625,0.202464,531200
1985-03-08,0.265625,0.277344,0.265625,0.265625,0.202464,19200
1985-03-11,0.265625,0.273438,0.261719,0.261719,0.199487,246400
1985-03-12,0.261719,0.273438,0.261719,0.261719,0.199487,4275200
1985-03-13,0.261719,0.261719,0.253906,0.253906,0.193532,486400
1985-03-14,0.253906,0.257813,0.25,0.25,0.190555,195200
1985-03-15,0.25,0.253906,0.25,0.25,0.190555,124800
1985-03-18,0.25,0.25,0.242188,0.242188,0.1846,153600
1985-03-19,0.242188,0.25,0.242188,0.242188,0.1846,604800
1985-03-20,0.242188,0.25,0.242188,0.242188,0.1846,547200
1985-03-21,0.242188,0.25,0.242188,0.242188,0.1846,204800
1985-03-22,0.242188,0.25,0.242188,0.242188,0.1846,192000
1985-03-25,0.242188,0.25,0.242188,0.242188,0.1846,355200
1985-03-26,0.242188,0.246094,0.242188,0.242188,0.1846,300800
1985-03-27,0.242188,0.246094,0.238281,0.238281,0.181622,76800
1985-03-28,0.238281,0.246094,0.238281,0.238281,0.181622,96000
1985-03-29,0.238281,0.242188,0.234375,0.234375,0.178645,144000
1985-04-01,0.234375,0.234375,0.226563,0.226563,0.172691,838400
1985-04-02,0.21875,0.21875,0.210938,0.210938,0.160781,384000
1985-04-03,0.210938,0.214844,0.210938,0.210938,0.160781,835200
1985-04-04,0.199219,0.199219,0.191406,0.191406,0.145893,1017600
1985-04-08,0.191406,0.191406,0.191406,0.191406,0.145893,0
1985-04-09,0.191406,0.191406,0.1875,0.1875,0.142916,416000
1985-04-10,0.1875,0.191406,0.183594,0.183594,0.139939,1862400
1985-04-11,0.203125,0.210938,0.203125,0.203125,0.154826,1139200
1985-04-12,0.222656,0.234375,0.222656,0.222656,0.169713,512000
1985-04-15,0.222656,0.226563,0.21875,0.21875,0.166735,761600
1985-04-16,0.226563,0.230469,0.226563,0.226563,0.172691,1414400
1985-04-17,0.230469,0.238281,0.230469,0.230469,0.175668,816000
1985-04-18,0.230469,0.238281,0.230469,0.230469,0.175668,332800
1985-04-19,0.230469,0.238281,0.230469,0.230469,0.175668,89600
1985-04-22,0.242188,0.246094,0.242188,0.242188,0.1846,6096000
1985-04-23,0.246094,0.257813,0.246094,0.246094,0.187577,364800
1985-04-24,0.265625,0.273438,0.265625,0.265625,0.202464,691200
1985-04-25,0.28125,0.289063,0.28125,0.28125,0.214374,2662400
1985-04-26,0.28125,0.285156,0.277344,0.277344,0.211397,1532800
1985-04-29,0.277344,0.28125,0.273438,0.273438,0.20842,1600000
1985-04-30,0.273438,0.28125,0.269531,0.269531,0.205442,393600
1985-05-01,0.269531,0.273438,0.269531,0.269531,0.205442,400000
1985-05-02,0.269531,0.277344,0.269531,0.269531,0.205442,540800
1985-05-03,0.273438,0.28125,0.273438,0.273438,0.20842,368000
1985-05-06,0.273438,0.28125,0.273438,0.273438,0.20842,329600
1985-05-07,0.273438,0.28125,0.273438,0.273438,0.20842,208000
1985-05-08,0.273438,0.28125,0.273438,0.273438,0.20842,387200
1985-05-09,0.273438,0.285156,0.273438,0.273438,0.20842,1993600
1985-05-10,0.273438,0.285156,0.273438,0.273438,0.20842,435200
1985-05-13,0.277344,0.285156,0.277344,0.277344,0.211397,137600
1985-05-14,0.277344,0.28125,0.277344,0.277344,0.211397,150400
1985-05-15,0.277344,0.28125,0.273438,0.273438,0.20842,675200
1985-05-16,0.273438,0.28125,0.273438,0.273438,0.20842,163200
1985-05-17,0.273438,0.28125,0.273438,0.273438,0.20842,387200
1985-05-20,0.277344,0.285156,0.277344,0.277344,0.211397,425600
1985-05-21,0.300781,0.304688,0.300781,0.300781,0.229261,2787200
1985-05-22,0.304688,0.308594,0.304688,0.304688,0.232239,1788800
1985-05-23,0.316406,0.324219,0.316406,0.316406,0.24117,1129600
1985-05-24,0.324219,0.332031,0.324219,0.324219,0.247126,1433600
1985-05-28,0.324219,0.324219,0.316406,0.316406,0.24117,723200
1985-05-29,0.316406,0.324219,0.316406,0.316406,0.24117,233600
1985-05-30,0.320313,0.328125,0.320313,0.320313,0.244148,384000
1985-05-31,0.320313,0.328125,0.320313,0.320313,0.244148,412800
1985-06-03,0.335938,0.347656,0.335938,0.335938,0.256058,2524800
1985-06-04,0.347656,0.351563,0.347656,0.347656,0.26499,1529600
1985-06-05,0.355469,0.367188,0.355469,0.355469,0.270945,1433600
1985-06-06,0.351563,0.351563,0.34375,0.34375,0.262013,1891200
1985-06-07,0.34375,0.351563,0.34375,0.34375,0.262013,1001600
1985-06-10,0.355469,0.363281,0.355469,0.355469,0.270945,1088000
1985-06-11,0.355469,0.355469,0.347656,0.347656,0.26499,857600
1985-06-12,0.363281,0.371094,0.363281,0.363281,0.276899,515200
1985-06-13,0.363281,0.371094,0.363281,0.363281,0.276899,1315200
1985-06-14,0.363281,0.367188,0.363281,0.363281,0.276899,617600
1985-06-17,0.363281,0.367188,0.359375,0.359375,0.273922,512000
1985-06-18,0.355469,0.355469,0.34375,0.34375,0.262013,969600
1985-06-19,0.34375,0.347656,0.339844,0.339844,0.259035,252800
1985-06-20,0.332031,0.332031,0.328125,0.328125,0.250103,649600
1985-06-21,0.335938,0.339844,0.335938,0.335938,0.256058,428800
1985-06-24,0.335938,0.335938,0.328125,0.328125,0.250103,236800
1985-06-25,0.332031,0.335938,0.332031,0.332031,0.25308,198400
1985-06-26,0.335938,0.34375,0.335938,0.335938,0.256058,515200
1985-06-27,0.339844,0.347656,0.339844,0.339844,0.259035,198400
1985-06-28,0.351563,0.359375,0.351563,0.351563,0.267968,259200
1985-07-01,0.351563,0.355469,0.34375,0.34375,0.262013,140800
1985-07-02,0.355469,0.363281,0.355469,0.355469,0.270945,732800
1985-07-03,0.355469,0.359375,0.347656,0.347656,0.26499,444800
1985-07-05,0.347656,0.351563,0.34375,0.34375,0.262013,92800
1985-07-08,0.34375,0.34375,0.335938,0.335938,0.256058,396800
1985-07-09,0.335938,0.339844,0.332031,0.332031,0.25308,256000
1985-07-10,0.332031,0.335938,0.328125,0.328125,0.250103,217600
1985-07-11,0.339844,0.351563,0.339844,0.339844,0.259035,326400
1985-07-12,0.347656,0.355469,0.347656,0.347656,0.26499,963200
1985-07-15,0.347656,0.359375,0.347656,0.347656,0.26499,617600
1985-07-16,0.355469,0.363281,0.355469,0.355469,0.270945,716800
1985-07-17,0.363281,0.375,0.363281,0.363281,0.276899,755200
1985-07-18,0.363281,0.371094,0.363281,0.363281,0.276899,432000
1985-07-19,0.371094,0.378906,0.371094,0.371094,0.282855,988800
1985-07-22,0.375,0.378906,0.375,0.375,0.285832,726400
1985-07-23,0.375,0.375,0.367188,0.367188,0.279877,1020800
1985-07-24,0.367188,0.375,0.363281,0.363281,0.276899,467200
1985-07-25,0.367188,0.375,0.367188,0.367188,0.279877,355200
1985-07-26,0.367188,0.375,0.367188,0.367188,0.279877,252800
1985-07-29,0.367188,0.371094,0.363281,0.363281,0.276899,566400
1985-07-30,0.363281,0.371094,0.363281,0.363281,0.276899,355200
1985-07-31,0.363281,0.371094,0.363281,0.363281,0.276899,262400
1985-08-01,0.363281,0.371094,0.363281,0.363281,0.276899,409600
1985-08-02,0.363281,0.371094,0.363281,0.363281,0.276899,179200
1985-08-05,0.363281,0.367188,0.359375,0.359375,0.273922,252800
1985-08-06,0.359375,0.359375,0.351563,0.351563,0.267968,342400
1985-08-07,0.316406,0.316406,0.304688,0.304688,0.232239,1219200
1985-08-08,0.308594,0.316406,0.308594,0.308594,0.235216,665600
1985-08-09,0.308594,0.316406,0.308594,0.308594,0.235216,438400
1985-08-12,0.308594,0.320313,0.308594,0.308594,0.235216,268800
1985-08-13,0.304688,0.304688,0.296875,0.296875,0.226284,764800
1985-08-14,0.304688,0.308594,0.304688,0.304688,0.232239,259200
1985-08-15,0.304688,0.308594,0.300781,0.300781,0.229261,124800
1985-08-16,0.300781,0.308594,0.300781,0.300781,0.229261,105600
1985-08-19,0.292969,0.292969,0.289063,0.289063,0.220329,1139200
1985-08-20,0.289063,0.296875,0.289063,0.289063,0.220329,1529600
1985-08-21,0.332031,0.339844,0.332031,0.332031,0.25308,1056000
1985-08-22,0.332031,0.339844,0.332031,0.332031,0.25308,662400
1985-08-23,0.332031,0.335938,0.328125,0.328125,0.250103,368000
1985-08-26,0.328125,0.335938,0.328125,0.328125,0.250103,812800
1985-08-27,0.328125,0.332031,0.328125,0.328125,0.250103,1225600
1985-08-28,0.328125,0.332031,0.324219,0.324219,0.247126,1104000
1985-08-29,0.324219,0.332031,0.324219,0.324219,0.247126,915200
1985-08-30,0.328125,0.332031,0.328125,0.328125,0.250103,64000
1985-09-03,0.328125,0.328125,0.316406,0.316406,0.24117,880000
1985-09-04,0.316406,0.320313,0.308594,0.308594,0.235216,860800
1985-09-05,0.308594,0.3125,0.300781,0.308594,0.235216,524800
1985-09-06,0.308594,0.3125,0.300781,0.3125,0.238193,793600
1985-09-09,0.3125,0.3125,0.300781,0.308594,0.235216,278400
1985-09-10,0.308594,0.308594,0.300781,0.304688,0.232239,156800
1985-09-11,0.304688,0.304688,0.296875,0.296875,0.226284,176000
1985-09-12,0.296875,0.296875,0.265625,0.277344,0.211397,1424000
1985-09-13,0.277344,0.28125,0.273438,0.273438,0.20842,1955200
1985-09-16,0.273438,0.28125,0.273438,0.273438,0.20842,272000
1985-09-17,0.28125,0.292969,0.28125,0.285156,0.217351,1795200
1985-09-18,0.285156,0.300781,0.285156,0.292969,0.223306,361600
1985-09-19,0.292969,0.300781,0.289063,0.292969,0.223306,1446400
1985-09-20,0.292969,0.292969,0.277344,0.285156,0.217351,1280000
1985-09-23,0.28125,0.28125,0.25,0.28125,0.214374,3734400
1985-09-24,0.28125,0.292969,0.265625,0.265625,0.202464,1504000
1985-09-25,0.265625,0.273438,0.253906,0.261719,0.199487,1097600
1985-09-26,0.261719,0.265625,0.253906,0.261719,0.199487,752000
1985-09-30,0.261719,0.261719,0.242188,0.242188,0.1846,1606400
1985-10-01,0.242188,0.253906,0.242188,0.253906,0.193532,1635200
1985-10-02,0.253906,0.253906,0.246094,0.246094,0.187577,764800
1985-10-03,0.25,0.273438,0.25,0.273438,0.20842,2150400
1985-10-04,0.273438,0.289063,0.273438,0.285156,0.217351,2419200
1985-10-07,0.285156,0.296875,0.285156,0.292969,0.223306,780800
1985-10-08,0.292969,0.292969,0.277344,0.289063,0.220329,1142400
1985-10-09,0.289063,0.304688,0.28125,0.300781,0.229261,1708800
1985-10-10,0.304688,0.324219,0.304688,0.316406,0.24117,2864000
1985-10-11,0.316406,0.320313,0.308594,0.316406,0.24117,569600
1985-10-14,0.316406,0.332031,0.3125,0.332031,0.25308,419200
1985-10-15,0.332031,0.339844,0.316406,0.316406,0.24117,2118400
1985-10-16,0.316406,0.328125,0.3125,0.324219,0.247126,1926400
1985-10-17,0.324219,0.328125,0.324219,0.324219,0.247126,1948800
1985-10-18,0.324219,0.332031,0.316406,0.324219,0.247126,3267200
1985-10-21,0.324219,0.324219,0.316406,0.316406,0.24117,150400
1985-10-22,0.316406,0.324219,0.316406,0.324219,0.247126,1244800
1985-10-23,0.324219,0.324219,0.316406,0.316406,0.24117,1190400
1985-10-24,0.316406,0.324219,0.3125,0.320313,0.244148,812800
1985-10-25,0.320313,0.320313,0.3125,0.320313,0.244148,153600
1985-10-28,0.320313,0.320313,0.3125,0.320313,0.244148,294400
1985-10-29,0.320313,0.320313,0.3125,0.320313,0.244148,396800
1985-10-30,0.320313,0.320313,0.316406,0.320313,0.244148,387200
1985-10-31,0.320313,0.320313,0.300781,0.300781,0.229261,736000
1985-11-01,0.300781,0.308594,0.300781,0.308594,0.235216,646400
1985-11-04,0.308594,0.316406,0.308594,0.308594,0.235216,278400
1985-11-05,0.308594,0.3125,0.300781,0.300781,0.229261,3846400
1985-11-06,0.300781,0.304688,0.300781,0.304688,0.232239,1782400
1985-11-07,0.300781,0.300781,0.289063,0.296875,0.226284,2124800
1985-11-08,0.296875,0.304688,0.292969,0.300781,0.229261,569600
1985-11-11,0.300781,0.308594,0.300781,0.308594,0.235216,1126400
1985-11-12,0.308594,0.3125,0.304688,0.308594,0.235216,1225600
1985-11-13,0.308594,0.3125,0.296875,0.296875,0.226284,224000
1985-11-14,0.296875,0.304688,0.296875,0.304688,0.232239,864000
1985-11-15,0.304688,0.304688,0.296875,0.304688,0.232239,323200
1985-11-18,0.304688,0.304688,0.296875,0.304688,0.232239,1878400
1985-11-19,0.304688,0.304688,0.296875,0.300781,0.229261,272000
1985-11-20,0.300781,0.304688,0.292969,0.304688,0.232239,246400
1985-11-21,0.304688,0.304688,0.300781,0.304688,0.232239,547200
1985-11-22,0.304688,0.304688,0.28125,0.296875,0.226284,1392000
1985-11-25,0.296875,0.300781,0.289063,0.292969,0.223306,320000
1985-11-26,0.292969,0.308594,0.289063,0.308594,0.235216,832000
1985-11-27,0.308594,0.316406,0.304688,0.3125,0.238193,1420800
1985-11-29,0.3125,0.316406,0.304688,0.3125,0.238193,211200
1985-12-02,0.3125,0.3125,0.300781,0.304688,0.232239,400000
1985-12-03,0.304688,0.304688,0.296875,0.296875,0.226284,57600
1985-12-04,0.296875,0.304688,0.296875,0.304688,0.232239,323200
1985-12-05,0.304688,0.304688,0.296875,0.300781,0.229261,128000
1985-12-06,0.300781,0.300781,0.292969,0.300781,0.229261,409600
1985-12-09,0.296875,0.296875,0.285156,0.285156,0.217351,387200
1985-12-10,0.285156,0.292969,0.285156,0.285156,0.217351,320000
1985-12-11,0.285156,0.292969,0.285156,0.292969,0.223306,425600
1985-12-12,0.292969,0.300781,0.289063,0.300781,0.229261,646400
1985-12-13,0.300781,0.300781,0.296875,0.300781,0.229261,227200
1985-12-16,0.300781,0.308594,0.296875,0.304688,0.232239,515200
1985-12-17,0.304688,0.3125,0.304688,0.3125,0.238193,921600
1985-12-18,0.3125,0.316406,0.296875,0.3125,0.238193,20620800
1985-12-19,0.3125,0.316406,0.296875,0.304688,0.232239,1440000
1985-12-20,0.304688,0.304688,0.296875,0.296875,0.226284,220800
1985-12-23,0.296875,0.304688,0.296875,0.304688,0.232239,2038400
1985-12-24,0.304688,0.308594,0.304688,0.308594,0.235216,307200
1985-12-26,0.308594,0.3125,0.304688,0.3125,0.238193,915200
1985-12-27,0.3125,0.316406,0.3125,0.3125,0.238193,601600
1985-12-30,0.3125,0.320313,0.3125,0.320313,0.244148,934400
1985-12-31,0.320313,0.324219,0.316406,0.320313,0.244148,1312000
1986-01-02,0.320313,0.320313,0.308594,0.308594,0.235216,2140800
1986-01-03,0.308594,0.308594,0.300781,0.304688,0.232239,1276800
1986-01-06,0.304688,0.3125,0.296875,0.3125,0.238193,1276800
1986-01-07,0.3125,0.332031,0.304688,0.332031,0.25308,2992000
1986-01-08,0.332031,0.332031,0.320313,0.332031,0.25308,1507200
1986-01-09,0.328125,0.328125,0.320313,0.324219,0.247126,678400
1986-01-10,0.324219,0.332031,0.324219,0.324219,0.247126,566400
1986-01-13,0.324219,0.332031,0.316406,0.328125,0.250103,1049600
1986-01-14,0.328125,0.332031,0.324219,0.324219,0.247126,1174400
1986-01-15,0.324219,0.359375,0.324219,0.355469,0.270945,54211200
1986-01-16,0.355469,0.355469,0.339844,0.347656,0.26499,9974400
1986-01-17,0.347656,0.355469,0.34375,0.347656,0.26499,9510400
1986-01-20,0.347656,0.359375,0.34375,0.355469,0.270945,5548800
1986-01-21,0.355469,0.367188,0.347656,0.351563,0.267968,5731200
1986-01-22,0.351563,0.359375,0.347656,0.347656,0.26499,3977600
1986-01-23,0.347656,0.363281,0.34375,0.34375,0.262013,9331200
1986-01-24,0.34375,0.351563,0.34375,0.351563,0.267968,1430400
1986-01-27,0.351563,0.355469,0.347656,0.351563,0.267968,11043200
1986-01-28,0.351563,0.355469,0.34375,0.351563,0.267968,3155200
1986-01-29,0.351563,0.367188,0.351563,0.359375,0.273922,6854400
1986-01-30,0.359375,0.375,0.359375,0.375,0.285832,6502400
1986-01-31,0.375,0.40625,0.367188,0.398438,0.303697,10428800
1986-02-03,0.398438,0.40625,0.394531,0.40625,0.309651,23609600
1986-02-04,0.40625,0.410156,0.398438,0.40625,0.309651,8928000
1986-02-05,0.40625,0.410156,0.402344,0.410156,0.312629,4784000
1986-02-06,0.410156,0.445313,0.40625,0.4375,0.333471,2729600
1986-02-07,0.4375,0.445313,0.417969,0.433594,0.330493,4841600
1986-02-10,0.433594,0.4375,0.425781,0.433594,0.330493,2310400
1986-02-11,0.433594,0.433594,0.429688,0.429688,0.327516,1584000
1986-02-12,0.429688,0.433594,0.421875,0.425781,0.324538,1420800
1986-02-13,0.425781,0.433594,0.410156,0.421875,0.321561,4384000
1986-02-14,0.421875,0.429688,0.417969,0.421875,0.321561,777600
1986-02-18,0.421875,0.433594,0.421875,0.429688,0.327516,2156800
1986-02-19,0.429688,0.433594,0.425781,0.429688,0.327516,1312000
1986-02-20,0.429688,0.429688,0.414063,0.417969,0.318584,2432000
1986-02-21,0.417969,0.417969,0.398438,0.40625,0.309651,4614400
1986-02-24,0.40625,0.40625,0.386719,0.386719,0.294764,1126400
1986-02-25,0.386719,0.394531,0.386719,0.394531,0.300719,1881600
1986-02-26,0.394531,0.410156,0.390625,0.410156,0.312629,3078400
1986-02-27,0.414063,0.441406,0.414063,0.4375,0.333471,5212800
1986-02-28,0.4375,0.445313,0.429688,0.433594,0.330493,2265600
1986-03-03,0.433594,0.4375,0.433594,0.4375,0.333471,2022400
1986-03-04,0.4375,0.4375,0.425781,0.425781,0.324538,1088000
1986-03-05,0.421875,0.421875,0.414063,0.421875,0.321561,736000
1986-03-06,0.421875,0.429688,0.417969,0.425781,0.324538,3126400
1986-03-07,0.425781,0.433594,0.421875,0.425781,0.324538,2012800
1986-03-10,0.425781,0.429688,0.421875,0.425781,0.324538,988800
1986-03-11,0.425781,0.429688,0.421875,0.429688,0.327516,944000
1986-03-12,0.429688,0.433594,0.425781,0.433594,0.330493,2320000
1986-03-13,0.433594,0.433594,0.425781,0.425781,0.324538,1779200
1986-03-14,0.429688,0.445313,0.429688,0.445313,0.339426,2953600
1986-03-17,0.445313,0.445313,0.4375,0.441406,0.336448,528000
1986-03-18,0.441406,0.445313,0.433594,0.441406,0.336448,524800
1986-03-19,0.441406,0.441406,0.4375,0.4375,0.333471,195200
1986-03-20,0.4375,0.445313,0.4375,0.445313,0.339426,457600
1986-03-21,0.445313,0.472656,0.441406,0.472656,0.360267,6156800
1986-03-24,0.472656,0.488281,0.46875,0.484375,0.369199,7145600
1986-03-25,0.484375,0.488281,0.476563,0.480469,0.366222,1481600
1986-03-26,0.480469,0.484375,0.464844,0.472656,0.360267,1657600
1986-03-27,0.472656,0.476563,0.46875,0.472656,0.360267,1692800
1986-03-31,0.472656,0.472656,0.46875,0.46875,0.35729,2332800
1986-04-01,0.46875,0.472656,0.46875,0.46875,0.35729,2032000
1986-04-02,0.46875,0.476563,0.46875,0.46875,0.35729,2636800
1986-04-03,0.46875,0.484375,0.46875,0.476563,0.363245,1216000
1986-04-04,0.476563,0.492188,0.476563,0.492188,0.375155,2700800
1986-04-07,0.488281,0.488281,0.480469,0.484375,0.369199,1292800
1986-04-08,0.484375,0.496094,0.480469,0.496094,0.378132,1158400
1986-04-09,0.496094,0.496094,0.488281,0.488281,0.372177,316800
1986-04-10,0.488281,0.496094,0.472656,0.472656,0.360267,819200
1986-04-11,0.472656,0.476563,0.46875,0.476563,0.363245,1641600
1986-04-14,0.476563,0.476563,0.46875,0.476563,0.363245,393600
1986-04-15,0.476563,0.476563,0.472656,0.472656,0.360267,502400
1986-04-16,0.472656,0.476563,0.460938,0.476563,0.363245,7270400
1986-04-17,0.476563,0.484375,0.472656,0.484375,0.369199,1132800
1986-04-18,0.484375,0.484375,0.480469,0.484375,0.369199,1216000
1986-04-21,0.484375,0.484375,0.480469,0.480469,0.366222,537600
1986-04-22,0.484375,0.496094,0.484375,0.488281,0.372177,844800
1986-04-23,0.488281,0.492188,0.476563,0.480469,0.366222,492800
1986-04-24,0.480469,0.480469,0.476563,0.476563,0.363245,281600
1986-04-25,0.476563,0.480469,0.472656,0.472656,0.360267,531200
1986-04-28,0.472656,0.476563,0.453125,0.457031,0.348357,739200
1986-04-29,0.457031,0.457031,0.421875,0.429688,0.327516,1756800
1986-04-30,0.429688,0.441406,0.425781,0.441406,0.336448,892800
1986-05-01,0.441406,0.441406,0.421875,0.429688,0.327516,716800
1986-05-02,0.429688,0.433594,0.417969,0.421875,0.321561,1798400
1986-05-05,0.421875,0.421875,0.414063,0.421875,0.321561,492800
1986-05-06,0.414063,0.414063,0.398438,0.40625,0.309651,1913600
1986-05-07,0.40625,0.40625,0.367188,0.382813,0.291787,3184000
1986-05-08,0.382813,0.398438,0.378906,0.398438,0.303697,1792000
1986-05-09,0.398438,0.398438,0.394531,0.394531,0.300719,2192000
1986-05-12,0.394531,0.402344,0.394531,0.402344,0.306674,1769600
1986-05-13,0.402344,0.402344,0.394531,0.402344,0.306674,467200
1986-05-14,0.402344,0.414063,0.402344,0.410156,0.312629,2300800
1986-05-15,0.410156,0.410156,0.402344,0.402344,0.306674,633600
1986-05-16,0.402344,0.414063,0.402344,0.414063,0.315606,3865600
1986-05-19,0.414063,0.414063,0.40625,0.414063,0.315606,748800
1986-05-20,0.414063,0.425781,0.410156,0.425781,0.324538,3424000
1986-05-21,0.425781,0.425781,0.410156,0.417969,0.318584,985600
1986-05-22,0.417969,0.417969,0.402344,0.40625,0.309651,947200
1986-05-23,0.40625,0.414063,0.402344,0.414063,0.315606,921600
1986-05-27,0.414063,0.421875,0.40625,0.40625,0.309651,2067200
1986-05-28,0.417969,0.429688,0.417969,0.421875,0.321561,3027200
1986-05-29,0.421875,0.433594,0.421875,0.433594,0.330493,4307200
1986-05-30,0.433594,0.457031,0.425781,0.445313,0.339426,1504000
1986-06-02,0.445313,0.472656,0.445313,0.449219,0.342403,3497600
1986-06-03,0.449219,0.449219,0.425781,0.425781,0.324538,611200
1986-06-04,0.425781,0.433594,0.410156,0.417969,0.318584,1747200
1986-06-05,0.410156,0.410156,0.402344,0.410156,0.312629,1331200
1986-06-06,0.410156,0.417969,0.402344,0.410156,0.312629,7292800
1986-06-09,0.40625,0.40625,0.386719,0.390625,0.297742,2124800
1986-06-10,0.390625,0.394531,0.378906,0.382813,0.291787,2176000
1986-06-11,0.382813,0.410156,0.382813,0.40625,0.309651,3248000
1986-06-12,0.40625,0.417969,0.40625,0.414063,0.315606,3811200
1986-06-13,0.414063,0.425781,0.414063,0.421875,0.321561,755200
1986-06-16,0.421875,0.425781,0.40625,0.410156,0.312629,2323200
1986-06-17,0.410156,0.410156,0.375,0.375,0.285832,2803200
1986-06-18,0.375,0.378906,0.355469,0.367188,0.279877,3692800
1986-06-19,0.367188,0.375,0.367188,0.375,0.285832,1891200
1986-06-20,0.375,0.378906,0.371094,0.378906,0.288809,1766400
1986-06-23,0.378906,0.378906,0.367188,0.375,0.285832,998400
1986-06-24,0.375,0.378906,0.375,0.375,0.285832,675200
1986-06-25,0.375,0.40625,0.375,0.398438,0.303697,5251200
1986-06-26,0.398438,0.402344,0.390625,0.398438,0.303697,1206400
1986-06-27,0.398438,0.402344,0.394531,0.402344,0.306674,636800
1986-06-30,0.402344,0.402344,0.390625,0.394531,0.300719,640000
1986-07-01,0.398438,0.417969,0.398438,0.414063,0.315606,2480000
1986-07-02,0.414063,0.441406,0.414063,0.429688,0.327516,4230400
1986-07-03,0.429688,0.4375,0.429688,0.433594,0.330493,326400
1986-07-07,0.433594,0.4375,0.414063,0.414063,0.315606,1929600
1986-07-08,0.414063,0.414063,0.402344,0.40625,0.309651,928000
1986-07-09,0.40625,0.414063,0.398438,0.398438,0.303697,2217600
1986-07-10,0.398438,0.40625,0.398438,0.398438,0.303697,1670400
1986-07-11,0.398438,0.40625,0.398438,0.398438,0.303697,995200
1986-07-14,0.398438,0.410156,0.398438,0.410156,0.312629,3200000
1986-07-15,0.402344,0.402344,0.359375,0.367188,0.279877,2681600
1986-07-16,0.367188,0.375,0.363281,0.371094,0.282855,2480000
1986-07-17,0.371094,0.402344,0.371094,0.394531,0.300719,1680000
1986-07-18,0.394531,0.394531,0.382813,0.382813,0.291787,601600
1986-07-21,0.386719,0.394531,0.386719,0.394531,0.300719,451200
1986-07-22,0.394531,0.398438,0.390625,0.394531,0.300719,1888000
1986-07-23,0.394531,0.394531,0.390625,0.390625,0.297742,1203200
1986-07-24,0.390625,0.394531,0.371094,0.371094,0.282855,1452800
1986-07-25,0.371094,0.378906,0.367188,0.378906,0.288809,684800
1986-07-28,0.378906,0.378906,0.367188,0.378906,0.288809,1174400
1986-07-29,0.378906,0.378906,0.347656,0.355469,0.270945,2928000
1986-07-30,0.355469,0.359375,0.351563,0.355469,0.270945,300800
1986-07-31,0.355469,0.359375,0.347656,0.351563,0.267968,297600
1986-08-01,0.351563,0.351563,0.335938,0.347656,0.26499,521600
1986-08-04,0.335938,0.335938,0.320313,0.328125,0.250103,1388800
1986-08-05,0.328125,0.332031,0.304688,0.3125,0.238193,1382400
1986-08-06,0.3125,0.3125,0.285156,0.289063,0.220329,4310400
1986-08-07,0.289063,0.3125,0.289063,0.3125,0.238193,3500800
1986-08-08,0.3125,0.3125,0.304688,0.3125,0.238193,1212800
1986-08-11,0.3125,0.3125,0.300781,0.308594,0.235216,1702400
1986-08-12,0.308594,0.308594,0.300781,0.304688,0.232239,1628800
1986-08-13,0.304688,0.328125,0.296875,0.316406,0.24117,5260800
1986-08-14,0.328125,0.347656,0.328125,0.34375,0.262013,6364800
1986-08-15,0.34375,0.34375,0.335938,0.339844,0.259035,1888000
1986-08-18,0.347656,0.355469,0.347656,0.355469,0.270945,1145600
1986-08-19,0.355469,0.355469,0.347656,0.347656,0.26499,1491200
1986-08-20,0.347656,0.355469,0.328125,0.34375,0.262013,1756800
1986-08-21,0.34375,0.34375,0.339844,0.339844,0.259035,4278400
1986-08-22,0.339844,0.339844,0.3125,0.324219,0.247126,2336000
1986-08-25,0.324219,0.324219,0.308594,0.316406,0.24117,742400
1986-08-26,0.316406,0.320313,0.308594,0.3125,0.238193,2412800
1986-08-27,0.3125,0.316406,0.308594,0.3125,0.238193,3094400
1986-08-28,0.3125,0.3125,0.296875,0.308594,0.235216,16928000
1986-08-29,0.308594,0.3125,0.308594,0.308594,0.235216,1318400
1986-09-02,0.308594,0.320313,0.308594,0.308594,0.235216,3084800
1986-09-03,0.308594,0.3125,0.296875,0.300781,0.229261,2739200
1986-09-04,0.300781,0.304688,0.292969,0.304688,0.232239,1904000
1986-09-05,0.308594,0.316406,0.308594,0.316406,0.24117,1088000
1986-09-08,0.316406,0.316406,0.304688,0.3125,0.238193,1545600
1986-09-09,0.3125,0.3125,0.300781,0.300781,0.229261,1052800
1986-09-10,0.300781,0.308594,0.292969,0.300781,0.229261,1593600
1986-09-11,0.300781,0.300781,0.277344,0.285156,0.217351,2579200
1986-09-12,0.28125,0.28125,0.269531,0.277344,0.211397,2672000
1986-09-15,0.277344,0.28125,0.273438,0.277344,0.211397,1433600
1986-09-16,0.277344,0.277344,0.269531,0.273438,0.20842,4016000
1986-09-17,0.277344,0.285156,0.277344,0.28125,0.214374,1984000
1986-09-18,0.28125,0.289063,0.28125,0.289063,0.220329,3945600
1986-09-19,0.289063,0.300781,0.285156,0.300781,0.229261,2089600
1986-09-22,0.300781,0.304688,0.296875,0.304688,0.232239,1715200
1986-09-23,0.300781,0.300781,0.292969,0.296875,0.226284,3020800
1986-09-24,0.296875,0.304688,0.296875,0.300781,0.229261,816000
1986-09-25,0.300781,0.300781,0.289063,0.292969,0.223306,2844800
1986-09-26,0.292969,0.296875,0.285156,0.292969,0.223306,4896000
1986-09-29,0.292969,0.296875,0.292969,0.296875,0.226284,323200
1986-09-30,0.296875,0.296875,0.285156,0.289063,0.220329,9168000
1986-10-01,0.289063,0.292969,0.289063,0.289063,0.220329,2710400
1986-10-02,0.289063,0.289063,0.28125,0.289063,0.220329,160000
1986-10-03,0.289063,0.289063,0.273438,0.28125,0.214374,1286400
1986-10-06,0.28125,0.28125,0.269531,0.277344,0.211397,2300800
1986-10-07,0.277344,0.277344,0.246094,0.253906,0.193532,2928000
1986-10-08,0.253906,0.253906,0.234375,0.246094,0.187577,2835200
1986-10-09,0.246094,0.246094,0.242188,0.246094,0.187577,3539200
1986-10-10,0.246094,0.25,0.238281,0.242188,0.1846,2508800
1986-10-13,0.242188,0.246094,0.242188,0.246094,0.187577,790400
1986-10-14,0.246094,0.25,0.242188,0.25,0.190555,486400
1986-10-15,0.25,0.261719,0.246094,0.257813,0.19651,2208000
1986-10-16,0.257813,0.273438,0.257813,0.265625,0.202464,448000
1986-10-17,0.265625,0.269531,0.253906,0.257813,0.19651,985600
1986-10-20,0.257813,0.257813,0.242188,0.242188,0.1846,982400
1986-10-21,0.242188,0.246094,0.238281,0.246094,0.187577,2073600
1986-10-22,0.246094,0.25,0.242188,0.25,0.190555,291200
1986-10-23,0.25,0.261719,0.246094,0.261719,0.199487,681600
1986-10-24,0.261719,0.265625,0.261719,0.265625,0.202464,953600
1986-10-27,0.265625,0.265625,0.261719,0.265625,0.202464,1257600
1986-10-28,0.265625,0.265625,0.257813,0.257813,0.19651,1536000
1986-10-29,0.257813,0.265625,0.257813,0.265625,0.202464,12166400
1986-10-30,0.265625,0.273438,0.265625,0.269531,0.205442,1836800
1986-10-31,0.269531,0.273438,0.269531,0.269531,0.205442,1276800
1986-11-03,0.269531,0.273438,0.269531,0.269531,0.205442,211200
1986-11-04,0.269531,0.273438,0.265625,0.265625,0.202464,780800
1986-11-05,0.265625,0.273438,0.257813,0.265625,0.202464,1875200
1986-11-06,0.265625,0.269531,0.261719,0.269531,0.205442,761600
1986-11-07,0.265625,0.265625,0.261719,0.265625,0.202464,278400
1986-11-10,0.265625,0.265625,0.253906,0.257813,0.19651,758400
1986-11-11,0.257813,0.265625,0.257813,0.261719,0.199487,435200
1986-11-12,0.261719,0.265625,0.257813,0.265625,0.202464,3756800
1986-11-13,0.265625,0.269531,0.261719,0.265625,0.202464,1955200
1986-11-14,0.265625,0.277344,0.265625,0.277344,0.211397,598400
1986-11-17,0.277344,0.277344,0.265625,0.269531,0.205442,540800
1986-11-18,0.269531,0.273438,0.265625,0.265625,0.202464,515200
1986-11-19,0.265625,0.269531,0.257813,0.257813,0.19651,1747200
1986-11-20,0.257813,0.261719,0.257813,0.261719,0.199487,1760000
1986-11-21,0.261719,0.265625,0.257813,0.261719,0.199487,1065600
1986-11-24,0.261719,0.265625,0.261719,0.261719,0.199487,1638400
1986-11-25,0.261719,0.265625,0.257813,0.265625,0.202464,220800
1986-11-26,0.265625,0.265625,0.253906,0.257813,0.19651,1737600
1986-11-28,0.257813,0.261719,0.253906,0.257813,0.19651,1289600
1986-12-01,0.257813,0.261719,0.253906,0.253906,0.193532,332800
1986-12-02,0.253906,0.269531,0.25,0.265625,0.202464,3945600
1986-12-03,0.265625,0.273438,0.261719,0.273438,0.20842,1744000
1986-12-04,0.273438,0.289063,0.269531,0.277344,0.211397,6752000
1986-12-05,0.277344,0.28125,0.273438,0.273438,0.20842,1235200
1986-12-08,0.273438,0.277344,0.265625,0.265625,0.202464,860800
1986-12-09,0.265625,0.28125,0.265625,0.273438,0.20842,4758400
1986-12-10,0.273438,0.285156,0.269531,0.277344,0.211397,1683200
1986-12-11,0.277344,0.285156,0.277344,0.28125,0.214374,4044800
1986-12-12,0.28125,0.292969,0.28125,0.289063,0.220329,3008000
1986-12-15,0.289063,0.289063,0.28125,0.285156,0.217351,1868800
1986-12-16,0.285156,0.289063,0.285156,0.285156,0.217351,969600
1986-12-17,0.285156,0.289063,0.277344,0.28125,0.214374,2476800
1986-12-18,0.28125,0.285156,0.28125,0.285156,0.217351,268800
1986-12-19,0.285156,0.285156,0.28125,0.28125,0.214374,620800
1986-12-22,0.28125,0.285156,0.28125,0.28125,0.214374,2195200
1986-12-23,0.28125,0.285156,0.273438,0.28125,0.214374,2764800
1986-12-24,0.28125,0.285156,0.277344,0.285156,0.217351,2448000
1986-12-26,0.28125,0.28125,0.28125,0.28125,0.214374,60800
1986-12-29,0.28125,0.285156,0.28125,0.28125,0.214374,393600
1986-12-30,0.28125,0.285156,0.273438,0.277344,0.211397,953600
1986-12-31,0.277344,0.277344,0.261719,0.261719,0.199487,1417600
1987-01-02,0.261719,0.273438,0.261719,0.269531,0.205442,2249600
1987-01-05,0.269531,0.273438,0.265625,0.273438,0.20842,598400
1987-01-06,0.273438,0.277344,0.269531,0.273438,0.20842,2214400
1987-01-07,0.273438,0.277344,0.273438,0.273438,0.20842,3852800
1987-01-08,0.273438,0.277344,0.269531,0.269531,0.205442,1596800
1987-01-09,0.269531,0.273438,0.269531,0.269531,0.205442,918400
1987-01-12,0.269531,0.277344,0.265625,0.273438,0.20842,3580800
1987-01-13,0.273438,0.273438,0.257813,0.261719,0.199487,2784000
1987-01-14,0.261719,0.261719,0.257813,0.257813,0.19651,761600
1987-01-15,0.257813,0.269531,0.257813,0.265625,0.202464,7011200
1987-01-16,0.265625,0.269531,0.253906,0.253906,0.193532,1142400
1987-01-19,0.253906,0.261719,0.246094,0.253906,0.193532,4182400
1987-01-20,0.253906,0.253906,0.246094,0.246094,0.187577,3593600
1987-01-21,0.246094,0.25,0.21875,0.222656,0.169713,2217600
1987-01-22,0.222656,0.234375,0.203125,0.230469,0.175668,33859200
1987-01-23,0.230469,0.238281,0.226563,0.234375,0.178645,2009600
1987-01-26,0.234375,0.234375,0.226563,0.226563,0.172691,1545600
1987-01-27,0.226563,0.230469,0.226563,0.226563,0.172691,803200
1987-01-28,0.226563,0.230469,0.214844,0.214844,0.163758,2649600
1987-01-29,0.214844,0.222656,0.214844,0.21875,0.166735,1504000
1987-01-30,0.21875,0.21875,0.214844,0.21875,0.166735,1414400
1987-02-02,0.21875,0.234375,0.21875,0.234375,0.178645,2332800
1987-02-03,0.234375,0.246094,0.230469,0.246094,0.187577,2873600
1987-02-04,0.246094,0.257813,0.242188,0.257813,0.19651,1680000
1987-02-05,0.257813,0.269531,0.257813,0.269531,0.205442,2032000
1987-02-06,0.269531,0.269531,0.257813,0.261719,0.199487,3574400
1987-02-09,0.261719,0.269531,0.257813,0.265625,0.202464,3420800
1987-02-10,0.265625,0.265625,0.257813,0.261719,0.199487,1446400
1987-02-11,0.261719,0.261719,0.253906,0.261719,0.199487,1030400
1987-02-12,0.261719,0.261719,0.242188,0.242188,0.1846,1472000
1987-02-13,0.242188,0.253906,0.242188,0.253906,0.193532,1497600
1987-02-17,0.253906,0.269531,0.25,0.265625,0.202464,1782400
1987-02-18,0.265625,0.269531,0.261719,0.265625,0.202464,1456000
1987-02-19,0.265625,0.265625,0.25,0.25,0.190555,864000
1987-02-20,0.25,0.257813,0.25,0.257813,0.19651,1110400
1987-02-23,0.257813,0.257813,0.25,0.253906,0.193532,409600
1987-02-24,0.253906,0.257813,0.25,0.253906,0.193532,486400
1987-02-25,0.253906,0.253906,0.234375,0.234375,0.178645,3782400
1987-02-26,0.234375,0.242188,0.234375,0.234375,0.178645,723200
1987-02-27,0.234375,0.242188,0.234375,0.238281,0.181622,2224000
1987-03-02,0.238281,0.242188,0.238281,0.238281,0.181622,2275200
1987-03-03,0.238281,0.242188,0.21875,0.234375,0.178645,14140800
1987-03-04,0.234375,0.253906,0.234375,0.253906,0.193532,7814400
1987-03-05,0.253906,0.269531,0.253906,0.261719,0.199487,3238400
1987-03-06,0.261719,0.265625,0.253906,0.261719,0.199487,1180800
1987-03-09,0.261719,0.269531,0.253906,0.269531,0.205442,1545600
1987-03-10,0.269531,0.273438,0.265625,0.273438,0.20842,4924800
1987-03-11,0.273438,0.277344,0.269531,0.277344,0.211397,1520000
1987-03-12,0.277344,0.28125,0.269531,0.273438,0.20842,3513600
1987-03-13,0.273438,0.277344,0.269531,0.273438,0.20842,1760000
1987-03-16,0.273438,0.273438,0.265625,0.269531,0.205442,1228800
1987-03-17,0.269531,0.273438,0.269531,0.269531,0.205442,1532800
1987-03-18,0.269531,0.273438,0.269531,0.273438,0.20842,873600
1987-03-19,0.273438,0.273438,0.269531,0.273438,0.20842,1254400
1987-03-20,0.273438,0.273438,0.269531,0.273438,0.20842,592000
1987-03-23,0.273438,0.273438,0.257813,0.265625,0.202464,1331200
1987-03-24,0.261719,0.261719,0.253906,0.253906,0.193532,924800
1987-03-25,0.253906,0.261719,0.246094,0.25,0.190555,1072000
1987-03-26,0.25,0.257813,0.25,0.25,0.190555,819200
1987-03-27,0.25,0.257813,0.25,0.25,0.190555,457600
1987-03-30,0.25,0.253906,0.238281,0.246094,0.187577,976000
1987-03-31,0.246094,0.253906,0.238281,0.246094,0.187577,3081600
1987-04-01,0.246094,0.25,0.242188,0.246094,0.187577,524800
1987-04-02,0.246094,0.25,0.242188,0.242188,0.1846,416000
1987-04-03,0.242188,0.246094,0.242188,0.242188,0.1846,336000
1987-04-06,0.242188,0.25,0.242188,0.246094,0.187577,7996800
1987-04-07,0.246094,0.246094,0.242188,0.242188,0.1846,1833600
1987-04-08,0.242188,0.246094,0.242188,0.242188,0.1846,467200
1987-04-09,0.242188,0.246094,0.242188,0.242188,0.1846,1878400
1987-04-10,0.242188,0.246094,0.242188,0.242188,0.1846,691200
1987-04-13,0.242188,0.242188,0.234375,0.234375,0.178645,512000
1987-04-14,0.234375,0.234375,0.214844,0.214844,0.163758,1657600
1987-04-15,0.214844,0.222656,0.214844,0.222656,0.169713,656000
1987-04-16,0.222656,0.222656,0.203125,0.210938,0.160781,2508800
1987-04-20,0.210938,0.214844,0.207031,0.210938,0.160781,393600
1987-04-21,0.210938,0.210938,0.207031,0.210938,0.160781,1507200
1987-04-22,0.210938,0.214844,0.207031,0.210938,0.160781,857600
1987-04-23,0.210938,0.214844,0.203125,0.207031,0.157803,2467200
1987-04-24,0.203125,0.203125,0.195313,0.195313,0.148871,761600
1987-04-27,0.195313,0.199219,0.175781,0.183594,0.139939,8921600
1987-04-28,0.183594,0.183594,0.167969,0.175781,0.133984,1542400
1987-04-29,0.171875,0.171875,0.160156,0.167969,0.128029,2524800
1987-04-30,0.164063,0.164063,0.140625,0.15625,0.119097,17491200
1987-05-01,0.15625,0.15625,0.144531,0.15625,0.119097,27811200
1987-05-04,0.15625,0.203125,0.152344,0.199219,0.151848,8681600
1987-05-05,0.199219,0.214844,0.199219,0.207031,0.157803,5548800
1987-05-06,0.207031,0.210938,0.1875,0.195313,0.148871,2736000
1987-05-07,0.195313,0.203125,0.191406,0.199219,0.151848,1865600
1987-05-08,0.199219,0.203125,0.1875,0.195313,0.148871,1529600
1987-05-11,0.195313,0.199219,0.195313,0.199219,0.151848,1177600
1987-05-12,0.199219,0.199219,0.191406,0.195313,0.148871,2057600
1987-05-13,0.195313,0.199219,0.195313,0.195313,0.148871,2163200
1987-05-14,0.195313,0.203125,0.195313,0.195313,0.148871,713600
1987-05-15,0.195313,0.199219,0.1875,0.1875,0.142916,1200000
1987-05-18,0.1875,0.191406,0.179688,0.1875,0.142916,1152000
1987-05-19,0.1875,0.191406,0.183594,0.183594,0.139939,284800
1987-05-20,0.183594,0.1875,0.179688,0.183594,0.139939,3350400
1987-05-21,0.183594,0.1875,0.179688,0.183594,0.139939,2768000
1987-05-22,0.183594,0.1875,0.183594,0.183594,0.139939,649600
1987-05-26,0.183594,0.1875,0.183594,0.1875,0.142916,67200
1987-05-27,0.1875,0.1875,0.183594,0.183594,0.139939,96000
1987-05-28,0.183594,0.1875,0.179688,0.183594,0.139939,1472000
1987-05-29,0.183594,0.1875,0.175781,0.175781,0.133984,2233600
1987-06-01,0.175781,0.1875,0.175781,0.183594,0.139939,1376000
1987-06-02,0.183594,0.183594,0.179688,0.183594,0.139939,1465600
1987-06-03,0.183594,0.191406,0.183594,0.191406,0.145893,1440000
1987-06-04,0.191406,0.207031,0.1875,0.195313,0.148871,5875200
1987-06-05,0.195313,0.199219,0.179688,0.183594,0.139939,2115200
1987-06-08,0.183594,0.1875,0.183594,0.1875,0.142916,569600
1987-06-09,0.1875,0.1875,0.183594,0.183594,0.139939,262400
1987-06-10,0.183594,0.1875,0.179688,0.183594,0.139939,1657600
1987-06-11,0.183594,0.1875,0.179688,0.183594,0.139939,300800
1987-06-12,0.183594,0.1875,0.183594,0.183594,0.139939,694400
1987-06-15,0.183594,0.183594,0.179688,0.179688,0.136962,400000
1987-06-16,0.179688,0.1875,0.175781,0.183594,0.139939,918400
1987-06-17,0.183594,0.183594,0.175781,0.175781,0.133984,368000
1987-06-18,0.175781,0.183594,0.175781,0.183594,0.139939,2294400
1987-06-19,0.183594,0.1875,0.179688,0.183594,0.139939,1164800
1987-06-22,0.183594,0.195313,0.183594,0.191406,0.145893,1865600
1987-06-23,0.191406,0.195313,0.1875,0.191406,0.145893,1120000
1987-06-24,0.191406,0.210938,0.1875,0.210938,0.160781,1987200
1987-06-25,0.210938,0.21875,0.207031,0.21875,0.166735,10368000
1987-06-26,0.21875,0.21875,0.214844,0.214844,0.163758,2195200
1987-06-29,0.214844,0.21875,0.207031,0.207031,0.157803,1164800
1987-06-30,0.207031,0.210938,0.203125,0.207031,0.157803,1398400
1987-07-01,0.207031,0.21875,0.207031,0.210938,0.160781,4150400
1987-07-02,0.210938,0.214844,0.207031,0.207031,0.157803,1472000
1987-07-06,0.207031,0.210938,0.195313,0.195313,0.148871,2822400
1987-07-07,0.195313,0.199219,0.191406,0.191406,0.145893,1491200
1987-07-08,0.191406,0.199219,0.191406,0.195313,0.148871,908800
1987-07-09,0.195313,0.195313,0.171875,0.175781,0.133984,3110400
1987-07-10,0.179688,0.183594,0.179688,0.179688,0.136962,1350400
1987-07-13,0.179688,0.1875,0.179688,0.1875,0.142916,1376000
1987-07-14,0.1875,0.191406,0.183594,0.1875,0.142916,611200
1987-07-15,0.1875,0.195313,0.1875,0.1875,0.142916,265600
1987-07-16,0.1875,0.195313,0.1875,0.191406,0.145893,2297600
1987-07-17,0.191406,0.195313,0.1875,0.191406,0.145893,620800
1987-07-20,0.191406,0.195313,0.1875,0.195313,0.148871,361600
1987-07-21,0.195313,0.195313,0.183594,0.183594,0.139939,2444800
1987-07-22,0.183594,0.1875,0.175781,0.175781,0.133984,2396800
1987-07-23,0.175781,0.183594,0.175781,0.179688,0.136962,1571200
1987-07-24,0.179688,0.183594,0.175781,0.175781,0.133984,486400
1987-07-27,0.175781,0.183594,0.175781,0.183594,0.139939,656000
1987-07-28,0.183594,0.183594,0.179688,0.179688,0.136962,1424000
1987-07-29,0.179688,0.183594,0.175781,0.179688,0.136962,928000
1987-07-30,0.179688,0.183594,0.175781,0.179688,0.136962,435200
1987-07-31,0.179688,0.183594,0.175781,0.183594,0.139939,166400
1987-08-03,0.183594,0.183594,0.175781,0.175781,0.133984,1132800
1987-08-04,0.175781,0.179688,0.175781,0.175781,0.133984,448000
1987-08-05,0.175781,0.179688,0.171875,0.171875,0.131006,1484800
1987-08-06,0.171875,0.171875,0.167969,0.167969,0.128029,1644800
1987-08-07,0.167969,0.171875,0.140625,0.164063,0.125052,5136000
1987-08-10,0.164063,0.167969,0.15625,0.160156,0.122074,1609600
1987-08-11,0.160156,0.167969,0.15625,0.160156,0.122074,2345600
1987-08-12,0.160156,0.167969,0.160156,0.164063,0.125052,1340800
1987-08-13,0.164063,0.167969,0.164063,0.167969,0.128029,1244800
1987-08-14,0.167969,0.167969,0.160156,0.160156,0.122074,1251200
1987-08-17,0.160156,0.164063,0.15625,0.160156,0.122074,2521600
1987-08-18,0.160156,0.164063,0.15625,0.160156,0.122074,1248000
1987-08-19,0.160156,0.164063,0.160156,0.160156,0.122074,982400
1987-08-20,0.160156,0.164063,0.160156,0.164063,0.125052,2835200
1987-08-21,0.164063,0.164063,0.160156,0.160156,0.122074,1168000
1987-08-24,0.160156,0.160156,0.15625,0.15625,0.119097,4950400
1987-08-25,0.15625,0.160156,0.15625,0.15625,0.119097,7820800
1987-08-26,0.15625,0.160156,0.148438,0.15625,0.119097,9283200
1987-08-27,0.15625,0.160156,0.152344,0.160156,0.122074,598400
1987-08-28,0.160156,0.160156,0.152344,0.152344,0.116119,3251200
1987-08-31,0.152344,0.160156,0.152344,0.152344,0.116119,5104000
1987-09-01,0.152344,0.160156,0.152344,0.15625,0.119097,3897600
1987-09-02,0.15625,0.160156,0.15625,0.15625,0.119097,659200
1987-09-03,0.15625,0.160156,0.15625,0.160156,0.122074,1004800
1987-09-04,0.160156,0.160156,0.15625,0.15625,0.119097,1206400
1987-09-08,0.15625,0.160156,0.15625,0.160156,0.122074,12566400
1987-09-09,0.160156,0.171875,0.15625,0.171875,0.131006,17936000
1987-09-10,0.171875,0.199219,0.167969,0.191406,0.145893,17622400
1987-09-11,0.191406,0.207031,0.183594,0.199219,0.151848,15801600
1987-09-14,0.199219,0.207031,0.195313,0.199219,0.151848,5024000
1987-09-15,0.199219,0.199219,0.191406,0.195313,0.148871,3872000
1987-09-16,0.195313,0.207031,0.191406,0.203125,0.154826,5417600
1987-09-17,0.203125,0.210938,0.203125,0.203125,0.154826,6089600
1987-09-18,0.203125,0.207031,0.199219,0.207031,0.157803,3507200
1987-09-21,0.207031,0.207031,0.191406,0.191406,0.145893,2416000
1987-09-22,0.191406,0.199219,0.191406,0.199219,0.151848,1507200
1987-09-23,0.199219,0.203125,0.195313,0.195313,0.148871,873600
1987-09-24,0.195313,0.199219,0.195313,0.195313,0.148871,1334400
1987-09-25,0.195313,0.199219,0.195313,0.199219,0.151848,777600
1987-09-28,0.199219,0.199219,0.171875,0.1875,0.142916,3468800
1987-09-29,0.1875,0.1875,0.183594,0.183594,0.139939,1299200
1987-09-30,0.183594,0.1875,0.183594,0.1875,0.142916,4048000
1987-10-01,0.1875,0.1875,0.179688,0.179688,0.136962,476800
1987-10-02,0.179688,0.1875,0.179688,0.1875,0.142916,1971200
1987-10-05,0.1875,0.195313,0.1875,0.191406,0.145893,617600
1987-10-06,0.191406,0.195313,0.191406,0.191406,0.145893,1676800
1987-10-07,0.191406,0.195313,0.183594,0.191406,0.145893,1545600
1987-10-08,0.1875,0.1875,0.183594,0.183594,0.139939,3708800
1987-10-09,0.183594,0.1875,0.183594,0.183594,0.139939,198400
1987-10-12,0.183594,0.183594,0.179688,0.179688,0.136962,854400
1987-10-13,0.183594,0.1875,0.183594,0.1875,0.142916,336000
1987-10-14,0.1875,0.191406,0.179688,0.1875,0.142916,224000
1987-10-15,0.1875,0.191406,0.179688,0.183594,0.139939,1939200
1987-10-16,0.183594,0.1875,0.171875,0.171875,0.131006,492800
1987-10-19,0.171875,0.171875,0.148438,0.148438,0.113142,2483200
1987-10-20,0.140625,0.140625,0.089844,0.097656,0.074435,2646400
1987-10-21,0.101563,0.125,0.101563,0.125,0.095277,5116800
1987-10-22,0.121094,0.121094,0.105469,0.113281,0.086345,2640000
1987-10-23,0.113281,0.117188,0.105469,0.109375,0.083368,3382400
1987-10-26,0.109375,0.109375,0.101563,0.109375,0.083368,1529600
1987-10-27,0.109375,0.113281,0.105469,0.109375,0.083368,1782400
1987-10-28,0.109375,0.117188,0.105469,0.113281,0.086345,1942400
1987-10-29,0.113281,0.125,0.109375,0.121094,0.0923,1228800
1987-10-30,0.121094,0.125,0.117188,0.125,0.095277,1888000
1987-11-02,0.125,0.125,0.121094,0.125,0.095277,1712000
1987-11-03,0.121094,0.121094,0.09375,0.101563,0.077413,1014400
1987-11-04,0.101563,0.113281,0.09375,0.105469,0.08039,2416000
1987-11-05,0.105469,0.113281,0.101563,0.113281,0.086345,10099200
1987-11-06,0.113281,0.113281,0.105469,0.109375,0.083368,2400000
1987-11-09,0.109375,0.113281,0.105469,0.105469,0.08039,502400
1987-11-10,0.105469,0.105469,0.097656,0.101563,0.077413,1014400
1987-11-11,0.101563,0.105469,0.097656,0.097656,0.074435,2425600
1987-11-12,0.097656,0.105469,0.09375,0.097656,0.074435,1008000
1987-11-13,0.097656,0.101563,0.089844,0.097656,0.074435,339200
1987-11-16,0.097656,0.101563,0.082031,0.089844,0.068481,2044800
1987-11-17,0.089844,0.09375,0.082031,0.085938,0.065504,4124800
1987-11-18,0.085938,0.089844,0.085938,0.089844,0.068481,4060800
1987-11-19,0.089844,0.09375,0.085938,0.089844,0.068481,3308800
1987-11-20,0.089844,0.097656,0.085938,0.089844,0.068481,2614400
1987-11-23,0.089844,0.09375,0.089844,0.09375,0.071458,5100800
1987-11-24,0.09375,0.113281,0.09375,0.101563,0.077413,3596800
1987-11-25,0.101563,0.113281,0.101563,0.111328,0.084856,3171200
1987-11-27,0.111328,0.121094,0.109375,0.117188,0.089323,3878400
1987-11-30,0.117188,0.121094,0.113281,0.117188,0.089323,7625600
1987-12-01,0.113281,0.113281,0.109375,0.113281,0.086345,700800
1987-12-02,0.113281,0.117188,0.101563,0.101563,0.077413,3500800
1987-12-03,0.101563,0.109375,0.089844,0.089844,0.068481,2876800
1987-12-04,0.089844,0.097656,0.089844,0.089844,0.068481,873600
1987-12-07,0.089844,0.097656,0.089844,0.089844,0.068481,1856000
1987-12-08,0.09375,0.101563,0.09375,0.09375,0.071458,1004800
1987-12-09,0.09375,0.101563,0.09375,0.101563,0.077413,1273600
1987-12-10,0.101563,0.101563,0.09375,0.09375,0.071458,1225600
1987-12-11,0.09375,0.101563,0.09375,0.097656,0.074435,688000
1987-12-14,0.097656,0.101563,0.097656,0.097656,0.074435,1993600
1987-12-15,0.097656,0.117188,0.097656,0.117188,0.089323,4083200
1987-12-16,0.117188,0.132813,0.113281,0.121094,0.0923,4531200
1987-12-17,0.121094,0.128906,0.117188,0.117188,0.089323,2198400
1987-12-18,0.117188,0.121094,0.117188,0.117188,0.089323,208000
1987-12-21,0.117188,0.121094,0.109375,0.113281,0.086345,4070400
1987-12-22,0.113281,0.117188,0.113281,0.113281,0.086345,3548800
1987-12-23,0.113281,0.117188,0.109375,0.109375,0.083368,6134400
1987-12-24,0.109375,0.117188,0.109375,0.113281,0.086345,1353600
1987-12-28,0.113281,0.113281,0.101563,0.103516,0.078902,3628800
1987-12-29,0.103516,0.117188,0.101563,0.117188,0.089323,4915200
1987-12-30,0.117188,0.128906,0.109375,0.128906,0.098255,4953600
1987-12-31,0.128906,0.132813,0.109375,0.113281,0.086345,7132800
1988-01-04,0.113281,0.117188,0.109375,0.109375,0.083368,768000
1988-01-05,0.113281,0.121094,0.113281,0.113281,0.086345,2227200
1988-01-06,0.113281,0.119141,0.109375,0.117188,0.089323,368000
1988-01-07,0.117188,0.117188,0.109375,0.117188,0.089323,1737600
1988-01-08,0.117188,0.121094,0.113281,0.121094,0.0923,1529600
1988-01-11,0.121094,0.128906,0.113281,0.117188,0.089323,3020800
1988-01-12,0.117188,0.125,0.117188,0.117188,0.089323,2640000
1988-01-13,0.117188,0.125,0.117188,0.117188,0.089323,1155200
1988-01-14,0.117188,0.121094,0.117188,0.121094,0.0923,768000
1988-01-15,0.121094,0.125,0.117188,0.125,0.095277,3532800
1988-01-18,0.125,0.125,0.121094,0.125,0.095277,1100800
1988-01-19,0.125,0.128906,0.121094,0.128906,0.098255,1801600
1988-01-20,0.125,0.125,0.121094,0.121094,0.0923,1027200
1988-01-21,0.121094,0.125,0.121094,0.121094,0.0923,1001600
1988-01-22,0.121094,0.140625,0.121094,0.136719,0.10421,3324800
1988-01-25,0.136719,0.140625,0.125,0.128906,0.098255,1910400
1988-01-26,0.128906,0.132813,0.128906,0.132813,0.101233,1264000
1988-01-27,0.132813,0.140625,0.128906,0.140625,0.107187,1612800
1988-01-28,0.140625,0.15625,0.132813,0.152344,0.116119,6966400
1988-01-29,0.152344,0.152344,0.144531,0.144531,0.110164,1795200
1988-02-01,0.144531,0.15625,0.144531,0.144531,0.110164,1238400
1988-02-02,0.144531,0.152344,0.144531,0.144531,0.110164,1545600
1988-02-03,0.144531,0.152344,0.140625,0.140625,0.107187,1270400
1988-02-04,0.140625,0.148438,0.140625,0.142578,0.108676,486400
1988-02-05,0.148438,0.148438,0.148438,0.148438,0.113142,25600
1988-02-08,0.148438,0.148438,0.140625,0.144531,0.110164,512000
1988-02-09,0.144531,0.150391,0.140625,0.148438,0.113142,659200
1988-02-10,0.148438,0.15625,0.148438,0.152344,0.116119,3075200
1988-02-11,0.152344,0.160156,0.148438,0.154297,0.117608,2304000
1988-02-12,0.154297,0.15625,0.152344,0.152344,0.116119,691200
1988-02-16,0.152344,0.15625,0.148438,0.148438,0.113142,2076800
1988-02-17,0.148438,0.15625,0.148438,0.148438,0.113142,1606400
1988-02-18,0.148438,0.152344,0.148438,0.148438,0.113142,1075200
1988-02-19,0.148438,0.148438,0.140625,0.140625,0.107187,633600
1988-02-22,0.140625,0.148438,0.132813,0.132813,0.101233,2214400
1988-02-23,0.132813,0.140625,0.128906,0.140625,0.107187,4425600
1988-02-24,0.140625,0.140625,0.132813,0.140625,0.107187,188800
1988-02-25,0.140625,0.148438,0.140625,0.144531,0.110164,748800
1988-02-26,0.144531,0.148438,0.144531,0.146484,0.111653,5139200
1988-02-29,0.146484,0.148438,0.140625,0.144531,0.110164,1500800
1988-03-01,0.144531,0.144531,0.136719,0.144531,0.110164,620800
1988-03-02,0.144531,0.144531,0.132813,0.136719,0.10421,1180800
1988-03-03,0.136719,0.140625,0.132813,0.136719,0.10421,1347200
1988-03-04,0.136719,0.140625,0.136719,0.136719,0.10421,265600
1988-03-07,0.136719,0.140625,0.136719,0.136719,0.10421,1212800
1988-03-08,0.136719,0.140625,0.136719,0.136719,0.10421,278400
1988-03-09,0.136719,0.140625,0.132813,0.136719,0.10421,1632000
1988-03-10,0.136719,0.140625,0.136719,0.136719,0.10421,742400
1988-03-11,0.136719,0.140625,0.132813,0.132813,0.101233,560000
1988-03-14,0.132813,0.140625,0.132813,0.140625,0.107187,131200
1988-03-15,0.136719,0.136719,0.125,0.125,0.095277,483200
1988-03-16,0.128906,0.140625,0.128906,0.140625,0.107187,1408000
1988-03-17,0.140625,0.164063,0.140625,0.152344,0.116119,4739200
1988-03-18,0.15625,0.167969,0.15625,0.164063,0.125052,6054400
1988-03-21,0.164063,0.167969,0.160156,0.160156,0.122074,2966400
1988-03-22,0.160156,0.164063,0.15625,0.15625,0.119097,2038400
1988-03-23,0.15625,0.164063,0.15625,0.15625,0.119097,2803200
1988-03-24,0.15625,0.15625,0.152344,0.15625,0.119097,518400
1988-03-25,0.154297,0.154297,0.152344,0.152344,0.116119,793600
1988-03-28,0.148438,0.148438,0.140625,0.144531,0.110164,1139200
1988-03-29,0.148438,0.152344,0.148438,0.148438,0.113142,195200
1988-03-30,0.148438,0.15625,0.148438,0.150391,0.114631,656000
1988-03-31,0.150391,0.152344,0.148438,0.152344,0.116119,457600
1988-04-04,0.152344,0.152344,0.144531,0.148438,0.113142,572800
1988-04-05,0.148438,0.152344,0.148438,0.148438,0.113142,9916800
1988-04-06,0.148438,0.15625,0.148438,0.152344,0.116119,601600
1988-04-07,0.152344,0.15625,0.148438,0.148438,0.113142,1056000
1988-04-08,0.148438,0.15625,0.148438,0.148438,0.113142,1974400
1988-04-11,0.152344,0.15625,0.152344,0.154297,0.117608,608000
1988-04-12,0.154297,0.15625,0.152344,0.15625,0.119097,2256000
1988-04-13,0.15625,0.158203,0.152344,0.15625,0.119097,8880000
1988-04-14,0.15625,0.160156,0.152344,0.15625,0.119097,1091200
1988-04-15,0.152344,0.152344,0.144531,0.144531,0.110164,169600
1988-04-18,0.144531,0.148438,0.144531,0.148438,0.113142,192000
1988-04-19,0.148438,0.148438,0.144531,0.144531,0.110164,265600
1988-04-20,0.144531,0.148438,0.140625,0.148438,0.113142,76800
1988-04-21,0.140625,0.140625,0.140625,0.140625,0.107187,224000
1988-04-22,0.140625,0.144531,0.140625,0.140625,0.107187,710400
1988-04-25,0.140625,0.144531,0.140625,0.140625,0.107187,662400
1988-04-26,0.140625,0.144531,0.140625,0.140625,0.107187,883200
1988-04-27,0.140625,0.144531,0.140625,0.140625,0.107187,118400
1988-04-28,0.140625,0.144531,0.140625,0.140625,0.107187,259200
1988-04-29,0.140625,0.144531,0.136719,0.144531,0.110164,601600
1988-05-02,0.144531,0.144531,0.140625,0.140625,0.107187,643200
1988-05-03,0.140625,0.144531,0.140625,0.144531,0.110164,131200
1988-05-04,0.144531,0.144531,0.140625,0.144531,0.110164,355200
1988-05-05,0.144531,0.144531,0.140625,0.140625,0.107187,67200
1988-05-06,0.140625,0.140625,0.136719,0.140625,0.107187,3017600
1988-05-09,0.140625,0.152344,0.140625,0.152344,0.116119,505600
1988-05-10,0.152344,0.15625,0.144531,0.152344,0.116119,720000
1988-05-11,0.152344,0.15625,0.148438,0.152344,0.116119,2988800
1988-05-12,0.152344,0.152344,0.148438,0.148438,0.113142,1353600
1988-05-13,0.148438,0.152344,0.144531,0.148438,0.113142,928000
1988-05-16,0.148438,0.152344,0.144531,0.148438,0.113142,1158400
1988-05-17,0.148438,0.152344,0.144531,0.144531,0.110164,1344000
1988-05-18,0.144531,0.148438,0.144531,0.148438,0.113142,1654400
1988-05-19,0.148438,0.148438,0.140625,0.140625,0.107187,1568000
1988-05-20,0.140625,0.148438,0.140625,0.144531,0.110164,342400
1988-05-23,0.144531,0.144531,0.140625,0.142578,0.108676,646400
1988-05-24,0.140625,0.140625,0.140625,0.140625,0.107187,278400
1988-05-25,0.140625,0.144531,0.140625,0.140625,0.107187,364800
1988-05-26,0.140625,0.144531,0.140625,0.140625,0.107187,76800
1988-05-27,0.140625,0.144531,0.140625,0.144531,0.110164,1715200
1988-05-31,0.144531,0.144531,0.136719,0.140625,0.107187,1209600
1988-06-01,0.140625,0.148438,0.136719,0.136719,0.10421,2259200
1988-06-02,0.136719,0.148438,0.136719,0.136719,0.10421,278400
1988-06-03,0.136719,0.140625,0.134766,0.136719,0.10421,4992000
1988-06-06,0.136719,0.140625,0.136719,0.140625,0.107187,662400
1988-06-07,0.140625,0.140625,0.136719,0.136719,0.10421,934400
1988-06-08,0.136719,0.136719,0.136719,0.136719,0.10421,313600
1988-06-09,0.136719,0.140625,0.128906,0.128906,0.098255,992000
1988-06-10,0.128906,0.132813,0.128906,0.128906,0.098255,195200
1988-06-13,0.128906,0.128906,0.117188,0.121094,0.0923,835200
1988-06-14,0.121094,0.128906,0.121094,0.125,0.095277,998400
1988-06-15,0.125,0.125,0.117188,0.121094,0.0923,524800
1988-06-16,0.121094,0.125,0.121094,0.125,0.095277,835200
1988-06-17,0.125,0.125,0.121094,0.121094,0.0923,339200
1988-06-20,0.121094,0.125,0.121094,0.121094,0.0923,204800
1988-06-21,0.121094,0.125,0.117188,0.121094,0.0923,118400
1988-06-22,0.121094,0.125,0.117188,0.121094,0.0923,563200
1988-06-23,0.121094,0.125,0.117188,0.119141,0.090811,790400
1988-06-24,0.119141,0.121094,0.117188,0.117188,0.089323,265600
1988-06-27,0.117188,0.121094,0.117188,0.117188,0.089323,2736000
1988-06-28,0.117188,0.121094,0.117188,0.121094,0.0923,793600
1988-06-29,0.121094,0.121094,0.117188,0.121094,0.0923,1110400
1988-06-30,0.121094,0.121094,0.113281,0.121094,0.0923,358400
1988-07-01,0.121094,0.121094,0.117188,0.119141,0.090811,361600
1988-07-05,0.119141,0.125,0.117188,0.117188,0.089323,720000
1988-07-06,0.121094,0.128906,0.121094,0.121094,0.0923,867200
1988-07-07,0.121094,0.128906,0.117188,0.121094,0.0923,883200
1988-07-08,0.121094,0.128906,0.121094,0.121094,0.0923,118400
1988-07-11,0.121094,0.128906,0.121094,0.128906,0.098255,4201600
1988-07-12,0.128906,0.128906,0.121094,0.125,0.095277,1590400
1988-07-13,0.125,0.128906,0.125,0.125,0.095277,1280000
1988-07-14,0.125,0.128906,0.125,0.128906,0.098255,838400
1988-07-15,0.128906,0.128906,0.125,0.128906,0.098255,1462400
1988-07-18,0.128906,0.128906,0.121094,0.126953,0.096766,4899200
1988-07-19,0.126953,0.128906,0.121094,0.128906,0.098255,2300800
1988-07-20,0.128906,0.128906,0.121094,0.128906,0.098255,134400
1988-07-21,0.128906,0.128906,0.121094,0.125,0.095277,1945600
1988-07-22,0.125,0.128906,0.125,0.125,0.095277,1900800
1988-07-25,0.125,0.132813,0.125,0.132813,0.101233,6547200
1988-07-26,0.132813,0.132813,0.125,0.132813,0.101233,1724800
1988-07-27,0.128906,0.128906,0.125,0.128906,0.098255,953600
1988-07-28,0.128906,0.132813,0.125,0.125,0.095277,3932800
1988-07-29,0.125,0.126953,0.125,0.125,0.095277,982400
1988-08-01,0.125,0.128906,0.125,0.128906,0.098255,828800
1988-08-02,0.128906,0.128906,0.125,0.125,0.095277,1123200
1988-08-03,0.125,0.128906,0.125,0.125,0.095277,332800
1988-08-04,0.125,0.126953,0.125,0.125,0.095277,1379200
1988-08-05,0.125,0.126953,0.125,0.125,0.095277,1145600
1988-08-08,0.125,0.128906,0.125,0.125,0.095277,1363200
1988-08-09,0.125,0.126953,0.125,0.125,0.095277,944000
1988-08-10,0.121094,0.121094,0.113281,0.113281,0.086345,185600
1988-08-11,0.113281,0.121094,0.113281,0.117188,0.089323,502400
1988-08-12,0.117188,0.125,0.117188,0.117188,0.089323,310400
1988-08-15,0.117188,0.119141,0.117188,0.117188,0.089323,1043200
1988-08-16,0.117188,0.121094,0.117188,0.117188,0.089323,214400
1988-08-17,0.117188,0.125,0.117188,0.125,0.095277,611200
1988-08-18,0.121094,0.121094,0.117188,0.121094,0.0923,451200
1988-08-19,0.121094,0.121094,0.117188,0.117188,0.089323,496000
1988-08-22,0.117188,0.125,0.117188,0.121094,0.0923,352000
1988-08-23,0.121094,0.123047,0.117188,0.123047,0.093789,777600
1988-08-24,0.123047,0.125,0.117188,0.121094,0.0923,736000
1988-08-25,0.121094,0.125,0.121094,0.121094,0.0923,2742400
1988-08-26,0.121094,0.121094,0.117188,0.117188,0.089323,8838400
1988-08-29,0.117188,0.121094,0.117188,0.117188,0.089323,96000
1988-08-30,0.117188,0.121094,0.117188,0.117188,0.089323,665600
1988-08-31,0.117188,0.119141,0.117188,0.117188,0.089323,342400
1988-09-01,0.117188,0.121094,0.117188,0.117188,0.089323,1379200
1988-09-02,0.117188,0.121094,0.113281,0.113281,0.086345,1043200
1988-09-06,0.113281,0.121094,0.113281,0.113281,0.086345,1059200
1988-09-07,0.117188,0.125,0.117188,0.121094,0.0923,537600
1988-09-08,0.121094,0.125,0.113281,0.121094,0.0923,1126400
1988-09-09,0.121094,0.125,0.117188,0.125,0.095277,592000
1988-09-12,0.125,0.128906,0.121094,0.128906,0.098255,2044800
1988-09-13,0.128906,0.128906,0.121094,0.125,0.095277,2147200
1988-09-14,0.125,0.128906,0.125,0.125,0.095277,3516800
1988-09-15,0.125,0.128906,0.125,0.125,0.095277,902400
1988-09-16,0.125,0.136719,0.125,0.132813,0.101233,6812800
1988-09-19,0.132813,0.136719,0.132813,0.132813,0.101233,1174400
1988-09-20,0.132813,0.136719,0.132813,0.136719,0.10421,4771200
1988-09-21,0.136719,0.136719,0.132813,0.132813,0.101233,883200
1988-09-22,0.132813,0.136719,0.128906,0.132813,0.101233,7974400
1988-09-23,0.132813,0.136719,0.128906,0.132813,0.101233,5228800
1988-09-26,0.132813,0.132813,0.128906,0.128906,0.098255,5609600
1988-09-27,0.128906,0.132813,0.128906,0.128906,0.098255,2409600
1988-09-28,0.128906,0.136719,0.128906,0.128906,0.098255,768000
1988-09-29,0.128906,0.132813,0.128906,0.130859,0.099743,668800
1988-09-30,0.130859,0.132813,0.125,0.125,0.095277,2758400
1988-10-03,0.125,0.128906,0.125,0.125,0.095277,486400
1988-10-04,0.125,0.125,0.121094,0.121094,0.0923,2172800
1988-10-05,0.121094,0.125,0.121094,0.121094,0.0923,1360000
1988-10-06,0.121094,0.125,0.121094,0.121094,0.0923,4153600
1988-10-07,0.121094,0.128906,0.121094,0.121094,0.0923,2812800
1988-10-10,0.121094,0.128906,0.121094,0.121094,0.0923,89600
1988-10-11,0.121094,0.125,0.121094,0.121094,0.0923,1174400
1988-10-12,0.121094,0.125,0.121094,0.121094,0.0923,944000
1988-10-13,0.121094,0.121094,0.121094,0.121094,0.0923,51200
1988-10-14,0.121094,0.125,0.121094,0.125,0.095277,48000
1988-10-17,0.125,0.136719,0.121094,0.125,0.095277,2809600
1988-10-18,0.136719,0.144531,0.136719,0.140625,0.107187,1232000
1988-10-19,0.140625,0.144531,0.132813,0.132813,0.101233,1558400
1988-10-20,0.132813,0.136719,0.128906,0.128906,0.098255,892800
1988-10-21,0.128906,0.132813,0.125,0.128906,0.098255,662400
1988-10-24,0.128906,0.136719,0.128906,0.132813,0.101233,681600
1988-10-25,0.132813,0.132813,0.125,0.132813,0.101233,556800
1988-10-26,0.128906,0.128906,0.128906,0.128906,0.098255,131200
1988-10-27,0.128906,0.128906,0.125,0.128906,0.098255,665600
1988-10-28,0.128906,0.132813,0.125,0.128906,0.098255,1216000
1988-10-31,0.128906,0.132813,0.125,0.125,0.095277,214400
1988-11-01,0.125,0.132813,0.125,0.128906,0.098255,2614400
1988-11-02,0.128906,0.132813,0.128906,0.128906,0.098255,496000
1988-11-03,0.128906,0.132813,0.128906,0.128906,0.098255,1625600
1988-11-04,0.128906,0.132813,0.128906,0.128906,0.098255,332800
1988-11-07,0.128906,0.132813,0.128906,0.132813,0.101233,838400
1988-11-08,0.132813,0.132813,0.125,0.128906,0.098255,486400
1988-11-09,0.128906,0.132813,0.128906,0.128906,0.098255,876800
1988-11-10,0.128906,0.132813,0.128906,0.132813,0.101233,1481600
1988-11-11,0.132813,0.132813,0.128906,0.128906,0.098255,275200
1988-11-14,0.128906,0.132813,0.128906,0.132813,0.101233,1068800
1988-11-15,0.132813,0.132813,0.128906,0.128906,0.098255,310400
1988-11-16,0.128906,0.132813,0.125,0.132813,0.101233,1702400
1988-11-17,0.125,0.125,0.125,0.125,0.095277,470400
1988-11-18,0.125,0.128906,0.121094,0.128906,0.098255,1094400
1988-11-21,0.121094,0.121094,0.121094,0.121094,0.0923,144000
1988-11-22,0.121094,0.128906,0.121094,0.128906,0.098255,204800
1988-11-23,0.128906,0.128906,0.121094,0.121094,0.0923,540800
1988-11-25,0.121094,0.128906,0.121094,0.121094,0.0923,268800
1988-11-28,0.121094,0.128906,0.121094,0.125,0.095277,1257600
1988-11-29,0.125,0.125,0.121094,0.121094,0.0923,771200
1988-11-30,0.121094,0.125,0.121094,0.121094,0.0923,1360000
1988-12-01,0.121094,0.128906,0.121094,0.121094,0.0923,5084800
1988-12-02,0.121094,0.128906,0.121094,0.128906,0.098255,422400
1988-12-05,0.128906,0.128906,0.121094,0.125,0.095277,1030400
1988-12-06,0.125,0.128906,0.121094,0.125,0.095277,800000
1988-12-07,0.125,0.126953,0.125,0.125,0.095277,204800
1988-12-08,0.125,0.128906,0.125,0.125,0.095277,390400
1988-12-09,0.125,0.128906,0.125,0.125,0.095277,473600
1988-12-12,0.125,0.128906,0.125,0.128906,0.098255,611200
1988-12-13,0.128906,0.132813,0.125,0.125,0.095277,1459200
1988-12-14,0.125,0.128906,0.125,0.125,0.095277,1187200
1988-12-15,0.125,0.128906,0.125,0.128906,0.098255,1196800
1988-12-16,0.128906,0.132813,0.125,0.128906,0.098255,5139200
1988-12-19,0.128906,0.132813,0.128906,0.132813,0.101233,1721600
1988-12-20,0.132813,0.132813,0.128906,0.128906,0.098255,1056000
1988-12-21,0.128906,0.132813,0.128906,0.128906,0.098255,2377600
1988-12-22,0.128906,0.128906,0.125,0.125,0.095277,1040000
1988-12-23,0.125,0.128906,0.125,0.125,0.095277,2803200
1988-12-27,0.125,0.128906,0.121094,0.121094,0.0923,2169600
1988-12-28,0.121094,0.128906,0.121094,0.128906,0.098255,2470400
1988-12-29,0.128906,0.136719,0.125,0.136719,0.10421,1996800
1988-12-30,0.136719,0.140625,0.128906,0.140625,0.107187,1340800
1989-01-03,0.140625,0.140625,0.132813,0.132813,0.101233,364800
1989-01-04,0.132813,0.136719,0.132813,0.132813,0.101233,140800
1989-01-05,0.132813,0.140625,0.132813,0.132813,0.101233,652800
1989-01-06,0.132813,0.140625,0.132813,0.132813,0.101233,243200
1989-01-09,0.132813,0.140625,0.132813,0.132813,0.101233,678400
1989-01-10,0.132813,0.136719,0.128906,0.132813,0.101233,2675200
1989-01-11,0.136719,0.140625,0.136719,0.140625,0.107187,1420800
1989-01-12,0.140625,0.140625,0.136719,0.136719,0.10421,1056000
1989-01-13,0.136719,0.140625,0.136719,0.140625,0.107187,713600
1989-01-16,0.140625,0.140625,0.136719,0.140625,0.107187,272000
1989-01-17,0.140625,0.140625,0.136719,0.140625,0.107187,2425600
1989-01-18,0.140625,0.140625,0.136719,0.136719,0.10421,51200
1989-01-19,0.136719,0.144531,0.136719,0.140625,0.107187,1808000
1989-01-20,0.140625,0.148438,0.140625,0.140625,0.107187,140800
1989-01-23,0.140625,0.144531,0.140625,0.140625,0.107187,825600
1989-01-24,0.140625,0.148438,0.140625,0.140625,0.107187,425600
1989-01-25,0.140625,0.148438,0.140625,0.148438,0.113142,1433600
1989-01-26,0.148438,0.160156,0.144531,0.158203,0.120585,4188800
1989-01-27,0.158203,0.167969,0.15625,0.167969,0.128029,5836800
1989-01-30,0.164063,0.164063,0.15625,0.164063,0.125052,816000
1989-01-31,0.164063,0.164063,0.15625,0.160156,0.122074,665600
1989-02-01,0.15625,0.15625,0.152344,0.15625,0.119097,268800
1989-02-02,0.15625,0.164063,0.152344,0.160156,0.122074,5116800
1989-02-03,0.160156,0.175781,0.160156,0.171875,0.131006,5984000
1989-02-06,0.171875,0.183594,0.167969,0.179688,0.136962,2937600
1989-02-07,0.179688,0.191406,0.175781,0.189453,0.144405,15814400
1989-02-08,0.189453,0.191406,0.183594,0.183594,0.139939,16214400
1989-02-09,0.183594,0.1875,0.179688,0.179688,0.136962,5017600
1989-02-10,0.179688,0.1875,0.179688,0.179688,0.136962,5043200
1989-02-13,0.179688,0.183594,0.175781,0.183594,0.139939,2947200
1989-02-14,0.183594,0.183594,0.179688,0.179688,0.136962,1344000
1989-02-15,0.179688,0.1875,0.179688,0.185547,0.141427,4720000
1989-02-16,0.185547,0.191406,0.183594,0.1875,0.142916,5216000
1989-02-17,0.1875,0.207031,0.1875,0.203125,0.154826,18841600
1989-02-21,0.203125,0.207031,0.199219,0.203125,0.154826,7571200
1989-02-22,0.203125,0.207031,0.191406,0.199219,0.151848,9836800
1989-02-23,0.199219,0.203125,0.195313,0.195313,0.148871,4892800
1989-02-24,0.195313,0.203125,0.195313,0.203125,0.154826,5827200
1989-02-27,0.203125,0.203125,0.195313,0.195313,0.148871,1603200
1989-02-28,0.195313,0.207031,0.195313,0.199219,0.151848,553600
1989-03-01,0.199219,0.203125,0.199219,0.203125,0.154826,3267200
1989-03-02,0.203125,0.222656,0.199219,0.214844,0.163758,11955200
1989-03-03,0.214844,0.242188,0.207031,0.234375,0.178645,9878400
1989-03-06,0.234375,0.238281,0.230469,0.230469,0.175668,4659200
1989-03-07,0.230469,0.234375,0.21875,0.21875,0.166735,5433600
1989-03-08,0.21875,0.238281,0.214844,0.238281,0.181622,24044800
1989-03-09,0.234375,0.234375,0.226563,0.234375,0.178645,3852800
1989-03-10,0.234375,0.234375,0.226563,0.232422,0.177156,2128000
1989-03-13,0.230469,0.230469,0.222656,0.222656,0.169713,1513600
1989-03-14,0.222656,0.230469,0.21875,0.21875,0.166735,156800
1989-03-15,0.21875,0.226563,0.21875,0.222656,0.169713,3132800
1989-03-16,0.222656,0.226563,0.21875,0.21875,0.166735,947200
1989-03-17,0.21875,0.222656,0.199219,0.207031,0.157803,1584000
1989-03-20,0.207031,0.207031,0.195313,0.195313,0.148871,3574400
1989-03-21,0.195313,0.207031,0.195313,0.203125,0.154826,3190400
1989-03-22,0.203125,0.220703,0.203125,0.21875,0.166735,2403200
1989-03-23,0.21875,0.21875,0.210938,0.210938,0.160781,1689600
1989-03-27,0.214844,0.222656,0.214844,0.216797,0.165247,4563200
1989-03-28,0.216797,0.21875,0.214844,0.214844,0.163758,310400
1989-03-29,0.214844,0.21875,0.214844,0.21875,0.166735,1849600
1989-03-30,0.21875,0.222656,0.199219,0.21875,0.166735,4608000
1989-03-31,0.21875,0.226563,0.21875,0.222656,0.169713,6793600
1989-04-03,0.222656,0.226563,0.21875,0.21875,0.166735,6377600
1989-04-04,0.21875,0.222656,0.214844,0.21875,0.166735,780800
1989-04-05,0.21875,0.21875,0.214844,0.21875,0.166735,8790400
1989-04-06,0.21875,0.21875,0.210938,0.214844,0.163758,2960000
1989-04-07,0.214844,0.21875,0.210938,0.216797,0.165247,4083200
1989-04-10,0.216797,0.21875,0.214844,0.21875,0.166735,1072000
1989-04-11,0.21875,0.222656,0.214844,0.21875,0.166735,11433600
1989-04-12,0.220703,0.228516,0.220703,0.222656,0.169713,9289600
1989-04-13,0.222656,0.226563,0.21875,0.21875,0.166735,5756800
1989-04-14,0.21875,0.222656,0.21875,0.222656,0.169713,10320000
1989-04-17,0.222656,0.222656,0.21875,0.222656,0.169713,784000
1989-04-18,0.222656,0.226563,0.21875,0.21875,0.166735,3507200
1989-04-19,0.21875,0.222656,0.21875,0.220703,0.168224,10886400
1989-04-20,0.220703,0.222656,0.21875,0.21875,0.166735,2323200
1989-04-21,0.21875,0.226563,0.21875,0.222656,0.169713,3558400
1989-04-24,0.222656,0.226563,0.21875,0.21875,0.166735,1113600
1989-04-25,0.21875,0.226563,0.21875,0.21875,0.166735,784000
1989-04-26,0.21875,0.226563,0.21875,0.224609,0.171201,643200
1989-04-27,0.224609,0.230469,0.21875,0.230469,0.175668,3190400
1989-04-28,0.230469,0.246094,0.226563,0.246094,0.187577,11036800
1989-05-01,0.246094,0.269531,0.246094,0.261719,0.199487,13241600
1989-05-02,0.261719,0.265625,0.242188,0.242188,0.1846,4176000
1989-05-03,0.242188,0.25,0.238281,0.246094,0.187577,3833600
1989-05-04,0.246094,0.25,0.242188,0.246094,0.187577,2572800
1989-05-05,0.25,0.269531,0.25,0.265625,0.202464,13900800
1989-05-08,0.265625,0.28125,0.265625,0.269531,0.205442,8387200
1989-05-09,0.269531,0.289063,0.269531,0.28125,0.214374,19724800
1989-05-10,0.28125,0.289063,0.28125,0.289063,0.220329,10809600
1989-05-11,0.289063,0.289063,0.269531,0.273438,0.20842,4499200
1989-05-12,0.273438,0.28125,0.273438,0.277344,0.211397,4288000
1989-05-15,0.277344,0.285156,0.273438,0.285156,0.217351,14620800
1989-05-16,0.285156,0.285156,0.277344,0.28125,0.214374,2873600
1989-05-17,0.28125,0.285156,0.273438,0.273438,0.20842,13913600
1989-05-18,0.273438,0.28125,0.273438,0.277344,0.211397,406400
1989-05-19,0.277344,0.28125,0.273438,0.273438,0.20842,4892800
1989-05-22,0.273438,0.285156,0.269531,0.28125,0.214374,3145600
1989-05-23,0.28125,0.285156,0.277344,0.28125,0.214374,1424000
1989-05-24,0.28125,0.28125,0.277344,0.28125,0.214374,3596800
1989-05-25,0.28125,0.285156,0.277344,0.277344,0.211397,3056000
1989-05-26,0.277344,0.285156,0.277344,0.28125,0.214374,2281600
1989-05-30,0.28125,0.285156,0.28125,0.28125,0.214374,3302400
1989-05-31,0.28125,0.285156,0.28125,0.28125,0.214374,2332800
1989-06-01,0.28125,0.285156,0.265625,0.269531,0.205442,3987200
1989-06-02,0.269531,0.28125,0.269531,0.273438,0.20842,1817600
1989-06-05,0.273438,0.28125,0.273438,0.277344,0.211397,4358400
1989-06-06,0.277344,0.277344,0.265625,0.269531,0.205442,4348800
1989-06-07,0.269531,0.273438,0.265625,0.269531,0.205442,9840000
1989-06-08,0.269531,0.277344,0.265625,0.277344,0.211397,5145600
1989-06-09,0.277344,0.28125,0.273438,0.28125,0.214374,3286400
1989-06-12,0.28125,0.28125,0.273438,0.28125,0.214374,8256000
1989-06-13,0.28125,0.28125,0.273438,0.277344,0.211397,21193600
1989-06-14,0.277344,0.285156,0.277344,0.285156,0.217351,14009600
1989-06-15,0.28125,0.28125,0.273438,0.273438,0.20842,1331200
1989-06-16,0.273438,0.28125,0.273438,0.277344,0.211397,1328000
1989-06-19,0.277344,0.289063,0.277344,0.289063,0.220329,16236800
1989-06-20,0.289063,0.289063,0.28125,0.285156,0.217351,6137600
1989-06-21,0.285156,0.285156,0.277344,0.285156,0.217351,4348800
1989-06-22,0.285156,0.285156,0.277344,0.285156,0.217351,892800
1989-06-23,0.285156,0.285156,0.277344,0.277344,0.211397,268800
1989-06-26,0.277344,0.285156,0.273438,0.273438,0.20842,4220800
1989-06-27,0.273438,0.277344,0.269531,0.277344,0.211397,6492800
1989-06-28,0.277344,0.277344,0.269531,0.273438,0.20842,2768000
1989-06-29,0.273438,0.277344,0.269531,0.273438,0.20842,1171200
1989-06-30,0.273438,0.277344,0.269531,0.273438,0.20842,2915200
1989-07-03,0.273438,0.277344,0.273438,0.277344,0.211397,156800
1989-07-05,0.277344,0.285156,0.269531,0.285156,0.217351,2454400
1989-07-06,0.285156,0.308594,0.28125,0.308594,0.235216,23907200
1989-07-07,0.3125,0.332031,0.3125,0.328125,0.250103,31993600
1989-07-10,0.328125,0.332031,0.324219,0.324219,0.247126,6470400
1989-07-11,0.324219,0.328125,0.316406,0.320313,0.244148,8899200
1989-07-12,0.320313,0.324219,0.308594,0.316406,0.24117,1904000
1989-07-13,0.316406,0.335938,0.3125,0.324219,0.247126,12169600
1989-07-14,0.324219,0.34375,0.324219,0.34375,0.262013,10848000
1989-07-17,0.34375,0.34375,0.324219,0.328125,0.250103,3600000
1989-07-18,0.328125,0.328125,0.316406,0.324219,0.247126,2777600
1989-07-19,0.324219,0.339844,0.316406,0.339844,0.259035,5008000
1989-07-20,0.339844,0.359375,0.335938,0.34375,0.262013,19900800
1989-07-21,0.34375,0.351563,0.339844,0.339844,0.259035,2368000
1989-07-24,0.339844,0.339844,0.328125,0.328125,0.250103,2108800
1989-07-25,0.328125,0.335938,0.320313,0.328125,0.250103,5491200
1989-07-26,0.328125,0.332031,0.328125,0.332031,0.25308,1747200
1989-07-27,0.332031,0.332031,0.3125,0.324219,0.247126,3766400
1989-07-28,0.324219,0.332031,0.308594,0.328125,0.250103,5539200
1989-07-31,0.328125,0.332031,0.320313,0.320313,0.244148,3990400
1989-08-01,0.320313,0.328125,0.316406,0.316406,0.24117,5798400
1989-08-02,0.316406,0.316406,0.300781,0.304688,0.232239,4588800
1989-08-03,0.304688,0.347656,0.300781,0.347656,0.26499,12496000
1989-08-04,0.347656,0.347656,0.339844,0.34375,0.262013,7020800
1989-08-07,0.34375,0.347656,0.335938,0.34375,0.262013,20044800
1989-08-08,0.34375,0.363281,0.339844,0.355469,0.270945,64179200
1989-08-09,0.355469,0.386719,0.355469,0.375,0.285832,19212800
1989-08-10,0.375,0.378906,0.371094,0.375,0.285832,7305600
1989-08-11,0.375,0.378906,0.367188,0.375,0.285832,7782400
1989-08-14,0.375,0.375,0.359375,0.363281,0.276899,3488000
1989-08-15,0.363281,0.363281,0.347656,0.359375,0.273922,4384000
1989-08-16,0.359375,0.359375,0.355469,0.355469,0.270945,1427200
1989-08-17,0.355469,0.367188,0.355469,0.359375,0.273922,3635200
1989-08-18,0.359375,0.363281,0.355469,0.359375,0.273922,528000
1989-08-21,0.359375,0.363281,0.351563,0.351563,0.267968,3280000
1989-08-22,0.351563,0.355469,0.34375,0.351563,0.267968,4000000
1989-08-23,0.351563,0.355469,0.347656,0.355469,0.270945,4288000
1989-08-24,0.355469,0.390625,0.351563,0.382813,0.291787,10336000
1989-08-25,0.382813,0.394531,0.382813,0.386719,0.294764,11619200
1989-08-28,0.386719,0.394531,0.382813,0.390625,0.297742,2441600
1989-08-29,0.390625,0.390625,0.375,0.378906,0.288809,4364800
1989-08-30,0.375,0.375,0.34375,0.351563,0.267968,7136000
1989-08-31,0.351563,0.367188,0.351563,0.363281,0.276899,3507200
1989-09-01,0.363281,0.375,0.359375,0.375,0.285832,1120000
1989-09-05,0.375,0.378906,0.371094,0.375,0.285832,268800
1989-09-06,0.371094,0.371094,0.363281,0.371094,0.282855,928000
1989-09-07,0.371094,0.371094,0.355469,0.363281,0.276899,1267200
1989-09-08,0.363281,0.363281,0.351563,0.355469,0.270945,1849600
1989-09-11,0.355469,0.363281,0.351563,0.355469,0.270945,643200
1989-09-12,0.355469,0.359375,0.351563,0.355469,0.270945,492800
1989-09-13,0.355469,0.359375,0.351563,0.355469,0.270945,2745600
1989-09-14,0.355469,0.359375,0.34375,0.347656,0.26499,3484800
1989-09-15,0.347656,0.347656,0.328125,0.339844,0.259035,5056000
1989-09-18,0.339844,0.347656,0.335938,0.347656,0.26499,3708800
1989-09-19,0.347656,0.355469,0.339844,0.347656,0.26499,53472000
1989-09-20,0.347656,0.347656,0.34375,0.34375,0.262013,16912000
1989-09-21,0.34375,0.367188,0.34375,0.367188,0.279877,16745600
1989-09-22,0.367188,0.371094,0.359375,0.371094,0.282855,19443200
1989-09-25,0.371094,0.375,0.367188,0.371094,0.282855,4208000
1989-09-26,0.371094,0.371094,0.359375,0.367188,0.279877,4211200
1989-09-27,0.363281,0.363281,0.347656,0.355469,0.270945,5968000
1989-09-28,0.355469,0.367188,0.351563,0.359375,0.273922,4736000
1989-09-29,0.359375,0.367188,0.359375,0.367188,0.279877,5408000
1989-10-02,0.367188,0.378906,0.359375,0.375,0.285832,3379200
1989-10-03,0.378906,0.390625,0.378906,0.386719,0.294764,22505600
1989-10-04,0.386719,0.386719,0.378906,0.382813,0.291787,6252800
1989-10-05,0.382813,0.382813,0.371094,0.371094,0.282855,9427200
1989-10-06,0.371094,0.394531,0.359375,0.394531,0.300719,13254400
1989-10-09,0.394531,0.394531,0.386719,0.390625,0.297742,1734400
1989-10-10,0.390625,0.394531,0.375,0.386719,0.294764,3030400
1989-10-11,0.382813,0.382813,0.367188,0.375,0.285832,4006400
1989-10-12,0.375,0.375,0.363281,0.367188,0.279877,2832000
1989-10-13,0.367188,0.371094,0.34375,0.347656,0.26499,3472000
1989-10-16,0.347656,0.347656,0.308594,0.347656,0.26499,10425600
1989-10-17,0.347656,0.355469,0.34375,0.347656,0.26499,6486400
1989-10-18,0.347656,0.351563,0.339844,0.339844,0.259035,1529600
1989-10-19,0.34375,0.359375,0.34375,0.34375,0.262013,12288000
1989-10-20,0.34375,0.355469,0.34375,0.355469,0.270945,1603200
1989-10-23,0.355469,0.355469,0.347656,0.351563,0.267968,857600
1989-10-24,0.351563,0.351563,0.335938,0.339844,0.259035,2976000
1989-10-25,0.339844,0.34375,0.332031,0.335938,0.256058,8745600
1989-10-26,0.335938,0.34375,0.332031,0.332031,0.25308,6633600
1989-10-27,0.332031,0.339844,0.328125,0.332031,0.25308,4486400
1989-10-30,0.332031,0.332031,0.320313,0.328125,0.250103,3811200
1989-10-31,0.328125,0.335938,0.324219,0.328125,0.250103,5116800
1989-11-01,0.335938,0.351563,0.335938,0.339844,0.259035,2745600
1989-11-02,0.339844,0.351563,0.339844,0.347656,0.26499,2198400
1989-11-03,0.347656,0.347656,0.339844,0.34375,0.262013,787200
1989-11-06,0.34375,0.347656,0.335938,0.335938,0.256058,2227200
1989-11-07,0.339844,0.347656,0.339844,0.339844,0.259035,4928000
1989-11-08,0.34375,0.355469,0.34375,0.355469,0.270945,7526400
1989-11-09,0.355469,0.363281,0.351563,0.359375,0.273922,8611200
1989-11-10,0.359375,0.363281,0.355469,0.363281,0.276899,4262400
1989-11-13,0.363281,0.363281,0.355469,0.355469,0.270945,2819200
1989-11-14,0.355469,0.363281,0.355469,0.359375,0.273922,3366400
1989-11-15,0.359375,0.367188,0.351563,0.367188,0.279877,11843200
1989-11-16,0.367188,0.371094,0.363281,0.367188,0.279877,2553600
1989-11-17,0.367188,0.375,0.367188,0.371094,0.282855,6316800
1989-11-20,0.371094,0.375,0.363281,0.371094,0.282855,2476800
1989-11-21,0.371094,0.371094,0.363281,0.367188,0.279877,809600
1989-11-22,0.367188,0.371094,0.359375,0.367188,0.279877,2329600
1989-11-24,0.367188,0.375,0.367188,0.371094,0.282855,556800
1989-11-27,0.371094,0.375,0.371094,0.371094,0.282855,1558400
1989-11-28,0.371094,0.378906,0.371094,0.375,0.285832,2742400
1989-11-29,0.375,0.378906,0.371094,0.375,0.285832,6435200
1989-11-30,0.375,0.378906,0.371094,0.378906,0.288809,1846400
1989-12-01,0.378906,0.386719,0.371094,0.386719,0.294764,20380800
1989-12-04,0.386719,0.390625,0.382813,0.382813,0.291787,2457600
1989-12-05,0.382813,0.386719,0.375,0.382813,0.291787,5027200
1989-12-06,0.382813,0.382813,0.371094,0.378906,0.288809,1625600
1989-12-07,0.378906,0.378906,0.363281,0.371094,0.282855,3494400
1989-12-08,0.371094,0.371094,0.363281,0.367188,0.279877,3968000
1989-12-11,0.367188,0.367188,0.359375,0.363281,0.276899,1808000
1989-12-12,0.363281,0.367188,0.363281,0.367188,0.279877,960000
1989-12-13,0.367188,0.367188,0.363281,0.367188,0.279877,1475200
1989-12-14,0.367188,0.367188,0.355469,0.359375,0.273922,6496000
1989-12-15,0.359375,0.363281,0.351563,0.359375,0.273922,3795200
1989-12-18,0.351563,0.351563,0.324219,0.328125,0.250103,4009600
1989-12-19,0.328125,0.34375,0.308594,0.339844,0.259035,7475200
1989-12-20,0.339844,0.347656,0.335938,0.335938,0.256058,12086400
1989-12-21,0.335938,0.339844,0.328125,0.332031,0.25308,6336000
1989-12-22,0.332031,0.34375,0.328125,0.34375,0.262013,4550400
1989-12-26,0.34375,0.347656,0.339844,0.347656,0.26499,240000
1989-12-27,0.347656,0.367188,0.347656,0.367188,0.279877,3724800
1989-12-28,0.367188,0.367188,0.359375,0.359375,0.273922,3612800
1989-12-29,0.363281,0.386719,0.363281,0.378906,0.288809,3164800
1990-01-02,0.378906,0.382813,0.375,0.382813,0.291787,2307200
1990-01-03,0.382813,0.386719,0.371094,0.375,0.285832,4316800
1990-01-04,0.375,0.378906,0.363281,0.371094,0.282855,1286400
1990-01-05,0.371094,0.371094,0.351563,0.355469,0.270945,1171200
1990-01-08,0.355469,0.359375,0.34375,0.347656,0.26499,1504000
1990-01-09,0.347656,0.351563,0.339844,0.339844,0.259035,3404800
1990-01-10,0.339844,0.34375,0.335938,0.34375,0.262013,1142400
1990-01-11,0.34375,0.34375,0.332031,0.335938,0.256058,1328000
1990-01-12,0.332031,0.332031,0.316406,0.324219,0.247126,6272000
1990-01-15,0.324219,0.335938,0.316406,0.332031,0.25308,10822400
1990-01-16,0.332031,0.335938,0.316406,0.335938,0.256058,6396800
1990-01-17,0.335938,0.339844,0.332031,0.335938,0.256058,3568000
1990-01-18,0.332031,0.332031,0.320313,0.328125,0.250103,8252800
1990-01-19,0.328125,0.328125,0.320313,0.328125,0.250103,1283200
1990-01-22,0.328125,0.328125,0.304688,0.3125,0.238193,4169600
1990-01-23,0.3125,0.316406,0.285156,0.296875,0.226284,13718400
1990-01-24,0.296875,0.304688,0.273438,0.304688,0.232239,15958400
1990-01-25,0.304688,0.316406,0.304688,0.308594,0.235216,8422400
1990-01-26,0.308594,0.3125,0.285156,0.289063,0.220329,5100800
1990-01-29,0.289063,0.292969,0.261719,0.269531,0.205442,6060800
1990-01-30,0.269531,0.273438,0.246094,0.253906,0.193532,11376000
1990-01-31,0.253906,0.289063,0.25,0.289063,0.220329,15990400
1990-02-01,0.289063,0.289063,0.273438,0.28125,0.214374,6451200
1990-02-02,0.28125,0.292969,0.277344,0.289063,0.220329,8352000
1990-02-05,0.289063,0.3125,0.285156,0.304688,0.232239,3712000
1990-02-06,0.308594,0.324219,0.308594,0.3125,0.238193,5996800
1990-02-07,0.3125,0.316406,0.300781,0.308594,0.235216,1862400
1990-02-08,0.308594,0.308594,0.292969,0.300781,0.229261,3856000
1990-02-09,0.300781,0.308594,0.296875,0.308594,0.235216,5254400
1990-02-12,0.308594,0.3125,0.308594,0.3125,0.238193,4259200
1990-02-13,0.3125,0.320313,0.308594,0.316406,0.24117,5542400
1990-02-14,0.316406,0.316406,0.308594,0.3125,0.238193,2390400
1990-02-15,0.3125,0.316406,0.308594,0.316406,0.24117,2368000
1990-02-16,0.316406,0.320313,0.3125,0.316406,0.24117,3107200
1990-02-20,0.316406,0.316406,0.308594,0.3125,0.238193,8009600
1990-02-21,0.3125,0.3125,0.300781,0.3125,0.238193,3232000
1990-02-22,0.3125,0.328125,0.3125,0.328125,0.250103,19961600
1990-02-23,0.328125,0.328125,0.320313,0.328125,0.250103,2451200
1990-02-26,0.328125,0.332031,0.320313,0.324219,0.247126,8694400
1990-02-27,0.324219,0.332031,0.296875,0.304688,0.232239,44582400
1990-02-28,0.304688,0.308594,0.292969,0.292969,0.223306,30070400
1990-03-01,0.292969,0.292969,0.28125,0.285156,0.217351,23104000
1990-03-02,0.285156,0.289063,0.28125,0.289063,0.220329,36582400
1990-03-05,0.289063,0.289063,0.28125,0.289063,0.220329,8736000
1990-03-06,0.289063,0.289063,0.28125,0.285156,0.217351,11852800
1990-03-07,0.285156,0.304688,0.28125,0.304688,0.232239,9635200
1990-03-08,0.304688,0.3125,0.304688,0.3125,0.238193,5564800
1990-03-09,0.3125,0.320313,0.308594,0.3125,0.238193,4019200
1990-03-12,0.3125,0.316406,0.308594,0.308594,0.235216,243200
1990-03-13,0.308594,0.316406,0.304688,0.308594,0.235216,7958400
1990-03-14,0.308594,0.308594,0.292969,0.300781,0.229261,2371200
1990-03-15,0.300781,0.300781,0.292969,0.292969,0.223306,3836800
1990-03-16,0.296875,0.304688,0.296875,0.304688,0.232239,1494400
1990-03-19,0.300781,0.300781,0.289063,0.296875,0.226284,1334400
1990-03-20,0.296875,0.296875,0.285156,0.292969,0.223306,3267200
1990-03-21,0.292969,0.296875,0.289063,0.296875,0.226284,2790400
1990-03-22,0.296875,0.300781,0.285156,0.285156,0.217351,23584000
1990-03-23,0.289063,0.296875,0.289063,0.296875,0.226284,3872000
1990-03-26,0.296875,0.296875,0.292969,0.292969,0.223306,412800
1990-03-27,0.292969,0.308594,0.292969,0.308594,0.235216,3913600
1990-03-28,0.308594,0.308594,0.300781,0.300781,0.229261,1561600
1990-03-29,0.308594,0.308594,0.304688,0.304688,0.232239,537600
1990-03-30,0.308594,0.308594,0.300781,0.304688,0.232239,1756800
1990-04-02,0.300781,0.308594,0.292969,0.308594,0.235216,2451200
1990-04-03,0.3125,0.320313,0.304688,0.3125,0.238193,2812800
1990-04-04,0.316406,0.320313,0.308594,0.3125,0.238193,4003200
1990-04-05,0.316406,0.324219,0.316406,0.320313,0.244148,3961600
1990-04-06,0.324219,0.328125,0.320313,0.324219,0.247126,1273600
1990-04-09,0.324219,0.328125,0.316406,0.316406,0.24117,2873600
1990-04-10,0.316406,0.320313,0.308594,0.308594,0.235216,2118400
1990-04-11,0.316406,0.320313,0.3125,0.316406,0.24117,3440000
1990-04-12,0.320313,0.328125,0.316406,0.328125,0.250103,3254400
1990-04-16,0.328125,0.332031,0.320313,0.324219,0.247126,4595200
1990-04-17,0.324219,0.332031,0.324219,0.324219,0.247126,7257600
1990-04-18,0.324219,0.328125,0.320313,0.320313,0.244148,2291200
1990-04-19,0.320313,0.320313,0.316406,0.320313,0.244148,896000
1990-04-20,0.316406,0.320313,0.3125,0.316406,0.24117,1168000
1990-04-23,0.308594,0.3125,0.304688,0.3125,0.238193,998400
1990-04-24,0.3125,0.316406,0.308594,0.308594,0.235216,700800
1990-04-25,0.3125,0.316406,0.3125,0.316406,0.24117,758400
1990-04-26,0.316406,0.324219,0.316406,0.320313,0.244148,1228800
1990-04-27,0.316406,0.320313,0.3125,0.3125,0.238193,1888000
1990-04-30,0.324219,0.34375,0.320313,0.335938,0.256058,12281600
1990-05-01,0.339844,0.355469,0.339844,0.351563,0.267968,11120000
1990-05-02,0.351563,0.367188,0.347656,0.367188,0.279877,3782400
1990-05-03,0.371094,0.371094,0.359375,0.359375,0.273922,5475200
1990-05-04,0.367188,0.382813,0.367188,0.375,0.285832,11257600
1990-05-07,0.386719,0.402344,0.382813,0.398438,0.303697,37350400
1990-05-08,0.402344,0.414063,0.394531,0.410156,0.312629,15411200
1990-05-09,0.40625,0.414063,0.394531,0.402344,0.306674,12224000
1990-05-10,0.402344,0.40625,0.398438,0.398438,0.303697,11753600
1990-05-11,0.402344,0.410156,0.402344,0.402344,0.306674,10361600
1990-05-14,0.402344,0.410156,0.402344,0.410156,0.312629,5904000
1990-05-15,0.410156,0.410156,0.402344,0.410156,0.312629,7558400
1990-05-16,0.410156,0.429688,0.40625,0.417969,0.318584,9673600
1990-05-17,0.425781,0.425781,0.417969,0.421875,0.321561,12099200
1990-05-18,0.417969,0.425781,0.417969,0.417969,0.318584,11516800
1990-05-21,0.417969,0.429688,0.417969,0.429688,0.327516,8473600
1990-05-22,0.4375,0.449219,0.433594,0.449219,0.342403,29398400
1990-05-23,0.449219,0.457031,0.441406,0.457031,0.348357,21696000
1990-05-24,0.453125,0.46875,0.453125,0.464844,0.354313,11273600
1990-05-25,0.460938,0.464844,0.457031,0.457031,0.348357,13379200
1990-05-29,0.453125,0.464844,0.449219,0.464844,0.354313,8790400
1990-05-30,0.460938,0.472656,0.460938,0.46875,0.35729,11872000
1990-05-31,0.464844,0.484375,0.464844,0.472656,0.360267,10528000
1990-06-01,0.476563,0.480469,0.46875,0.46875,0.35729,14604800
1990-06-04,0.476563,0.480469,0.46875,0.476563,0.363245,8803200
1990-06-05,0.484375,0.496094,0.476563,0.496094,0.378132,17158400
1990-06-06,0.496094,0.496094,0.480469,0.480469,0.366222,12720000
1990-06-07,0.480469,0.488281,0.460938,0.464844,0.354313,9024000
1990-06-08,0.460938,0.464844,0.441406,0.441406,0.336448,11971200
1990-06-11,0.441406,0.449219,0.4375,0.441406,0.336448,4179200
1990-06-12,0.449219,0.460938,0.4375,0.460938,0.351336,4617600
1990-06-13,0.460938,0.492188,0.460938,0.484375,0.369199,11865600
1990-06-14,0.488281,0.488281,0.472656,0.480469,0.366222,3059200
1990-06-15,0.472656,0.480469,0.46875,0.476563,0.363245,3216000
1990-06-18,0.46875,0.476563,0.464844,0.464844,0.354313,3872000
1990-06-19,0.46875,0.484375,0.460938,0.484375,0.369199,4499200
1990-06-20,0.484375,0.5,0.484375,0.492188,0.375155,12121600
1990-06-21,0.496094,0.496094,0.476563,0.496094,0.378132,12384000
1990-06-22,0.5,0.527344,0.496094,0.511719,0.390041,22441600
1990-06-25,0.515625,0.539063,0.507813,0.53125,0.404928,18537600
1990-06-26,0.535156,0.535156,0.511719,0.519531,0.395996,11984000
1990-06-27,0.515625,0.519531,0.492188,0.507813,0.387064,4652800
1990-06-28,0.503906,0.523438,0.503906,0.523438,0.398974,6742400
1990-06-29,0.53125,0.539063,0.527344,0.539063,0.410884,2352000
1990-07-02,0.53125,0.542969,0.523438,0.535156,0.407906,3568000
1990-07-03,0.539063,0.546875,0.53125,0.546875,0.416838,3494400
1990-07-05,0.546875,0.554688,0.535156,0.546875,0.416838,3728000
1990-07-06,0.550781,0.550781,0.542969,0.546875,0.416838,1948800
1990-07-09,0.550781,0.550781,0.53125,0.535156,0.407906,1372800
1990-07-10,0.535156,0.542969,0.515625,0.519531,0.395996,3488000
1990-07-11,0.515625,0.546875,0.507813,0.546875,0.416838,7532800
1990-07-12,0.550781,0.597656,0.542969,0.589844,0.44959,10278400
1990-07-13,0.597656,0.628906,0.597656,0.601563,0.458522,15769600
1990-07-16,0.605469,0.609375,0.601563,0.605469,0.4615,5536000
1990-07-17,0.605469,0.609375,0.582031,0.585938,0.446613,3900800
1990-07-18,0.582031,0.589844,0.566406,0.570313,0.434703,3363200
1990-07-19,0.5625,0.5625,0.527344,0.539063,0.410884,9750400
1990-07-20,0.542969,0.558594,0.539063,0.546875,0.416838,7068800
1990-07-23,0.535156,0.539063,0.507813,0.527344,0.401951,5977600
1990-07-24,0.527344,0.574219,0.523438,0.574219,0.43768,12300800
1990-07-25,0.582031,0.597656,0.578125,0.589844,0.44959,11206400
1990-07-26,0.59375,0.59375,0.582031,0.589844,0.44959,1513600
1990-07-27,0.589844,0.589844,0.578125,0.578125,0.440657,4284800
1990-07-30,0.578125,0.597656,0.578125,0.589844,0.44959,2748800
1990-07-31,0.59375,0.601563,0.59375,0.59375,0.452567,7145600
1990-08-01,0.597656,0.597656,0.566406,0.574219,0.43768,4547200
1990-08-02,0.566406,0.566406,0.546875,0.554688,0.422793,3625600
1990-08-03,0.546875,0.546875,0.460938,0.511719,0.390041,16796800
1990-08-06,0.507813,0.507813,0.480469,0.5,0.381109,6483200
1990-08-07,0.546875,0.546875,0.507813,0.542969,0.413861,15225600
1990-08-08,0.546875,0.550781,0.507813,0.519531,0.395996,35004800
1990-08-09,0.523438,0.554688,0.519531,0.554688,0.422793,6044800
1990-08-10,0.546875,0.554688,0.539063,0.546875,0.416838,2441600
1990-08-13,0.542969,0.582031,0.542969,0.578125,0.440657,5820800
1990-08-14,0.578125,0.582031,0.546875,0.546875,0.416838,5923200
1990-08-15,0.558594,0.566406,0.550781,0.554688,0.422793,3062400
1990-08-16,0.546875,0.558594,0.546875,0.550781,0.419815,4448000
1990-08-17,0.542969,0.554688,0.542969,0.554688,0.422793,3884800
1990-08-20,0.546875,0.550781,0.503906,0.527344,0.401951,7104000
1990-08-21,0.519531,0.523438,0.492188,0.503906,0.384086,5289600
1990-08-22,0.523438,0.523438,0.5,0.507813,0.387064,5302400
1990-08-23,0.492188,0.492188,0.460938,0.46875,0.35729,12377600
1990-08-24,0.472656,0.507813,0.460938,0.5,0.381109,10800000
1990-08-27,0.515625,0.535156,0.515625,0.535156,0.408084,9705600
1990-08-28,0.53125,0.546875,0.515625,0.542969,0.414042,10284800
1990-08-29,0.542969,0.542969,0.527344,0.535156,0.408084,1324800
1990-08-30,0.535156,0.542969,0.523438,0.53125,0.405106,2374400
1990-08-31,0.535156,0.535156,0.523438,0.535156,0.408084,3004800
1990-09-04,0.527344,0.542969,0.527344,0.535156,0.408084,6467200
1990-09-05,0.546875,0.558594,0.535156,0.550781,0.419999,7731200
1990-09-06,0.546875,0.554688,0.515625,0.515625,0.393191,5926400
1990-09-07,0.519531,0.539063,0.507813,0.527344,0.402127,5088000
1990-09-10,0.546875,0.574219,0.546875,0.570313,0.434893,19516800
1990-09-11,0.566406,0.578125,0.550781,0.558594,0.425957,10185600
1990-09-12,0.558594,0.570313,0.558594,0.5625,0.428936,12028800
1990-09-13,0.570313,0.570313,0.546875,0.546875,0.417021,2268800
1990-09-14,0.550781,0.578125,0.542969,0.574219,0.437872,7664000
1990-09-17,0.570313,0.582031,0.570313,0.570313,0.434893,3072000
1990-09-18,0.5625,0.582031,0.5625,0.582031,0.443829,11030400
1990-09-19,0.574219,0.585938,0.574219,0.578125,0.440851,8956800
1990-09-20,0.574219,0.582031,0.5625,0.566406,0.431914,5081600
1990-09-21,0.570313,0.574219,0.558594,0.5625,0.428936,1337600
1990-09-24,0.5625,0.566406,0.550781,0.554688,0.422979,5612800
1990-09-25,0.5625,0.578125,0.5625,0.578125,0.440851,4713600
1990-09-26,0.578125,0.578125,0.539063,0.546875,0.417021,12672000
1990-09-27,0.554688,0.554688,0.449219,0.496094,0.378298,24771200
1990-09-28,0.488281,0.519531,0.476563,0.503906,0.384255,6070400
1990-10-01,0.523438,0.535156,0.523438,0.535156,0.408084,10131200
1990-10-02,0.53125,0.546875,0.523438,0.53125,0.405106,6128000
1990-10-03,0.519531,0.535156,0.519531,0.53125,0.405106,2844800
1990-10-04,0.527344,0.53125,0.511719,0.511719,0.390212,4147200
1990-10-05,0.511719,0.511719,0.484375,0.484375,0.369361,3353600
1990-10-08,0.496094,0.496094,0.457031,0.472656,0.360425,9324800
1990-10-09,0.464844,0.503906,0.457031,0.472656,0.360425,777600
1990-10-10,0.46875,0.476563,0.460938,0.464844,0.354468,18979200
1990-10-11,0.464844,0.464844,0.410156,0.441406,0.336595,17308800
1990-10-12,0.445313,0.445313,0.425781,0.4375,0.333617,16902400
1990-10-15,0.441406,0.476563,0.4375,0.476563,0.363404,3820800
1990-10-16,0.464844,0.46875,0.449219,0.457031,0.34851,5616000
1990-10-17,0.449219,0.484375,0.449219,0.46875,0.357446,4307200
1990-10-18,0.46875,0.507813,0.464844,0.507813,0.387234,6374400
1990-10-19,0.515625,0.515625,0.492188,0.503906,0.384255,4073600
1990-10-22,0.5,0.550781,0.5,0.535156,0.408084,4099200
1990-10-23,0.527344,0.542969,0.523438,0.539063,0.411064,4224000
1990-10-24,0.535156,0.550781,0.53125,0.546875,0.417021,2451200
1990-10-25,0.542969,0.550781,0.527344,0.527344,0.402127,6803200
1990-10-26,0.53125,0.53125,0.519531,0.527344,0.402127,6147200
1990-10-29,0.535156,0.539063,0.492188,0.496094,0.378298,5222400
1990-10-30,0.5,0.535156,0.496094,0.53125,0.405106,11059200
1990-10-31,0.546875,0.574219,0.542969,0.550781,0.419999,28723200
1990-11-01,0.554688,0.566406,0.546875,0.5625,0.428936,16940800
1990-11-02,0.566406,0.574219,0.546875,0.5625,0.428936,9625600
1990-11-05,0.570313,0.574219,0.554688,0.570313,0.434893,6752000
1990-11-06,0.585938,0.585938,0.535156,0.542969,0.414042,10131200
1990-11-07,0.542969,0.550781,0.53125,0.539063,0.411064,7561600
1990-11-08,0.535156,0.550781,0.53125,0.539063,0.411064,5804800
1990-11-09,0.546875,0.546875,0.535156,0.539063,0.411064,5801600
1990-11-12,0.542969,0.597656,0.542969,0.59375,0.452765,11334400
1990-11-13,0.589844,0.597656,0.578125,0.597656,0.455744,9219200
1990-11-14,0.589844,0.605469,0.585938,0.597656,0.455744,8192000
1990-11-15,0.59375,0.628906,0.589844,0.617188,0.470638,11971200
1990-11-16,0.621094,0.621094,0.589844,0.59375,0.452765,5091200
1990-11-19,0.601563,0.609375,0.582031,0.605469,0.461702,9174400
1990-11-20,0.609375,0.617188,0.585938,0.585938,0.446808,2345600
1990-11-21,0.59375,0.597656,0.582031,0.59375,0.452765,4172800
1990-11-23,0.585938,0.59375,0.578125,0.582031,0.443829,1555200
1990-11-26,0.578125,0.59375,0.574219,0.589844,0.449787,2576000
1990-11-27,0.605469,0.628906,0.597656,0.628906,0.479574,8048000
1990-11-28,0.636719,0.648438,0.625,0.625,0.476595,13843200
1990-11-29,0.621094,0.628906,0.609375,0.628906,0.479574,4825600
1990-11-30,0.628906,0.632813,0.617188,0.632813,0.482553,5152000
1990-12-03,0.632813,0.636719,0.609375,0.625,0.476595,9571200
1990-12-04,0.617188,0.671875,0.617188,0.667969,0.509362,46230400
1990-12-05,0.675781,0.71875,0.675781,0.703125,0.53617,51196800
1990-12-06,0.714844,0.71875,0.683594,0.695313,0.530212,34012800
1990-12-07,0.695313,0.703125,0.6875,0.695313,0.530212,12649600
1990-12-10,0.6875,0.695313,0.675781,0.675781,0.515318,4051200
1990-12-11,0.667969,0.683594,0.664063,0.664063,0.506383,10848000
1990-12-12,0.667969,0.679688,0.65625,0.679688,0.518298,3964800
1990-12-13,0.679688,0.695313,0.675781,0.679688,0.518298,11683200
1990-12-14,0.683594,0.683594,0.675781,0.683594,0.521276,2688000
1990-12-17,0.675781,0.683594,0.671875,0.679688,0.518298,22243200
1990-12-18,0.675781,0.695313,0.664063,0.695313,0.530212,6275200
1990-12-19,0.710938,0.734375,0.699219,0.714844,0.545106,28041600
1990-12-20,0.710938,0.722656,0.703125,0.714844,0.545106,4508800
1990-12-21,0.714844,0.71875,0.710938,0.714844,0.545106,4812800
1990-12-24,0.714844,0.714844,0.710938,0.710938,0.542127,1532800
1990-12-26,0.714844,0.71875,0.710938,0.714844,0.545106,4345600
1990-12-27,0.71875,0.75,0.710938,0.722656,0.551063,10928000
1990-12-28,0.722656,0.726563,0.714844,0.71875,0.548084,32262400
1990-12-31,0.722656,0.726563,0.71875,0.726563,0.554042,6764800
1991-01-02,0.726563,0.75,0.714844,0.714844,0.545106,13142400
1991-01-03,0.714844,0.726563,0.65625,0.667969,0.509362,17644800
1991-01-04,0.664063,0.671875,0.636719,0.664063,0.506383,12537600
1991-01-07,0.648438,0.671875,0.632813,0.636719,0.485532,9670400
1991-01-08,0.644531,0.664063,0.636719,0.664063,0.506383,15081600
1991-01-09,0.667969,0.683594,0.636719,0.644531,0.491489,9872000
1991-01-10,0.652344,0.664063,0.625,0.660156,0.503404,15174400
1991-01-11,0.660156,0.679688,0.660156,0.667969,0.509362,11033600
1991-01-14,0.660156,0.683594,0.660156,0.679688,0.518298,7523200
1991-01-15,0.679688,0.707031,0.675781,0.699219,0.533191,12646400
1991-01-16,0.699219,0.71875,0.691406,0.71875,0.548084,11081600
1991-01-17,0.730469,0.75,0.730469,0.738281,0.562978,13404800
1991-01-18,0.742188,0.753906,0.734375,0.753906,0.574893,22672000
1991-01-21,0.742188,0.773438,0.742188,0.765625,0.583829,11193600
1991-01-22,0.773438,0.777344,0.765625,0.769531,0.586808,16240000
1991-01-23,0.765625,0.785156,0.765625,0.78125,0.595744,6851200
1991-01-24,0.792969,0.804688,0.785156,0.792969,0.60468,3948800
1991-01-25,0.792969,0.816406,0.789063,0.796875,0.607659,4134400
1991-01-28,0.804688,0.886719,0.796875,0.835938,0.637446,15292800
1991-01-29,0.855469,0.898438,0.855469,0.875,0.667233,32995200
1991-01-30,0.875,0.898438,0.875,0.898438,0.685106,18060800
1991-01-31,0.898438,0.902344,0.859375,0.859375,0.655318,20048000
1991-02-01,0.863281,0.90625,0.863281,0.898438,0.685106,7180800
1991-02-04,0.902344,0.929688,0.902344,0.921875,0.702978,10147200
1991-02-05,0.925781,0.929688,0.917969,0.917969,0.699999,14697600
1991-02-06,0.910156,0.917969,0.882813,0.917969,0.699999,14169600
1991-02-07,0.910156,0.917969,0.84375,0.859375,0.655318,12352000
1991-02-08,0.863281,0.871094,0.847656,0.855469,0.65234,12662400
1991-02-11,0.863281,0.90625,0.855469,0.90625,0.691063,14851200
1991-02-12,0.929688,1.042969,0.917969,1.03125,0.786382,30556800
1991-02-13,1.011719,1.03125,0.996094,1.027344,0.783404,21628800
1991-02-14,1.027344,1.058594,1.023438,1.035156,0.789361,14896000
1991-02-15,1.042969,1.050781,1,1.015625,0.774467,20006400
1991-02-19,1.015625,1.015625,0.988281,0.992188,0.756595,13740800
1991-02-20,0.992188,0.996094,0.9375,0.949219,0.723829,23052800
1991-02-21,0.953125,0.960938,0.933594,0.945313,0.720851,21635200
1991-02-22,0.953125,0.992188,0.945313,0.980469,0.747659,12844800
1991-02-25,0.984375,1.023438,0.984375,1.015625,0.774467,19219200
1991-02-26,1,1.007813,0.960938,0.96875,0.738722,6000000
1991-02-27,0.972656,1,0.945313,0.992188,0.756595,11382400
1991-02-28,0.984375,0.984375,0.917969,0.941406,0.717872,28579200
1991-03-01,0.945313,0.949219,0.929688,0.9375,0.714893,12457600
1991-03-04,0.945313,0.964844,0.925781,0.964844,0.735744,20985600
1991-03-05,0.964844,1.007813,0.960938,1.003906,0.765531,27878400
1991-03-06,1.023438,1.035156,1.007813,1.019531,0.777446,28508800
1991-03-07,1.019531,1.027344,0.988281,0.988281,0.753616,5523200
1991-03-08,0.996094,0.996094,0.972656,0.976563,0.74468,2428800
1991-03-11,0.96875,0.972656,0.9375,0.941406,0.717872,8115200
1991-03-12,0.9375,0.984375,0.933594,0.96875,0.738722,95628800
1991-03-13,0.96875,1.03125,0.96875,1.019531,0.777446,40502400
1991-03-14,1.027344,1.054688,1.011719,1.023438,0.780425,18483200
1991-03-15,1.015625,1.023438,1.011719,1.019531,0.777446,7852800
1991-03-18,1.011719,1.09375,1.011719,1.089844,0.831063,18604800
1991-03-19,1.082031,1.148438,1.066406,1.128906,0.86085,22432000
1991-03-20,1.140625,1.203125,1.125,1.195313,0.911489,25446400
1991-03-21,1.207031,1.214844,1.160156,1.179688,0.899574,31107200
1991-03-22,1.171875,1.226563,1.152344,1.210938,0.923404,20112000
1991-03-25,1.210938,1.230469,1.195313,1.203125,0.917446,6803200
1991-03-26,1.207031,1.289063,1.203125,1.285156,0.979999,19808000
1991-03-27,1.289063,1.347656,1.28125,1.296875,0.988935,21404800
1991-03-28,1.292969,1.300781,1.203125,1.226563,0.935319,32041600
1991-04-01,1.226563,1.226563,1.195313,1.210938,0.923404,9708800
1991-04-02,1.214844,1.304688,1.210938,1.304688,0.994893,24729600
1991-04-03,1.3125,1.359375,1.300781,1.316406,1.003828,23411200
1991-04-04,1.324219,1.324219,1.25,1.261719,0.962127,12953600
1991-04-05,1.261719,1.289063,1.25,1.277344,0.974042,14188800
1991-04-08,1.273438,1.28125,1.253906,1.269531,0.968084,11545600
1991-04-09,1.28125,1.296875,1.230469,1.238281,0.944254,16006400
1991-04-10,1.230469,1.246094,1.199219,1.246094,0.950212,18016000
1991-04-11,1.257813,1.277344,1.25,1.277344,0.974042,24752000
1991-04-12,1.289063,1.316406,1.28125,1.308594,0.997872,14768000
1991-04-15,1.304688,1.339844,1.304688,1.335938,1.018723,18265600
1991-04-16,1.339844,1.398438,1.324219,1.398438,1.066382,25283200
1991-04-17,1.421875,1.425781,1.363281,1.382813,1.054467,13603200
1991-04-18,1.371094,1.414063,1.363281,1.378906,1.051488,20473600
1991-04-19,1.371094,1.371094,1.308594,1.335938,1.018723,15612800
1991-04-22,1.328125,1.332031,1.273438,1.300781,0.991914,12016000
1991-04-23,1.316406,1.320313,1.226563,1.246094,0.950212,14419200
1991-04-24,1.269531,1.289063,1.242188,1.242188,0.947233,19299200
1991-04-25,1.234375,1.234375,1.15625,1.210938,0.923404,32009600
1991-04-26,1.199219,1.292969,1.183594,1.28125,0.97702,21907200
1991-04-29,1.289063,1.324219,1.253906,1.253906,0.95617,26409600
1991-04-30,1.242188,1.257813,1.195313,1.230469,0.938298,21072000
1991-05-01,1.234375,1.269531,1.226563,1.265625,0.965105,23683200
1991-05-02,1.28125,1.316406,1.273438,1.296875,0.988935,12348800
1991-05-03,1.296875,1.308594,1.285156,1.300781,0.991914,11308800
1991-05-06,1.320313,1.382813,1.320313,1.371094,1.045531,44137600
1991-05-07,1.382813,1.441406,1.375,1.429688,1.090212,25443200
1991-05-08,1.425781,1.429688,1.398438,1.40625,1.07234,13104000
1991-05-09,1.410156,1.421875,1.363281,1.398438,1.066382,25875200
1991-05-10,1.398438,1.398438,1.375,1.375,1.04851,8662400
1991-05-13,1.390625,1.398438,1.335938,1.335938,1.018723,13542400
1991-05-14,1.332031,1.34375,1.320313,1.335938,1.018723,9478400
1991-05-15,1.328125,1.355469,1.324219,1.328125,1.012765,13136000
1991-05-16,1.332031,1.34375,1.324219,1.34375,1.02468,8425600
1991-05-17,1.339844,1.386719,1.335938,1.378906,1.051488,5356800
1991-05-20,1.382813,1.433594,1.375,1.425781,1.087233,13456000
1991-05-21,1.441406,1.527344,1.4375,1.488281,1.134892,25459200
1991-05-22,1.5,1.515625,1.480469,1.503906,1.146807,13417600
1991-05-23,1.519531,1.5625,1.511719,1.539063,1.173616,19123200
1991-05-24,1.542969,1.546875,1.496094,1.503906,1.14697,14944000
1991-05-28,1.507813,1.507813,1.484375,1.496094,1.141013,12022400
1991-05-29,1.5,1.5,1.464844,1.480469,1.129096,17040000
1991-05-30,1.484375,1.539063,1.476563,1.539063,1.173783,13539200
1991-05-31,1.539063,1.542969,1.519531,1.53125,1.167825,7126400
1991-06-03,1.527344,1.535156,1.507813,1.523438,1.161866,12214400
1991-06-04,1.519531,1.519531,1.464844,1.507813,1.14995,23257600
1991-06-05,1.503906,1.515625,1.40625,1.417969,1.081429,21228800
1991-06-06,1.421875,1.425781,1.351563,1.394531,1.063554,40236800
1991-06-07,1.386719,1.398438,1.339844,1.375,1.048659,20032000
1991-06-10,1.375,1.386719,1.367188,1.378906,1.051638,11817600
1991-06-11,1.378906,1.417969,1.375,1.40625,1.072492,11996800
1991-06-12,1.414063,1.414063,1.378906,1.402344,1.069512,12412800
1991-06-13,1.398438,1.480469,1.390625,1.476563,1.126117,8604800
1991-06-14,1.492188,1.511719,1.476563,1.484375,1.132075,7856000
1991-06-17,1.496094,1.503906,1.484375,1.496094,1.141013,8006400
1991-06-18,1.503906,1.523438,1.480469,1.484375,1.132075,9942400
1991-06-19,1.46875,1.492188,1.453125,1.476563,1.126117,7971200
1991-06-20,1.464844,1.519531,1.460938,1.492188,1.138034,9763200
1991-06-21,1.496094,1.511719,1.484375,1.5,1.143991,12480000
1991-06-24,1.484375,1.488281,1.417969,1.421875,1.084408,11580800
1991-06-25,1.425781,1.4375,1.382813,1.394531,1.063554,8777600
1991-06-26,1.390625,1.445313,1.386719,1.4375,1.096325,13932800
1991-06-27,1.4375,1.441406,1.417969,1.429688,1.090367,6057600
1991-06-28,1.421875,1.433594,1.398438,1.402344,1.069512,8857600
1991-07-01,1.414063,1.5,1.414063,1.488281,1.135054,13433600
1991-07-02,1.46875,1.519531,1.46875,1.488281,1.135054,14406400
1991-07-03,1.484375,1.492188,1.460938,1.464844,1.117179,5344000
1991-07-05,1.464844,1.464844,1.441406,1.441406,1.099304,1523200
1991-07-08,1.421875,1.46875,1.417969,1.46875,1.120158,12112000
1991-07-09,1.492188,1.539063,1.484375,1.515625,1.155908,16441600
1991-07-10,1.523438,1.5625,1.523438,1.539063,1.173783,16592000
1991-07-11,1.542969,1.558594,1.53125,1.558594,1.188679,7289600
1991-07-12,1.566406,1.648438,1.554688,1.640625,1.251241,14595200
1991-07-15,1.65625,1.695313,1.648438,1.6875,1.28699,9145600
1991-07-16,1.6875,1.6875,1.652344,1.65625,1.263157,12195200
1991-07-17,1.640625,1.652344,1.5625,1.609375,1.227407,20659200
1991-07-18,1.609375,1.679688,1.609375,1.675781,1.278053,10332800
1991-07-19,1.683594,1.707031,1.667969,1.695313,1.292949,15996800
1991-07-22,1.695313,1.707031,1.648438,1.664063,1.269116,11385600
1991-07-23,1.667969,1.667969,1.59375,1.613281,1.230386,9862400
1991-07-24,1.601563,1.613281,1.570313,1.582031,1.206553,11475200
1991-07-25,1.582031,1.617188,1.570313,1.617188,1.233366,5894400
1991-07-26,1.625,1.640625,1.601563,1.632813,1.245283,3782400
1991-07-29,1.625,1.628906,1.535156,1.542969,1.176762,20627200
1991-07-30,1.570313,1.578125,1.53125,1.558594,1.188679,16832000
1991-07-31,1.578125,1.578125,1.558594,1.570313,1.197616,9046400
1991-08-01,1.570313,1.625,1.570313,1.625,1.239324,12268800
1991-08-02,1.632813,1.632813,1.554688,1.578125,1.203574,16659200
1991-08-05,1.53125,1.539063,1.515625,1.527344,1.164846,48864000
1991-08-06,1.523438,1.53125,1.460938,1.5,1.143991,46000000
1991-08-07,1.503906,1.585938,1.492188,1.570313,1.197616,27702400
1991-08-08,1.578125,1.644531,1.570313,1.605469,1.224428,13481600
1991-08-09,1.539063,1.546875,1.484375,1.515625,1.155908,40124800
1991-08-12,1.523438,1.523438,1.453125,1.492188,1.138034,21651200
1991-08-13,1.5,1.519531,1.492188,1.5,1.143991,18624000
1991-08-14,1.503906,1.539063,1.492188,1.535156,1.170804,21388800
1991-08-15,1.539063,1.59375,1.527344,1.574219,1.200595,12844800
1991-08-16,1.5625,1.578125,1.523438,1.5625,1.191658,11420800
1991-08-19,1.5,1.507813,1.460938,1.484375,1.132075,16284800
1991-08-20,1.5,1.515625,1.484375,1.507813,1.14995,9952000
1991-08-21,1.523438,1.539063,1.492188,1.539063,1.173783,14841600
1991-08-22,1.542969,1.5625,1.515625,1.523438,1.161866,8070400
1991-08-23,1.515625,1.5625,1.515625,1.554688,1.185699,7987200
1991-08-26,1.546875,1.59375,1.546875,1.570313,1.197616,15136000
1991-08-27,1.570313,1.703125,1.570313,1.679688,1.281033,16924800
1991-08-28,1.679688,1.726563,1.65625,1.703125,1.298907,9513600
1991-08-29,1.703125,1.703125,1.648438,1.648438,1.257199,5638400
1991-08-30,1.65625,1.65625,1.609375,1.609375,1.227407,9036800
1991-09-03,1.625,1.625,1.5625,1.566406,1.194637,7414400
1991-09-04,1.570313,1.578125,1.453125,1.460938,1.114201,27360000
1991-09-05,1.484375,1.492188,1.382813,1.40625,1.072492,42092800
1991-09-06,1.414063,1.492188,1.40625,1.4375,1.096325,24348800
1991-09-09,1.414063,1.421875,1.367188,1.40625,1.072492,22512000
1991-09-10,1.398438,1.414063,1.257813,1.339844,1.021847,54870400
1991-09-11,1.382813,1.421875,1.359375,1.40625,1.072492,42348800
1991-09-12,1.453125,1.5625,1.4375,1.535156,1.170804,25164800
1991-09-13,1.539063,1.601563,1.523438,1.585938,1.209532,23846400
1991-09-16,1.59375,1.601563,1.546875,1.5625,1.191658,10633600
1991-09-17,1.546875,1.5625,1.507813,1.539063,1.173783,9996800
1991-09-18,1.523438,1.585938,1.523438,1.570313,1.197616,7814400
1991-09-19,1.585938,1.640625,1.554688,1.5625,1.191658,11228800
1991-09-20,1.554688,1.601563,1.554688,1.5625,1.191658,20937600
1991-09-23,1.570313,1.609375,1.5625,1.601563,1.22145,11920000
1991-09-24,1.585938,1.617188,1.578125,1.578125,1.203574,5763200
1991-09-25,1.601563,1.640625,1.585938,1.617188,1.233366,8041600
1991-09-26,1.609375,1.625,1.601563,1.609375,1.227407,12905600
1991-09-27,1.625,1.625,1.601563,1.625,1.239324,9228800
1991-09-30,1.609375,1.695313,1.609375,1.6875,1.28699,13756800
1991-10-01,1.6875,1.6875,1.640625,1.648438,1.257199,9331200
1991-10-02,1.65625,1.65625,1.609375,1.640625,1.251241,8806400
1991-10-03,1.625,1.640625,1.59375,1.625,1.239324,6323200
1991-10-04,1.625,1.632813,1.601563,1.625,1.239324,3955200
1991-10-07,1.601563,1.632813,1.59375,1.601563,1.22145,7731200
1991-10-08,1.601563,1.625,1.601563,1.617188,1.233366,4598400
1991-10-09,1.625,1.683594,1.609375,1.65625,1.263157,7494400
1991-10-10,1.671875,1.671875,1.648438,1.667969,1.272095,1952000
1991-10-11,1.667969,1.679688,1.664063,1.679688,1.281033,2547200
1991-10-14,1.679688,1.707031,1.667969,1.707031,1.301886,2064000
1991-10-15,1.710938,1.761719,1.707031,1.746094,1.331677,3571200
1991-10-16,1.75,1.820313,1.75,1.816406,1.385302,3577600
1991-10-17,1.816406,1.851563,1.789063,1.800781,1.373385,9049600
1991-10-18,1.800781,1.859375,1.792969,1.847656,1.409135,3872000
1991-10-21,1.847656,1.847656,1.84375,1.847656,1.409135,3145600
1991-10-22,1.847656,1.871094,1.839844,1.851563,1.412115,4028800
1991-10-23,1.851563,1.851563,1.84375,1.851563,1.412115,4611200
1991-10-24,1.867188,1.886719,1.851563,1.851563,1.412115,6204800
1991-10-25,1.851563,1.855469,1.847656,1.855469,1.415094,1616000
1991-10-28,1.84375,1.851563,1.84375,1.84375,1.406156,2633600
1991-10-29,1.847656,1.847656,1.835938,1.847656,1.409135,1718400
1991-10-30,1.847656,1.933594,1.847656,1.933594,1.474676,4473600
1991-10-31,1.9375,2.023438,1.9375,2,1.525322,6377600
1991-11-01,2,2.023438,1.992188,1.992188,1.519364,7033600
1991-11-04,1.984375,1.984375,1.875,1.902344,1.450843,5408000
1991-11-05,1.902344,1.910156,1.859375,1.90625,1.453823,2803200
1991-11-06,1.90625,1.945313,1.867188,1.945313,1.483614,3398400
1991-11-07,1.957031,1.957031,1.898438,1.902344,1.450843,5472000
1991-11-08,1.90625,1.914063,1.894531,1.914063,1.459781,5497600
1991-11-11,1.921875,1.964844,1.910156,1.960938,1.495531,3318400
1991-11-12,1.964844,1.996094,1.945313,1.988281,1.516384,4316800
1991-11-13,1.96875,1.992188,1.960938,1.984375,1.513405,3100800
1991-11-14,1.992188,2.007813,1.992188,2.003906,1.528301,5929600
1991-11-15,2,2.007813,1.945313,1.96875,1.501489,5728000
1991-11-18,1.964844,1.964844,1.914063,1.941406,1.480635,6806400
1991-11-19,1.941406,1.945313,1.875,1.898438,1.447865,8873600
1991-11-20,1.898438,1.898438,1.816406,1.847656,1.409135,9670400
1991-11-21,1.847656,1.898438,1.847656,1.890625,1.441906,5478400
1991-11-22,1.894531,1.898438,1.859375,1.878906,1.432968,6508800
1991-11-25,1.882813,1.882813,1.84375,1.851563,1.412115,3945600
1991-11-26,1.859375,1.871094,1.851563,1.855469,1.415094,3020800
1991-11-27,1.855469,1.882813,1.855469,1.875,1.429989,2563200
1991-11-29,1.882813,1.886719,1.875,1.878906,1.432968,822400
1991-12-02,1.875,1.925781,1.859375,1.914063,1.459781,6348800
1991-12-03,1.90625,1.976563,1.90625,1.960938,1.495531,5849600
1991-12-04,1.964844,1.996094,1.953125,1.976563,1.507447,4508800
1991-12-05,1.984375,2,1.96875,1.972656,1.504468,2336000
1991-12-06,1.96875,1.992188,1.953125,1.980469,1.510427,2995200
1991-12-09,1.988281,2.003906,1.988281,1.992188,1.519364,3718400
1991-12-10,1.996094,2.050781,1.988281,2.03125,1.549155,2985600
1991-12-11,2.039063,2.042969,2.015625,2.03125,1.549155,3657600
1991-12-12,2.035156,2.042969,2.027344,2.039063,1.555113,2092800
1991-12-13,2.039063,2.121094,2.039063,2.117188,1.614697,6172800
1991-12-16,2.121094,2.152344,2.105469,2.140625,1.632571,2313600
1991-12-17,2.132813,2.132813,2.09375,2.109375,1.608738,3449600
1991-12-18,2.109375,2.109375,2.070313,2.085938,1.590864,3932800
1991-12-19,2.078125,2.09375,2.0625,2.085938,1.590864,2505600
1991-12-20,2.101563,2.105469,2.078125,2.085938,1.590864,3321600
1991-12-23,2.085938,2.140625,2.085938,2.136719,1.629592,3116800
1991-12-24,2.144531,2.195313,2.144531,2.1875,1.668321,2345600
1991-12-26,2.195313,2.304688,2.195313,2.296875,1.751737,2355200
1991-12-27,2.296875,2.378906,2.289063,2.378906,1.814298,3417600
1991-12-30,2.371094,2.433594,2.351563,2.433594,1.856009,3942400
1991-12-31,2.433594,2.445313,2.328125,2.328125,1.77557,8854400
1992-01-02,2.320313,2.339844,2.296875,2.296875,1.751737,4099200
1992-01-03,2.375,2.476563,2.367188,2.472656,1.885798,5900800
1992-01-06,2.484375,2.539063,2.476563,2.507813,1.912611,4588800
1992-01-07,2.5,2.5,2.46875,2.484375,1.894736,2057600
1992-01-08,2.472656,2.496094,2.460938,2.488281,1.897714,4451200
1992-01-09,2.507813,2.636719,2.507813,2.585938,1.972194,5843200
1992-01-10,2.578125,2.597656,2.578125,2.589844,1.975173,2096000
1992-01-13,2.589844,2.589844,2.539063,2.546875,1.942402,3366400
1992-01-14,2.546875,2.679688,2.546875,2.675781,2.040714,5907200
1992-01-15,2.703125,2.773438,2.703125,2.765625,2.109235,7305600
1992-01-16,2.757813,2.765625,2.53125,2.589844,1.975173,12243200
1992-01-17,2.589844,2.601563,2.507813,2.554688,1.948361,7436800
1992-01-20,2.578125,2.578125,2.523438,2.542969,1.939423,2540800
1992-01-21,2.542969,2.5625,2.460938,2.46875,1.882819,7648000
1992-01-22,2.476563,2.570313,2.46875,2.570313,1.960277,4777600
1992-01-23,2.609375,2.671875,2.609375,2.648438,2.01986,4681600
1992-01-24,2.632813,2.75,2.625,2.75,2.097318,2979200
1992-01-27,2.808594,2.828125,2.753906,2.757813,2.103277,8454400
1992-01-28,2.75,2.757813,2.703125,2.710938,2.067526,4316800
1992-01-29,2.695313,2.695313,2.578125,2.578125,1.966236,2896000
1992-01-30,2.585938,2.625,2.585938,2.617188,1.996026,5587200
1992-01-31,2.632813,2.632813,2.59375,2.601563,1.984111,1510400
1992-02-03,2.59375,2.625,2.59375,2.605469,1.987089,2662400
1992-02-04,2.617188,2.621094,2.617188,2.621094,1.999006,2953600
1992-02-05,2.640625,2.765625,2.632813,2.761719,2.106255,7859200
1992-02-06,2.734375,2.828125,2.722656,2.730469,2.082422,2371200
1992-02-07,2.734375,2.734375,2.683594,2.6875,2.049651,1446400
1992-02-10,2.691406,2.820313,2.6875,2.808594,2.142004,3926400
1992-02-11,2.820313,2.90625,2.820313,2.882813,2.198608,6019200
1992-02-12,2.882813,2.894531,2.800781,2.832031,2.15988,7302400
1992-02-13,2.824219,2.882813,2.804688,2.808594,2.142004,3468800
1992-02-14,2.800781,2.800781,2.765625,2.765625,2.109235,3196800
1992-02-18,2.761719,2.761719,2.640625,2.679688,2.043694,3667200
1992-02-19,2.65625,2.671875,2.433594,2.433594,1.856009,9072000
1992-02-20,2.476563,2.546875,2.476563,2.515625,1.918568,13984000
1992-02-21,2.527344,2.566406,2.445313,2.472656,1.885798,3238400
1992-02-24,2.476563,2.484375,2.265625,2.328125,1.77557,11350400
1992-02-25,2.328125,2.449219,2.328125,2.449219,1.867923,16969600
1992-02-26,2.441406,2.59375,2.441406,2.59375,1.978152,5616000
1992-02-27,2.59375,2.648438,2.53125,2.535156,1.933465,6179200
1992-02-28,2.515625,2.523438,2.492188,2.5,1.906651,36227200
1992-03-02,2.496094,2.539063,2.496094,2.507813,1.912611,5782400
1992-03-03,2.515625,2.519531,2.484375,2.484375,1.894736,4201600
1992-03-04,2.484375,2.507813,2.46875,2.46875,1.882819,5299200
1992-03-05,2.46875,2.46875,2.3125,2.339844,1.784507,10483200
1992-03-06,2.375,2.414063,2.367188,2.410156,1.838133,7168000
1992-03-09,2.417969,2.445313,2.417969,2.425781,1.850048,4073600
1992-03-10,2.433594,2.527344,2.429688,2.527344,1.927508,5718400
1992-03-11,2.515625,2.515625,2.453125,2.472656,1.885798,4028800
1992-03-12,2.464844,2.488281,2.464844,2.476563,1.888777,1785600
1992-03-13,2.5,2.503906,2.46875,2.484375,1.894736,2387200
1992-03-16,2.488281,2.5,2.464844,2.5,1.906651,3107200
1992-03-17,2.5,2.515625,2.488281,2.5,1.906651,3030400
1992-03-18,2.496094,2.5,2.453125,2.492188,1.900694,2864000
1992-03-19,2.5,2.53125,2.492188,2.519531,1.921547,1478400
1992-03-20,2.570313,2.570313,2.515625,2.515625,1.918568,2752000
1992-03-23,2.519531,2.519531,2.492188,2.519531,1.921547,2348800
1992-03-24,2.523438,2.570313,2.523438,2.550781,1.945381,3984000
1992-03-25,2.554688,2.558594,2.539063,2.558594,1.95134,2460800
1992-03-26,2.5625,2.636719,2.546875,2.601563,1.984111,3372800
1992-03-27,2.609375,2.609375,2.507813,2.515625,1.918568,1312000
1992-03-30,2.507813,2.507813,2.488281,2.488281,1.897714,956800
1992-03-31,2.492188,2.5,2.476563,2.476563,1.888777,3497600
1992-04-01,2.457031,2.46875,2.445313,2.46875,1.882819,3203200
1992-04-02,2.476563,2.539063,2.476563,2.507813,1.912611,5088000
1992-04-03,2.503906,2.507813,2.484375,2.5,1.906651,2188800
1992-04-06,2.5,2.507813,2.492188,2.5,1.906651,4777600
1992-04-07,2.492188,2.492188,2.429688,2.429688,1.853029,1174400
1992-04-08,2.402344,2.402344,2.304688,2.355469,1.796424,7561600
1992-04-09,2.363281,2.445313,2.363281,2.4375,1.858986,5382400
1992-04-10,2.4375,2.480469,2.4375,2.445313,1.865663,3788800
1992-04-13,2.4375,2.453125,2.414063,2.453125,1.871623,3203200
1992-04-14,2.445313,2.519531,2.445313,2.5,1.907386,6326400
1992-04-15,2.515625,2.539063,2.492188,2.492188,1.901426,2460800
1992-04-16,2.484375,2.484375,2.386719,2.386719,1.820958,4390400
1992-04-20,2.359375,2.359375,2.210938,2.226563,1.698766,11216000
1992-04-21,2.226563,2.25,2.210938,2.246094,1.713667,5552000
1992-04-22,2.28125,2.300781,2.273438,2.285156,1.74347,3212800
1992-04-23,2.308594,2.308594,2.210938,2.210938,1.686845,2041600
1992-04-24,2.214844,2.226563,2.140625,2.144531,1.63618,5440000
1992-04-27,2.164063,2.257813,2.160156,2.226563,1.698766,8432000
1992-04-28,2.21875,2.269531,2.21875,2.269531,1.731549,7312000
1992-04-29,2.273438,2.359375,2.265625,2.3125,1.764332,4774400
1992-04-30,2.320313,2.390625,2.304688,2.390625,1.823938,4483200
1992-05-01,2.445313,2.445313,2.386719,2.394531,1.826918,4646400
1992-05-04,2.386719,2.433594,2.386719,2.421875,1.847781,2464000
1992-05-05,2.429688,2.449219,2.40625,2.410156,1.83884,5648000
1992-05-06,2.417969,2.433594,2.410156,2.414063,1.841821,3081600
1992-05-07,2.414063,2.417969,2.359375,2.363281,1.803076,2886400
1992-05-08,2.359375,2.359375,2.296875,2.296875,1.752411,3600000
1992-05-11,2.304688,2.375,2.304688,2.363281,1.803076,7817600
1992-05-12,2.367188,2.367188,2.332031,2.339844,1.785195,716800
1992-05-13,2.332031,2.332031,2.289063,2.289063,1.746451,2051200
1992-05-14,2.296875,2.304688,2.265625,2.300781,1.755392,1571200
1992-05-15,2.292969,2.40625,2.289063,2.402344,1.832879,5337600
1992-05-18,2.410156,2.46875,2.410156,2.46875,1.883544,2192000
1992-05-19,2.457031,2.523438,2.449219,2.5,1.907386,4064000
1992-05-20,2.492188,2.640625,2.492188,2.640625,2.014677,5801600
1992-05-21,2.625,2.625,2.578125,2.613281,1.993815,4179200
1992-05-22,2.625,2.632813,2.609375,2.609375,1.990835,8185600
1992-05-26,2.597656,2.597656,2.523438,2.53125,1.931229,2460800
1992-05-27,2.53125,2.632813,2.507813,2.617188,1.996794,3923200
1992-05-28,2.609375,2.722656,2.589844,2.71875,2.074282,2700800
1992-05-29,2.71875,2.796875,2.71875,2.773438,2.116008,3705600
1992-06-01,2.742188,2.777344,2.742188,2.746094,2.095145,3622400
1992-06-02,2.746094,2.765625,2.710938,2.710938,2.068322,3587200
1992-06-03,2.714844,2.84375,2.695313,2.808594,2.142829,5072000
1992-06-04,2.816406,2.816406,2.765625,2.765625,2.110047,2972800
1992-06-05,2.757813,2.757813,2.65625,2.691406,2.053421,5152000
1992-06-08,2.664063,2.664063,2.644531,2.644531,2.017656,2150400
1992-06-09,2.652344,2.667969,2.554688,2.5625,1.955071,3529600
1992-06-10,2.5625,2.589844,2.507813,2.527344,1.928249,2585600
1992-06-11,2.5,2.609375,2.5,2.601563,1.984874,2944000
1992-06-12,2.601563,2.640625,2.601563,2.625,2.002756,3852800
1992-06-15,2.625,2.628906,2.601563,2.609375,1.990835,2457600
1992-06-16,2.609375,2.667969,2.609375,2.636719,2.011696,4076800
1992-06-17,2.636719,2.636719,2.546875,2.550781,1.94613,3830400
1992-06-18,2.535156,2.570313,2.460938,2.496094,1.904406,7779200
1992-06-19,2.5,2.53125,2.492188,2.507813,1.913347,4176000
1992-06-22,2.5,2.5,2.421875,2.453125,1.871623,7248000
1992-06-23,2.4375,2.460938,2.390625,2.414063,1.841821,14185600
1992-06-24,2.414063,2.421875,2.375,2.382813,1.817978,7049600
1992-06-25,2.386719,2.394531,2.359375,2.390625,1.823938,4870400
1992-06-26,2.382813,2.4375,2.375,2.433594,1.856721,1155200
1992-06-29,2.425781,2.5625,2.417969,2.554688,1.949111,2608000
1992-06-30,2.554688,2.601563,2.539063,2.59375,1.978914,5590400
1992-07-01,2.585938,2.679688,2.585938,2.664063,2.03256,3664000
1992-07-02,2.695313,2.710938,2.648438,2.695313,2.056401,3721600
1992-07-06,2.6875,2.796875,2.6875,2.78125,2.121966,4275200
1992-07-07,2.78125,2.828125,2.722656,2.726563,2.080245,15587200
1992-07-08,2.71875,2.757813,2.667969,2.714844,2.071302,5139200
1992-07-09,2.722656,2.835938,2.722656,2.828125,2.15773,3513600
1992-07-10,2.820313,2.820313,2.703125,2.703125,2.062361,9504000
1992-07-13,2.707031,2.769531,2.707031,2.769531,2.113027,4860800
1992-07-14,2.8125,2.867188,2.789063,2.863281,2.184553,7075200
1992-07-15,2.882813,2.957031,2.882813,2.890625,2.205417,9321600
1992-07-16,2.765625,2.820313,2.75,2.8125,2.14581,6224000
1992-07-17,2.78125,2.804688,2.765625,2.78125,2.121966,2950400
1992-07-20,2.75,2.769531,2.707031,2.71875,2.074282,9734400
1992-07-21,2.726563,2.78125,2.726563,2.773438,2.116008,4224000
1992-07-22,2.765625,2.765625,2.714844,2.71875,2.074282,963200
1992-07-23,2.710938,2.726563,2.6875,2.726563,2.080245,1414400
1992-07-24,2.71875,2.828125,2.71875,2.828125,2.15773,2313600
1992-07-27,2.828125,2.847656,2.796875,2.804688,2.139849,6851200
1992-07-28,2.804688,2.828125,2.78125,2.796875,2.133888,2265600
1992-07-29,2.8125,2.921875,2.804688,2.882813,2.199455,5251200
1992-07-30,2.875,2.890625,2.859375,2.882813,2.199455,3984000
1992-07-31,2.886719,2.886719,2.84375,2.875,2.193493,3993600
1992-08-03,2.882813,2.953125,2.875,2.945313,2.247139,2460800
1992-08-04,2.960938,2.976563,2.9375,2.953125,2.253099,7577600
1992-08-05,2.964844,2.964844,2.886719,2.902344,2.214357,5497600
1992-08-06,2.894531,2.914063,2.78125,2.8125,2.14581,8649600
1992-08-07,2.75,2.757813,2.730469,2.746094,2.095145,6044800
1992-08-10,2.746094,2.796875,2.738281,2.785156,2.124947,3772800
1992-08-11,2.78125,2.785156,2.710938,2.734375,2.086203,4768000
1992-08-12,2.746094,2.757813,2.722656,2.726563,2.080245,1740800
1992-08-13,2.734375,2.746094,2.695313,2.703125,2.062361,3017600
1992-08-14,2.710938,2.742188,2.710938,2.734375,2.086203,2972800
1992-08-17,2.703125,2.742188,2.699219,2.707031,2.065341,4144000
1992-08-18,2.707031,2.75,2.695313,2.75,2.098125,3654400
1992-08-19,2.75,2.792969,2.75,2.78125,2.121966,3689600
1992-08-20,2.765625,2.789063,2.75,2.78125,2.121966,4067200
1992-08-21,2.796875,2.796875,2.734375,2.757813,2.104086,3740800
1992-08-24,2.742188,2.742188,2.71875,2.726563,2.080245,2169600
1992-08-25,2.722656,2.785156,2.722656,2.777344,2.118987,2921600
1992-08-26,2.777344,2.777344,2.75,2.773438,2.116008,1776000
1992-08-27,2.78125,2.789063,2.765625,2.765625,2.110047,3676800
1992-08-28,2.78125,2.78125,2.726563,2.726563,2.080245,1740800
1992-08-31,2.726563,2.726563,2.640625,2.664063,2.03256,4950400
1992-09-01,2.648438,2.757813,2.632813,2.738281,2.089184,6899200
1992-09-02,2.75,2.777344,2.746094,2.765625,2.110047,3008000
1992-09-03,2.765625,2.808594,2.765625,2.765625,2.110047,3696000
1992-09-04,2.769531,2.78125,2.757813,2.765625,2.110047,1168000
1992-09-08,2.757813,2.757813,2.734375,2.738281,2.089184,1929600
1992-09-09,2.746094,2.796875,2.738281,2.789063,2.127929,1753600
1992-09-10,2.796875,2.882813,2.796875,2.867188,2.187533,7088000
1992-09-11,2.886719,2.953125,2.886719,2.945313,2.247139,8188800
1992-09-14,2.96875,3.09375,2.957031,3.085938,2.35443,8211200
1992-09-15,3.082031,3.121094,2.992188,3.105469,2.369331,6608000
1992-09-16,2.984375,3.1875,2.984375,3.171875,2.419996,8764800
1992-09-17,3.210938,3.226563,3.15625,3.226563,2.46172,5724800
1992-09-18,3.171875,3.1875,3.125,3.125,2.384234,4588800
1992-09-21,3.132813,3.171875,3.125,3.15625,2.408076,1507200
1992-09-22,3.1875,3.296875,3.1875,3.25,2.479602,4481600
1992-09-23,3.242188,3.265625,3.125,3.15625,2.408076,4627200
1992-09-24,3.15625,3.257813,3.09375,3.234375,2.46768,3483200
1992-09-25,3.203125,3.210938,2.953125,2.992188,2.282903,4740800
1992-09-28,2.9375,3.0625,2.859375,2.921875,2.229258,5156800
1992-09-29,2.921875,3.09375,2.898438,3.09375,2.36039,6377600
1992-09-30,3.09375,3.1875,3.09375,3.140625,2.396154,3497600
1992-10-01,3.125,3.171875,3.125,3.125,2.384234,1241600
1992-10-02,3.125,3.140625,2.984375,3.054688,2.330588,1806400
1992-10-05,3.054688,3.09375,2.796875,3.078125,2.348469,5742400
1992-10-06,3.15625,3.242188,3.132813,3.195313,2.437878,5200000
1992-10-07,3.203125,3.28125,3.203125,3.25,2.479602,3673600
1992-10-08,3.273438,3.351563,3.25,3.328125,2.539209,4300800
1992-10-09,3.328125,3.359375,3.1875,3.210938,2.449799,3449600
1992-10-12,3.226563,3.367188,3.195313,3.351563,2.55709,2640000
1992-10-13,3.335938,3.335938,3.25,3.28125,2.503445,2332800
1992-10-14,3.25,3.3125,3.226563,3.304688,2.521326,3401600
1992-10-15,3.265625,3.304688,3.226563,3.273438,2.497484,2476800
1992-10-16,3.34375,3.421875,3.257813,3.335938,2.545169,7835200
1992-10-19,3.335938,3.398438,3.273438,3.335938,2.545169,6254400
1992-10-20,3.335938,3.390625,3.335938,3.359375,2.563051,2988800
1992-10-21,3.359375,3.359375,3.296875,3.328125,2.539209,2804800
1992-10-22,3.296875,3.359375,3.273438,3.359375,2.563051,2384000
1992-10-23,3.328125,3.375,3.328125,3.351563,2.55709,2227200
1992-10-26,3.25,3.25,3.140625,3.179688,2.425957,10038400
1992-10-27,3.203125,3.25,3.078125,3.1875,2.431918,11534400
1992-10-28,3.1875,3.3125,3.179688,3.304688,2.521326,5553600
1992-10-29,3.3125,3.328125,3.265625,3.3125,2.527287,2270400
1992-10-30,3.304688,3.351563,3.25,3.257813,2.485564,2696000
1992-11-02,3.25,3.257813,3.210938,3.210938,2.449799,2944000
1992-11-03,3.210938,3.21875,3.171875,3.210938,2.449799,3635200
1992-11-04,3.203125,3.289063,3.195313,3.226563,2.46172,2958400
1992-11-05,3.226563,3.25,3.140625,3.171875,2.419996,5345600
1992-11-06,3.171875,3.234375,3.140625,3.1875,2.431918,3091200
1992-11-09,3.195313,3.304688,3.195313,3.28125,2.503445,2286400
1992-11-10,3.304688,3.3125,3.289063,3.3125,2.527287,2504000
1992-11-11,3.3125,3.359375,3.3125,3.328125,2.539209,2680000
1992-11-12,3.328125,3.328125,3.25,3.273438,2.497484,2673600
1992-11-13,3.289063,3.304688,3.257813,3.265625,2.491523,2232000
1992-11-16,3.265625,3.273438,3.21875,3.21875,2.45576,3091200
1992-11-17,3.210938,3.21875,3.125,3.164063,2.414036,8424000
1992-11-18,3.179688,3.273438,3.125,3.273438,2.497484,5686400
1992-11-19,3.296875,3.3125,3.25,3.257813,2.485564,2672000
1992-11-20,3.28125,3.375,3.28125,3.359375,2.563051,4259200
1992-11-23,3.367188,3.367188,3.296875,3.3125,2.527287,2630400
1992-11-24,3.328125,3.367188,3.28125,3.3125,2.527287,3246400
1992-11-25,3.351563,3.398438,3.328125,3.359375,2.563051,3812800
1992-11-27,3.40625,3.4375,3.40625,3.4375,2.622655,3278400
1992-11-30,3.46875,3.46875,3.382813,3.40625,2.598814,2723200
1992-12-01,3.40625,3.46875,3.398438,3.46875,2.646498,3718400
1992-12-02,3.484375,3.492188,3.445313,3.445313,2.628617,2806400
1992-12-03,3.40625,3.4375,3.375,3.429688,2.616696,2275200
1992-12-04,3.4375,3.5625,3.4375,3.554688,2.712065,2972800
1992-12-07,3.554688,3.570313,3.546875,3.554688,2.712065,2400000
1992-12-08,3.5625,3.617188,3.53125,3.546875,2.706104,5337600
1992-12-09,3.53125,3.539063,3.492188,3.492188,2.664381,2228800
1992-12-10,3.492188,3.5,3.421875,3.429688,2.616696,1436800
1992-12-11,3.429688,3.429688,3.390625,3.414063,2.604774,1217600
1992-12-14,3.421875,3.515625,3.40625,3.515625,2.682262,2481600
1992-12-15,3.507813,3.515625,3.453125,3.460938,2.640538,1884800
1992-12-16,3.46875,3.484375,3.398438,3.40625,2.598814,2232000
1992-12-17,3.40625,3.4375,3.390625,3.429688,2.616696,2307200
1992-12-18,3.5,3.585938,3.476563,3.585938,2.735907,3267200
1992-12-21,3.59375,3.59375,3.5625,3.5625,2.718025,2044800
1992-12-22,3.570313,3.648438,3.5625,3.640625,2.777631,3300800
1992-12-23,3.578125,3.640625,3.539063,3.5625,2.718025,5289600
1992-12-24,3.5,3.5,3.46875,3.476563,2.65246,2350400
1992-12-28,3.476563,3.476563,3.40625,3.429688,2.616696,3936000
1992-12-29,3.46875,3.53125,3.46875,3.492188,2.664381,4139200
1992-12-30,3.5,3.507813,3.484375,3.507813,2.676301,1609600
1992-12-31,3.53125,3.59375,3.53125,3.554688,2.712065,2016000
1993-01-04,3.515625,3.609375,3.515625,3.59375,2.741868,3851200
1993-01-05,3.585938,3.59375,3.546875,3.5625,2.718025,1912000
1993-01-06,3.585938,3.601563,3.578125,3.585938,2.735907,6035200
1993-01-07,3.625,3.625,3.570313,3.570313,2.723985,3728000
1993-01-08,3.5625,3.570313,3.421875,3.476563,2.65246,4376000
1993-01-11,3.492188,3.554688,3.460938,3.554688,2.712065,3022400
1993-01-12,3.554688,3.648438,3.554688,3.640625,2.777631,3324800
1993-01-13,3.664063,3.859375,3.65625,3.859375,2.944527,4032000
1993-01-14,3.90625,4,3.875,3.976563,3.033937,3163200
1993-01-15,4,4.1875,4,4.085938,3.117384,5017600
1993-01-18,4.070313,4.09375,3.914063,3.984375,3.039898,3859200
1993-01-19,4,4.023438,3.859375,3.890625,2.968369,4409600
1993-01-20,3.898438,3.976563,3.882813,3.960938,3.022016,1700800
1993-01-21,3.96875,3.992188,3.890625,3.992188,3.045857,2075200
1993-01-22,3.976563,4,3.914063,3.9375,3.004134,2393600
1993-01-25,3.945313,4.101563,3.945313,4.054688,3.093543,3888000
1993-01-26,4.0625,4.0625,3.96875,3.96875,3.027976,2372800
1993-01-27,3.953125,3.953125,3.875,3.875,2.956447,3657600
1993-01-28,3.898438,4,3.898438,3.984375,3.039898,2558400
1993-01-29,4.023438,4.046875,4,4.03125,3.07566,1921600
1993-02-01,4.0625,4.09375,4.0625,4.078125,3.111425,3020800
1993-02-02,4.085938,4.15625,4.039063,4.140625,3.159108,2020800
1993-02-03,4.148438,4.25,4.09375,4.109375,3.135266,2406400
1993-02-04,4.078125,4.171875,4.078125,4.164063,3.176991,1932800
1993-02-05,4.171875,4.179688,4,4.054688,3.093543,2020800
1993-02-08,4.054688,4.117188,4.03125,4.046875,3.087582,5531200
1993-02-09,4.070313,4.078125,4.023438,4.03125,3.07566,2118400
1993-02-10,4.03125,4.070313,4,4.070313,3.105463,2060800
1993-02-11,4.0625,4.0625,3.851563,3.867188,2.950489,9294400
1993-02-12,3.625,3.640625,3.484375,3.492188,2.664381,26057600
1993-02-16,3.3125,3.328125,3.109375,3.21875,2.45576,25009600
1993-02-17,3.203125,3.210938,3.007813,3.054688,2.330588,27227200
1993-02-18,3.109375,3.109375,3.0625,3.09375,2.36039,18908800
1993-02-19,3.085938,3.085938,2.890625,2.890625,2.205417,15315200
1993-02-22,2.882813,2.882813,2.625,2.625,2.002756,29467200
1993-02-23,2.625,2.664063,2.5,2.640625,2.014677,28924800
1993-02-24,2.640625,2.929688,2.640625,2.929688,2.235219,25040000
1993-02-25,2.875,2.9375,2.835938,2.835938,2.163691,12419200
1993-02-26,2.820313,2.859375,2.75,2.765625,2.110047,2747200
1993-03-01,2.78125,2.9375,2.78125,2.9375,2.241179,8313600
1993-03-02,2.945313,3.015625,2.945313,3.007813,2.294825,6131200
1993-03-03,3.03125,3.15625,3.03125,3.140625,2.396154,10377600
1993-03-04,2.90625,2.929688,2.828125,2.828125,2.15773,20192000
1993-03-05,2.828125,2.9375,2.828125,2.9375,2.241179,11804800
1993-03-08,2.953125,2.984375,2.835938,2.84375,2.169652,8694400
1993-03-09,2.890625,2.945313,2.851563,2.898438,2.211376,8060800
1993-03-10,2.90625,3.0625,2.90625,3.023438,2.306746,9563200
1993-03-11,3.09375,3.101563,3.023438,3.0625,2.336549,8451200
1993-03-12,2.984375,3.148438,2.984375,3.140625,2.396154,4243200
1993-03-15,3.25,3.257813,3.164063,3.1875,2.431918,5417600
1993-03-16,3.1875,3.234375,3.070313,3.078125,2.348469,4428800
1993-03-17,3.0625,3.09375,2.96875,2.976563,2.270982,5520000
1993-03-18,2.976563,3.007813,2.929688,2.984375,2.276943,5801600
1993-03-19,2.984375,2.984375,2.859375,2.859375,2.181573,10988800
1993-03-22,2.828125,2.828125,2.796875,2.8125,2.14581,6820800
1993-03-23,2.835938,2.960938,2.835938,2.929688,2.235219,6822400
1993-03-24,2.890625,2.898438,2.828125,2.851563,2.175613,7934400
1993-03-25,2.867188,2.945313,2.851563,2.914063,2.223297,6368000
1993-03-26,2.90625,2.96875,2.875,2.921875,2.229594,4803200
1993-03-29,2.921875,3.0625,2.90625,3.039063,2.319016,2896000
1993-03-30,3.039063,3.171875,3.039063,3.15625,2.408437,9270400
1993-03-31,3.273438,3.296875,3.210938,3.21875,2.456128,13971200
1993-04-01,3.21875,3.21875,3.078125,3.085938,2.354784,3185600
1993-04-02,3.078125,3.09375,3.015625,3.039063,2.319016,3744000
1993-04-05,3.03125,3.085938,3.023438,3.0625,2.3369,2377600
1993-04-06,3.054688,3.054688,3,3.007813,2.295169,2299200
1993-04-07,3.015625,3.039063,3,3.039063,2.319016,2024000
1993-04-08,3.039063,3.039063,2.84375,2.914063,2.223632,5801600
1993-04-12,2.921875,3.015625,2.90625,3,2.289208,4046400
1993-04-13,3.015625,3.101563,3.015625,3.03125,2.313054,6049600
1993-04-14,3.039063,3.039063,2.851563,2.929688,2.235554,8728000
1993-04-15,2.929688,2.945313,2.898438,2.921875,2.229594,4235200
1993-04-16,2.914063,2.9375,2.890625,2.90625,2.21767,5161600
1993-04-19,2.914063,3.0625,2.898438,3.0625,2.3369,10996800
1993-04-20,3.070313,3.3125,3.046875,3.289063,2.509784,14692800
1993-04-21,3.328125,3.328125,3.226563,3.25,2.479975,11995200
1993-04-22,3.25,3.3125,3.226563,3.242188,2.474013,5366400
1993-04-23,3.21875,3.21875,3.078125,3.078125,2.348822,5523200
1993-04-26,3.09375,3.1875,3.09375,3.171875,2.42036,7196800
1993-04-27,3.21875,3.382813,3.21875,3.382813,2.58132,8310400
1993-04-28,3.367188,3.40625,3.289063,3.34375,2.551513,3960000
1993-04-29,3.296875,3.296875,3.25,3.289063,2.509784,2849600
1993-04-30,3.335938,3.484375,3.335938,3.375,2.575358,3688000
1993-05-03,3.375,3.5625,3.375,3.554688,2.712473,5843200
1993-05-04,3.546875,3.601563,3.507813,3.59375,2.74228,4016000
1993-05-05,3.640625,3.765625,3.640625,3.757813,2.867471,14499200
1993-05-06,3.78125,3.84375,3.53125,3.53125,2.694588,19624000
1993-05-07,3.46875,3.53125,3.390625,3.390625,2.587282,6806400
1993-05-10,3.4375,3.609375,3.4375,3.546875,2.706511,5676800
1993-05-11,3.5625,3.71875,3.5625,3.710938,2.831702,3243200
1993-05-12,3.65625,3.65625,3.539063,3.546875,2.706511,4702400
1993-05-13,3.421875,3.5625,3.421875,3.546875,2.706511,23646400
1993-05-14,3.546875,3.546875,3.484375,3.5,2.670742,9515200
1993-05-17,3.515625,3.523438,3.484375,3.484375,2.65882,5492800
1993-05-18,3.59375,3.617188,3.539063,3.546875,2.706511,6364800
1993-05-19,3.546875,3.671875,3.546875,3.664063,2.795933,6617600
1993-05-20,3.6875,3.757813,3.679688,3.757813,2.867471,7134400
1993-05-21,3.75,3.75,3.71875,3.726563,2.843626,3675200
1993-05-24,3.726563,3.765625,3.71875,3.75,2.861509,6846400
1993-05-25,3.75,3.828125,3.75,3.8125,2.909201,6641600
1993-05-26,3.804688,3.804688,3.75,3.75,2.861509,5820800
1993-05-27,3.757813,3.828125,3.75,3.789063,2.891318,8907200
1993-05-28,3.78125,3.789063,3.734375,3.734375,2.849586,3740800
1993-06-01,3.71875,3.726563,3.695313,3.71875,2.837663,3830400
1993-06-02,3.710938,3.710938,3.609375,3.640625,2.778049,3979200
1993-06-03,3.640625,3.640625,3.585938,3.585938,2.736319,4041600
1993-06-04,3.585938,3.585938,3.5,3.5,2.670742,2116800
1993-06-07,3.484375,3.492188,3.421875,3.4375,2.62305,3078400
1993-06-08,3.4375,3.453125,3.40625,3.40625,2.599205,2892800
1993-06-09,3.40625,3.429688,3.382813,3.40625,2.599205,1992000
1993-06-10,3.40625,3.507813,3.40625,3.476563,2.652859,6830400
1993-06-11,3.507813,3.585938,3.507813,3.5625,2.718433,3574400
1993-06-14,3.59375,3.640625,3.585938,3.601563,2.748241,3945600
1993-06-15,3.617188,3.671875,3.609375,3.648438,2.784011,5022400
1993-06-16,3.6875,3.734375,3.6875,3.71875,2.837663,4571200
1993-06-17,3.71875,3.757813,3.71875,3.75,2.861509,3459200
1993-06-18,3.757813,3.757813,3.734375,3.742188,2.855549,2320000
1993-06-21,3.742188,3.75,3.71875,3.75,2.861509,1508800
1993-06-22,3.757813,3.789063,3.726563,3.742188,2.855549,4475200
1993-06-23,3.726563,3.84375,3.726563,3.8125,2.909201,5537600
1993-06-24,3.796875,3.882813,3.796875,3.882813,2.962854,3236800
1993-06-25,3.875,3.898438,3.84375,3.851563,2.939009,3062400
1993-06-28,3.859375,3.984375,3.859375,3.976563,3.034392,3766400
1993-06-29,4.007813,4.078125,4.007813,4.03125,3.076123,4848000
1993-06-30,4.03125,4.03125,4.007813,4.015625,3.0642,2532800
1993-07-01,4.015625,4.015625,3.921875,3.921875,2.992662,5035200
1993-07-02,3.90625,3.90625,3.835938,3.882813,2.962854,5246400
1993-07-06,3.921875,3.953125,3.875,3.914063,2.986701,3440000
1993-07-07,3.929688,4,3.921875,3.992188,3.046316,2435200
1993-07-08,4,4.132813,4,4.09375,3.123815,7569600
1993-07-09,4.078125,4.085938,4.039063,4.039063,3.082084,1737600
1993-07-12,4.03125,4.0625,3.984375,4.023438,3.070162,1739200
1993-07-13,4.023438,4.085938,4.015625,4.078125,3.111891,1331200
1993-07-14,4.109375,4.21875,4.109375,4.164063,3.177468,3622400
1993-07-15,4.164063,4.164063,4.085938,4.132813,3.153623,3416000
1993-07-16,4.125,4.125,4.023438,4.03125,3.076123,5158400
1993-07-19,4.023438,4.046875,3.859375,3.90625,2.980739,3270400
1993-07-20,3.9375,3.9375,3.875,3.890625,2.968816,2284800
1993-07-21,3.875,3.875,3.726563,3.757813,2.867471,6392000
1993-07-22,3.75,3.828125,3.742188,3.765625,2.873433,4224000
1993-07-23,3.789063,3.859375,3.78125,3.859375,2.94497,4467200
1993-07-26,3.921875,4,3.921875,3.96875,3.028432,6200000
1993-07-27,3.96875,3.96875,3.898438,3.929688,2.998624,2841600
1993-07-28,3.9375,4.078125,3.9375,4.070313,3.105931,4808000
1993-07-29,4.15625,4.15625,3.992188,4.039063,3.082084,6027200
1993-07-30,4.03125,4.03125,3.945313,3.945313,3.010547,2726400
1993-08-02,3.945313,4.015625,3.890625,3.90625,2.980739,4156800
1993-08-03,3.9375,4,3.929688,3.9375,3.004586,3502400
1993-08-04,3.953125,3.984375,3.945313,3.960938,3.022471,2916800
1993-08-05,3.984375,4,3.898438,3.914063,2.986701,3222400
1993-08-06,3.914063,3.921875,3.898438,3.898438,2.974778,3355200
1993-08-09,3.898438,3.898438,3.789063,3.828125,2.921125,3867200
1993-08-10,3.820313,3.820313,3.710938,3.71875,2.837663,7080000
1993-08-11,3.25,3.46875,3.25,3.296875,2.515743,56286400
1993-08-12,3.484375,3.546875,3.390625,3.546875,2.706511,27654400
1993-08-13,3.5625,3.601563,3.460938,3.484375,2.65882,12168000
1993-08-16,3.484375,3.585938,3.484375,3.578125,2.730358,3905600
1993-08-17,3.585938,3.757813,3.585938,3.742188,2.855549,6195200
1993-08-18,3.78125,3.9375,3.78125,3.882813,2.962854,5470400
1993-08-19,3.882813,3.898438,3.757813,3.757813,2.867471,3556800
1993-08-20,3.78125,3.78125,3.742188,3.757813,2.867471,3307200
1993-08-23,3.703125,3.710938,3.59375,3.59375,2.74228,7222400
1993-08-24,3.601563,3.664063,3.5,3.625,2.766127,5705600
1993-08-25,3.640625,3.671875,3.554688,3.5625,2.718433,2832000
1993-08-26,3.5625,3.65625,3.539063,3.648438,2.784011,2409600
1993-08-27,3.65625,3.65625,3.601563,3.65625,2.789971,1563200
1993-08-30,3.640625,3.6875,3.625,3.640625,2.778049,2660800
1993-08-31,3.640625,3.75,3.632813,3.703125,2.825741,3187200
1993-09-01,3.703125,3.75,3.671875,3.695313,2.819778,5691200
1993-09-02,3.9375,3.945313,3.875,3.882813,2.962854,13056000
1993-09-03,3.882813,3.882813,3.828125,3.84375,2.933048,7046400
1993-09-07,3.796875,3.804688,3.765625,3.765625,2.873433,11193600
1993-09-08,3.617188,3.625,3.507813,3.53125,2.694588,18147200
1993-09-09,3.5625,3.585938,3.515625,3.578125,2.730358,10651200
1993-09-10,3.625,3.65625,3.554688,3.554688,2.712473,8289600
1993-09-13,3.554688,3.578125,3.4375,3.4375,2.62305,10214400
1993-09-14,3.4375,3.53125,3.398438,3.492188,2.66478,12523200
1993-09-15,3.5,3.554688,3.46875,3.5,2.670742,4948800
1993-09-16,3.53125,3.632813,3.523438,3.632813,2.772088,2979200
1993-09-17,3.601563,3.609375,3.570313,3.59375,2.74228,2451200
1993-09-20,3.578125,3.585938,3.5625,3.5625,2.718433,2512000
1993-09-21,3.5625,3.65625,3.5625,3.640625,2.778049,5870400
1993-09-22,3.664063,3.804688,3.664063,3.796875,2.89728,5924800
1993-09-23,3.859375,4.007813,3.8125,4.007813,3.058239,8396800
1993-09-24,4,4.3125,4,4.296875,3.278814,15574400
1993-09-27,4.3125,4.398438,4.234375,4.28125,3.26689,10091200
1993-09-28,4.265625,4.3125,4.203125,4.289063,3.272852,8025600
1993-09-29,4.28125,4.296875,4.234375,4.257813,3.249006,8238400
1993-09-30,4.265625,4.414063,4.203125,4.289063,3.272852,10726400
1993-10-01,4.203125,4.210938,4.03125,4.117188,3.141699,15123200
1993-10-04,4.109375,4.242188,4.109375,4.234375,3.231121,6414400
1993-10-05,4.265625,4.265625,4.132813,4.226563,3.225161,5393600
1993-10-06,4.21875,4.25,4.210938,4.226563,3.225161,2785600
1993-10-07,4.195313,4.242188,4.195313,4.226563,3.225161,1918400
1993-10-08,4.242188,4.28125,4.210938,4.242188,3.237083,3155200
1993-10-11,4.257813,4.34375,4.15625,4.234375,3.231121,4395200
1993-10-12,4.25,4.398438,4.25,4.390625,3.350352,4992000
1993-10-13,4.28125,4.304688,4.164063,4.242188,3.237083,10107200
1993-10-14,4.25,4.390625,4.25,4.375,3.338428,4697600
1993-10-15,4.375,4.375,4.242188,4.257813,3.249006,5038400
1993-10-18,4.257813,4.320313,4.25,4.25,3.243043,4494400
1993-10-19,4.257813,4.304688,4.203125,4.203125,3.207275,3926400
1993-10-20,4.210938,4.234375,4.179688,4.234375,3.231121,2374400
1993-10-21,4.21875,4.21875,4.164063,4.1875,3.195352,1550400
1993-10-22,4.171875,4.265625,4.164063,4.171875,3.183431,2216000
1993-10-25,4.3125,4.3125,4.234375,4.273438,3.260929,3521600
1993-10-26,4.273438,4.296875,4.203125,4.25,3.243043,2902400
1993-10-27,4.257813,4.382813,4.257813,4.367188,3.332467,2840000
1993-10-28,4.367188,4.398438,4.257813,4.28125,3.26689,4745600
1993-10-29,4.296875,4.375,4.296875,4.367188,3.332467,1716800
1993-11-01,4.335938,4.476563,4.304688,4.476563,3.415927,7012800
1993-11-02,4.507813,4.640625,4.445313,4.640625,3.541118,9513600
1993-11-03,4.640625,4.679688,4.570313,4.65625,3.55304,9118400
1993-11-04,4.65625,4.773438,4.640625,4.765625,3.636501,14942400
1993-11-05,4.734375,4.734375,4.554688,4.578125,3.493427,8836800
1993-11-08,4.585938,4.625,4.546875,4.585938,3.499389,3256000
1993-11-09,4.578125,4.617188,4.578125,4.601563,3.51131,6558400
1993-11-10,4.625,4.710938,4.625,4.6875,3.576886,9545600
1993-11-11,4.6875,4.703125,4.648438,4.679688,3.570925,3814400
1993-11-12,4.6875,4.710938,4.601563,4.625,3.529193,5984000
1993-11-15,4.625,4.625,4.578125,4.601563,3.51131,2424000
1993-11-16,4.59375,4.601563,4.554688,4.59375,3.505351,5246400
1993-11-17,4.585938,4.617188,4.578125,4.585938,3.499389,2752000
1993-11-18,4.59375,4.640625,4.585938,4.617188,3.523233,3171200
1993-11-19,4.617188,4.664063,4.59375,4.617188,3.523233,2953600
1993-11-22,4.625,4.625,4.40625,4.40625,3.362273,5772800
1993-11-23,4.4375,4.492188,4.429688,4.484375,3.421888,3576000
1993-11-24,4.507813,4.609375,4.507813,4.554688,3.475541,5195200
1993-11-26,4.554688,4.578125,4.546875,4.570313,3.487464,657600
1993-11-29,4.5625,4.5625,4.484375,4.5,3.433812,4044800
1993-11-30,4.507813,4.554688,4.46875,4.523438,3.451695,4403200
1993-12-01,4.53125,4.710938,4.53125,4.679688,3.570925,8596800
1993-12-02,4.664063,4.671875,4.609375,4.65625,3.55304,6424000
1993-12-03,4.640625,4.726563,4.632813,4.726563,3.606694,3572800
1993-12-06,4.726563,4.835938,4.71875,4.804688,3.666309,6593600
1993-12-07,4.804688,4.804688,4.75,4.765625,3.636501,2000000
1993-12-08,4.765625,4.789063,4.75,4.78125,3.648425,5366400
1993-12-09,4.773438,4.804688,4.640625,4.671875,3.564965,3793600
1993-12-10,4.640625,4.710938,4.585938,4.703125,3.588811,6011200
1993-12-13,4.6875,4.695313,4.648438,4.671875,3.564965,3235200
1993-12-14,4.6875,4.734375,4.679688,4.703125,3.588811,3547200
1993-12-15,4.695313,4.773438,4.671875,4.726563,3.606694,4129600
1993-12-16,4.757813,4.90625,4.757813,4.84375,3.696118,9083200
1993-12-17,4.851563,4.882813,4.820313,4.859375,3.708041,3592000
1993-12-20,4.875,4.921875,4.84375,4.882813,3.725923,9230400
1993-12-21,4.890625,4.90625,4.757813,4.773438,3.642465,4176000
1993-12-22,4.765625,4.765625,4.59375,4.726563,3.606694,7436800
1993-12-23,4.78125,4.84375,4.765625,4.804688,3.666309,2993600
1993-12-27,4.75,4.796875,4.6875,4.789063,3.654386,4992000
1993-12-28,4.773438,4.804688,4.695313,4.726563,3.606694,2684800
1993-12-29,4.726563,4.765625,4.625,4.671875,3.564965,4588800
1993-12-30,4.664063,4.695313,4.648438,4.671875,3.564965,3396800
1993-12-31,4.71875,4.773438,4.71875,4.742188,3.618617,2736000
1994-01-03,4.726563,4.828125,4.679688,4.828125,3.684194,3267200
1994-01-04,4.804688,4.804688,4.695313,4.695313,3.58285,3712000
1994-01-05,4.710938,4.742188,4.6875,4.726563,3.606694,5630400
1994-01-06,4.742188,4.773438,4.726563,4.757813,3.63054,2419200
1994-01-07,4.8125,4.828125,4.789063,4.820313,3.678233,5720000
1994-01-10,4.820313,4.890625,4.8125,4.828125,3.684194,2857600
1994-01-11,4.789063,4.898438,4.789063,4.84375,3.696118,3156800
1994-01-12,4.890625,4.890625,4.84375,4.875,3.719964,1425600
1994-01-13,4.875,4.914063,4.851563,4.90625,3.743807,2427200
1994-01-14,4.921875,5.039063,4.921875,5.015625,3.82727,5100800
1994-01-17,5,5.203125,5,5.171875,3.946499,6545600
1994-01-18,5.179688,5.1875,5.101563,5.171875,3.946499,4387200
1994-01-19,5.1875,5.25,5.164063,5.179688,3.952461,8185600
1994-01-20,5.234375,5.242188,5.15625,5.226563,3.988228,5633600
1994-01-21,5.234375,5.234375,5.148438,5.210938,3.976306,2873600
1994-01-24,5.21875,5.226563,5.117188,5.125,3.910731,2724800
1994-01-25,5.125,5.125,5.015625,5.046875,3.851115,6000000
1994-01-26,5.0625,5.210938,5.0625,5.203125,3.970345,5364800
1994-01-27,5.210938,5.34375,5.179688,5.3125,4.053805,7232000
1994-01-28,5.351563,5.351563,5.289063,5.3125,4.053805,4104000
1994-01-31,5.328125,5.40625,5.304688,5.34375,4.077654,6400000
1994-02-01,5.34375,5.398438,5.328125,5.398438,4.119382,4220800
1994-02-02,5.390625,5.453125,5.359375,5.40625,4.125344,3982400
1994-02-03,5.390625,5.40625,5.3125,5.375,4.101498,4057600
1994-02-04,5.375,5.398438,5.234375,5.257813,4.012076,3699200
1994-02-07,5.234375,5.234375,5.15625,5.210938,3.976306,5988800
1994-02-08,5.1875,5.195313,5.109375,5.117188,3.90477,2718400
1994-02-09,5.132813,5.257813,5.046875,5.226563,3.988228,5681600
1994-02-10,5.242188,5.335938,5.242188,5.296875,4.041882,6800000
1994-02-11,5.296875,5.359375,5.289063,5.3125,4.053805,5179200
1994-02-14,5.34375,5.375,5.296875,5.351563,4.083613,5857600
1994-02-15,5.375,5.398438,5.296875,5.3125,4.053805,5355200
1994-02-16,5.3125,5.359375,5.265625,5.34375,4.077654,11875200
1994-02-17,5.367188,5.367188,5.25,5.28125,4.02996,5052800
1994-02-18,5.28125,5.28125,5.195313,5.226563,3.988228,8240000
1994-02-22,5.226563,5.226563,5.117188,5.125,3.910731,4992000
1994-02-23,5.132813,5.148438,5.054688,5.054688,3.857078,4104000
1994-02-24,5.039063,5.140625,5.039063,5.117188,3.90477,8577600
1994-02-25,5.132813,5.195313,5.070313,5.070313,3.869,5182400
1994-02-28,5.085938,5.1875,5.085938,5.164063,3.940537,5396800
1994-03-01,5.1875,5.234375,5.101563,5.148438,3.928615,3545600
1994-03-02,5.125,5.140625,5.054688,5.109375,3.898806,6176000
1994-03-03,5.125,5.132813,5.054688,5.078125,3.87496,5067200
1994-03-04,5.070313,5.109375,5.0625,5.085938,3.880922,3076800
1994-03-07,5.242188,5.3125,5.195313,5.289063,4.03592,11675200
1994-03-08,5.3125,5.367188,5.304688,5.367188,4.095538,5907200
1994-03-09,5.429688,5.46875,5.390625,5.453125,4.161114,6956800
1994-03-10,5.453125,5.476563,5.375,5.40625,4.125344,5084800
1994-03-11,5.40625,5.40625,5.328125,5.375,4.101498,7463200
1994-03-14,5.40625,5.40625,5.3125,5.390625,4.113419,8514400
1994-03-15,5.421875,5.640625,5.421875,5.59375,4.268417,9300000
1994-03-16,5.59375,5.75,5.59375,5.6875,4.339957,5748000
1994-03-17,5.734375,5.796875,5.703125,5.765625,4.39957,4710400
1994-03-18,5.75,5.765625,5.6875,5.734375,4.375724,3585600
1994-03-21,5.75,5.78125,5.71875,5.765625,4.39957,2320000
1994-03-22,5.765625,5.9375,5.71875,5.890625,4.494955,4546400
1994-03-23,5.90625,5.9375,5.796875,5.828125,4.447262,7353600
1994-03-24,5.828125,5.828125,5.75,5.796875,4.423416,5256800
1994-03-25,5.78125,5.890625,5.765625,5.875,4.485935,5449600
1994-03-28,5.890625,5.890625,5.65625,5.6875,4.342764,4002400
1994-03-29,5.5625,5.609375,5.4375,5.484375,4.187667,5220800
1994-03-30,5.484375,5.5,5.28125,5.28125,4.032568,5392000
1994-03-31,5.296875,5.359375,5.140625,5.34375,4.080294,7267200
1994-04-04,5.21875,5.484375,5.203125,5.484375,4.187667,5636800
1994-04-05,5.5,5.640625,5.484375,5.609375,4.283111,7477600
1994-04-06,5.625,5.6875,5.5625,5.640625,4.306973,5462400
1994-04-07,5.703125,5.75,5.640625,5.71875,4.366628,1948800
1994-04-08,5.71875,5.921875,5.703125,5.75,4.390489,4340800
1994-04-11,5.78125,5.875,5.78125,5.796875,4.42628,3572000
1994-04-12,5.8125,5.828125,5.671875,5.703125,4.354697,2966400
1994-04-13,5.703125,5.71875,5.5,5.546875,4.235389,5600000
1994-04-14,5.515625,5.515625,5.453125,5.515625,4.211528,5673600
1994-04-15,5.515625,5.515625,5.4375,5.5,4.199596,2948000
1994-04-18,5.5,5.5,5.359375,5.359375,4.09222,3466400
1994-04-19,5.296875,5.34375,4.828125,5,3.817815,15434400
1994-04-20,5.09375,5.125,4.65625,4.734375,3.614993,21404800
1994-04-21,4.8125,5.0625,4.796875,4.9375,3.770095,13485600
1994-04-22,5.0625,5.140625,4.953125,5.109375,3.90133,10876000
1994-04-25,5.078125,5.125,4.9375,4.984375,3.805884,13840800
1994-04-26,4.984375,5.015625,4.859375,4.9375,3.770095,6523200
1994-04-28,5,5.0625,4.890625,4.90625,3.746231,6480800
1994-04-29,4.9375,5.1875,4.9375,5.1875,3.960984,7330400
1994-05-02,5.25,5.53125,5.25,5.515625,4.211528,6285600
1994-05-03,5.90625,5.9375,5.765625,5.8125,4.438211,16616000
1994-05-04,6,6.015625,5.8125,5.96875,4.557517,15428000
1994-05-05,6.03125,6.21875,6,6.09375,4.652964,13461600
1994-05-06,6,6.125,5.9375,5.984375,4.569448,8436000
1994-05-09,5.96875,6.015625,5.6875,5.6875,4.342764,7296000
1994-05-10,5.875,5.890625,5.765625,5.78125,4.414351,8087200
1994-05-11,5.78125,5.8125,5.5625,5.671875,4.330835,5414400
1994-05-12,5.703125,5.921875,5.703125,5.90625,4.509796,4016800
1994-05-13,5.890625,6.046875,5.84375,6.015625,4.593311,4580800
1994-05-16,6.015625,6.03125,5.78125,5.828125,4.450141,2846400
1994-05-17,5.75,5.78125,5.625,5.78125,4.414351,4637600
1994-05-18,5.90625,6.09375,5.84375,6,4.581378,7270400
1994-05-19,6.0625,6.1875,6.0625,6.125,4.676825,5367200
1994-05-20,6.125,6.171875,5.984375,6,4.581378,2877600
1994-05-23,6.046875,6.109375,6,6.03125,4.605242,4185600
1994-05-24,6.046875,6.234375,6,6.203125,4.736476,4787200
1994-05-25,6.125,6.28125,6.09375,6.1875,4.724548,5140000
1994-05-26,6.1875,6.1875,5.96875,5.96875,4.557517,5199200
1994-05-27,6,6.03125,5.953125,5.984375,4.569448,2808000
1994-05-31,5.953125,6.03125,5.9375,6.015625,4.593311,3143200
1994-06-01,6,6.078125,5.953125,6.03125,4.605242,3875200
1994-06-02,6.03125,6.171875,6.015625,6.15625,4.700684,5093600
1994-06-03,6.140625,6.28125,6.140625,6.203125,4.736476,7240800
1994-06-06,6.234375,6.34375,6.21875,6.3125,4.819993,5276800
1994-06-07,6.3125,6.328125,6.140625,6.203125,4.736476,4979200
1994-06-08,6.1875,6.25,5.96875,6.015625,4.593311,3416000
1994-06-09,5.984375,5.984375,5.8125,5.8125,4.438211,4777600
1994-06-10,5.875,6.125,5.875,6.109375,4.664894,4300000
1994-06-13,6.0625,6.203125,6.046875,6.09375,4.652964,4207200
1994-06-14,6.125,6.171875,6.0625,6.078125,4.641034,2116000
1994-06-15,6.109375,6.125,6.03125,6.03125,4.605242,2004800
1994-06-16,6.09375,6.171875,6.078125,6.171875,4.712618,2385600
1994-06-17,6.25,6.25,6.09375,6.09375,4.652964,4276800
1994-06-20,6.0625,6.09375,5.953125,6.015625,4.593311,1972800
1994-06-21,5.96875,5.96875,5.734375,5.859375,4.474001,9873600
1994-06-22,5.859375,5.859375,5.640625,5.734375,4.378555,5864000
1994-06-23,5.734375,5.84375,5.5625,5.640625,4.306973,6794400
1994-06-24,5.84375,5.90625,5.78125,5.796875,4.42628,12652000
1994-06-27,5.90625,5.9375,5.84375,5.9375,4.533655,8809600
1994-06-28,5.890625,5.984375,5.875,5.984375,4.569448,5983200
1994-06-29,5.984375,6.0625,5.96875,5.984375,4.569448,9928800
1994-06-30,6,6.0625,5.5,5.640625,4.306973,67585600
1994-07-01,5.6875,5.8125,5.625,5.71875,4.366628,16532000
1994-07-05,5.734375,5.796875,5.6875,5.71875,4.366628,6044800
1994-07-06,5.59375,5.59375,5.46875,5.5625,4.247321,13730400
1994-07-07,5.578125,5.671875,5.515625,5.65625,4.318904,6282400
1994-07-08,5.671875,5.671875,5.5625,5.59375,4.271181,3516800
1994-07-11,5.578125,5.59375,5.46875,5.546875,4.235389,4450400
1994-07-12,5.53125,5.53125,5.359375,5.453125,4.163805,6405600
1994-07-13,5.484375,5.59375,5.390625,5.578125,4.259251,8000800
1994-07-14,5.59375,5.8125,5.59375,5.765625,4.402417,9676000
1994-07-15,5.765625,5.84375,5.75,5.78125,4.414351,4424000
1994-07-18,5.78125,5.8125,5.71875,5.75,4.390489,2014400
1994-07-19,5.734375,5.78125,5.625,5.640625,4.306973,4144000
1994-07-20,5.65625,5.6875,5.375,5.46875,4.175737,10895200
1994-07-21,5.5,5.515625,5.21875,5.453125,4.163805,19199200
1994-07-22,5.53125,5.6875,5.5,5.6875,4.342764,10840000
1994-07-25,5.65625,5.671875,5.453125,5.515625,4.211528,5161600
1994-07-26,5.5,5.578125,5.375,5.546875,4.235389,9790400
1994-07-27,5.578125,5.578125,5.484375,5.515625,4.211528,6002400
1994-07-28,5.484375,5.5,5.34375,5.34375,4.080294,10932000
1994-07-29,5.40625,5.6875,5.390625,5.6875,4.342764,7521600
1994-08-01,5.71875,5.8125,5.71875,5.75,4.390489,8552800
1994-08-02,5.828125,5.859375,5.765625,5.78125,4.414351,7055200
1994-08-03,5.96875,5.96875,5.828125,5.875,4.485935,5590400
1994-08-04,5.6875,5.75,5.5,5.515625,4.211528,13238400
1994-08-05,5.53125,5.5625,5.453125,5.546875,4.235389,5606400
1994-08-08,5.59375,5.6875,5.5625,5.625,4.295042,3809600
1994-08-09,5.625,5.765625,5.609375,5.71875,4.366628,3177600
1994-08-10,5.71875,5.78125,5.71875,5.78125,4.414351,4804800
1994-08-11,5.796875,5.859375,5.765625,5.796875,4.42628,2955200
1994-08-12,5.8125,5.8125,5.71875,5.78125,4.414351,4682400
1994-08-15,5.8125,5.921875,5.796875,5.796875,4.42628,3536000
1994-08-16,5.78125,5.8125,5.71875,5.78125,4.414351,8115200
1994-08-17,5.765625,5.96875,5.75,5.953125,4.545586,7884000
1994-08-18,5.90625,6.109375,5.8125,6.109375,4.664894,5904800
1994-08-19,6.109375,6.21875,6.03125,6.203125,4.736476,6408800
1994-08-22,6.1875,6.3125,6.140625,6.296875,4.80806,3988800
1994-08-23,6.34375,6.390625,6.28125,6.3125,4.819993,4445600
1994-08-24,6.3125,6.359375,6.21875,6.34375,4.843852,5596000
1994-08-25,6.34375,6.359375,6.28125,6.28125,4.796131,3487200
1994-08-26,6.359375,6.46875,6.28125,6.390625,4.879645,4061600
1994-08-29,6.40625,6.484375,6.390625,6.40625,4.891574,4406400
1994-08-30,6.40625,6.40625,6.28125,6.34375,4.843852,3097600
1994-08-31,6.359375,6.609375,6.328125,6.53125,4.987019,7201600
1994-09-01,6.53125,6.59375,6.453125,6.5625,5.010884,3108800
1994-09-02,6.578125,6.59375,6.4375,6.46875,4.9393,1545600
1994-09-06,6.453125,6.484375,6.3125,6.359375,4.855784,3985600
1994-09-07,6.375,6.46875,6.359375,6.46875,4.9393,4575200
1994-09-08,6.453125,6.6875,6.453125,6.65625,5.082468,5630400
1994-09-09,6.5625,6.765625,6.546875,6.71875,5.130189,7456800
1994-09-12,6.71875,6.765625,6.59375,6.625,5.058605,4517600
1994-09-13,6.640625,6.6875,6.5625,6.640625,5.070536,4456800
1994-09-14,6.625,6.65625,6.578125,6.65625,5.082468,4688000
1994-09-15,6.625,6.765625,6.625,6.75,5.154051,4485600
1994-09-16,6.734375,6.75,6.671875,6.75,5.154051,5988000
1994-09-19,6.75,6.828125,6.703125,6.734375,5.142121,4968800
1994-09-20,6.703125,6.75,6.546875,6.625,5.058605,5821600
1994-09-21,6.625,6.640625,6.46875,6.578125,5.022814,9302400
1994-09-22,6.5625,6.59375,6.5,6.578125,5.022814,4680000
1994-09-23,6.5625,6.640625,6.484375,6.5,4.963159,4844800
1994-09-26,6.5,6.515625,6.359375,6.375,4.867714,5564000
1994-09-27,6.359375,6.484375,6.359375,6.4375,4.915437,4666400
1994-09-28,6.4375,6.71875,6.421875,6.703125,5.118258,8835200
1994-09-29,6.75,6.828125,6.5625,6.71875,5.130189,4219200
1994-09-30,6.71875,6.78125,6.625,6.625,5.058605,4205600
1994-10-03,6.59375,6.65625,6.53125,6.640625,5.070536,4025600
1994-10-04,6.671875,6.765625,6.546875,6.5625,5.010884,5585600
1994-10-05,6.5,6.5,6.359375,6.453125,4.927369,4307200
1994-10-06,6.421875,6.46875,6.3125,6.4375,4.915437,2801600
1994-10-07,6.453125,6.671875,6.4375,6.65625,5.082468,3672000
1994-10-10,6.6875,6.8125,6.671875,6.765625,5.165982,2291200
1994-10-11,6.796875,6.859375,6.703125,6.75,5.154051,4017600
1994-10-12,6.875,6.921875,6.8125,6.828125,5.213703,5950400
1994-10-13,6.859375,6.90625,6.578125,6.625,5.058605,5665600
1994-10-14,6.5625,6.671875,6.5,6.671875,5.094397,3862400
1994-10-17,6.640625,6.796875,6.625,6.796875,5.189843,2076800
1994-10-18,6.78125,6.796875,6.578125,6.625,5.058605,2645600
1994-10-19,6.5625,6.5625,6.484375,6.515625,4.975094,2987200
1994-10-20,6.53125,6.5625,6.390625,6.484375,4.951229,2945600
1994-10-21,6.484375,6.484375,6.3125,6.375,4.867714,2949600
1994-10-24,6.3125,6.578125,6.3125,6.453125,4.927369,4320000
1994-10-25,6.359375,6.453125,6.359375,6.40625,4.891574,3407200
1994-10-26,6.453125,6.578125,6.4375,6.578125,5.022814,2680800
1994-10-27,6.578125,6.671875,6.546875,6.59375,5.034744,4040000
1994-10-28,6.546875,6.671875,6.53125,6.609375,5.046676,4381600
1994-10-31,6.609375,6.640625,6.546875,6.59375,5.034744,2471200
1994-11-01,6.578125,6.578125,6.390625,6.390625,4.879645,5085600
1994-11-02,6.390625,6.421875,6.234375,6.234375,4.760338,7424800
1994-11-03,6.21875,6.21875,6,6.046875,4.617169,17600800
1994-11-04,6.0625,6.1875,6.015625,6.046875,4.617169,15127200
1994-11-07,6.046875,6.109375,6.03125,6.046875,4.617169,5597600
1994-11-08,6.046875,6.09375,6,6.078125,4.641034,7872800
1994-11-09,6.1875,6.265625,6.09375,6.15625,4.700684,7039200
1994-11-10,6.1875,6.203125,6.03125,6.09375,4.652964,4421600
1994-11-11,6.078125,6.140625,6.03125,6.109375,4.664894,2715200
1994-11-14,6.109375,6.15625,6.09375,6.125,4.676825,2717600
1994-11-15,6.15625,6.28125,6.15625,6.28125,4.796131,7372800
1994-11-16,6.28125,6.359375,6.28125,6.359375,4.855784,5472800
1994-11-17,6.4375,6.4375,6.28125,6.3125,4.819993,2460000
1994-11-18,6.328125,6.34375,6.296875,6.328125,4.831924,2543200
1994-11-21,6.359375,6.515625,6.203125,6.21875,4.748409,3444000
1994-11-22,6.21875,6.234375,6,6.0625,4.629101,3873600
1994-11-23,5.84375,6,5.828125,5.96875,4.557517,5975200
1994-11-25,6.0625,6.078125,6.03125,6.03125,4.605242,899200
1994-11-28,6.015625,6.140625,5.9375,6.015625,4.593311,2557600
1994-11-29,6.078125,6.15625,6.03125,6.109375,4.664894,3160800
1994-11-30,6.171875,6.171875,5.9375,5.953125,4.545586,3988800
1994-12-01,5.84375,5.9375,5.84375,5.875,4.485935,6546400
1994-12-02,5.859375,5.9375,5.8125,5.90625,4.509796,5031200
1994-12-05,5.9375,5.984375,5.859375,5.875,4.485935,3342400
1994-12-06,5.859375,5.875,5.703125,5.75,4.390489,5868800
1994-12-07,5.78125,5.828125,5.359375,5.453125,4.163805,16528000
1994-12-08,5.453125,5.453125,5.125,5.125,3.913261,34871200
1994-12-09,5.15625,5.3125,5.078125,5.234375,3.996776,22524800
1994-12-12,5.40625,5.609375,5.390625,5.453125,4.163805,10862400
1994-12-13,5.5,5.59375,5.4375,5.578125,4.259251,7059200
1994-12-14,5.5625,5.625,5.53125,5.578125,4.259251,7093600
1994-12-15,5.609375,5.609375,5.453125,5.515625,4.211528,5357600
1994-12-16,5.59375,5.703125,5.546875,5.65625,4.318904,6369600
1994-12-19,5.65625,5.734375,5.578125,5.734375,4.378555,6155200
1994-12-20,5.75,5.78125,5.671875,5.71875,4.366628,6219200
1994-12-21,5.75,5.796875,5.71875,5.765625,4.402417,5200000
1994-12-22,5.765625,5.765625,5.71875,5.75,4.390489,4057600
1994-12-23,5.78125,5.78125,5.65625,5.671875,4.330835,2832000
1994-12-27,5.734375,5.75,5.671875,5.75,4.390489,5744000
1994-12-28,5.703125,5.734375,5.5,5.546875,4.235389,4925600
1994-12-29,5.546875,5.765625,5.53125,5.75,4.390489,3748800
1994-12-30,5.765625,5.765625,5.5625,5.640625,4.306973,2744800
1995-01-03,5.625,5.625,5.375,5.390625,4.116082,6892800
1995-01-04,5.390625,5.46875,5.3125,5.328125,4.06836,7276000
1995-01-05,5.328125,5.375,5.296875,5.34375,4.080294,6524800
1995-01-06,5.359375,5.46875,5.296875,5.34375,4.080294,12976000
1995-01-09,5.34375,5.65625,5.34375,5.609375,4.283111,9991200
1995-01-10,5.8125,5.828125,5.640625,5.71875,4.366628,9035200
1995-01-11,5.8125,5.828125,5.53125,5.671875,4.330835,4856000
1995-01-12,5.703125,5.71875,5.4375,5.515625,4.211528,4885600
1995-01-13,5.5625,5.5625,5.421875,5.53125,4.223459,6985600
1995-01-16,5.5,5.578125,5.484375,5.5,4.199596,5084800
1995-01-17,5.53125,5.609375,5.484375,5.5,4.199596,6314400
1995-01-18,5.5625,5.578125,5.5,5.515625,4.211528,5168000
1995-01-19,5.53125,5.734375,5.515625,5.734375,4.378555,10840000
1995-01-20,5.71875,5.71875,5.59375,5.71875,4.366628,4441600
1995-01-23,5.625,5.671875,5.59375,5.640625,4.306973,3944000
1995-01-24,5.625,5.640625,5.5625,5.609375,4.283111,3475200
1995-01-25,5.578125,5.578125,5.46875,5.484375,4.187667,6011200
1995-01-26,5.5,5.578125,5.4375,5.484375,4.187667,4840000
1995-01-27,5.515625,5.53125,5.375,5.5,4.199596,5033600
1995-01-30,5.5,5.921875,5.5,5.875,4.485935,10353600
1995-01-31,5.875,6.09375,5.828125,6.0625,4.629101,13500800
1995-02-01,6.0625,6.203125,6,6.125,4.676825,7759200
1995-02-02,6.140625,6.203125,5.9375,5.96875,4.557517,5815200
1995-02-03,5.96875,6.234375,5.96875,6.171875,4.712618,11893600
1995-02-06,6.21875,6.234375,6.0625,6.1875,4.724548,10712800
1995-02-07,6.109375,6.15625,6.046875,6.109375,4.664894,3988800
1995-02-08,6.046875,6.171875,6.03125,6.15625,4.700684,7611200
1995-02-09,6.125,6.140625,6,6,4.581378,10384000
1995-02-10,6.046875,6.125,5.9375,6.046875,4.617169,6481600
1995-02-13,6.0625,6.078125,5.953125,5.96875,4.557517,1764800
1995-02-14,5.5625,5.8125,5.5625,5.65625,4.318904,39053600
1995-02-15,5.640625,5.671875,5.5625,5.578125,4.259251,15294400
1995-02-16,5.5625,5.59375,5.484375,5.515625,4.211528,11510400
1995-02-17,5.5,5.5,5.328125,5.375,4.104154,19148000
1995-02-21,5.375,5.390625,5.21875,5.234375,3.996776,22363200
1995-02-22,5.296875,5.46875,5.28125,5.4375,4.151875,17464000
1995-02-23,5.46875,5.5625,5.34375,5.359375,4.09222,10020000
1995-02-24,5.375,5.421875,5.3125,5.421875,4.139944,7736000
1995-02-27,5.359375,5.46875,5.296875,5.359375,4.09222,5749600
1995-02-28,5.359375,5.375,5.265625,5.375,4.104154,8917600
1995-03-01,5.40625,5.578125,5.40625,5.515625,4.211528,6400800
1995-03-02,5.5,5.53125,5.390625,5.390625,4.116082,7816800
1995-03-03,5.421875,5.453125,5.3125,5.375,4.104154,7571200
1995-03-06,5.34375,5.34375,5.265625,5.296875,4.044496,4715200
1995-03-07,5.28125,5.390625,5.21875,5.3125,4.056429,8988800
1995-03-08,5.4375,5.4375,5.265625,5.34375,4.080294,9488000
1995-03-09,5.3125,5.359375,5.265625,5.28125,4.032568,9748800
1995-03-10,5.28125,5.4375,5.234375,5.34375,4.080294,8998400
1995-03-13,5.359375,5.484375,5.359375,5.40625,4.128014,4505600
1995-03-14,5.453125,5.5,5.453125,5.453125,4.163805,5416000
1995-03-15,5.46875,5.578125,5.34375,5.5625,4.247321,8839200
1995-03-16,5.5625,5.9375,5.5625,5.859375,4.474001,16135200
1995-03-17,5.859375,5.859375,5.765625,5.828125,4.450141,9641600
1995-03-20,5.828125,5.84375,5.734375,5.78125,4.414351,2881600
1995-03-21,5.75,5.75,5.671875,5.703125,4.354697,7248800
1995-03-22,5.703125,5.734375,5.671875,5.71875,4.366628,5648800
1995-03-23,5.6875,5.703125,5.65625,5.703125,4.354697,6253600
1995-03-24,5.703125,5.84375,5.703125,5.796875,4.42628,7256800
1995-03-27,5.875,6.015625,5.875,5.984375,4.569448,5320800
1995-03-28,5.984375,6.140625,5.96875,6.078125,4.643944,8994400
1995-03-29,6.078125,6.25,5.984375,6.046875,4.620066,15598400
1995-03-30,6.078125,6.09375,5.90625,5.921875,4.524561,4005600
1995-03-31,5.890625,5.921875,5.796875,5.84375,4.464871,6808000
1995-04-03,5.828125,5.84375,5.734375,5.796875,4.429055,2620000
1995-04-04,5.8125,5.921875,5.6875,5.796875,4.429055,6729600
1995-04-05,5.75,5.75,5.640625,5.671875,4.333551,5285600
1995-04-06,5.640625,5.6875,5.53125,5.59375,4.273858,10004800
1995-04-07,5.578125,5.6875,5.578125,5.6875,4.345488,3857600
1995-04-10,5.65625,5.671875,5.578125,5.609375,4.285797,5574400
1995-04-11,5.609375,5.640625,5.578125,5.59375,4.273858,2949600
1995-04-12,5.5625,5.6875,5.5625,5.6875,4.345488,4062400
1995-04-13,5.703125,5.796875,5.703125,5.734375,4.381301,4421600
1995-04-17,5.71875,5.796875,5.59375,5.625,4.297735,5584000
1995-04-18,5.640625,5.65625,5.40625,5.453125,4.166416,15420000
1995-04-19,5.375,5.390625,4.71875,4.921875,3.760517,77760800
1995-04-20,4.78125,4.90625,4.59375,4.90625,3.74858,58239200
1995-04-21,4.953125,5.125,4.875,5.046875,3.856025,18575200
1995-04-24,5.03125,5.078125,4.75,4.828125,3.688891,17893600
1995-04-25,4.875,4.90625,4.59375,4.640625,3.545632,21304800
1995-04-26,4.578125,4.703125,4.5,4.53125,3.462065,25675200
1995-04-27,4.59375,4.6875,4.53125,4.671875,3.569508,19688000
1995-04-28,4.671875,4.671875,4.515625,4.546875,3.474002,16064800
1995-05-01,4.5,4.609375,4.46875,4.59375,3.509819,19492000
1995-05-02,4.65625,4.828125,4.5625,4.796875,3.665012,15804000
1995-05-03,4.84375,4.859375,4.703125,4.734375,3.617259,13880800
1995-05-04,4.5,4.5625,4.296875,4.328125,3.306867,44124000
1995-05-05,4.390625,4.453125,4.265625,4.4375,3.390435,34224800
1995-05-08,4.453125,4.546875,4.453125,4.5,3.438189,23605600
1995-05-09,4.5625,4.625,4.53125,4.578125,3.497879,14768800
1995-05-10,4.640625,4.875,4.625,4.84375,3.700829,20340000
1995-05-11,4.890625,4.890625,4.8125,4.875,3.724705,7718400
1995-05-12,4.859375,4.859375,4.71875,4.734375,3.617259,7256000
1995-05-15,4.75,4.8125,4.671875,4.796875,3.665012,7862400
1995-05-16,4.796875,4.84375,4.75,4.78125,3.653076,4984800
1995-05-17,4.78125,4.890625,4.78125,4.859375,3.712767,5903200
1995-05-18,4.921875,4.9375,4.796875,4.828125,3.688891,10303200
1995-05-19,4.765625,4.796875,4.703125,4.734375,3.617259,6233600
1995-05-22,4.59375,4.625,4.46875,4.5625,3.48594,20612800
1995-05-23,4.53125,4.59375,4.5,4.5,3.438189,19688000
1995-05-24,4.5625,4.65625,4.53125,4.5625,3.48594,27839200
1995-05-25,4.5625,4.609375,4.5,4.578125,3.497879,10592800
1995-05-26,4.59375,4.609375,4.484375,4.515625,3.450127,7868000
1995-05-30,4.578125,4.59375,4.53125,4.578125,3.497879,5754400
1995-05-31,4.578125,4.65625,4.546875,4.65625,3.55757,6893600
1995-06-01,4.6875,4.765625,4.671875,4.734375,3.617259,6764000
1995-06-02,4.765625,4.859375,4.6875,4.84375,3.700829,7256800
1995-06-05,4.875,5.015625,4.859375,4.953125,3.784394,9493600
1995-06-06,4.9375,4.96875,4.90625,4.921875,3.760517,7547200
1995-06-07,5.125,5.21875,5.078125,5.171875,3.951529,18305600
1995-06-08,5.1875,5.234375,5.171875,5.203125,3.975405,15116000
1995-06-09,5.203125,5.234375,5.140625,5.234375,3.999281,9519200
1995-06-12,5.21875,5.234375,5.125,5.1875,3.963468,7086400
1995-06-13,5.1875,5.3125,5.125,5.296875,4.047033,15579200
1995-06-14,5.0625,5.078125,4.953125,5,3.82021,25392800
1995-06-15,5.03125,5.09375,5,5.03125,3.844087,14764000
1995-06-16,5.046875,5.046875,4.984375,5,3.82021,8520000
1995-06-19,5,5.109375,4.96875,5.09375,3.89184,7788800
1995-06-20,5.078125,5.125,5.015625,5.015625,3.832149,4287200
1995-06-21,5.09375,5.28125,5.046875,5.265625,4.023155,17556800
1995-06-22,5.5,5.578125,5.4375,5.578125,4.261923,36239200
1995-06-23,5.546875,5.546875,5.3125,5.375,4.106726,13220000
1995-06-26,5.53125,5.609375,5.34375,5.375,4.106726,30400000
1995-06-27,5.34375,5.453125,5.109375,5.125,3.915716,35934400
1995-06-28,5,5.078125,4.9375,5.078125,3.879899,25974400
1995-06-29,5.046875,5.171875,5.03125,5.125,3.915716,12580000
1995-06-30,5.125,5.171875,5.046875,5.171875,3.951529,14227200
1995-07-03,5.171875,5.28125,5.15625,5.25,4.011221,5537600
1995-07-05,5.265625,5.328125,5.1875,5.203125,3.975405,9252800
1995-07-06,5.1875,5.234375,5,5.0625,3.867964,25851200
1995-07-07,5.03125,5.078125,5,5.046875,3.856025,22072800
1995-07-10,5.078125,5.109375,5,5.09375,3.89184,10256800
1995-07-11,5.109375,5.25,5.09375,5.203125,3.975405,9295200
1995-07-12,5.265625,5.359375,5.15625,5.34375,4.082851,11736000
1995-07-13,5.390625,5.609375,5.390625,5.546875,4.238047,18412000
1995-07-14,5.578125,5.578125,5.421875,5.5625,4.249983,11934400
1995-07-17,5.6875,5.8125,5.6875,5.75,4.393241,17460800
1995-07-18,5.71875,5.734375,5.609375,5.625,4.297735,10394400
1995-07-19,5.53125,5.578125,5.09375,5.40625,4.130602,17044800
1995-07-20,5.5,5.59375,5.4375,5.53125,4.226107,8828000
1995-07-21,5.5,5.515625,5.46875,5.46875,4.178355,6537600
1995-07-24,5.40625,5.578125,5.40625,5.578125,4.261923,8751200
1995-07-25,5.6875,5.78125,5.640625,5.71875,4.369366,8264800
1995-07-26,5.75,5.78125,5.640625,5.71875,4.369366,6201600
1995-07-27,5.75,5.78125,5.703125,5.71875,4.369366,10260800
1995-07-28,5.734375,5.765625,5.609375,5.625,4.297735,5317600
1995-07-31,5.75,5.75,5.625,5.625,4.297735,6979200
1995-08-01,5.625,5.703125,5.5625,5.65625,4.321613,5119200
1995-08-02,5.6875,5.75,5.5625,5.625,4.297735,5758400
1995-08-03,5.59375,5.59375,5.125,5.296875,4.047033,40277600
1995-08-04,5.265625,5.296875,5.125,5.125,3.915716,18620800
1995-08-07,5.125,5.21875,5.125,5.21875,3.987343,10954400
1995-08-08,5.21875,5.21875,5.140625,5.15625,3.939593,5018400
1995-08-09,5.1875,5.203125,5.140625,5.15625,3.939593,3325600
1995-08-10,5.140625,5.21875,5.140625,5.15625,3.939593,4196000
1995-08-11,5.171875,5.234375,5.15625,5.1875,3.963468,6788800
1995-08-14,5.1875,5.265625,5.140625,5.1875,3.963468,6425600
1995-08-15,5.1875,5.265625,5.1875,5.21875,3.987343,6223200
1995-08-16,5.1875,5.390625,5.1875,5.359375,4.094787,8216000
1995-08-17,5.390625,5.453125,5.28125,5.4375,4.154479,7424800
1995-08-18,5.5,5.578125,5.390625,5.484375,4.190292,8463200
1995-08-21,5.515625,5.546875,5.4375,5.453125,4.166416,6047200
1995-08-22,5.453125,5.46875,5.375,5.390625,4.118663,3301600
1995-08-23,5.390625,5.390625,5.265625,5.265625,4.023155,3148000
1995-08-24,5.296875,5.296875,5.1875,5.21875,3.987343,5063200
1995-08-25,5.234375,5.25,5.1875,5.234375,3.999281,3133600
1995-08-28,5.3125,5.3125,5.21875,5.25,4.011221,4864800
1995-08-29,5.25,5.28125,5.1875,5.28125,4.035097,2398400
1995-08-30,5.3125,5.359375,5.1875,5.296875,4.047033,6644800
1995-08-31,5.296875,5.328125,5.25,5.28125,4.035097,2963200
1995-09-01,5.3125,5.328125,5.21875,5.234375,3.999281,6571200
1995-09-05,5.234375,5.4375,5.234375,5.4375,4.154479,6999200
1995-09-06,5.46875,5.53125,5.453125,5.515625,4.214168,6676000
1995-09-07,5.5,5.53125,5.390625,5.5,4.20223,7068800
1995-09-08,5.5,5.78125,5.453125,5.75,4.393241,17129600
1995-09-11,5.8125,5.84375,5.640625,5.671875,4.333551,17967200
1995-09-12,5.71875,5.734375,5.640625,5.6875,4.345488,8372800
1995-09-13,5.703125,5.796875,5.6875,5.71875,4.369366,10701600
1995-09-14,5.765625,5.84375,5.640625,5.703125,4.357426,12752000
1995-09-15,5.78125,5.875,5.734375,5.78125,4.41712,20004000
1995-09-18,5.8125,5.90625,5.765625,5.84375,4.464871,14216000
1995-09-19,5.859375,5.921875,5.84375,5.921875,4.524561,8788000
1995-09-20,5.921875,6,5.90625,5.953125,4.548437,17740000
1995-09-21,5.9375,6.0625,5.921875,6.046875,4.620066,9044000
1995-09-22,5.96875,6.03125,5.9375,6,4.584251,8728000
1995-09-25,6,6.03125,5.90625,5.9375,4.536498,5924000
1995-09-26,5.9375,5.984375,5.9375,5.9375,4.536498,5415200
1995-09-27,5.9375,5.9375,5.75,5.875,4.488748,13947200
1995-09-28,5.84375,6.046875,5.8125,6.015625,4.596191,8872800
1995-09-29,6,6.15625,6,6.109375,4.667818,14333600
1995-10-02,6.046875,6.265625,6.046875,6.1875,4.72751,12754400
1995-10-03,6.15625,6.171875,6.109375,6.15625,4.703632,7386400
1995-10-04,6.125,6.125,6.046875,6.09375,4.655881,5639200
1995-10-05,6.109375,6.203125,6.09375,6.203125,4.739447,5588800
1995-10-06,6.15625,6.21875,6.109375,6.125,4.679758,4779200
1995-10-09,6.0625,6.1875,6,6.140625,4.691697,6049600
1995-10-10,6.0625,6.078125,5.953125,6.078125,4.643944,4986400
1995-10-11,6.078125,6.078125,5.953125,5.984375,4.572313,2798400
1995-10-12,5.984375,6.09375,5.921875,6.078125,4.643944,4332000
1995-10-13,6.109375,6.15625,6.078125,6.09375,4.655881,6705600
1995-10-16,6.09375,6.109375,6.046875,6.109375,4.667818,3413600
1995-10-17,6.15625,6.171875,6.125,6.171875,4.715573,5727200
1995-10-18,6.203125,6.296875,6.171875,6.28125,4.799138,9509600
1995-10-19,6.25,6.34375,6.203125,6.234375,4.763323,9998400
1995-10-20,6.234375,6.25,6.140625,6.203125,4.739447,3268800
1995-10-23,6.203125,6.359375,6.1875,6.359375,4.858829,10004800
1995-10-24,6.390625,6.8125,6.375,6.8125,5.205038,24648800
1995-10-25,6.765625,6.859375,6.703125,6.71875,5.133408,22716800
1995-10-26,6.78125,6.78125,6.515625,6.78125,5.181159,15798400
1995-10-27,6.609375,6.734375,6.5625,6.640625,5.073716,6506400
1995-10-30,6.71875,6.75,6.671875,6.734375,5.145344,3976800
1995-10-31,6.75,6.78125,6.640625,6.640625,5.073716,4691200
1995-11-01,6.640625,6.859375,6.640625,6.796875,5.193097,9884800
1995-11-02,6.8125,7.25,6.765625,7.1875,5.491552,19788000
1995-11-03,7.3125,7.3125,7.15625,7.28125,5.56318,12976000
1995-11-06,7.25,7.28125,7.1875,7.1875,5.491552,8893600
1995-11-07,7.1875,7.296875,7.140625,7.1875,5.491552,18787200
1995-11-08,7.140625,7.203125,7.046875,7.1875,5.491552,11869600
1995-11-09,7.25,7.25,7.140625,7.171875,5.479612,7004000
1995-11-10,7.171875,7.265625,7.09375,7.125,5.4438,4720800
1995-11-13,7.1875,7.28125,7.171875,7.28125,5.56318,4310400
1995-11-14,7.296875,7.328125,7.234375,7.265625,5.551241,6072800
1995-11-15,7.234375,7.25,7.125,7.203125,5.503489,3369600
1995-11-16,7.203125,7.21875,7.140625,7.203125,5.503489,4886400
1995-11-17,7.171875,7.375,7.140625,7.296875,5.575119,4759200
1995-11-20,7.25,7.28125,6.875,6.921875,5.288603,4812800
1995-11-21,6.890625,7.171875,6.890625,7.140625,5.455735,11211200
1995-11-22,7.171875,7.3125,7.15625,7.28125,5.56318,8829600
1995-11-24,7.265625,7.296875,7.234375,7.234375,5.527366,3357600
1995-11-27,7.25,7.34375,7.109375,7.3125,5.587056,5096000
1995-11-28,7.359375,7.53125,7.21875,7.53125,5.754191,12792000
1995-11-29,7.53125,7.53125,7.453125,7.484375,5.718375,6607200
1995-11-30,7.515625,7.859375,7.484375,7.859375,6.004892,10000800
1995-12-01,7.828125,7.828125,7.546875,7.65625,5.849697,12248800
1995-12-04,7.640625,7.640625,7.5,7.5625,5.778067,10139200
1995-12-05,7.53125,7.765625,7.53125,7.71875,5.897449,8262400
1995-12-06,7.6875,7.84375,7.6875,7.828125,5.981014,7656800
1995-12-07,7.8125,7.859375,7.71875,7.796875,5.957139,7412000
1995-12-08,7.765625,7.78125,7.640625,7.703125,5.88551,4216000
1995-12-11,7.8125,7.953125,7.765625,7.890625,6.028768,6585600
1995-12-12,7.859375,7.90625,7.796875,7.890625,6.028768,4578400
1995-12-13,7.890625,7.9375,7.8125,7.921875,6.052645,5318400
1995-12-14,7.9375,7.984375,7.84375,7.875,6.01683,6510400
1995-12-15,7.90625,8.125,7.875,8.125,6.207842,12188800
1995-12-18,8.0625,8.0625,7.6875,7.78125,5.945202,9050400
1995-12-19,7.703125,7.78125,7.484375,7.546875,5.766128,9767200
1995-12-20,7.46875,7.640625,7.328125,7.484375,5.718375,9749600
1995-12-21,7.484375,7.921875,7.46875,7.75,5.921323,12664000
1995-12-22,7.75,7.921875,7.75,7.859375,6.004892,6112000
1995-12-26,7.890625,7.921875,7.78125,7.84375,5.992954,1830400
1995-12-27,7.828125,8.109375,7.828125,8.078125,6.172025,3241600
1995-12-28,8.0625,8.203125,8.015625,8.171875,6.243652,3443200
1995-12-29,8.140625,8.1875,8.03125,8.171875,6.243652,3212800
1996-01-02,8.125,8.125,8,8.078125,6.172025,7608800
1996-01-03,8.09375,8.15625,7.984375,8.109375,6.195901,8917600
1996-01-04,8.125,8.1875,8.03125,8.1875,6.255595,6700800
1996-01-05,8.15625,8.15625,7.78125,7.859375,6.004892,9153600
1996-01-08,7.859375,7.859375,7.671875,7.703125,5.88551,1856800
1996-01-09,7.703125,7.703125,7.15625,7.265625,5.551241,10149600
1996-01-10,7.234375,7.5,7.1875,7.25,5.539304,13175200
1996-01-11,7.28125,7.34375,7.203125,7.265625,5.551241,8502400
1996-01-12,7.265625,7.28125,7.015625,7.09375,5.419922,10568000
1996-01-15,7.140625,7.359375,7.125,7.28125,5.56318,8028800
1996-01-16,7.359375,7.421875,7.265625,7.40625,5.658687,6560000
1996-01-17,7.375,7.484375,7.34375,7.453125,5.694499,5332800
1996-01-18,7.515625,7.6875,7.515625,7.578125,5.790004,6118400
1996-01-19,7.578125,7.625,7.34375,7.390625,5.646746,6225600
1996-01-22,7.359375,7.40625,7.25,7.25,5.539304,3340800
1996-01-23,7.28125,7.296875,7.109375,7.203125,5.503489,7772800
1996-01-24,7.203125,7.640625,7.203125,7.578125,5.790004,6166400
1996-01-25,7.5625,7.734375,7.546875,7.625,5.825819,6009600
1996-01-26,7.625,7.75,7.625,7.75,5.921323,3581600
1996-01-29,7.75,7.875,7.640625,7.734375,5.909385,6013600
1996-01-30,7.75,7.765625,7.625,7.734375,5.909385,5087200
1996-01-31,7.703125,7.984375,7.65625,7.84375,5.992954,7932800
1996-02-01,7.953125,7.984375,7.84375,7.890625,6.028768,6980800
1996-02-02,7.9375,7.953125,7.890625,7.9375,6.064585,4912000
1996-02-05,7.875,7.90625,7.546875,7.84375,5.992954,13734400
1996-02-06,7.84375,7.9375,7.765625,7.8125,5.969077,14009600
1996-02-07,7.859375,8,7.78125,7.828125,5.981014,6124800
1996-02-08,7.859375,8.125,7.859375,8.078125,6.172025,6500000
1996-02-09,8.0625,8.25,8.046875,8.0625,6.160089,8860800
1996-02-12,8.1875,8.46875,8.15625,8.390625,6.410791,7567200
1996-02-13,8.3125,8.53125,8.28125,8.421875,6.434666,6436000
1996-02-14,8.421875,8.53125,8.328125,8.375,6.39885,6348000
1996-02-15,8.34375,8.421875,8.296875,8.375,6.39885,7684000
1996-02-16,8.375,8.375,8.078125,8.125,6.207842,7568800
1996-02-20,8.09375,8.109375,7.9375,8.015625,6.124275,7227200
1996-02-21,7.96875,8.0625,7.953125,8.03125,6.136212,4661600
1996-02-22,8.03125,8.1875,8.03125,8.125,6.207842,5648000
1996-02-23,8.15625,8.15625,8.046875,8.140625,6.219779,2978400
1996-02-26,8.125,8.1875,8.015625,8.0625,6.160089,3413600
1996-02-27,8,8.109375,7.828125,8.109375,6.195901,3165600
1996-02-28,8.109375,8.15625,7.875,7.921875,6.052645,5583200
1996-02-29,7.875,8.1875,7.8125,8.140625,6.219779,10796800
1996-03-01,8.203125,8.625,8.171875,8.359375,6.386916,13879200
1996-03-04,8.359375,8.421875,8.25,8.296875,6.33916,4637600
1996-03-05,8.296875,8.359375,8.21875,8.234375,6.291408,4972000
1996-03-06,8.21875,8.25,8.046875,8.125,6.207842,7897600
1996-03-07,8.09375,8.15625,8.078125,8.15625,6.231717,5820000
1996-03-08,8.09375,8.09375,7.796875,7.8125,5.969077,7408800
1996-03-11,7.6875,7.984375,7.671875,7.9375,6.064585,8248000
1996-03-12,7.875,7.875,7.65625,7.859375,6.004892,6305600
1996-03-13,7.78125,8.015625,7.71875,7.833984,5.985492,8032800
1996-03-14,8,8.0625,7.828125,7.828125,5.981014,7608800
1996-03-15,7.875,7.875,7.703125,7.734375,5.909385,5534400
1996-03-18,7.765625,7.804688,7.75,7.765625,5.933262,3373600
1996-03-19,7.84375,7.921875,7.8125,7.859375,6.004892,4760800
1996-03-20,7.828125,7.828125,7.59375,7.734375,5.909385,7455200
1996-03-21,7.703125,7.875,7.6875,7.796875,5.957139,5338400
1996-03-22,7.859375,7.859375,7.703125,7.703125,5.88551,1927200
1996-03-25,7.84375,7.859375,7.65625,7.6875,5.873572,2296000
1996-03-26,7.640625,7.71875,7.53125,7.59375,5.801946,3448800
1996-03-27,7.578125,7.78125,7.5,7.703125,5.88551,4989600
1996-03-28,7.671875,7.6875,7.5,7.59375,5.801946,3789600
1996-03-29,7.671875,7.765625,7.59375,7.6875,5.873572,6361600
1996-04-01,7.90625,8.03125,7.796875,8.015625,6.125072,7657600
1996-04-02,8,8.015625,7.828125,7.984375,6.101191,6580000
1996-04-03,7.984375,7.984375,7.890625,7.9375,6.065373,6389600
1996-04-04,7.921875,7.953125,7.703125,7.8125,5.969853,5784800
1996-04-08,7.625,7.6875,7.484375,7.625,5.826576,7160000
1996-04-09,7.65625,7.75,7.53125,7.609375,5.814636,3832800
1996-04-10,7.59375,7.609375,7.1875,7.296875,5.575845,9472000
1996-04-11,7.359375,7.53125,7.1875,7.515625,5.742999,9473600
1996-04-12,7.515625,7.609375,7.4375,7.578125,5.790757,5787200
1996-04-15,7.640625,7.78125,7.59375,7.703125,5.886276,8429600
1996-04-16,7.703125,7.828125,7.65625,7.828125,5.981791,4548800
1996-04-17,7.75,7.765625,7.578125,7.609375,5.814636,4269600
1996-04-18,7.59375,7.59375,7.46875,7.5,5.73106,7500000
1996-04-19,7.25,7.515625,7.25,7.5,5.73106,14465600
1996-04-22,7.5,7.5,7.21875,7.234375,5.528086,14060800
1996-04-23,7.25,7.375,7.21875,7.328125,5.599722,10274400
1996-04-24,7.375,7.4375,7.28125,7.28125,5.563904,6092000
1996-04-25,7.28125,7.390625,7.234375,7.34375,5.611665,5677600
1996-04-26,7.3125,7.46875,7.25,7.296875,5.575845,4519200
1996-04-29,7.296875,7.34375,7.203125,7.265625,5.551963,3952000
1996-04-30,7.296875,7.390625,7.28125,7.3125,5.587783,4215200
1996-05-01,7.296875,7.3125,7.15625,7.203125,5.504205,8640000
1996-05-02,7.15625,7.171875,7.046875,7.109375,5.432568,12440800
1996-05-03,7.109375,7.25,7.078125,7.109375,5.432568,9364800
1996-05-06,7.140625,7.15625,6.890625,7.015625,5.360927,10036000
1996-05-07,6.75,6.953125,6.695313,6.796875,5.193772,28999200
1996-05-08,6.75,6.8125,6.6875,6.78125,5.181833,21213600
1996-05-09,6.828125,6.859375,6.65625,6.828125,5.217652,10404800
1996-05-10,6.859375,6.921875,6.65625,6.671875,5.098256,10878400
1996-05-13,6.71875,6.875,6.671875,6.78125,5.181833,12179200
1996-05-14,6.78125,6.78125,6.671875,6.75,5.157952,10517600
1996-05-15,6.75,6.96875,6.75,6.875,5.253471,8123200
1996-05-16,6.875,6.953125,6.875,6.90625,5.277351,5584800
1996-05-17,7.03125,7.03125,6.890625,6.90625,5.277351,7096800
1996-05-20,6.921875,6.953125,6.796875,6.828125,5.217652,6544000
1996-05-21,6.828125,6.84375,6.59375,6.65625,5.086317,11654400
1996-05-22,6.65625,6.8125,6.640625,6.71875,5.134075,7700800
1996-05-23,6.6875,6.734375,6.609375,6.609375,5.050497,5720000
1996-05-24,6.625,6.71875,6.609375,6.640625,5.074375,9333600
1996-05-28,6.65625,6.65625,6.484375,6.5625,5.014678,9030400
1996-05-29,6.59375,6.59375,6.421875,6.484375,4.954978,10906400
1996-05-30,6.59375,6.796875,6.5,6.703125,5.122134,9296000
1996-05-31,6.875,6.875,6.734375,6.859375,5.241533,6528800
1996-06-03,6.84375,6.953125,6.796875,6.953125,5.31317,4240800
1996-06-04,6.9375,6.953125,6.5625,6.640625,5.074375,19317600
1996-06-05,6.6875,6.90625,6.6875,6.84375,5.229593,10052000
1996-06-06,6.890625,6.921875,6.828125,6.875,5.253471,6555200
1996-06-07,6.53125,6.6875,6.53125,6.59375,5.038557,13099200
1996-06-10,6.5625,6.5625,6.34375,6.359375,4.859461,13524000
1996-06-11,6.40625,6.4375,6.28125,6.3125,4.823643,15109600
1996-06-12,6.34375,6.625,6.34375,6.578125,5.026618,16433600
1996-06-13,6.5625,6.640625,6.46875,6.5625,5.014678,6343200
1996-06-14,6.6875,6.734375,6.53125,6.53125,4.990797,13653600
1996-06-17,6.5625,6.5625,6.453125,6.53125,4.990797,7053600
1996-06-18,6.625,6.625,6.53125,6.5625,5.014678,4726400
1996-06-19,6.625,6.625,6.25,6.359375,4.859461,13540800
1996-06-20,6.125,6.15625,6,6.03125,4.608727,23217600
1996-06-21,6.0625,6.125,6.015625,6.09375,4.656487,22692000
1996-06-24,6.09375,6.09375,6,6.03125,4.608727,12801600
1996-06-25,6,6.09375,5.984375,6.09375,4.656487,5799200
1996-06-26,6.09375,6.21875,6.015625,6.1875,4.728125,7352800
1996-06-27,6.203125,6.375,6.203125,6.296875,4.811703,7802400
1996-06-28,6.375,6.390625,6.28125,6.3125,4.823643,8937600
1996-07-01,6.3125,6.390625,6.28125,6.375,4.871401,4297600
1996-07-02,6.359375,6.359375,6.21875,6.234375,4.763943,9641600
1996-07-03,6.234375,6.234375,6.078125,6.1875,4.728125,12380800
1996-07-05,6.046875,6.078125,6,6.0625,4.632606,6032800
1996-07-08,6.03125,6.09375,5.953125,6.015625,4.59679,8626400
1996-07-09,6,6,5.6875,5.703125,4.357992,25338400
1996-07-10,5.734375,5.734375,5.4375,5.53125,4.226657,36861600
1996-07-11,4.46875,4.5625,3.75,3.875,2.961046,116028800
1996-07-12,4,4.1875,4,4.140625,3.164022,64288800
1996-07-15,4.1875,4.1875,4.03125,4.078125,3.116264,27572800
1996-07-16,4.078125,4.140625,3.96875,4.015625,3.068505,24789600
1996-07-17,4.1875,4.203125,4.09375,4.15625,3.175962,14917600
1996-07-18,4.21875,4.375,4.171875,4.28125,3.27148,10948800
1996-07-19,4.34375,4.375,4.21875,4.265625,3.259541,13724800
1996-07-22,4.265625,4.359375,4.15625,4.328125,3.307297,6880000
1996-07-23,4.34375,4.34375,4.125,4.1875,3.199841,8064800
1996-07-24,4,4.109375,4,4.046875,3.092385,10048800
1996-07-25,4.078125,4.125,4.046875,4.0625,3.104324,10350400
1996-07-26,4.09375,4.25,4.0625,4.1875,3.199841,11048800
1996-07-29,4.1875,4.21875,4.125,4.1875,3.199841,3820800
1996-07-30,4.21875,4.25,4.140625,4.21875,3.223722,19508000
1996-07-31,4.25,4.296875,4.15625,4.21875,3.223722,8912800
1996-08-01,4.21875,4.390625,4.21875,4.3125,3.295359,16432800
1996-08-02,4.3125,4.40625,4.3125,4.390625,3.355058,11880000
1996-08-05,4.40625,4.5625,4.390625,4.546875,3.474454,23803200
1996-08-06,4.6875,4.734375,4.65625,4.703125,3.593852,27286400
1996-08-07,4.71875,4.78125,4.71875,4.78125,3.653551,11690400
1996-08-08,4.90625,4.96875,4.875,4.90625,3.749068,18700000
1996-08-09,4.9375,5.03125,4.859375,4.953125,3.784886,10524800
1996-08-12,4.96875,4.984375,4.78125,4.828125,3.689371,5596000
1996-08-13,4.75,4.8125,4.625,4.671875,3.569972,7092000
1996-08-14,4.75,4.859375,4.71875,4.71875,3.605792,9372000
1996-08-15,4.734375,4.828125,4.734375,4.78125,3.653551,7120800
1996-08-16,4.78125,4.859375,4.75,4.859375,3.713249,7407200
1996-08-19,4.890625,4.921875,4.859375,4.90625,3.749068,4779200
1996-08-20,4.84375,4.890625,4.765625,4.828125,3.689371,5800000
1996-08-21,4.84375,4.984375,4.8125,4.875,3.725189,6341600
1996-08-22,4.921875,5.0625,4.921875,5.03125,3.844587,6286400
1996-08-23,5,5.03125,4.921875,4.984375,3.808766,6284000
1996-08-26,4.953125,4.984375,4.859375,4.90625,3.749068,3828800
1996-08-27,4.90625,5.03125,4.90625,4.984375,3.808766,7619200
1996-08-28,4.96875,5.03125,4.9375,4.96875,3.796827,5947200
1996-08-29,4.9375,4.9375,4.859375,4.859375,3.713249,5450400
1996-08-30,4.84375,4.875,4.765625,4.828125,3.689371,8835200
1996-09-03,4.78125,4.90625,4.75,4.828125,3.689371,6464000
1996-09-04,4.8125,5.078125,4.796875,5.0625,3.868467,13727200
1996-09-05,5,5.0625,4.90625,4.953125,3.784886,13128000
1996-09-06,4.953125,4.953125,4.765625,4.84375,3.70131,17397600
1996-09-09,4.84375,4.90625,4.8125,4.875,3.725189,5265600
1996-09-10,4.890625,4.890625,4.78125,4.828125,3.689371,4294400
1996-09-11,5.03125,5.109375,5,5.015625,3.832647,13612000
1996-09-12,5.046875,5.203125,5.03125,5.15625,3.940106,14734400
1996-09-13,5.375,5.375,5.265625,5.296875,4.04756,16033600
1996-09-16,5.359375,5.578125,5.359375,5.375,4.107259,16129600
1996-09-17,5.25,5.40625,5.25,5.34375,4.083383,8038400
1996-09-18,5.359375,5.390625,5.3125,5.359375,4.095321,5683200
1996-09-19,5.359375,5.359375,5.21875,5.296875,4.04756,6699200
1996-09-20,5.34375,5.34375,5.234375,5.3125,4.059499,6060800
1996-09-23,5.28125,5.359375,5.21875,5.28125,4.035622,4624000
1996-09-24,5.25,5.265625,5.1875,5.203125,3.975922,5946400
1996-09-25,5.1875,5.234375,5.125,5.15625,3.940106,6052800
1996-09-26,5.15625,5.25,5.140625,5.171875,3.952043,7343200
1996-09-27,5.140625,5.21875,5.109375,5.125,3.916225,6489600
1996-09-30,5.125,5.203125,5.109375,5.203125,3.975922,5727200
1996-10-01,5.21875,5.234375,4.953125,5.09375,3.892347,8313600
1996-10-02,5.125,5.25,5.078125,5.125,3.916225,6798400
1996-10-03,5.125,5.203125,5.109375,5.171875,3.952043,6030400
1996-10-04,5.3125,5.3125,5.109375,5.109375,3.904284,8212800
1996-10-07,5.09375,5.109375,5,5.046875,3.856527,7222400
1996-10-08,5.03125,5.078125,4.9375,4.953125,3.784886,7460800
1996-10-09,4.984375,5,4.890625,4.921875,3.761006,7480800
1996-10-10,4.890625,4.9375,4.8125,4.875,3.725189,7228000
1996-10-11,4.875,4.875,4.78125,4.84375,3.70131,9282400
1996-10-14,4.859375,4.921875,4.8125,4.890625,3.737129,8822400
1996-10-15,4.890625,4.953125,4.875,4.90625,3.749068,10139200
1996-10-16,4.9375,4.953125,4.859375,4.890625,3.737129,6465600
1996-10-17,4.90625,4.96875,4.8125,4.9375,3.772949,5308000
1996-10-18,4.9375,5.046875,4.890625,4.984375,3.808766,10699200
1996-10-21,4.953125,5,4.8125,4.8125,3.677431,5972000
1996-10-22,4.828125,4.84375,4.578125,4.578125,3.498334,14061600
1996-10-23,4.609375,4.640625,4.53125,4.53125,3.462515,13692000
1996-10-24,4.5625,4.578125,4.390625,4.4375,3.390876,13435200
1996-10-25,4.5,4.5625,4.4375,4.5,3.438636,10496000
1996-10-28,4.53125,4.578125,4.5,4.53125,3.462515,14592000
1996-10-29,4.5625,4.671875,4.5,4.671875,3.569972,12766400
1996-10-30,4.6875,4.796875,4.53125,4.6875,3.581913,8773600
1996-10-31,4.71875,4.765625,4.640625,4.71875,3.605792,4444800
1996-11-01,4.734375,4.796875,4.703125,4.75,3.629672,5345600
1996-11-04,4.765625,4.796875,4.640625,4.65625,3.558033,4344800
1996-11-05,4.65625,4.6875,4.59375,4.640625,3.546093,9633600
1996-11-06,4.6875,5.09375,4.6875,5.015625,3.832647,16116000
1996-11-07,5.34375,5.625,5.328125,5.546875,4.238598,26131200
1996-11-08,5.46875,5.484375,5.375,5.4375,4.155019,15860000
1996-11-11,5.453125,5.59375,5.453125,5.5,4.202776,9042400
1996-11-12,5.484375,5.53125,5.390625,5.46875,4.178899,9847200
1996-11-13,5.515625,5.609375,5.484375,5.546875,4.238598,4984000
1996-11-14,5.5625,5.578125,5.375,5.421875,4.143078,5008000
1996-11-15,5.484375,5.484375,5.375,5.4375,4.155019,3370400
1996-11-18,5.453125,5.5,5.4375,5.484375,4.190837,2111200
1996-11-19,5.1875,5.375,5.1875,5.3125,4.059499,15438400
1996-11-20,5.328125,5.40625,5.3125,5.3125,4.059499,5372800
1996-11-21,5.3125,5.3125,5.234375,5.265625,4.023679,6060800
1996-11-22,5.375,5.5625,5.3125,5.5,4.202776,5603200
1996-11-25,5.484375,5.703125,5.46875,5.640625,4.310236,5976000
1996-11-26,5.65625,5.671875,5.421875,5.484375,4.190837,5679200
1996-11-27,5.484375,5.484375,5.359375,5.375,4.107259,5535200
1996-11-29,5.34375,5.40625,5.328125,5.390625,4.119199,1600000
1996-12-02,5.390625,5.390625,5.296875,5.390625,4.119199,5141600
1996-12-03,5.5,5.578125,5.453125,5.453125,4.166957,8294400
1996-12-04,5.40625,5.671875,5.390625,5.59375,4.274414,7412000
1996-12-05,5.65625,5.9375,5.640625,5.84375,4.465453,18176000
1996-12-06,5.75,6.125,5.703125,5.921875,4.525149,23295200
1996-12-09,5.890625,5.96875,5.84375,5.9375,4.537088,10473600
1996-12-10,5.90625,5.984375,5.90625,5.953125,4.549029,6404000
1996-12-11,5.765625,5.921875,5.765625,5.875,4.489331,7061600
1996-12-12,5.875,5.90625,5.78125,5.796875,4.429631,7402400
1996-12-13,5.71875,5.75,5.5625,5.59375,4.274414,5629600
1996-12-16,5.71875,5.9375,5.6875,5.875,4.489331,12995200
1996-12-17,5.8125,5.84375,5.6875,5.78125,4.417695,8157600
1996-12-18,5.796875,5.890625,5.71875,5.875,4.489331,7356000
1996-12-19,5.96875,5.96875,5.796875,5.875,4.489331,7063200
1996-12-20,5.96875,5.96875,5.84375,5.859375,4.477388,7547200
1996-12-23,5.78125,5.875,5.734375,5.796875,4.429631,3918400
1996-12-24,5.78125,5.9375,5.765625,5.828125,4.45351,1974400
1996-12-26,5.828125,5.84375,5.75,5.8125,4.441572,2872800
1996-12-27,5.796875,5.796875,5.71875,5.734375,4.381871,2444800
1996-12-30,5.734375,5.734375,5.625,5.640625,4.310236,5760000
1996-12-31,5.640625,5.671875,5.609375,5.625,4.298295,4947200
1997-01-02,5.625,5.6875,5.5,5.65625,4.322175,4596000
1997-01-03,5.71875,5.84375,5.6875,5.8125,4.441572,6853600
1997-01-06,5.8125,5.890625,5.734375,5.828125,4.45351,7845600
1997-01-07,5.828125,5.84375,5.8125,5.84375,4.465453,4583200
1997-01-08,5.8125,5.875,5.703125,5.71875,4.369935,17476000
1997-01-09,5.75,5.78125,5.6875,5.6875,4.346054,13426400
1997-01-10,5.703125,5.765625,5.625,5.75,4.393813,9239200
1997-01-13,5.71875,5.765625,5.515625,5.546875,4.238598,11206400
1997-01-14,5.5,5.515625,5.328125,5.453125,4.166957,21769600
1997-01-15,5.421875,5.5625,5.375,5.53125,4.226657,11301600
1997-01-16,5.546875,5.59375,5.484375,5.5625,4.250536,5828800
1997-01-17,5.578125,5.609375,5.375,5.40625,4.131139,6850400
1997-01-20,5.421875,5.484375,5.390625,5.4375,4.155019,4791200
1997-01-21,5.46875,5.71875,5.46875,5.65625,4.322175,8323200
1997-01-22,5.65625,5.65625,5.53125,5.53125,4.226657,10483200
1997-01-23,5.546875,5.9375,5.546875,5.703125,4.357992,13241600
1997-01-24,5.78125,5.9375,5.78125,5.921875,4.525149,16844800
1997-01-27,5.921875,5.984375,5.75,5.765625,4.405749,10623200
1997-01-28,5.796875,5.90625,5.671875,5.796875,4.429631,9632000
1997-01-29,5.796875,5.875,5.765625,5.8125,4.441572,3542400
1997-01-30,5.8125,5.828125,5.703125,5.828125,4.45351,4828800
1997-01-31,5.90625,6.140625,5.875,6.09375,4.656487,16624800
1997-02-03,6.078125,6.109375,5.875,6.109375,4.668425,10099200
1997-02-04,6.109375,6.109375,5.890625,5.921875,4.525149,7872800
1997-02-05,5.8125,5.890625,5.71875,5.734375,4.381871,11530400
1997-02-06,5.734375,5.796875,5.65625,5.703125,4.357992,8237600
1997-02-07,5.734375,5.921875,5.703125,5.84375,4.465453,7291200
1997-02-10,5.90625,6.078125,5.890625,5.984375,4.572908,6757600
1997-02-11,5.984375,6.015625,5.78125,5.859375,4.477388,8614400
1997-02-12,5.875,6.078125,5.828125,6.078125,4.644548,9929600
1997-02-13,6.125,6.4375,6.015625,6.328125,4.835582,49536000
1997-02-14,6.53125,6.8125,6.46875,6.796875,5.193772,31451200
1997-02-18,6.6875,6.734375,6.5,6.640625,5.074375,15523200
1997-02-19,6.609375,6.609375,6.375,6.421875,4.907219,10573600
1997-02-20,6.34375,6.515625,6.34375,6.46875,4.943039,9592000
1997-02-21,6.5,6.53125,6.375,6.40625,4.895279,8929600
1997-02-24,6.375,6.40625,6.328125,6.375,4.871401,5529600
1997-02-25,6.375,6.453125,6.359375,6.421875,4.907219,9164000
1997-02-26,6.421875,6.453125,6.234375,6.359375,4.859461,8917600
1997-02-27,6.359375,6.421875,6.265625,6.28125,4.799762,5381600
1997-02-28,6.34375,6.390625,6.234375,6.25,4.775884,7132000
1997-03-03,6.25,6.4375,6.203125,6.421875,4.907219,9028000
1997-03-04,6.484375,6.578125,6.40625,6.4375,4.919159,9632000
1997-03-05,6.453125,6.609375,6.390625,6.578125,5.026618,8964800
1997-03-06,6.546875,6.5625,6.4375,6.46875,4.943039,5142400
1997-03-07,6.5,6.734375,6.46875,6.71875,5.134075,14405600
1997-03-10,6.65625,6.796875,6.640625,6.734375,5.146014,10290400
1997-03-11,6.75,6.890625,6.71875,6.890625,5.265411,14897600
1997-03-12,6.859375,6.90625,6.828125,6.859375,5.241533,10818400
1997-03-13,6.828125,6.859375,6.734375,6.75,5.157952,6525600
1997-03-14,6.75,6.828125,6.75,6.75,5.157952,8012000
1997-03-17,6.75,6.796875,6.671875,6.75,5.157952,11073600
1997-03-18,6.734375,6.765625,6.5625,6.578125,5.026618,3904800
1997-03-19,6.578125,6.6875,6.3125,6.390625,4.883338,6470400
1997-03-20,6.453125,6.53125,6.34375,6.484375,4.954978,4644800
1997-03-21,6.484375,6.515625,6.34375,6.390625,4.883338,5039200
1997-03-24,6.3125,6.828125,6.296875,6.734375,5.146014,10845600
1997-03-25,6.765625,6.765625,6.421875,6.5,4.966918,7986400
1997-03-26,6.5,6.5625,6.40625,6.515625,4.97886,7346400
1997-03-27,6.453125,6.5,6.28125,6.3125,4.823643,4262400
1997-03-31,6.28125,6.28125,5.953125,5.953125,4.549029,9748000
1997-04-01,5.96875,6.109375,5.96875,6.09375,4.659419,5733600
1997-04-02,6.078125,6.234375,6.015625,6.234375,4.766945,8931200
1997-04-03,6.203125,6.21875,6.0625,6.0625,4.635527,5724800
1997-04-04,6.0625,6.359375,6.03125,6.265625,4.790841,9079200
1997-04-07,6.265625,6.328125,6.25,6.3125,4.826682,8301600
1997-04-08,6.28125,6.296875,6.171875,6.28125,4.802788,4453600
1997-04-09,6.375,6.453125,6.328125,6.390625,4.886418,9433600
1997-04-10,6.375,6.640625,6.375,6.5625,5.017837,10495200
1997-04-11,6.40625,6.625,6.3125,6.3125,4.826682,10371200
1997-04-14,6.3125,6.359375,6.21875,6.25,4.778894,10300000
1997-04-15,6.375,6.375,6.1875,6.210938,4.749025,7082400
1997-04-16,6.234375,6.3125,6.03125,6.1875,4.731105,10671200
1997-04-17,6.203125,6.453125,6.203125,6.296875,4.814735,7405600
1997-04-18,6.3125,6.328125,5.8125,5.890625,4.504107,17688000
1997-04-21,5.8125,5.90625,5.71875,5.78125,4.420475,13170400
1997-04-22,5.765625,5.8125,5.609375,5.625,4.301003,10203200
1997-04-23,5.6875,5.734375,5.5625,5.578125,4.265163,13578400
1997-04-24,5.65625,5.671875,5.484375,5.5,4.205427,12798400
1997-04-25,5.515625,5.609375,5.46875,5.5625,4.253212,7935200
1997-04-28,5.59375,5.703125,5.546875,5.59375,4.27711,6157600
1997-04-29,5.8125,5.875,5.71875,5.875,4.492162,12642400
1997-04-30,6,6.1875,5.9375,6.078125,4.647475,8033600
1997-05-01,6.046875,6.078125,5.828125,5.953125,4.551894,9667200
1997-05-02,6.015625,6.15625,5.96875,6.109375,4.671368,8224800
1997-05-05,6.078125,6.140625,6.046875,6.125,4.683316,6556000
1997-05-06,6.15625,6.28125,6.09375,6.125,4.683316,16259200
1997-05-07,6.21875,6.5,6.21875,6.3125,4.826682,9696000
1997-05-08,6.625,6.6875,6.390625,6.390625,4.886418,29262400
1997-05-09,6.453125,6.5625,6.1875,6.328125,4.838628,15984800
1997-05-12,6.40625,6.5,6.320313,6.484375,4.958104,6660000
1997-05-13,6.546875,6.609375,6.46875,6.5,4.970048,7500000
1997-05-14,6.515625,6.53125,6.40625,6.453125,4.934208,10212800
1997-05-15,6.421875,6.453125,6.328125,6.34375,4.850578,3235200
1997-05-16,6.359375,6.453125,6.28125,6.359375,4.862524,5787200
1997-05-19,6.375,6.421875,6.359375,6.421875,4.910312,2615200
1997-05-20,6.390625,6.5,6.328125,6.5,4.970048,4697600
1997-05-21,6.5,6.53125,6.40625,6.46875,4.946154,5087200
1997-05-22,6.46875,6.484375,6.34375,6.40625,4.898366,4205600
1997-05-23,6.375,6.484375,6.34375,6.46875,4.946154,6094400
1997-05-27,6.453125,6.6875,6.4375,6.609375,5.053679,6719200
1997-05-28,6.640625,6.640625,6.546875,6.625,5.06563,4521600
1997-05-29,6.59375,6.734375,6.59375,6.65625,5.089524,5432800
1997-05-30,6.625,7.0625,6.578125,7.0625,5.400151,13831200
1997-06-02,7.03125,7.09375,6.78125,6.890625,5.268731,18281600
1997-06-03,6.859375,6.890625,6.703125,6.78125,5.185099,9929600
1997-06-04,6.78125,6.84375,6.765625,6.796875,5.197047,10642400
1997-06-05,6.796875,6.796875,6.71875,6.75,5.161204,7160000
1997-06-06,6.75,6.828125,6.71875,6.828125,5.220941,5022400
1997-06-09,6.828125,6.96875,6.8125,6.96875,5.328468,12612800
1997-06-10,6.96875,7.03125,6.921875,7,5.352362,9052000
1997-06-11,7.015625,7.0625,6.921875,6.96875,5.328468,6596800
1997-06-12,6.984375,7.078125,6.890625,7.015625,5.364307,6289600
1997-06-13,7.015625,7.078125,7,7.046875,5.388203,4525600
1997-06-16,6.71875,6.828125,6.71875,6.765625,5.173153,12474400
1997-06-17,6.71875,6.8125,6.625,6.6875,5.113415,9574400
1997-06-18,6.625,6.671875,6.484375,6.515625,4.981996,5741600
1997-06-19,6.578125,6.75,6.546875,6.71875,5.137311,18542400
1997-06-20,6.71875,6.859375,6.703125,6.859375,5.244835,9694400
1997-06-23,6.78125,6.875,6.734375,6.78125,5.185099,12539200
1997-06-24,6.609375,6.796875,6.546875,6.765625,5.173153,15393600
1997-06-25,6.796875,6.867188,6.78125,6.828125,5.220941,13679200
1997-06-26,6.84375,6.921875,6.640625,6.765625,5.173153,6684800
1997-06-27,6.875,6.890625,6.53125,6.5625,5.017837,16827200
1997-06-30,6.5625,6.585938,6.4375,6.5,4.970048,13314400
1997-07-01,6.484375,6.617188,6.476563,6.53125,4.993943,10948800
1997-07-02,6.5,6.5625,6.46875,6.5625,5.017837,7920800
1997-07-03,6.53125,6.679688,6.53125,6.625,5.06563,6220800
1997-07-07,6.65625,6.78125,6.625,6.640625,5.077573,5409600
1997-07-08,6.578125,6.617188,6.46875,6.5625,5.017837,10404800
1997-07-09,6.53125,6.539063,6.25,6.351563,4.856551,19432000
1997-07-10,6.34375,6.421875,6.335938,6.382813,4.880445,10655200
1997-07-11,6.40625,6.492188,6.382813,6.46875,4.946154,9782400
1997-07-14,6.4375,6.453125,6.34375,6.351563,4.856551,8908000
1997-07-15,6.359375,6.617188,6.359375,6.5625,5.017837,10621600
1997-07-16,6.570313,6.78125,6.570313,6.742188,5.155232,13470400
1997-07-17,6.75,6.757813,6.6875,6.71875,5.137311,8041600
1997-07-18,6.726563,6.734375,6.53125,6.625,5.06563,5150400
1997-07-21,6.59375,6.726563,6.585938,6.671875,5.101468,3180800
1997-07-22,6.671875,6.679688,6.609375,6.625,5.06563,6504800
1997-07-23,6.8125,6.851563,6.679688,6.851563,5.238864,11041600
1997-07-24,6.867188,7.148438,6.585938,7.078125,5.412095,15752000
1997-07-25,7.0625,7.0625,6.921875,6.953125,5.316521,10497600
1997-07-28,6.921875,6.945313,6.820313,6.859375,5.244835,4684000
1997-07-29,6.859375,7.015625,6.835938,6.953125,5.316521,5568800
1997-07-30,7,7.125,6.976563,7.085938,5.418069,11187200
1997-07-31,7.09375,7.140625,6.96875,7.125,5.447938,5134400
1997-08-01,7.101563,7.125,6.9375,7.0625,5.400151,3999200
1997-08-04,7.15625,7.515625,7.15625,7.5,5.734671,19035200
1997-08-05,7.359375,7.359375,7.09375,7.164063,5.477808,18918400
1997-08-06,7.195313,7.359375,7.132813,7.257813,5.549491,17226400
1997-08-07,6.9375,6.976563,6.3125,6.34375,4.850578,65564800
1997-08-08,6.335938,6.484375,6.132813,6.46875,4.946154,34592000
1997-08-11,6.5,6.5,6.109375,6.21875,4.754998,21329600
1997-08-12,6.265625,6.3125,6.101563,6.125,4.683316,13834400
1997-08-13,6.195313,6.195313,6.015625,6.03125,4.611631,11359200
1997-08-14,6.125,6.203125,6.070313,6.179688,4.725129,13120800
1997-08-15,6.179688,6.351563,6.132813,6.242188,4.77292,13083200
1997-08-18,6.242188,6.367188,6.21875,6.234375,4.766945,10767200
1997-08-19,6.242188,6.359375,6.226563,6.335938,4.844604,6690400
1997-08-20,6.335938,6.335938,6.171875,6.273438,4.796815,7590400
1997-08-21,6.28125,6.28125,6.09375,6.179688,4.725129,8521600
1997-08-22,6.125,6.21875,6.078125,6.210938,4.749025,5291200
1997-08-25,6.242188,6.25,6.09375,6.125,4.683316,6372000
1997-08-26,6.109375,6.1875,6.101563,6.140625,4.695264,8022400
1997-08-27,6.132813,6.15625,6,6.09375,4.659419,5757600
1997-08-28,6.078125,6.085938,5.984375,6.0625,4.635527,5492800
1997-08-29,6.078125,6.140625,6.054688,6.078125,4.647475,2835200
1997-09-02,6.125,6.289063,6.125,6.257813,4.784868,7988800
1997-09-03,6.375,6.46875,6.34375,6.34375,4.850578,11913600
1997-09-04,6.335938,6.46875,6.289063,6.40625,4.898366,8820000
1997-09-05,6.6875,6.6875,6.5625,6.625,5.06563,14274400
1997-09-08,6.664063,6.703125,6.492188,6.523438,4.987969,5004000
1997-09-09,6.46875,6.734375,6.46875,6.617188,5.059653,6907200
1997-09-10,6.617188,6.671875,6.570313,6.601563,5.047706,6588800
1997-09-11,6.609375,6.757813,6.515625,6.5625,5.017837,12861600
1997-09-12,6.6875,6.773438,6.625,6.703125,5.125362,11602400
1997-09-15,6.75,6.765625,6.648438,6.679688,5.107443,6440000
1997-09-16,6.679688,6.78125,6.664063,6.710938,5.131336,4095200
1997-09-17,6.726563,6.75,6.664063,6.703125,5.125362,5121600
1997-09-18,6.695313,6.84375,6.695313,6.757813,5.167178,6204800
1997-09-19,6.84375,6.84375,6.734375,6.742188,5.155232,4483200
1997-09-22,6.742188,6.789063,6.664063,6.757813,5.167178,4034400
1997-09-23,6.765625,6.78125,6.398438,6.5625,5.017837,13591200
1997-09-24,6.546875,6.640625,6.398438,6.421875,4.910312,9615200
1997-09-25,6.40625,6.40625,6.15625,6.328125,4.838628,12204000
1997-09-26,6.328125,6.328125,6.226563,6.242188,4.77292,4899200
1997-09-29,6.164063,6.164063,6,6.117188,4.677342,17307200
1997-09-30,6.171875,6.273438,6.15625,6.25,4.778894,9961600
1997-10-01,6.265625,6.453125,6.257813,6.390625,4.886418,17733600
1997-10-02,6.296875,6.296875,6.070313,6.09375,4.659419,16336000
1997-10-03,6.179688,6.257813,6,6.0625,4.635527,11002400
1997-10-06,6.109375,6.132813,5.9375,6.023438,4.605657,7817600
1997-10-07,6.007813,6.375,5.859375,6.273438,4.796815,9396000
1997-10-08,6.5625,6.71875,6.476563,6.671875,5.101468,37399200
1997-10-09,6.578125,6.679688,6.515625,6.570313,5.023811,9049600
1997-10-10,6.515625,6.570313,6.453125,6.476563,4.952129,4500000
1997-10-13,6.476563,6.601563,6.46875,6.515625,4.981996,2460800
1997-10-14,6.53125,6.546875,6.414063,6.492188,4.964077,4455200
1997-10-15,6.4375,6.492188,6.40625,6.414063,4.904338,6392000
1997-10-16,6.46875,6.554688,6.421875,6.460938,4.940182,6676000
1997-10-17,6.34375,6.492188,6.328125,6.484375,4.958104,5032000
1997-10-20,6.625,6.6875,6.5625,6.59375,5.041734,6096000
1997-10-21,6.617188,6.625,6.570313,6.601563,5.047706,3932000
1997-10-22,6.6875,6.703125,6.5625,6.671875,5.101468,6187200
1997-10-23,6.625,6.625,6.445313,6.523438,4.987969,5952800
1997-10-24,6.609375,6.609375,6.453125,6.453125,4.934208,3743200
1997-10-27,5.75,5.984375,5.375,5.382813,4.115822,29982400
1997-10-28,5.3125,6.0625,5.304688,5.9375,4.539949,28332800
1997-10-29,5.90625,6.046875,5.898438,5.945313,4.545923,11971200
1997-10-30,5.875,5.96875,5.796875,5.859375,4.480211,8492800
1997-10-31,5.875,5.921875,5.6875,5.789063,4.42645,14307200
1997-11-03,5.898438,5.953125,5.84375,5.867188,4.486188,7462400
1997-11-04,5.875,6.140625,5.875,6.070313,4.6415,7123200
1997-11-05,6.101563,6.320313,6.054688,6.273438,4.796815,9143200
1997-11-06,6.6875,6.75,6.625,6.671875,5.101468,26991200
1997-11-07,6.578125,6.632813,6.5,6.625,5.06563,9038400
1997-11-10,6.6875,6.703125,6.546875,6.59375,5.041734,4887200
1997-11-11,6.625,6.640625,6.53125,6.578125,5.029787,3240800
1997-11-12,6.53125,6.59375,6.429688,6.515625,4.981996,5165600
1997-11-13,6.5,6.625,6.445313,6.601563,5.047706,2860800
1997-11-14,6.632813,6.703125,6.5,6.65625,5.089524,3684800
1997-11-17,6.703125,6.773438,6.695313,6.726563,5.143284,4682400
1997-11-18,6.695313,6.71875,6.5625,6.570313,5.023811,2507200
1997-11-19,6.539063,6.65625,6.515625,6.640625,5.077573,4279200
1997-11-20,6.84375,6.84375,6.6875,6.726563,5.143284,6169600
1997-11-21,6.71875,6.71875,6.578125,6.648438,5.083548,4635200
1997-11-24,6.625,6.625,6.5,6.5625,5.017837,9050400
1997-11-25,6.53125,6.539063,6.359375,6.375,4.874472,11375200
1997-11-26,6.40625,6.492188,6.390625,6.460938,4.940182,4096000
1997-11-28,6.460938,6.546875,6.460938,6.507813,4.976024,1040800
1997-12-01,6.5625,6.601563,6.515625,6.570313,5.023811,5261600
1997-12-02,6.59375,6.640625,6.5625,6.609375,5.053679,2077600
1997-12-03,6.617188,6.617188,6.476563,6.53125,4.993943,6133600
1997-12-04,6.53125,6.53125,6.402344,6.4375,4.92226,4465600
1997-12-05,6.429688,6.625,6.390625,6.492188,4.964077,6284800
1997-12-08,6.507813,6.585938,6.5,6.554688,5.011865,5107200
1997-12-09,6.46875,6.5,6.421875,6.460938,4.940182,3260000
1997-12-10,6.375,6.46875,6.25,6.320313,4.832657,11564000
1997-12-11,6.3125,6.382813,6.265625,6.28125,4.802788,6624800
1997-12-12,6.28125,6.296875,6.109375,6.148438,4.701237,5380800
1997-12-15,6.15625,6.242188,6.132813,6.171875,4.719159,5505600
1997-12-16,6.179688,6.257813,6.125,6.234375,4.766945,5149600
1997-12-17,6.203125,6.25,6.1875,6.203125,4.743053,5060000
1997-12-18,6.203125,6.203125,5.859375,5.929688,4.533975,16598400
1997-12-19,5.90625,5.976563,5.875,5.945313,4.545923,11340000
1997-12-22,5.96875,6,5.867188,5.882813,4.498134,5447200
1997-12-23,5.898438,5.90625,5.71875,5.804688,4.438398,11217600
1997-12-24,5.890625,5.90625,5.820313,5.875,4.492162,4761600
1997-12-26,5.90625,5.945313,5.90625,5.929688,4.533975,930400
1997-12-29,5.9375,6.023438,5.921875,6.023438,4.605657,4611200
1997-12-30,6,6.21875,6,6.148438,4.701237,5274400
1997-12-31,6.148438,6.328125,6.140625,6.210938,4.749025,5143200
1998-01-02,6.21875,6.335938,6.179688,6.210938,4.749025,4058400
1998-01-05,6.210938,6.289063,6.195313,6.203125,4.743053,6488800
1998-01-06,6.140625,6.25,6.054688,6.234375,4.766945,7586400
1998-01-07,6.226563,6.3125,6.1875,6.289063,4.808764,8560000
1998-01-08,6.289063,6.375,6.273438,6.3125,4.826682,9160800
1998-01-09,6.3125,6.328125,6.1875,6.1875,4.731105,8975200
1998-01-12,6,6.21875,6,6.078125,4.647475,10134400
1998-01-13,6.078125,6.078125,5.976563,6,4.587738,8431200
1998-01-14,6.03125,6.179688,6.007813,6.109375,4.671368,5257600
1998-01-15,6,6.015625,5.875,5.875,4.492162,12656800
1998-01-16,5.875,6.101563,5.867188,6.015625,4.599686,8945600
1998-01-20,6.03125,6.046875,5.914063,5.992188,4.581763,9444800
1998-01-21,5.96875,6.078125,5.9375,5.992188,4.581763,7494400
1998-01-22,5.984375,6.078125,5.90625,6,4.587738,5034400
1998-01-23,5.992188,6.046875,5.859375,5.914063,4.522027,9566400
1998-01-26,5.914063,5.921875,5.820313,5.851563,4.474239,4848000
1998-01-27,5.84375,6.039063,5.835938,6,4.587738,8758400
1998-01-28,6.023438,6.117188,6.015625,6.09375,4.659419,7218400
1998-01-29,6.109375,6.21875,6.101563,6.1875,4.731105,5391200
1998-01-30,6.265625,6.40625,6.21875,6.40625,4.898366,7356000
1998-02-02,6.609375,6.625,6.507813,6.546875,5.00589,9916000
1998-02-03,6.5,6.523438,6.40625,6.515625,4.981996,6534400
1998-02-04,6.5,6.5625,6.460938,6.554688,5.011865,6724800
1998-02-05,6.539063,6.648438,6.5,6.523438,4.987969,5368000
1998-02-06,6.546875,6.546875,6.460938,6.53125,4.993943,3493600
1998-02-09,6.5,6.8125,6.5,6.773438,5.179128,10347200
1998-02-10,6.84375,6.960938,6.734375,6.796875,5.197047,8953600
1998-02-11,6.78125,6.828125,6.703125,6.710938,5.131336,4455200
1998-02-12,6.8125,7.03125,6.617188,7,5.352362,17620000
1998-02-13,7.015625,7.375,7.015625,7.273438,5.561437,31290400
1998-02-17,7.242188,7.328125,7.070313,7.101563,5.430019,10353600
1998-02-18,7.101563,7.34375,7.101563,7.304688,5.585332,17975200
1998-02-19,7.28125,7.367188,7.242188,7.328125,5.603253,5607200
1998-02-20,7.367188,7.40625,7.304688,7.328125,5.603253,6608000
1998-02-23,7.320313,7.460938,7.304688,7.453125,5.69883,6108000
1998-02-24,7.53125,7.71875,7.414063,7.453125,5.69883,17188000
1998-02-25,7.5,7.640625,7.5,7.5625,5.782461,8200800
1998-02-26,7.59375,7.640625,7.5625,7.609375,5.818302,5354400
1998-02-27,7.578125,7.664063,7.539063,7.585938,5.800384,2713600
1998-03-02,7.5,7.664063,7.492188,7.648438,5.848174,6292000
1998-03-03,7.625,7.882813,7.625,7.84375,5.99751,13246400
1998-03-04,7.8125,8.109375,7.703125,8.03125,6.140877,11158400
1998-03-05,7.875,7.960938,7.851563,7.921875,6.057249,7887200
1998-03-06,8.03125,8.070313,7.984375,8,6.116984,9938400
1998-03-09,7.984375,8.109375,7.976563,8.070313,6.170747,8960800
1998-03-10,8.125,8.265625,8.125,8.265625,6.320087,12426400
1998-03-11,8.226563,8.265625,8.117188,8.21875,6.284246,8944000
1998-03-12,8.164063,8.390625,8.164063,8.351563,6.385795,8256800
1998-03-13,8.34375,8.351563,8.1875,8.195313,6.266325,5133600
1998-03-16,8.164063,8.203125,8.125,8.148438,6.230483,3982400
1998-03-17,8.164063,8.164063,8.078125,8.125,6.212563,5104000
1998-03-18,8.09375,8.234375,8.078125,8.195313,6.266325,4529600
1998-03-19,8.226563,8.289063,8.015625,8.101563,6.194642,5608800
1998-03-20,8.132813,8.140625,8,8.015625,6.12893,5010400
1998-03-23,7.984375,8.085938,7.914063,8.085938,6.182694,6254400
1998-03-24,8.140625,8.3125,8.109375,8.289063,6.338009,7507200
1998-03-25,8.289063,8.359375,8.210938,8.328125,6.367877,6143200
1998-03-26,8.296875,8.375,8.257813,8.34375,6.379822,5626400
1998-03-27,8.375,8.40625,8.203125,8.234375,6.296191,5865600
1998-03-30,8.15625,8.195313,8.0625,8.140625,6.227346,5004000
1998-03-31,8.171875,8.214844,8.03125,8.09375,6.191486,7468000
1998-04-01,7.9375,8.117188,7.9375,8.070313,6.173557,6633600
1998-04-02,8.21875,8.625,8.21875,8.578125,6.56202,14141600
1998-04-03,8.5625,8.75,8.515625,8.71875,6.669593,12502400
1998-04-06,8.71875,8.742188,8.476563,8.578125,6.56202,6416800
1998-04-07,8.578125,8.578125,8.484375,8.515625,6.51421,4441600
1998-04-08,8.5625,8.765625,8.5625,8.585938,6.567997,6123200
1998-04-09,8.59375,8.78125,8.578125,8.757813,6.699477,4986400
1998-04-13,8.734375,8.757813,8.65625,8.742188,6.687523,5668000
1998-04-14,8.75,9.0625,8.695313,9.0625,6.932552,10496000
1998-04-15,8.96875,8.984375,8.789063,8.835938,6.75924,7983200
1998-04-16,8.820313,8.859375,8.679688,8.734375,6.681547,3668800
1998-04-17,8.710938,8.742188,8.632813,8.726563,6.67557,2613600
1998-04-20,8.710938,8.804688,8.703125,8.726563,6.67557,4704800
1998-04-21,8.703125,8.742188,8.640625,8.726563,6.67557,4280000
1998-04-22,8.695313,8.8125,8.695313,8.796875,6.729357,4682400
1998-04-23,8.765625,8.765625,8.429688,8.460938,6.472374,4569600
1998-04-24,8.445313,8.523438,8.351563,8.359375,6.394681,7247200
1998-04-27,8.125,8.1875,8,8.070313,6.173557,9595200
1998-04-28,8.15625,8.289063,8.109375,8.21875,6.287109,6624800
1998-04-29,8.4375,8.4375,8.1875,8.34375,6.38273,8984000
1998-04-30,8.375,8.875,8.359375,8.78125,6.717405,11359200
1998-05-01,8.71875,8.765625,8.617188,8.703125,6.65764,7000800
1998-05-04,8.703125,8.828125,8.648438,8.710938,6.663618,4484000
1998-05-05,8.671875,8.867188,8.648438,8.78125,6.717405,5973600
1998-05-06,8.765625,8.921875,8.640625,8.75,6.6935,5621600
1998-05-07,8.78125,8.859375,8.6875,8.796875,6.729357,8633600
1998-05-08,8.789063,9.125,8.789063,9.078125,6.944508,8900000
1998-05-11,9.046875,9.203125,9,9.007813,6.890717,7950400
1998-05-12,9.007813,9.046875,8.890625,8.976563,6.866812,4170400
1998-05-13,9.046875,9.125,9,9.046875,6.920599,6102400
1998-05-14,9.078125,9.242188,9.046875,9.09375,6.956458,10771200
1998-05-15,9.078125,9.078125,8.789063,8.789063,6.72338,4563200
1998-05-18,8.789063,8.789063,8.445313,8.65625,6.621783,6199200
1998-05-19,8.640625,8.648438,8.359375,8.390625,6.418588,5775200
1998-05-20,8.359375,8.46875,8.15625,8.242188,6.305035,11716000
1998-05-21,8.34375,8.570313,8.3125,8.5,6.502257,7404000
1998-05-22,8.4375,8.453125,8.226563,8.289063,6.340898,6080800
1998-05-26,8.328125,8.328125,8.09375,8.125,6.215392,7927200
1998-05-27,8.078125,8.140625,7.9375,8.015625,6.131724,4841600
1998-05-28,7.78125,7.929688,7.5625,7.8125,5.976338,53719200
1998-05-29,7.90625,8.046875,7.90625,8,6.119769,36219200
1998-06-01,7.9375,7.9375,7.84375,7.90625,6.048053,12657600
1998-06-02,7.90625,7.90625,7.726563,7.773438,5.946456,11284800
1998-06-03,7.835938,7.9375,7.796875,7.8125,5.976338,10268800
1998-06-04,7.8125,7.8125,7.695313,7.78125,5.952434,4841600
1998-06-05,7.75,7.96875,7.75,7.859375,6.012197,7752800
1998-06-08,7.90625,8,7.828125,7.859375,6.012197,5479200
1998-06-09,7.859375,7.953125,7.828125,7.953125,6.083913,7256800
1998-06-10,7.945313,8.09375,7.921875,7.992188,6.113793,8200800
1998-06-11,7.992188,8.0625,7.953125,7.976563,6.101841,6409600
1998-06-12,7.953125,8.0625,7.945313,7.984375,6.107818,6903200
1998-06-15,7.984375,7.984375,7.828125,7.84375,6.000245,8744800
1998-06-16,7.875,7.875,7.65625,7.742188,5.922551,7861600
1998-06-17,7.875,7.914063,7.835938,7.867188,6.018174,11317600
1998-06-18,7.867188,8.015625,7.84375,8.007813,6.125747,10434400
1998-06-19,8,8.007813,7.882813,7.921875,6.060009,5528800
1998-06-22,7.890625,7.898438,7.765625,7.804688,5.970361,4661600
1998-06-23,7.875,7.875,7.71875,7.75,5.928528,4396800
1998-06-24,7.71875,7.960938,7.703125,7.960938,6.089888,7944000
1998-06-25,7.960938,8.046875,7.898438,8.007813,6.125747,7218400
1998-06-26,8.015625,8.15625,8.015625,8.15625,6.239298,7123200
1998-06-29,8.234375,8.28125,8.164063,8.226563,6.293086,7296800
1998-06-30,8.101563,8.101563,7.921875,7.960938,6.089888,11105600
1998-07-01,8.015625,8.3125,8,8.210938,6.281133,9270400
1998-07-02,8.148438,8.203125,8.117188,8.132813,6.22137,5815200
1998-07-06,8.125,8.132813,8.078125,8.125,6.215392,3695200
1998-07-07,8.125,8.148438,8.09375,8.117188,6.209416,9404800
1998-07-08,8.125,8.125,8.09375,8.125,6.215392,7382400
1998-07-09,8.101563,8.109375,8.046875,8.054688,6.161604,3653600
1998-07-10,8.039063,8.046875,7.828125,7.945313,6.077938,5412800
1998-07-13,8.03125,8.03125,7.765625,7.84375,6.000245,4840800
1998-07-14,7.84375,7.867188,7.75,7.804688,5.970361,3866400
1998-07-15,7.804688,7.804688,7.664063,7.6875,5.880717,6879200
1998-07-16,7.609375,7.703125,7.453125,7.6875,5.880717,15615200
1998-07-17,7.695313,7.796875,7.695313,7.765625,5.940479,5804000
1998-07-20,7.734375,7.734375,7.640625,7.664063,5.86279,4980800
1998-07-21,7.664063,7.671875,7.453125,7.484375,5.725335,9314400
1998-07-22,7.46875,7.5,7.257813,7.289063,5.575923,9272800
1998-07-23,7.289063,7.296875,7,7.070313,5.408586,16610400
1998-07-24,7.117188,7.179688,7.015625,7.09375,5.426515,10622400
1998-07-27,7.0625,7.273438,7.007813,7.0625,5.402609,6753600
1998-07-28,7.09375,7.234375,7.09375,7.210938,5.516162,10200000
1998-07-29,7.265625,7.28125,7.210938,7.21875,5.522137,4942400
1998-07-30,7.226563,7.226563,6.828125,6.9375,5.306989,19011200
1998-07-31,6.9375,7.070313,6.90625,7.0625,5.402609,10849600
1998-08-03,7.0625,7.203125,6.84375,6.898438,5.277108,10774400
1998-08-04,6.890625,6.890625,6.570313,6.570313,5.026101,16819200
1998-08-05,6.640625,6.742188,6.390625,6.609375,5.055983,15696800
1998-08-06,5.25,5.265625,4.078125,4.734375,3.621661,161821600
1998-08-07,4.703125,4.75,4.5,4.539063,3.472255,61660000
1998-08-10,4.59375,4.59375,4.078125,4.171875,3.191365,58244000
1998-08-11,3.875,4.375,3.695313,4.375,3.34675,44596000
1998-08-12,4.5,4.65625,4.234375,4.359375,3.334796,39219200
1998-08-13,4,4.109375,3.921875,4.007813,3.065862,60422400
1998-08-14,4.03125,4.078125,3.882813,3.914063,2.994147,21409600
1998-08-17,3.945313,4.03125,3.914063,3.992188,3.053909,17489600
1998-08-18,4.117188,4.234375,4.03125,4.03125,3.08379,16209600
1998-08-19,4.0625,4.085938,3.96875,4.039063,3.089767,19796800
1998-08-20,4.023438,4.1875,3.992188,4.101563,3.137578,78269600
1998-08-21,4.070313,4.289063,4.007813,4.257813,3.257105,14641600
1998-08-24,4.25,4.28125,4.1875,4.28125,3.275034,17336800
1998-08-25,4.375,4.429688,4.359375,4.398438,3.364679,17336800
1998-08-26,4.320313,4.460938,4.3125,4.40625,3.370654,14724000
1998-08-27,4.320313,4.390625,4.28125,4.328125,3.310891,28860800
1998-08-28,4.351563,4.46875,4.351563,4.460938,3.412491,11284800
1998-08-31,4.4375,4.65625,4.4375,4.515625,3.454323,13128000
1998-09-01,4.523438,4.96875,4.429688,4.703125,3.597756,19870400
1998-09-02,4.6875,4.742188,4.59375,4.59375,3.514087,15600800
1998-09-03,4.578125,4.648438,4.523438,4.59375,3.514087,13599200
1998-09-04,4.59375,4.59375,4.492188,4.5,3.442373,12001600
1998-09-08,4.53125,4.65625,4.453125,4.640625,3.549945,11704000
1998-09-09,4.609375,4.65625,4.382813,4.4375,3.39456,8840000
1998-09-10,4.3125,4.46875,4.3125,4.453125,3.406512,11754400
1998-09-11,4.4375,4.59375,4.398438,4.5,3.442373,7276800
1998-09-14,4.5,4.679688,4.5,4.640625,3.549945,5613600
1998-09-15,4.609375,4.71875,4.570313,4.703125,3.597756,4095200
1998-09-16,4.695313,4.804688,4.671875,4.742188,3.627637,8716000
1998-09-17,4.6875,4.976563,4.625,4.953125,3.788998,11760800
1998-09-18,4.945313,5.195313,4.835938,5.15625,3.944382,10421600
1998-09-21,5.125,5.125,5,5.015625,3.836811,7776800
1998-09-22,5.015625,5.101563,4.929688,5.023438,3.842787,7280800
1998-09-23,5.125,5.203125,5.03125,5.203125,3.98024,3858400
1998-09-24,5.15625,5.171875,4.6875,4.882813,3.735212,8156800
1998-09-25,4.8125,4.8125,4.648438,4.703125,3.597756,13583200
1998-09-28,4.75,4.765625,4.710938,4.742188,3.627637,5143200
1998-09-29,4.742188,4.742188,4.53125,4.570313,3.496157,3483200
1998-09-30,4.484375,4.492188,4.359375,4.375,3.34675,9376800
1998-10-01,4.3125,4.3125,4.171875,4.171875,3.191365,21282400
1998-10-02,4.234375,4.609375,4.234375,4.601563,3.520062,23016800
1998-10-05,4.5625,4.71875,4.492188,4.6875,3.585804,16000000
1998-10-06,4.5625,4.78125,4.5625,4.75,3.633614,9760800
1998-10-07,4.695313,4.90625,4.695313,4.75,3.633614,10343200
1998-10-08,4.59375,4.59375,4.359375,4.398438,3.364679,16084000
1998-10-09,4.390625,4.664063,4.390625,4.640625,3.549945,5900800
1998-10-12,4.671875,4.703125,4.5625,4.664063,3.567876,3452000
1998-10-13,4.664063,4.796875,4.5625,4.609375,3.526038,4002400
1998-10-14,4.546875,4.6875,4.546875,4.6875,3.585804,4800800
1998-10-15,4.65625,5.023438,4.625,4.945313,3.783022,5260800
1998-10-16,4.945313,5.023438,4.84375,4.84375,3.70533,3022400
1998-10-19,4.9375,4.984375,4.929688,4.960938,3.794974,4093600
1998-10-20,4.773438,4.78125,4.6875,4.710938,3.603734,10695200
1998-10-21,4.742188,4.789063,4.65625,4.695313,3.59178,11272800
1998-10-22,4.726563,4.726563,4.578125,4.609375,3.526038,13204800
1998-10-23,4.625,4.671875,4.5625,4.570313,3.496157,6252000
1998-10-26,4.570313,4.59375,4.492188,4.570313,3.496157,6063200
1998-10-27,4.570313,4.625,4.5,4.601563,3.520062,7978400
1998-10-28,4.601563,4.65625,4.5,4.640625,3.549945,8836000
1998-10-29,4.6875,5.203125,4.6875,5.140625,3.932431,20413600
1998-10-30,5.25,5.484375,5.234375,5.375,4.111722,14140800
1998-11-02,5.375,5.585938,5.328125,5.578125,4.267106,7996800
1998-11-03,5.515625,5.703125,5.445313,5.6875,4.350774,6528000
1998-11-04,5.734375,5.867188,5.703125,5.742188,4.392609,10311200
1998-11-05,5.5,5.976563,5.40625,5.804688,4.440419,25627200
1998-11-06,5.867188,6.21875,5.851563,6.210938,4.751187,14715200
1998-11-09,6.1875,6.1875,6.007813,6.148438,4.703378,7512000
1998-11-10,6.15625,6.226563,6.070313,6.09375,4.661544,7771200
1998-11-11,6.0625,6.070313,5.78125,5.851563,4.476276,4555200
1998-11-12,5.867188,5.867188,5.65625,5.734375,4.386632,4068800
1998-11-13,5.703125,5.703125,5.625,5.664063,4.332846,5415200
1998-11-16,5.6875,5.773438,5.421875,5.523438,4.225271,7892000
1998-11-17,5.523438,5.734375,5.476563,5.6875,4.350774,10705600
1998-11-18,5.8125,6.078125,5.71875,5.953125,4.553967,8120000
1998-11-19,6.054688,6.085938,5.980469,6.070313,4.643614,6363200
1998-11-20,6.15625,6.328125,5.992188,6,4.589827,14231200
1998-11-23,6,6,5.796875,5.859375,4.482254,10240000
1998-11-24,5.859375,5.984375,5.8125,5.867188,4.488231,2395200
1998-11-25,5.851563,5.882813,5.5,5.742188,4.392609,7445600
1998-11-27,5.75,5.8125,5.671875,5.8125,4.446396,1281600
1998-11-30,5.75,5.75,5.609375,5.640625,4.314916,3407200
1998-12-01,5.5,5.703125,5.5,5.617188,4.296988,4432000
1998-12-02,5.609375,6,5.601563,6,4.589827,6102400
1998-12-03,5.875,5.890625,5.71875,5.71875,4.374679,7216800
1998-12-04,5.8125,6.007813,5.804688,5.84375,4.4703,8753600
1998-12-07,5.921875,6.1875,5.914063,5.992188,4.583854,7368000
1998-12-08,5.945313,6.179688,5.914063,6.023438,4.607758,5416000
1998-12-09,5.8125,5.9375,5.375,5.414063,4.141601,33112800
1998-12-10,5.78125,5.867188,5.25,5.375,4.111722,29911200
1998-12-11,5.46875,5.695313,5.4375,5.65625,4.326871,14297600
1998-12-14,5.625,5.65625,5.195313,5.375,4.111722,10848000
1998-12-15,5.359375,5.476563,5.328125,5.351563,4.093793,6613600
1998-12-16,5.382813,5.546875,5.375,5.476563,4.189413,4785600
1998-12-17,5.453125,5.5,5.359375,5.445313,4.16551,7437600
1998-12-18,5.375,5.5,5.375,5.414063,4.141601,8583200
1998-12-21,5.382813,5.609375,5.367188,5.578125,4.267106,7389600
1998-12-22,5.5625,5.671875,5.460938,5.46875,4.183437,5060000
1998-12-23,5.492188,5.617188,5.46875,5.546875,4.2432,3352000
1998-12-24,5.53125,5.625,5.53125,5.578125,4.267106,1203200
1998-12-28,5.5,5.679688,5.492188,5.5625,4.255151,3850400
1998-12-29,5.578125,5.609375,5.5,5.5,4.207343,3020000
1998-12-30,5.53125,5.734375,5.515625,5.570313,4.261131,4600000
1998-12-31,5.570313,5.765625,5.375,5.382813,4.117697,5648800
1999-01-04,5.46875,5.734375,5.46875,5.664063,4.332846,8197600
1999-01-05,5.695313,5.890625,5.679688,5.757813,4.404561,3544000
1999-01-06,5.921875,6.0625,5.90625,6,4.589827,9819200
1999-01-07,5.96875,6.007813,5.882813,5.898438,4.512136,16314400
1999-01-08,5.90625,5.921875,5.640625,5.6875,4.350774,6981600
1999-01-11,5.609375,5.84375,5.59375,5.773438,4.416514,5336800
1999-01-12,5.6875,5.796875,5.578125,5.640625,4.314916,4710400
1999-01-13,5.5,5.625,5.34375,5.367188,4.105744,14664000
1999-01-14,5.367188,5.554688,5.3125,5.335938,4.081838,7566400
1999-01-15,5.40625,5.664063,5.390625,5.648438,4.320893,7883200
1999-01-19,5.71875,5.71875,5.429688,5.515625,4.219293,2730400
1999-01-20,5.484375,5.53125,5.390625,5.445313,4.16551,5700800
1999-01-21,5.453125,5.46875,5.132813,5.210938,3.986218,7722400
1999-01-22,5.304688,5.625,5.273438,5.5,4.207343,9796000
1999-01-25,5.484375,5.492188,5.359375,5.40625,4.135627,6718400
1999-01-26,5.375,5.40625,4.929688,5.164063,3.950361,23600800
1999-01-27,5.25,5.382813,5.25,5.335938,4.081838,11113600
1999-01-28,5.335938,5.664063,5.335938,5.5625,4.255151,10466400
1999-01-29,5.570313,5.648438,5.554688,5.59375,4.279058,6196000
1999-02-01,5.59375,6.015625,5.59375,5.9375,4.542017,10325600
1999-02-02,5.84375,5.929688,5.828125,5.875,4.494206,11712800
1999-02-03,5.875,5.890625,5.835938,5.890625,4.506157,7556000
1999-02-04,5.828125,5.828125,5.742188,5.75,4.398584,5339200
1999-02-05,5.742188,5.75,5.601563,5.65625,4.326871,7929600
1999-02-08,5.59375,5.648438,5.546875,5.5625,4.255151,4517600
1999-02-09,5.554688,5.5625,5.25,5.25,4.016099,4452800
1999-02-10,5.25,5.335938,5.195313,5.3125,4.06391,7659200
1999-02-11,5.320313,5.484375,5.320313,5.453125,4.171484,3926400
1999-02-12,5.4375,5.632813,5.320313,5.570313,4.261131,4804800
1999-02-16,5.570313,5.9375,5.570313,5.9375,4.542017,7449600
1999-02-17,5.875,5.898438,5.765625,5.851563,4.476276,9936000
1999-02-18,5.875,5.9375,5.859375,5.898438,4.512136,9178400
1999-02-19,5.984375,6.03125,5.875,5.875,4.494206,14034400
1999-02-22,5.875,6.140625,5.875,6.117188,4.679473,16460800
1999-02-23,6.085938,6.1875,6.0625,6.117188,4.679473,8416000
1999-02-24,6.101563,6.140625,5.78125,5.945313,4.547994,8765600
1999-02-25,5.914063,6.046875,5.914063,5.976563,4.5719,9060000
1999-02-26,6,6.171875,6,6.164063,4.715331,12141600
1999-03-01,6.15625,6.320313,6.140625,6.242188,4.775096,9242400
1999-03-02,6.179688,6.539063,6.179688,6.492188,4.966337,12898400
1999-03-03,6.460938,6.492188,6.289063,6.296875,4.816927,16857600
1999-03-04,6.359375,6.367188,6.25,6.25,4.78107,13155200
1999-03-05,6.28125,6.453125,6.28125,6.445313,4.93048,8576000
1999-03-08,6.414063,6.5625,6.382813,6.46875,4.948406,4676800
1999-03-09,6.421875,6.609375,6.421875,6.554688,5.014148,6381600
1999-03-10,6.46875,6.554688,6.460938,6.539063,5.002194,2359200
1999-03-11,6.617188,6.796875,6.601563,6.703125,5.127699,6697600
1999-03-12,6.6875,6.726563,6.5625,6.570313,5.026101,4648800
1999-03-15,6.5625,6.804688,6.5625,6.734375,5.151604,4201600
1999-03-16,6.726563,6.78125,6.695313,6.75,5.163555,2812800
1999-03-17,6.78125,6.835938,6.695313,6.695313,5.121721,6048000
1999-03-18,6.6875,6.78125,6.625,6.703125,5.127699,8805600
1999-03-19,6.765625,6.8125,6.703125,6.703125,5.127699,7756000
1999-03-22,6.65625,6.792969,6.648438,6.78125,5.187462,2940800
1999-03-23,6.703125,6.78125,6.546875,6.617188,5.061959,4888800
1999-03-24,6.625,6.640625,6.53125,6.570313,5.026101,2489600
1999-03-25,6.617188,6.617188,6.554688,6.59375,5.044029,4916800
1999-03-26,6.5625,6.59375,6.546875,6.546875,5.008172,2484000
1999-03-29,6.492188,6.53125,6.460938,6.46875,4.948406,4996000
1999-03-30,6.460938,6.523438,6.460938,6.507813,4.979061,3477600
1999-03-31,6.570313,6.726563,6.539063,6.578125,5.032856,5542400
1999-04-01,6.546875,6.671875,6.515625,6.59375,5.044809,8440800
1999-04-05,6.5625,6.695313,6.554688,6.648438,5.08665,7556000
1999-04-06,6.625,6.625,6.304688,6.3125,4.829628,8712800
1999-04-07,6.289063,6.390625,6.210938,6.335938,4.847558,6340000
1999-04-08,6,6.007813,5.585938,5.585938,4.273742,37804000
1999-04-09,5.6875,6.109375,5.6875,5.921875,4.530765,14400800
1999-04-12,5.921875,5.9375,5.789063,5.8125,4.447083,12843200
1999-04-13,5.796875,5.804688,5.734375,5.75,4.399265,19121600
1999-04-14,5.6875,6.03125,5.671875,5.945313,4.548697,11712800
1999-04-15,5.921875,6.09375,5.875,6.085938,4.656288,10268000
1999-04-16,6.054688,6.257813,6.054688,6.257813,4.787788,10644800
1999-04-19,6.320313,6.429688,6.320313,6.382813,4.883422,9004800
1999-04-20,6.375,6.78125,6.367188,6.773438,5.182288,10848000
1999-04-21,6.765625,6.820313,6.632813,6.75,5.164353,11850400
1999-04-22,6.695313,6.734375,6.59375,6.734375,5.1524,5704000
1999-04-23,6.765625,6.820313,6.734375,6.734375,5.1524,12952000
1999-04-26,6.75,6.859375,6.703125,6.796875,5.200218,3506400
1999-04-27,6.796875,6.851563,6.679688,6.835938,5.230106,18260000
1999-04-28,6.84375,7.0625,6.796875,6.960938,5.325741,6328800
1999-04-29,7.0625,7.0625,6.90625,7.023438,5.373558,5450400
1999-04-30,7.015625,7.101563,6.882813,7.015625,5.36758,3068000
1999-05-03,7,7.203125,7,7.179688,5.493104,8764000
1999-05-04,7.34375,7.570313,7.242188,7.4375,5.690355,9639200
1999-05-05,7.625,7.773438,7.4375,7.5625,5.78599,9644000
1999-05-06,7.6875,7.695313,7.273438,7.296875,5.582763,6863200
1999-05-07,7.320313,7.515625,7.3125,7.375,5.642537,7960800
1999-05-10,7.359375,7.453125,7.328125,7.359375,5.630583,8779200
1999-05-11,7.34375,7.539063,7.296875,7.507813,5.74415,8098400
1999-05-12,7.5,7.625,7.382813,7.5625,5.78599,5289600
1999-05-13,7.5625,7.578125,7.4375,7.453125,5.702308,5699200
1999-05-14,7.296875,7.328125,7.148438,7.15625,5.475173,5898400
1999-05-17,7.148438,7.1875,7,7.0625,5.403444,9071200
1999-05-18,7.054688,7.1875,6.890625,7.125,5.451264,8064800
1999-05-19,7.171875,7.515625,7.171875,7.484375,5.726221,9416800
1999-05-20,7.6875,8.34375,7.671875,8.328125,6.371762,15860000
1999-05-21,8.1875,8.1875,7.6875,7.875,6.025082,16188800
1999-05-24,7.875,7.90625,7.453125,7.492188,5.732194,12136000
1999-05-25,7.5,7.6875,7.390625,7.5625,5.78599,7906400
1999-05-26,7.585938,7.59375,7.289063,7.375,5.642537,6232000
1999-05-27,7.375,7.4375,7.3125,7.359375,5.630583,4520800
1999-05-28,7.4375,7.554688,7.265625,7.289063,5.576786,5467200
1999-06-01,7.164063,7.34375,7.078125,7.265625,5.558853,5352000
1999-06-02,7.296875,7.9375,7.289063,7.835938,5.995194,11141600
1999-06-03,7.9375,8.085938,7.914063,8,6.120715,10276000
1999-06-04,7.96875,8.242188,7.960938,8.226563,6.294058,9160000
1999-06-07,8.25,8.5625,8.171875,8.484375,6.491308,11044000
1999-06-08,8.46875,8.515625,8.242188,8.273438,6.329922,6553600
1999-06-09,8.375,8.429688,8.046875,8.054688,6.162557,7104000
1999-06-10,8.28125,8.421875,8.1875,8.28125,6.335896,11698400
1999-06-11,8.367188,8.734375,8.351563,8.71875,6.670624,9987200
1999-06-14,8.65625,8.75,8.5625,8.6875,6.646714,10437600
1999-06-15,8.679688,8.75,8.648438,8.679688,6.64074,6748800
1999-06-16,8.679688,8.710938,8.46875,8.53125,6.527171,8080000
1999-06-17,8.421875,8.5,8.351563,8.40625,6.431535,5848800
1999-06-18,8.4375,8.5,8.242188,8.359375,6.395669,8844000
1999-06-21,8.359375,8.390625,8.203125,8.226563,6.294058,4631200
1999-06-22,8.25,8.359375,7.921875,8.0625,6.168535,9371200
1999-06-23,8.0625,8.0625,7.921875,7.992188,6.114739,5632800
1999-06-24,7.992188,7.992188,7.820313,7.820313,5.98324,4458400
1999-06-25,7.789063,7.90625,7.554688,7.554688,5.780013,6177600
1999-06-28,7.6875,7.9375,7.671875,7.882813,6.031057,8649600
1999-06-29,7.914063,8.101563,7.914063,8.078125,6.180489,5980800
1999-06-30,8.015625,8.015625,7.828125,7.828125,5.989219,6258400
1999-07-01,7.890625,7.890625,7.53125,7.609375,5.821852,8378400
1999-07-02,7.625,7.75,7.609375,7.695313,5.887603,6248000
1999-07-06,7.71875,7.890625,7.671875,7.8125,5.977262,4978400
1999-07-07,7.828125,7.828125,7.570313,7.601563,5.815877,3370400
1999-07-08,7.570313,7.726563,7.570313,7.632813,5.839785,2699200
1999-07-09,7.632813,7.71875,7.546875,7.570313,5.791967,4526400
1999-07-12,7.578125,7.625,7.210938,7.257813,5.552878,6177600
1999-07-13,7.226563,7.414063,7.125,7.320313,5.600696,6127200
1999-07-14,7.335938,7.335938,6.890625,6.992188,5.34965,11119200
1999-07-15,7.078125,7.664063,7.070313,7.617188,5.827832,11784000
1999-07-16,7.554688,7.703125,7.546875,7.648438,5.851739,6703200
1999-07-19,7.664063,7.695313,7.367188,7.546875,5.774035,5641600
1999-07-20,7.390625,7.953125,7.390625,7.828125,5.989219,10695200
1999-07-21,7.835938,7.96875,7.515625,7.710938,5.899557,6060800
1999-07-22,7.703125,7.890625,7.703125,7.8125,5.977262,5049600
1999-07-23,7.828125,7.9375,7.734375,7.78125,5.953354,2715200
1999-07-26,7.765625,8.335938,7.757813,8.25,6.311989,8563200
1999-07-27,8.203125,8.203125,7.945313,7.96875,6.096808,4441600
1999-07-28,7.992188,8.125,7.9375,8.007813,6.126694,3488800
1999-07-29,8,8.0625,7.671875,7.773438,5.947375,3361600
1999-07-30,7.796875,7.898438,7.625,7.625,5.833809,3604000
1999-08-02,7.625,7.914063,7.625,7.734375,5.917491,3470400
1999-08-03,7.5,7.5,7.140625,7.164063,5.481151,15193600
1999-08-04,7.132813,7.1875,6.90625,6.945313,5.313787,15730400
1999-08-05,7.375,7.90625,7.226563,7.867188,6.019104,13562400
1999-08-06,7.84375,7.890625,7.625,7.734375,5.917491,7784000
1999-08-09,7.734375,7.734375,7.4375,7.546875,5.774035,4688000
1999-08-10,7.539063,7.539063,7.078125,7.226563,5.528967,9110400
1999-08-11,7.226563,7.34375,7.078125,7.1875,5.499082,8080000
1999-08-12,7.203125,7.65625,7.203125,7.546875,5.774035,8764000
1999-08-13,7.625,7.921875,7.554688,7.867188,6.019104,5465600
1999-08-16,7.867188,7.96875,7.84375,7.890625,6.037035,7536800
1999-08-17,7.875,7.984375,7.867188,7.9375,6.072901,7013600
1999-08-18,7.9375,8.015625,7.84375,7.9375,6.072901,4425600
1999-08-19,7.90625,7.90625,7.75,7.828125,5.989219,5149600
1999-08-20,7.835938,7.851563,7.726563,7.8125,5.977262,5345600
1999-08-23,7.8125,7.953125,7.8125,7.890625,6.037035,4031200
1999-08-24,7.859375,7.890625,7.710938,7.710938,5.899557,2384000
1999-08-25,7.742188,7.90625,7.726563,7.8125,5.977262,6424000
1999-08-26,7.84375,7.84375,7.71875,7.726563,5.911511,2348000
1999-08-27,7.71875,7.835938,7.71875,7.734375,5.917491,2753600
1999-08-30,7.703125,7.75,7.484375,7.507813,5.74415,3537600
1999-08-31,7.492188,7.679688,7.492188,7.601563,5.815877,3931200
1999-09-01,7.726563,7.9375,7.679688,7.882813,6.031057,5355200
1999-09-02,7.875,7.882813,7.757813,7.859375,6.013127,4471200
1999-09-03,7.90625,8.023438,7.90625,7.992188,6.114739,6020000
1999-09-07,7.90625,8.015625,7.875,8,6.120715,2349600
1999-09-08,8,8.046875,7.890625,7.9375,6.072901,4163200
1999-09-09,7.859375,7.875,7.601563,7.742188,5.923467,5456800
1999-09-10,7.765625,7.828125,7.5,7.515625,5.750127,5199200
1999-09-13,7.625,7.640625,7.539063,7.585938,5.803923,6579200
1999-09-14,7.578125,7.773438,7.578125,7.703125,5.89358,14480800
1999-09-15,7.828125,7.90625,7.671875,7.71875,5.905533,5549600
1999-09-16,7.804688,7.875,7.65625,7.710938,5.899557,9317600
1999-09-17,7.75,7.796875,7.585938,7.617188,5.827832,8267200
1999-09-20,7.554688,7.585938,7.140625,7.25,5.546899,13934400
1999-09-21,7.25,7.273438,6.929688,7.265625,5.558853,8744800
1999-09-22,7.265625,7.53125,7.257813,7.5,5.738172,9200800
1999-09-23,7.5,7.773438,7.5,7.609375,5.821852,6416800
1999-09-24,7.578125,7.601563,7.234375,7.3125,5.594718,4525600
1999-09-27,7.3125,7.515625,7.3125,7.429688,5.684377,5522400
1999-09-28,7.390625,7.648438,7.265625,7.523438,5.756105,10420800
1999-09-29,7.554688,7.75,7.515625,7.5625,5.78599,7727200
1999-09-30,7.484375,7.484375,6.007813,6.085938,4.656288,44358400
1999-10-01,6.085938,6.1875,5.210938,5.71875,4.375355,56380800
1999-10-04,5.5625,5.59375,5.234375,5.28125,4.040629,30089600
1999-10-05,5.25,5.421875,4.921875,5.367188,4.106379,37184800
1999-10-06,5.375,5.53125,5.25,5.375,4.112359,18813600
1999-10-07,5.4375,5.59375,5.25,5.351563,4.094426,20707200
1999-10-08,5.382813,5.4375,5.226563,5.28125,4.040629,7894400
1999-10-11,5.34375,5.460938,5.335938,5.421875,4.14822,5782400
1999-10-12,5.453125,5.460938,5.09375,5.140625,3.933038,9325600
1999-10-13,5.09375,5.109375,4.960938,5.015625,3.837404,12376800
1999-10-14,5.0625,5.398438,5.0625,5.3125,4.064538,9828800
1999-10-15,5.335938,5.46875,5.125,5.398438,4.130292,8841600
1999-10-18,5.398438,5.8125,5.273438,5.523438,4.225924,10751200
1999-10-19,5.609375,5.695313,5.453125,5.5,4.207993,6476800
1999-10-20,5.539063,5.8125,5.539063,5.765625,4.411221,8013600
1999-10-21,5.796875,6.023438,5.78125,6.023438,4.60847,9898400
1999-10-22,6.21875,6.28125,5.828125,6.070313,4.644332,11749600
1999-10-25,6.039063,6.21875,6.023438,6.117188,4.680197,5340800
1999-10-26,6.117188,6.257813,6.101563,6.125,4.686172,7047200
1999-10-27,6.21875,6.242188,6.148438,6.15625,4.710083,5039200
1999-10-28,6.15625,6.3125,6.15625,6.242188,4.775834,9643200
1999-10-29,6.1875,6.710938,6.179688,6.460938,4.943196,6285600
1999-11-01,6.625,6.867188,6.5,6.523438,4.991015,9892000
1999-11-02,6.859375,6.992188,6.71875,6.914063,5.289877,24812000
1999-11-03,6.882813,6.882813,6.5625,6.617188,5.062742,16022400
1999-11-04,6.59375,6.6875,6.429688,6.5,4.973084,10320800
1999-11-05,6.5625,6.632813,6.554688,6.570313,5.026877,5796800
1999-11-08,6.59375,6.90625,6.570313,6.867188,5.254014,10465600
1999-11-09,6.867188,6.867188,6.578125,6.664063,5.098605,6244000
1999-11-10,6.625,6.796875,6.601563,6.648438,5.08665,6501600
1999-11-11,6.648438,6.726563,6.53125,6.585938,5.038833,7606400
1999-11-12,6.554688,6.703125,6.539063,6.65625,5.092628,4832800
1999-11-15,6.65625,6.867188,6.65625,6.820313,5.218151,6517600
1999-11-16,6.84375,6.953125,6.835938,6.882813,5.265968,7211200
1999-11-17,6.921875,7.148438,6.882813,7.046875,5.39149,10895200
1999-11-18,7,7.3125,6.914063,7.3125,5.594718,14350400
1999-11-19,7.1875,7.203125,6.921875,6.960938,5.325741,6948000
1999-11-22,6.96875,7.007813,6.796875,6.875,5.259991,5176800
1999-11-23,7,7.15625,6.867188,6.960938,5.325741,5582400
1999-11-24,6.78125,6.8125,6.617188,6.617188,5.062742,6660000
1999-11-26,6.617188,6.617188,6.476563,6.476563,4.955151,2566400
1999-11-29,6.46875,6.46875,6.289063,6.289063,4.811696,6400000
1999-11-30,6.289063,6.53125,6.21875,6.492188,4.967104,8896000
1999-12-01,6.421875,6.703125,6.421875,6.601563,5.050787,6919200
1999-12-02,6.570313,6.875,6.554688,6.820313,5.218151,5880800
1999-12-03,6.828125,7.046875,6.71875,6.757813,5.170333,6028800
1999-12-06,6.734375,6.804688,6.65625,6.757813,5.170333,3196800
1999-12-07,6.757813,6.765625,6.453125,6.554688,5.014924,5707200
1999-12-08,6.53125,6.632813,6.476563,6.570313,5.026877,4776000
1999-12-09,6.6875,6.742188,6.273438,6.3125,4.829628,4570400
1999-12-10,6.328125,6.476563,6.179688,6.367188,4.87147,5748000
1999-12-13,6.359375,6.390625,6.117188,6.28125,4.805719,4732800
1999-12-14,6.34375,6.507813,6.289063,6.5,4.973084,5968800
1999-12-15,6.445313,6.609375,6.28125,6.609375,5.056764,4660000
1999-12-16,6.484375,6.585938,6.429688,6.4375,4.925262,9250400
1999-12-17,6.46875,6.507813,6.3125,6.34375,4.853537,8908800
1999-12-20,6.320313,6.320313,6.132813,6.203125,4.745946,7089600
1999-12-21,6.171875,6.25,6.171875,6.203125,4.745946,3832000
1999-12-22,6.195313,6.429688,6.164063,6.28125,4.805719,6478400
1999-12-23,6.367188,6.40625,6.328125,6.369141,4.872964,4181600
1999-12-27,6.390625,6.523438,6.382813,6.476563,4.955151,5304800
1999-12-28,6.460938,6.492188,6.429688,6.460938,4.943196,5236800
1999-12-29,6.445313,6.539063,6.4375,6.523438,4.991015,3588800
1999-12-30,6.5,6.695313,6.492188,6.632813,5.074696,2928000
1999-12-31,6.625,6.679688,6.617188,6.640625,5.080672,1234400
2000-01-03,6.640625,6.757813,6.617188,6.71875,5.140446,3431200
2000-01-04,6.671875,6.78125,6.617188,6.632813,5.074696,5997600
2000-01-05,6.640625,6.773438,6.578125,6.617188,5.062742,10562400
2000-01-06,6.625,6.9375,6.609375,6.859375,5.248036,15300000
2000-01-07,7.1875,7.6875,7.109375,7.664063,5.863697,16160800
2000-01-10,7.726563,7.734375,7.476563,7.53125,5.762079,9336000
2000-01-11,7.375,7.664063,7.335938,7.546875,5.774035,9988000
2000-01-12,7.484375,7.625,7.4375,7.476563,5.720239,6378400
2000-01-13,7.515625,7.742188,7.476563,7.710938,5.899557,6981600
2000-01-14,7.75,7.851563,7.6875,7.703125,5.89358,9292800
2000-01-18,7.53125,7.625,7.28125,7.375,5.642537,5514400
2000-01-19,7.3125,7.554688,7.3125,7.4375,5.690355,7730400
2000-01-20,7.4375,7.625,7.3125,7.625,5.833809,8457600
2000-01-21,7.625,7.625,7.21875,7.296875,5.582763,12880800
2000-01-24,7.171875,7.257813,6.820313,6.898438,5.277924,9503200
2000-01-25,6.9375,7.023438,6.820313,6.898438,5.277924,8416000
2000-01-26,6.8125,7.039063,6.8125,6.882813,5.265968,8797600
2000-01-27,6.882813,6.914063,6.734375,6.773438,5.182288,9053600
2000-01-28,6.53125,6.828125,6.53125,6.578125,5.032856,12754400
2000-01-31,6.578125,6.90625,6.570313,6.625,5.068719,4790400
2000-02-01,6.6875,6.929688,6.640625,6.804688,5.206196,3984000
2000-02-02,6.859375,7.0625,6.859375,6.984375,5.343673,6660000
2000-02-03,6.921875,7,6.882813,6.921875,5.295854,13720800
2000-02-04,6.953125,7.101563,6.953125,7.09375,5.427355,7199200
2000-02-07,7,7.3125,6.976563,7.273438,5.564833,11616800
2000-02-08,7,7.140625,6.96875,7,5.355627,8325600
2000-02-09,7.0625,7.085938,6.71875,6.742188,5.158379,7526400
2000-02-10,7.234375,7.554688,7.132813,7.234375,5.534945,20888000
2000-02-11,7.140625,7.390625,6.984375,7,5.355627,18896000
2000-02-14,7.078125,7.1875,7.046875,7.109375,5.439307,7276000
2000-02-15,7.296875,7.679688,7.28125,7.421875,5.678397,16885600
2000-02-16,7.460938,7.8125,7.414063,7.664063,5.863697,16412800
2000-02-17,7.75,8.085938,7.734375,7.859375,6.013127,12419200
2000-02-18,7.765625,7.8125,7.15625,7.234375,5.534945,15170400
2000-02-22,7.25,7.453125,7.210938,7.351563,5.624604,5828800
2000-02-23,7.28125,7.3125,7.109375,7.15625,5.475173,9806400
2000-02-24,7.078125,7.09375,6.492188,6.578125,5.032856,13012000
2000-02-25,6.578125,6.609375,6.320313,6.40625,4.901356,9658400
2000-02-28,6.375,6.554688,6.3125,6.429688,4.919285,8533600
2000-02-29,6.398438,6.492188,6.375,6.390625,4.889402,7711200
2000-03-01,6.390625,6.921875,6.226563,6.828125,5.224127,12564800
2000-03-02,6.84375,6.875,6.5,6.5625,5.020901,7538400
2000-03-03,6.554688,6.914063,6.507813,6.804688,5.206196,3794400
2000-03-06,6.789063,6.789063,6.53125,6.5625,5.020901,4090400
2000-03-07,6.4375,6.453125,6.109375,6.125,4.686172,8610400
2000-03-08,6.109375,6.179688,5.796875,5.953125,4.554672,10363200
2000-03-09,5.953125,6.203125,5.890625,6.132813,4.692152,6700000
2000-03-10,6.125,6.375,6.070313,6.359375,4.865492,6710400
2000-03-13,6.125,6.3125,6.125,6.257813,4.787788,6282400
2000-03-14,6.234375,6.304688,6.132813,6.257813,4.787788,3949600
2000-03-15,6.210938,6.46875,6.1875,6.429688,4.919285,12876000
2000-03-16,6.328125,6.648438,6.21875,6.515625,4.985036,11164000
2000-03-17,6.625,6.75,6.398438,6.453125,4.937221,9671200
2000-03-20,6.484375,6.671875,6.460938,6.625,5.068719,5468800
2000-03-21,6.625,6.796875,6.625,6.75,5.164353,4168800
2000-03-22,6.71875,6.867188,6.5,6.617188,5.062742,5897600
2000-03-23,6.5625,6.828125,6.53125,6.828125,5.224127,6003200
2000-03-24,6.820313,7.195313,6.804688,7.179688,5.493104,8687200
2000-03-27,7.101563,7.109375,6.921875,6.96875,5.331719,4664800
2000-03-28,6.875,7.023438,6.867188,6.921875,5.295854,3800800
2000-03-29,6.929688,6.992188,6.8125,6.960938,5.325741,3594400
2000-03-30,6.953125,7.234375,6.945313,7.15625,5.478125,5237600
2000-03-31,7.15625,7.460938,7.054688,7.453125,5.705382,7032800
2000-04-03,7.421875,7.8125,7.414063,7.757813,5.938622,7430400
2000-04-04,7.75,7.75,7.21875,7.59375,5.81303,8253600
2000-04-05,7.492188,7.617188,7.382813,7.5,5.741263,5006400
2000-04-06,7.492188,7.75,7.453125,7.710938,5.902736,5516000
2000-04-07,7.695313,7.726563,7.53125,7.71875,5.908717,5463200
2000-04-10,7.828125,8.03125,7.820313,7.984375,6.112054,7511200
2000-04-11,7.875,8.179688,7.757813,8.179688,6.261569,10399200
2000-04-12,8.125,8.609375,8.09375,8.484375,6.494807,10133600
2000-04-13,8.523438,8.570313,7.914063,8.296875,6.351273,13784000
2000-04-14,8.21875,8.21875,7.734375,7.992188,6.118035,5155200
2000-04-17,7.921875,8.070313,7.71875,7.96875,6.100096,5120800
2000-04-18,7.875,8.148438,7.804688,8.109375,6.207744,4708000
2000-04-19,7.9375,8.21875,7.921875,8.085938,6.189801,5062400
2000-04-20,7.929688,8.539063,7.929688,8.390625,6.42304,9542400
2000-04-24,8.4375,8.71875,8.429688,8.679688,6.64432,5580000
2000-04-25,8.671875,8.671875,8.4375,8.53125,6.530688,12896000
2000-04-26,8.5625,8.648438,8.375,8.414063,6.440981,8431200
2000-04-27,8.46875,8.5625,8.359375,8.382813,6.417061,7212800
2000-04-28,8.5,8.5,8.273438,8.335938,6.381176,5775200
2000-05-01,8.257813,8.3125,8.0625,8.070313,6.17784,6320800
2000-05-02,8.125,8.140625,7.835938,7.875,6.028328,12139200
2000-05-03,7.8125,7.828125,7.53125,7.65625,5.860877,15127200
2000-05-04,8.054688,8.054688,7.75,7.804688,5.974505,17708000
2000-05-05,7.929688,7.984375,7.851563,7.882813,6.034307,11467200
2000-05-08,7.882813,8.28125,7.828125,8.25,6.315391,8276000
2000-05-09,8.15625,8.53125,8.125,8.484375,6.494807,8402400
2000-05-10,8.53125,8.75,8.46875,8.546875,6.54265,10783200
2000-05-11,8.632813,8.828125,8.59375,8.648438,6.620396,12660000
2000-05-12,8.757813,8.960938,8.648438,8.921875,6.829714,12364000
2000-05-15,9,9.375,9,9.328125,7.1407,13902400
2000-05-16,9.6875,9.6875,9.320313,9.453125,7.236385,12806400
2000-05-17,9.359375,9.46875,9.28125,9.328125,7.1407,8849600
2000-05-18,9.34375,9.820313,9.335938,9.6875,7.415802,13567200
2000-05-19,9.609375,9.679688,9.453125,9.546875,7.30815,8583200
2000-05-22,9.609375,9.695313,9.320313,9.539063,7.302171,7230400
2000-05-23,9.5,9.585938,9.390625,9.429688,7.218443,6759200
2000-05-24,9.5625,9.90625,9.5625,9.734375,7.451683,19460000
2000-05-25,9.75,9.851563,9.539063,9.570313,7.326095,22335200
2000-05-26,9.5,9.695313,9.398438,9.484375,7.260307,6431200
2000-05-30,9.578125,9.804688,9.484375,9.492188,7.266289,7100800
2000-05-31,9.507813,9.5625,9.3125,9.320313,7.13472,7738400
2000-06-01,9.304688,9.632813,9.265625,9.5,7.272268,9206400
2000-06-02,9.46875,9.539063,9.320313,9.359375,7.164617,7372800
2000-06-05,9.359375,9.53125,9.335938,9.367188,7.170601,5560800
2000-06-06,9.34375,9.453125,9.0625,9.171875,7.02109,8763200
2000-06-07,9.171875,9.335938,9.140625,9.203125,7.045009,7371200
2000-06-08,9.242188,9.390625,9.226563,9.25,7.080891,6693600
2000-06-09,9.265625,9.71875,9.265625,9.617188,7.361977,4442400
2000-06-12,9.617188,10.046875,9.5,9.988281,7.646049,11328000
2000-06-13,10,10.375,10,10.09375,7.726785,18617600
2000-06-14,10.09375,10.414063,10.03125,10.25,7.846397,8972000
2000-06-15,10.257813,10.390625,10.25,10.25,7.846397,10037600
2000-06-16,10.234375,10.296875,10.03125,10.09375,7.726785,9452000
2000-06-19,10.195313,10.234375,9.992188,10,7.655017,8903200
2000-06-20,10.03125,10.234375,10.007813,10.023438,7.672964,5228800
2000-06-21,9.984375,10.1875,9.921875,10.132813,7.75669,3891200
2000-06-22,10.101563,10.359375,9.992188,10.046875,7.690904,8808800
2000-06-23,10.0625,10.109375,9.929688,9.984375,7.643059,5790400
2000-06-26,10,10.1875,9.96875,9.96875,7.631099,8347200
2000-06-27,10.0625,10.085938,9.90625,10.023438,7.672964,8472000
2000-06-28,10.046875,10.414063,9.734375,10.314453,7.895738,8736000
2000-06-29,10.375,11.125,10.328125,10.75,8.229147,19946400
2000-06-30,10.75,11,10.703125,10.71875,8.205229,8524000
2000-07-03,10.679688,11.007813,10.664063,11.007813,8.426497,4158400
2000-07-05,11.039063,11.242188,10.9375,11.125,8.516209,7004800
2000-07-06,10.90625,11.492188,10.882813,11.46875,8.779351,13102400
2000-07-07,11.375,11.429688,11.078125,11.21875,8.587977,12748000
2000-07-10,11.125,11.148438,10.78125,10.921875,8.360715,6252800
2000-07-11,10.921875,11.15625,10.90625,10.960938,8.39062,8452000
2000-07-12,10.960938,11.289063,10.929688,11.15625,8.540131,13590400
2000-07-13,11.03125,11.140625,10.65625,10.71875,8.205229,9004000
2000-07-14,10.71875,10.8125,10.40625,10.5625,8.085614,11498400
2000-07-17,10.5625,10.945313,10.484375,10.867188,8.318858,8053600
2000-07-18,10.375,10.539063,10.203125,10.40625,7.966003,18284000
2000-07-19,10.5625,10.65625,10.46875,10.492188,8.03179,5704800
2000-07-20,10.5,10.664063,10.328125,10.609375,8.121497,4423200
2000-07-21,10.734375,10.75,10.515625,10.625,8.133457,3734400
2000-07-24,10.5625,10.632813,10.226563,10.289063,7.876297,5619200
2000-07-25,10.289063,10.304688,9.84375,9.84375,7.535411,10554400
2000-07-26,9.84375,9.992188,9.765625,9.773438,7.481585,11900800
2000-07-27,9.796875,10.328125,9.796875,10.234375,7.834438,11498400
2000-07-28,10.226563,10.304688,10.109375,10.148438,7.768647,4742400
2000-07-31,10.195313,10.4375,10.148438,10.226563,7.828454,5440000
2000-08-01,10.164063,10.507813,10.164063,10.429688,7.98395,3895200
2000-08-02,10.3125,10.59375,10.226563,10.453125,8.001891,9508800
2000-08-03,10.34375,10.625,10.234375,10.617188,8.127481,12517600
2000-08-04,10.6875,11,10.6875,10.960938,8.39062,9188000
2000-08-07,11.03125,11.1875,10.992188,10.992188,8.414543,6219200
2000-08-08,11.0625,11.085938,10.859375,10.875,8.324836,6905600
2000-08-09,10.875,11.015625,10.6875,10.984375,8.408559,6224800
2000-08-10,10.96875,11.085938,10.851563,11.046875,8.456404,4545600
2000-08-11,10.984375,11.5625,10.984375,11.53125,8.827197,11681600
2000-08-14,11.5625,11.796875,11.5625,11.6875,8.946803,7801600
2000-08-15,11.578125,11.65625,11.507813,11.632813,8.904943,5898400
2000-08-16,11.671875,11.671875,11.453125,11.523438,8.821218,3748800
2000-08-17,11.460938,11.828125,11.460938,11.601563,8.881022,4786400
2000-08-18,11.609375,11.609375,11.28125,11.421875,8.743468,8038400
2000-08-21,11.421875,11.554688,11.390625,11.476563,8.785332,4527200
2000-08-22,11.46875,11.765625,11.46875,11.6875,8.946803,4323200
2000-08-23,11.671875,11.679688,11.351563,11.421875,8.743468,5681600
2000-08-24,11.453125,11.539063,11.375,11.40625,8.731505,4443200
2000-08-25,11.382813,11.40625,11.15625,11.21875,8.587977,8910400
2000-08-28,11.25,11.359375,11.21875,11.25,8.611898,4236000
2000-08-29,11.296875,11.507813,11.289063,11.34375,8.683663,4428000
2000-08-30,11.34375,11.375,11.25,11.328125,8.671702,4172800
2000-08-31,11.3125,11.984375,11.304688,11.814453,9.043987,6971200
2000-09-01,11.875,11.9375,11.671875,11.742188,8.988666,4242400
2000-09-05,11.75,11.859375,11.554688,11.796875,9.030533,3391200
2000-09-06,11.625,11.71875,11.5625,11.5625,8.851119,6530400
2000-09-07,11.5625,11.617188,11.453125,11.476563,8.785332,4832800
2000-09-08,11.296875,11.429688,11.296875,11.3125,8.659745,5390400
2000-09-11,11.3125,11.742188,11.3125,11.6875,8.946803,6009600
2000-09-12,11.8125,12.039063,11.40625,11.429688,8.749451,7288000
2000-09-13,11.320313,11.507813,11.210938,11.4375,8.75543,8502400
2000-09-14,11.679688,11.953125,11.65625,11.8125,9.042493,7286400
2000-09-15,11.796875,11.953125,11.460938,11.585938,8.869057,7742400
2000-09-18,11.578125,11.671875,11.382813,11.398438,8.725527,7361600
2000-09-19,11.585938,11.96875,11.515625,11.789063,9.024553,7596800
2000-09-20,11.710938,11.75,11.445313,11.539063,8.833173,5052800
2000-09-21,11.703125,11.898438,11.695313,11.804688,9.036512,5604800
2000-09-22,11.804688,12.28125,11.734375,12.226563,9.359459,15180800
2000-09-25,12.25,12.53125,12.039063,12.164063,9.311615,6460800
2000-09-26,12,12.273438,11.953125,12.179688,9.323575,4830400
2000-09-27,12.234375,12.40625,12.210938,12.25,9.377398,9971200
2000-09-28,12.3125,12.492188,12.265625,12.429688,9.514949,10519200
2000-09-29,12.445313,12.640625,12.328125,12.34375,9.449161,8254400
2000-10-02,12.375,13.28125,12.15625,13.242188,10.136924,10532800
2000-10-03,13.125,13.492188,12.984375,13.164063,10.077112,8753600
2000-10-04,12.984375,13.34375,12.78125,12.820313,9.813973,7397600
2000-10-05,12.757813,13.25,12.726563,13.101563,10.029272,8195200
2000-10-06,13.109375,13.125,12.765625,12.867188,9.849859,5328000
2000-10-09,12.867188,13.007813,12.765625,12.875,9.855836,4176000
2000-10-10,12.953125,13.429688,12.929688,13.234375,10.130943,12500000
2000-10-11,13.078125,13.382813,12.929688,13.1875,10.095057,13369600
2000-10-12,13.21875,13.3125,12.59375,12.6875,9.712303,10779200
2000-10-13,12.703125,13.078125,12.703125,12.984375,9.939567,6508000
2000-10-16,13.171875,13.625,13.171875,13.617188,10.423981,15316000
2000-10-17,14,14,13.28125,13.351563,10.220645,11013600
2000-10-18,13.257813,13.265625,13.085938,13.101563,10.029272,18152000
2000-10-19,13.101563,13.203125,12.789063,13.070313,10.005354,10554400
2000-10-20,13.015625,13.226563,12.9375,13.164063,10.077112,8279200
2000-10-23,13.085938,13.25,12.976563,13.070313,10.005354,4642400
2000-10-24,13.078125,13.492188,13.078125,13.328125,10.202706,8260000
2000-10-25,13.125,13.453125,12.914063,13.0625,9.99937,18965600
2000-10-26,13.1875,13.554688,13.1875,13.429688,10.280453,13609600
2000-10-27,13.65625,13.90625,13.5625,13.710938,10.495749,13244000
2000-10-30,13.9375,14.625,13.84375,14.5,11.099779,16620000
2000-10-31,14.328125,14.390625,13.601563,13.671875,10.465845,14316800
2000-11-01,13.679688,13.6875,13.109375,13.265625,10.154864,15431200
2000-11-02,13.453125,13.5,13.03125,13.03125,9.975449,9264800
2000-11-03,13.140625,13.453125,13.109375,13.265625,10.154864,9104000
2000-11-06,13.375,13.6875,13.296875,13.632813,10.435946,16323200
2000-11-07,13.632813,13.640625,13.359375,13.59375,10.406043,11733600
2000-11-08,13.75,14.125,13.710938,13.8125,10.573496,7455200
2000-11-09,13.71875,14.226563,13.695313,14.203125,10.872523,16479200
2000-11-10,14.125,14.3125,14.09375,14.125,10.812716,7906400
2000-11-13,14.1875,14.1875,13.546875,13.742188,10.519677,12493600
2000-11-14,13.835938,14.359375,13.664063,14.164063,10.842615,11344000
2000-11-15,14.375,14.515625,14.257813,14.367188,10.998111,15515200
2000-11-16,14.4375,14.742188,14.375,14.40625,11.028013,9970400
2000-11-17,14.375,14.734375,14.328125,14.429688,11.045952,10740000
2000-11-20,14.25,14.578125,14.164063,14.375,11.004093,18385600
2000-11-21,14.375,14.539063,14.320313,14.40625,11.028013,8228000
2000-11-22,14.296875,14.304688,13.796875,14.085938,10.782811,14561600
2000-11-24,14.171875,14.546875,14.09375,14.382813,11.010069,4035200
2000-11-27,14.304688,14.546875,13.976563,14.40625,11.028013,13892800
2000-11-28,14.609375,14.9375,14.46875,14.546875,11.135661,11324000
2000-11-29,14.4375,14.828125,14.398438,14.78125,11.315076,8297600
2000-11-30,14.820313,15.054688,14.609375,14.664063,11.225365,11784000
2000-12-01,14.648438,14.734375,14.382813,14.5,11.099779,9815200
2000-12-04,14.546875,14.875,14.375,14.609375,11.183506,6685600
2000-12-05,14.734375,15.195313,14.6875,14.796875,11.327036,7825600
2000-12-06,14.765625,15.117188,14.59375,14.71875,11.267232,10204800
2000-12-07,14.78125,14.984375,14.359375,14.59375,11.171547,6588000
2000-12-08,14.8125,15.0625,14.6875,14.90625,11.410765,7756800
2000-12-11,14.90625,15.203125,14.90625,15.054688,11.524392,8472800
2000-12-12,14.90625,14.90625,14.71875,14.789063,11.321054,6848000
2000-12-13,15.117188,15.125,14.679688,14.765625,11.303114,9902400
2000-12-14,14.5625,14.726563,14.226563,14.414063,11.033995,10673600
2000-12-15,14.6875,14.898438,14.625,14.6875,11.243311,18532800
2000-12-18,14.65625,15.3125,14.515625,15.109375,11.566258,8542400
2000-12-19,14.8125,14.929688,14.421875,14.632813,11.201448,11905600
2000-12-20,14.3125,15.054688,14.296875,14.734375,11.279195,11152800
2000-12-21,14.96875,15.09375,14.796875,15.085938,11.548317,7305600
2000-12-22,15.140625,15.226563,14.765625,14.9375,11.434686,6125600
2000-12-26,14.9375,15.375,14.75,15.3125,11.721754,4935600
2000-12-27,15.28125,15.375,14.78125,15.21875,11.649982,5977600
2000-12-28,15.25,15.65625,15.03125,15.625,11.960967,5698800
2000-12-29,15.8125,15.859375,15.328125,15.34375,11.74567,3029200
2001-01-02,15.375,15.546875,14.53125,14.734375,11.279195,4878000
2001-01-03,14.984375,15.15625,14.25,14.296875,10.944287,7880400
2001-01-04,14.3125,14.59375,13.203125,13.296875,10.178785,25899600
2001-01-05,13.546875,13.8125,13.390625,13.484375,10.322318,8884800
2001-01-08,13.4375,13.859375,13.34375,13.4375,10.28643,6092000
2001-01-09,13.59375,13.8125,13.359375,13.578125,10.394083,5587200
2001-01-10,13.578125,14.296875,13.578125,14.125,10.812716,7573200
2001-01-11,13.875,14.078125,13.59375,13.84375,10.597419,8792800
2001-01-12,13.734375,13.890625,13.4375,13.546875,10.370161,6419200
2001-01-16,13.546875,13.859375,13.3125,13.421875,10.274468,8226800
2001-01-17,13.46875,13.59375,13,13.171875,10.083097,11669600
2001-01-18,13.171875,13.296875,12.84375,13.0625,9.99937,10007200
2001-01-19,13.0625,13.1875,12.625,12.890625,9.867799,13198000
2001-01-22,13.25,13.953125,13.1875,13.828125,10.585456,10538000
2001-01-23,13.828125,14.6875,13.828125,14.625,11.195466,10196800
2001-01-24,14.46875,14.984375,14.296875,14.921875,11.422729,5084800
2001-01-25,14.921875,15.171875,14.828125,15.125,11.578219,8775200
2001-01-26,15,15.25,14.828125,14.953125,11.446646,4901600
2001-01-29,14.9525,14.9525,14.655,14.69,11.245224,4058800
2001-01-30,14.4575,14.495,14.16,14.27,10.92371,8954000
2001-01-31,14.1875,14.1875,13.73,14.1025,10.795491,7565600
2001-02-01,14.2,14.475,13.975,14.185,10.858644,8748000
2001-02-02,14.975,15.5175,14.9625,15.275,11.693045,18066800
2001-02-05,15.2475,15.635,15.165,15.6025,11.943742,9640000
2001-02-06,15.7125,15.745,15.225,15.225,11.654768,9046400
2001-02-07,15.475,16.09,15.465,15.4675,11.840403,9883200
2001-02-08,15.4875,15.5,15.14,15.225,11.654768,8996800
2001-02-09,14.85,14.9625,14.5625,14.6375,11.205036,9462800
2001-02-12,14.8375,15.1225,14.5075,14.78,11.314122,10798000
2001-02-13,15.1875,15.1875,14.6325,14.6475,11.212693,6012400
2001-02-14,14.975,15.0175,14.2225,14.25,10.908407,7660000
2001-02-15,14.5625,14.7,14.06,14.0625,10.764873,11206400
2001-02-16,14.0625,14.45,14.0625,14.2275,10.89118,7935200
2001-02-20,14.5875,14.625,13.8125,14.15,10.831853,7041200
2001-02-21,14.375,14.405,13.9775,14.12,10.808888,7615200
2001-02-22,14.225,14.2375,13.5025,13.765,10.537135,8439600
2001-02-23,13.775,13.775,13.2425,13.5825,10.39743,7837600
2001-02-26,13.82,14.25,13.675,14.0475,10.753388,7338400
2001-02-27,14.325,14.65,14.1775,14.3525,10.986865,8135200
2001-02-28,14.5,14.8725,14.4875,14.8075,11.335174,7023200
2001-03-01,15,15.125,14.3825,14.7475,11.28924,10278400
2001-03-02,14.8375,15.2475,14.725,15.1975,11.633713,6264400
2001-03-05,15.1975,15.1975,14.7,15,11.482527,6898800
2001-03-06,15.05,15.1625,14.825,15.1275,11.580132,6894000
2001-03-07,15.125,15.25,15.0375,15.125,11.578219,6291600
2001-03-08,15.1125,15.495,15.0975,15.375,11.76959,5147600
2001-03-09,15.4375,15.5,15.18,15.2475,11.671988,5487200
2001-03-12,15.05,15.15,14.775,14.915,11.417462,5508400
2001-03-13,14.9375,14.995,14.5275,14.725,11.272017,9993200
2001-03-14,14.625,14.875,14.4625,14.525,11.118915,6459600
2001-03-15,14.525,14.7,14.4125,14.4775,11.082554,5696400
2001-03-16,14.4625,14.465,13.9125,13.955,10.682581,10479200
2001-03-19,14.0375,14.325,13.8,14.1875,10.860558,7978400
2001-03-20,14.175,14.5275,14.075,14.1875,10.860558,5508400
2001-03-21,13.9375,14.0875,13.55,13.575,10.391689,12255200
2001-03-22,13.625,13.675,12.6375,13.175,10.085487,17008000
2001-03-23,13.37,13.805,13.2425,13.625,10.429962,8599600
2001-03-26,13.6875,14.3375,13.6875,14.025,10.736165,5816000
2001-03-27,14.0875,14.1875,14.0375,14.085,10.782096,9350000
2001-03-28,14.0625,14.37,13.9625,14.025,10.736165,10938800
2001-03-29,14.125,14.4975,14.1,14.4475,11.065508,6665200
2001-03-30,14.625,14.925,14.54,14.815,11.346981,11462400
2001-04-02,14.815,15,14.555,14.625,11.201454,7739600
2001-04-03,14.75,14.95,14.5,14.5575,11.149759,9202000
2001-04-04,14.575,15.12,14.475,14.965,11.461864,8889200
2001-04-05,15.2225,15.25,14.9625,15,11.488671,15155600
2001-04-06,15,15.05,14.5575,14.735,11.285705,7660800
2001-04-09,14.875,14.9875,14.7875,14.945,11.44655,6402800
2001-04-10,14.375,14.9375,14.125,14.7875,11.325914,21452800
2001-04-11,14.6275,14.8,14.325,14.455,11.071249,10278400
2001-04-12,14.455,14.825,14.4375,14.6075,11.18805,6153200
2001-04-16,14.7975,14.985,14.3975,14.5575,11.149759,6614000
2001-04-17,14.525,15.0175,14.495,14.76,11.304853,8026800
2001-04-18,14.7625,15.1725,14.725,15.17,11.618878,12273200
2001-04-19,15.17,15.2475,15.0025,15.1,11.565268,7152800
2001-04-20,15.05,15.1375,14.9375,15.0525,11.528883,6340000
2001-04-23,15.1825,15.5,14.9,14.935,11.438889,7620800
2001-04-24,15.0075,15.2325,15,15.19,11.634197,4900400
2001-04-25,15.19,15.85,15.0625,15.75,12.063105,7560000
2001-04-26,15.9,16.3125,15.7575,16.217501,12.421171,10723200
2001-04-27,16.5625,16.85,16.1525,16.305,12.488192,12341200
2001-04-30,16.375,16.6,16.1875,16.370001,12.537975,7725200
2001-05-01,16.137501,16.575001,16.137501,16.540001,12.668175,7168400
2001-05-02,16.25,16.252501,15.8,15.8,12.101401,21074800
2001-05-03,15.5,15.8025,15.37,15.4,11.795038,15918000
2001-05-04,15.2275,15.355,14.95,15.2875,11.708874,14088400
2001-05-07,15.25,15.2825,15.06,15.2,11.641856,6767600
2001-05-08,15.15,15.15,14.635,14.7775,11.318254,10938400
2001-05-09,14.7125,15.0875,14.64,14.8,11.335489,11662000
2001-05-10,14.8,14.8625,14.3125,14.355,10.994661,14080800
2001-05-11,14.65,14.7425,14.335,14.6125,11.191884,6279600
2001-05-14,14.7625,14.925,14.625,14.7875,11.325914,4814000
2001-05-15,14.7875,15.05,14.7,14.82,11.350809,6251200
2001-05-16,14.625,15.3125,14.6,15.1925,11.636112,5676800
2001-05-17,14.825,14.85,14.375,14.5925,11.17656,13045200
2001-05-18,14.4,14.575,14.0125,14.18,10.860629,14292000
2001-05-21,13.99,14.2625,13.7525,13.87,10.623195,14784000
2001-05-22,13.875,13.9125,13.375,13.575,10.39725,22848400
2001-05-23,13.125,13.4125,13.125,13.2575,10.154074,27742800
2001-05-24,13.275,13.87,13.225,13.825,10.588729,21636000
2001-05-25,13.525,13.8,13.525,13.6125,10.425966,10410000
2001-05-29,13.7875,13.795,13.275,13.45,10.301512,9436800
2001-05-30,13.5125,13.9725,13.4625,13.805,10.573411,13345200
2001-05-31,14.125,14.485,13.9625,14.375,11.00998,14947200
2001-06-01,14.3125,14.32,13.9725,14.175,10.856794,9252800
2001-06-04,14.175,14.3125,13.9925,14.19,10.868286,6000400
2001-06-05,14.1875,14.3725,14.055,14.28,10.937217,8168800
2001-06-06,14.3125,14.72,14.205,14.6,11.182309,9837200
2001-06-07,14.6,14.75,14.2625,14.445,11.063595,5886400
2001-06-08,14.4475,14.65,14.3575,14.5575,11.149759,4761200
2001-06-11,14.55,14.55,14.0625,14.1775,10.858713,7986400
2001-06-12,14.1775,14.3,13.875,14.2,10.875945,7834400
2001-06-13,14.325,14.4925,14.21,14.4,11.029129,5786800
2001-06-14,14.5175,14.675,14.375,14.545,11.140182,8593200
2001-06-15,14.325,14.4125,14.1975,14.285,10.941045,8583600
2001-06-18,14.3,14.65,14.255,14.6,11.182309,7112400
2001-06-19,14.85,14.85,14.3775,14.5075,11.111461,4019200
2001-06-20,14.5325,14.9,14.4,14.7,11.258903,5333600
2001-06-21,14.85,15.2875,14.82,15.14,11.595898,8900800
2001-06-22,14.925,15.3925,14.9,15.2925,11.712703,7057200
2001-06-25,15.425,15.6225,15.4,15.5725,11.927156,7188400
2001-06-26,15.3525,15.54,15.3525,15.4375,11.823759,5282000
2001-06-27,15.4,15.8725,15.3975,15.725,12.043958,7210000
2001-06-28,15.655,15.795,15.515,15.6375,11.976942,8438800
2001-06-29,15.6375,15.735,15.335,15.4375,11.823759,10572800
2001-07-02,15.495,15.73,15.3125,15.615,11.959709,6340400
2001-07-03,15.6125,15.6625,15.5125,15.57,11.925247,5186000
2001-07-05,15.25,15.5375,15.25,15.4775,11.854395,8037600
2001-07-06,15.48,15.5225,15.375,15.48,11.856316,9109600
2001-07-09,15.65,15.95,15.55,15.875,12.158846,11081600
2001-07-10,15.725,15.9,15.6275,15.725,12.043958,4155600
2001-07-11,15.7475,15.9925,15.705,15.87,12.155016,5451200
2001-07-12,15.775,16.2925,15.635,16.2675,12.459464,6953600
2001-07-13,16.25,16.497499,16.219999,16.4475,12.597331,7370000
2001-07-16,16.434999,16.434999,15.95,16.174999,12.388615,10996400
2001-07-17,16.27,16.5,16.190001,16.495001,12.63371,6964400
2001-07-18,16.5,16.7325,16.4,16.59,12.706472,4762000
2001-07-19,16.737499,16.852501,16.555,16.657499,12.758171,5118000
2001-07-20,16.5825,16.775,16.285,16.455,12.603076,4970000
2001-07-23,16.625,16.8125,16.360001,16.4375,12.589675,3278000
2001-07-24,16.375,16.5,16.0875,16.252501,12.447977,3979200
2001-07-25,16,16.237499,15.825,16.115,12.342663,5373200
2001-07-26,16.115,16.405001,16.0625,16.252501,12.447977,3200800
2001-07-27,16.375,16.5625,15.92,16.25,12.446063,7972800
2001-07-30,16.309999,16.940001,16.3025,16.637501,12.742849,9415600
2001-07-31,16.700001,17,16.557501,16.855,12.909438,5433600
2001-08-01,16.5,16.875,16.1625,16.25,12.446063,13364400
2001-08-02,16.450001,16.592501,15.765,15.9875,12.245014,10416400
2001-08-03,16.1875,16.1875,15.7525,16.0725,12.310114,3914800
2001-08-06,16,16.059999,15.8325,15.88,12.162675,2504800
2001-08-07,15.975,16.122499,15.9,16.094999,12.327348,3202800
2001-08-08,16.094999,16.2225,15.8625,15.9175,12.1914,3197600
2001-08-09,15.855,16.075001,15.6875,15.91,12.185653,4291600
2001-08-10,15.8875,16.1775,15.875,16.094999,12.327348,2673200
2001-08-13,16.217501,16.4275,16.1525,16.317499,12.497764,3058800
2001-08-14,16.342501,16.487499,16.217501,16.375,12.5418,2083600
2001-08-15,16.325001,16.487499,16.317499,16.35,12.522654,3250400
2001-08-16,16.35,16.655001,16.299999,16.6,12.714132,3902400
2001-08-17,16.450001,16.6775,16.2775,16.405001,12.564776,3858000
2001-08-20,16.405001,16.620001,16.299999,16.522499,12.654777,2973600
2001-08-21,16.584999,16.809999,16.565001,16.684999,12.779234,3092400
2001-08-22,16.625,16.897499,16.577499,16.844999,12.901774,6982400
2001-08-23,16.934999,17.1875,16.879999,17.1875,13.164102,8267200
2001-08-24,17.3125,17.325001,17.002501,17.0275,13.04156,5888000
2001-08-27,17.0275,17.3225,17.0275,17.125,13.116236,3996000
2001-08-28,17.245001,17.3675,17.075001,17.2325,13.198576,5410400
2001-08-29,17.362499,17.387501,17.209999,17.3125,13.25985,7060800
2001-08-30,17.3675,17.5,17.1075,17.182501,13.160272,15083600
2001-08-31,17.182501,17.225,16.8325,17.014999,13.031981,7135600
2001-09-04,17.014999,17.1,16.945,16.997499,13.018586,7621600
2001-09-05,16.975,17.25,16.975,17.075001,13.077936,7783600
2001-09-06,17.077499,17.077499,16.7125,16.715,12.802213,11350400
2001-09-07,16.5,16.575001,16.1625,16.325001,12.50351,9340000
2001-09-10,16.35,16.66,16.325001,16.6,12.714132,6265600
2001-09-17,16.5,16.5,16.0075,16.127501,12.35224,7342800
2001-09-18,16.137501,16.137501,15.595,15.625,11.967368,10604400
2001-09-19,15.8625,15.95,15.225,15.4375,11.823759,11763200
2001-09-20,15.4375,15.6225,15.325,15.3525,11.75866,11702000
2001-09-21,14.9,15.125,14.7,14.9875,11.4791,9954400
2001-09-24,15.4975,15.5,15.2275,15.4025,11.796953,10732000
2001-09-25,15.5,15.925,15.475,15.7475,12.061192,13761600
2001-09-26,15.8725,16.4375,15.6375,16.4,12.56095,10426400
2001-09-27,16.622499,16.799999,16.450001,16.497499,12.635627,14284000
2001-09-28,16.575001,16.737499,16.325001,16.625,12.733282,13672800
2001-10-01,16.629999,16.905001,16.575001,16.725,12.809871,10371200
2001-10-02,16.725,16.815001,16.5375,16.815001,12.878803,6199600
2001-10-03,16.877501,17.09,16.6875,16.815001,12.878803,10845600
2001-10-04,16.85,17.15,16.700001,17.025,13.039646,9160400
2001-10-05,17.0875,17.309999,16.9125,17.155001,13.139215,4912400
2001-10-08,17.012501,17.155001,16.852501,17.025,13.039646,4842800
2001-10-09,17.025,17.094999,16.815001,17.02,13.035819,5490000
2001-10-10,17.02,17.309999,16.9825,17.23,13.196657,5781200
2001-10-11,17.2925,17.434999,16.8325,16.92,12.959219,10624400
2001-10-12,16.9375,16.9375,16.477501,16.772499,12.846247,7058800
2001-10-15,16.522499,17.094999,16.522499,17.055,13.062625,5676400
2001-10-16,17.25,17.325001,17.075001,17.15,13.135382,5624400
2001-10-17,17.172501,17.237499,16.7575,17.012501,13.030071,8776400
2001-10-18,17.18,17.200001,16.7125,16.952499,12.984121,8037200
2001-10-19,16.8925,17.1175,16.825001,16.9025,12.945822,4982400
2001-10-22,16.9025,17.372499,16.889999,17.2125,13.183252,5991200
2001-10-23,17.325001,17.33,16.965,17.002501,13.022411,5245600
2001-10-24,17.025,17.025,16.5,16.5,12.637542,12027200
2001-10-25,16.620001,16.875,16.4,16.625,12.733282,13698400
2001-10-26,16.5,17.200001,16.475,16.852501,12.907523,11688000
2001-10-29,16.99,17.125,16.76,16.82,12.882629,4933600
2001-10-30,17.0625,17.112499,16.625,16.7075,12.796468,4770000
2001-10-31,16.77,16.7875,16.377501,16.4375,12.589675,6725200
2001-11-01,16.612499,16.612499,16.15,16.305,12.488192,12727200
2001-11-02,16.424999,16.6625,16.305,16.387501,12.551381,7049600
2001-11-05,16.497499,16.682501,16.4475,16.5275,12.658604,4936000
2001-11-06,16.674999,17.155001,16.424999,16.684999,12.779234,10031200
2001-11-07,16.9375,16.950001,16.2125,16.475,12.618394,7729600
2001-11-08,16.5,16.5,15.9475,16.047501,12.290963,12485200
2001-11-09,16.1,16.102501,15.75,15.8825,12.16459,7875600
2001-11-12,15.975,16.17,15.605,16.105,12.335001,5857600
2001-11-13,16.105,16.34,16.075001,16.237499,12.436488,4131600
2001-11-14,16.275,16.4025,16.040001,16.26,12.453724,3448000
2001-11-15,16.26,16.5425,16.254999,16.2875,12.474785,2955200
2001-11-16,16.424999,16.469999,16.307501,16.360001,12.530313,3953600
2001-11-19,16.575001,16.865,16.360001,16.85,12.905608,9357200
2001-11-20,16.85,17.7125,16.85,17.684999,13.545142,17129600
2001-11-21,17.684999,17.950001,17.525,17.717501,13.570035,8177200
2001-11-23,17.717501,17.8475,17.625,17.805,13.637056,1906800
2001-11-26,17.5375,17.875,17.4125,17.862499,13.681098,10623600
2001-11-27,17.690001,17.795,17.625,17.785,13.621737,6812800
2001-11-28,17.785,18.049999,17.6975,17.924999,13.728962,6678000
2001-11-29,17.875,17.950001,17.6525,17.825001,13.652377,3621600
2001-11-30,17.825001,17.870001,17.6625,17.862499,13.681098,4274800
2001-12-03,17.6325,17.887501,17.594999,17.8325,13.658119,4538400
2001-12-04,17.8125,17.8475,17.637501,17.8225,13.650457,4272400
2001-12-05,17.9625,18.094999,17.639999,17.99,13.778747,6498000
2001-12-06,18,18.1175,17.83,18.047501,13.822789,5562000
2001-12-07,18.049999,18.125,17.9475,18.035,13.813212,7320800
2001-12-10,17.975,18.014999,17.764999,17.879999,13.694497,4570400
2001-12-11,18.200001,18.200001,17.8125,17.934999,13.736621,12632800
2001-12-12,17.6875,17.690001,16.952499,17.424999,13.346007,11105200
2001-12-13,17.375,17.615,17.285,17.5,13.40345,5158400
2001-12-14,17.424999,17.762501,17.16,17.74,13.587276,6288800
2001-12-17,17.549999,17.862499,17.502501,17.737499,13.585357,6554400
2001-12-18,17.700001,17.8575,17.58,17.75,13.594929,7292400
2001-12-19,17.875,17.897499,17.237499,17.355,13.292392,14377200
2001-12-20,17.5,17.5,17.25,17.315001,13.26176,8088400
2001-12-21,17.3125,17.41,17.02,17.344999,13.284732,11612400
2001-12-24,17.375,17.682501,17.344999,17.565001,13.453238,3302000
2001-12-26,17.684999,17.6975,17.51,17.559999,13.44941,3177600
2001-12-27,17.5625,17.66,17.4275,17.637501,13.508764,2908400
2001-12-28,17.637501,17.762501,17.6,17.700001,13.556635,3930800
2001-12-31,17.7575,17.985001,17.645,17.692499,13.550888,4166400
2002-01-02,17.5,17.672501,17.2875,17.605,13.483877,4607200
2002-01-03,17.4275,17.5725,17.299999,17.407499,13.332603,5070000
2002-01-04,17.440001,17.6075,17.387501,17.5,13.40345,2894800
2002-01-07,17.549999,17.6175,17.15,17.387501,13.31729,3896800
2002-01-08,17.3375,17.362499,17.129999,17.34,13.280904,5042000
2002-01-09,17.3125,17.57,17.3025,17.389999,13.319205,6437600
2002-01-10,17.317499,17.7125,17.317499,17.65,13.518342,5205200
2002-01-11,17.6625,18.0075,17.555,17.9375,13.738536,5914800
2002-01-14,17.940001,18.309999,17.940001,18.125,13.882148,7298800
2002-01-15,18.15,18.174999,17.975,18.1625,13.910873,5045600
2002-01-16,18.27,18.477501,18.18,18.25,13.977882,7812000
2002-01-17,18.200001,18.25,18,18.084999,13.851512,5668000
2002-01-18,18.0825,18.360001,18.025,18.145,13.897468,5612000
2002-01-22,18.0875,18.299999,18.0375,18.137501,13.891722,5226800
2002-01-23,18.225,18.25,17.940001,18.1,13.863001,5626400
2002-01-24,18.25,18.622499,18.25,18.5825,14.232549,17440400
2002-01-25,18.525,18.700001,18.375,18.549999,14.207658,8096000
2002-01-28,18.514999,18.549999,18.2875,18.5,14.169361,4985200
2002-01-29,18.5,18.615,18.200001,18.237499,13.968313,11738800
2002-01-30,18.237499,18.24,17.952499,18.125,13.882148,6111200
2002-01-31,18.3475,18.59,18.1875,18.5875,14.236382,8150000
2002-02-01,18.59,18.75,18.555,18.7425,14.355096,5052800
2002-02-04,18.625,18.747499,18.4125,18.475,14.150218,3544800
2002-02-05,18.475,18.91,18.475,18.75,14.360843,9528800
2002-02-06,18.74,18.879999,18.512501,18.65,14.284251,4558400
2002-02-07,18.65,18.805,18.584999,18.775,14.379987,5109200
2002-02-08,18.775,18.797501,18.452499,18.6075,14.251697,4526400
2002-02-11,18.6,18.709999,18.3925,18.6,14.24595,5208400
2002-02-12,18.700001,18.9375,18.674999,18.889999,14.46807,6916400
2002-02-13,18.889999,18.8925,18.625,18.799999,14.399132,4550400
2002-02-14,18.877501,18.934999,18.5375,18.6325,14.270847,6866400
2002-02-15,18.625,18.625,18.3925,18.577499,14.228724,5624800
2002-02-19,18.502501,18.5975,18.4125,18.452499,14.132977,2720800
2002-02-20,18.33,18.6,18.1,18.469999,14.146388,7030800
2002-02-21,18.450001,18.754999,18.4125,18.73,14.345523,7390800
2002-02-22,18.799999,18.799999,18.637501,18.682501,14.309142,6266800
2002-02-25,18.737499,18.775,18.567499,18.592501,14.240207,6018800
2002-02-26,18.594999,18.6525,18.375,18.424999,14.111917,7226400
2002-02-27,18.225,18.440001,17.950001,18.237499,13.968313,7901600
2002-02-28,18.3375,18.41,17.952499,18.122499,13.880232,8864000
2002-03-01,18.15,18.209999,17.77,17.8125,13.642797,8964000
2002-03-04,17.702499,17.75,16.9625,17.032499,13.045388,18821600
2002-03-05,17.012501,17.3675,17.004999,17.1875,13.164102,11461600
2002-03-06,17.299999,17.627501,17.299999,17.5075,13.409192,7760800
2002-03-07,17.502501,17.674999,17.33,17.65,13.518342,9818000
2002-03-08,17.85,17.924999,17.77,17.8675,13.684923,7263200
2002-03-11,17.8675,18.305,17.825001,18.27,13.993205,7952800
2002-03-12,18.200001,18.422501,18.102501,18.334999,14.042987,7435600
2002-03-13,18.3375,18.567499,18.285,18.4125,14.102351,6050000
2002-03-14,18.387501,18.6,18.297501,18.6,14.24595,6421600
2002-03-15,18.65,18.719999,18.5725,18.637501,14.274679,8298400
2002-03-18,18.637501,18.82,18.465,18.7325,14.347442,5922400
2002-03-19,18.7925,18.844999,18.577499,18.827499,14.420202,5578400
2002-03-20,18.9025,18.924999,18.76,18.825001,14.418286,3534400
2002-03-21,18.7075,18.895,18.7075,18.834999,14.425944,4208800
2002-03-22,18.817499,18.872499,18.629999,18.67,14.299572,4612800
2002-03-25,18.5175,18.67,18.5175,18.5875,14.236382,4145200
2002-03-26,18.5875,18.6875,18.5625,18.594999,14.242128,6843200
2002-03-27,18.549999,18.9625,18.502501,18.85,14.443259,6808800
2002-03-28,19.049999,19.200001,18.9025,19.105,14.638645,7059600
2002-04-01,19,19.0375,18.782499,18.9725,14.537121,2827600
2002-04-02,19.15,19.4,19.075001,19.254999,14.753586,6759200
2002-04-03,19.2575,19.325001,18.987499,19.1625,14.682701,5457200
2002-04-04,19.1625,19.307501,19.08,19.209999,14.719095,4071200
2002-04-05,19.25,19.450001,19.225,19.360001,14.834034,5567600
2002-04-08,19.2125,19.487499,19.192499,19.27,14.765071,4983600
2002-04-09,19.4125,19.4125,19.26,19.325001,14.80722,5236400
2002-04-10,19.375,19.5,19.3125,19.487499,14.93172,5315600
2002-04-11,19.5,19.665001,19.4025,19.5875,15.008347,7431600
2002-04-12,19.59,19.59,19.075001,19.200001,14.711442,8284400
2002-04-15,19.25,19.25,18.9375,19.125,14.653958,7513600
2002-04-16,19.3125,19.3125,19.002501,19.2125,14.721017,6786000
2002-04-17,19.487499,20.045,19.362499,19.8925,15.242042,15121200
2002-04-18,20.1,21.200001,20.049999,21.065001,16.140434,25330800
2002-04-19,21.174999,21.504999,20.907499,21.445,16.431602,12965200
2002-04-22,21.445,21.934999,21.375,21.497499,16.471828,13741200
2002-04-23,21.5,21.58,21.237499,21.2875,16.310921,11564800
2002-04-24,21.290001,21.844999,21.290001,21.497499,16.471828,7490000
2002-04-25,21.674999,22.42,21.635,21.75,16.665297,13598000
2002-04-26,21.752501,21.975,21.4,21.51,16.481401,10620800
2002-04-29,21.51,21.622499,21.252501,21.5,16.473743,9427200
2002-04-30,21.6075,22.182501,21.59,21.952499,16.820461,9374800
2002-05-01,22.225,22.934999,22.225,22.4025,17.165255,13777200
2002-05-02,22.405001,22.575001,22.2125,22.4825,17.226563,9292000
2002-05-03,22.5,22.725,22.262501,22.387501,17.153761,6946400
2002-05-06,22.2575,22.825001,22.252501,22.4375,17.19208,5678800
2002-05-07,22.4375,22.6875,21.85,22.137501,16.962206,8957200
2002-05-08,22.137501,22.549999,21.5875,22.477501,17.222725,9952000
2002-05-09,22.48,22.8375,22.125,22.125,16.952635,8422000
2002-05-10,22.139999,22.49,22.030001,22.049999,16.895164,5848400
2002-05-13,22,22.075001,21.627501,21.967501,16.831955,6313200
2002-05-14,21.967501,21.967501,21.4725,21.85,16.74192,8843200
2002-05-15,21.799999,22.387501,21.799999,22.0975,16.931559,7772800
2002-05-16,22.3125,22.42,22.075001,22.25,17.04841,6234800
2002-05-17,22.127501,22.469999,21.924999,22.137501,16.962206,6108800
2002-05-20,21.75,21.797501,21.375,21.725,16.646143,7725200
2002-05-21,21.727501,21.924999,21.565001,21.799999,16.703611,7406000
2002-05-22,21.612499,21.825001,21.5,21.592501,16.544624,4470400
2002-05-23,21.8375,22.01,21.715,22,16.856852,7124000
2002-05-24,21.9,22.2875,21.875,22.112499,16.943047,5966800
2002-05-28,22.049999,22.299999,21.975,22.219999,17.025419,4355200
2002-05-29,22.25,22.557501,22.225,22.4725,17.218895,6769200
2002-05-30,22.5375,22.895,22.475,22.795,17.466002,10878800
2002-05-31,22.575001,22.825001,22.3925,22.700001,17.393204,5923600
2002-06-03,22.5,22.875,22.4625,22.592501,17.310835,7082800
2002-06-04,22.592501,22.75,22.275,22.5,17.239965,8448800
2002-06-05,22.525,23.0275,22.485001,22.942499,17.579008,7126400
2002-06-06,22.98,23.120001,22.674999,22.875,17.5273,9927200
2002-06-07,23,23.65,22.950001,23.5975,18.080883,16947600
2002-06-10,23.5975,23.865,23.5,23.76,18.205406,7187200
2002-06-11,24.225,24.445,24.1625,24.2875,18.609589,13393600
2002-06-12,24.2875,24.4725,24.125,24.26,18.58852,8467200
2002-06-13,24.129999,24.325001,23.799999,23.862499,18.283939,6043600
2002-06-14,23.924999,24.075001,22.7875,22.934999,17.573267,16908800
2002-06-17,23.375,23.747499,23.372499,23.5,18.006197,11331200
2002-06-18,23.407499,24.137501,23.405001,23.8475,18.272438,7998000
2002-06-19,24.112499,24.4,24,24.325001,18.638313,7468800
2002-06-20,24.1775,24.272499,23.924999,24.035,18.416115,9300800
2002-06-21,23.8125,24.049999,23.262501,23.4,17.929558,12666800
2002-06-24,23.4,23.4025,22.025,22.504999,17.243795,12966400
2002-06-25,22.567499,22.73,22,22.4375,17.19208,12705600
2002-06-26,22,22.799999,21.9,22.75,17.431522,12123200
2002-06-27,22.752501,23,22.3375,22.987499,17.613499,9781200
2002-06-28,22.875,23.2775,22.455,22.887501,17.536873,14964400
2002-07-01,23.200001,23.25,22.700001,23.0875,17.690113,10658000
2002-07-02,23,23.1875,22.2125,22.5625,17.287848,15376800
2002-07-03,22.565001,23.0875,21.775,22.549999,17.278278,10966000
2002-07-05,22.950001,22.9725,22.639999,22.969999,17.600086,4461200
2002-07-08,23.325001,23.525,23.155001,23.34,17.883593,7991600
2002-07-09,23.424999,23.557501,22.950001,22.98,17.607754,9804000
2002-07-10,22.862499,23.004999,21.969999,22.0625,16.904747,12147200
2002-07-11,22,22.459999,21.4575,22.4125,17.172918,16940400
2002-07-12,23.225,23.375,22.775,23.030001,17.646061,14453600
2002-07-15,23.092501,23.129999,22.002501,23.084999,17.688192,13169200
2002-07-16,22.625,22.9825,22.375,22.4375,17.19208,11535200
2002-07-17,22.747499,23.125,22.5625,23.125,17.718851,12235200
2002-07-18,23.452499,24.075001,21.955,22.424999,17.182497,23974000
2002-07-19,22.625,22.807501,22.002501,22.049999,16.895164,17581600
2002-07-22,22.049999,22.200001,20.375,20.610001,15.791807,20810400
2002-07-23,20.6875,21.25,20.370001,20.942499,16.046574,15755200
2002-07-24,20.6,22.1875,20.51,22.1875,17.000517,15815200
2002-07-25,21.875,22.75,21.075001,21.809999,16.711271,14739600
2002-07-26,21.625,21.780001,21.08,21.432501,16.422024,12287600
2002-07-29,21.762501,22.049999,21.2875,21.790001,16.695948,11758000
2002-07-30,21.625,22.305,20.977501,21.3375,16.349234,17766800
2002-07-31,21.4,22.1,21.025,21.915001,16.791725,13916800
2002-08-01,21.8375,21.875,21.1175,21.557501,16.517801,11552000
2002-08-02,21.525,21.5275,20.985001,21.272499,16.299425,8817200
2002-08-05,21.125,21.237499,20.512501,20.535,15.734338,10998800
2002-08-06,20.8125,21.32,20.75,21.075001,16.148096,10178400
2002-08-07,21.5,21.5625,20.737499,21.3675,16.372215,10469200
2002-08-08,21.225,22.174999,21.225,22.047501,16.893253,8567200
2002-08-09,21.9375,22.245001,21.35,22.075001,16.914331,7523200
2002-08-12,21.8375,22.387501,21.775,22.3125,17.096294,7393200
2002-08-13,22.15,22.434999,21.66,21.702499,16.628901,7125600
2002-08-14,21.702499,22.5,21.657499,22.5,17.239965,7322000
2002-08-15,22.799999,22.8475,21.987499,22.035,16.883673,10296400
2002-08-16,22,22.434999,21.875,22.1525,16.973705,6504800
2002-08-19,22.215,22.5,22.129999,22.4375,17.19208,5017600
2002-08-20,22.275,22.75,22.200001,22.299999,17.086716,5895200
2002-08-21,22.5375,22.65,22.129999,22.317499,17.100126,4560800
2002-08-22,22.5,23.1875,22.434999,22.995001,17.619244,10267600
2002-08-23,22.932501,23.129999,22.4625,22.559999,17.285944,5392400
2002-08-26,22.775,22.775,22.440001,22.592501,17.310835,4666000
2002-08-27,22.5375,22.57,21.977501,22.0625,16.904747,6842400
2002-08-28,21.975,22.1975,21.5525,21.637501,16.579105,4984800
2002-08-29,21.540001,21.9625,21.4475,21.827499,16.724676,5432400
2002-08-30,21.9,22.502501,21.860001,22.0875,16.923899,5183600
2002-09-03,21.9925,21.995001,21.065001,21.129999,16.190243,6598400
2002-09-04,21.192499,21.700001,21.0075,21.700001,16.626986,8457200
2002-09-05,21.512501,21.6525,21.325001,21.5625,16.521633,7490400
2002-09-06,21.674999,21.865,21.512501,21.66,16.59634,8617600
2002-09-09,21.66,22.184999,21.549999,22.110001,16.941135,4929600
2002-09-10,22.120001,22.41,22.014999,22.200001,17.01009,4556400
2002-09-11,22.254999,22.385,22.125,22.195,17.006268,2970800
2002-09-12,22.127501,22.615,21.977501,22.415001,17.174837,5632800
2002-09-13,22.415001,22.9825,22.165001,22.950001,17.584759,7474400
2002-09-16,22.950001,23.120001,22.77,23.120001,17.715025,6383200
2002-09-17,23.219999,23.352501,22.807501,22.872499,17.525379,6578000
2002-09-18,22.6875,22.9725,22.602501,22.950001,17.584759,7571600
2002-09-19,22.75,22.7875,22.375,22.4,17.163345,9670000
2002-09-20,22.325001,22.5425,22.325001,22.504999,17.243795,9586800
2002-09-23,22.5075,22.735001,22.1875,22.4475,17.199741,7859600
2002-09-24,22.049999,22.15,21.504999,21.592501,16.544624,9770400
2002-09-25,21.9625,22.049999,21.702499,21.834999,16.730417,9602400
2002-09-26,22,22.025,21.5625,21.885,16.768732,13634000
2002-09-27,21.875,22.2925,21.844999,21.85,16.74192,9158000
2002-09-30,21.799999,21.950001,21.6,21.805,16.707443,10308000
2002-10-01,21.887501,22.120001,21.799999,22.1175,16.946886,12082800
2002-10-02,21.9925,22.5,21.987499,22.375,17.14419,9407200
2002-10-03,22.65,23.014999,22.57,22.895,17.542625,9960800
2002-10-04,22.83,22.8925,22.3375,22.467501,17.215069,8780400
2002-10-07,22.4375,22.997499,22.375,22.5625,17.287848,10882000
2002-10-08,22.6625,23,22.407499,22.9275,17.56753,9143200
2002-10-09,22.7875,23.1875,22.674999,22.745001,17.427696,9857200
2002-10-10,22.747499,23.4,22.747499,23.045,17.657558,13088400
2002-10-11,23.1875,23.555,23.1875,23.372499,17.908487,9843200
2002-10-14,23.3325,23.735001,23.3025,23.6875,18.149853,12294400
2002-10-15,24.125,24.245001,23.895,24.1175,18.479324,11356800
2002-10-16,24.1175,24.5875,24.067499,24.495001,18.768578,12774400
2002-10-17,24.98,25.120001,24.200001,24.424999,18.714933,16254000
2002-10-18,24.41,25.125,24.370001,24.932501,19.1038,11264000
2002-10-21,24.975,25.25,24.692499,24.83,19.025251,9056000
2002-10-22,24.8325,25.25,24.620001,24.735001,18.952469,9114000
2002-10-23,24.745001,25.110001,24.497499,25.092501,19.226391,7117600
2002-10-24,24.924999,25,24.5075,24.57,18.826031,9154800
2002-10-25,24.5725,24.9375,23.625,24.272499,18.598095,15302400
2002-10-28,24.275,24.275,23.525,23.91,18.320332,11838000
2002-10-29,23.8125,23.875,23.26,23.67,18.136444,7964800
2002-10-30,23.844999,24.137501,23.615,23.8325,18.260954,5423200
2002-10-31,24,24.125,22.25,22.737499,17.421932,22192400
2002-11-01,22.737499,23.370001,22.4,23.172501,17.755243,13972000
2002-11-04,23.5725,23.747499,23.2325,23.352501,17.893169,8641600
2002-11-05,23.3375,23.5625,22.5975,22.8025,17.471746,9198800
2002-11-06,23,23.799999,22.9,23.629999,18.105795,11367600
2002-11-07,23.6625,24.025,23.5425,23.7575,18.203485,7851200
2002-11-08,23.76,23.76,21.627501,21.7075,16.632725,38267600
2002-11-11,22.075001,22.1875,21.375,21.997499,16.854942,17381200
2002-11-12,22,22.5,21.817499,22.33,17.109707,10819200
2002-11-13,22.2675,22.75,22.264999,22.547501,17.276365,8793200
2002-11-14,22.75,22.9625,22.605,22.674999,17.374052,8702800
2002-11-15,22.65,23.362499,22.6,23.225,17.795479,7656400
2002-11-18,23.262501,23.467501,23.125,23.2425,17.808884,6014400
2002-11-19,23.245001,23.262501,22.6425,22.875,17.5273,7996000
2002-11-20,22.275,22.6075,22.075001,22.4375,17.19208,18701600
2002-11-21,22.48,22.497499,20.780001,21.2225,16.261118,37980400
2002-11-22,21.395,21.75,21.0625,21.155001,16.209398,16452400
2002-11-25,20.7325,20.7325,18.76,19.112499,14.644385,56801200
2002-11-26,19.375,19.9475,19.375,19.775,15.152012,30924400
2002-11-27,20.25,20.285,19.9475,20.0975,15.399114,14601600
2002-11-29,20.0975,20.450001,20.0975,20.362499,15.602165,5710000
2002-12-02,20.4625,20.555,19.1,19.1625,14.682701,20198000
2002-12-03,19.165001,19.7925,19.067499,19.7325,15.119444,16115600
2002-12-04,19.725,20.875,19.6075,20.77,15.914397,21419200
2002-12-05,20.772499,20.9,20.125,20.825001,15.956542,15631200
2002-12-06,20.825001,21.18,20.702499,20.8375,15.966118,9826400
2002-12-09,20.84,21.122499,20.200001,20.2325,15.502559,11081600
2002-12-10,20.2325,20.68,20.2325,20.455,15.67304,8882000
2002-12-11,20.674999,20.924999,20.625,20.7675,15.912482,5769600
2002-12-12,20.825001,20.959999,20.725,20.940001,16.044653,6933600
2002-12-13,21.022499,21.049999,20.3125,20.48,15.692191,8337200
2002-12-16,20.48,20.674999,20.352501,20.674999,15.841609,12798400
2002-12-17,20.549999,20.737499,20.522499,20.59,15.776481,5204400
2002-12-18,20.602501,20.735001,20.32,20.502501,15.709436,5330800
2002-12-19,20.625,20.950001,20.1875,20.5,15.707522,9201600
2002-12-20,20.4,20.5975,20.032499,20.272499,15.533201,11512800
2002-12-23,20.35,20.9575,20.299999,20.93,16.036997,7364000
2002-12-24,20.997499,21.1625,20.9175,21.067499,16.142353,2969600
2002-12-26,21.145,21.145,20.75,20.797501,15.935477,3905200
2002-12-27,20.9375,20.9375,20.559999,20.5625,15.75541,3376800
2002-12-30,20.5875,20.967501,20.375,20.9,16.014009,6438400
2002-12-31,20.9025,20.985001,20.6525,20.875,15.994863,4596800
2003-01-02,20.877501,21.4275,20.700001,21.4275,16.4182,10068400
2003-01-03,21.5,21.775,21.4275,21.645,16.584848,8318000
2003-01-06,21.6,21.682501,21.049999,21.1,16.167253,9381600
2003-01-07,21.102501,21.102501,20.6875,20.945,16.048487,8544400
2003-01-08,21,21.25,20.93,21.125,16.186409,5682400
2003-01-09,21.125,21.3375,20.877501,21.125,16.186409,7050800
2003-01-10,21,21.045,20.737499,20.862499,15.985283,6765200
2003-01-13,20.700001,20.959999,20.5375,20.6625,15.832041,7900000
2003-01-14,20.6625,20.6625,20.4375,20.5625,15.75541,7093200
2003-01-15,20.6875,20.76,20.35,20.5,15.707522,9206400
2003-01-16,20.525,20.620001,20.25,20.565001,15.757327,8652000
2003-01-17,20.5625,21.2125,20.5,21.084999,16.155766,8505600
2003-01-21,21.084999,21.2925,20.775,20.790001,15.929732,7129600
2003-01-22,20.825001,21.209999,20.625,20.6875,15.85119,11032000
2003-01-23,20.875,21.275,20.875,21.1975,16.241959,15162000
2003-01-24,21.200001,21.512501,21.122499,21.202499,16.245796,13107600
2003-01-27,21.165001,21.165001,20.59,20.6325,15.809057,8908400
2003-01-28,20.780001,21.084999,20.674999,21.0375,16.119364,8867600
2003-01-29,21.040001,21.497499,20.862499,21.497499,16.471828,10755200
2003-01-30,21.442499,21.65,21.362499,21.424999,16.416273,8853600
2003-01-31,21.35,21.977501,21.35,21.975,16.837708,9518400
2003-02-03,21.977501,22.1875,21.325001,21.504999,16.477571,14044000
2003-02-04,21.5075,21.5075,20.887501,21.075001,16.148096,13009600
2003-02-05,21.077499,21.432501,20.9825,20.9825,16.077225,7538400
2003-02-06,20.985001,21.254999,20.8925,21.004999,16.094471,7111600
2003-02-07,21.25,21.32,21.077499,21.1625,16.215137,7011200
2003-02-10,21.219999,21.475,21.1625,21.4,16.397125,5423200
2003-02-11,21.4375,21.5,20.842501,20.860001,15.983362,11144800
2003-02-12,20.875,20.969999,19.825001,20.059999,15.370387,20561200
2003-02-13,19.8125,20.184999,19.684999,19.9375,15.276527,12744400
2003-02-14,19.940001,19.995001,19.6,19.995001,15.320584,11654800
2003-02-18,20.025,20.59,20.025,20.504999,15.711351,6559600
2003-02-19,20.5,20.775,20.4175,20.475,15.688367,6644000
2003-02-20,20.475,20.625,20.137501,20.375,15.611745,8484400
2003-02-21,20.375,20.747499,20.084999,20.547501,15.743917,10335200
2003-02-24,20.3125,20.315001,19.950001,20.0625,15.372305,9526800
2003-02-25,19.9625,20.2425,19.807501,20.200001,15.477654,9771200
2003-02-26,20.200001,20.637501,20.15,20.545,15.742002,7871600
2003-02-27,20.625,20.7575,20.405001,20.66,15.830115,8824000
2003-02-28,20.625,20.875,20.6,20.725,15.87992,6041200
2003-03-03,20.825001,21.0825,20.815001,20.9575,16.058069,7499200
2003-03-04,20.959999,21.059999,20.610001,20.610001,15.791807,7731200
2003-03-05,20.672501,21.049999,20.6,21.049999,16.128941,9066400
2003-03-06,20.860001,21.237499,20.8575,21.127501,16.18833,9167600
2003-03-07,21,21.4275,20.975,21.35,16.358809,8483200
2003-03-10,21.35,21.41,20.9,20.952499,16.054234,6504800
2003-03-11,21.012501,21.07,20.737499,20.877501,15.996776,4983200
2003-03-12,20.825001,20.98,20.547501,20.9125,16.023596,8335600
2003-03-13,20.997499,21.4275,20.977501,21.4275,16.4182,8240400
2003-03-14,21.465,21.532499,20.875,20.91,16.021662,9812000
2003-03-17,20.985001,21.735001,20.945,21.672501,16.605915,11094400
2003-03-18,21.65,21.9,21.567499,21.809999,16.711271,7786400
2003-03-19,21.77,21.9375,21.584999,21.9375,16.808966,6547600
2003-03-20,21.737499,22.02,21.540001,21.8475,16.74,6178800
2003-03-21,22.1,22.475,22.014999,22.475,17.220816,7850400
2003-03-24,22.477501,22.477501,21.955,22.325001,17.105873,7697200
2003-03-25,22.327499,22.8225,22.2125,22.665001,17.366392,8354000
2003-03-26,22.605,22.7325,22.375,22.4025,17.165255,6722400
2003-03-27,22.4025,22.485001,22.0375,22.432501,17.188248,7393200
2003-03-28,22.424999,23.035,22.3475,23.035,17.65579,9069200
2003-03-31,22.875,23.172501,22.719999,22.9175,17.56572,7777600
2003-04-01,22.9175,23.0375,22.375,22.82,17.491001,11131600
2003-04-02,22.924999,23.24,22.844999,22.9175,17.56572,9322800
2003-04-03,23.025,23.407499,22.775,23.25,17.820589,8679600
2003-04-04,23,23.4625,22.997499,23.0825,17.692202,8158000
2003-04-07,23.2575,23.625,23.092501,23.1075,17.711365,9087200
2003-04-08,23.105,23.497499,22.967501,23.424999,17.95472,10516800
2003-04-09,23.424999,23.545,23.0425,23.105,17.709444,7107200
2003-04-10,23.105,23.105,22.717501,22.91,17.559982,10178000
2003-04-11,22.91,23.32,22.6625,23.2325,17.807173,6285200
2003-04-14,23.2325,23.705,22.987499,23.535,18.039036,6379200
2003-04-15,23.535,23.577499,23.025,23.440001,17.966209,12858000
2003-04-16,23.5,23.7775,22.049999,22.512501,17.255304,32850400
2003-04-17,22.512501,23.1075,22.459999,22.9625,17.600224,13449200
2003-04-21,22.965,23.247499,22.305,22.379999,17.153749,11239600
2003-04-22,22.25,22.91,22.200001,22.825001,17.494831,10440000
2003-04-23,22.825001,22.860001,22.5625,22.6875,17.389442,6598400
2003-04-24,22.8375,22.959999,22.362499,22.775,17.456507,13541200
2003-04-25,22.762501,23.075001,22.639999,22.674999,17.379858,7132800
2003-04-28,22.6425,22.75,22.4125,22.7075,17.404778,7626000
2003-04-29,22.7075,22.8125,22.525,22.627501,17.34346,7396800
2003-04-30,22.567499,23.075001,22.450001,23.032499,17.653875,15325200
2003-05-01,23.032499,23.0725,22.625,22.7325,17.423937,7833200
2003-05-02,22.502501,23.225,22.362499,23.1625,17.753513,12119600
2003-05-05,23.2125,23.575001,23.184999,23.334999,17.88574,9244000
2003-05-06,23.334999,23.5625,23.297501,23.52,18.02754,5408800
2003-05-07,23.52,23.567499,23.17,23.190001,17.774595,6044800
2003-05-08,23.190001,23.424999,23,23.0525,17.66921,5580400
2003-05-09,23.16,23.372499,23.0975,23.372499,17.914476,3480800
2003-05-12,23.325001,23.620001,23.2325,23.5525,18.052448,4229200
2003-05-13,23.4925,23.525,23.290001,23.405001,17.939386,4456800
2003-05-14,23.387501,23.5,23.2875,23.407499,17.941307,5080800
2003-05-15,23.387501,23.497499,23.059999,23.297501,17.856985,7245600
2003-05-16,23.297501,24.0375,23.285,23.852501,18.282393,19221200
2003-05-19,23.790001,24.09,23.5725,23.575001,18.069695,8457200
2003-05-20,23.73,24.452499,23.6875,23.9375,18.34753,17442800
2003-05-21,23.9375,24.555,23.75,24.475,18.759518,12160000
2003-05-22,24.275,24.48,24.147499,24.1975,18.546829,8098000
2003-05-23,24.09,24.2425,23.780001,23.870001,18.295805,5964400
2003-05-27,23.8375,24.184999,23.8375,23.84,18.272806,7092800
2003-05-28,23.9375,24.055,23.6875,23.865,18.291973,7568800
2003-05-29,23.865,24.075001,23.6325,23.762501,18.213409,6176800
2003-05-30,23.762501,24,23.532499,23.985001,18.383951,6593200
2003-06-02,24.0175,24.115,23.5425,23.584999,18.077354,9913600
2003-06-03,23.502501,24.0175,23.424999,23.997499,18.393524,8828400
2003-06-04,24,24.049999,23.775,23.8375,18.270893,6177600
2003-06-05,23.84,24.275,23.672501,24.252501,18.588984,7504000
2003-06-06,24.252501,24.625,24.252501,24.465,18.751856,7203600
2003-06-09,24.467501,24.725,24.219999,24.2875,18.61581,6990000
2003-06-10,24.5,24.9625,24.5,24.7075,18.937731,7956800
2003-06-11,24.7075,25.3125,24.7075,25.3125,19.401451,9931600
2003-06-12,25.3125,25.5625,25.17,25.504999,19.548981,6752400
2003-06-13,25.504999,25.6875,25.155001,25.225,19.334379,5492800
2003-06-16,25.6,25.7875,25.4375,25.75,19.736769,5888800
2003-06-17,25.932501,26.2775,25.932501,26.2225,20.098928,8028000
2003-06-18,26.25,26.334999,26,26.07,19.982052,6985200
2003-06-19,26.07,26.125,24.870001,24.965,19.135098,8929800
2003-06-20,25.17,25.525,24.879999,25.295,19.388035,11751400
2003-06-23,25.174999,25.195,24.77,25.165001,19.288391,6885200
2003-06-24,25.215,25.74,25.115,25.26,19.361195,5043000
2003-06-25,25.08,25.309999,24.625,25.004999,19.165754,7099800
2003-06-26,25.004999,25.379999,24.77,25.280001,19.376537,3667000
2003-06-27,25.5,25.5,25,25.110001,19.246227,3061000
2003-06-30,25.4,25.459999,25,25.125,19.257736,3873600
2003-07-01,25.125,25.16,24.75,25.155001,19.280735,3967600
2003-07-02,25.059999,25.799999,25.025,25.74,19.729115,4742800
2003-07-03,25.735001,25.815001,25.385,25.455,19.51067,2006200
2003-07-07,25.535,26.105,25.52,25.99,19.920732,4246400
2003-07-08,25.99,26.209999,25.75,26.1,20.005047,4300800
2003-07-09,26.1,26.495001,25.889999,26.129999,20.028032,4942000
2003-07-10,26.075001,26.215,25.545,25.780001,19.759779,4005400
2003-07-11,25.5,26,25.43,25.6,19.621817,5327000
2003-07-14,25.6,25.809999,24.905001,24.924999,19.104435,9717200
2003-07-15,25.004999,25.115,24.785,25.014999,19.173424,7472200
2003-07-16,25.049999,25.125,24.075001,24.305,18.629223,8215600
2003-07-17,24.625,26.08,23.625,25.895,19.847921,17773400
2003-07-18,26.02,26.23,25.6,26.219999,20.097019,6584200
2003-07-21,26.219999,26.360001,25.120001,26.245001,20.11619,5512000
2003-07-22,26.375,26.5,26.174999,26.415001,20.246487,4936000
2003-07-23,26.875,27.625,26.370001,27.254999,20.890322,11104200
2003-07-24,27.280001,27.305,26.625,26.625,20.407454,4639200
2003-07-25,26.629999,27.094999,26.379999,27.055,20.737036,5298000
2003-07-28,26.9,27.5,26.885,27.334999,20.951649,4351000
2003-07-29,27.334999,27.975,27.334999,27.575001,21.135601,6255600
2003-07-30,27.875,28.125,27.200001,27.375,20.982307,14137600
2003-07-31,26.76,26.809999,25.92,26.045,19.962879,12282200
2003-08-01,26.049999,26.700001,25.799999,26.25,20.120016,7297400
2003-08-04,26.049999,26.370001,25.58,26.200001,20.081694,5352200
2003-08-05,26.200001,26.200001,25.424999,25.424999,19.487673,5949200
2003-08-06,25.35,25.355,23.754999,24.395,18.69821,19397000
2003-08-07,24.5,25.075001,24.5,24.985001,19.150419,8590800
2003-08-08,24.985001,25.540001,24.790001,24.934999,19.112097,5909600
2003-08-11,24.940001,25.775,24.940001,25.389999,19.460848,6006000
2003-08-12,25.5,25.639999,25.16,25.58,19.606483,4338600
2003-08-13,25.775,25.865,25.165001,25.219999,19.330547,4183800
2003-08-14,25.5,25.76,25.174999,25.605,19.625648,3394200
2003-08-15,25.605,25.65,25.25,25.605,19.625648,1746800
2003-08-18,25.799999,26.205,25.625,25.83,19.798094,3114400
2003-08-19,25.715,25.91,25.540001,25.735001,19.725286,2950400
2003-08-20,25.735001,25.74,25.08,25.15,19.276894,5701400
2003-08-21,25.15,25.33,24.745001,24.790001,19.000965,6664000
2003-08-22,24.950001,24.975,24.41,24.455,18.744192,5652400
2003-08-25,24.405001,24.495001,24.275,24.35,18.663708,4573600
2003-08-26,24.1,24.639999,23.975,24.620001,18.870661,7245800
2003-08-27,24.5,24.610001,24.325001,24.475,18.759518,3869000
2003-08-28,24.540001,24.9,24.355,24.4,18.70203,4282200
2003-08-29,24.275,24.77,24.27,24.715,18.943474,3753600
2003-09-02,24.75,25.045,24.549999,24.9,19.085272,4537000
2003-09-03,24.975,25.155001,24.700001,24.775,18.989462,6917200
2003-09-04,24.75,24.950001,24.635,24.934999,19.112097,4987400
2003-09-05,24.934999,25.025,24.715,24.799999,19.008623,4534000
2003-09-08,24.85,25.475,24.825001,25.254999,19.35737,4746400
2003-09-09,25.25,25.4,25.059999,25.155001,19.280735,3455200
2003-09-10,25.025,25.434999,24.950001,25,19.161917,2882600
2003-09-11,25.004999,25.23,24.74,25.01,19.16959,3250600
2003-09-12,24.950001,25.209999,24.77,24.950001,19.123602,6627200
2003-09-15,25.120001,25.15,24.799999,25.02,19.177254,3561800
2003-09-16,25,25.105,24.9,25.040001,19.192583,3594600
2003-09-17,25.059999,25.49,24.959999,25.34,19.422525,4220800
2003-09-18,25.254999,25.445,25.195,25.295,19.388035,6927000
2003-09-19,25.375,25.405001,24.969999,24.98,19.146587,5179800
2003-09-22,24.985001,25,24.6,24.85,19.046951,5354600
2003-09-23,25,25.02,24.674999,24.780001,18.993294,4412600
2003-09-24,24.700001,24.799999,24.52,24.525,18.797842,4239400
2003-09-25,24.5,24.545,23.950001,24,18.395439,5348400
2003-09-26,24.025,24.264999,24,24.165001,18.521919,5627000
2003-09-29,24.26,24.49,24.09,24.389999,18.694378,5646400
2003-09-30,24.475,25.26,24.4,25.16,19.284557,7696800
2003-10-01,25.16,25.924999,24.75,25.879999,19.836424,8299600
2003-10-02,25.879999,26.34,25.684999,26.125,20.02421,6571600
2003-10-03,26.475,26.540001,26.299999,26.299999,20.158342,5902600
2003-10-06,26.299999,26.35,25.594999,25.75,19.736769,4800000
2003-10-07,25.5,25.875,25.5,25.825001,19.79427,4290400
2003-10-08,25.825001,25.950001,25.59,25.625,19.64097,3131000
2003-10-09,25.950001,26,25.665001,25.790001,19.767441,3717000
2003-10-10,25.790001,26.145,25.790001,26.084999,19.993549,2811000
2003-10-13,26.375,26.635,26.295,26.475,20.29248,4213000
2003-10-14,26.475,26.475,26.049999,26.225,20.100849,3228400
2003-10-15,26.110001,26.365,25.65,25.665001,19.671633,5604600
2003-10-16,26.275,27,26.200001,26.690001,20.457272,8438000
2003-10-17,26.9,27.055,26.799999,26.995001,20.69105,5051600
2003-10-20,27.200001,27.504999,27.094999,27.450001,21.039791,6224000
2003-10-21,27.450001,27.82,26.9,27.775,21.288895,5840400
2003-10-22,27.775,27.775,27.35,27.5,21.078115,2948000
2003-10-23,27.299999,27.4,26.945,26.99,20.687202,5065800
2003-10-24,26.99,27.315001,26.695,27.125,20.790688,4088800
2003-10-27,26.25,27,25.514999,26.200001,20.081694,23816200
2003-10-28,26.25,26.674999,26.055,26.174999,20.062536,11444600
2003-10-29,26.174999,26.469999,26.09,26.135,20.031872,6759400
2003-10-30,26.35,26.360001,25.309999,25.525,19.564327,9547600
2003-10-31,25.775,25.969999,25.41,25.440001,19.499176,8392000
2003-11-03,25.65,25.690001,25.155001,25.209999,19.322887,8052800
2003-11-04,25.209999,25.440001,24.75,24.84,19.039282,9676400
2003-11-05,24.74,25.065001,24.625,25,19.161917,6968000
2003-11-06,25,25.025,24.415001,24.549999,18.816996,7779600
2003-11-07,24.555,24.555,23.790001,23.924999,18.337957,13116400
2003-11-10,23.885,24.25,23.885,24.120001,18.487429,7621400
2003-11-11,24.120001,24.530001,24.09,24.459999,18.748026,5906800
2003-11-12,24.049999,24.875,24.049999,24.82,19.023962,6597800
2003-11-13,24.82,25.004999,24.705,24.950001,19.123602,5786200
2003-11-14,24.950001,25.125,24.725,24.84,19.039282,4433200
2003-11-17,24.84,24.99,24.415001,24.924999,19.104435,4000200
2003-11-18,24.950001,25.004999,24.5,24.549999,18.816996,4141400
2003-11-19,24.950001,25.895,24.75,25.790001,19.767441,12004800
2003-11-20,25.700001,25.77,25.295,25.4,19.468517,5793000
2003-11-21,25.775,25.875,25.290001,25.860001,19.821093,7094400
2003-11-24,25.975,26.41,25.945,26.4,20.234985,5820400
2003-11-25,26.4,26.975,26.075001,26.915001,20.629726,6366400
2003-11-26,26.950001,26.955,26.625,26.885,20.606735,4981400
2003-11-28,26.885,27.450001,26.700001,26.950001,20.656553,2435200
2003-12-01,27.025,27.34,26.950001,27.325001,20.943979,4232600
2003-12-02,27.325001,27.495001,27.110001,27.459999,21.047449,5649400
2003-12-03,27.5,27.57,27.055,27.25,20.886496,4901200
2003-12-04,27.25,27.275,26.795,27.09,20.763857,4582000
2003-12-05,27.07,27.07,26.540001,26.68,20.449606,4418000
2003-12-08,26.68,26.934999,26.525,26.879999,20.6029,3248600
2003-12-09,26.975,27.02,26.635,26.700001,20.464933,3681400
2003-12-10,26.625,26.65,26.275,26.615,20.399782,3880400
2003-12-11,26.74,27.145,26.705,26.875,20.59906,4780000
2003-12-12,27.025,27.254999,26.879999,27.235001,20.874996,3349800
2003-12-15,27.5,27.559999,27.190001,27.24,20.878824,4600600
2003-12-16,27.24,27.455,27.165001,27.434999,21.028288,4246600
2003-12-17,27.440001,27.99,27.395,27.959999,21.430693,7271600
2003-12-18,27.959999,28.27,27.934999,28.145,21.572491,5528600
2003-12-19,28.174999,28.225,27.754999,28.025,21.480516,6463200
2003-12-22,28.15,28.290001,27.905001,28.209999,21.622316,4738400
2003-12-23,28.15,28.215,27.92,28.01,21.469015,3728400
2003-12-24,28.01,28.219999,27.82,28.105,21.541832,1288800
2003-12-26,28.174999,28.35,28.115,28.25,21.652967,1457400
2003-12-29,28.35,29.125,28.25,29.049999,22.266151,5714000
2003-12-30,29.049999,29.049999,28.639999,28.905001,22.155016,3737800
2003-12-31,29.15,29.334999,28.969999,29.09,22.296812,5115200
2004-01-02,29.525,29.66,29.209999,29.52,22.626394,6243600
2004-01-05,28.5,29.375,27.725,28.1,21.537992,16714000
2004-01-06,28.125,28.594999,28.08,28.389999,21.760283,8181800
2004-01-07,28.65,28.665001,28.200001,28.655001,21.963396,5916400
2004-01-08,28.655001,28.975,28.655001,28.715,22.009382,5619200
2004-01-09,28.715,28.725,28.225,28.455,21.810097,4552400
2004-01-12,28.575001,28.655001,28.225,28.35,21.729618,4224400
2004-01-13,28.5,28.530001,28.09,28.254999,21.656803,5563000
2004-01-14,28.475,28.99,28.35,28.99,22.220161,5012800
2004-01-15,28.950001,29.32,28.530001,29.15,22.342798,6498800
2004-01-16,29.299999,29.4,28.965,29.33,22.480762,4826200
2004-01-20,29.375,29.6,29.1,29.285,22.446272,4150800
2004-01-21,29.299999,29.35,29,29.219999,22.396456,4043400
2004-01-22,29.85,30.405001,29.700001,30.334999,23.251068,9719200
2004-01-23,30.334999,30.334999,29.379999,29.834999,22.867834,5273200
2004-01-26,29.834999,30,29.469999,29.950001,22.955992,3292600
2004-01-27,29.985001,29.995001,29.594999,29.73,22.787361,3593000
2004-01-28,29.75,29.975,29.629999,29.709999,22.772026,4438400
2004-01-29,29.950001,30.5,29.665001,30.455,23.343048,6065400
2004-01-30,30.4,30.485001,30.120001,30.440001,23.33156,4653400
2004-02-02,30.405001,30.465,29.834999,30.01,23.00197,8136800
2004-02-03,30.025,30.110001,29.700001,30.045,23.028793,4115000
2004-02-04,30.045,30.129999,29.885,30.035,23.021137,3396800
2004-02-05,29.625,29.695,29.059999,29.559999,22.657061,5426600
2004-02-06,29.4,29.875,29.174999,29.809999,22.848673,3985600
2004-02-09,29.875,29.959999,29.575001,29.775,22.82185,3283400
2004-02-10,29.709999,30.1,29.705,30,22.994305,11177200
2004-02-11,30,30,29.195,29.700001,22.76436,10029200
2004-02-12,29.85,29.98,29.57,29.6,22.68771,8163000
2004-02-13,29.674999,29.995001,29.549999,29.834999,22.867834,6720000
2004-02-17,30,30.360001,29.85,30.25,23.185921,4619800
2004-02-18,30.35,30.51,30.1,30.15,23.109278,6803200
2004-02-19,30.475,30.9,30.365,30.525,23.396704,6757200
2004-02-20,30.674999,30.860001,30.18,30.52,23.392872,5626600
2004-02-23,30.65,30.719999,30.4,30.605,23.458017,4608600
2004-02-24,30.575001,30.99,30.57,30.959999,23.730125,5143400
2004-02-25,30.924999,31.115,30.700001,30.940001,23.71479,5036600
2004-02-26,30.825001,31.145,30.25,30.99,23.753126,6991400
2004-02-27,31,31.15,30.870001,31,23.76078,4890400
2004-03-01,31,31.18,30.73,30.82,23.62282,5242000
2004-03-02,30.834999,30.975,30.549999,30.639999,23.484858,5216000
2004-03-03,30.725,31.17,30.725,31.16,23.883425,7821800
2004-03-04,31.225,31.25,30.924999,31.25,23.952406,5388400
2004-03-05,30.975,31.74,30.965,31.584999,24.209171,6338600
2004-03-08,31.59,31.59,31.200001,31.225,23.933243,4818400
2004-03-09,30.924999,30.950001,30.6,30.705,23.534668,5029400
2004-03-10,30.84,30.975,30.66,30.809999,23.615149,5235000
2004-03-11,30.809999,30.879999,30.299999,30.305,23.228077,4574600
2004-03-12,30.555,31,30.4,30.91,23.691805,4629800
2004-03-15,30.725,31.225,30.725,31.059999,23.806767,3550200
2004-03-16,31.25,31.695,31.184999,31.455,24.109529,5380600
2004-03-17,31.174999,31.85,31.16,31.67,24.274321,3813200
2004-03-18,31.67,32.099998,31.66,32.040001,24.557911,4089600
2004-03-19,31.775,31.92,31.605,31.735001,24.324135,5538200
2004-03-22,31.735001,31.875,31.33,31.475,24.124855,4611000
2004-03-23,31.5,32.07,31.055,31.85,24.412289,4958400
2004-03-24,31.799999,31.799999,30.860001,30.995001,23.756952,6591600
2004-03-25,31.225,31.375,30.719999,31.145,23.871925,4577800
2004-03-26,31.1,31.225,30.945,31.035,23.787605,3785800
2004-03-29,31.424999,31.709999,31.305,31.625,24.23984,4554400
2004-03-30,32.084999,32.084999,31.549999,31.82,24.400871,3783800
2004-03-31,31.934999,32.25,31.74,32.220001,24.707607,3800000
2004-04-01,32.174999,32.5,32.16,32.485001,24.910816,4411800
2004-04-02,32.525002,32.869999,32.349998,32.560001,24.968323,4385000
2004-04-05,32.875,33.5,32.810001,33.5,25.689156,5603400
2004-04-06,33.375,33.615002,33.25,33.59,25.758177,4191000
2004-04-07,33.5,33.505001,33.09,33.43,25.635481,3334200
2004-04-08,33.494999,33.605,33.035,33.25,25.49745,2611600
2004-04-12,33.474998,34.105,33.380001,34.040001,26.103247,3295200
2004-04-13,34.25,34.25,33.564999,33.695,25.838697,5088600
2004-04-14,33.700001,34.125,32.91,33.450001,25.650822,5099000
2004-04-15,32.299999,32.599998,30.865,31.975,24.519722,22416800
2004-04-16,32,32.924999,31.625,32.705002,25.079523,9732400
2004-04-19,32.619999,32.865002,32.529999,32.529999,24.945322,7295400
2004-04-20,32.404999,32.465,31.65,31.75,24.347189,6904400
2004-04-21,31.875,32.52,31.82,32.384998,24.834133,6768400
2004-04-22,32.209999,33.169998,32.209999,33.105,25.386261,6527400
2004-04-23,33,33.084999,32.825001,32.974998,25.286564,2523800
2004-04-26,32.98,33.044998,31.805,31.950001,24.500555,9575400
2004-04-27,32.299999,32.59,31.805,32.259998,24.738276,24536600
2004-04-28,32.259998,32.279999,31.549999,31.674999,24.289675,7985400
2004-04-29,31.674999,31.735001,31.1,31.139999,23.879421,6735600
2004-04-30,31.139999,31.23,30.5,30.74,23.572681,8378400
2004-05-03,30.75,31.254999,30.370001,31.23,23.948433,7755200
2004-05-04,30.924999,31.025,30.709999,30.75,23.580353,7168200
2004-05-05,30.825001,31.309999,30.754999,31.27,23.979103,6424400
2004-05-06,31.045,31.165001,30.495001,30.85,23.65703,6344200
2004-05-07,30.645,31.049999,30.23,30.264999,23.208427,6557200
2004-05-10,30.264999,30.264999,29.305,30.17,23.13559,8979600
2004-05-11,30.17,30.700001,30.135,30.665001,23.515165,7510800
2004-05-12,30.51,31.075001,30.440001,30.940001,23.726046,6470400
2004-05-13,30.9,31.334999,30.855,31.155001,23.890923,5878200
2004-05-14,31.1,31.530001,30.785,31.26,23.971445,5716400
2004-05-17,31,31.52,30.754999,31.299999,24.002108,5237600
2004-05-18,31.360001,31.735001,31.309999,31.48,24.140135,5195400
2004-05-19,31.525,31.98,31.35,31.575001,24.212994,7940400
2004-05-20,31.525,31.530001,30.905001,31.32,24.017443,7510600
2004-05-21,31.375,31.775,31.24,31.6,24.232161,7680200
2004-05-24,31.6,32.064999,31.535,31.860001,24.431538,6141800
2004-05-25,31.809999,31.945,31.545,31.809999,24.393196,5592400
2004-05-26,31.809999,31.985001,31.25,31.504999,24.159309,9423800
2004-05-27,31.540001,32.220001,31.495001,32.215,24.70377,11126800
2004-05-28,32.195,32.66,32.099998,32.625,25.018183,7110800
2004-06-01,32.75,33,32.345001,32.700001,25.075695,7209000
2004-06-02,32.82,32.93,32.400002,32.84,25.183056,5960600
2004-06-03,32.950001,32.974998,32.584999,32.790001,25.144697,7407400
2004-06-04,32.799999,32.845001,32.365002,32.474998,24.903152,5353400
2004-06-07,32.5,32.895,32.439999,32.759998,25.121698,3784600
2004-06-08,32.200001,32.599998,32.029999,32.529999,24.945322,6408600
2004-06-09,32.5,32.735001,32.310001,32.325001,24.78812,4101200
2004-06-10,32.474998,32.535,31.844999,31.93,24.485224,5122600
2004-06-14,31.75,32.064999,31.549999,31.775,24.366365,4372800
2004-06-15,31.875,32.044998,31.605,31.860001,24.431538,4098400
2004-06-16,31.9,32.125,31.77,31.9,24.462214,3614000
2004-06-17,31.924999,32.105,31.805,31.875,24.443047,4181000
2004-06-18,31.879999,32.09,31.809999,32,24.5389,4981000
2004-06-21,32,32,31.02,31.115,23.860249,9431600
2004-06-22,31.115,31.219999,30.58,30.700001,23.542006,7446000
2004-06-23,30.715,30.85,30.375,30.73,23.565016,6658600
2004-06-24,30.735001,30.950001,30.434999,30.65,23.503656,6023400
2004-06-25,30.799999,31.15,30.725,30.865,23.668535,5434800
2004-06-28,30.91,31.075001,30.15,30.375,23.292782,6539200
2004-06-29,30.5,30.945,30.5,30.705,23.545841,4138400
2004-06-30,30.85,31.145,30.715,31.125,23.867914,4474600
2004-07-01,30.65,31.055,30.5,30.9,23.695379,5915400
2004-07-02,30.665001,30.709999,30.33,30.475,23.369467,3731400
2004-07-06,30.35,30.385,29.67,30.040001,23.035894,7073200
2004-07-07,30.075001,30.735001,30.025,30.635,23.492155,4909200
2004-07-08,30.620001,30.805,30.129999,30.165001,23.131754,4545800
2004-07-09,30.200001,30.5,29.875,30.125,23.101067,6050800
2004-07-12,30.25,30.43,29.905001,30.27,23.212269,4823600
2004-07-13,30.625,31.16,30.605,30.995001,23.768221,6332400
2004-07-14,31.15,31.434999,30.870001,30.950001,23.733721,6228600
2004-07-15,30.955,32.889999,30.955,32.855,25.194551,15104200
2004-07-16,33,33.035,32.630001,32.82,25.167711,9925000
2004-07-19,32.75,32.884998,32.169998,32.665001,25.048853,6634400
2004-07-20,32.799999,32.970001,32.435001,32.970001,25.282738,5850600
2004-07-21,33.049999,33.049999,32.154999,32.154999,24.657757,5563000
2004-07-22,31.889999,32.185001,31.4,31.969999,24.515894,6478200
2004-07-23,31.844999,31.85,31.1,31.450001,24.117136,7330400
2004-07-26,31.309999,31.955,31.309999,31.844999,24.420038,7167400
2004-07-27,31.85,31.855,30.035,30.75,23.580353,16582800
2004-07-28,31,31.1,30.309999,30.9,23.695379,7769600
2004-07-29,31.370001,32.584999,31.25,32.005001,24.542732,31397000
2004-07-30,31.719999,31.934999,31.075001,31.450001,24.117136,12278400
2004-08-02,31.055,31.610001,31.025,31.525,24.17465,6589800
2004-08-03,31.5,31.594999,31.125,31.155001,23.890923,6757400
2004-08-04,31.225,31.485001,30.940001,31.174999,23.906256,5282600
2004-08-05,31.200001,31.475,30.98,30.98,23.756723,4996400
2004-08-06,30.450001,30.889999,30.355,30.674999,23.522835,6629200
2004-08-09,30.75,30.85,30.605,30.684999,23.5305,4370000
2004-08-10,30.950001,31.535,30.950001,31.535,24.182322,6317400
2004-08-11,31.225,32.185001,31.190001,32.099998,24.615578,6553000
2004-08-12,31.9,32.220001,31.775,32.134998,24.642422,5930200
2004-08-13,32.165001,32.5,32.165001,32.450001,24.883978,6019600
2004-08-16,32.360001,32.665001,32.150002,32.610001,25.006678,3798400
2004-08-17,32.490002,32.610001,32.224998,32.5,24.92231,5296000
2004-08-18,32.419998,32.720001,32.325001,32.535,24.949162,3572400
2004-08-19,32.5,32.529999,32.055,32.450001,24.883978,3655400
2004-08-20,32.450001,32.830002,32.445,32.785,25.140871,2773200
2004-08-23,32.685001,32.924999,32.34,32.48,24.906992,3346200
2004-08-24,32.5,32.834999,32.375,32.490002,24.914652,3101200
2004-08-25,32.490002,32.630001,32.290001,32.584999,24.987497,3121400
2004-08-26,32.584999,32.77,32.450001,32.650002,25.037354,2476000
2004-08-27,32.650002,32.93,32.625,32.82,25.167711,2054200
2004-08-30,32.700001,32.924999,32.549999,32.580002,24.983675,2512400
2004-08-31,32.724998,33.080002,32.625,33.064999,25.355581,4267400
2004-09-01,32.990002,33.435001,32.965,33.334999,25.562628,3915000
2004-09-02,33.209999,33.75,32.924999,33.674999,25.823368,3614600
2004-09-03,33.5,33.834999,33.470001,33.52,25.7045,3393800
2004-09-07,33.52,34.119999,33.52,34.09,26.141602,5462800
2004-09-08,34.209999,34.525002,34.169998,34.299999,26.302633,6229200
2004-09-09,34.299999,34.445,34.209999,34.294998,26.298796,4603200
2004-09-10,34.195,34.494999,34.044998,34.435001,26.406155,2878000
2004-09-13,34.5,34.825001,34.415001,34.505001,26.459826,4433200
2004-09-14,34.695,34.974998,34.355,34.970001,26.816414,5230200
2004-09-15,34.724998,35.27,34.669998,35.139999,26.946779,7341000
2004-09-16,35.139999,35.150002,34.805,34.889999,26.755064,3947200
2004-09-17,34.540001,34.98,34.400002,34.91,26.770405,5174400
2004-09-20,33.584999,35,33.584999,34.875,26.743561,2920600
2004-09-21,35.075001,35.509998,34.855,35.255001,27.034966,4668200
2004-09-22,35.259998,35.369999,34.924999,35.150002,26.954456,4616600
2004-09-23,35.34,35.34,34.75,35.044998,26.873934,4094400
2004-09-24,34.994999,35.889999,34.965,35.665001,27.349369,4486400
2004-09-27,35.665001,36.325001,35.439999,36.290001,27.82865,6643600
2004-09-28,36.294998,37.375,36.18,36.834999,28.246572,8995000
2004-09-29,36.834999,36.834999,35.974998,36.110001,27.690605,11144000
2004-09-30,36.419998,37.099998,36.275002,36.869999,28.273407,8119600
2004-10-01,37.049999,37.375,36.605,36.880001,28.28108,7091400
2004-10-04,36.880001,37.23,36.610001,36.610001,28.074045,5804800
2004-10-05,36.615002,37.275002,36.540001,36.904999,28.300238,5189200
2004-10-06,36.91,37.334999,36.904999,37.299999,28.603163,3495600
2004-10-07,37.299999,37.595001,37.139999,37.445,28.714344,6549400
2004-10-08,37.450001,37.494999,36.314999,36.700001,28.143045,8382600
2004-10-11,36.775002,37,36.525002,36.625,28.085546,3205800
2004-10-12,36.630001,36.630001,36.105,36.290001,27.82865,6306400
2004-10-13,36.459999,36.465,35.799999,36.005001,27.610094,7235600
2004-10-14,37.099998,37.439999,36.325001,36.330002,27.859308,12697200
2004-10-15,36.325001,36.865002,35.445,36.674999,28.123869,12027400
2004-10-18,36.525002,36.834999,36.415001,36.674999,28.123869,6348000
2004-10-19,36.294998,36.294998,32.305,33.25,25.49745,43429800
2004-10-20,33.275002,35.715,32.904999,34.93,26.785742,21949800
2004-10-21,34.805,35.125,33.509998,34.125,26.16843,15085200
2004-10-22,34.105,35.125,34.105,34.93,26.785742,10189800
2004-10-25,34.674999,35,34.235001,34.599998,26.532698,6794200
2004-10-26,35.084999,35.615002,35.084999,35.505001,27.226679,10955200
2004-10-27,35.740002,36.610001,35.5,36.400002,27.912994,7764400
2004-10-28,36.474998,36.584999,35.740002,36.325001,27.855488,8391400
2004-10-29,36.224998,36.375,35.950001,36.200001,27.759632,6300200
2004-11-01,36.099998,36.259998,35.790001,36.110001,27.690605,7565400
2004-11-02,36.25,36.764999,35.950001,35.965,27.579422,8684200
2004-11-03,37.375,38.380001,37.375,37.764999,28.959747,11935400
2004-11-04,37.75,38.950001,37.625,38.875,29.81093,11276200
2004-11-05,39.025002,39.834999,39.014999,39.740002,30.474258,7749200
2004-11-08,39.549999,39.93,39.490002,39.73,30.466576,4736400
2004-11-09,40.125,40.355,39.615002,39.654999,30.409056,9697200
2004-11-10,39.724998,40.740002,39.615002,40.48,31.041718,7204200
2004-11-11,40.48,41.099998,40.224998,40.849998,31.325438,6447000
2004-11-12,40.849998,40.849998,39.799999,40.75,31.248762,9760200
2004-11-15,40.674999,40.91,40.41,40.830002,31.310108,6983200
2004-11-16,40.77,40.869999,40.110001,40.384998,30.968851,4560400
2004-11-17,41.490002,41.490002,40.310001,40.645,31.16824,3888400
2004-11-18,40.924999,41.400002,40.775002,41.264999,31.643671,4480800
2004-11-19,41.474998,41.575001,40.395,40.860001,31.333099,4417600
2004-11-22,40.549999,41.110001,40.349998,40.990002,31.432791,4220000
2004-11-23,40.875,41.349998,40.59,41.255001,31.636005,4670800
2004-11-24,41.255001,41.400002,40.974998,41.130001,31.540142,2930000
2004-11-26,41.200001,42.105,41.200001,41.939999,32.161293,1899600
2004-11-29,42.040001,42.174999,41.415001,41.490002,31.81621,5391800
2004-11-30,41.490002,41.630001,41.099998,41.424999,31.766378,10285800
2004-12-01,41,41.48,40.759998,41.07,31.494144,10310000
2004-12-02,41.025002,41.134998,40.77,40.924999,31.382948,5520000
2004-12-03,40.939999,41.445,40.915001,41.154999,31.55934,5222800
2004-12-06,40.525002,40.735001,39.93,40.615002,31.145235,7039600
2004-12-07,40.424999,40.549999,39.630001,39.849998,30.55859,9265400
2004-12-08,39.990002,41.299999,39.965,41.27,31.647509,6558800
2004-12-09,41.174999,42.41,40.91,42.375,32.494862,7172600
2004-12-10,42.275002,42.474998,41.805,42.384998,32.502537,5186000
2004-12-13,42.485001,43.535,42.334999,42.865002,32.870621,12231200
2004-12-14,42.869999,43.77,42.705002,43.450001,33.319221,7446600
2004-12-15,43.450001,43.470001,42.744999,43.115002,33.062344,4992200
2004-12-16,43.299999,43.349998,42.705002,43.025002,32.993324,6913400
2004-12-17,42.665001,43.299999,42.525002,42.68,32.728752,7738800
2004-12-20,42.900002,43.240002,42.264999,42.375,32.494862,5266200
2004-12-21,42.700001,42.950001,42.389999,42.610001,32.675076,4816000
2004-12-22,42.950001,42.950001,42.525002,42.740002,32.774765,4714800
2004-12-23,42.715,42.900002,42.5,42.5,32.59071,2610400
2004-12-27,42.799999,43.150002,42.645,42.834999,32.847622,2981600
2004-12-28,42.985001,43.564999,42.77,43.490002,33.349907,3184400
2004-12-29,43.275002,43.830002,43.18,43.674999,33.49176,3312000
2004-12-30,43.700001,44.099998,43.625,43.924999,33.683475,3060400
2004-12-31,43.924999,44.380001,43.849998,44.014999,33.752487,3056800
2005-01-03,43.599998,43.869999,43.240002,43.310001,33.211872,6252600
2005-01-04,43.299999,43.584999,42.625,42.865002,32.870621,5582000
2005-01-05,42.875,43.544998,42.790001,43.014999,32.985661,4577600
2005-01-06,43.099998,44.049999,43.099998,43.965,33.714149,4837600
2005-01-07,43.950001,44.360001,43.299999,43.615002,33.445751,6653200
2005-01-10,43.599998,44.25,43.575001,43.799999,33.587627,5375200
2005-01-11,43.775002,43.970001,43.555,43.755001,33.553135,4238600
2005-01-12,44,44.25,43.790001,44.044998,33.775497,4137400
2005-01-13,44.259998,44.865002,44.080002,44.200001,33.894352,6493400
2005-01-14,44.200001,44.845001,44.16,44.779999,34.339119,4235600
2005-01-18,44.450001,44.630001,44.049999,44.400002,34.047718,5881800
2005-01-19,44.400002,44.474998,43.799999,44.139999,33.848335,4284600
2005-01-20,44.924999,44.970001,42.735001,43.314999,33.215694,13230600
2005-01-21,43.32,44.59,43.32,44.424999,34.066879,9431400
2005-01-24,44.900002,44.924999,44.005001,44.125,33.836849,6587800
2005-01-25,44.125,44.73,43.790001,43.875,33.645123,4913600
2005-01-26,44.025002,44.314999,43.77,43.900002,33.664299,4652600
2005-01-27,43.400002,44.349998,43.400002,44.23,33.917339,5150800
2005-01-28,44.125,44.224998,43.73,44.075001,33.7985,3807600
2005-01-31,44.200001,44.584999,44.169998,44.450001,34.08606,4454400
2005-02-01,44.474998,45.5,44.404999,45.34,34.768555,6627400
2005-02-02,45.150002,45.299999,44.744999,45,34.507832,5495000
2005-02-03,45,45.485001,44.830002,45.279999,34.722542,4504400
2005-02-04,45.025002,45.900002,45.025002,45.884998,35.186466,4584800
2005-02-07,45.439999,45.439999,44.375,44.465,34.097561,9093200
2005-02-08,44.875,44.900002,44.209999,44.435001,34.074574,6125600
2005-02-09,44.700001,44.82,43.450001,43.59,33.426567,5712600
2005-02-10,44.125,44.259998,43.650002,44.014999,33.752487,5493400
2005-02-11,44.049999,44.439999,43.735001,43.875,33.645123,5457600
2005-02-14,43.880001,44.740002,43.755001,44.474998,34.105232,4230800
2005-02-15,44.650002,45.130001,44.615002,45.099998,34.584507,5515600
2005-02-16,44.889999,45.064999,44.580002,44.935001,34.457981,3695200
2005-02-17,44.810001,44.93,44.369999,44.509998,34.132072,4055600
2005-02-18,44.549999,44.625,44.375,44.525002,34.143585,3898600
2005-02-22,44.014999,44.200001,43.325001,43.450001,33.319221,7393400
2005-02-23,43.450001,44.419998,43.450001,44.174999,33.875172,4139200
2005-02-24,44.18,44.650002,43.810001,44.650002,34.239441,4709200
2005-02-25,44.799999,45.744999,44.724998,45.695,35.040779,5175200
2005-02-28,45.459999,45.945,45.200001,45.580002,34.952602,4779200
2005-03-01,45.345001,45.625,45.119999,45.41,34.822243,3699800
2005-03-02,45.105,46.330002,45.084999,45.724998,35.063793,4695800
2005-03-03,45.775002,45.959999,45.424999,45.82,35.136627,4119400
2005-03-04,46.099998,46.825001,45.959999,46.645,35.769276,3647600
2005-03-07,46.52,46.785,45.525002,45.599998,34.967922,5007800
2005-03-08,45.595001,45.735001,45.130001,45.174999,34.642025,5869600
2005-03-09,45.075001,45.384998,44.599998,45.125,34.603691,4079400
2005-03-10,45.224998,45.924999,45.224998,45.709999,35.05228,4433000
2005-03-11,46,46.165001,45.060001,45.139999,34.615162,4051400
2005-03-14,45.139999,45.700001,44.939999,45.235001,34.688034,3561000
2005-03-15,45.5,45.619999,44.98,45.040001,34.538506,5361200
2005-03-16,45.005001,45.099998,44.700001,45.040001,34.538506,4420000
2005-03-17,45.325001,45.93,44.810001,45.549999,34.929573,5190800
2005-03-18,45.674999,45.880001,45.165001,45.625,34.987106,6771200
2005-03-21,45.974998,45.990002,45.360001,45.814999,35.132801,4991000
2005-03-22,45.939999,46.700001,45.939999,46.025002,35.293842,5078200
2005-03-23,45.75,46.400002,45.549999,46.189999,35.420357,5375600
2005-03-24,46.189999,46.73,46.084999,46.424999,35.600574,4111200
2005-03-28,46.650002,46.875,46.27,46.560001,35.704094,5015000
2005-03-29,46.775002,46.805,46.400002,46.549999,35.696434,5135600
2005-03-30,46.814999,47.895,46.450001,47.855,36.708988,6992600
2005-03-31,47.779999,48.325001,47.645,47.689999,36.582405,7575800
2005-04-01,47.875,48.125,47.275002,47.915001,36.755024,6994800
2005-04-04,47.77,48.369999,47.639999,48.25,37.011982,7468400
2005-04-05,48.25,48.965,48.205002,48.965,37.56044,6652400
2005-04-06,48.965,49.455002,48.849998,49.02,37.602657,5697400
2005-04-07,49.240002,49.875,49,49.540001,38.001522,5129200
2005-04-08,49.799999,49.825001,48.990002,49.200001,37.740715,5506200
2005-04-11,49.189999,49.395,48.555,48.605,37.284306,6149400
2005-04-12,48.610001,48.720001,47.674999,48.599998,37.280472,7787200
2005-04-13,48.650002,48.950001,47,47.98,36.804878,8299600
2005-04-14,46.599998,48.095001,46.25,46.955002,36.018608,14320400
2005-04-15,46.150002,47.494999,46.119999,46.634998,35.77314,10236000
2005-04-18,46.299999,46.73,44.775002,45.584999,34.967693,11377400
2005-04-19,45.549999,46.625,45.5,46.599998,35.746288,9370400
2005-04-20,46.924999,46.924999,45.900002,46.075001,35.343578,6901200
2005-04-21,46.400002,46.599998,45.650002,46.215,35.45097,6278600
2005-04-22,46.035,46.040001,45.334999,45.630001,35.002216,5440200
2005-04-25,45.514999,45.52,44.825001,45.375,34.80661,9156000
2005-04-26,45.200001,45.695,44.994999,45.029999,34.541954,5553800
2005-04-27,45.049999,46.445,44.299999,46.345001,35.550674,8586400
2005-04-28,46.375,46.445,45.674999,46.244999,35.473984,6771000
2005-04-29,46.360001,47.349998,46.25,47.255001,36.248734,7281400
2005-05-02,47.029999,47.650002,47.029999,47.34,36.313931,5504800
2005-05-03,47.549999,48.485001,47.259998,48.355,37.092548,9787800
2005-05-04,48.625,49.275002,48.599998,48.650002,37.318836,8295200
2005-05-05,48.959999,49.084999,48.5,48.599998,37.280472,5563200
2005-05-06,48.950001,49.455002,48.91,49.205002,37.744553,6171200
2005-05-09,49.25,49.575001,48.75,49.294998,37.813587,5509400
2005-05-10,49.084999,49.48,48.814999,48.93,37.533611,5778000
2005-05-11,48.875,49.150002,48.279999,49,37.587307,5226600
2005-05-12,49.224998,49.485001,49,49.02,37.602657,5875200
2005-05-13,49,49.005001,46.904999,47.685001,36.578594,8465000
2005-05-16,48,48.465,47.880001,48.424999,37.14624,3817400
2005-05-17,48.099998,48.715,47.849998,48.685001,37.345661,4482000
2005-05-18,48.950001,49.009998,47.645,47.900002,36.743507,14641800
2005-05-19,48,48.355,47.860001,48.299999,37.050339,8047200
2005-05-20,48.200001,48.395,48.174999,48.25,37.011982,5964800
2005-05-23,48.349998,48.865002,48.189999,48.705002,37.361015,6754800
2005-05-24,48.875,49,48.505001,48.654999,37.322636,5595800
2005-05-25,48.75,48.875,48.185001,48.34,37.081039,3908200
2005-05-26,48.5,48.73,48.384998,48.57,37.257462,3173400
2005-05-27,48.630001,49,48.419998,48.884998,37.499077,3509200
2005-05-31,49.150002,49.400002,48.5,48.580002,37.265125,4026300
2005-06-01,48.700001,49.549999,48.509998,49.23,37.763729,4609700
2005-06-02,49.48,50.599998,49.34,50.380001,38.645885,7376100
2005-06-03,50.73,51.330002,50.490002,50.599998,38.814629,5586200
2005-06-06,50.950001,51,50.549999,50.990002,39.113819,4030000
2005-06-07,52,52.18,50.990002,51.709999,39.666126,7512100
2005-06-08,52,52.099998,50.700001,51.18,39.25956,6118900
2005-06-09,51.029999,52.040001,50.799999,51.75,39.696785,4789300
2005-06-10,51.75,51.75,50.509998,50.790001,38.960373,4118600
2005-06-13,50.93,51.380001,50.900002,51.189999,39.267212,3163300
2005-06-14,51.400002,52.16,51.400002,51.66,39.62775,4838900
2005-06-15,52.080002,52.080002,51.049999,51.57,39.558704,4267500
2005-06-16,51.599998,51.880001,51.16,51.540001,39.535706,3961400
2005-06-17,52,52,51.610001,51.849998,39.773499,5565800
2005-06-20,51.799999,52,49.139999,51.59,39.574055,4142800
2005-06-21,51.650002,52.5,51.099998,51.869999,39.788837,4175200
2005-06-22,51.919998,52.07,51.369999,51.369999,39.405296,4268800
2005-06-23,51.5,52.07,51.470001,51.700001,39.658447,4397400
2005-06-24,51.650002,52.060001,51.290001,51.299999,39.351608,5233300
2005-06-27,51.279999,51.630001,51.200001,51.32,39.366943,3162900
2005-06-28,51.650002,52.799999,51.599998,52.689999,40.41787,4676900
2005-06-29,52.810001,53.639999,52.790001,53.139999,40.763046,5446800
2005-06-30,53.139999,53.630001,52.009998,52.139999,39.995953,6069000
2005-07-01,53,53,52.189999,52.810001,40.509899,3879900
2005-07-05,53.049999,53.669998,52.75,53.23,40.832085,4410600
2005-07-06,53.450001,54.5,52.25,53.5,41.039192,13158300
2005-07-07,53.509998,54.5,53.25,53.490002,41.031528,10788600
2005-07-08,53.759998,53.759998,53.049999,53.049999,40.694012,7231200
2005-07-11,53.060001,53.349998,52.43,52.43,40.218418,6785600
2005-07-12,52.529999,52.900002,51.66,51.779999,39.719803,6813700
2005-07-13,51.799999,51.900002,50.900002,51.400002,39.428314,7432600
2005-07-14,51.700001,52.049999,50.25,50.25,38.546158,11669800
2005-07-15,50.549999,51.5,50.360001,50.82,38.983391,8325200
2005-07-18,51.040001,51.200001,50.810001,50.810001,38.975727,5178800
2005-07-19,51.060001,51.09,49.950001,50.580002,38.799297,6622100
2005-07-20,50.349998,50.540001,49.450001,49.75,38.162621,7005900
2005-07-21,49,49.75,47.75,49.16,37.710037,13331400
2005-07-22,49.540001,51.040001,49.509998,50.799999,38.968063,8936700
2005-07-25,51,51.299999,50.610001,50.799999,38.968063,6013500
2005-07-26,51.110001,52.389999,51.110001,52,39.888546,8586200
2005-07-27,52.150002,52.5,51.110001,51.419998,39.443676,6974900
2005-07-28,51.889999,53.240002,51.759998,52.919998,40.594273,7996600
2005-07-29,52.919998,52.939999,52.200001,52.299999,40.118694,6310200
2005-08-01,52.34,52.990002,52.029999,52.619999,40.364151,5474800
2005-08-02,52.619999,53.049999,52.52,53.029999,40.678673,5143300
2005-08-03,53.09,53.25,52.900002,53.16,40.778378,4557000
2005-08-04,53.169998,53.299999,52.82,52.959999,40.624966,4969400
2005-08-05,52.98,52.98,51.75,52.060001,39.934601,6605800
2005-08-08,52.290001,52.290001,51.049999,51.18,39.25956,4793400
2005-08-09,51.23,51.82,51.02,51.779999,39.719803,5291600
2005-08-10,52.02,52.400002,51.610001,51.610001,39.58939,3871700
2005-08-11,51.790001,52.59,51.77,52.369999,40.172394,3648300
2005-08-12,53,53.380001,51.73,52.09,39.957607,2854800
2005-08-15,52.23,52.25,51.619999,51.98,39.873215,2574500
2005-08-16,52,52.23,51.099998,51.099998,39.198185,3179200
2005-08-17,51.360001,51.650002,51.07,51.259998,39.320908,3490000
2005-08-18,51.400002,51.709999,51.25,51.299999,39.351608,2489300
2005-08-19,51.299999,51.700001,51.18,51.18,39.25956,3139900
2005-08-22,51.560001,51.700001,51.200001,51.360001,39.39764,2955400
2005-08-23,51.259998,51.599998,51.049999,51.060001,39.167488,3124400
2005-08-24,51.34,51.439999,50.459999,50.630001,38.837658,3521900
2005-08-25,50.790001,50.82,50.299999,50.639999,38.845306,3349100
2005-08-26,50.689999,50.900002,50.23,50.450001,38.699581,3848200
2005-08-29,50.25,50.860001,50.09,50.799999,38.968063,2925600
2005-08-30,50.799999,50.880001,50.380001,50.48,38.722584,4216600
2005-08-31,50.75,51.52,50.400002,51.5,39.505016,4497100
2005-09-01,51.5,52.349998,51.5,52.049999,39.926918,5597500
2005-09-02,52.299999,52.799999,52.189999,52.529999,40.295116,3555500
2005-09-06,52.650002,53.240002,52.599998,53.189999,40.801392,4053500
2005-09-07,53.299999,53.5,53.110001,53.450001,41.000843,3663900
2005-09-08,53.790001,54.029999,53.150002,53.830002,41.292336,5456300
2005-09-09,53.900002,54.869999,53.900002,54.509998,41.813938,5095100
2005-09-12,54.759998,54.779999,54.099998,54.27,41.629864,4839700
2005-09-13,53.869999,54.16,53,53.029999,40.678673,5865000
2005-09-14,53.049999,53.279999,52.82,52.939999,40.609623,4075700
2005-09-15,53.029999,53.82,53.029999,53.400002,40.962502,4587700
2005-09-16,53.52,54.060001,53.189999,54.049999,41.461102,6548500
2005-09-19,54.060001,54.099998,53.150002,53.5,41.039192,2731200
2005-09-20,53.799999,53.889999,52.41,52.619999,40.364151,4785000
2005-09-21,53.060001,53.349998,52.32,52.59,40.341148,5282900
2005-09-22,52.599998,53.860001,52.59,53.630001,41.138912,5339400
2005-09-23,53.880001,55.48,53.639999,55,42.189831,12424900
2005-09-26,55.490002,55.810001,55.099998,55.400002,42.496655,5999200
2005-09-27,55.299999,55.900002,55.259998,55.259998,42.389259,5005300
2005-09-28,55.900002,55.900002,54.860001,55.34,42.450634,5539800
2005-09-29,54.66,55.990002,54.66,55.720001,42.742119,4683300
2005-09-30,55.720001,56.66,55.669998,56.200001,43.110317,6656300
2005-10-03,56.209999,56.919998,56.150002,56.779999,43.555252,5065000
2005-10-04,57.049999,58,56.880001,57.060001,43.77002,6347800
2005-10-05,57.049999,57.639999,56.200001,56.450001,43.302116,5651600
2005-10-06,56.400002,57,55.950001,56.41,43.271416,4698700
2005-10-07,56.23,56.580002,56.139999,56.369999,43.240742,3217500
2005-10-10,56.369999,56.77,55.880001,55.880001,42.864868,3310600
2005-10-11,55.900002,56.200001,55.119999,55.18,42.327915,4149500
2005-10-12,55.110001,55.599998,54.689999,55.029999,42.212826,4996500
2005-10-13,54.599998,54.84,54.02,54.200001,41.576157,6319800
2005-10-14,55.5,56.790001,55.139999,56.43,43.286758,8061000
2005-10-17,56.5,56.529999,55.93,56.439999,43.294415,4411000
2005-10-18,56,56.799999,56,56.509998,43.348141,4658100
2005-10-19,56.540001,58.27,56.529999,58.200001,44.644516,5653200
2005-10-20,58.389999,58.400002,57.080002,57.110001,43.808388,5228900
2005-10-21,57.209999,57.82,56.509998,57.139999,43.831413,6067300
2005-10-24,57.700001,57.810001,57.040001,57.189999,43.869747,4277400
2005-10-25,57.02,57.07,55.16,55.939999,42.910881,7084300
2005-10-26,56.049999,56.509998,53.84,53.98,41.40741,9077400
2005-10-27,55.450001,55.560001,54.419998,54.610001,41.890656,5078400
2005-10-28,55.25,56.73,55.25,56.73,43.516876,8224300
2005-10-31,56.959999,58.18,56.610001,57.889999,44.406704,6624200
2005-11-01,58.119999,59.43,58,59,45.25819,10326600
2005-11-02,58.25,59.889999,58.25,59.57,45.695427,8163400
2005-11-03,59.900002,59.900002,57.639999,57.669998,44.237965,13835900
2005-11-04,58.049999,58.450001,57.75,58.02,44.506451,8213600
2005-11-07,58.5,58.700001,58.009998,58.5,44.874634,3732600
2005-11-08,58.049999,58.279999,57.779999,58.07,44.544785,3639700
2005-11-09,58.07,58.380001,57.099998,57.360001,44.000153,5127500
2005-11-10,57.950001,59.380001,57.75,59.290001,45.480637,7370000
2005-11-11,59.400002,59.779999,59.099998,59.650002,45.756786,3442800
2005-11-14,59.75,59.759998,59.130001,59.139999,45.365562,3739900
2005-11-15,59.52,59.869999,59.419998,59.75,45.833508,4435700
2005-11-16,59.98,60.59,59.900002,60.380001,46.316753,5215500
2005-11-17,60.75,60.990002,60.049999,60.98,46.777016,4555800
2005-11-18,61.049999,61.650002,60.650002,60.959999,46.761681,4937200
2005-11-21,61,61.200001,60.549999,60.799999,46.638924,5542000
2005-11-22,60.619999,60.84,60.400002,60.669998,46.5392,3744800
2005-11-23,60.669998,60.77,60.349998,60.529999,46.431824,3035500
2005-11-25,60.650002,60.709999,60.16,60.16,46.148006,1713200
2005-11-28,60.060001,60.16,58.400002,58.400002,44.797916,6060800
2005-11-29,58.5,60.389999,58.5,60.07,46.07896,6894500
2005-11-30,60.48,60.650002,59.799999,59.860001,45.917889,5491600
2005-12-01,60.419998,61.509998,60.360001,61.470001,47.152893,5504000
2005-12-02,61.470001,62.139999,61.470001,61.970001,47.536427,3443700
2005-12-05,61.779999,62.419998,61.360001,62.34,47.820248,4634600
2005-12-06,62.889999,64.18,61.75,63.240002,48.510632,5650200
2005-12-07,62.959999,63,62.049999,62.610001,48.027367,5074000
2005-12-08,62.610001,63.029999,62.169998,62.959999,48.295841,3976400
2005-12-09,63.150002,63.950001,62.150002,63.669998,48.840469,2972600
2005-12-12,63.68,63.790001,62.009998,63.200001,48.479958,4086300
2005-12-13,63.169998,63.66,62.610001,63.43,48.656384,5316300
2005-12-14,63.48,63.740002,62.939999,63,48.326519,3095100
2005-12-15,63.16,63.450001,62.540001,63.330002,48.57967,4109900
2005-12-16,63.700001,63.990002,63.029999,63.139999,48.433914,4788000
2005-12-19,62.75,63.150002,61.029999,61.849998,47.444382,12231700
2005-12-20,61.849998,63.810001,61.799999,63.060001,48.372551,7769200
2005-12-21,63.880001,64.5,63.419998,63.790001,48.932537,13802700
2005-12-22,63.830002,64.120003,63.27,63.75,48.90184,8951700
2005-12-23,63.950001,64.099998,63.299999,63.650002,48.825142,3908300
2005-12-27,64.599998,64.610001,63.209999,63.599998,48.786785,4856800
2005-12-28,63.5,63.849998,63.25,63.450001,48.671726,3890200
2005-12-29,63.43,63.450001,62.75,62.900002,48.249813,3556600
2005-12-30,62.52,62.75,62.130001,62.139999,47.666843,3388100
2006-01-03,62.599998,62.599998,60.599998,61.73,47.352333,8070500
2006-01-04,61.889999,62.200001,61.599998,61.880001,47.467396,5585200
2006-01-05,62.23,62.880001,61.490002,61.689999,47.321636,5624200
2006-01-06,62.75,62.93,62.029999,62.900002,48.249813,5577600
2006-01-09,62.900002,62.900002,61.259998,61.400002,47.099213,8828900
2006-01-10,61.450001,62.77,61.439999,62.610001,48.027367,6237800
2006-01-11,62.599998,62.700001,61.619999,61.849998,47.444382,5515800
2006-01-12,61.900002,62.91,61.740002,62.529999,47.965996,5374100
2006-01-13,61.34,61.34,59.709999,60.939999,46.746323,11002500
2006-01-17,60.200001,61,59.98,61,46.792355,6332500
2006-01-18,61,61.759998,60.580002,61.060001,46.838371,7104900
2006-01-19,61.310001,62.099998,59.290001,61.470001,47.152893,13389600
2006-01-20,61.400002,61.400002,59.389999,59.48,45.626377,10087400
2006-01-23,59.509998,59.830002,57.720001,57.990002,44.48341,9610500
2006-01-24,58.049999,58.700001,58.049999,58.310001,44.728889,8250200
2006-01-25,58.73,58.880001,57.450001,57.98,44.475735,6529400
2006-01-26,57.990002,58.52,57.119999,57.889999,44.406704,9949700
2006-01-27,58.240002,58.779999,58.009998,58.540001,44.905323,6418600
2006-01-30,58.400002,58.700001,57.650002,57.77,44.314667,6738800
2006-01-31,58.169998,59.950001,58.009998,59.419998,45.58036,10652700
2006-02-01,59.299999,59.75,59.049999,59.5,45.64172,7522900
2006-02-02,59.73,59.740002,58.75,59.360001,45.53434,6235200
2006-02-03,59.360001,59.889999,59.09,59.619999,45.733765,5392400
2006-02-06,59.34,59.599998,58.25,58.540001,44.905323,4891600
2006-02-07,58.5,59.080002,57.700001,57.73,44.283974,5174300
2006-02-08,57.52,58.080002,55.25,57.59,44.176594,7318700
2006-02-09,58.5,59.189999,58.040001,58.080002,44.552471,5747900
2006-02-10,58.150002,58.779999,57.400002,58.599998,44.95134,4224000
2006-02-13,58.5,58.779999,58.169998,58.59,44.943672,3357500
2006-02-14,58.5,59.470001,58.5,59.450001,45.603371,4771900
2006-02-15,59.400002,59.75,58.720001,59,45.25819,4335100
2006-02-16,59.240002,59.27,58.130001,58.5,44.874634,5087600
2006-02-17,58.25,58.400002,57.830002,58,44.491085,7065300
2006-02-21,58.799999,59.040001,57.939999,58.169998,44.621506,4688800
2006-02-22,58.34,59.799999,58.34,59.540001,45.672405,5297100
2006-02-23,59.880001,59.880001,59.369999,59.450001,45.603371,4772500
2006-02-24,59.099998,59.459999,58.509998,58.889999,45.173813,5348000
2006-02-27,59,59.16,58.82,58.939999,45.212154,3247000
2006-02-28,58.93,59.02,57.869999,58.23,44.667526,5301200
2006-03-01,58.049999,58.459999,57.84,58.43,44.820942,5289900
2006-03-02,58,58.220001,57.220001,57.580002,44.168915,5964400
2006-03-03,57.349998,57.669998,56.490002,56.599998,43.417171,6531000
2006-03-06,56.299999,56.779999,56.240002,56.700001,43.493866,5800300
2006-03-07,56.220001,57.32,56.099998,56.419998,43.279095,6308800
2006-03-08,56.43,57.349998,56.32,57.200001,43.877441,6063300
2006-03-09,57.5,57.860001,56.279999,56.34,43.217735,5283100
2006-03-10,56.389999,56.790001,56.150002,56.169998,43.087307,6983600
2006-03-13,56.060001,56.099998,53.849998,55.73,42.749786,12402100
2006-03-14,55.450001,56.939999,55.450001,56.889999,43.639637,7598000
2006-03-15,56.900002,57.52,56.549999,57.34,43.98481,6608100
2006-03-16,57.290001,57.34,56.459999,56.57,43.394146,6071300
2006-03-17,56.900002,56.91,56.150002,56.689999,43.486206,6645800
2006-03-20,56.580002,56.91,56.150002,56.529999,43.363472,4382400
2006-03-21,56.740002,56.91,55.560001,56.209999,43.117989,5928000
2006-03-22,55,56.91,55,56.639999,43.447838,4434600
2006-03-23,56.25,56.549999,55.849998,56.369999,43.240742,5577500
2006-03-24,56.18,56.779999,55.450001,55.779999,42.788143,4938800
2006-03-27,55.459999,55.75,54.830002,54.93,42.136143,11124700
2006-03-28,54.560001,54.84,53.200001,54.32,41.668198,12203500
2006-03-29,55.630001,56.549999,55.299999,55.98,42.941574,9507000
2006-03-30,55.75,56.970001,55.720001,56.259998,43.179497,8091100
2006-03-31,56.259998,56.650002,55.5,55.860001,42.872486,9771000
2006-04-03,56.599998,56.599998,55.34,55.470001,42.573185,7603400
2006-04-04,55.400002,55.700001,55,55.299999,42.442699,6934400
2006-04-05,55.169998,55.73,55.049999,55.299999,42.442699,5678600
2006-04-06,55.349998,55.369999,53.720001,54.509998,41.836365,12065600
2006-04-07,54.650002,55.23,53.650002,53.689999,41.207016,8073100
2006-04-10,53.599998,53.630001,51.43,52.43,40.239975,19075000
2006-04-11,52.650002,52.810001,50.880001,51.549999,39.564575,14551300
2006-04-12,51.549999,53.57,51.549999,53.459999,41.030502,12100500
2006-04-13,53.459999,53.799999,53.060001,53.5,41.061207,7685500
2006-04-17,53.029999,53.029999,51.450001,51.669998,39.656689,10399800
2006-04-18,52.700001,52.93,49.509998,49.669998,38.121685,41589900
2006-04-19,49.669998,50,47.439999,49.18,37.745602,41951500
2006-04-20,49.349998,50.779999,49.049999,50.119999,38.46706,19329200
2006-04-21,50.509998,50.75,49.48,49.57,38.04493,8944100
2006-04-24,49.48,50.43,49.099998,50.16,38.497749,11713600
2006-04-25,50.200001,50.549999,49.189999,49.360001,37.883759,8586000
2006-04-26,49.59,50,48.799999,48.970001,37.584438,12356600
2006-04-27,48.490002,48.490002,46.560001,47.75,36.648087,29892500
2006-04-28,48,49.900002,47.919998,49.740002,38.175396,15281800
2006-05-01,49.299999,50.220001,49.299999,49.799999,38.22147,10991400
2006-05-02,49.299999,50,48.450001,48.580002,37.285103,11589500
2006-05-03,48.310001,48.32,46.32,46.610001,35.773132,23876600
2006-05-04,46.599998,47.150002,46.080002,46.529999,35.711731,11609000
2006-05-05,46.689999,46.880001,45.919998,46.389999,35.604275,13241300
2006-05-08,46.150002,46.650002,44.880001,45.080002,34.598873,19356900
2006-05-09,44.68,44.799999,43.310001,43.799999,33.616459,30915600
2006-05-10,44.790001,46.43,44.310001,46.169998,35.435425,29520300
2006-05-11,45.099998,45.34,43.93,44.369999,34.05394,30196200
2006-05-12,43.93,46.169998,43.599998,45.84,35.182152,17054700
2006-05-15,45.849998,46.82,45.599998,46.700001,35.842201,11640200
2006-05-16,47.07,47.900002,46.889999,47.009998,36.080124,10947600
2006-05-17,46.779999,47.68,46.200001,46.889999,35.988037,8631500
2006-05-18,46.099998,46.200001,44.66,45.299999,34.767693,17695600
2006-05-19,45.299999,45.400002,44.200001,44.419998,34.092316,15505500
2006-05-22,44.43,44.57,43.380001,43.52,33.401562,12017300
2006-05-23,44,44.139999,42.75,42.82,32.864307,12139900
2006-05-24,42.77,42.77,41.439999,42.09,32.30402,20166900
2006-05-25,42.099998,42.68,42.099998,42.419998,32.557312,12934600
2006-05-26,42.5,43.41,42.450001,43.119999,33.094563,8613600
2006-05-30,42.810001,43.810001,42.799999,43.330002,33.255745,8673000
2006-05-31,43.75,44.150002,43.459999,43.959999,33.739265,9254900
2006-06-01,44.139999,45.900002,44.080002,45.720001,35.090061,11753300
2006-06-02,46.279999,47.369999,46.279999,46.98,36.057098,12669300
2006-06-05,46.700001,47.110001,46.040001,46.220001,35.47382,7065100
2006-06-06,46.299999,46.720001,45.599998,46.18,35.4431,6846900
2006-06-07,46.490002,46.880001,46.189999,46.279999,35.519852,5290700
2006-06-08,46.720001,46.950001,45.790001,46.25,35.49683,6128300
2006-06-09,46,46.299999,45.619999,45.77,35.128422,5693100
2006-06-12,45.77,46.150002,45.049999,45.16,34.660255,4526700
2006-06-13,44.82,45.650002,44.75,45.43,34.867477,6359800
2006-06-14,44.759998,45.27,44.549999,44.98,34.522114,5954700
2006-06-15,45,45.150002,44.200001,44.75,34.345581,7777500
2006-06-16,44.900002,44.990002,44.200001,44.290001,33.992527,7265100
2006-06-19,44.490002,44.5,43.310001,43.5,33.386204,6743700
2006-06-20,43.849998,44.169998,43.5,43.709999,33.54739,5288500
2006-06-21,43.5,44.599998,43.5,44.07,33.823696,5706300
2006-06-22,44.200001,45.200001,44.200001,44.43,34.099972,5785900
2006-06-23,44.139999,45.68,44.099998,45.23,34.713993,6156800
2006-06-26,45.110001,45.700001,44.650002,44.939999,34.491409,4391200
2006-06-27,44.720001,44.970001,44.169998,44.220001,33.938805,4393100
2006-06-28,44.490002,44.599998,42.900002,44.43,34.099972,7270400
2006-06-29,44.43,45.82,44.43,45.009998,34.545139,5401800
2006-06-30,45.02,45.299999,44.279999,44.779999,34.368603,7551500
2006-07-03,44.849998,45.07,44.400002,45.009998,34.545139,2175800
2006-07-05,45,45.240002,44.290001,45.110001,34.621887,5041600
2006-07-06,44.830002,45.630001,44.529999,44.830002,34.406986,5323200
2006-07-07,45.02,45.59,45.009998,45.389999,34.836784,4568800
2006-07-10,45.450001,46.950001,45.450001,46.82,35.934315,6973100
2006-07-11,46.939999,48.950001,46.900002,48.09,36.909035,15099500
2006-07-12,48.389999,48.939999,47.779999,48.060001,36.886013,6576000
2006-07-13,48.07,48.740002,47.810001,48.009998,36.847626,5419500
2006-07-14,47.860001,47.91,46.970001,47.549999,36.494576,5044400
2006-07-17,47.32,48.400002,47.27,47.650002,36.571339,4742500
2006-07-18,47.639999,48.810001,47.380001,48.400002,37.146957,9171400
2006-07-19,49.91,51.139999,49.650002,50.93,39.088726,17651000
2006-07-20,51.150002,51.939999,49.470001,50.209999,38.536121,10538600
2006-07-21,50.400002,50.400002,49.349998,50,38.374943,7790900
2006-07-24,50.099998,50.880001,49.93,50.799999,38.988949,7216400
2006-07-25,50.810001,51.669998,50.48,51.490002,39.518539,5764600
2006-07-26,51.25,51.419998,50.279999,50.529999,38.781727,5497400
2006-07-27,48.700001,49.549999,47.400002,49.459999,37.960514,15388600
2006-07-28,49.580002,50.540001,47.470001,47.849998,36.724838,10645700
2006-07-31,48.299999,48.650002,47.27,47.830002,36.709488,6357800
2006-08-01,47.5,48,47.459999,47.82,36.701813,4002600
2006-08-02,49,49.599998,48.439999,48.57,37.277431,7799900
2006-08-03,48.639999,48.77,47.630001,47.77,36.663425,5074900
2006-08-04,48.290001,49.099998,47.91,48.560001,37.269768,5253900
2006-08-07,48.139999,48.939999,48.139999,48.490002,37.216019,2977800
2006-08-08,48.830002,49.709999,48.779999,49.419998,37.929813,4884300
2006-08-09,49.869999,49.970001,48.900002,48.98,37.592098,3533400
2006-08-10,47.41,47.849998,46.5,47.400002,36.379463,10786800
2006-08-11,47.080002,47.740002,46.98,47.57,36.50993,3743600
2006-08-14,47.990002,48.139999,47.509998,47.66,36.578987,4225700
2006-08-15,48.290001,48.290001,47.75,48.130001,36.939735,3074000
2006-08-16,48.290001,48.5,47.84,48.139999,36.947411,4098200
2006-08-17,48.139999,49.380001,48.119999,49.040001,37.638168,5228300
2006-08-18,48.950001,49.540001,48.52,49.5,37.991199,5029900
2006-08-21,49.02,49.93,49.02,49.560001,38.037254,3092200
2006-08-22,49.5,50.18,49.450001,49.639999,38.09864,3905500
2006-08-23,49.650002,49.950001,49.450001,49.639999,38.09864,2213900
2006-08-24,49.689999,51.299999,49.639999,51.16,39.265251,5342400
2006-08-25,50.75,51.07,50.150002,50.880001,39.050343,2908200
2006-08-28,50.540001,51.75,50.470001,51.330002,39.395725,4092200
2006-08-29,50.75,51.59,50.599998,51.029999,39.16547,3936000
2006-08-30,51.279999,52.080002,50.98,51.75,39.718094,4515800
2006-08-31,51.75,52.029999,51.25,51.950001,39.871567,4325200
2006-09-01,51.950001,52.02,51.330002,51.799999,39.756447,4312600
2006-09-05,51.900002,51.98,50.650002,50.700001,38.912205,4540100
2006-09-06,50.509998,51.099998,49.709999,50.419998,38.697296,4551300
2006-09-07,50.5,50.82,49.970001,50.209999,38.536121,2410100
2006-09-08,50.599998,51.130001,50.34,50.900002,39.065693,3330700
2006-09-11,50.23,51.75,50.209999,51.599998,39.60294,3799000
2006-09-12,51.639999,52.669998,51.639999,52.529999,40.31673,5188400
2006-09-13,52.27,52.779999,51.93,52.049999,39.948326,3840300
2006-09-14,52.049999,52.200001,51.5,51.810001,39.764149,3341600
2006-09-15,52.040001,52.380001,51.900002,52.209999,40.071121,5922000
2006-09-18,52.150002,52.84,51.93,52.09,39.979027,5669200
2006-09-19,51.799999,52.150002,51.119999,51.869999,39.810177,4244500
2006-09-20,51.740002,51.990002,51.459999,51.529999,39.549236,2802900
2006-09-21,51.380001,51.900002,50.02,50.290001,38.59753,4932000
2006-09-22,50.299999,50.299999,48.900002,48.970001,37.584438,7753300
2006-09-25,49.419998,49.529999,48.299999,48.82,37.469299,5900000
2006-09-26,49.459999,49.459999,48.549999,48.619999,37.315796,5621500
2006-09-27,48.619999,49.32,47.91,49.080002,37.668865,6510100
2006-09-28,49.200001,49.509998,49,49.459999,37.960514,3614400
2006-09-29,49.299999,49.75,48.91,49.200001,37.760963,5875600
2006-10-02,49.110001,49.580002,48.52,49.43,37.937485,4923600
2006-10-03,49.43,49.779999,48.950001,49.580002,38.052589,4814500
2006-10-04,49.34,49.700001,49.02,49.560001,38.037254,5259800
2006-10-05,49.220001,50.73,49.099998,50.669998,38.889175,5942600
2006-10-06,50.599998,52.610001,50.560001,51.5,39.526199,9803400
2006-10-09,51.490002,51.5,50.619999,50.720001,38.927555,3768100
2006-10-10,50.950001,50.98,49.560001,49.650002,38.106319,5325500
2006-10-11,49.619999,50.369999,49.299999,50.099998,38.451714,4648900
2006-10-12,50,50,49.080002,49.619999,38.083298,5007900
2006-10-13,49.25,49.400002,48.52,48.75,37.415585,7707300
2006-10-16,47.150002,50.360001,47.150002,47.540001,36.486912,32185700
2006-10-17,47.27,47.66,46.610001,46.73,35.86525,15103400
2006-10-18,47.009998,48.029999,46.650002,48,36.83997,9840300
2006-10-19,49.200001,51.029999,48.790001,50.650002,38.873829,21289100
2006-10-20,50.849998,51.450001,50.580002,50.700001,38.912205,12075800
2006-10-23,50.77,51.18,50.330002,50.639999,38.866146,6835900
2006-10-24,50.5,50.790001,49.830002,49.84,38.252148,7961900
2006-10-25,49.849998,49.900002,48.439999,48.630001,37.323471,13030300
2006-10-26,49.299999,49.650002,48.900002,49.369999,37.891438,7951800
2006-10-27,49.25,49.91,48.93,49.41,37.922134,5413500
2006-10-30,49.639999,49.790001,48.740002,49.029999,37.630486,5325600
2006-10-31,49.099998,49.290001,48.549999,48.779999,37.43861,6353500
2006-11-01,49.34,49.540001,47.860001,48.299999,37.070198,5523200
2006-11-02,48.099998,49.200001,48.09,48.619999,37.315796,5651900
2006-11-03,48.75,48.75,47.470001,47.830002,36.709488,6676300
2006-11-06,47.84,48.720001,47.830002,48.41,37.154621,6218100
2006-11-07,48.759998,50,48.349998,49.57,38.04493,9393900
2006-11-08,48.439999,48.68,47.369999,48,36.83997,15683000
2006-11-09,48,48,45.119999,45.27,34.744675,21445100
2006-11-10,45.450001,46.5,45.279999,46.110001,35.389381,10615800
2006-11-13,46.240002,46.860001,45.799999,46.75,35.880596,9117500
2006-11-14,47.02,47.52,46.860001,47.439999,36.410141,8889300
2006-11-15,47.389999,48.080002,47.349998,47.959999,36.809246,7700300
2006-11-16,48.200001,48.290001,47.5,47.619999,36.548302,5271300
2006-11-17,47.599998,47.68,46.880001,47.25,36.264339,5714800
2006-11-20,47.720001,47.869999,46.73,46.810001,35.92662,6017800
2006-11-21,47,47,46.189999,46.330002,35.558228,6131700
2006-11-22,46.23,46.68,46.220001,46.560001,35.734756,4855300
2006-11-24,46.400002,47,46.189999,46.709999,35.849876,1842400
2006-11-27,46.700001,46.889999,46.18,46.18,35.4431,5616900
2006-11-28,46.25,48,46.25,47.34,36.333416,9759500
2006-11-29,47.459999,47.610001,46.939999,47.560001,36.502247,8221000
2006-11-30,47.950001,49.48,47.900002,49.080002,37.668865,11434700
2006-12-01,49.439999,49.84,48.490002,48.830002,37.476978,7665800
2006-12-04,48.849998,49.529999,48.619999,48.91,37.538391,7844100
2006-12-05,49.099998,49.169998,48.68,48.880001,37.515343,4601200
2006-12-06,49.029999,49.139999,48.720001,49.009998,37.615135,9797200
2006-12-07,49.080002,50.25,49,49.490002,37.983532,10122900
2006-12-08,49.369999,49.950001,49.279999,49.91,38.305885,6141000
2006-12-11,49.900002,50.310001,49.349998,50.09,38.444031,4475300
2006-12-12,49.91,50.369999,49.759998,50.040001,38.405666,7116500
2006-12-13,50.43,50.560001,49.639999,49.709999,38.152382,6556600
2006-12-14,50,50.209999,49.59,49.700001,38.144707,7522900
2006-12-15,49.669998,50.150002,49.139999,50.09,38.444031,7423600
2006-12-18,50.200001,50.529999,49.98,50.400002,38.681973,5465300
2006-12-19,50.5,52.529999,50.490002,52.330002,40.163231,13074400
2006-12-20,52.560001,53.700001,52.34,53.560001,41.107239,10252900
2006-12-21,53.889999,54.459999,53.630001,53.93,41.391224,8171700
2006-12-22,53.759998,53.91,52.91,53.450001,41.022835,4569100
2006-12-26,53.68,53.830002,52.990002,53.23,40.853981,2317000
2006-12-27,52.34,53.599998,52.049999,53.380001,40.969112,4915000
2006-12-28,52.869999,53.75,52.869999,53.66,41.184002,3626100
2006-12-29,53.400002,54.040001,53.400002,53.73,41.237743,4410400
2007-01-03,54.32,54.34,52.32,52.57,40.347431,8360300
2007-01-04,52.5,53,52.049999,52.91,40.608376,5152500
2007-01-05,52.799999,53.049999,51.93,52.549999,40.332085,6215700
2007-01-08,52.450001,53.490002,52.220001,53.32,40.923058,4344100
2007-01-09,53.349998,53.349998,52.43,52.68,40.431866,5483900
2007-01-10,52.82,53.25,52.200001,52.830002,40.546974,5075600
2007-01-11,53.110001,54.5,52.950001,54.450001,41.790333,5491000
2007-01-12,54.400002,55.34,54.25,55.099998,42.289215,8345700
2007-01-16,55.099998,55.950001,54.720001,55.75,42.788067,8213400
2007-01-17,55.950001,56.290001,55.52,55.650002,42.711327,6731900
2007-01-18,54.599998,54.599998,53.360001,53.799999,41.291458,13144300
2007-01-19,53.799999,53.799999,53.080002,53.200001,40.830952,8131200
2007-01-22,53.200001,53.25,52.049999,52.189999,40.055786,8795700
2007-01-23,52.200001,52.450001,51.400002,51.470001,39.503181,7639300
2007-01-24,51.369999,52.310001,50.759998,51.799999,39.756447,8157300
2007-01-25,51.799999,52.400002,51.799999,52.099998,39.98671,4976800
2007-01-26,52.060001,52.139999,51.279999,51.540001,39.556915,4097600
2007-01-29,51.349998,52.009998,51.349998,51.73,39.702744,5026500
2007-01-30,52.02,52.529999,51.810001,52.209999,40.071121,5881200
2007-01-31,52.5,52.5,51.439999,52.259998,40.109505,4265600
2007-02-01,52.27,53.220001,51.779999,52.799999,40.523949,4694500
2007-02-02,52.849998,53.450001,52.75,52.91,40.608376,4959500
2007-02-05,51.950001,52.830002,51.860001,52.330002,40.163231,6472500
2007-02-06,51.799999,51.889999,50.509998,50.990002,39.134792,10969400
2007-02-07,51.389999,51.389999,50.990002,51.25,39.334335,5172000
2007-02-08,51.279999,51.66,51.169998,51.240002,39.326653,4105700
2007-02-09,51.279999,51.52,50.75,50.880001,39.050343,4438700
2007-02-12,51.450001,51.990002,51.380001,51.619999,39.618298,4360200
2007-02-13,51.939999,52.200001,51.459999,51.610001,39.61063,6080700
2007-02-14,51.709999,51.93,51.310001,51.639999,39.633648,5125200
2007-02-15,52.099998,54.150002,51.98,53.610001,41.145618,8389500
2007-02-16,53.509998,54.279999,53.43,53.950001,41.406574,6276000
2007-02-20,54.549999,54.950001,53.610001,53.82,41.306801,6237000
2007-02-21,53.830002,54.130001,53.209999,53.529999,41.084225,4792000
2007-02-22,53.82,54,53.450001,53.720001,41.230057,3893100
2007-02-23,54.080002,54.290001,52.880001,53.029999,40.70047,4587700
2007-02-26,53.169998,53.349998,52.669998,53.209999,40.838619,4700700
2007-02-27,53.220001,53.68,50.939999,51.709999,39.68737,8615400
2007-02-28,52.02,52.720001,51.709999,52.18,40.0481,7015300
2007-03-01,52.060001,53.200001,51.240002,52.740002,40.477905,8698200
2007-03-02,53.990002,55.080002,53,54.18,41.583111,13175700
2007-03-05,53.900002,54.849998,52.93,52.959999,40.646755,9355200
2007-03-06,54.41,54.5,53.540001,53.98,41.429581,13281200
2007-03-07,53.810001,54,53.110001,53.799999,41.291458,6584300
2007-03-08,54.169998,54.25,53.110001,53.330002,40.930717,6038300
2007-03-09,53.5,53.799999,52.84,53,40.677444,4786100
2007-03-12,53.400002,53.610001,52.669998,53.27,40.884666,6895600
2007-03-13,53.27,54.02,52.970001,53,40.677444,10299700
2007-03-14,52.900002,53.950001,52.73,53.369999,40.96143,8599100
2007-03-15,53.369999,54.23,53.18,54.049999,41.48333,6508200
2007-03-16,54.310001,54.630001,52.889999,53.130001,40.777229,12425700
2007-03-19,53.540001,54.52,53.330002,54.299999,41.675198,7729800
2007-03-20,54.299999,54.91,53.880001,54.099998,41.521702,9084100
2007-03-21,54.049999,55.139999,53.299999,55.029999,42.235481,13092400
2007-03-22,55.34,56.23,54.650002,55.689999,42.742031,12849200
2007-03-23,55.459999,56.740002,55.27,56.509998,43.371357,8674100
2007-03-26,56.470001,57.099998,56.200001,56.880001,43.655365,9689000
2007-03-27,56,56.610001,54.900002,55.849998,42.864826,15167800
2007-03-28,55.98,56.740002,54.59,54.810001,42.066624,12456100
2007-03-29,53.740002,53.740002,52.349998,52.84,40.576855,26372300
2007-03-30,52.84,53.23,52.52,52.970001,40.676701,8706200
2007-04-02,53.400002,53.950001,53.130001,53.73,41.260311,8847400
2007-04-03,54.080002,54.849998,54,54.610001,41.936089,9027800
2007-04-04,54.610001,55.400002,54.400002,55.060001,42.281628,8705200
2007-04-05,54.82,55.900002,54.720001,55.330002,42.488991,9043800
2007-04-09,55.150002,55.380001,54.810001,54.880001,42.143417,8099000
2007-04-10,54.849998,55.09,53.91,54.240002,41.651955,8314800
2007-04-11,53.869999,54.209999,52.900002,53.139999,40.807228,10239700
2007-04-12,52.91,53.360001,52.759998,53.119999,40.791878,5216000
2007-04-13,53.349998,53.349998,52.200001,52.950001,40.661339,6946800
2007-04-16,52.959999,53.849998,52.75,53.849998,41.352455,6470900
2007-04-17,54.799999,55.150002,54.09,54.619999,41.94376,12462200
2007-04-18,54.220001,54.950001,53.869999,54.209999,41.628902,7377000
2007-04-19,51.5,52.490002,51.25,52.049999,39.970211,19605100
2007-04-20,52.490002,53.849998,52.110001,53.200001,40.853306,13710900
2007-04-23,53.200001,54.029999,53,53.950001,41.42926,7865400
2007-04-24,53.900002,54.369999,53.349998,54.23,41.644287,9378500
2007-04-25,53.25,53.900002,52.34,52.939999,40.653641,14426200
2007-04-26,53.099998,53.619999,52.18,52.709999,40.477043,14477500
2007-04-27,52.720001,53.25,52.720001,53.150002,40.81493,6330800
2007-04-30,53.560001,53.560001,52.740002,53.060001,40.745811,7393900
2007-05-01,52.919998,53,52.439999,52.75,40.507748,9132800
2007-05-02,53.099998,53.950001,52.720001,53.790001,41.306396,7340900
2007-05-03,53.950001,54,52.990002,53.189999,40.845627,7602000
2007-05-04,53.150002,53.84,53,53.57,41.13744,5999900
2007-05-07,53.59,53.919998,53.16,53.25,40.89172,8083500
2007-05-08,53,53.25,52.779999,53.110001,40.784199,8615500
2007-05-09,52.830002,53.5,52.740002,53.09,40.768841,6941500
2007-05-10,52.759998,53.580002,52,53.02,40.715076,4780800
2007-05-11,53.029999,53.799999,52.860001,53.59,41.152802,7440700
2007-05-14,53.459999,53.490002,52.779999,52.830002,40.569183,5883800
2007-05-15,53.02,53.139999,52.52,52.68,40.454002,6632000
2007-05-16,52.849998,53.82,52.59,53.799999,41.314064,6847500
2007-05-17,53.57,54,53.240002,53.650002,41.198864,4840800
2007-05-18,53.73,53.799999,53.139999,53.470001,41.06065,5922600
2007-05-21,53.439999,54.25,53.119999,53.5,41.083691,6847900
2007-05-22,53.580002,54.349998,53.349998,53.889999,41.383175,6655700
2007-05-23,53.889999,54.25,53.610001,53.93,41.41391,6721000
2007-05-24,53.790001,54.43,53.669998,54.209999,41.628902,8538300
2007-05-25,54.599998,54.610001,54.029999,54.41,41.782486,4909800
2007-05-29,54.400002,54.790001,54.400002,54.57,41.905361,5129700
2007-05-30,54.389999,54.900002,54.23,54.57,41.905361,4266900
2007-05-31,54.75,55.32,54.509998,54.77,42.058952,7238100
2007-06-01,54.939999,55.470001,54.82,55.209999,42.39682,6150700
2007-06-04,54.900002,55.450001,54.900002,55.200001,42.389156,4580400
2007-06-05,54.950001,55.130001,54.330002,54.700001,42.005188,5617800
2007-06-06,54.310001,54.630001,53.82,53.970001,41.444618,4652900
2007-06-07,53.07,54.240002,53.07,53.360001,40.976185,6274200
2007-06-08,53.540001,53.84,53.009998,53.669998,41.21423,5842100
2007-06-11,53.700001,53.700001,53.049999,53.189999,40.845627,4416600
2007-06-12,53.299999,53.299999,52.77,52.990002,40.692059,6583200
2007-06-13,53.259998,53.259998,52.349998,53.110001,40.784199,7285000
2007-06-14,53.200001,53.200001,52.799999,52.950001,40.661339,4175300
2007-06-15,53.119999,53.25,52.779999,52.900002,40.62294,7574800
2007-06-18,52.810001,53.189999,52.66,52.869999,40.599907,4328700
2007-06-19,52.689999,52.93,52.599998,52.740002,40.500069,5666400
2007-06-20,52.790001,52.790001,51.389999,51.5,39.547852,12729100
2007-06-21,51.599998,51.779999,51.130001,51.77,39.755184,7153500
2007-06-22,51.68,51.900002,51.029999,51.299999,39.394257,7963200
2007-06-25,51.549999,51.779999,51.209999,51.5,39.547852,6007200
2007-06-26,51.790001,52.049999,51.360001,51.790001,39.77055,5170500
2007-06-27,51.139999,51.759998,51.049999,51.75,39.739841,4839800
2007-06-28,51.529999,52.349998,51.450001,52.099998,40.008614,6556300
2007-06-29,52.5,53,50.700001,51.139999,39.2714,10126000
2007-07-02,51.59,52.220001,51.48,52.220001,40.100754,6847500
2007-07-03,52.220001,52.439999,51.75,52.139999,40.039322,2751200
2007-07-05,52.139999,52.549999,51.700001,52.450001,40.277374,6866000
2007-07-06,52.529999,53.18,52.110001,53.02,40.715076,4825800
2007-07-09,53,53.07,51.939999,51.970001,39.908768,7362800
2007-07-10,51.75,52.48,51.470001,51.549999,39.58625,7001600
2007-07-11,51.43,51.900002,51.150002,51.41,39.478737,12962500
2007-07-12,51.380001,53.099998,51.130001,53.09,40.768841,12038400
2007-07-13,53,53.080002,52.369999,52.98,40.684361,4476300
2007-07-16,53.900002,53.900002,52.869999,52.950001,40.661339,6168300
2007-07-17,52.66,53.419998,52.59,53,40.699715,5691200
2007-07-18,54.009998,54.099998,53.139999,53.580002,41.14513,9001700
2007-07-19,51.950001,52.299999,51.299999,51.889999,39.847347,17658500
2007-07-20,51.669998,51.900002,50.779999,51.32,39.409607,9549000
2007-07-23,51.5,51.66,51.060001,51.169998,39.294445,6810200
2007-07-24,51.169998,51.560001,50.959999,51,39.163895,8679200
2007-07-25,50.990002,51.419998,50.700001,51.209999,39.325146,8547700
2007-07-26,50.509998,51.119999,49.799999,50.209999,38.557228,8703200
2007-07-27,49.91,50.389999,49.099998,49.130001,37.72789,10559500
2007-07-30,49.400002,50.25,48.75,48.939999,37.58197,7892100
2007-07-31,49.16,49.23,48.130001,48.43,37.190323,10434800
2007-08-01,48.240002,48.869999,47.360001,47.990002,36.852455,11590900
2007-08-02,47.5,48.799999,47.5,48.360001,37.136585,10394800
2007-08-03,49.25,49.25,47.400002,47.5,36.476162,10970100
2007-08-06,47.75,48.549999,47.509998,48.5,37.244076,9647900
2007-08-07,48.360001,49.07,45.82,47.990002,36.852455,9495000
2007-08-08,48.299999,48.299999,46.950001,47.57,36.529911,10244600
2007-08-09,47.790001,47.959999,46.029999,46.330002,35.577709,14537200
2007-08-10,46.400002,48.07,46.049999,47.48,36.460827,11879500
2007-08-13,47.849998,49.990002,47.799999,49.040001,37.658772,12146600
2007-08-14,49.290001,49.380001,48.169998,48.48,37.228733,6202000
2007-08-15,48.849998,50.099998,48.75,49.119999,37.7202,10229600
2007-08-16,48.599998,49.130001,47.970001,48.860001,37.520557,9655400
2007-08-17,49.439999,49.869999,48.900002,49.799999,38.242382,9515400
2007-08-20,50.119999,50.470001,49.220001,49.549999,38.050411,7082900
2007-08-21,49.549999,49.919998,49.27,49.560001,38.058094,5805300
2007-08-22,49,49.220001,48.099998,48.650002,37.359287,10318200
2007-08-23,48.900002,49,48.34,48.619999,37.336246,5916500
2007-08-24,48.400002,49.790001,48.169998,49.610001,38.096489,6220000
2007-08-27,49.419998,49.939999,49.189999,49.189999,37.773941,4221300
2007-08-28,49.360001,49.639999,48.610001,48.630001,37.343918,5267400
2007-08-29,48.810001,49,48.27,48.689999,37.389988,6245200
2007-08-30,48.689999,49.490002,48.330002,49.049999,37.666447,6553300
2007-08-31,49.299999,50.299999,49.009998,50.009998,38.403652,9211400
2007-09-04,50.110001,50.75,49.990002,50.189999,38.541862,7922300
2007-09-05,49.860001,50,49.139999,49.290001,37.850739,6183800
2007-09-06,49.029999,49.720001,49.029999,49.599998,38.088799,4168900
2007-09-07,49.150002,49.5,48.98,49.189999,37.773941,4200100
2007-09-10,49.34,49.48,48.970001,49.119999,37.7202,6124300
2007-09-11,49.419998,49.73,48.779999,49.57,38.065765,5778100
2007-09-12,49.529999,49.740002,49.349998,49.470001,37.988968,6619700
2007-09-13,49.650002,49.860001,49.389999,49.549999,38.050411,5046800
2007-09-14,49.279999,50.16,49.18,49.91,38.326862,7101700
2007-09-17,49.73,50.110001,49.57,49.950001,38.357578,6284300
2007-09-18,50.110001,50.48,49.529999,50.099998,38.472778,9324900
2007-09-19,50.25,50.439999,49.599998,49.84,38.273083,7488600
2007-09-20,49.799999,50.009998,49.549999,49.810001,38.25005,5387300
2007-09-21,50.169998,50.169998,49.779999,49.91,38.326862,9616200
2007-09-24,50,50.099998,49.43,49.560001,38.058094,12594500
2007-09-25,49.529999,49.91,49.43,49.48,37.996658,7868700
2007-09-26,49.52,49.540001,49.130001,49.310001,37.866104,8035400
2007-09-27,49.450001,49.48,49.240002,49.259998,37.827713,7162100
2007-09-28,49.02,49.02,48,48.43,37.190323,12939200
2007-10-01,48.869999,48.98,47.91,48.139999,36.967651,7450800
2007-10-02,48.200001,48.41,47.419998,47.889999,36.775639,8577600
2007-10-03,47.799999,47.799999,46.59,47.049999,36.1306,13402800
2007-10-04,47.419998,47.639999,47.150002,47.380001,36.384007,8023900
2007-10-05,47.439999,48.02,47.380001,47.700001,36.629761,7696600
2007-10-08,47.700001,47.959999,47.68,47.810001,36.714211,3853800
2007-10-09,47.790001,48.5,47.759998,48.490002,37.236397,7991400
2007-10-10,48.48,49.68,48.439999,49.330002,37.88147,13164600
2007-10-11,49.540001,49.599998,49.200001,49.34,37.889122,10103300
2007-10-12,49.240002,49.98,49.150002,49.689999,38.157913,9159300
2007-10-15,49.75,49.75,48.75,48.93,37.574306,8021300
2007-10-16,48.91,49.110001,48.360001,48.5,37.244076,6462000
2007-10-17,48.490002,49.41,48.25,48.599998,37.320869,5703600
2007-10-18,49,49,47.919998,48.099998,36.936924,20643600
2007-10-19,47.740002,47.970001,47.369999,47.450001,36.437771,11601200
2007-10-22,47.240002,48.18,47.09,48.130001,36.959961,7585700
2007-10-23,48.18,49.139999,48.150002,48.84,37.505188,6565100
2007-10-24,49.25,49.419998,47.900002,48.470001,37.221066,7371800
2007-10-25,48.470001,48.959999,48.18,48.529999,37.267128,6569800
2007-10-26,48.619999,48.779999,47,47.990002,36.852455,6127600
2007-10-29,48.23,48.490002,47.799999,47.950001,36.82172,4789800
2007-10-30,47.77,48.200001,47.400002,47.900002,36.783352,5111300
2007-10-31,48.549999,49.619999,48.400002,49.150002,37.74324,9457100
2007-11-01,48.82,49.43,48.5,48.549999,37.282486,6727600
2007-11-02,48.290001,49.040001,48.119999,48.939999,37.58197,7492800
2007-11-05,48.5,49.459999,48.5,49.119999,37.7202,6618400
2007-11-06,49.150002,49.650002,48.900002,49.59,38.081135,4752000
2007-11-07,49.75,50.540001,49.509998,49.849998,38.280777,10515700
2007-11-08,50.09,50.349998,49.540001,50.290001,38.618668,7339100
2007-11-09,50.200001,52.220001,49.889999,51.669998,39.67841,16514700
2007-11-12,51.48,53,51.48,52.639999,40.423283,13544100
2007-11-13,52.799999,53.299999,52.43,53.299999,40.930119,11340300
2007-11-14,53.52,53.669998,52.66,53.040001,40.730442,7846700
2007-11-15,52.720001,53.799999,52.720001,53.02,40.715076,7615200
2007-11-16,53.27,53.73,52.889999,53.419998,41.022243,8204700
2007-11-19,53.25,53.689999,53.02,53.490002,41.076008,8233200
2007-11-20,53.470001,54.450001,53.349998,54.07,41.521397,8674200
2007-11-21,53.709999,54.400002,53.110001,53.41,41.01458,7021500
2007-11-23,53.66,54.150002,53.650002,54.07,41.521397,2963700
2007-11-26,54.07,54.82,53.32,53.380001,40.991535,6500600
2007-11-27,53.549999,54.419998,53.209999,54.290001,41.690353,7889600
2007-11-28,54.59,54.799999,53.66,54.720001,42.02055,8769300
2007-11-29,54.650002,54.970001,54.580002,54.759998,42.051258,6164600
2007-11-30,54.950001,55,54.060001,55,42.235577,6047100
2007-12-03,54.299999,54.93,54.029999,54.630001,41.951443,7170700
2007-12-04,54.27,54.990002,53.900002,54.330002,41.721066,9493200
2007-12-05,54.939999,54.939999,54.23,54.68,41.989838,10883600
2007-12-06,54.560001,56,54.150002,55.98,42.988125,6723600
2007-12-07,55.970001,56.990002,55.27,56.650002,43.50264,8187700
2007-12-10,56.650002,57.950001,56.48,57.869999,44.439487,11171800
2007-12-11,57.84,58.150002,56.93,57.07,43.825161,11885800
2007-12-12,57.259998,58.34,57.259998,57.470001,44.132317,13495200
2007-12-13,57.099998,57.689999,56.580002,57.029999,43.794449,8543000
2007-12-14,56.27,57.439999,55.110001,56.73,43.564068,6931000
2007-12-17,56.369999,57.200001,56.369999,56.59,43.456547,5754600
2007-12-18,56.889999,57.470001,56.34,57.200001,43.924992,6548300
2007-12-19,57.099998,57.66,56.25,57.360001,44.047859,4455600
2007-12-20,57.66,58.32,57.099998,58.110001,44.623814,6728800
2007-12-21,58.150002,59.34,58.029999,58.990002,45.299564,11114800
2007-12-24,58.759998,59.459999,58.759998,58.880001,45.215088,1934400
2007-12-26,58.880001,59.18,58.75,58.950001,45.268845,3192300
2007-12-27,58.200001,59.439999,58.200001,58.360001,44.815781,4671800
2007-12-28,58.16,59,58.080002,58.279999,44.754341,3735400
2007-12-31,58,58.57,57.869999,58.200001,44.692924,3394900
2008-01-02,57.189999,57.860001,56.459999,56.669998,43.518002,7698700
2008-01-03,56.75,57.290001,56.52,56.93,43.717636,4864000
2008-01-04,56.560001,56.93,55.939999,56,43.003483,7250600
2008-01-07,55.540001,57.110001,55.540001,56.880001,43.679249,6093200
2008-01-08,57.049999,57.48,55.98,56.209999,43.164742,8142700
2008-01-09,56.09,57.48,55.75,56.189999,43.149391,9381400
2008-01-10,55.91,56.279999,55.07,56.09,43.072598,6413600
2008-01-11,55.689999,56.59,55.470001,55.91,42.934364,6135400
2008-01-14,56.25,56.5,55.080002,55.419998,42.558094,6194000
2008-01-15,55.009998,55.400002,54.529999,54.950001,42.197174,6703900
2008-01-16,54.599998,56.27,54.599998,55.279999,42.450577,8403500
2008-01-17,55.540001,55.540001,53.790001,54.360001,41.744091,7686000
2008-01-18,54.639999,54.880001,53.110001,54.400002,41.774807,9705200
2008-01-22,51.5,52.98,50.32,51.220001,39.332836,16447400
2008-01-23,49.82,50.43,48.119999,50.349998,38.664726,15512200
2008-01-24,50.369999,50.529999,49.279999,49.82,38.257736,11488400
2008-01-25,49.880001,50.200001,49.5,50,38.395962,12519600
2008-01-28,49.900002,52,49.59,52,39.931801,13295200
2008-01-29,52.220001,52.220001,50.119999,50.779999,38.994957,9873700
2008-01-30,50.509998,51.299999,50.130001,50.16,38.518837,9818900
2008-01-31,50.07,51.119999,49.32,50.84,39.041023,8361900
2008-02-01,50.849998,51.029999,49.650002,50.099998,38.472778,7346800
2008-02-04,49.91,50.18,49.790001,49.900002,38.31918,4484300
2008-02-05,50.060001,50.23,49.400002,49.400002,37.935223,6981300
2008-02-06,49.639999,49.810001,49.279999,49.380001,37.919868,6428300
2008-02-07,49.099998,49.610001,48.66,49.029999,37.651085,6909700
2008-02-08,48.860001,48.860001,47.59,48.200001,37.013706,5966200
2008-02-11,48.200001,48.369999,47.389999,48.220001,37.029072,6717800
2008-02-12,48.48,48.650002,47.889999,48.27,37.067463,7282300
2008-02-13,47.599998,47.650002,44,46.970001,36.069183,29371900
2008-02-14,46.889999,47.099998,46.200001,46.610001,35.792721,7993500
2008-02-15,46.34,47.740002,46.34,47.740002,36.660488,8617000
2008-02-19,48.189999,48.5,47.779999,48.080002,36.921558,5411200
2008-02-20,47.810001,48.18,47.5,48.099998,36.936924,5012100
2008-02-21,48.169998,48.169998,47.700001,47.799999,36.706554,4833500
2008-02-22,47.990002,48.110001,46.75,47.360001,36.368664,5900800
2008-02-25,47.299999,48.150002,47.299999,47.98,36.844788,6475100
2008-02-26,47.84,48.959999,47.5,48.93,37.574306,7154700
2008-02-27,48.799999,49.580002,48.799999,49.169998,37.758598,7392400
2008-02-28,48.91,49.09,47.950001,48.009998,36.867805,5639700
2008-02-29,47.580002,47.700001,46.32,46.48,35.69289,10785100
2008-03-03,46.23,46.509998,45.549999,46.349998,35.59306,8229300
2008-03-04,46.009998,47.150002,46.009998,46.759998,35.907917,8082300
2008-03-05,47.279999,47.369999,46.52,47.220001,36.261154,5990500
2008-03-06,47.080002,47.080002,45.75,45.810001,35.178371,6788000
2008-03-07,45.599998,45.700001,45.139999,45.209999,34.717636,7434000
2008-03-10,45.16,45.73,44.970001,45.07,34.610123,6165400
2008-03-11,40.650002,41.27,37.32,38.240002,29.365234,37638000
2008-03-12,35.75,38.619999,34.669998,36.68,28.167278,35342400
2008-03-13,37.700001,39.650002,37.110001,38.279999,29.39595,30377600
2008-03-14,38.639999,39.720001,36.630001,37.189999,28.55892,13008400
2008-03-17,35.860001,36.720001,33.73,33.84,25.986397,21053600
2008-03-18,34.299999,35.060001,33.57,35.060001,26.923254,19636900
2008-03-19,34.52,36.57,34.52,35.549999,27.299528,14692900
2008-03-20,35.73,35.73,34.84,35.32,27.122921,12731500
2008-03-24,35.330002,36,35.310001,35.709999,27.4224,7288100
2008-03-25,35.41,35.48,34.810001,35.279999,27.092194,9606500
2008-03-26,35.25,35.25,33.939999,34.099998,26.186052,15311800
2008-03-27,34.25,34.41,33.810001,34,26.109259,11709500
2008-03-28,34.240002,34.599998,33.900002,34.400002,26.416431,8048500
2008-03-31,34.400002,34.849998,33.830002,34.360001,26.408745,14104200
2008-04-01,34.849998,36.25,34.599998,36.25,27.861364,8887700
2008-04-02,35.799999,36.810001,35.799999,35.959999,27.638483,9386800
2008-04-03,35.380001,36.889999,35.380001,36.150002,27.784515,11752400
2008-04-04,36.150002,36.68,36.02,36.5,28.053514,5706400
2008-04-07,36.740002,37.07,36.490002,36.669998,28.184177,7077800
2008-04-08,36.68,38.330002,36.509998,38.080002,29.267895,12245600
2008-04-09,38.279999,38.279999,37.150002,37.279999,28.653013,7126600
2008-04-10,36.990002,37.849998,36.52,36.599998,28.130369,6794700
2008-04-11,36.5,37,35.73,35.869999,27.5693,7061600
2008-04-14,35.849998,36.299999,35.529999,36.290001,27.89212,4541600
2008-04-15,36.130001,38.099998,36.080002,37.240002,28.622274,9010100
2008-04-16,37.27,37.27,35.759998,35.799999,27.515511,11659600
2008-04-17,35.720001,36.709999,35.720001,36.700001,28.207247,7013500
2008-04-18,36.84,37.439999,36.049999,37.25,28.629953,9058800
2008-04-21,37.040001,38.099998,37.040001,37.810001,29.060379,8088300
2008-04-22,33.709999,35.049999,33.48,34.150002,26.247339,28718500
2008-04-23,34.060001,35.169998,33.77,34.73,26.693134,17846700
2008-04-24,34.5,35.290001,33.41,33.59,25.816935,10118800
2008-04-25,33.810001,34.290001,33.57,33.990002,26.124369,10066100
2008-04-28,34,34.150002,33.459999,33.639999,25.855358,9751200
2008-04-29,33.470001,33.48,32.939999,33.400002,25.670891,10580800
2008-04-30,33.599998,33.599998,32.5,32.630001,25.079084,14293400
2008-05-01,32.720001,33.18,32.32,32.900002,25.286598,26252600
2008-05-02,33.009998,34.360001,33.009998,33.470001,25.724693,12916900
2008-05-05,33.560001,34.029999,33.060001,33.07,25.417265,11348000
2008-05-06,33.07,33.27,32.560001,32.799999,25.20973,11935500
2008-05-07,32.740002,33.23,32.560001,32.66,25.102139,8573600
2008-05-08,32.75,33.57,32.5,33,25.363462,7207100
2008-05-09,33.09,33.209999,32.619999,32.939999,25.317347,5168500
2008-05-12,33.18,33.18,32.560001,32.779999,25.194365,5080700
2008-05-13,32.810001,33.09,32.5,32.549999,25.017595,6172000
2008-05-14,32.540001,32.799999,32.02,32.02,24.610237,10210200
2008-05-15,32.099998,32.23,31.49,31.700001,24.364298,16034800
2008-05-16,32.110001,32.59,31.860001,32.32,24.840818,17738000
2008-05-19,32.580002,33.610001,32.450001,33.439999,25.70163,13271900
2008-05-20,33.650002,34.189999,33.459999,34.049999,26.170485,19432000
2008-05-21,34,34.529999,33.82,34.16,26.255022,12849000
2008-05-22,34.5,35.77,34,35.299999,27.131208,16315500
2008-05-23,35.5,35.540001,34.32,34.75,26.708502,12066300
2008-05-27,34.689999,35.23,34.619999,35.02,26.916006,10348000
2008-05-28,35.040001,35.240002,34.209999,34.23,26.308826,15387500
2008-05-29,34.099998,34.77,34.009998,34.5,26.516338,11342700
2008-05-30,34.580002,34.73,34.060001,34.209999,26.293453,7643400
2008-06-02,34.220001,34.419998,33.66,33.990002,26.124369,10343700
2008-06-03,34.040001,34.299999,33.5,33.950001,26.093624,9692600
2008-06-04,33.919998,34.110001,33.669998,33.82,25.993696,11208500
2008-06-05,33.869999,34.16,33.57,33.939999,26.085941,10629800
2008-06-06,33.720001,33.889999,32.990002,33.029999,25.386517,12431000
2008-06-09,33.040001,33.25,32.75,32.93,25.309664,9009800
2008-06-10,33.009998,33.009998,32.48,32.599998,25.056028,9300200
2008-06-11,32.490002,32.59,31.76,31.950001,24.55644,11565800
2008-06-12,32.040001,32.110001,30.98,31.01,23.833961,15830200
2008-06-13,30.299999,30.889999,30,30.74,23.62644,18258400
2008-06-16,30.65,30.74,29.92,30.200001,23.211409,11135300
2008-06-17,30.280001,30.51,29.959999,30,23.05769,7366800
2008-06-18,29.969999,30.4,29.889999,30.219999,23.226778,18323000
2008-06-19,27.1,28.709999,26.93,27.889999,21.435963,51415000
2008-06-20,27.84,27.950001,27,27.120001,20.844154,17673700
2008-06-23,27.23,27.24,26.219999,26.389999,20.283083,15516700
2008-06-24,26.15,26.75,25.92,26.43,20.313824,13895800
2008-06-25,26.48,27.24,26.48,26.790001,20.590515,8488200
2008-06-26,26.48,27.299999,25.889999,25.969999,19.960268,12442100
2008-06-27,26.299999,26.700001,25.99,26.01,19.991007,20100800
2008-06-30,26.049999,26.58,25.5,26.25,20.17548,15309500
2008-07-01,26.120001,26.200001,25.290001,25.629999,19.698952,11956400
2008-07-02,27.02,27.299999,25.040001,25.120001,19.306971,27401600
2008-07-03,24.5,24.99,22.719999,22.959999,17.64682,22763500
2008-07-07,22.709999,23.67,22.68,23.309999,17.915829,17254000
2008-07-08,22.780001,24.09,22.51,23.280001,17.892769,23354900
2008-07-09,23.35,23.559999,22.75,22.93,17.62377,16839800
2008-07-10,22.9,23.17,22.18,22.58,17.354757,12975200
2008-07-11,21.76,22.549999,21.540001,22.16,17.031942,14181300
2008-07-14,22.190001,22.5,22.030001,22.18,17.047321,10634900
2008-07-15,21.91,22.42,21.200001,22.33,17.162605,16152700
2008-07-16,22.4,22.66,21.969999,22.530001,17.316326,19159200
2008-07-17,22.6,23.67,22.49,23.58,18.123348,16009900
2008-07-18,23.719999,24.290001,23.24,23.9,18.369289,15625200
2008-07-21,24.129999,24.34,23.76,23.83,18.315493,13714500
2008-07-22,24.4,26.4,24.15,26.209999,20.144732,26171000
2008-07-23,27.92,28.129999,27.280001,27.76,21.336048,26577700
2008-07-24,27.74,27.940001,26.809999,27.02,20.767292,11180800
2008-07-25,27.02,27.6,26.9,27.450001,21.097794,11244200
2008-07-28,27.469999,27.950001,26.780001,26.780001,20.582827,8837000
2008-07-29,26.85,27.66,26.620001,27.530001,21.159269,7623700
2008-07-30,27.65,27.93,26.690001,27.280001,20.967131,10490000
2008-07-31,27.120001,28.969999,27.120001,28.08,21.581993,17290000
2008-08-01,27.99,28.309999,27.440001,28.129999,21.62043,10702100
2008-08-04,28.700001,29.5,27.5,28.959999,22.258352,11467400
2008-08-05,28.959999,30.48,28.959999,30.450001,23.403545,13067600
2008-08-06,30.41,30.41,29.360001,29.860001,22.950089,9772900
2008-08-07,29.790001,29.950001,29.01,29.16,22.412071,7074200
2008-08-08,29.27,31.190001,29.27,31,23.826277,10644200
2008-08-11,31.07,31.870001,30.24,31.25,24.018427,7417400
2008-08-12,31.389999,31.940001,31.18,31.48,24.1952,7479300
2008-08-13,31.49,31.83,30.870001,31.610001,24.295116,7219400
2008-08-14,31.709999,32.360001,31.1,31.889999,24.510328,7737000
2008-08-15,31.940001,33.099998,31.129999,33.009998,25.371145,9848100
2008-08-18,33.25,33.490002,31.9,32.130001,24.694786,8541000
2008-08-19,31.969999,32.130001,29.98,30.969999,23.803219,12564800
2008-08-20,30.950001,30.959999,29.889999,30.24,23.242155,7075300
2008-08-21,30.1,30.73,29.85,30.299999,23.288269,5937900
2008-08-22,30.459999,30.719999,30.110001,30.610001,23.526525,6666400
2008-08-25,30.530001,30.65,29.16,29.309999,22.527367,6565400
2008-08-26,29.299999,30.360001,29.01,29.459999,22.642654,6095000
2008-08-27,29.450001,29.860001,28.82,29.43,22.619589,5643500
2008-08-28,29.549999,30.219999,29.43,30.059999,23.103807,5952400
2008-08-29,30.040001,30.75,29.860001,30.450001,23.403545,7137300
2008-09-02,30.49,31.389999,29,29.280001,22.504301,12849800
2008-09-03,29.18,29.799999,28.98,29.68,22.811735,5111300
2008-09-04,29.559999,29.620001,27.719999,28.059999,21.566618,13517500
2008-09-05,27.9,28.01,27.23,27.709999,21.297615,10914200
2008-09-08,28.66,29.25,28.219999,29.16,22.412071,8880900
2008-09-09,29.07,30.030001,28.48,28.48,21.889433,12618500
2008-09-10,28.51,29.58,28.42,29.309999,22.527367,8168400
2008-09-11,28.52,30,28.52,29.959999,23.026939,10032900
2008-09-12,30,30,28.91,29.610001,22.757942,7194800
2008-09-15,28.780001,29.209999,27.9,28.01,21.528194,10762700
2008-09-16,27.73,27.799999,25.84,26.780001,20.582827,17597900
2008-09-17,26.5,27.5,25.5,25.51,19.606724,12287900
2008-09-18,25.85,26.719999,24.9,26.57,20.421429,12795600
2008-09-19,29.940001,30,26.34,26.790001,20.590515,13050400
2008-09-22,27,27.09,26.139999,26.52,20.382998,6717500
2008-09-23,26.27,27.5,25.24,26,19.983326,6472000
2008-09-24,26.01,26.27,24.98,25.1,19.291601,4908000
2008-09-25,25.190001,25.959999,25.1,25.5,19.599043,5511600
2008-09-26,25,26.200001,25,25.809999,19.837301,4545800
2008-09-29,25.26,26,21,21,16.140375,8695700
2008-09-30,23.68,26,23.67,25.389999,19.5145,10648200
2008-10-01,25.969999,25.969999,24.76,25.08,19.276228,7038900
2008-10-02,25.09,25.459999,24.700001,24.76,19.030273,10096200
2008-10-03,25.059999,25.290001,23.99,24.110001,18.530689,7621800
2008-10-06,23.77,23.99,21.65,22.26,17.108801,12613300
2008-10-07,22.5,22.75,20.52,20.52,15.771459,11134900
2008-10-08,20.26,21.02,19.200001,19.200001,14.756917,12460900
2008-10-09,20.129999,20.17,17.540001,17.799999,13.680893,18043400
2008-10-10,16.629999,19,14.51,17.35,13.335032,22748600
2008-10-13,18.059999,23.52,17.83,23.379999,17.969631,17691700
2008-10-14,24.309999,25.25,22.66,22.99,17.66988,14809700
2008-10-15,22.58,23.040001,21.57,21.67,16.655344,11159000
2008-10-16,23.620001,24,20.700001,22.629999,17.393181,20106300
2008-10-17,22.99,24.719999,22.559999,24.389999,18.745903,17641700
2008-10-20,24.620001,25.610001,24.200001,25.51,19.606724,9741400
2008-10-21,25.139999,25.99,25,25.25,19.406885,13449800
2008-10-22,23.700001,24.82,22.700001,24.059999,18.492268,15369300
2008-10-23,24.26,24.790001,22.17,23.93,18.392349,10879900
2008-10-24,22.18,23.450001,21.26,22.91,17.608391,10412300
2008-10-27,22.309999,22.93,20.200001,20.43,15.702287,11761500
2008-10-28,21.27,22.48,20,22.450001,17.254833,11767800
2008-10-29,22.309999,22.68,21,21.32,16.386328,14461400
2008-10-30,22.690001,22.690001,21.120001,22.389999,17.208719,9410800
2008-10-31,22.07,24.190001,21.299999,23.73,18.23863,14807400
2008-11-03,23.68,23.99,23.25,23.49,18.054165,5451000
2008-11-04,24.299999,24.49,22.549999,22.82,17.539215,10569500
2008-11-05,22.58,23.639999,22.48,22.77,17.500793,11475300
2008-11-06,22.6,23.17,21.969999,22.16,17.031942,11371800
2008-11-07,22.41,22.92,21.83,22.43,17.239462,7309700
2008-11-10,22.52,22.73,21.09,21.440001,16.478565,7087800
2008-11-11,21.08,21.08,19.59,20.16,15.494766,9592200
2008-11-12,20,20,18.83,18.870001,14.503285,8305500
2008-11-13,18.98,20.870001,17.860001,20.84,16.017412,13802000
2008-11-14,20.27,21.58,20.01,20.02,15.387168,9847900
2008-11-17,19.73,20.030001,18.889999,18.889999,14.51866,8951100
2008-11-18,18.58,19.549999,18.110001,19.030001,14.626267,12303900
2008-11-19,18.91,19.52,17.700001,17.73,13.627099,9254900
2008-11-20,17.6,18.65,15.93,16.299999,12.528014,13078000
2008-11-21,16.719999,17.200001,15.19,17.15,13.18131,17653300
2008-11-24,17.57,19.4,17.280001,19.07,14.657006,13471700
2008-11-25,19.59,20.99,19.450001,20.73,15.932861,13391300
2008-11-26,19.93,21.16,19.719999,20.98,16.125011,9609700
2008-11-28,20.809999,21.379999,20.75,21.01,16.148071,3549700
2008-12-01,21.67,22.440001,20.040001,20.120001,15.46403,11531800
2008-12-02,20.5,21.219999,19.25,20.32,15.61774,8941500
2008-12-03,19.84,20.530001,19.049999,20.379999,15.663854,8016700
2008-12-04,20.040001,20.870001,19.530001,19.9,15.294936,7406500
2008-12-05,19.52,21.57,19.23,21.41,16.455505,8246800
2008-12-08,21.98,22.09,20.879999,21.450001,16.486256,7721800
2008-12-09,21.23,22.18,20.190001,20.780001,15.97129,8246400
2008-12-10,21,21.809999,20.889999,21.57,16.57848,7030600
2008-12-11,21.309999,23.959999,21.209999,23.49,18.054165,13822100
2008-12-12,22.82,23.84,22.549999,23.540001,18.092598,8309400
2008-12-15,23.65,24.48,23.459999,23.780001,18.277063,10733200
2008-12-16,23.059999,24.889999,22.5,24.35,18.715158,11878600
2008-12-17,23.959999,24.84,23.67,23.9,18.369289,8141000
2008-12-18,24.16,25.08,23.690001,24.91,19.145571,10148800
2008-12-19,25.02,26.92,24.92,26.49,20.35994,17398000
2008-12-22,26.469999,26.82,25,25.74,19.783503,8160500
2008-12-23,25.93,26.6,25.719999,25.98,19.967955,5888900
2008-12-24,26.16,26.48,25.48,25.959999,19.952587,1965700
2008-12-26,26.08,26.48,25.99,26.299999,20.213907,2108200
2008-12-29,26.41,26.41,25.08,25.57,19.652836,5507900
2008-12-30,25.82,27.110001,25.76,27.040001,20.782656,5886600
2008-12-31,27.059999,27.309999,26.200001,26.6,20.444485,5584600
2009-01-02,26.700001,27.719999,26.540001,27.59,21.205389,4885900
2009-01-05,27.4,27.67,26.559999,27.139999,20.859522,8518900
2009-01-06,27.110001,27.370001,25.809999,26.5,20.36762,7423000
2009-01-07,26.709999,27.08,26.040001,26.299999,20.213907,8228400
2009-01-08,26.1,26.91,25.75,26.709999,20.529028,6106900
2009-01-09,26.75,27,25.799999,26.450001,20.329197,5931400
2009-01-12,26.58,26.790001,25.290001,25.620001,19.691265,6242600
2009-01-13,24.92,26.290001,24.85,25.360001,19.491436,10393800
2009-01-14,24.700001,24.959999,23.77,24.08,18.507639,7846700
2009-01-15,24.059999,25.139999,23.860001,24.889999,19.130194,10735100
2009-01-16,25.389999,25.620001,24.76,25.5,19.599043,9587900
2009-01-20,25.41,26.01,24.030001,24.16,18.56913,8196900
2009-01-21,24.209999,25.120001,23.860001,25.049999,19.253174,8206400
2009-01-22,25.440001,27.440001,25.25,27.190001,20.897951,19846600
2009-01-23,27.17,28.57,25.93,28.040001,21.551258,14194800
2009-01-26,28.16,28.719999,27.799999,28.15,21.635799,11956600
2009-01-27,28.27,29.5,28.09,29.08,22.350586,14528200
2009-01-28,29.610001,30.25,29.25,29.99,23.050016,16850900
2009-01-29,29.68,29.700001,28.51,28.690001,22.050835,8842900
2009-01-30,28.76,28.9,27.66,28.33,21.774139,9325100
2009-02-02,28,29.5,27.799999,29.15,22.404381,9313100
2009-02-03,29.610001,30.25,28.690001,29.74,22.857851,12365200
2009-02-04,29.799999,29.940001,28.75,28.98,22.273727,13014100
2009-02-05,28.66,29.08,28.52,28.799999,22.135387,13264500
2009-02-06,28.77,29.43,28.5,28.940001,22.242979,15279600
2009-02-09,29.620001,29.700001,28.91,29.52,22.688772,12664700
2009-02-10,29.27,29.66,27.84,27.969999,21.497454,12561200
2009-02-11,27.799999,28.690001,27.65,28.549999,21.943239,14523700
2009-02-12,27.799999,29.540001,27.5,29.48,22.658024,16370900
2009-02-13,29.42,29.440001,28.65,28.959999,22.258352,9258200
2009-02-17,28.190001,28.83,27.24,28.42,21.843319,13399000
2009-02-18,28.440001,28.440001,27.799999,28.33,21.774139,10999400
2009-02-19,28.58,29.389999,28.280001,28.65,22.02009,10142100
2009-02-20,28.129999,28.559999,27.540001,27.98,21.50514,14396200
2009-02-23,26.6,26.9,23.35,23.82,18.307802,29258700
2009-02-24,23.77,24.690001,23.6,24.209999,18.607553,13996100
2009-02-25,24.1,24.1,22.559999,23.030001,17.700615,14346100
2009-02-26,23.34,23.34,19.51,20.07,15.425597,34614900
2009-02-27,20.190001,20.6,19.42,19.65,15.102786,19846800
2009-03-02,19.190001,19.25,17,17.48,13.434948,30818800
2009-03-03,17.74,18.76,16.84,17.799999,13.680893,33608100
2009-03-04,18.110001,18.51,17.620001,17.959999,13.80387,30539200
2009-03-05,17.52,17.84,16.18,16.35,12.566444,23363700
2009-03-06,16.57,18.07,16.32,17.9,13.757755,24728700
2009-03-09,17.67,18.290001,17.139999,17.790001,13.673215,13752500
2009-03-10,17.639999,19.379999,17.639999,19.309999,14.841462,18763300
2009-03-11,19.42,20.309999,18.77,19.120001,14.695434,15788800
2009-03-12,19.030001,20.6,18.860001,20.41,15.686915,15471200
2009-03-13,20.51,21.68,20.389999,21.360001,16.417076,11716000
2009-03-16,21.629999,21.75,20.620001,20.68,15.894433,8086100
2009-03-17,21.110001,21.84,20.35,21.540001,16.555418,12679300
2009-03-18,21.32,22.889999,21.280001,21.950001,16.870548,11402800
2009-03-19,22.290001,22.4,21.09,21.299999,16.37096,8968000
2009-03-20,21.709999,21.860001,20.25,20.629999,15.856009,13299800
2009-03-23,21.200001,22.07,20.540001,22.049999,16.947401,10350900
2009-03-24,21.68,22,21.110001,21.120001,16.232607,8353700
2009-03-25,21.290001,21.67,20.610001,21.18,16.278732,14040500
2009-03-26,21.17,21.799999,20.870001,21.620001,16.616903,12733100
2009-03-27,21.299999,21.549999,20.9,21.08,16.20187,6794600
2009-03-30,20.450001,20.870001,20.16,20.540001,15.786825,8537100
2009-03-31,20.85,21.620001,20.6,20.93,16.110109,9877800
2009-04-01,20.610001,21.1,19.85,20.68,15.917683,12819300
2009-04-02,21.17,21.76,20.83,21.07,16.217867,14884600
2009-04-03,21.049999,21.5,20.139999,20.540001,15.809924,9655100
2009-04-06,20.33,22.049999,20.25,21.93,16.879822,12855600
2009-04-07,21.4,23.76,20.700001,23.450001,18.049795,21519900
2009-04-08,24.120001,24.389999,22.549999,22.860001,17.595655,15949800
2009-04-09,23.559999,23.91,23,23.860001,18.365372,8783700
2009-04-13,24.120001,24.58,23.5,24.370001,18.757927,10678000
2009-04-14,24.18,24.870001,23.68,24.5,18.857994,11141200
2009-04-15,24.34,25.85,24.08,25.110001,19.327509,15740600
2009-04-16,25.32,26.1,23.67,24.360001,18.750227,12370500
2009-04-17,24.32,24.4,23.1,24.139999,18.580894,13915400
2009-04-20,23.52,24.870001,23.52,24.209999,18.634769,9951200
2009-04-21,25.379999,25.709999,22.719999,22.799999,17.549479,23880900
2009-04-22,22.860001,23.629999,22.5,22.809999,17.557173,17248100
2009-04-23,23.1,23.549999,21.950001,23.16,17.826576,15036800
2009-04-24,23.43,23.610001,22.559999,23.059999,17.749599,14607200
2009-04-27,23.200001,23.559999,22.73,23.01,17.711117,11906800
2009-04-28,23,24.540001,22.690001,23.889999,18.388462,14061200
2009-04-29,24.049999,24.25,23.27,23.870001,18.373068,11349100
2009-04-30,24.4,24.459999,23.370001,23.52,18.10367,10722700
2009-05-01,23.559999,23.58,22.74,22.969999,17.680319,10355700
2009-05-04,22.98,23.76,22.799999,23.719999,18.257608,9592300
2009-05-05,23.620001,25.68,23.620001,25.559999,19.673882,13811900
2009-05-06,25.74,26,25.25,25.93,19.958683,9675400
2009-05-07,25.799999,28.52,25.799999,28.389999,21.852173,17479200
2009-05-08,28.74,29.690001,28.540001,28.870001,22.221636,17012400
2009-05-11,28.26,28.530001,27.4,27.59,21.236403,9914700
2009-05-12,27.059999,27.799999,26.370001,27.32,21.028587,9918900
2009-05-13,27.07,28.299999,26.5,27.66,21.290285,9800700
2009-05-14,27.67,28.209999,27.02,27.799999,21.398037,6013100
2009-05-15,27.74,28.74,27.17,27.51,21.174828,8907900
2009-05-18,27.690001,27.83,26.6,27.809999,21.405746,10816500
2009-05-19,27.709999,28.209999,27.25,27.459999,21.136341,6927600
2009-05-20,27.68,28.379999,27.129999,27.780001,21.382658,9396300
2009-05-21,27.360001,28.469999,26.639999,26.92,20.720697,9292300
2009-05-22,26.950001,27.34,26.129999,26.299999,20.243469,6591500
2009-05-26,26.209999,27.41,25.860001,27.190001,20.92852,10316400
2009-05-27,26.950001,27.85,26.91,27.49,21.159437,7596100
2009-05-28,27.459999,28.370001,27.07,27.190001,20.92852,9964100
2009-05-29,27.27,27.379999,26,26.6,20.47439,11723600
2009-06-01,26.9,27.66,26.66,27.5,21.167135,8330000
2009-06-02,27.719999,28.43,27.120001,28.1,21.62896,9444800
2009-06-03,27.290001,27.84,26.6,27.5,21.167135,11787700
2009-06-04,27.73,27.93,27.02,27.27,20.990097,6605900
2009-06-05,27.629999,27.75,26.309999,27.1,20.859251,8517500
2009-06-08,26.99,27,25.66,26.049999,20.051046,10476700
2009-06-09,26.379999,26.469999,25.360001,25.98,19.997166,12179500
2009-06-10,26.02,26.280001,25.42,25.73,19.804735,9867400
2009-06-11,23.75,24.33,23.23,24.049999,18.511621,31038100
2009-06-12,23.799999,24.43,23.48,24.209999,18.634769,15141300
2009-06-15,24.01,24.16,23.43,23.51,18.095974,13557500
2009-06-16,23.65,24.889999,23.27,24.02,18.488527,14164100
2009-06-17,24.030001,24.65,23.83,24.02,18.488527,12144300
2009-06-18,24.08,25.68,23.969999,25.450001,19.589216,16954800
2009-06-19,25.93,26.48,25.02,25.43,19.57382,21833600
2009-06-22,25.09,25.18,24.469999,24.559999,18.904171,9727600
2009-06-23,24.49,25.370001,24.190001,24.540001,18.888777,9052100
2009-06-24,24.6,25.34,24.360001,24.809999,19.096596,9147500
2009-06-25,24.639999,25.91,24.549999,24.99,19.235149,14774400
2009-06-26,24.93,25.24,24.549999,24.77,19.065821,15564900
2009-06-29,24.799999,25.24,24.49,25.120001,19.335209,7976400
2009-06-30,25.01,25.450001,24.629999,24.98,19.227457,10177400
2009-07-01,25.09,25.48,24.65,25.16,19.365997,6875300
2009-07-02,24.93,25.110001,23.889999,23.91,18.403862,10398500
2009-07-06,23.91,24.280001,23.690001,24.09,18.54241,7908100
2009-07-07,24.049999,26.309999,24,25.17,19.373701,19892000
2009-07-08,25.26,25.360001,23.91,24.67,18.988838,11864900
2009-07-09,24.879999,25.6,24.219999,24.940001,19.196663,8967800
2009-07-10,24.9,25.4,24.389999,24.67,18.988838,5621200
2009-07-13,24.719999,25.120001,24.27,25.01,19.250538,5801600
2009-07-14,25.57,25.73,24.610001,24.77,19.065821,9708400
2009-07-15,25.059999,25.09,24.15,24.91,19.173571,12532300
2009-07-16,24.799999,25.549999,24.32,25.25,19.435274,11892400
2009-07-17,25.26,25.5,24.790001,25.09,19.312126,9050100
2009-07-20,25.25,25.25,24.360001,24.84,19.119694,8006700
2009-07-21,25.48,25.870001,24.950001,25.59,19.696972,12851000
2009-07-22,25.610001,26.6,25.370001,26,20.012562,11307100
2009-07-23,26.25,27.34,26.040001,27.049999,20.820761,9955300
2009-07-24,27.23,27.530001,26,27.32,21.028587,7961000
2009-07-27,27.09,28.200001,27.059999,27.620001,21.259495,7030300
2009-07-28,27.780001,29.709999,27.459999,29.08,22.383276,17732800
2009-07-29,28.530001,29.6,28.200001,28.41,21.867575,17007300
2009-07-30,28.84,29.01,27.75,28.1,21.62896,13690200
2009-07-31,28.08,28.360001,27.74,28.059999,21.598175,8317500
2009-08-03,28.34,28.4,27.07,27.360001,21.05937,12181300
2009-08-04,27.190001,27.48,26.5,26.93,20.728395,8508800
2009-08-05,26.879999,26.889999,26.040001,26.18,20.151108,7892500
2009-08-06,26.27,26.450001,25.42,25.98,19.997166,11043400
2009-08-07,26.08,26.65,25.99,26.51,20.405111,8506500
2009-08-10,26.469999,27.139999,26.18,27.07,20.836149,7705000
2009-08-11,27.059999,27.959999,26.799999,27.82,21.413443,11762400
2009-08-12,27.76,28.120001,27.5,27.790001,21.390348,6901500
2009-08-13,27.639999,28.42,27.190001,28.370001,21.836786,7858600
2009-08-14,28.08,28.49,27.610001,28.059999,21.598175,6718400
2009-08-17,27.719999,29.67,27.719999,28.48,21.921452,14909500
2009-08-18,28.379999,28.48,27.799999,28.18,21.690538,8269600
2009-08-19,27.75,28.290001,27.610001,28.18,21.690538,7561900
2009-08-20,28.059999,28.940001,28.02,28.389999,21.852173,8741100
2009-08-21,28.719999,29.049999,28.27,28.92,22.260128,8182700
2009-08-24,29.09,29.719999,28.549999,29.690001,22.852806,11908000
2009-08-25,29.77,30,29.18,29.92,23.029835,10207500
2009-08-26,29.83,29.84,28.809999,28.93,22.26782,10143100
2009-08-27,28.82,29.209999,28.52,28.940001,22.275517,7784000
2009-08-28,29.1,29.129999,27.98,28.18,21.690538,9074200
2009-08-31,27.969999,28.790001,27.700001,28,21.551979,7603900
2009-09-01,27.940001,28.469999,27.27,27.33,21.036282,10171000
2009-09-02,27.370001,29.129999,27.360001,28.66,22.059998,14380400
2009-09-03,28.940001,29.1,28.030001,28.870001,22.221636,10479600
2009-09-04,28.799999,29.25,28.549999,28.879999,22.229336,5837100
2009-09-08,28.99,29,27.59,27.84,21.428831,13752600
2009-09-09,28.02,28.440001,27.700001,28.4,21.859871,10975000
2009-09-10,28.15,29.18,28.049999,29.110001,22.406364,9136500
2009-09-11,29.120001,29.41,28.77,29.07,22.375586,5430600
2009-09-14,28.85,29.17,28.43,28.76,22.136965,7354500
2009-09-15,28.82,28.83,27.66,27.700001,21.321072,13570400
2009-09-16,27.950001,29.34,27.809999,29.290001,22.54492,14119100
2009-09-17,29.450001,29.879999,29.129999,29.34,22.583405,11461300
2009-09-18,28.889999,29.26,28.41,28.58,21.998421,15698600
2009-09-21,28.450001,28.940001,28.219999,28.59,22.006121,8258400
2009-09-22,28.719999,28.780001,27.51,27.58,21.228708,12943800
2009-09-23,27.85,27.85,26.629999,26.68,20.535971,15226100
2009-09-24,26.73,27.040001,25.98,26.030001,20.035654,13992100
2009-09-25,26.01,26.18,25.129999,25.34,19.504545,16839100
2009-09-28,25.440001,26.09,25.360001,25.799999,19.858622,8795400
2009-09-29,25.92,26.440001,24.940001,25.68,19.766251,23216300
2009-09-30,25.15,25.6,24.52,25.040001,19.273638,22933900
2009-10-01,24.889999,25.639999,24.700001,24.790001,19.081207,17202100
2009-10-02,24.68,24.91,23.950001,24.280001,18.68866,11219600
2009-10-05,24.379999,24.5,23.950001,24.040001,18.503918,12436800
2009-10-06,24.459999,24.59,23.82,24.379999,18.765619,11192200
2009-10-07,24.42,25.34,24.4,25.049999,19.281338,12081700
2009-10-08,24.290001,24.43,23.5,24.16,18.596289,24531700
2009-10-09,24.450001,25.049999,24.41,24.67,18.988838,16555000
2009-10-12,24.809999,25.52,24.809999,25.23,19.419884,13952400
2009-10-13,25.17,25.17,23.959999,24.290001,18.696348,19003700
2009-10-14,24.620001,24.93,24.35,24.870001,19.142784,9801800
2009-10-15,24.77,24.91,24.379999,24.549999,18.896479,11123600
2009-10-16,24.709999,24.959999,24.33,24.450001,18.819508,12367000
2009-10-19,24.57,24.99,24.41,24.92,19.181271,10270400
2009-10-20,25.68,26.52,25.5,25.959999,19.98177,21392200
2009-10-21,25.969999,26.07,25.030001,25.120001,19.335209,11959800
2009-10-22,25.049999,26,25.02,25.709999,19.789347,13756100
2009-10-23,26.1,26.219999,25.6,25.85,19.897097,8293000
2009-10-26,25.93,26.190001,25.290001,25.309999,19.481453,14347500
2009-10-27,25.299999,26.799999,25.190001,26.5,20.397413,20485300
2009-10-28,26.290001,26.51,25.809999,25.879999,19.920193,11505700
2009-10-29,26.059999,26.59,26,26.469999,20.374325,13044200
2009-10-30,26.32,26.790001,25.9,25.950001,19.974073,11745700
2009-11-02,26.02,26.610001,25.639999,26.42,20.335835,8189400
2009-11-03,26.58,27,26.26,26.91,20.713005,11443700
2009-11-04,27.620001,28.959999,27.620001,27.870001,21.451927,22424700
2009-11-05,27.950001,28.379999,27.67,28.209999,21.713621,11991700
2009-11-06,28.1,28.74,27.799999,28.67,22.067696,11891400
2009-11-09,28.309999,29.24,28.200001,29.129999,22.421762,11751800
2009-11-10,29,29.18,28.620001,28.969999,22.298611,8063300
2009-11-11,28.99,29.43,28.66,29.370001,22.606501,8794200
2009-11-12,29.43,29.43,28.690001,28.76,22.136965,8428600
2009-11-13,28.879999,29.35,28.85,29.08,22.383276,6267600
2009-11-16,29.23,29.5,28.950001,29.15,22.437157,8281300
2009-11-17,28.959999,29.18,28.790001,28.969999,22.298611,6103400
2009-11-18,28.969999,29.110001,28.65,28.870001,22.221636,7327600
2009-11-19,28.66,28.719999,27.870001,28.629999,22.036903,6991000
2009-11-20,28.299999,28.77,28.299999,28.559999,21.983028,9008200
2009-11-23,28.940001,29.58,28.93,29.08,22.383276,9622100
2009-11-24,29.33,29.690001,28.85,29.559999,22.752743,7241100
2009-11-25,29.58,29.74,29.370001,29.540001,22.737356,8060900
2009-11-27,28.99,29.639999,28.700001,29.440001,22.660376,5456500
2009-11-30,29.440001,29.49,28.5,28.67,22.067696,12634400
2009-12-01,29,29.190001,28.629999,28.700001,22.090792,9705800
2009-12-02,28.719999,28.799999,28.16,28.290001,21.775208,11500500
2009-12-03,28.27,28.459999,27.299999,27.33,21.036282,15325700
2009-12-04,27.65,28.049999,27.299999,27.459999,21.136341,11814700
2009-12-07,27.540001,28.469999,27.52,28.299999,21.782904,11281000
2009-12-08,28.16,28.92,28.07,28.459999,21.906057,15897400
2009-12-09,28.879999,29.6,28.129999,28.5,21.93685,19103600
2009-12-10,28.719999,30.719999,28.540001,30.309999,23.330027,27521700
2009-12-11,30.43,31.040001,30.4,30.48,23.460876,19072800
2009-12-14,30.879999,31.24,30.76,30.950001,23.822641,20357700
2009-12-15,30.9,31.379999,30.879999,31.32,24.107437,28990900
2009-12-16,31.5,32.32,31.41,32.200001,24.784792,34897200
2009-12-17,32.09,32.330002,31.309999,31.82,24.492294,14802800
2009-12-18,31.879999,32,31.08,31.540001,24.276772,15694400
2009-12-21,31.969999,33.25,31.92,32.169998,24.761688,24416000
2009-12-22,32.389999,32.509998,32.18,32.32,24.877157,10356400
2009-12-23,32.23,32.650002,31.52,31.620001,24.338356,9500100
2009-12-24,31.889999,31.9,31.25,31.68,24.384535,4963400
2009-12-28,31.530001,31.84,31.08,31.389999,24.161314,7968700
2009-12-29,31.09,31.459999,30.719999,30.85,23.74567,9200000
2009-12-30,30.85,31.01,30.6,31.01,23.868828,5806300
2009-12-31,30.950001,31.15,30.450001,30.48,23.460876,5354200
2010-01-04,31.379999,31.6,30.969999,31.530001,24.269079,12199500
2010-01-05,31.73,31.969999,31.280001,31.48,24.230587,11180700
2010-01-06,31.6,32.060001,31.41,31.790001,24.469204,9761100
2010-01-07,31.59,33.049999,31.59,33.009998,25.408257,11789800
2010-01-08,32.860001,32.919998,32.34,32.700001,25.169651,7228700
2010-01-11,32.709999,33.130001,32.700001,32.919998,25.338978,7206900
2010-01-12,32.700001,32.91,31.540001,32.049999,24.669334,13121500
2010-01-13,31.99,32.549999,31.68,32.540001,25.046492,8797200
2010-01-14,32.68,33.330002,32.330002,33.32,25.646864,8818300
2010-01-15,33.540001,33.990002,33.099998,33.75,25.977852,19382000
2010-01-19,34.560001,35.900002,34.5,35.130001,27.040058,26477900
2010-01-20,35.939999,36.07,34.290001,34.549999,26.593613,26854700
2010-01-21,35.43,35.689999,33,33.099998,25.477526,29192700
2010-01-22,33.82,34.110001,33.099998,33.16,25.523712,21021600
2010-01-25,33.560001,33.720001,32.959999,33,25.400566,10925800
2010-01-26,32.509998,32.91,32.439999,32.439999,24.969519,11057200
2010-01-27,32.34,33.529999,32.110001,33.240002,25.585291,14387100
2010-01-28,33.330002,34.09,33.040001,33.43,25.731535,16742100
2010-01-29,33.419998,33.799999,32.959999,33,25.400566,11931500
2010-02-01,33.029999,33.41,32.220001,33.130001,25.500628,13710200
2010-02-02,33.139999,34.119999,32.93,34.049999,26.208761,12114600
2010-02-03,34.049999,34.049999,32.82,33.32,25.646864,8410400
2010-02-04,33.240002,33.240002,32.389999,32.459999,24.984911,10648500
2010-02-05,32.419998,32.630001,31.84,32.540001,25.046492,12666000
2010-02-08,32.23,32.950001,32.23,32.41,24.946423,9558200
2010-02-09,32.720001,33.060001,32,33,25.400566,11236500
2010-02-10,33,33.169998,32.299999,32.709999,25.177338,10755200
2010-02-11,32.709999,33.200001,32.439999,33.119999,25.492922,7857600
2010-02-12,32.779999,32.849998,32.029999,32.18,24.7694,11688700
2010-02-16,32.330002,32.599998,31.389999,31.629999,24.346045,13934200
2010-02-17,31.68,33.209999,31.68,32.549999,25.054188,11690900
2010-02-18,32.23,32.990002,32.119999,32.689999,25.161947,10327100
2010-02-19,32.419998,32.77,31.83,31.940001,24.584661,11508200
2010-02-22,32.110001,33.119999,31.879999,33.080002,25.462133,16338800
2010-02-23,32.869999,33.169998,32.360001,32.810001,25.254316,10746500
2010-02-24,32.880001,33.66,32.360001,33.619999,25.877789,10982600
2010-02-25,33.32,33.98,32.84,33.450001,25.746923,14779500
2010-02-26,33.52,34.299999,33.360001,33.860001,26.062517,9684700
2010-03-01,34,34.720001,33.529999,34.040001,26.201054,10970800
2010-03-02,34.110001,34.369999,33.610001,33.950001,26.131788,7081500
2010-03-03,34.049999,34.349998,33.77,34.099998,26.247242,8089700
2010-03-04,34.049999,34.099998,32.419998,32.950001,25.362076,17386600
2010-03-05,33.029999,33.790001,32.959999,33.740002,25.970148,8133300
2010-03-08,33.740002,33.84,33.029999,33.099998,25.477526,7734800
2010-03-09,33.18,33.450001,33.07,33.080002,25.462133,8770800
2010-03-10,33.02,33.549999,32.939999,33.240002,25.585291,7419000
2010-03-11,33.09,33.560001,32.939999,33.5,25.78541,14678000
2010-03-12,33.68,33.740002,32.779999,32.91,25.33128,9450400
2010-03-15,32.779999,32.779999,31.93,32.529999,25.03879,13520100
2010-03-16,32.150002,33.110001,32.09,33.049999,25.439043,12932100
2010-03-17,33.16,33.16,32.259998,32.75,25.208132,10614400
2010-03-18,32.459999,33.689999,31.98,33.59,25.854691,15407200
2010-03-19,34.389999,34.700001,33.720001,34.389999,26.470461,21827600
2010-03-22,34.470001,35.16,33.209999,33.299999,25.631466,20218800
2010-03-23,33.360001,33.459999,32.959999,33.16,25.523712,11409500
2010-03-24,33.139999,33.34,32.720001,32.720001,25.18504,10825800
2010-03-25,32.759998,33.259998,32.599998,33.119999,25.492922,14786200
2010-03-26,33.099998,33.27,32.599998,32.630001,25.115768,8751000
2010-03-29,32.66,33.02,32.52,32.84,25.277397,7967200
2010-03-30,32.790001,33.290001,32.599998,33.060001,25.446751,7253100
2010-03-31,32.900002,33.110001,32.5,32.669998,25.146564,6961600
2010-04-01,32.799999,32.990002,32.52,32.990002,25.416197,6713400
2010-04-05,33.119999,33.220001,32.77,33.139999,25.531763,6722000
2010-04-06,33.27,34,33.25,33.41,25.739773,9430900
2010-04-07,33.529999,33.529999,32.740002,32.93,25.36998,8395900
2010-04-08,32.84,32.959999,32.200001,32.619999,25.131144,11174600
2010-04-09,32.66,32.709999,31.610001,32.259998,24.853796,12831400
2010-04-12,32.18,32.380001,32.009998,32.259998,24.853796,8763300
2010-04-13,32.439999,32.68,31.83,32.16,24.776749,11119100
2010-04-14,32.110001,32.119999,30.940001,31.049999,23.921585,16499100
2010-04-15,31.07,31.299999,30.08,30.629999,23.598011,25271500
2010-04-16,30.540001,31.110001,30.34,30.73,23.675049,15355500
2010-04-19,30.559999,31.67,30.559999,31.23,24.060246,13524400
2010-04-20,32.220001,32.23,30.26,30.98,23.867657,26564000
2010-04-21,31.139999,31.450001,30.09,30.26,23.312952,13735400
2010-04-22,30.25,30.52,29.879999,30.459999,23.467031,14148700
2010-04-23,30.309999,30.969999,30.280001,30.950001,23.844547,14799000
2010-04-26,31.120001,31.15,29.700001,29.85,22.997082,16596800
2010-04-27,29.84,30.360001,29.620001,29.799999,22.958559,16204300
2010-04-28,29.93,30.620001,29.709999,30.440001,23.451633,13270600
2010-04-29,30.809999,31.74,30.790001,31.299999,24.114195,13609500
2010-04-30,31.34,31.34,30.219999,30.309999,23.351469,15545900
2010-05-03,30.5,30.58,29.889999,30.26,23.312952,9553500
2010-05-04,30.01,30.049999,29.280001,29.49,22.719721,11745200
2010-05-05,29.24,30.1,29.139999,30,23.112642,11359500
2010-05-06,30.15,30.27,27.969999,29.24,22.527122,10439100
2010-05-07,29.049999,29.280001,28.25,29.02,22.35763,14194800
2010-05-10,28.98,30.059999,28.92,29.879999,23.020191,9059800
2010-05-11,29.809999,30.08,29.549999,29.85,22.997082,9614100
2010-05-12,29.85,30.379999,29.790001,30.32,23.359175,11345400
2010-05-13,30.200001,30.43,29.93,30.18,23.251318,7148300
2010-05-14,29.969999,30.48,29.559999,30.389999,23.413105,12201000
2010-05-17,30.469999,30.73,29.870001,30.440001,23.451633,8658100
2010-05-18,30.530001,30.74,30.08,30.18,23.251318,8907900
2010-05-19,30.110001,30.25,29.75,29.99,23.104935,10096000
2010-05-20,29.52,29.65,28.950001,28.959999,22.311394,10194300
2010-05-21,28.540001,29.07,28.16,28.700001,22.111088,11502800
2010-05-24,28.59,29.18,28.17,28.83,22.211239,7996700
2010-05-25,28.33,28.889999,28.110001,28.870001,22.24206,8547300
2010-05-26,29.049999,29.549999,28.77,28.790001,22.180433,9613100
2010-05-27,29.309999,29.32,28.85,29.32,22.588751,6502100
2010-05-28,29.290001,29.41,28.85,29.07,22.396139,11697300
2010-06-01,29.18,29.610001,28.889999,28.98,22.326811,8178500
2010-06-02,29.120001,29.940001,28.870001,29.91,23.043306,7967800
2010-06-03,29.92,30.49,29.66,30.459999,23.565517,8064800
2010-06-04,30.09,31.610001,29.889999,30.34,23.472683,16676300
2010-06-07,30.469999,31.07,29.32,30.459999,23.565517,16847400
2010-06-08,30.43,31.110001,30.26,30.889999,23.89819,18435500
2010-06-09,30.889999,31.16,30.450001,30.530001,23.619675,10126400
2010-06-10,30.92,31.120001,30.219999,30.700001,23.751196,11766600
2010-06-11,30.5,30.83,30.129999,30.67,23.727983,9072700
2010-06-14,30.719999,30.940001,30.549999,30.59,23.66609,8390100
2010-06-15,30.9,31.209999,30.76,31.190001,24.130287,9569200
2010-06-16,30.84,31.629999,30.84,31.389999,24.285019,10152000
2010-06-17,31.540001,31.540001,31.17,31.5,24.370123,9370800
2010-06-18,31.5,31.620001,31.200001,31.33,24.238598,10243000
2010-06-21,31.610001,31.799999,31.049999,31.15,24.099342,7110500
2010-06-22,31.110001,31.34,30.58,30.639999,23.704773,6578200
2010-06-23,30.77,30.92,30.120001,30.209999,23.372101,8358400
2010-06-24,30.08,30.15,29.629999,29.76,23.02396,8952600
2010-06-25,29.75,30.110001,29.58,29.879999,23.116798,14216100
2010-06-28,29.870001,30.33,29.120001,29.190001,22.582977,9883000
2010-06-29,28.879999,29.030001,28.459999,28.629999,22.149729,14389900
2010-06-30,28.51,28.76,28.309999,28.4,21.97179,11078500
2010-07-01,28.309999,28.309999,27.129999,27.85,21.546282,15600900
2010-07-02,27.889999,28.450001,27.790001,28.299999,21.894428,9312900
2010-07-06,28.49,29.059999,28.290001,28.889999,22.350882,13395000
2010-07-07,28.98,29.25,28.799999,29.200001,22.590714,8978500
2010-07-08,29.32,29.889999,29.25,29.68,22.96207,8996400
2010-07-09,29.75,30.129999,29.52,29.969999,23.186428,6971100
2010-07-12,29.91,30.07,29.610001,30.040001,23.24058,8901800
2010-07-13,30.24,30.27,29.799999,30.139999,23.317951,6905100
2010-07-14,30,30.389999,29.780001,30.32,23.457212,4711100
2010-07-15,30.32,30.93,30.120001,30.879999,23.890455,9214500
2010-07-16,30.73,31.120001,30.15,30.34,23.472683,9411300
2010-07-19,30.48,30.959999,30.290001,30.82,23.844034,8575500
2010-07-20,31.35,31.49,30.24,30.83,23.85177,13493900
2010-07-21,30.85,31.129999,30.58,30.700001,23.751196,8884400
2010-07-22,31.09,31.200001,30.65,31,23.983294,9202600
2010-07-23,31,31.25,30.74,30.92,23.921402,5746700
2010-07-26,30.84,31.49,30.84,31.469999,24.346909,5479000
2010-07-27,31.530001,31.719999,30.629999,30.780001,23.813089,11856600
2010-07-28,30.790001,30.92,30.15,30.33,23.464945,7981800
2010-07-29,30.49,30.879999,30.040001,30.440001,23.550053,5540300
2010-07-30,30.200001,30.68,29.940001,30.450001,23.557783,4893200
2010-08-02,30.889999,31.559999,30.83,31.440001,24.323694,7440900
2010-08-03,31.389999,32.580002,31.27,32.419998,25.081884,9954200
2010-08-04,32.43,33.240002,32.400002,32.91,25.460974,9379500
2010-08-05,32.759998,33.490002,32.68,33.419998,25.855534,7829600
2010-08-06,33.080002,33.549999,32.959999,33.450001,25.878752,7479400
2010-08-09,33.5,33.790001,33.360001,33.490002,25.909695,6059400
2010-08-10,33.299999,33.619999,32.959999,33.330002,25.785913,7957600
2010-08-11,32.849998,33.150002,31.74,31.99,24.749208,17250600
2010-08-12,31.709999,32.240002,31.57,32.130001,24.857525,8998000
2010-08-13,32.009998,32.189999,31.65,32.029999,24.780153,6868600
2010-08-16,31.85,31.99,31.370001,31.9,24.679583,5231900
2010-08-17,32.23,32.580002,31.98,32.349998,25.027721,5544800
2010-08-18,32.279999,32.959999,32.119999,32.540001,25.174721,6444900
2010-08-19,32.369999,32.470001,31.76,31.790001,24.594479,7067700
2010-08-20,31.75,31.83,31.389999,31.610001,24.455221,5330200
2010-08-23,31.629999,32.169998,31.469999,31.5,24.370123,5077300
2010-08-24,31.200001,31.42,30.860001,31.040001,24.014244,7509700
2010-08-25,30.93,32.25,30.82,31.959999,24.726002,10921200
2010-08-26,32.040001,32.389999,31.85,31.85,24.6409,9944700
2010-08-27,31.959999,32.419998,31.48,32.369999,25.043198,7051400
2010-08-30,32.330002,32.48,31.879999,31.91,24.687313,7173200
2010-08-31,31.809999,32.209999,31.42,31.719999,24.540318,8650800
2010-09-01,32.009998,32.630001,31.84,32.59,25.213404,8623100
2010-09-02,32.830002,32.93,32.290001,32.860001,25.422293,5430000
2010-09-03,32.950001,33.91,32.91,33.91,26.234632,7760900
2010-09-07,33.759998,34.09,33.619999,33.779999,26.134054,6831800
2010-09-08,33.779999,33.959999,33.330002,33.849998,26.188204,8552100
2010-09-09,34.099998,34.25,33.919998,34.02,26.319729,7507100
2010-09-10,33.990002,34.639999,33.799999,34.490002,26.781748,8940700
2010-09-13,34.790001,35.279999,34.669998,34.720001,26.96035,7101400
2010-09-14,34.009998,35,33.98,34.610001,26.874939,8716000
2010-09-15,34.5,34.599998,33.970001,34.27,26.610914,11169600
2010-09-16,34.23,34.389999,33.919998,34.240002,26.587618,6153700
2010-09-17,34.459999,34.610001,34.130001,34.130001,26.502207,7286900
2010-09-20,34.369999,35.029999,34.349998,34.93,27.1234,5639200
2010-09-21,34.889999,35.5,34.830002,35.259998,27.379665,6428000
2010-09-22,35.119999,35.700001,34.91,35.68,27.705797,7184300
2010-09-23,35.400002,35.799999,35.189999,35.439999,27.519438,6711800
2010-09-24,35.939999,35.939999,35.599998,35.73,27.744617,8558100
2010-09-27,35.830002,35.830002,35.25,35.349998,27.449537,7505200
2010-09-28,35.450001,35.610001,34.91,35.040001,27.208834,8410300
2010-09-29,34.91,35.209999,34.709999,35.200001,27.333073,7872500
2010-09-30,35.490002,35.560001,35.080002,35.110001,27.263178,7847200
2010-10-01,35.07,35.470001,34.759998,35.43,27.511667,6503500
2010-10-04,35.299999,35.299999,34.349998,34.540001,26.820581,5883300
2010-10-05,34.77,35.130001,34.549999,35.07,27.232126,6887400
2010-10-06,35.040001,35.220001,33.939999,33.950001,26.362438,13815400
2010-10-07,34.389999,34.59,34.110001,34.34,26.665274,6878900
2010-10-08,34.450001,34.549999,34.189999,34.349998,26.673042,6022300
2010-10-11,34.09,34.900002,34.07,34.650002,26.905993,6746300
2010-10-12,34.52,35.060001,34.439999,35.02,27.193296,6766300
2010-10-13,35.09,35.619999,35.02,35.32,27.426252,8050100
2010-10-14,35.259998,36.259998,35.23,35.779999,27.783443,10274300
2010-10-15,36.009998,36.23,35.77,35.98,27.938749,7825200
2010-10-18,36.09,36.369999,35.84,36.25,28.148401,8035000
2010-10-19,35.630001,35.919998,34.919998,35.299999,27.410723,13178200
2010-10-20,35.459999,36.75,35.450001,36.73,28.521126,10386500
2010-10-21,36.849998,36.849998,36.119999,36.490002,28.334774,6840200
2010-10-22,36.700001,37.259998,36.419998,37.259998,28.932673,6622900
2010-10-25,37.52,37.950001,37.459999,37.560001,29.16563,7456100
2010-10-26,37.509998,37.689999,37.150002,37.57,29.173388,8050600
2010-10-27,37.25,37.360001,35.700001,35.93,27.899933,12700700
2010-10-28,36.279999,36.400002,35.950001,36.25,28.148401,6281600
2010-10-29,36.400002,36.93,35.810001,36.049999,27.993103,6696900
2010-11-01,36.27,36.639999,35.700001,36.110001,28.039684,7671800
2010-11-02,36.400002,37.09,36.360001,37,28.730776,9988000
2010-11-03,36.650002,37.450001,36.07,36.66,28.466763,10730400
2010-11-04,37,37.049999,36.380001,36.799999,28.575468,6839700
2010-11-05,36.73,37.189999,36.48,36.860001,28.622076,7190400
2010-11-08,36.630001,37.18,36.610001,37.119999,28.823975,4370500
2010-11-09,37.240002,37.279999,36.810001,36.98,28.715261,6027600
2010-11-10,36.709999,37.169998,35.970001,37.16,28.855036,8385100
2010-11-11,36.970001,37.5,36.740002,37.470001,29.095743,5396400
2010-11-12,37.209999,37.330002,36.23,36.669998,28.47455,7373900
2010-11-15,36.32,36.380001,35.439999,35.470001,27.542734,9124200
2010-11-16,35.279999,35.380001,34.810001,35.009998,27.185535,10840800
2010-11-17,35.09,35.34,34.580002,35.330002,27.43401,9578000
2010-11-18,34.59,35.950001,34.5,35.630001,27.666964,9207900
2010-11-19,35.540001,36.490002,35.34,36,27.954279,14341600
2010-11-22,37.310001,37.419998,35.57,36.459999,28.311476,14972500
2010-11-23,36.150002,36.34,35.779999,36.049999,27.993103,6577900
2010-11-24,36.610001,36.75,36.02,36.18,28.09404,6306100
2010-11-26,35.759998,36.27,35.740002,35.880001,27.861097,2972200
2010-11-29,35.540001,36.669998,35.049999,36.59,28.412415,10899000
2010-11-30,36.32,36.98,36.040001,36.52,28.358065,12039400
2010-12-01,37.139999,37.900002,37.139999,37.669998,29.251049,11012000
2010-12-02,37.68,38.060001,37.639999,38.049999,29.54612,8600200
2010-12-03,37.709999,37.98,37.380001,37.82,29.464315,5383200
2010-12-06,37.669998,37.880001,37.240002,37.290001,29.05142,5179900
2010-12-07,37.470001,37.619999,36.73,36.77,28.646294,8523900
2010-12-08,36.91,37.009998,36.68,36.84,28.700838,5753700
2010-12-09,37.209999,37.209999,36.43,36.650002,28.552805,8309700
2010-12-10,36.790001,36.849998,36.43,36.669998,28.568396,7979300
2010-12-13,36.759998,37.860001,36.619999,36.900002,28.747581,11122300
2010-12-14,36.59,37.080002,36.34,36.5,28.43594,8351800
2010-12-15,36.27,36.34,35.110001,35.450001,27.617926,13520200
2010-12-16,35.450001,35.759998,34.939999,35.610001,27.742575,10177800
2010-12-17,35.599998,35.610001,34.970001,35.049999,27.306299,18279900
2010-12-20,35.290001,35.330002,34.98,35.18,27.407578,6407700
2010-12-21,35.119999,35.810001,35.049999,35.330002,27.524435,6873900
2010-12-22,35.41,35.869999,35.279999,35.84,27.921774,5115000
2010-12-23,35.82,36.099998,35.630001,35.77,27.867243,3808500
2010-12-27,35.5,35.709999,35.450001,35.540001,27.688042,2810600
2010-12-28,35.509998,35.77,35.380001,35.720001,27.828285,3082900
2010-12-29,35.84,36.029999,35.669998,35.91,27.97629,3593700
2010-12-30,35.91,36.029999,35.720001,35.939999,27.999672,2865500
2010-12-31,36.040001,36.209999,35.790001,36.110001,28.132109,2828000
2011-01-03,36.380001,37.18,36.369999,37.130001,28.926756,8212400
2011-01-04,37.029999,37.5,36.830002,37.470001,29.191645,6724300
2011-01-05,37.5,37.810001,37.290001,37.59,29.285128,7528100
2011-01-06,37.959999,38.400002,37.740002,38.369999,29.892815,7157300
2011-01-07,38.380001,38.540001,38.049999,38.450001,29.95512,6437700
2011-01-10,38.540001,38.650002,38.009998,38.450001,29.95512,5725300
2011-01-11,38.529999,39.099998,38.34,39.080002,30.445948,5569100
2011-01-12,39.23,39.330002,38.810001,38.860001,30.274542,5872400
2011-01-13,39.27,39.599998,38.93,39.599998,30.851057,8618200
2011-01-14,39.48,40.900002,39.41,40.77,31.762566,10560400
2011-01-18,40.790001,40.990002,40.470001,40.880001,31.848269,6738900
2011-01-19,40.869999,41.02,40.110001,40.560001,31.598961,9424600
2011-01-20,40,40.5,39.369999,40.310001,31.404198,11293100
2011-01-21,40.580002,40.59,40.130001,40.41,31.482105,7384200
2011-01-24,40.41,40.5,39.700001,39.810001,31.014664,7604100
2011-01-25,39.689999,41,39.650002,40.619999,31.645716,10000100
2011-01-26,40.59,41.130001,40.110001,40.25,31.35745,8937900
2011-01-27,40.939999,42.419998,40.439999,42.290001,32.946747,13558000
2011-01-28,42.310001,42.439999,40.860001,40.93,31.887211,7767400
2011-01-31,41.02,41.32,40.709999,41.049999,31.980692,7320400
2011-02-01,41.360001,42.18,41.290001,42.07,32.775364,9074600
2011-02-02,41.740002,42.259998,41.669998,41.950001,32.681877,4285800
2011-02-03,41.779999,44.09,40.900002,43.040001,33.531048,14831200
2011-02-04,43.150002,43.900002,42.040001,42.490002,33.102573,8338500
2011-02-07,42.139999,42.259998,41.57,41.810001,32.572803,7114100
2011-02-08,41.52,42.549999,41.389999,41.970001,32.697437,5618500
2011-02-09,41.970001,42.459999,41.830002,42.07,32.775364,5232500
2011-02-10,42.279999,42.580002,42.02,42.43,33.055813,5457200
2011-02-11,42.16,42.84,42.040001,42.380001,33.016857,5051100
2011-02-14,42.240002,42.509998,41.619999,42.459999,33.079189,3752200
2011-02-15,42.110001,42.459999,41.889999,42.029999,32.744183,4392700
2011-02-16,42.200001,42.560001,41.990002,42.5,33.11034,4993700
2011-02-17,42.34,42.75,42.150002,42.59,33.180473,4823300
2011-02-18,42.689999,43.299999,42.560001,42.84,33.375221,6034900
2011-02-22,43.860001,44.330002,42.73,42.959999,33.468731,10738900
2011-02-23,42.580002,43.689999,42.560001,42.91,33.429764,7102200
2011-02-24,42.830002,43.349998,42.380001,42.75,33.305122,6313200
2011-02-25,42.849998,43.02,42.41,42.52,33.125923,5498700
2011-02-28,42.669998,42.939999,42.349998,42.580002,33.17268,6644900
2011-03-01,42.560001,42.959999,42.380001,42.450001,33.071396,5547400
2011-03-02,42.549999,43.790001,42.450001,43.560001,33.936169,7233800
2011-03-03,44.27,44.889999,43.740002,44.790001,34.994831,8739600
2011-03-04,44.639999,44.860001,43.869999,44.450001,34.729187,5622100
2011-03-07,44.470001,44.77,43.310001,43.560001,34.033825,6084100
2011-03-08,43.599998,44.099998,43.119999,43.830002,34.244774,4696700
2011-03-09,43.91,44.509998,43.529999,44.490002,34.760452,4553400
2011-03-10,44.290001,44.290001,43.599998,43.790001,34.213535,5117600
2011-03-11,43.880001,44.060001,43.259998,43.59,34.057266,4774800
2011-03-14,43.299999,43.43,42.849998,43.16,33.721294,4516400
2011-03-15,42.34,43.080002,42.16,42.790001,33.432201,4397900
2011-03-16,42.68,42.689999,41.459999,41.860001,32.705597,7141200
2011-03-17,42.400002,42.73,41.91,42.27,33.02594,5850600
2011-03-18,42.369999,42.849998,42.299999,42.599998,33.283756,7372200
2011-03-21,42.830002,43.43,42.66,43.189999,33.744747,4592100
2011-03-22,43.259998,43.709999,42.66,42.740002,33.393166,4505300
2011-03-23,42.639999,42.869999,42.389999,42.75,33.400963,3348200
2011-03-24,43.240002,43.939999,43.009998,43.799999,34.221344,3917900
2011-03-25,43.630001,44.02,43.599998,43.75,34.182278,4190300
2011-03-28,43.91,44.049999,43.509998,43.869999,34.276031,3531100
2011-03-29,43.75,44.48,43.75,44.48,34.752621,4202900
2011-03-30,44.720001,45.580002,44.580002,45.400002,35.471439,6533900
2011-03-31,45.639999,45.75,45.110001,45.200001,35.315178,5374300
2011-04-01,45.5,45.740002,45.299999,45.610001,35.635506,4511600
2011-04-04,45.939999,46.09,45.52,45.599998,35.627697,3499900
2011-04-05,44.860001,45.27,44.779999,45.09,35.229233,4950900
2011-04-06,45.189999,45.259998,44.830002,44.959999,35.127655,5158600
2011-04-07,44.77,48.580002,44.419998,44.43,34.71357,7706300
2011-04-08,44.619999,45.240002,44.139999,44.380001,34.674515,4723900
2011-04-11,44.330002,44.490002,43.84,44.32,34.627613,6048700
2011-04-12,44.189999,44.900002,44.029999,44.810001,35.010471,3959100
2011-04-13,44.880001,45.169998,44.080002,44.330002,34.635445,4766300
2011-04-14,44.200001,44.98,43.869999,44.82,35.018269,4719700
2011-04-15,45,45.080002,44.57,44.98,35.143288,5783300
2011-04-18,44.529999,44.610001,43.349998,43.549999,34.026009,6722600
2011-04-19,43.599998,43.970001,43.299999,43.959999,34.346348,5731300
2011-04-20,44.779999,44.779999,44.18,44.240002,34.565117,5168100
2011-04-21,48.09,48.900002,47.560001,47.810001,37.354393,18367400
2011-04-25,47.139999,48.139999,47.080002,47.709999,37.276253,6650100
2011-04-26,48.119999,48.75,46.93,47.349998,36.99498,10500000
2011-04-27,47.52,48.299999,46.880001,48.209999,37.666904,10513300
2011-04-28,48.189999,49.099998,48.060001,49.099998,38.362286,7913500
2011-04-29,48.950001,49.400002,48.669998,49.23,38.463848,9542700
2011-05-02,49.400002,50.200001,49.23,49.880001,38.971699,9858200
2011-05-03,49.68,50.009998,49.41,49.68,38.815441,5879100
2011-05-04,49.549999,49.77,48.959999,49.560001,38.721687,7553000
2011-05-05,49.439999,50.150002,49.02,49.580002,38.737305,7393900
2011-05-06,50.060001,50.25,49.650002,50.119999,39.159214,6295300
2011-05-09,49.75,50.91,49.75,50.470001,39.432686,5665200
2011-05-10,50.720001,50.98,50.189999,50.509998,39.463913,5635900
2011-05-11,50.5,50.599998,49.52,50.02,39.081074,6196800
2011-05-12,50.009998,50.360001,49.07,50.080002,39.127968,5311300
2011-05-13,50.91,51.459999,49.759998,49.950001,39.026386,11099500
2011-05-16,49.560001,50.73,49.380001,50.169998,39.198284,6018900
2011-05-17,49.860001,50.700001,49.700001,49.990002,39.057652,7224900
2011-05-18,49.860001,50.689999,49.75,50.610001,39.542053,7140400
2011-05-19,50.75,50.779999,50.18,50.549999,39.495178,6101100
2011-05-20,50.470001,50.75,49.73,49.740002,38.86232,10827500
2011-05-23,49.439999,49.470001,48.650002,49.16,38.409142,6741800
2011-05-24,49.16,49.18,47.799999,47.959999,37.471584,9573100
2011-05-25,47.700001,48.32,47.580002,47.869999,37.40126,9448100
2011-05-26,47.669998,47.889999,46.970001,47.700001,37.268448,11917200
2011-05-27,47.900002,48.310001,47.59,48.299999,37.737228,6039500
2011-05-31,48.66,48.950001,48.349998,48.950001,38.245094,6412000
2011-06-01,48.700001,48.990002,48.25,48.349998,37.776283,6614800
2011-06-02,48.599998,49.490002,48.279999,49.389999,38.58886,8258700
2011-06-03,48.599998,49.310001,48.459999,48.849998,38.293327,7949200
2011-06-06,48.689999,48.810001,48.009998,48.150002,37.744591,5187400
2011-06-07,48.549999,48.84,47.970001,47.970001,37.603489,4530900
2011-06-08,47.98,48.5,47.57,48.200001,37.783791,6564200
2011-06-09,48.549999,50.610001,48.360001,50.599998,39.665146,11530000
2011-06-10,50.34,50.360001,49.16,49.41,38.732319,8545400
2011-06-13,49.619999,49.959999,49.07,49.110001,38.497154,6362200
2011-06-14,49.400002,50,49.23,49.599998,38.881256,6986300
2011-06-15,49.220001,49.950001,48.93,49.349998,38.685284,8991300
2011-06-16,49.27,49.849998,48.700001,49.66,38.928284,9101200
2011-06-17,50.099998,50.389999,49.720001,49.959999,39.163448,9675100
2011-06-20,49.790001,51.650002,49.650002,51.27,40.190372,8987600
2011-06-21,51.610001,52.25,51.27,52.220001,40.935062,9781300
2011-06-22,51.98,52.639999,51.720001,51.779999,40.590153,6999500
2011-06-23,51.009998,51.299999,50.040001,51.150002,40.096279,9979800
2011-06-24,51.25,51.389999,50.220001,50.459999,39.555393,7398600
2011-06-27,50.32,51.25,50.119999,51.029999,40.002243,4544700
2011-06-28,51.34,51.98,51.02,51.77,40.58231,5957100
2011-06-29,51.810001,51.880001,51.060001,51.540001,40.40202,5630100
2011-06-30,51.75,52.040001,51.419998,51.580002,40.433361,6394000
2011-07-01,51.84,53.27,51.560001,53.130001,41.648407,8152700
2011-07-05,53.080002,53.110001,52.27,52.849998,41.428913,4822300
2011-07-06,52.849998,53.220001,52.549999,53.130001,41.648407,5319100
2011-07-07,53.279999,53.5,51.970001,52.630001,41.25647,7559100
2011-07-08,52,52.32,51.540001,52.080002,40.82531,6927300
2011-07-11,51.380001,51.540001,50.740002,50.939999,39.931683,6037500
2011-07-12,50.740002,52.029999,50.73,51.41,40.30011,6631700
2011-07-13,51.549999,52.630001,51.549999,51.73,40.550961,4869400
2011-07-14,51.810001,52.560001,51.790001,52.27,40.974258,7167600
2011-07-15,52.470001,52.59,51.68,51.970001,40.73909,7030500
2011-07-18,51.599998,52.200001,51.049999,51.950001,40.7234,7257700
2011-07-19,51.369999,51.759998,49.950001,51.450001,40.331463,13946300
2011-07-20,51.759998,51.880001,50.970001,51.509998,40.378502,7748900
2011-07-21,51.919998,52.900002,51.689999,52.150002,40.880199,7831500
2011-07-22,52.52,52.869999,52.130001,52.75,41.350521,5717300
2011-07-25,52.48,52.830002,51.5,51.630001,40.472553,6533500
2011-07-26,51.889999,52.18,51.16,51.259998,40.182518,5670100
2011-07-27,50.57,50.939999,49.709999,49.889999,39.108585,10581400
2011-07-28,49.84,50.889999,49.790001,49.919998,39.132103,7703600
2011-07-29,49.099998,50.09,48.110001,49.630001,38.904778,10759500
2011-08-01,50.279999,50.360001,45.689999,48.02,37.642693,23228700
2011-08-02,47.689999,48.439999,46.759998,46.98,36.827431,10060500
2011-08-03,46.990002,47.290001,45.970001,47.18,36.984234,8304300
2011-08-04,46.59,46.709999,45.02,45.07,35.330181,10154500
2011-08-05,45.580002,46.220001,44.25,45.560001,35.714291,14313700
2011-08-08,43.299999,44.419998,41.740002,41.93,32.868778,16743400
2011-08-09,42.330002,44.799999,41.810001,44.73,35.063671,19959800
2011-08-10,44.07,44.27,41.669998,41.849998,32.806053,12690300
2011-08-11,41.549999,44.419998,41.27,43.93,34.436565,13915800
2011-08-12,43.790001,45.34,43.790001,44.810001,35.126396,9500600
2011-08-15,45.189999,46.029999,44.98,45.939999,36.012188,8314700
2011-08-16,45.779999,45.889999,44.650002,45.5,35.667282,10044500
2011-08-17,45.68,46.209999,45.130001,45.529999,35.690784,4924400
2011-08-18,44.380001,44.66,43.389999,43.889999,34.405201,9901300
2011-08-19,43.139999,44.240002,42.98,43.32,33.958378,8882900
2011-08-22,44.169998,44.299999,43.290001,43.610001,34.185707,7162800
2011-08-23,43.799999,44.98,43.119999,44.869999,35.173416,9080100
2011-08-24,44.630001,46,44.389999,45.91,35.98867,6286100
2011-08-25,46.27,46.400002,44.830002,45.09,35.345882,5878900
2011-08-26,44.349998,46.080002,43.509998,45.720001,35.839722,6009900
2011-08-29,46.240002,46.830002,45.970001,46.759998,36.654972,4036700
2011-08-30,46.540001,47.610001,46.200001,47.279999,37.062603,6002600
2011-08-31,47.740002,48.490002,47.009998,47.52,37.250748,6516400
2011-09-01,47.580002,48.380001,47.119999,47.18,36.984234,6493800
2011-09-02,45.790001,46.759998,45.689999,45.73,35.971859,5102800
2011-09-06,44.619999,45.810001,44.09,45.709999,35.956123,6797700
2011-09-07,46.470001,47.450001,46.189999,47.209999,37.136036,6823700
2011-09-08,46.75,48,46.650002,47.200001,37.128181,7435200
2011-09-09,46.599998,46.939999,45.279999,45.52,35.806656,9076000
2011-09-12,44.490002,46.330002,44.439999,46.259998,36.388763,8216100
2011-09-13,46.380001,48.220001,46.32,47.990002,37.749596,11932000
2011-09-14,48.310001,49.419998,47,48.68,38.292362,10108400
2011-09-15,49.110001,50.740002,48.599998,50.540001,39.755463,11325800
2011-09-16,51.07,51.18,49.34,50.759998,39.928528,11790300
2011-09-19,49.66,50.18,49.389999,49.950001,39.291359,8956300
2011-09-20,50.040001,51.240002,49.34,49.830002,39.196968,8440000
2011-09-21,49.919998,50.41,47.98,48.009998,37.765324,7002700
2011-09-22,46.75,47.669998,46.330002,47.09,37.041649,10065200
2011-09-23,46.799999,47.880001,46.48,47.599998,37.442818,7130000
2011-09-26,48.130001,48.84,47.580002,48.810001,38.394638,7147400
2011-09-27,49.610001,50.389999,48.860001,49.450001,38.898067,8030600
2011-09-28,49.27,49.52,47.560001,47.639999,37.474281,7338900
2011-09-29,48.349998,48.740002,45.790001,46.580002,36.640469,9154500
2011-09-30,46.080002,47.23,45.610001,46.119999,36.278622,10485400
2011-10-03,45.77,46.220001,42.869999,42.919998,33.761463,12717100
2011-10-04,42.110001,42.84,41.32,42.779999,33.651348,13800000
2011-10-05,43.540001,44.68,42.84,44.450001,34.964993,8455800
2011-10-06,44.619999,45.150002,43.98,44.939999,35.350422,5804800
2011-10-07,45,45.450001,44.450001,44.889999,35.311092,5962900
2011-10-10,45.52,46.52,45.509998,46.52,36.593266,4752100
2011-10-11,46.380001,46.82,45.889999,46.639999,36.687664,4639600
2011-10-12,47.209999,47.650002,46.369999,46.380001,36.483147,7267400
2011-10-13,46.02,46.619999,45.669998,46.529999,36.601131,5034600
2011-10-14,47.220001,47.349998,46.529999,47.220001,37.143898,6074100
2011-10-17,46.869999,47.610001,46.459999,46.599998,36.656204,5944600
2011-10-18,44.240002,45.900002,42.860001,45.34,35.665081,23926900
2011-10-19,45.400002,47.419998,45.209999,46.450001,36.538219,12250600
2011-10-20,46.68,46.990002,45.939999,46.880001,36.876457,7985300
2011-10-21,47.43,48.5,47.310001,47.919998,37.694538,9218800
2011-10-24,48.209999,49.240002,48,49.029999,38.567665,7146200
2011-10-25,47.669998,49.299999,47.669998,48.759998,38.355286,7477100
2011-10-26,49.43,49.48,48.130001,48.759998,38.355286,10387600
2011-10-27,49.919998,50,48.810001,49.18,38.685665,10025800
2011-10-28,49.169998,49.349998,48.189999,48.849998,38.426071,6377300
2011-10-31,48.380001,48.950001,47.959999,47.990002,37.749596,6164900
2011-11-01,46.810001,47.099998,45.950001,46.220001,36.357292,11125900
2011-11-02,47,47,46.07,46.360001,36.467422,7858100
2011-11-03,46.799999,46.880001,45.799999,46.18,36.325825,6721300
2011-11-04,46.07,46.099998,45.080002,45.580002,35.853859,8010400
2011-11-07,45.450001,45.740002,44.799999,45.169998,35.531345,7919000
2011-11-08,45.290001,46.27,45.080002,46.150002,36.302219,7086400
2011-11-09,45.220001,46.099998,45.130001,45.540001,35.822392,6423200
2011-11-10,46.060001,46.299999,45.439999,46.130001,36.286495,5479700
2011-11-11,46.619999,47.509998,46.490002,47.130001,37.073105,5104500
2011-11-14,46.93,47.310001,46.66,46.939999,36.923656,4734200
2011-11-15,46.799999,46.970001,46.150002,46.549999,36.616879,4911600
2011-11-16,45.990002,46.290001,44.84,44.91,35.326832,8053800
2011-11-17,44.990002,45.27,44.049999,44.52,35.02005,8147900
2011-11-18,44.610001,44.740002,44.139999,44.549999,35.043644,5972300
2011-11-21,43.740002,44.75,43.740002,44.439999,34.957127,6656300
2011-11-22,44.330002,44.990002,43.98,44.419998,34.941383,4758800
2011-11-23,43.959999,44.099998,43.419998,43.560001,34.2649,5515800
2011-11-25,43.549999,44.23,43.470001,43.669998,34.351433,2985100
2011-11-28,44.459999,45.490002,44.389999,45.029999,35.421223,8826400
2011-11-29,45.310001,46.189999,45.09,45.880001,36.089848,6457300
2011-11-30,47.360001,48.880001,46.990002,48.77,38.363148,11702500
2011-12-01,48.59,49.060001,48.400002,48.52,38.1665,7021500
2011-12-02,48.490002,49,48.029999,48.23,37.938385,7639100
2011-12-05,48.84,49.5,47.91,48.27,38.098606,8135400
2011-12-06,48.360001,48.68,48.080002,48.290001,38.114399,8306100
2011-12-07,47.990002,49.700001,47.82,49.34,38.94313,10200500
2011-12-08,49.23,49.549999,47.98,48.16,38.011795,8641800
2011-12-09,48.209999,49.080002,48.119999,48.91,38.603745,5713500
2011-12-12,48.709999,49,47.939999,48.200001,38.043354,4947700
2011-12-13,48.439999,49.299999,47.700001,47.93,37.830246,5267700
2011-12-14,47.860001,48.299999,47.630001,47.759998,37.696068,7513500
2011-12-15,47.880001,48.799999,47.880001,48.52,38.295937,9354200
2011-12-16,49.02,49.5,48.709999,49,38.674789,10214200
2011-12-19,48.919998,49.560001,48.84,48.970001,38.651093,5877400
2011-12-20,49.419998,49.939999,49.360001,49.82,39.322014,6053300
2011-12-21,49.830002,50,49.549999,49.990002,39.456165,6695000
2011-12-22,49.889999,50.93,49.849998,50.73,40.040237,4627100
2011-12-23,50.950001,51.5,50.689999,51.349998,40.529598,3898000
2011-12-27,51.349998,51.709999,51.09,51.349998,40.529598,2999300
2011-12-28,51.349998,51.5,50.66,50.709999,40.024452,2959600
2011-12-29,50.93,51.57,50.889999,51.18,40.39542,3774000
2011-12-30,51.060001,51.18,50.68,50.68,40.000778,2205400
2012-01-03,51.240002,51.700001,51.110001,51.490002,40.640099,6021000
2012-01-04,51.259998,52.25,51.25,52.240002,41.232071,5406400
2012-01-05,51.889999,52.73,51.799999,52.59,41.508308,6330100
2012-01-06,52.75,53.419998,52.48,52.779999,41.658272,5321700
2012-01-09,52.630001,52.970001,52.470001,52.720001,41.610912,5079300
2012-01-10,52.959999,53.040001,52.369999,52.619999,41.531975,7063200
2012-01-11,52.490002,53.119999,52.060001,53.009998,41.839817,4281600
2012-01-12,53.220001,53.240002,52.529999,52.869999,41.729298,4550300
2012-01-13,52.689999,52.790001,51.93,52.700001,41.595116,4995700
2012-01-17,53.049999,53.639999,52.869999,53.57,42.281803,6495700
2012-01-18,53.349998,54.18,52.93,53.939999,42.573826,8389800
2012-01-19,52.310001,53.02,51.419998,52.32,41.295204,18656600
2012-01-20,52.34,52.509998,51.610001,52.27,41.255749,8873800
2012-01-23,52.200001,53.049999,51.959999,52.43,41.382019,7535900
2012-01-24,52.27,52.52,51.23,51.330002,40.513802,10397800
2012-01-25,50.630001,51.650002,49.82,51.57,40.703236,13121500
2012-01-26,51.610001,51.720001,49.900002,50.349998,39.740303,13576200
2012-01-27,50.34,51.240002,50.32,51.02,40.269131,7027300
2012-01-30,50.82,51.169998,50.07,51.07,40.308601,4852400
2012-01-31,51.400002,52.880001,51.380001,51.790001,40.876881,8843000
2012-02-01,52.16,53.610001,52.119999,53.259998,42.037106,7480600
2012-02-02,53.25,53.25,52.009998,52.540001,41.468842,5319200
2012-02-03,52.740002,52.77,50.75,51.310001,40.498016,9676900
2012-02-06,50.98,51.400002,50.68,51.290001,40.482235,8577100
2012-02-07,51.09,52.130001,50.91,52.029999,41.066319,5243300
2012-02-08,52,52.369999,51.650002,52.139999,41.153126,6022000
2012-02-09,52.209999,53.529999,52.200001,53.060001,41.879276,9613500
2012-02-10,52.57,53.5,52.310001,53.32,42.084473,6574700
2012-02-13,53.5,54.240002,53.380001,53.849998,42.502789,5703700
2012-02-14,53.900002,54.490002,53.57,54.459999,42.984261,5982000
2012-02-15,54.529999,54.84,54.220001,54.619999,43.110538,7009300
2012-02-16,54.619999,54.889999,54.259998,54.790001,43.244728,6907700
2012-02-17,54.810001,54.849998,54.540001,54.68,43.157902,6387400
2012-02-21,54.990002,55.529999,54.880001,55.32,43.663036,7502200
2012-02-22,55.060001,55.639999,54.68,55.18,43.55254,6760100
2012-02-23,55.150002,55.360001,54.66,54.939999,43.363129,7195800
2012-02-24,55.110001,55.740002,55,55.650002,43.923496,5004500
2012-02-27,55.34,56.16,55.27,55.73,43.986652,5355900
2012-02-28,55.630001,55.950001,55.25,55.84,44.073475,4538200
2012-02-29,55.990002,56.099998,55.560001,55.75,44.002438,5582600
2012-03-01,55.75,56.099998,55.59,55.990002,44.321453,4258200
2012-03-02,55.959999,56.049999,55.369999,55.84,44.202709,4408900
2012-03-05,55.639999,56.080002,55.040001,55.040001,43.569439,4739900
2012-03-06,54.709999,55.41,54.119999,54.459999,43.11031,4445700
2012-03-07,54.360001,54.73,54.240002,54.389999,43.054886,4474900
2012-03-08,54.869999,56.029999,54.810001,55.610001,44.020649,4883600
2012-03-09,55.75,56.110001,55.5,55.779999,44.155212,4743200
2012-03-12,55.799999,55.880001,54.950001,55.02,43.553593,4567000
2012-03-13,55.119999,55.380001,54.700001,55.330002,43.798981,6497400
2012-03-14,55.16,55.869999,55.040001,55.779999,44.155212,6684000
2012-03-15,55.900002,56.25,55.540001,55.709999,44.099808,4598700
2012-03-16,55.580002,55.82,55.400002,55.59,44.004803,8510100
2012-03-19,56.310001,56.34,55.799999,56.130001,44.432281,5347700
2012-03-20,55.93,56.029999,54.73,54.779999,43.363621,5378100
2012-03-21,54.990002,54.990002,53.959999,53.970001,42.722427,6252500
2012-03-22,53.619999,54.209999,53.400002,53.880001,42.651173,7550900
2012-03-23,53.869999,53.990002,53.52,53.66,42.477032,6471200
2012-03-26,53.889999,55.099998,53.860001,55.099998,43.61692,5098400
2012-03-27,55.25,55.57,54.18,55.43,43.878147,7455900
2012-03-28,55.389999,55.959999,54.880001,55.439999,43.886078,5435300
2012-03-29,55,58.32,54.98,58.110001,45.999619,17258500
2012-03-30,57.970001,59.43,57.740002,58.939999,46.656647,10802600
2012-04-02,58.939999,59.27,58.110001,59.119999,46.799145,9105900
2012-04-03,59.02,59.610001,58.720001,59.400002,47.020782,7948100
2012-04-04,59.16,59.279999,58.669998,59.060001,46.751652,4791300
2012-04-05,58.82,59.189999,58.599998,59.009998,46.712067,4826800
2012-04-09,58.52,58.869999,58.009998,58.139999,46.023388,4755600
2012-04-10,57.959999,58.330002,57.220001,57.560001,45.564247,5841700
2012-04-11,58.080002,58.540001,57.849998,58.02,45.928394,6496000
2012-04-12,58.029999,58.619999,57.720001,58.459999,46.27668,4303200
2012-04-13,58.389999,58.549999,57.740002,58.049999,45.952126,5655400
2012-04-16,58.349998,58.349998,57.360001,57.360001,45.405941,6628000
2012-04-17,57.610001,58.400002,57.299999,58.099998,45.991711,5896300
2012-04-18,57.700001,57.700001,57.110001,57.32,45.374252,6551300
2012-04-19,57.279999,59.349998,56.990002,58.709999,46.47459,10754500
2012-04-20,59.16,59.709999,58.93,59.509998,47.107861,8378800
2012-04-23,59.040001,59.330002,58.900002,59.189999,46.854561,4471400
2012-04-24,59.02,59.200001,58.470001,58.720001,46.482494,5030600
2012-04-25,58.790001,59.5,58.669998,58.869999,46.601242,6091300
2012-04-26,56.939999,58.669998,56.470001,58.369999,46.205444,9384700
2012-04-27,58.610001,58.740002,57.59,57.91,45.841331,7509600
2012-04-30,56.950001,57.48,55.48,56.150002,44.448109,9874300
2012-05-01,56.27,57.389999,56.150002,57.130001,45.223869,4887100
2012-05-02,56.77,57.419998,56.57,56.66,44.85181,5175400
2012-05-03,56.52,56.52,55.389999,55.720001,44.107712,7296800
2012-05-04,55.650002,55.73,54.66,54.720001,43.31612,5787500
2012-05-07,54.349998,55.43,54.259998,55.25,43.735657,4076600
2012-05-08,55.240002,55.970001,54.91,55.82,44.186867,4702900
2012-05-09,55.369999,55.959999,54.849998,55.220001,43.711922,6635800
2012-05-10,55.560001,55.860001,55.029999,55.290001,43.767323,4030800
2012-05-11,55.200001,55.639999,55.02,55.200001,43.696091,3937800
2012-05-14,54.82,55.57,54.57,55.16,43.664417,4634300
2012-05-15,55.02,55.700001,54.759998,54.939999,43.490276,5514500
2012-05-16,55.040001,55.290001,54.84,54.900002,43.458603,4036200
2012-05-17,55.07,55.459999,54.73,54.880001,43.442768,5465300
2012-05-18,54.889999,55.34,53.779999,53.990002,42.738239,6420400
2012-05-21,54.09,55.599998,54.080002,55.549999,43.973137,4825900
2012-05-22,55.759998,56.630001,55.5,55.720001,44.107712,5832200
2012-05-23,55.450001,55.880001,54.700001,55.360001,43.822735,4671800
2012-05-24,55.029999,56.740002,55.009998,56.220001,44.503513,7192400
2012-05-25,56.169998,56.560001,55.869999,56.119999,44.424347,4306500
2012-05-29,56.080002,56.25,55.5,56.150002,44.448109,5005900
2012-05-30,56,56.470001,55.779999,56.169998,44.46394,4398100
2012-05-31,56.209999,56.330002,55.459999,55.77,44.147289,6343300
2012-06-01,55.220001,55.900002,54.939999,55.040001,43.569439,5703900
2012-06-04,54.77,55.349998,54.689999,54.91,43.466522,5508000
2012-06-05,54.84,56.200001,54.720001,56.040001,44.361012,6112200
2012-06-06,56.610001,57.700001,56.5,57.700001,45.675072,6776600
2012-06-07,57.799999,58.389999,57.400002,57.450001,45.477196,7249100
2012-06-08,56.84,58.389999,56.84,58,45.912556,6406900
2012-06-11,58.220001,58.380001,57.400002,57.459999,45.485111,6236300
2012-06-12,57.470001,58.130001,57,57.84,45.785912,6023900
2012-06-13,57.720001,58.529999,57.57,58.009998,46.090195,6373600
2012-06-14,58.169998,59.380001,57.889999,59.25,47.075397,6649800
2012-06-15,59.689999,59.849998,58.509998,58.900002,46.79734,9021000
2012-06-18,58.790001,59.470001,58.18,59.419998,47.210487,9718000
2012-06-19,59.580002,60.75,59.369999,60.259998,47.877861,8602400
2012-06-20,59.950001,60.23,59.299999,59.599998,47.353493,4344500
2012-06-21,59.830002,60.040001,58.27,58.34,46.352394,5320500
2012-06-22,58.5,59.529999,58.41,59.07,46.932388,7494300
2012-06-25,58.59,59.099998,57.650002,57.689999,45.835953,6884400
2012-06-26,57.66,59.16,57.23,58.799999,46.717873,7458200
2012-06-27,59.5,60.599998,58.82,59.290001,47.107174,7088700
2012-06-28,58.869999,60.5,55.34,59.599998,47.353493,25319900
2012-06-29,60.34,60.599998,57.869999,58.5,46.479496,11121700
2012-07-02,58.889999,59.310001,55.959999,56.259998,44.699799,12997500
2012-07-03,56.389999,56.73,54.740002,54.880001,43.603352,8460200
2012-07-05,54.880001,56.16,54.860001,55.810001,44.342239,6937800
2012-07-06,55.290001,55.939999,55.150002,55.82,44.350208,4458600
2012-07-09,56.290001,56.66,55.529999,56.09,44.56472,4241500
2012-07-10,56.27,56.439999,55.240002,55.700001,44.25486,5662700
2012-07-11,55.77,56.290001,55.700001,56.040001,44.524982,5316400
2012-07-12,55.880001,55.900002,54.439999,54.57,43.357056,6079200
2012-07-13,54.610001,55.549999,54.57,55.200001,43.857586,5053000
2012-07-16,55.18,55.279999,54.720001,55.16,43.825813,3170100
2012-07-17,55.209999,56.200001,54.889999,55.900002,44.413754,6180000
2012-07-18,55.540001,56.48,54.869999,56.349998,44.77129,5090200
2012-07-19,57.389999,57.599998,53.630001,54.990002,43.690746,16696600
2012-07-20,54.869999,55.830002,54.860001,55.41,44.024426,8367300
2012-07-23,54.369999,55.060001,53.970001,54.509998,43.30938,6037000
2012-07-24,54.639999,55.099998,54.310001,54.900002,43.619232,7561100
2012-07-25,51.5,52.959999,51.009998,52.48,41.696499,19603900
2012-07-26,53.119999,53.349998,50.889999,52.009998,41.323082,10510600
2012-07-27,51.810001,53.509998,51.689999,53.34,42.379784,8569900
2012-07-30,53.32,53.709999,52.889999,53.259998,42.316216,4405400
2012-07-31,52.740002,53.189999,51.080002,51.09,40.592117,9879500
2012-08-01,51.209999,51.919998,50.75,51.209999,40.687462,7617600
2012-08-02,50.75,51.759998,50.32,51.099998,40.600044,7320500
2012-08-03,51.380001,52.25,50.619999,51.610001,41.00526,6408000
2012-08-06,51.860001,52.080002,50.970001,51,40.520611,4982600
2012-08-07,51.380001,52.779999,51.209999,52.540001,41.744164,6590800
2012-08-08,52.299999,52.900002,51.91,52.73,41.895138,5718000
2012-08-09,52.57,52.790001,51.689999,52.02,41.331032,4890700
2012-08-10,51.84,52.110001,51.700001,51.900002,41.235668,5381700
2012-08-13,51.639999,52,51.41,51.900002,41.235668,4259900
2012-08-14,52.189999,52.27,51.810001,51.970001,41.291309,3460200
2012-08-15,51.900002,52.91,51.810001,52.82,41.966618,4647300
2012-08-16,52.84,53.529999,52.779999,53.389999,42.419506,5598900
2012-08-17,53.639999,53.639999,52.880001,53.130001,42.212929,4653600
2012-08-20,52.970001,53.619999,52.75,53.200001,42.268559,4930500
2012-08-21,53.439999,53.900002,53.25,53.419998,42.443352,5323300
2012-08-22,53.43,54.099998,53.349998,53.970001,42.880325,5367100
2012-08-23,53.990002,54.349998,53.759998,53.919998,42.840614,4450300
2012-08-24,53.869999,54.330002,53.810001,54.16,43.031288,4143200
2012-08-27,54.119999,54.990002,53.880001,54.610001,43.388836,4773600
2012-08-28,54.400002,54.799999,54.209999,54.330002,43.166363,4611700
2012-08-29,54.529999,54.970001,54.369999,54.639999,43.412659,4611900
2012-08-30,54.459999,54.919998,54.27,54.689999,43.452393,5188200
2012-08-31,54.84,55.029999,54.209999,54.299999,43.142529,5070900
2012-09-04,54.400002,54.68,54,54.560001,43.34911,4233900
2012-09-05,54.740002,54.93,54.18,54.279999,43.126637,4166100
2012-09-06,54.549999,54.990002,54.5,54.889999,43.611298,3741600
2012-09-07,54.970001,55.259998,54.700001,54.880001,43.603352,3732700
2012-09-10,55.009998,55.009998,53.540001,53.740002,42.697586,5447700
2012-09-11,53.709999,53.93,52.689999,52.799999,41.950733,6575400
2012-09-12,52.68,53.32,52.68,52.82,42.136604,4834000
2012-09-13,52.639999,53.970001,52.580002,53.889999,42.990185,6316500
2012-09-14,54.700001,55.27,53.77,54.25,43.277386,15735800
2012-09-17,54.59,54.639999,54.009998,54.48,43.460854,5481600
2012-09-18,54.330002,55.43,54.299999,55.130001,43.979408,6600300
2012-09-19,55.060001,55.32,54.73,54.950001,43.835808,6195400
2012-09-20,54.689999,54.970001,54.41,54.939999,43.827824,5776100
2012-09-21,55.09,56.220001,54.91,56.18,44.817024,26628600
2012-09-24,56.080002,56.639999,55.849998,55.98,44.657471,6443800
2012-09-25,56.220001,56.5,55.84,56.200001,44.832977,6343300
2012-09-26,56.34,56.75,55.75,55.779999,44.497925,5562000
2012-09-27,56.290001,56.439999,55.700001,56.240002,44.864876,4245400
2012-09-28,55.950001,55.98,55.18,55.41,44.202751,5838100
2012-10-01,55.720001,56.560001,55.52,56.459999,45.040394,4424400
2012-10-02,56.459999,56.889999,56.310001,56.799999,45.311615,3828700
2012-10-03,56.98,57.150002,56.630001,56.860001,45.359486,4662900
2012-10-04,57.150002,58.150002,57.009998,57.970001,46.244972,6897300
2012-10-05,58.099998,58.150002,56.84,57.130001,45.574883,6078300
2012-10-08,57.59,58.290001,57.32,57.599998,45.949814,6050700
2012-10-09,57.599998,57.84,57.099998,57.470001,45.846115,5093300
2012-10-10,57.419998,57.759998,56.93,57.110001,45.558922,4141500
2012-10-11,57.540001,58.18,57.330002,57.66,45.997681,5035900
2012-10-12,57.75,57.75,56.919998,57.07,45.527004,4283900
2012-10-15,57.139999,57.790001,56.919998,57.490002,45.862072,4193300
2012-10-16,57.189999,57.849998,56.259998,56.880001,45.375423,7531600
2012-10-17,57.580002,57.700001,55.650002,55.990002,44.665459,6255200
2012-10-18,55.799999,56.43,55.759998,56.009998,44.681412,5384500
2012-10-19,56.009998,56.09,55.369999,55.66,44.402187,5704800
2012-10-22,55.52,56.630001,55.450001,56.540001,45.104206,5723600
2012-10-23,56.080002,56.32,55.349998,56.18,44.817024,5557400
2012-10-24,56.439999,56.669998,55.77,55.919998,44.6096,4545000
2012-10-25,55.939999,56.720001,55.799999,56.209999,44.840969,4701900
2012-10-26,56.139999,56.259998,55.34,55.779999,44.497925,3346700
2012-10-31,56.139999,56.16,55.509998,56,44.673435,4157700
2012-11-01,55.860001,57.09,55.860001,56.950001,45.431293,4833700
2012-11-02,57.02,57.240002,55.990002,56.049999,44.713314,4948200
2012-11-05,56.259998,56.400002,54.830002,55.279999,44.099052,6149600
2012-11-06,55.279999,56.490002,54.650002,56.389999,44.98455,4880800
2012-11-07,55.380001,55.400002,53.389999,54.259998,43.285358,13812600
2012-11-08,54.349998,54.98,53.419998,53.439999,42.63121,8846100
2012-11-09,53.360001,54,52.639999,52.900002,42.200436,8585800
2012-11-12,53.040001,53.509998,52.049999,52.200001,41.642021,5944000
2012-11-13,52.040001,52.98,52,52.189999,41.634048,5669900
2012-11-14,52.389999,52.43,51.099998,51.25,40.884178,5792500
2012-11-15,51.27,51.720001,51.09,51.25,40.884178,6668600
2012-11-16,51.25,52.189999,51.139999,51.900002,41.402691,6388000
2012-11-19,52.23,52.91,51.849998,52.91,42.208412,5868900
2012-11-20,52.919998,53.18,52.66,53.139999,42.391899,4737800
2012-11-21,53.200001,53.700001,52.82,53.529999,42.703011,5097000
2012-11-23,53.669998,53.93,53.5,53.919998,43.014141,1709300
2012-11-26,52.990002,53.610001,52.759998,53.529999,42.703011,5692900
2012-11-27,53.130001,53.830002,52.549999,52.59,41.953136,7859400
2012-11-28,52.27,53.240002,52.240002,52.75,42.080776,5744200
2012-11-29,53.259998,54.59,53,54.360001,43.365147,10911600
2012-11-30,54.18,54.880001,54.07,54.389999,43.389072,7818600
2012-12-03,54.560001,54.950001,53.830002,53.889999,42.990185,3861300
2012-12-04,53.959999,54.240002,53.52,53.540001,42.710991,5948900
2012-12-05,53.73,54.23,53.610001,53.84,42.95031,4495100
2012-12-06,53.900002,53.900002,53.279999,53.650002,42.79874,3771900
2012-12-07,53.799999,53.900002,53.389999,53.869999,43.145538,4206200
2012-12-10,53.869999,54.330002,53.740002,54.189999,43.401833,4113500
2012-12-11,54.25,54.98,54.080002,54.759998,43.85836,4970400
2012-12-12,55,55.82,54.900002,55.25,44.250797,7054000
2012-12-13,55.220001,55.389999,54.310001,54.380001,43.55402,4911800
2012-12-14,54.169998,54.529999,53.919998,54.049999,43.289696,3468700
2012-12-17,54.080002,54.549999,53.98,54.360001,43.537994,6336900
2012-12-18,54.619999,55.34,54.470001,54.950001,44.010536,4637800
2012-12-19,55.119999,55.119999,54.43,54.490002,43.642113,5537600
2012-12-20,54.48,55.509998,54.450001,55.459999,44.419003,5025900
2012-12-21,55.380001,55.52,54.43,55.029999,44.074604,9440100
2012-12-24,54.799999,55.049999,54.529999,54.849998,43.930431,1713900
2012-12-26,54.799999,54.849998,54.119999,54.220001,43.425869,3232400
2012-12-27,54.119999,54.59,53.950001,54.439999,43.602058,3245700
2012-12-28,54.09,54.639999,53.799999,53.860001,43.137543,3137400
2012-12-31,53.630001,54.259998,53.490002,54.240002,43.441887,4948700
2013-01-02,54.880001,55,54.009998,54.540001,43.682148,5358100
2013-01-03,53.439999,53.52,51.849998,51.990002,41.639809,14413200
2013-01-04,52.200001,52.73,52.060001,52.09,41.71991,10458000
2013-01-07,51.880001,52.330002,51.549999,52.09,41.71991,7804500
2013-01-08,52,52.240002,51.360001,51.400002,41.167286,8196200
2013-01-09,51.59,52.5,51.5,52.369999,41.944153,5154300
2013-01-10,52.52,53.189999,52.330002,53.110001,42.536835,6506500
2013-01-11,53.400002,53.400002,52.330002,52.82,42.304558,10182500
2013-01-14,52.869999,54.419998,52.599998,53.360001,42.737083,7119900
2013-01-15,53.220001,53.849998,53.209999,53.619999,42.945313,5802900
2013-01-16,53.639999,53.799999,53.34,53.66,42.977348,6474500
2013-01-17,53.759998,54.529999,53.169998,54.400002,43.570015,14438900
2013-01-18,54.400002,54.630001,54.220001,54.560001,43.698196,7023900
2013-01-22,54.650002,56.09,54.560001,56.02,44.867519,9330000
2013-01-23,56.110001,56.25,55.450001,55.91,44.779415,6665700
2013-01-24,56.029999,56.439999,55.900002,56.220001,45.027699,4221700
2013-01-25,56.360001,56.380001,55.720001,56.040001,44.883526,5604700
2013-01-28,56.419998,56.529999,55.799999,55.810001,44.69931,5736900
2013-01-29,55.75,56.689999,55.68,56.279999,45.075745,7317600
2013-01-30,56.25,56.439999,55.919998,56.080002,44.915581,6269200
2013-01-31,55.84,56.040001,55.209999,55.209999,44.218765,6957500
2013-02-01,55.740002,55.84,55.369999,55.77,44.66729,6369500
2013-02-04,55.32,56.369999,55.32,55.75,44.651276,4795700
2013-02-05,57.07,57.830002,56.830002,57.77,46.269131,8645500
2013-02-06,57.439999,57.540001,57.099998,57.380001,45.956779,5266100
2013-02-07,57.360001,57.5,56.650002,57.049999,45.692474,6050700
2013-02-08,57.16,58.259998,57.119999,57.740002,46.24509,4554600
2013-02-11,57.560001,57.709999,57.049999,57.119999,45.74852,4166800
2013-02-12,57.200001,57.380001,56.93,57.009998,45.660423,4448600
2013-02-13,57.009998,57.369999,56.75,57.23,45.836632,4261200
2013-02-14,57.009998,57.220001,56.75,57.049999,45.692474,5173800
2013-02-15,57.060001,57.490002,57.040001,57.32,45.908707,5750400
2013-02-19,54.200001,56.880001,54.040001,56.66,45.3801,14566200
2013-02-20,56.509998,56.580002,55.189999,55.209999,44.218765,7542900
2013-02-21,55.57,55.939999,54.880001,55.240002,44.242798,6357300
2013-02-22,55.400002,55.41,54.25,54.470001,43.62608,8400700
2013-02-25,54.689999,54.75,53.290001,53.299999,42.689011,6807800
2013-02-26,53.509998,53.599998,52.509998,53.049999,42.488792,6325100
2013-02-27,52.959999,54.009998,52.93,53.869999,43.145538,5133800
2013-02-28,53.82,53.959999,53.389999,53.450001,42.809158,5879800
2013-03-01,53.34,53.790001,52.880001,53.52,42.865223,6972100
2013-03-04,53.310001,53.5,53.130001,53.32,42.705029,4783000
2013-03-05,53.43,53.84,53.18,53.5,42.849197,4911700
2013-03-06,53.560001,53.939999,53.349998,53.610001,42.937305,5562600
2013-03-07,53.759998,54.18,53.689999,53.799999,43.089478,4455700
2013-03-08,53.970001,54.25,53.52,53.810001,43.097488,4584400
2013-03-11,53.830002,54.639999,53.75,54.209999,43.417854,4008700
2013-03-12,54.169998,55,54.080002,54.830002,43.914421,5466300
2013-03-13,54.68,54.880001,54.349998,54.48,43.803455,4343000
2013-03-14,54.580002,54.810001,54.060001,54.73,44.004471,5066800
2013-03-15,54.630001,54.900002,54.419998,54.73,44.004471,7888300
2013-03-18,54.299999,55.470001,54.279999,55,44.221565,5974200
2013-03-19,55,55.400002,54.919998,55.169998,44.358234,5486600
2013-03-20,55.470001,55.529999,54.810001,54.880001,44.12508,4528800
2013-03-21,54.689999,55.349998,54.630001,55.060001,44.269798,4953700
2013-03-22,55.139999,55.299999,54.23,54.459999,43.787392,5415900
2013-03-25,54.650002,55.119999,54.439999,54.860001,44.108997,5142500
2013-03-26,55.139999,55.779999,55.09,55.650002,44.744175,6059700
2013-03-27,55.549999,57.029999,55.439999,56.619999,45.524086,8525800
2013-03-28,56.66,57.310001,56.490002,57.209999,45.998459,5685400
2013-04-01,57.16,59.360001,57.009998,58.970001,47.413544,9006100
2013-04-02,61.630001,63.950001,61.5,61.740002,49.640717,22664600
2013-04-03,62.41,62.75,61.619999,61.669998,49.584415,10140400
2013-04-04,61.75,62.5,61.490002,62.029999,49.873882,7648400
2013-04-05,61.919998,62.560001,61.650002,62.099998,49.930153,6841300
2013-04-08,62.07,62.369999,61.290001,61.889999,49.761303,4545600
2013-04-09,62.09,62.57,61.950001,62.18,49.994484,4405900
2013-04-10,62.32,62.599998,62.09,62.41,50.17942,4400600
2013-04-11,62.389999,63,62.330002,62.98,50.637711,4738900
2013-04-12,62.830002,63.279999,62.619999,63.029999,50.677906,4162000
2013-04-15,62.720001,63,61.580002,61.59,49.520103,4625600
2013-04-16,62.18,63,61.77,62.810001,50.50103,4976400
2013-04-17,62.389999,63.150002,61.959999,62.029999,49.873882,8429000
2013-04-18,59.389999,60.75,58.029999,59.689999,47.992455,14015000
2013-04-19,59.939999,60.75,59.470001,60.040001,48.273865,6524600
2013-04-22,59.990002,60.099998,58.639999,59.220001,47.614552,6020900
2013-04-23,59.470001,59.66,58.119999,58.540001,47.067818,6277700
2013-04-24,58.900002,59.25,58.720001,58.790001,47.268826,5883000
2013-04-25,59.130001,59.41,58.610001,59.34,47.711052,5669100
2013-04-26,59.259998,60.150002,59.130001,59.48,47.823608,5798100
2013-04-29,59.950001,60.490002,59.810001,60.009998,48.249741,4861600
2013-04-30,60.139999,60.380001,59.209999,59.93,48.185421,5701800
2013-05-01,59.959999,60.439999,59.299999,59.720001,48.016579,4897800
2013-05-02,59.709999,60.380001,59.389999,59.48,47.823608,6072500
2013-05-03,59.790001,60.029999,58.869999,58.919998,47.373352,5149500
2013-05-06,59.380001,60.73,59.32,60.200001,48.402523,5609600
2013-05-07,60.080002,61.130001,59.93,60.5,48.643719,4830700
2013-05-08,60.32,62.77,60.310001,62.509998,50.259823,10032800
2013-05-09,62.25,62.560001,61.459999,62.009998,49.857788,6416700
2013-05-10,62.040001,62.990002,61.810001,62.91,50.581425,5015700
2013-05-13,62.669998,62.799999,62.259998,62.389999,50.163334,3490400
2013-05-14,62.299999,62.48,61.549999,61.73,49.632664,5390300
2013-05-15,61.52,62.279999,61.169998,61.610001,49.536198,6808200
2013-05-16,61.299999,62.349998,61.200001,62.139999,49.962322,6904800
2013-05-17,62.25,63.310001,62.220001,62.84,50.525146,5840800
2013-05-20,62.73,62.919998,62.419998,62.560001,50.30003,2688200
2013-05-21,62.57,63.029999,62.450001,62.869999,50.549271,3248400
2013-05-22,62,63.27,61.529999,62.279999,50.074894,6317500
2013-05-23,62.09,62.82,61.82,62.360001,50.139217,4479100
2013-05-24,62.02,62.52,61.490002,62.060001,49.898003,4697900
2013-05-28,62.490002,63.580002,62.400002,63.34,50.927166,5341000
2013-05-29,63.32,63.549999,62.810001,63.349998,50.935196,5009100
2013-05-30,63.43,64.900002,63.02,64.660004,51.988476,5671300
2013-05-31,64.449997,64.849998,62.599998,62.630001,50.356304,5888300
2013-06-03,62.889999,63,62.09,62.799999,50.492981,3756200
2013-06-04,62.599998,62.990002,61.919998,62.360001,50.139217,5151100
2013-06-05,63.009998,63.110001,61.650002,61.75,49.648754,5380100
2013-06-06,61.75,61.919998,60.950001,61.919998,49.785427,4711400
2013-06-07,62.27,62.93,61.700001,62.57,50.308056,5214700
2013-06-10,62.580002,63.900002,62.57,63.68,51.200527,5256600
2013-06-11,63.150002,64.559998,62.700001,63.93,51.401539,6063400
2013-06-12,64.239998,64.510002,63.619999,63.830002,51.321136,3891100
2013-06-13,63.700001,64.209999,63.150002,64.150002,51.805668,4379500
2013-06-14,64.129997,64.449997,63.59,63.799999,51.523037,3122600
2013-06-17,64.290001,65.239998,64.099998,64.370003,51.983341,4975000
2013-06-18,64.900002,65.709999,64.459999,65.68,53.041252,5183300
2013-06-19,65.699997,66.160004,65.230003,65.260002,52.702087,6370200
2013-06-20,64.800003,64.82,63.650002,63.799999,51.523037,5748300
2013-06-21,64.190002,64.830002,63.43,63.900002,51.603775,7806500
2013-06-24,63.490002,65.040001,63.459999,64.650002,52.209454,5717100
2013-06-25,65.029999,65.540001,63.66,63.73,51.466496,4959100
2013-06-26,64.029999,65.059998,64.019997,64.779999,52.314449,4851700
2013-06-27,65.059998,66.190002,64.959999,66.089996,53.372375,4483600
2013-06-28,65.620003,66.129997,65.040001,65.480003,52.879738,6867800
2013-07-01,65.889999,66.360001,65.519997,65.629997,53.00087,3736500
2013-07-02,65.43,65.660004,65.050003,65.269997,52.710148,4484800
2013-07-03,64.959999,65.839996,64.650002,65.540001,52.928204,2271100
2013-07-05,65.959999,66.190002,65.269997,66.169998,53.436962,2356500
2013-07-08,66.949997,67.580002,66.360001,67.559998,54.559505,6192500
2013-07-09,68.019997,68.449997,67.290001,67.970001,54.890606,4275700
2013-07-10,68,68.75,67.610001,67.690002,54.664471,4383900
2013-07-11,68.269997,68.550003,67.650002,68.360001,55.205555,6588900
2013-07-12,68.57,68.739998,67.690002,68,54.914814,4645600
2013-07-15,68.129997,68.190002,67.459999,67.620003,54.607937,3813600
2013-07-16,67.239998,67.349998,66.559998,66.910004,54.034576,5459600
2013-07-17,67.010002,67.440002,65.919998,66.230003,53.48542,8904300
2013-07-18,69.349998,70.849998,68.910004,70.550003,56.974144,14082900
2013-07-19,70.610001,72.089996,70.160004,71.449997,57.700939,7504900
2013-07-22,71.559998,72.540001,71.400002,72.18,58.290493,5038000
2013-07-23,72.209999,72.739998,71.82,72.690002,58.702347,3934300
2013-07-24,72.809998,73.150002,72.18,72.529999,58.573128,6023300
2013-07-25,72.080002,72.620003,71.699997,72.620003,58.645798,3840600
2013-07-26,72.129997,72.589996,71.57,72.209999,58.314701,3826000
2013-07-29,72.110001,72.860001,71.959999,72.790001,58.783089,3835300
2013-07-30,72.879997,73.220001,71.980003,72.269997,58.36314,5375400
2013-07-31,72.470001,73.660004,72.470001,72.849998,58.831558,5964700
2013-08-01,73.230003,73.519997,72.900002,73.160004,59.081913,3254000
2013-08-02,73.029999,73.029999,71.93,72.260002,58.355076,3622500
2013-08-05,72.360001,73.580002,72.300003,73.339996,59.227257,2871000
2013-08-06,73.18,73.370003,72.529999,73.239998,59.146492,3089500
2013-08-07,73.18,73.400002,72.620003,72.919998,58.888069,2807300
2013-08-08,73.150002,73.669998,72.860001,73.18,59.098045,2171600
2013-08-09,73.199997,73.589996,72.269997,72.93,58.896141,2556900
2013-08-12,72.410004,72.589996,72.010002,72.389999,58.460072,3043300
2013-08-13,72.43,73.389999,72.309998,73.349998,59.235329,2627400
2013-08-14,73.190002,73.300003,72.309998,72.489998,58.540821,3079000
2013-08-15,71.989998,72.620003,71.370003,71.400002,57.660553,3402000
2013-08-16,71.150002,71.980003,71,71.43,57.684807,3323600
2013-08-19,71.529999,72.199997,71.459999,71.709999,57.910915,2794800
2013-08-20,71.849998,72.839996,71.610001,72.459999,58.51659,3110000
2013-08-21,72.18,72.339996,71.470001,71.849998,58.023975,3314200
2013-08-22,72.040001,72.739998,71.830002,71.970001,58.12088,2959400
2013-08-23,72.010002,72.720001,71.910004,72.540001,58.581188,3215600
2013-08-26,72.639999,72.919998,72.279999,72.379997,58.451984,2797700
2013-08-27,71.949997,72.139999,71.32,71.519997,57.757484,3626200
2013-08-28,71.400002,72.160004,71.349998,71.540001,57.773621,3297700
2013-08-29,71.339996,72.830002,71.150002,72.440002,58.500465,5243500
2013-08-30,72.459999,72.809998,71.489998,71.739998,57.935154,4186200
2013-09-03,71.809998,72.769997,71.790001,72.559998,58.597343,3801500
2013-09-04,72.459999,73.349998,72.199997,73.349998,59.235329,3333600
2013-09-05,73.339996,74.230003,73.139999,74.040001,59.792553,2861600
2013-09-06,74.239998,74.790001,72.550003,74.059998,59.808697,3584100
2013-09-09,74.110001,74.550003,73.779999,74.25,59.962128,2629600
2013-09-10,74.599998,74.639999,73.839996,74.629997,60.269035,3925400
2013-09-11,74.580002,75.190002,74.330002,75.18,60.941849,3819200
2013-09-12,75.32,75.5,74.699997,74.739998,60.585178,2823800
2013-09-13,74.919998,75.25,74.120003,74.480003,60.374405,3421000
2013-09-16,75.089996,75.879997,74.970001,75.120003,60.893173,4224800
2013-09-17,75.110001,75.349998,73.93,74.309998,60.236584,5138100
2013-09-18,74.150002,74.190002,72.440002,73.040001,59.207119,7725600
2013-09-19,73.089996,73.120003,70.620003,70.839996,57.423775,8322900
2013-09-20,70.550003,71.75,70.400002,70.57,57.204899,9088700
2013-09-23,70.800003,71.940002,70.620003,71.82,58.218166,4482500
2013-09-24,72.18,72.940002,71.629997,72.32,58.62347,4855200
2013-09-25,72.300003,72.660004,71.860001,71.980003,58.347855,4812900
2013-09-26,72,72.809998,71.919998,72.160004,58.49379,2413200
2013-09-27,71.699997,72.110001,71.5,71.989998,58.355984,3548000
2013-09-30,71.290001,71.669998,71.010002,71.610001,58.047939,4183600
2013-10-01,71.739998,72.940002,71.650002,72.580002,58.834232,4322300
2013-10-02,72.239998,72.629997,72.07,72.57,58.826141,2705700
2013-10-03,72.5,72.980003,72.260002,72.519997,58.785599,5038300
2013-10-04,72.5,73.139999,72.230003,72.989998,59.166592,4297600
2013-10-07,72.589996,72.699997,72.160004,72.169998,58.501884,4787000
2013-10-08,72,72.419998,71.43,71.480003,57.94257,6049100
2013-10-09,71.709999,71.879997,71.18,71.379997,57.861507,4464100
2013-10-10,72.129997,73.980003,71.839996,73.980003,59.969082,4894300
2013-10-11,73.93,74.269997,73.5,74.269997,60.204151,2935800
2013-10-14,73.860001,74.809998,73.519997,74.720001,60.568939,2562200
2013-10-15,74.510002,74.93,73.760002,73.870003,59.879929,2922900
2013-10-16,74.5,75.489998,74.379997,75.190002,60.949898,4368600
2013-10-17,71.769997,72.879997,71.050003,71.370003,57.853378,21810200
2013-10-18,71.260002,71.349998,67.540001,68.760002,55.737671,21080600
2013-10-21,68.650002,68.769997,67.089996,68.199997,55.283756,11496900
2013-10-22,68.220001,69.629997,68.220001,68.860001,55.818745,7647300
2013-10-23,68.510002,68.610001,67.650002,68.010002,55.129753,8227700
2013-10-24,68.010002,68.389999,67.18,67.610001,54.805489,6352500
2013-10-25,67.510002,68.18,67.279999,67.620003,54.813595,6892500
2013-10-28,67.550003,67.800003,66.720001,66.940002,54.26239,6989300
2013-10-29,66.879997,68.150002,66.849998,68.080002,55.186489,5860000
2013-10-30,68.120003,68.669998,67.769997,68.010002,55.129753,4360500
2013-10-31,68.400002,68.709999,67.860001,68.260002,55.332397,4216700
2013-11-01,68.269997,68.699997,67.949997,68.629997,55.632317,4459000
2013-11-04,68.779999,69.260002,68.360001,68.949997,55.891697,3698700
2013-11-05,68.5,68.940002,68.269997,68.720001,55.705284,3328700
2013-11-06,68.870003,71.019997,68.800003,70.290001,56.977924,5479400
2013-11-07,70.900002,70.980003,69.660004,69.760002,56.548298,4497300
2013-11-08,69.699997,70.529999,69.639999,70.5,57.148178,3741900
2013-11-11,70.730003,70.949997,70.290001,70.5,57.148178,3082600
2013-11-12,70.470001,70.900002,69.870003,69.949997,56.702309,3604800
2013-11-13,69.949997,71.129997,69.809998,71.010002,57.561581,3879500
2013-11-14,71.339996,71.599998,70.940002,71.440002,57.910149,3581200
2013-11-15,71.129997,71.959999,71.089996,71.870003,58.258713,3872600
2013-11-18,71.970001,72.099998,71.5,71.68,58.104687,3263700
2013-11-19,71.760002,71.910004,71.260002,71.610001,58.047939,4260900
2013-11-20,71.879997,72.860001,71.660004,71.980003,58.347855,5031300
2013-11-21,72.389999,73.68,72.370003,72.910004,59.10173,4368000
2013-11-22,72.910004,73.75,72.800003,73.739998,59.774544,3178400
2013-11-25,74,74.660004,73.790001,74.07,60.042049,3773900
2013-11-26,74.209999,74.989998,74.050003,74.519997,60.406822,4635400
2013-11-27,74.669998,74.93,74.080002,74.360001,60.2771,3640600
2013-11-29,74.589996,74.93,74.230003,74.480003,60.374405,2025600
2013-12-02,73.639999,74.449997,73.639999,74.160004,60.115002,4276000
2013-12-03,74.139999,74.139999,72.919998,73.730003,59.766426,5162400
2013-12-04,73.019997,74.410004,72.540001,73.650002,59.929195,5548700
2013-12-05,73.32,73.68,72.540001,72.75,59.196846,4104700
2013-12-06,73.230003,73.720001,72.839996,73.5,59.807129,3886000
2013-12-09,73.5,74.309998,73.43,73.720001,59.986149,3988600
2013-12-10,73.699997,74.410004,73.68,74.050003,60.254654,3741100
2013-12-11,74.080002,74.099998,71.900002,72.139999,58.700493,7304300
2013-12-12,72.190002,72.57,70.910004,71.010002,57.781006,5815300
2013-12-13,71.199997,71.860001,70.459999,70.480003,57.34972,4737000
2013-12-16,70.730003,71.379997,70.529999,71.059998,57.821693,4369500
2013-12-17,71.220001,71.220001,70.199997,70.730003,57.553188,4280100
2013-12-18,71.029999,72.470001,70.699997,72.379997,58.895767,4975700
2013-12-19,72.169998,72.529999,71.669998,72.389999,58.903919,4359200
2013-12-20,72.629997,73.730003,72.620003,73.349998,59.685078,7511500
2013-12-23,73.839996,74.589996,73.709999,74.349998,60.498787,3263100
2013-12-24,74.199997,74.419998,73.919998,74.129997,60.319748,1253500
2013-12-26,74.440002,74.970001,74.279999,74.849998,60.905628,2121000
2013-12-27,75,75.32,74.580002,74.690002,60.775417,2859900
2013-12-30,74.849998,75.040001,74.309998,74.779999,60.848671,1983800
2013-12-31,75,75.540001,74.629997,75.300003,61.27179,2280000
2014-01-02,74.910004,75.290001,74.510002,74.57,60.677761,3067000
2014-01-03,74.800003,75.760002,74.599998,75.099998,61.109043,3206400
2014-01-06,75.419998,75.419998,74.120003,74.239998,60.409267,3424500
2014-01-07,74.940002,77.330002,74.940002,76.510002,62.256378,6542500
2014-01-08,76.330002,76.459999,75.480003,75.620003,61.532181,6172200
2014-01-09,75.650002,76.239998,75.650002,76.080002,61.906471,6291500
2014-01-10,76.199997,76.300003,74.550003,74.699997,60.783558,6632200
2014-01-13,74.669998,75,73.68,73.940002,60.165165,5248700
2014-01-14,74.050003,74.339996,73.690002,74.019997,60.230251,5783900
2014-01-15,73.989998,74.860001,73.989998,74.839996,60.897491,7043300
2014-01-16,74.129997,74.839996,72.150002,72.760002,59.205002,8892800
2014-01-17,73.120003,73.120003,72.300003,72.519997,59.009705,5551300
2014-01-21,72.720001,73.620003,72.410004,73.160004,59.530487,6379300
2014-01-22,73.830002,73.93,73.239998,73.400002,59.725746,4864700
2014-01-23,72.699997,73.690002,72.489998,73.199997,59.563023,5050300
2014-01-24,72.830002,72.919998,71.379997,71.599998,58.261097,5523600
2014-01-27,71.309998,72.199997,71.139999,71.650002,58.301769,4233600
2014-01-28,71.650002,72.360001,71.470001,71.709999,58.350597,2932700
2014-01-29,71.389999,72.959999,70.839996,71.260002,57.984436,6005100
2014-01-30,71.699997,73.040001,71.529999,72.800003,59.237534,4254000
2014-01-31,71.870003,72.349998,71.449997,72.279999,58.814396,4291500
2014-02-03,72.139999,72.209999,70.639999,70.739998,57.561295,4526100
2014-02-04,70.800003,71,69.800003,70.510002,57.374149,4646100
2014-02-05,69.940002,71.199997,69.830002,70.82,57.626411,4394300
2014-02-06,70.769997,71.059998,70.089996,70.870003,57.667084,4765600
2014-02-07,70.5,71.650002,70.110001,71.360001,58.065796,6902900
2014-02-10,70.910004,71.07,69.57,69.739998,56.747601,7774000
2014-02-11,69.760002,70.870003,69.580002,70.620003,57.463657,5543000
2014-02-12,70.910004,71.300003,69.980003,70.239998,57.154449,4120600
2014-02-13,70.129997,71.480003,69.93,71.209999,57.943741,3788000
2014-02-14,71.160004,73.839996,71,73.519997,59.823402,6848800
2014-02-18,73.519997,74.620003,73.449997,73.830002,60.075649,5538400
2014-02-19,73.550003,74.309998,73.419998,73.550003,59.84779,3926500
2014-02-20,73.599998,74.110001,73.230003,73.480003,59.79084,4134000
2014-02-21,73.43,74.099998,73.339996,73.809998,60.059364,4552300
2014-02-24,74.139999,76.769997,74,76.010002,61.849522,9559000
2014-02-25,75.980003,76.139999,75.129997,75.32,61.288044,3761800
2014-02-26,75.330002,76.129997,74.779999,76.059998,61.890186,5433200
2014-02-27,75.779999,76.410004,75.599998,76.019997,61.857643,4227300
2014-02-28,76.040001,77.709999,75.800003,77.269997,62.874783,6176600
2014-03-03,76.699997,77.459999,76.529999,77.099998,62.736458,3673400
2014-03-04,77.739998,78.57,77.540001,78.129997,63.574558,5164500
2014-03-05,78.260002,78.5,77.580002,77.989998,63.460648,3917600
2014-03-06,78.150002,78.339996,77.550003,77.639999,63.175869,4200500
2014-03-07,78.010002,78.07,77.040001,77.400002,62.980572,3434700
2014-03-10,77.279999,77.900002,77.110001,77.879997,63.371124,2986400
2014-03-11,77.910004,78.449997,77.519997,77.779999,63.289783,3471200
2014-03-12,77.279999,77.699997,77.230003,77.599998,63.371433,2875400
2014-03-13,77.760002,78.099998,76.959999,77.010002,62.889633,3178600
2014-03-14,77.019997,77.019997,75.650002,75.699997,61.819809,5128700
2014-03-17,76.139999,77.019997,76.089996,76.760002,62.685448,3517900
2014-03-18,76.970001,78.050003,76.769997,78,63.698105,3670800
2014-03-19,78.07,80.300003,77.940002,79.959999,65.298721,9060100
2014-03-20,79.580002,81.589996,79.43,81.529999,66.580841,7786500
2014-03-21,82.190002,83.32,81.300003,81.339996,66.425652,11828100
2014-03-24,81.650002,81.720001,80.860001,81.279999,66.376663,5306200
2014-03-25,81.589996,82.150002,80.980003,81.099998,66.229668,4588800
2014-03-26,81.480003,82.300003,81.07,81.540001,66.588997,6910000
2014-03-27,81.580002,81.900002,80.779999,81.019997,66.16433,5453900
2014-03-28,81.400002,82.349998,81.260002,81.620003,66.654343,4787400
2014-03-31,82.080002,82.269997,81.410004,81.989998,66.956497,3513700
2014-04-01,82.349998,83.050003,81.580002,81.839996,66.833992,4339800
2014-04-02,81.540001,81.739998,81.269997,81.610001,66.646179,3832100
2014-04-03,81.650002,82.349998,81.599998,82.25,67.168808,4214700
2014-04-04,82.690002,82.93,81.370003,81.529999,66.580841,4788100
2014-04-07,81.5,81.980003,80.75,81.080002,66.213348,5286700
2014-04-08,81.07,81.550003,80.110001,80.660004,65.870354,4044900
2014-04-09,80.800003,81.559998,80.5,81.389999,66.466492,3308900
2014-04-10,81.419998,81.989998,79.779999,79.989998,65.323212,4850000
2014-04-11,79.769997,79.970001,78.82,78.949997,64.473907,3418700
2014-04-14,79.440002,79.68,78.379997,79.18,64.661705,4013700
2014-04-15,79.360001,79.720001,78.059998,79.510002,64.931236,4719100
2014-04-16,79.489998,79.540001,77.470001,78.190002,63.853241,8098100
2014-04-17,75.440002,76.650002,73.610001,75.779999,61.885139,13422900
2014-04-21,75.699997,76.480003,74.790001,74.949997,61.207336,6912500
2014-04-22,75.190002,76.190002,74.949997,75.760002,61.868816,6199400
2014-04-23,75.809998,76.07,75.110001,75.330002,61.517654,4645700
2014-04-24,76.150002,77.080002,75.910004,76.589996,62.546608,4604900
2014-04-25,76.57,77.290001,75.230003,75.660004,61.787167,5416200
2014-04-28,76.349998,76.580002,75.419998,75.739998,61.852467,5346800
2014-04-29,75.949997,76.209999,74.889999,75.199997,61.411465,4813200
2014-04-30,75.25,76.190002,74.919998,75.040001,61.280834,6435900
2014-05-01,75.050003,75.400002,74.260002,74.949997,61.207336,4598000
2014-05-02,74.68,75.330002,74.510002,75.029999,61.272675,3794700
2014-05-05,74.830002,75.309998,74.300003,75.230003,61.435986,4476100
2014-05-06,75.129997,75.599998,74.889999,75.260002,61.460487,4728200
2014-05-07,75.589996,77.949997,75.080002,77.910004,63.624615,6383500
2014-05-08,77.82,78.059998,76.739998,76.889999,62.791607,4943100
2014-05-09,76.82,77.300003,76.620003,76.949997,62.840641,3465600
2014-05-12,77.199997,78.019997,77.099998,77.739998,63.485783,3110900
2014-05-13,77.860001,78.220001,77.529999,78.040001,63.730755,3059000
2014-05-14,78.050003,78.050003,76.940002,77.169998,63.020264,2635300
2014-05-15,77.160004,77.32,76.230003,76.480003,62.456795,3075200
2014-05-16,76.349998,76.669998,76.010002,76.650002,62.595619,2974600
2014-05-19,76.419998,77.230003,76.360001,77.199997,63.044788,2149100
2014-05-20,77.190002,77.400002,76.360001,76.660004,62.603794,2806500
2014-05-21,76.709999,77.879997,76.629997,77.720001,63.469414,2401200
2014-05-22,77.709999,78.629997,77.629997,78.339996,63.975746,3146900
2014-05-23,78.650002,79,78.360001,78.769997,64.326904,2251500
2014-05-27,79.230003,79.330002,78.660004,79.110001,64.604553,2645500
2014-05-28,78.970001,79.209999,78.300003,78.580002,64.171738,2250900
2014-05-29,78.599998,79.43,78.080002,79.370003,64.816895,3526800
2014-05-30,79.239998,79.739998,78.879997,79.629997,65.029213,5139900
2014-06-02,79.769997,79.93,79.32,79.470001,64.898544,1986400
2014-06-03,79.309998,80.18,79.279999,79.879997,65.233368,2841100
2014-06-04,79.730003,80.57,79.480003,80.510002,65.747864,3552900
2014-06-05,80.480003,80.75,79.68,79.800003,65.168037,3453700
2014-06-06,79.989998,80.32,79.57,79.93,65.274216,3286600
2014-06-09,80.050003,80.25,79.260002,79.760002,65.135361,2801700
2014-06-10,79.599998,80,79.470001,79.809998,65.176208,2459200
2014-06-11,79.760002,80.339996,79.419998,80.169998,65.4702,2733500
2014-06-12,79.779999,80,79.099998,79.440002,65.178963,2560000
2014-06-13,79.339996,79.370003,78.599998,79.18,64.965599,2265200
2014-06-16,79.18,79.209999,77.809998,78,63.997437,4542900
2014-06-17,77.900002,78.25,77.529999,78.169998,64.136925,3430900
2014-06-18,78.169998,79.370003,77.779999,79.209999,64.990211,4823000
2014-06-19,79.349998,80.790001,79.260002,80.510002,66.056847,4538600
2014-06-20,80.830002,81.489998,80.459999,81.410004,66.795296,7366500
2014-06-23,81.389999,81.650002,80.980003,81.489998,66.860901,3066900
2014-06-24,81.43,82.389999,81.419998,81.739998,67.066025,4685500
2014-06-25,81.349998,82.379997,80.809998,82.339996,67.558319,3629200
2014-06-26,82.480003,82.480003,81.660004,82.290001,67.517281,2915900
2014-06-27,81.690002,82.110001,81.309998,82,67.279343,4755600
2014-06-30,82.279999,82.540001,81.599998,81.75,67.074226,3916100
2014-07-01,81.739998,82.349998,81.650002,81.889999,67.189125,5482400
2014-07-02,81.800003,82.519997,81.07,82.489998,67.681396,3693500
2014-07-03,82.589996,83.440002,82.32,83.349998,68.386978,2183400
2014-07-07,82.989998,83.099998,81.790001,82.220001,67.459846,2558500
2014-07-08,82.019997,82.07,81.379997,81.93,67.221924,2967300
2014-07-09,81.980003,82.75,81.889999,82.739998,67.886513,3079500
2014-07-10,81.279999,82.510002,81.050003,82.080002,67.345009,3829400
2014-07-11,81.919998,83.129997,81.730003,82.870003,67.993179,2758400
2014-07-14,83.330002,84.690002,83.209999,84.269997,69.141838,3794500
2014-07-15,84.040001,84.739998,83.730003,83.900002,68.838264,4356300
2014-07-16,84.07,84.129997,83.220001,83.760002,68.723419,3955200
2014-07-17,84.25,87.239998,83.43,85.110001,69.831055,7117900
2014-07-18,85.470001,85.779999,84.43,85.519997,70.167473,3892100
2014-07-21,85.220001,85.290001,84.029999,85.059998,69.790024,4025100
2014-07-22,85.519997,86.760002,85.470001,86.050003,70.60231,4366900
2014-07-23,86.309998,86.550003,85.769997,85.940002,70.51207,2596300
2014-07-24,85.449997,86.330002,85.290001,85.68,70.298729,4022400
2014-07-25,84.120003,85.010002,84,84.68,69.478226,3362600
2014-07-28,85.029999,85.900002,84.599998,85.75,70.35614,2206900
2014-07-29,84.959999,85.559998,83.989998,84.269997,69.141838,4897800
2014-07-30,84.760002,84.870003,81.720001,82.949997,68.05883,7171800
2014-07-31,81.769997,82.18,80.550003,81.050003,66.499901,5345400
2014-08-01,81.139999,82.07,80.559998,81.489998,66.860901,4625100
2014-08-04,81.589996,82.529999,81.160004,82.269997,67.500893,3197700
2014-08-05,81.830002,82.529999,80.57,80.989998,66.450676,4599500
2014-08-06,80.949997,82.120003,80.739998,81.5,66.869133,3311300
2014-08-07,81,81.089996,79.160004,79.260002,65.031235,5465400
2014-08-08,79.410004,80.190002,78.739998,80.120003,65.736839,3713400
2014-08-11,80.389999,80.650002,79.760002,79.870003,65.531723,3460000
2014-08-12,79.610001,80.389999,79.529999,80.220001,65.818893,3206200
2014-08-13,80.620003,81.669998,80.389999,81.510002,66.877319,3049900
2014-08-14,81.709999,82.07,80.160004,81.82,67.131676,2241100
2014-08-15,82.209999,82.279999,80.809998,81.470001,66.844513,2442700
2014-08-18,81.769997,82.480003,81.349998,82.339996,67.558319,2795800
2014-08-19,82.489998,83.760002,82.050003,83.470001,68.485466,3549300
2014-08-20,82.940002,83.75,82.360001,83.43,68.452629,2579600
2014-08-21,83.610001,84.099998,83.589996,83.769997,68.731606,2648500
2014-08-22,83.599998,84,83.459999,83.779999,68.739799,2089300
2014-08-25,84.389999,84.75,83.949997,84.239998,69.117226,1988100
2014-08-26,84.449997,85.339996,84.150002,85.120003,69.839272,2267800
2014-08-27,85.18,86.970001,84.959999,86.379997,70.87307,5800700
2014-08-28,86,87,85.519997,86.339996,70.840233,2749700
2014-08-29,86.75,87.230003,86.349998,86.68,71.119194,3297500
2014-09-02,87.120003,87.220001,85.760002,86.389999,70.881264,3726100
2014-09-03,86.779999,87.349998,86.419998,86.790001,71.209457,2824400
2014-09-04,86.760002,88.449997,86.709999,87.059998,71.430977,3650100
2014-09-05,86.949997,87.800003,86.739998,87.75,71.997124,3873500
2014-09-08,87.699997,88,87.419998,87.910004,72.128395,2298000
2014-09-09,88,88.849998,87.489998,88.559998,72.661697,4409400
2014-09-10,88.440002,88.5,86.690002,87.25,71.891289,3355800
2014-09-11,86.760002,87.120003,86.199997,87.080002,71.751221,3034500
2014-09-12,87.239998,87.239998,85.860001,86.18,71.009659,2582400
2014-09-15,86.300003,86.82,85.830002,86.029999,70.886032,2441800
2014-09-16,86,87.370003,85.849998,87.160004,71.817154,2973700
2014-09-17,86.949997,87.559998,86.470001,86.989998,71.677086,3302700
2014-09-18,87.419998,87.970001,87.190002,87.629997,72.204414,2584000
2014-09-19,88.510002,88.720001,87.639999,87.800003,72.344475,6486300
2014-09-22,87.800003,88.440002,87.480003,87.769997,72.319771,2335400
2014-09-23,87.32,87.690002,86.379997,86.589996,71.347443,2640200
2014-09-24,86.620003,88.459999,86.599998,88.209999,72.682335,2661500
2014-09-25,87.790001,88,86.029999,86.18,71.009659,3657100
2014-09-26,86.25,86.970001,85.910004,86.599998,71.355728,2260500
2014-09-29,85.580002,86.949997,85.580002,86.510002,71.281563,3114800
2014-09-30,86.68,87.080002,86.120003,86.25,71.067322,2843200
2014-10-01,86,86.260002,84.610001,84.879997,69.938499,4140200
2014-10-02,84.849998,85.269997,83.730003,84.900002,69.954979,3047000
2014-10-03,85.370003,86.279999,85.07,86.019997,70.877831,3108100
2014-10-06,86.650002,86.949997,84.949997,85.089996,70.111504,2596100
2014-10-07,84.900002,85.129997,83.93,84.190002,69.369965,3412900
2014-10-08,84.290001,86.839996,83.989998,86.620003,71.372185,4787400
2014-10-09,86.349998,86.550003,84.629997,84.940002,69.987938,4432800
2014-10-10,85.089996,86.82,85.050003,85.389999,70.358727,4036800
2014-10-13,85.220001,85.949997,83.760002,83.949997,69.17218,3672600
2014-10-14,84.339996,84.57,82.550003,82.82,68.241074,5929500
2014-10-15,82.169998,82.980003,80.720001,82.160004,67.697273,8308900
2014-10-16,84.760002,86.699997,84.099998,85.389999,70.358727,10233000
2014-10-17,86.849998,88.809998,86.75,88.18,72.6576,8532800
2014-10-20,88.239998,88.839996,88,88.540001,72.954216,4890900
2014-10-21,89.160004,91.080002,88.849998,90.949997,74.939987,5882100
2014-10-22,91.440002,91.440002,89.709999,89.769997,73.967705,4290300
2014-10-23,90.940002,91.279999,90.419998,90.660004,74.701042,3159200
2014-10-24,90.660004,91.699997,90.589996,91.639999,75.508499,2977300
2014-10-27,91.43,92.279999,91.379997,92.129997,75.912247,3948900
2014-10-28,91.050003,92.779999,90.360001,92.639999,76.332481,4741300
2014-10-29,92.900002,93.68,92.690002,92.959999,76.596169,4330400
2014-10-30,92.559998,94.150002,92.5,93.879997,77.35421,2836400
2014-10-31,95,95.669998,94.309998,95.010002,78.285294,5031500
2014-11-03,95.449997,95.669998,94.5,94.860001,78.161705,4001200
2014-11-04,94.989998,95.599998,94.239998,94.980003,78.260582,4437300
2014-11-05,95.57,96.010002,95.019997,95.800003,78.936218,3454700
2014-11-06,96.040001,96.639999,95.900002,96.209999,79.274078,3743200
2014-11-07,95.5,95.720001,93.010002,93.610001,77.131752,6155400
2014-11-10,93.68,95,93.5,94.75,78.071068,4087700
2014-11-11,95.050003,95.75,94.720001,95.690002,78.845581,2291400
2014-11-12,95.230003,95.970001,94.519997,95.68,78.837357,2897700
2014-11-13,95.639999,96.739998,95.400002,95.900002,79.018639,2767700
2014-11-14,96.019997,96.120003,94.870003,95.110001,78.367683,2709600
2014-11-17,95.199997,96.690002,94.839996,96.470001,79.488319,3297600
2014-11-18,96.989998,98.610001,96.849998,98.190002,80.905518,4320800
2014-11-19,97.730003,98.410004,96.790001,96.860001,79.809677,3433800
2014-11-20,96.459999,96.849998,96.169998,96.849998,79.801407,3316700
2014-11-21,97.400002,98.040001,96.589996,96.709999,79.686035,4408600
2014-11-24,97.269997,97.290001,96.510002,96.900002,79.842598,3998800
2014-11-25,97,98.139999,96.910004,97.900002,80.666565,4066300
2014-11-26,97.989998,98.739998,97.82,98.110001,80.839622,2765900
2014-11-28,98.699997,99.419998,98.43,98.629997,81.268089,2177500
2014-12-01,98.75,99.830002,98.010002,99.059998,81.622368,4892800
2014-12-02,99,100,98.199997,99.830002,82.256851,5297200
2014-12-03,99.879997,101.330002,99.699997,100.800003,83.369278,6689000
2014-12-04,100.839996,100.93,99.419998,99.669998,82.434654,4065200
2014-12-05,99.809998,100.709999,99.68,100.330002,82.98053,3104900
2014-12-08,100.32,100.900002,99.639999,99.919998,82.641403,3085800
2014-12-09,99.040001,101.089996,98.75,101.019997,83.551208,3792200
2014-12-10,100.769997,101.019997,99.010002,99.089996,81.954918,3908700
2014-12-11,99.389999,100.669998,99.239998,99.730003,82.484276,2940600
2014-12-12,99.580002,100.410004,98.690002,98.760002,81.682037,3086500
2014-12-15,98.800003,99.75,97.410004,98.269997,81.276749,3649300
2014-12-16,97.650002,98.779999,95.75,95.849998,79.275238,4843800
2014-12-17,96.550003,99.75,96.169998,99.139999,81.996307,6235000
2014-12-18,100.279999,102.260002,99.910004,102.239998,84.560234,4681000
2014-12-19,102,104,102,102.489998,84.766983,7986500
2014-12-22,102.580002,103.239998,102.470001,103.040001,85.221878,2398100
2014-12-23,103.720001,103.93,102.440002,102.849998,85.064743,3028600
2014-12-24,103,103.32,102.540001,102.68,84.924141,950700
2014-12-26,102.589996,103,102.160004,102.550003,84.816628,2019900
2014-12-29,102.379997,103.010002,101.830002,102.330002,84.634705,1708100
2014-12-30,102.25,103.059998,102.25,102.849998,85.064743,1767600
2014-12-31,103.120003,103.68,101.029999,101.089996,83.609093,2313900
2015-01-02,101.5,102.620003,100.010002,100.779999,83.352722,3060900
2015-01-05,100.300003,100.449997,98.75,99.120003,81.979759,4679000
2015-01-06,99.830002,100.139999,98.459999,98.919998,81.814346,3468300
2015-01-07,98.959999,100.300003,98.919998,99.93,82.649681,3225800
2015-01-08,101.57,104.980003,100.720001,104.699997,86.594826,5346100
2015-01-09,104.419998,104.629997,102.900002,103.720001,85.784286,3397600
2015-01-12,103.830002,104,101.910004,102.550003,84.816628,3051500
2015-01-13,103.940002,105.599998,101.839996,103.07,85.246712,3856500
2015-01-14,101.610001,103.480003,101.18,103.330002,85.461731,4725600
2015-01-15,103.559998,104.589996,103.129997,104.459999,86.396355,5888900
2015-01-16,104.5,106,103.650002,105.769997,87.479782,6045500
2015-01-20,106.199997,106.379997,104.5,105.620003,87.355759,6526800
2015-01-21,106.519997,109.449997,105.620003,109.32,90.415932,8293700
2015-01-22,109.75,114.120003,109.330002,113.849998,94.162605,8055200
2015-01-23,113.639999,114.32,112,112,92.632515,5256000
2015-01-26,112,112,110.760002,111.610001,92.309944,4203400
2015-01-27,110.949997,111.25,109.919998,110.010002,90.986618,4718300
2015-01-28,110.57,110.879997,108.449997,108.459999,89.704643,6633500
2015-01-29,108.150002,109.580002,106.739998,109.389999,90.473831,4912300
2015-01-30,108.620003,109.389999,106.139999,106.25,87.876801,5397500
2015-02-02,106.730003,107.339996,105.07,107.290001,88.736969,4657100
2015-02-03,107.349998,108,106.519997,107.809998,89.167046,4192600
2015-02-04,106.830002,108.739998,106.75,107.919998,89.258011,4768900
2015-02-05,108.32,109.809998,108.32,108.82,90.002419,3297700
2015-02-06,108.589996,109.400002,107.190002,107.599998,88.99337,3661400
2015-02-09,106.93,107.239998,106.279999,106.489998,88.075287,3909700
2015-02-10,107.260002,109.459999,107.129997,108.970001,90.126457,5437400
2015-02-11,108.730003,110.059998,108.379997,109.849998,90.854256,3798500
2015-02-12,110.699997,110.779999,108.830002,109.839996,90.846039,3378000
2015-02-13,109.690002,109.839996,108.68,109.440002,90.515198,3727600
2015-02-17,109.339996,109.760002,108.519997,109.760002,90.779869,3430600
2015-02-18,109.760002,110.220001,108.949997,109.769997,90.788116,2958700
2015-02-19,109.540001,110.360001,109.440002,110.029999,91.003136,2674800
2015-02-20,109.959999,112.82,109.440002,112.620003,93.145279,4647100
2015-02-23,112.989998,116.489998,112.849998,116.400002,96.271622,7060000
2015-02-24,116.260002,116.580002,115.32,115.43,95.469376,3582800
2015-02-25,115.82,115.82,113.720001,114.050003,94.327988,3845900
2015-02-26,114.410004,114.620003,113.370003,113.660004,94.005447,3126800
2015-02-27,113.769997,114.25,113.410004,113.629997,93.980621,4016400
2015-03-02,113.629997,114.849998,113.629997,114.400002,94.617493,2952200
2015-03-03,113.949997,114.489998,112.360001,112.860001,93.343758,3163700
2015-03-04,112.25,113.970001,111.650002,113.82,94.137772,3180900
2015-03-05,114.07,115.720001,114.07,114.790001,94.940048,2941400
2015-03-06,115.160004,115.160004,112.610001,112.879997,93.360313,3196900
2015-03-09,112.970001,114.959999,112.870003,114.900002,95.031029,3942000
2015-03-10,114.260002,114.410004,112.459999,112.459999,93.012962,3957900
2015-03-11,112.900002,113.589996,112.639999,112.720001,93.539909,2593700
2015-03-12,113.32,115.050003,113.150002,114.879997,95.332359,3258600
2015-03-13,114.440002,115.389999,113.529999,115.25,95.639389,3066800
2015-03-16,116,118.690002,115.82,118.519997,98.352982,4692200
2015-03-17,118.080002,118.129997,116.919998,117.599998,97.589546,3303500
2015-03-18,117.43,120.519997,116.730003,119.959999,99.547958,5533500
2015-03-19,120,121.099998,119.82,120.760002,100.211845,4032500
2015-03-20,121.349998,121.529999,119,119.139999,98.8675,7195700
2015-03-23,119.480003,120.480003,118.589996,119.040001,98.7845,4576500
2015-03-24,118.900002,119.639999,118.080002,118.120003,98.021057,3054700
2015-03-25,118.849998,119.75,116.510002,116.540001,96.7099,3385500
2015-03-26,116.07,117.209999,114.599998,116.25,96.469231,2856400
2015-03-27,116.059998,118.220001,116.019997,118.010002,97.929794,2608500
2015-03-30,122.32,123.760002,120.529999,121,100.411003,5178500
2015-03-31,120.800003,120.93,118.220001,118.290001,98.162148,4573100
2015-04-01,119.519997,119.519997,116.540001,117.449997,97.465065,4826200
2015-04-02,117.599998,118.379997,116.870003,117.360001,97.390388,2497100
2015-04-06,116.019997,118.519997,115.949997,117.699997,97.672516,2544700
2015-04-07,119.449997,119.830002,117.269997,117.349998,97.38208,2528500
2015-04-08,117.779999,118.830002,117.470001,118.190002,98.079155,2627000
2015-04-09,117.830002,118.760002,117.599998,118.550003,98.377884,2247200
2015-04-10,118.550003,119.099998,117.970001,119,98.751335,2232600
2015-04-13,121,121.309998,119.129997,119.370003,99.058365,3961000
2015-04-14,119.339996,120.18,118.519997,119.919998,99.514771,3208800
2015-04-15,120.379997,120.739998,116.550003,117.32,97.357201,7344000
2015-04-16,121.93,122.32,120.519997,121.599998,100.908905,7068000
2015-04-17,121,121.050003,117.739998,118.709999,98.510681,4390000
2015-04-20,119.849998,120.330002,118.07,118.580002,98.402802,4650700
2015-04-21,119,119.629997,118.760002,119.279999,98.983658,3379800
2015-04-22,119.540001,119.940002,117.169998,117.809998,97.763809,3846700
2015-04-23,117.480003,118.580002,116.959999,118.260002,98.137245,3244300
2015-04-24,118.279999,119.089996,118.019997,118.690002,98.494057,3139200
2015-04-27,119.18,119.410004,116.07,116.239998,96.460953,5174300
2015-04-28,116.889999,117.739998,114.279999,117.589996,97.58123,4144800
2015-04-29,116.220001,117.32,112.040001,113.610001,94.27845,7122600
2015-04-30,113.529999,114.330002,111.120003,111.400002,92.444527,6705600
2015-05-01,112.290001,113.660004,111.739998,113.199997,93.938217,5805100
2015-05-04,113.699997,114.93,113.449997,114.559998,95.066811,3531500
2015-05-05,113.940002,114.279999,113.010002,113.370003,94.0793,3960400
2015-05-06,114,114.489998,112.660004,113.489998,94.178902,3369800
2015-05-07,113.150002,115.139999,113.110001,114.760002,95.232788,3300200
2015-05-08,115.93,116.589996,115.050003,115.68,95.996246,3066000
2015-05-11,115.610001,115.790001,114.720001,114.769997,95.241074,3376400
2015-05-12,114.230003,115.080002,113.830002,114.639999,95.133194,3844600
2015-05-13,114.620003,116.300003,114.620003,115.860001,96.145622,3667700
2015-05-14,117.18,118.620003,116.209999,118.529999,98.361305,4771400
2015-05-15,118.779999,119.349998,118.309998,119.330002,99.025162,3083800
2015-05-18,119.220001,119.980003,118.839996,119.800003,99.415207,2824700
2015-05-19,119.82,121.129997,119.690002,120.550003,100.037575,3554900
2015-05-20,120.730003,121.849998,120.029999,121.239998,100.610161,3379200
2015-05-21,120.760002,120.839996,120.050003,120.459999,99.962891,2983500
2015-05-22,120.300003,120.779999,119.139999,119.589996,99.240936,2945900
2015-05-26,119.220001,119.589996,117.699997,118.239998,98.120644,3014500
2015-05-27,118.879997,119.849998,118.269997,119.449997,99.124741,2887700
2015-05-28,119.309998,119.82,118.290001,119.620003,99.265823,2873600
2015-05-29,120.059998,121.620003,117.739998,120.209999,99.755447,6019900
2015-06-01,120.540001,120.559998,118.75,119.860001,99.464981,3876400
2015-06-02,119.489998,119.68,117.410004,117.75,97.713997,4219500
2015-06-03,118,118.989998,117.449997,118.349998,98.211929,3438100
2015-06-04,117.919998,117.970001,116.029999,116.650002,96.80117,3300300
2015-06-05,116.330002,116.75,115.360001,116.529999,96.701622,2724500
2015-06-08,116.379997,117.669998,116.32,116.910004,97.016937,3271300
2015-06-09,116.93,117.379997,115.790001,116.989998,97.083336,3047300
2015-06-10,117.029999,118.879997,116.730003,118.550003,98.377884,4006400
2015-06-11,118.410004,119.940002,118.220001,119.32,99.436264,3815600
2015-06-12,118.839996,119,117.5,117.650002,98.044548,3076600
2015-06-15,116.830002,120.879997,116,118.980003,99.152931,6809500
2015-06-16,119.139999,122.18,119,121.550003,101.29464,7229400
2015-06-17,121.900002,122.199997,119.169998,119.739998,99.786247,4805900
2015-06-18,120.389999,121.379997,119.919998,120.889999,100.744629,3478300
2015-06-19,120.650002,120.879997,119.900002,120.330002,100.277962,4178700
2015-06-22,121.629997,122.230003,119.940002,120.25,100.211273,4435600
2015-06-23,121.370003,122.769997,121.010002,122.739998,102.286354,4991000
2015-06-24,122.800003,123,119.099998,119.169998,99.311241,4650500
2015-06-25,119.57,123.410004,119.5,122.330002,101.944672,6149500
2015-06-26,123.790001,124.110001,122.730003,123.25,102.711357,16358200
2015-06-29,122.040001,123.029999,121.110001,121.190002,100.994629,3604000
2015-06-30,122.419998,122.940002,121,122,101.66967,4982600
2015-07-01,122.949997,123.650002,122.220001,123.379997,102.819679,3269300
2015-07-02,123.82,123.879997,121.019997,121.809998,101.511322,3682300
2015-07-06,119.599998,123.099998,119.260002,122.160004,101.802986,6522800
2015-07-07,122.360001,122.800003,117.809998,120.699997,100.586296,6476200
2015-07-08,119.050003,119.989998,118.400002,118.779999,98.986267,4009800
2015-07-09,120.040001,120.559998,119.309998,119.339996,99.452911,3315600
2015-07-10,120.989998,122.75,120.699997,122.150002,101.794655,4033500
2015-07-13,123.099998,123.75,121.809998,122.449997,102.044655,3766900
2015-07-14,122.18,125.199997,122,125,104.169724,4192400
2015-07-15,124.949997,126.050003,123.809998,125.860001,104.886398,5067300
2015-07-16,125.419998,125.5,122.099998,124.93,104.111389,7216600
2015-07-17,124.699997,124.980003,123.699997,123.849998,103.211365,3702700
2015-07-20,124.050003,124.230003,122.330002,122.650002,102.211319,3199700
2015-07-21,122.57,122.720001,120.339996,120.860001,100.719643,4239100
2015-07-22,120.970001,121.239998,120.080002,120.610001,100.511269,3384700
2015-07-23,121.629997,121.68,118.760002,119.330002,99.444588,4896100
2015-07-24,119.120003,119.720001,117.580002,117.940002,98.286232,3840600
2015-07-27,117.879997,118.089996,116.660004,117.879997,98.236198,3752300
2015-07-28,118.739998,121.57,118.5,121.519997,101.269638,5216900
2015-07-29,121.82,122.110001,120.620003,121.519997,101.269638,3924400
2015-07-30,121.139999,121.919998,119.550003,120.559998,100.469604,3732400
2015-07-31,120.470001,122.720001,120.470001,121.400002,101.169647,3593000
2015-08-03,121.610001,122.169998,120.139999,120.889999,100.744629,2541300
2015-08-04,121.580002,121.629997,120.230003,120.839996,100.702965,2058200
2015-08-05,121.760002,124.239998,121.760002,123.919998,103.269676,3831900
2015-08-06,124.370003,124.639999,121.800003,122.040001,101.70298,3014900
2015-08-07,121.709999,121.860001,120.260002,121.82,101.519661,2276300
2015-08-10,122.5,123.339996,121.940002,122.480003,102.069679,2480000
2015-08-11,121.269997,123.019997,121.269997,122.260002,101.886314,2756000
2015-08-12,121.260002,121.779999,119.050003,121.199997,101.002975,3005300
2015-08-13,121.330002,121.989998,120.290001,120.519997,100.436279,3253400
2015-08-14,120.57,121.18,120.260002,121.019997,100.852959,2040500
2015-08-17,120.400002,123.949997,120.300003,123.82,103.186356,2951800
2015-08-18,123.879997,126.209999,123.82,125.5,104.586403,4140200
2015-08-19,124.709999,124.989998,122.849998,123.220001,102.686348,3411500
2015-08-20,122.239998,122.419998,119.790001,119.790001,99.827919,3201600
2015-08-21,118.25,118.800003,116.010002,116.279999,96.902824,5627800
2015-08-24,110.860001,112.43,95,110.43,92.027702,8824900
2015-08-25,113,114.589996,109.800003,109.980003,91.65271,8109900
2015-08-26,112.559998,113.830002,110.279999,113.459999,94.552757,7503200
2015-08-27,115.25,117.830002,114.959999,117.769997,98.144531,5783700
2015-08-28,117.389999,117.839996,116,117.279999,97.736183,3333100
2015-08-31,117.209999,118.779999,115.160004,115.699997,96.419502,4087000
2015-09-01,113.360001,114.220001,112.07,112.629997,93.861099,4658100
2015-09-02,113.830002,114.599998,112.529999,114.230003,95.194466,4522100
2015-09-03,114.739998,115.919998,113.459999,113.989998,94.994453,3137100
2015-09-04,112.5,113.07,111.260002,112.360001,93.636093,3394900
2015-09-08,114.129997,116.209999,113.669998,116.089996,96.744522,3990600
2015-09-09,117.290001,117.720001,114.830002,115.080002,96.31768,3753500
2015-09-10,114.849998,117.940002,114.730003,116.769997,97.732124,5525700
2015-09-11,116.169998,118.870003,115.860001,118.699997,99.347458,3752500
2015-09-14,119.029999,119.5,117.150002,117.800003,98.594185,2686500
2015-09-15,118.610001,120.610001,117.43,120.029999,100.460617,3072100
2015-09-16,120.269997,121.360001,119.550003,121.150002,101.398026,3475700
2015-09-17,121.5,125.120003,120.900002,123.260002,103.16404,5466500
2015-09-18,122.209999,123.769997,121.82,122.470001,102.502823,7458400
2015-09-21,123.489998,124.269997,121.389999,123.940002,103.733131,3476700
2015-09-22,121.440002,123.790001,121.440002,122.93,102.88781,4566800
2015-09-23,123,124.209999,122.040001,123.279999,103.180733,3131300
2015-09-24,122.349998,122.629997,119.269997,121.089996,101.347809,4735800
2015-09-25,122.18,122.410004,115.230003,116.370003,97.397331,8060200
2015-09-28,115.550003,115.82,111.010002,112.699997,94.325661,5727000
2015-09-29,112.889999,114.860001,111.610001,114.220001,95.59787,5142700
2015-09-30,115.389999,116.919998,114.879997,116.010002,97.096008,4638600
2015-10-01,115.940002,116.709999,114.910004,116.610001,97.59819,3768300
2015-10-02,115.139999,118.849998,114.82,118.830002,99.456291,3521600
2015-10-05,119.669998,120.339996,118.129997,119.650002,100.142578,3491200
2015-10-06,119.459999,119.599998,114.669998,116.050003,97.129509,4652000
2015-10-07,116.459999,116.809998,114.599998,116.43,97.447556,4282000
2015-10-08,116.43,116.940002,114.900002,116.080002,97.154625,3646500
2015-10-09,115.989998,119.470001,115.959999,119.269997,99.824539,4485100
2015-10-12,119.010002,123.07,118.559998,122.510002,102.536293,5840000
2015-10-13,123.160004,125.989998,121.589996,123.989998,103.774986,6655700
2015-10-14,123.849998,125,120.839996,122.07,102.168053,5592200
2015-10-15,119,120.5,115.959999,120.169998,100.577797,8012400
2015-10-16,120.849998,120.849998,118.580002,119.980003,100.418785,4416500
2015-10-19,119.779999,120.910004,119.199997,120.730003,101.046494,3707500
2015-10-20,120.639999,121.57,119.690002,120.419998,100.787033,3278400
2015-10-21,120.690002,120.800003,115.269997,118.110001,98.85363,5305600
2015-10-22,118.209999,119.029999,110.07,113.809998,95.254723,10475000
2015-10-23,114.449997,116.620003,114.040001,115.919998,97.020714,5497500
2015-10-26,115.919998,117,115,116.529999,97.53125,3377100
2015-10-27,116.389999,119.519997,115.900002,119.370003,99.908234,4008400
2015-10-28,119.760002,120.139999,115.910004,119.779999,100.251396,4405500
2015-10-29,119.790001,121.669998,119.5,119.709999,100.192795,3257500
2015-10-30,119.93,120.370003,117.779999,117.779999,98.577461,4237800
2015-11-02,118.639999,119.949997,117.839996,118.690002,99.339081,3874200
2015-11-03,118.169998,118.459999,116.25,117.660004,98.477036,2758200
2015-11-04,117.599998,117.75,114.059998,114.639999,95.949402,5396100
2015-11-05,114.980003,116.769997,113.629997,116.230003,97.280182,4009100
2015-11-06,115.230003,115.800003,114.010002,114.809998,96.091675,4106900
2015-11-09,114.129997,114.639999,113.010002,114.260002,95.631363,2755100
2015-11-10,114.269997,116.199997,114.029999,115.889999,96.995598,2842600
2015-11-11,116.349998,116.860001,114.349998,114.540001,95.8657,2374200
2015-11-12,113.760002,114.739998,112.529999,112.82,94.426109,3341300
2015-11-13,112.489998,113.019997,111.18,111.410004,93.246017,3767300
2015-11-16,110.900002,114.139999,110.790001,113.82,95.263077,2450000
2015-11-17,113.730003,115.440002,113.169998,114.389999,95.74015,1981400
2015-11-18,114.25,117.529999,113.75,117.25,98.133858,3319900
2015-11-19,109.790001,113.709999,109.610001,110.629997,92.593147,15731900
2015-11-20,110.889999,114.440002,110.599998,112.970001,94.551666,7059400
2015-11-23,112.970001,114.489998,112.099998,112.160004,93.873718,3780400
2015-11-24,111.379997,113.449997,111.059998,113.190002,94.735817,3244800
2015-11-25,113.470001,115.050003,113,114.410004,95.756897,2959200
2015-11-27,114.489998,115.900002,114.080002,114.339996,95.69828,1740400
2015-11-30,114.559998,114.82,112.620003,112.709999,94.334053,4605200
2015-12-01,113.529999,116.370003,113.050003,116.260002,97.305267,5467000
2015-12-02,116.239998,119.379997,116.110001,117.639999,98.885551,6071100
2015-12-03,117.800003,118.279999,114.43,115,96.666443,4286600
2015-12-04,115.589996,118.25,115.239998,117.739998,98.969604,3588200
2015-12-07,117.889999,117.889999,115.199997,115.910004,97.431358,3164300
2015-12-08,114.949997,116.349998,113.949997,115.879997,97.406136,3551900
2015-12-09,115.400002,116.82,114.660004,115.050003,96.708473,3839100
2015-12-10,115.050003,117.050003,114.339996,116.209999,97.683533,3202600
2015-12-11,116.209999,117.339996,114.620003,115.980003,97.490189,3830800
2015-12-14,115.879997,116.739998,114.43,115.849998,97.380959,3867200
2015-12-15,116.870003,118.5,116.660004,117.610001,98.860344,3124100
2015-12-16,118.300003,119.760002,116.900002,118.830002,99.885834,3516900
2015-12-17,118.830002,121.089996,118.639999,119.220001,100.213676,3945800
2015-12-18,118.610001,118.860001,115.82,115.82,97.355705,7574800
2015-12-21,116.57,117.769997,116,117.410004,98.69223,3185200
2015-12-22,118.190002,118.339996,116.209999,117.440002,98.717438,2821600
2015-12-23,117.900002,118.830002,117.550003,118.690002,99.768166,2479600
2015-12-24,118.529999,119.18,118.290001,118.339996,99.473953,900100
2015-12-28,118.260002,118.610001,117.379997,118.330002,99.465561,1582600
2015-12-29,118.870003,120.410004,118.699997,119.82,100.718018,2027600
2015-12-30,120.029999,120.110001,118.660004,118.919998,99.961464,1747700
2015-12-31,118.639999,119.370003,117.360001,117.639999,98.885551,2372500
2016-01-04,116.910004,116.910004,114.529999,116.459999,97.893677,4991000
2016-01-05,116.720001,117.889999,116.209999,116.68,98.078568,2816800
2016-01-06,115.779999,116.650002,114.5,115.489998,97.078308,2677300
2016-01-07,113.629997,114.089996,111.419998,112.089996,94.220345,5277200
2016-01-08,112.349998,113,109.760002,110.160004,92.598038,4422400
2016-01-11,110.510002,110.620003,108.190002,109.580002,92.110481,4525800
2016-01-12,110.360001,113.129997,110.050003,112.260002,94.363266,4037800
2016-01-13,112.410004,113.040001,108.93,109.230003,91.816315,3434300
2016-01-14,108.739998,111.800003,107.510002,110.760002,93.102379,4238200
2016-01-15,109.080002,110.650002,107.790001,109.269997,91.849922,6357000
2016-01-19,111.489998,114.160004,109.599998,112.580002,94.63224,7122800
2016-01-20,112.089996,115.739998,110.150002,114.790001,96.489906,8380700
2016-01-21,114.669998,115.480003,112.260002,113.5,95.405556,5413900
2016-01-22,114.669998,115.150002,113.889999,114.330002,96.103256,3622200
2016-01-25,114.519997,115.309998,112.849998,113.379997,95.304695,2908500
2016-01-26,112.910004,114.18,111.760002,113.959999,95.792229,4592500
2016-01-27,114.43,114.809998,111.839996,112.330002,94.422089,4720300
2016-01-28,112.290001,113.25,110.610001,111.379997,93.623543,3525600
2016-01-29,111.93,115.160004,110.620003,115.160004,96.800911,5280800
2016-02-01,114.830002,116.150002,114.110001,115.889999,97.414558,4333500
2016-02-02,114.949997,115.389999,113.269997,113.879997,95.725014,2997700
2016-02-03,114.370003,114.370003,110.300003,112.75,94.775139,3462300
2016-02-04,112.669998,114.550003,112.040001,114.199997,95.993965,3608300
2016-02-05,114.07,114.209999,110.900002,111.720001,93.909332,3330800
2016-02-08,110.5,111.120003,108.830002,110.019997,92.480377,5050200
2016-02-09,109.370003,112.279999,109.139999,111.160004,93.438629,3680200
2016-02-10,111.330002,114.480003,111.330002,112.739998,94.766724,3023200
2016-02-11,111.32,111.690002,110.089996,110.620003,92.984703,3955000
2016-02-12,111.199997,111.910004,110.209999,111.82,93.993408,2552100
2016-02-16,112.629997,115.269997,112.529999,115.150002,96.792511,3445700
2016-02-17,115.5,118.389999,115.199997,118.300003,99.440323,4466000
2016-02-18,118.5,120,117.059998,117.449997,98.725845,3847100
2016-02-19,117.5,118.550003,116.019997,117.68,98.919182,4481400
2016-02-22,119.099998,122.139999,118.959999,121.269997,101.936867,5054800
2016-02-23,120.639999,121.800003,120.269997,121.150002,101.835976,2804400
2016-02-24,119.93,120.32,117.830002,120.199997,101.037437,2559700
2016-02-25,120.199997,121.230003,119.82,121.199997,101.878052,2281700
2016-02-26,121.480003,122.260002,120.889999,121.330002,101.987312,2877500
2016-02-29,121.099998,121.82,118.970001,119.099998,100.112778,4526300
2016-03-01,119.489998,122.220001,119.370003,121.669998,102.273094,3295600
2016-03-02,121.230003,121.839996,120.370003,121.269997,101.936867,2670900
2016-03-03,120.860001,121.860001,120.089996,121.82,102.399178,3064100
2016-03-04,121.32,122.190002,120.739998,121.800003,102.38237,2873900
2016-03-07,121.080002,122.739998,120.900002,121.760002,102.348732,2315400
2016-03-08,121.279999,122.32,120.730003,121.660004,102.264679,2522000
2016-03-09,121.879997,122.120003,120.449997,121.099998,102.214035,2094000
2016-03-10,121.199997,122.760002,120.410004,122.089996,103.049637,2638200
2016-03-11,122.470001,125.32,122.25,125.099998,105.590218,3766200
2016-03-14,124.800003,126.019997,124.360001,125.220001,105.691521,2856400
2016-03-15,124.540001,125.470001,124.080002,124.849998,105.379211,2610300
2016-03-16,124.389999,125.550003,124.099998,124.900002,105.421432,2140900
2016-03-17,124.610001,124.959999,122.220001,124.529999,105.109123,3911400
2016-03-18,124.860001,127.080002,124.529999,126.720001,106.957611,6948400
2016-03-21,126.239998,127,125.68,126.739998,106.974464,2667000
2016-03-22,126.650002,128.820007,126.019997,128.020004,108.05484,3984000
2016-03-23,128.149994,130.350006,128.020004,129.789993,109.54882,6166400
2016-03-24,128.970001,130.320007,127.169998,128.589996,108.535942,4153900
2016-03-28,128.820007,129.5,128.009995,128.919998,108.814507,1955100
2016-03-29,129.270004,130.089996,128.539993,129.830002,109.582558,2463100
2016-03-30,130.089996,131.100006,129.389999,129.679993,109.455956,2578500
2016-03-31,129.639999,129.970001,128.289993,128.899994,108.797585,3181800
2016-04-01,128.690002,130.440002,128.360001,129.919998,109.658539,3901700
2016-04-04,130.5,130.699997,128.880005,129.490005,109.29557,2812400
2016-04-05,128.949997,129.460007,126.900002,127.040001,107.227684,4440000
2016-04-06,127.230003,128.419998,126.879997,128.029999,108.063271,3021400
2016-04-07,127.510002,128.440002,126.230003,126.870003,107.084206,3186600
2016-04-08,127.190002,128.149994,125.260002,125.68,106.079788,3642300
2016-04-11,125.830002,126.940002,125.830002,126.330002,106.628395,3119200
2016-04-12,126.300003,127.360001,125.400002,126.800003,107.025108,2887200
2016-04-13,127.650002,128.660004,127.269997,127.760002,107.835388,2592400
2016-04-14,127.720001,128.570007,127.559998,127.980003,108.021095,1674600
2016-04-15,127.889999,128.059998,126.220001,127.330002,107.472435,2835200
2016-04-18,126.879997,128.029999,126.599998,127.809998,107.877602,2717400
2016-04-19,130.089996,131.300003,129.119995,130.5,110.148087,4340100
2016-04-20,131.289993,135.110001,130.899994,133.929993,113.043137,7321000
2016-04-21,133.559998,134,132.429993,132.960007,112.224426,3786000
2016-04-22,133.720001,134.330002,133.050003,134.130005,113.211937,2782800
2016-04-25,133.710007,134.070007,132.589996,133.779999,112.916573,2702100
2016-04-26,133.970001,134.610001,133,134.240005,113.304832,2638000
2016-04-27,134.339996,134.580002,131.899994,132.800003,112.089355,3358800
2016-04-28,132.789993,134.389999,131.690002,132.070007,111.473213,3332800
2016-04-29,131.059998,131.880005,128.929993,131.679993,111.144028,4161100
2016-05-02,132.610001,132.929993,130.919998,132.100006,111.498558,2887700
2016-05-03,131.369995,133.229996,131.130005,132.460007,111.802444,3632300
2016-05-04,131.020004,132.410004,130.589996,132.029999,111.439468,2909300
2016-05-05,132.050003,133.279999,131.850006,132.309998,111.675827,2054700
2016-05-06,132.089996,132.279999,130.600006,132.039993,111.447876,2618600
2016-05-09,131.75,133.589996,131.570007,132.669998,111.97966,2191800
2016-05-10,132.919998,133.600006,132.580002,133.570007,112.739311,2223500
2016-05-11,133.740005,134,130.580002,130.690002,110.308472,3450800
2016-05-12,131,131.289993,128.75,129.740005,109.506599,3210400
2016-05-13,129.100006,130.029999,128.550003,129,108.881996,3137300
2016-05-16,128.75,130.860001,128.529999,130.639999,110.266251,2466000
2016-05-17,130.570007,131.220001,128.990005,129.559998,109.354706,2294500
2016-05-18,129.110001,131.270004,128.929993,130.509995,110.156509,2246400
2016-05-19,129.690002,131.119995,128.759995,130,109.726044,2756000
2016-05-20,130.630005,131.789993,130.199997,130.940002,110.51944,2538100
2016-05-23,130.130005,131.199997,130.009995,130.419998,110.080536,3036500
2016-05-24,130.759995,132.990005,130.309998,132.589996,111.912132,2702400
2016-05-25,133.210007,134.300003,132.779999,133.419998,112.612671,2211300
2016-05-26,133.5,133.960007,132.660004,132.979996,112.241302,1499300
2016-05-27,132.979996,134.529999,132.960007,134,113.102226,1833400
2016-05-31,134.600006,134.75,133.479996,133.669998,112.823708,3634100
2016-06-01,133.580002,134.850006,133.020004,134.529999,113.549576,2618000
2016-06-02,134.259995,136.149994,134.009995,136.039993,114.824074,4015000
2016-06-03,135.610001,137.119995,135.149994,136.839996,115.499336,3625600
2016-06-06,136.919998,138.389999,136.509995,138.149994,116.605049,2959900
2016-06-07,138.160004,138.5,136.880005,136.940002,115.58374,2943200
2016-06-08,137.270004,140.889999,137,140.399994,118.504158,6180800
2016-06-09,140.490005,140.869995,139.539993,140.679993,118.740448,3682400
2016-06-10,140.25,140.389999,138.639999,139.240005,117.525002,2805800
2016-06-13,139,140.130005,138.080002,138.089996,116.554405,2804300
2016-06-14,137.880005,138.259995,137.339996,137.869995,116.368713,2970700
2016-06-15,137.740005,138.169998,137.050003,137.259995,116.381432,2369400
2016-06-16,137.210007,138.889999,136.380005,138.660004,117.568459,3176100
2016-06-17,138.759995,138.850006,136.550003,137.690002,116.74601,4430900
2016-06-20,139.220001,139.839996,138.139999,138.520004,117.44976,3731700
2016-06-21,139.199997,139.229996,138.070007,138.190002,117.169968,2021400
2016-06-22,138.449997,139.539993,137.630005,137.899994,116.924034,2375200
2016-06-23,139.350006,139.979996,138.009995,139.190002,118.01786,2646800
2016-06-24,135.660004,138.619995,135.149994,137.289993,116.406845,4475100
2016-06-27,136.149994,137.389999,135.479996,137.110001,116.254204,3996200
2016-06-28,138.210007,139.089996,137.649994,138.710007,117.610847,4160200
2016-06-29,139.800003,140.679993,139.600006,140.520004,119.145554,3704500
2016-06-30,140.679993,141.309998,140.240005,141.199997,119.722099,4730800
2016-07-01,141.160004,141.789993,140.619995,140.860001,119.433807,2882500
2016-07-05,140.149994,141.910004,140.029999,141.559998,120.027367,3749300
2016-07-06,140.979996,142.960007,140.970001,142.380005,120.722603,4083300
2016-07-07,142.369995,142.660004,139.949997,140.800003,119.382942,3515500
2016-07-08,141.699997,141.779999,139.550003,141.270004,119.781479,3605500
2016-07-11,141.270004,141.600006,140.009995,140.320007,118.975998,4084000
2016-07-12,140.889999,140.949997,139.369995,139.860001,118.585899,4310100
2016-07-13,140.960007,141.589996,139.919998,141.479996,119.95948,3164700
2016-07-14,142.389999,142.850006,140.470001,140.839996,119.416832,3000700
2016-07-15,141.649994,142.779999,141.059998,141.330002,119.832352,3748700
2016-07-18,141.759995,141.899994,139.619995,140.75,119.340561,4166300
2016-07-19,140.75,142.630005,139.320007,142.589996,120.900642,5326200
2016-07-20,143.470001,144.479996,142.809998,143.020004,121.265297,5489800
2016-07-21,142.710007,143.729996,142.130005,142.869995,121.1381,3475100
2016-07-22,143.690002,144.050003,142.919998,143.690002,121.833366,2697500
2016-07-25,143.550003,143.889999,141.410004,141.729996,120.171455,2725600
2016-07-26,141.940002,142.190002,141.020004,141.699997,120.146072,2668100
2016-07-27,141.169998,142.339996,139.910004,141.679993,120.129044,2684100
2016-07-28,141.360001,143.029999,141.190002,142.759995,121.044777,2517000
2016-07-29,141.850006,143.899994,141.600006,143.199997,121.4179,3269700
2016-08-01,143.419998,144.160004,143.039993,143.509995,121.680733,2494900
2016-08-02,143.809998,143.970001,142.339996,143.169998,121.392456,2679100
2016-08-03,143.330002,143.619995,142.429993,142.880005,121.146561,1963600
2016-08-04,143.100006,143.479996,142.259995,142.710007,121.002457,1890900
2016-08-05,143.330002,143.539993,142.399994,142.990005,121.239845,2000100
2016-08-08,142.610001,143.070007,141.860001,142.130005,120.510666,1846400
2016-08-09,142.550003,143.130005,141.679993,141.820007,120.247826,2140700
2016-08-10,141.869995,142.339996,140.929993,142.190002,120.561554,1866300
2016-08-11,142.240005,143.059998,141.440002,142.630005,120.934593,1857500
2016-08-12,142.160004,143.139999,141.5,142.880005,121.146561,1787900
2016-08-15,142.960007,143.110001,141.490005,141.619995,120.078194,2369600
2016-08-16,141.149994,141.619995,140.330002,141.080002,119.620377,1688500
2016-08-17,141.289993,141.910004,140.660004,141.710007,120.154503,1849100
2016-08-18,141.669998,142.839996,141.270004,142.169998,120.544556,1572700
2016-08-19,141.649994,142.25,141.220001,142.039993,120.434326,1950200
2016-08-22,142.110001,143,141.710007,142.089996,120.47673,1587900
2016-08-23,142.729996,142.869995,141.75,142.009995,120.408875,2295500
2016-08-24,142,142.080002,139.509995,139.869995,118.594383,2529800
2016-08-25,139.75,139.75,137.029999,137.300003,116.415321,3891000
2016-08-26,137.669998,138.300003,135.990005,136.619995,115.838768,3082400
2016-08-29,137.199997,138.039993,136.479996,137.270004,116.389854,2315900
2016-08-30,137.270004,137.690002,136.240005,136.869995,116.050728,2026600
2016-08-31,136.550003,136.820007,135.550003,136.050003,115.355507,2837300
2016-09-01,136.820007,136.979996,135.350006,135.740005,115.092651,2765400
2016-09-02,136.5,136.779999,135.759995,136.610001,115.830269,2390500
2016-09-06,136.619995,136.850006,135.630005,135.970001,115.287636,2242400
2016-09-07,135,135.960007,134.199997,134.990005,114.985252,2816300
2016-09-08,134.470001,135.619995,134.410004,135.440002,115.368561,2826700
2016-09-09,134.710007,135.149994,133.619995,133.619995,113.818237,3322300
2016-09-12,132.710007,135.720001,132.389999,135.529999,115.445221,3457400
2016-09-13,134.240005,135.149994,133.369995,133.949997,114.09935,3331500
2016-09-14,133.869995,134.690002,132.979996,133.690002,113.877899,4592400
2016-09-15,133.029999,136.089996,132.880005,135.610001,115.513329,3302900
2016-09-16,135.610001,138.550003,135.529999,138.470001,117.949493,7421900
2016-09-19,138.679993,139.389999,137.520004,137.679993,117.276588,3239500
2016-09-20,138.130005,138.529999,137.059998,137.470001,117.097733,2425700
2016-09-21,138.199997,139.960007,137.990005,139.910004,119.176147,3506600
2016-09-22,140.490005,141.410004,140.330002,141.039993,120.138664,3018300
2016-09-23,141.020004,141.779999,140.360001,140.509995,119.687233,2802000
2016-09-26,139.949997,140.169998,138.899994,139.720001,119.014297,2636500
2016-09-27,139.990005,140.839996,138.690002,140.789993,119.925705,3048600
2016-09-28,141.130005,141.710007,139.660004,140.410004,119.602005,1990400
2016-09-29,140.179993,140.279999,137.839996,138.320007,117.821747,2201000
2016-09-30,139.179993,140.479996,138.419998,140,119.252747,4164100
2016-10-03,139.350006,139.720001,138.029999,138.490005,117.966568,2724400
2016-10-04,138.690002,139.360001,137.160004,138.160004,117.685493,2452600
2016-10-05,138.210007,138.929993,136.600006,137.600006,117.208435,4625600
2016-10-06,137.309998,137.490005,135.660004,136.470001,116.245911,4025300
2016-10-07,137.210007,137.550003,135.979996,136.660004,116.407768,2568700
2016-10-10,136.970001,138.350006,136.970001,138.080002,117.617348,2586000
2016-10-11,137.320007,137.690002,134.369995,134.75,114.780846,3353600
2016-10-12,134.979996,135.720001,133.639999,135.100006,115.078934,4287900
2016-10-13,134.649994,134.649994,133.610001,134.190002,114.303802,3425700
2016-10-14,134.779999,135.509995,133.889999,133.919998,114.073837,3452900
2016-10-17,134.059998,134.429993,133.029999,134.130005,114.252686,3602500
2016-10-18,139.199997,143.949997,137.869995,143.389999,122.140404,10141900
2016-10-19,143.820007,146.360001,142.820007,144.369995,122.975212,5796000
2016-10-20,144.490005,145.880005,143.979996,145.070007,123.571449,5203700
2016-10-21,144.259995,145.440002,143.759995,145.369995,123.826965,3331800
2016-10-24,146,146.220001,144.020004,144.690002,123.247772,2930200
2016-10-25,144.880005,145.380005,143.600006,143.779999,122.472656,3095400
2016-10-26,143.75,143.779999,141.889999,142.229996,121.152313,3267600
2016-10-27,142.720001,143.25,141.580002,141.940002,120.905296,3358000
2016-10-28,141.660004,142.350006,139.440002,140.350006,119.550957,4033600
2016-10-31,140.800003,141.539993,139.970001,141.330002,120.385712,3761100
2016-11-01,141.509995,141.509995,138.820007,139.429993,118.767265,3391400
2016-11-02,139.020004,141.229996,138.929993,138.979996,118.383942,3149700
2016-11-03,139.179993,140.339996,137.649994,137.830002,117.404358,2989700
2016-11-04,138.449997,138.889999,137.690002,137.710007,117.302132,3520700
2016-11-07,139.600006,142.440002,139.550003,141.929993,120.89679,3896600
2016-11-08,141.350006,143.610001,141,142.899994,121.723053,4389300
2016-11-09,139.539993,144.190002,136.220001,141.899994,120.871216,8042400
2016-11-10,142.339996,146.570007,142,146.130005,124.474342,6075500
2016-11-11,146.710007,147.5,146.009995,146.419998,124.721359,4475400
2016-11-14,147.320007,152.919998,147.039993,152.279999,129.712982,5740400
2016-11-15,153.509995,153.960007,151.509995,152.229996,129.670364,4910700
2016-11-16,151.990005,153,151.229996,151.5,129.048569,3899000
2016-11-17,151.820007,151.919998,150.190002,150.770004,128.426743,4683000
2016-11-18,151.050003,151.660004,149.399994,149.449997,127.302345,5664800
2016-11-21,149.720001,150.660004,148.559998,150.410004,128.120087,3867800
2016-11-22,151.080002,152.929993,150.559998,152.259995,129.695908,4992100
2016-11-23,152.009995,153.740005,150.960007,153.539993,130.786194,2697200
2016-11-25,153.929993,154.5,152.610001,152.809998,130.164413,1664500
2016-11-28,152.740005,152.850006,150,152.110001,129.568161,5029600
2016-11-29,156.940002,158.119995,155.179993,157.589996,134.236038,5827400
2016-11-30,157.470001,159.759995,157.070007,158.320007,135.394836,7142400
2016-12-01,159.119995,161.720001,159.119995,160.940002,137.635483,5250200
2016-12-02,161,162.520004,160.559998,160.729996,137.455856,3480000
2016-12-05,160.190002,160.669998,156.229996,157.630005,134.804764,5854200
2016-12-06,158.169998,158.229996,156.259995,157.320007,134.539673,3216700
2016-12-07,157.889999,159.979996,156.350006,159.399994,136.318466,4552300
2016-12-08,159.410004,160.240005,158,159.320007,136.25,3407500
2016-12-09,159.520004,160.160004,157.710007,160.119995,136.934174,4007200
2016-12-12,158.830002,159.660004,157.75,159.490005,136.395432,3471200
2016-12-13,160.399994,161.710007,160.070007,160.539993,137.293365,3868900
2016-12-14,161.139999,161.800003,158.720001,159.860001,136.711823,3885700
2016-12-15,159.869995,161.289993,159.429993,160.619995,137.361832,4422700
2016-12-16,161.380005,164,161.190002,163.940002,140.20108,7605300
2016-12-19,163.089996,163.940002,161.220001,161.539993,138.148544,4732600
2016-12-20,161.710007,163.110001,161.410004,161.589996,138.19133,3131200
2016-12-21,161.419998,162.289993,159.619995,161.330002,137.968964,2767700
2016-12-22,161.389999,161.880005,160.270004,161.580002,138.182816,2741700
2016-12-23,161.559998,163.039993,160.550003,163.029999,139.422836,2044400
2016-12-27,163.259995,163.960007,162.449997,162.639999,139.089279,1344000
2016-12-28,162.160004,163.25,161.320007,161.440002,138.063065,1669100
2016-12-29,161.919998,162.360001,160.389999,161.039993,137.720993,2476300
2016-12-30,161.369995,161.479996,159.850006,160.039993,136.865799,2855600
2017-01-03,161.130005,162.270004,159.149994,161.449997,138.071594,3539700
2017-01-04,162.350006,162.580002,159.740005,161.910004,138.464966,2695200
2017-01-05,161.75,162.630005,161.509995,162.179993,138.695923,2961100
2017-01-06,161.75,162.940002,161.110001,162.410004,138.892609,3081300
2017-01-09,162,162.429993,160.779999,161.949997,138.499237,3040800
2017-01-10,161.270004,162.979996,160.5,161.580002,138.182816,3500700
2017-01-11,161.300003,162.940002,160.610001,161.889999,138.447906,3330600
2017-01-12,161.690002,162.940002,160.889999,162.360001,138.849838,2555900
2017-01-13,162.160004,162.740005,161.410004,161.800003,138.370941,3183300
2017-01-17,162.610001,162.970001,157.509995,160.660004,137.396027,5475800
2017-01-18,161.059998,161.199997,156.089996,157.740005,134.898819,6591600
2017-01-19,157.740005,160.550003,157.240005,158.699997,135.719788,4976900
2017-01-20,159.020004,159.800003,157.809998,158.660004,135.685654,3579100
2017-01-23,158.619995,159.520004,156.559998,159.070007,136.036255,4062600
2017-01-24,159.360001,161.309998,159.100006,160.429993,137.19931,3514100
2017-01-25,160.820007,161.979996,160.350006,161.240005,137.891998,3605800
2017-01-26,161.860001,163.580002,161.25,162.75,139.183334,4202400
2017-01-27,163.5,163.800003,162.619995,162.990005,139.388611,3110400
2017-01-30,162.940002,163.460007,161.309998,162.089996,138.618896,2784600
2017-01-31,161.619995,162.190002,160.009995,162.100006,138.627502,3037000
2017-02-01,162.75,163.899994,162.029999,162.710007,139.14917,3718500
2017-02-02,162.520004,163.25,160.259995,160.759995,137.481567,4714000
2017-02-03,161.130005,162,160.210007,161.869995,138.430786,2762300
2017-02-06,161.509995,162.529999,160.220001,160.509995,137.267685,3479400
2017-02-07,161.050003,161.679993,159.539993,160.529999,137.284882,2942700
2017-02-08,160,160.630005,159.410004,160.309998,137.096695,2339700
2017-02-09,160.309998,161.300003,159.559998,160.440002,137.20787,3056800
2017-02-10,160.119995,161.589996,160.100006,160.75,137.472946,1905900
2017-02-13,160.690002,162.020004,160.690002,161.990005,138.533417,3275800
2017-02-14,161.449997,163.5,161.25,163.130005,139.508377,2969400
2017-02-15,162.580002,164.889999,162.580002,164.289993,140.500351,4537900
2017-02-16,164.779999,164.970001,162.330002,163.649994,139.953018,3191600
2017-02-17,159,160.160004,156.490005,157.619995,134.796173,12033600
2017-02-21,157.619995,160.820007,157.520004,160.570007,137.319016,5419000
2017-02-22,160.910004,161.779999,159.639999,160.570007,137.319016,2725300
2017-02-23,161.330002,162.600006,160.690002,162.600006,139.055084,2459600
2017-02-24,162.669998,163.089996,161.740005,163.059998,139.448471,2715700
2017-02-27,163.160004,165.460007,162.809998,165.380005,141.432571,4071800
2017-02-28,165.470001,166.759995,164.899994,165.380005,141.432571,4382100
2017-03-01,166.720001,168.600006,166.350006,167.940002,143.62178,3514200
2017-03-02,168.320007,168.429993,166.960007,167.309998,143.083069,1889800
2017-03-03,167.309998,168.449997,166.619995,168.199997,143.844193,2254400
2017-03-06,167.429993,169.350006,167.130005,168.699997,144.27182,2576500
2017-03-07,168.449997,169.360001,167.929993,168.300003,143.929703,2702300
2017-03-08,167.509995,168.460007,166.800003,167.910004,144.131439,2048200
2017-03-09,168.149994,169.070007,167.740005,168.009995,144.217285,3631400
2017-03-10,168.419998,170,168.059998,169.979996,145.908279,3716600
2017-03-13,169.990005,170.929993,169.550003,170.210007,146.105774,3130200
2017-03-14,169.660004,170.179993,168.5,169.059998,145.118576,2522600
2017-03-15,169.360001,171.970001,169.289993,171.779999,147.453384,2807600
2017-03-16,172.070007,172.139999,170.220001,171.300003,147.041336,3138600
2017-03-17,171.089996,171.539993,169.589996,169.699997,145.667892,5622900
2017-03-20,169.929993,170.240005,167.919998,168,144.208725,3928600
2017-03-21,168.669998,168.820007,167.059998,167.699997,143.951157,4953100
2017-03-22,168.130005,168.380005,165.630005,167.029999,143.376053,2999800
2017-03-23,166.229996,166.929993,164.770004,165.289993,141.882416,3947400
2017-03-24,166.130005,167.399994,164.350006,165,141.633575,5243900
2017-03-27,163.990005,165.110001,163.309998,164.600006,141.290161,4383000
2017-03-28,164.580002,166.070007,163.839996,165.350006,141.93399,7327100
2017-03-29,164.660004,164.970001,162.740005,163.440002,140.294418,5900400
2017-03-30,163.649994,165.929993,163.460007,164.990005,141.625,2993800
2017-03-31,164.639999,165.100006,163.75,164.009995,140.783691,3496100
2017-04-03,164.619995,166.139999,164.25,165.589996,142.139984,3473700
2017-04-04,165.869995,166.449997,164.789993,164.970001,141.607788,2886000
2017-04-05,165.759995,167.259995,165.220001,165.369995,141.951111,3541600
2017-04-06,165.449997,166.020004,164.839996,165.339996,141.925354,2923600
2017-04-07,164.960007,166.5,164.619995,166.020004,142.509094,2927800
2017-04-10,166.190002,167,165.279999,165.479996,142.045578,3234900
2017-04-11,164.889999,165.839996,164.600006,165.830002,142.346039,3172900
2017-04-12,166.320007,166.419998,164.600006,165.559998,142.114227,2978700
2017-04-13,164.949997,165.649994,164.669998,164.960007,141.599182,1979800
2017-04-17,164.990005,167.419998,164.960007,167.179993,143.504807,4396700
2017-04-18,170.059998,170.229996,167.699997,168.589996,144.715164,5526200
2017-04-19,169.589996,171.190002,168.690002,169.25,145.281647,4703400
2017-04-20,169.520004,172.190002,168.369995,171.539993,147.247391,3652100
2017-04-21,172.130005,172.619995,170.470001,171.160004,146.921143,2982300
2017-04-24,172.660004,173.160004,171.699997,172.330002,147.925491,2830300
2017-04-25,173.5,174.740005,173.190002,174.039993,149.393295,3394700
2017-04-26,174.089996,175.649994,173.979996,174.380005,149.685226,2817500
2017-04-27,174.070007,176.070007,174.020004,174.630005,149.899765,2438600
2017-04-28,174.610001,175,173.910004,174.880005,150.11438,2010800
2017-05-01,175,176.139999,174.089996,174.589996,149.865448,2709700
2017-05-02,174.910004,175.369995,170.270004,174.139999,149.479202,4951000
2017-05-03,173.75,174.300003,171.860001,172.539993,148.105759,3622200
2017-05-04,173.050003,174.210007,172.380005,174.020004,149.376175,2585200
2017-05-05,174.539993,174.880005,173.309998,174.119995,149.462021,2189000
2017-05-08,173.929993,174.559998,173.570007,174.440002,149.736694,2505900
2017-05-09,174.100006,174.770004,172.729996,173.240005,148.706635,1653700
2017-05-10,173.039993,173.639999,172.460007,173.389999,148.835388,1568700
2017-05-11,172.759995,173.860001,171.669998,173.320007,148.775314,1901300
2017-05-12,172.639999,173.389999,171.520004,171.809998,147.479141,2335400
2017-05-15,171.789993,172,170.229996,171.529999,147.238785,2831400
2017-05-16,170.669998,171,167.25,168.119995,144.31163,4343700
2017-05-17,168.119995,170.389999,166.649994,168.860001,144.946945,4442300
2017-05-18,168.25,173.979996,167.869995,171.449997,147.17009,3908000
2017-05-19,172.300003,172.949997,170.25,172.589996,148.148666,3877300
2017-05-22,172.729996,174.899994,172.600006,174.699997,149.959885,3480300
2017-05-23,174.440002,175.520004,173.710007,175.220001,150.406219,2471500
2017-05-24,175.449997,176.100006,174.520004,175.589996,150.723831,1612300
2017-05-25,176.320007,178.729996,175.940002,178.050003,152.835434,3212200
2017-05-26,177.679993,178.889999,177,177.5,152.363327,1583600
2017-05-30,177.539993,178.080002,176.240005,176.589996,151.582169,2285700
2017-05-31,176.889999,176.899994,174.919998,175.179993,150.371841,3320400
2017-06-01,175.779999,179.580002,175.190002,179.580002,154.148804,2890600
2017-06-02,179.919998,179.919998,178.339996,179.389999,153.985626,2610100
2017-06-05,179.529999,180.320007,179.160004,179.369995,153.968521,2640600
2017-06-06,179.190002,181.059998,178.479996,180.820007,155.213181,3443900
2017-06-07,182,183.470001,179.649994,183.210007,157.26474,3783600
2017-06-08,183.210007,183.759995,180.979996,181.690002,155.960022,3079900
2017-06-09,181.839996,182.399994,180.860001,181.460007,155.762543,2392200
2017-06-12,181.460007,181.820007,176.419998,179.25,153.865555,3705600
2017-06-13,179.210007,181.389999,179.149994,181.050003,155.410614,2458500
2017-06-14,180.940002,182.839996,180.940002,182.360001,156.535095,2039300
2017-06-15,181.75,183.5,180.089996,180.380005,155.47496,3078700
2017-06-16,180.830002,182.460007,180.380005,181.630005,156.552322,4473300
2017-06-19,182.300003,183.020004,180.759995,183.020004,157.750397,3887100
2017-06-20,182.75,183.419998,182.220001,183.270004,157.965912,2742600
2017-06-21,183.490005,185.110001,182.710007,184.919998,159.388077,2866300
2017-06-22,184.899994,188.660004,184.779999,186.5,160.749969,3841300
2017-06-23,186.270004,186.270004,184.139999,185.25,159.672501,3438500
2017-06-26,185.130005,185.889999,183.389999,185.119995,159.560471,2327400
2017-06-27,185.720001,186.800003,184.220001,184.600006,159.112259,2682800
2017-06-28,185.679993,186.309998,185.089996,185.699997,160.060333,2451200
2017-06-29,185.820007,186.089996,184.330002,185.270004,159.689758,2193600
2017-06-30,185.149994,186.190002,184.929993,185.419998,159.819061,2392000
2017-07-03,186.289993,187.529999,185.740005,186.649994,160.879227,2087000
2017-07-05,186.139999,188.360001,185.720001,188.25,162.258331,2587400
2017-07-06,188.119995,188.190002,186.149994,186.940002,161.129181,1844700
2017-07-07,187.350006,188.429993,187.009995,187.960007,162.008362,2252500
2017-07-10,187.330002,188,186.149994,186.949997,161.137772,2612000
2017-07-11,187,187.660004,185.089996,185.949997,160.275909,2664500
2017-07-12,186.789993,187.300003,186.410004,186.690002,160.913712,3342800
2017-07-13,187,187.279999,185.320007,185.479996,159.870743,2379300
2017-07-14,185.809998,187.130005,184.770004,186.899994,161.094711,2716700
2017-07-17,187.070007,187.25,185.759995,186.350006,160.620636,2444600
2017-07-18,186.949997,187.199997,183.860001,186.850006,161.051666,4235800
2017-07-19,187.509995,189.410004,187.509995,189.190002,163.068512,3401600
2017-07-20,189.410004,191.919998,188.919998,191.5,165.05954,3099600
2017-07-21,191.380005,193,190.600006,191.779999,165.300888,4911500
2017-07-24,191.789993,192.169998,190.639999,190.889999,164.533813,2356500
2017-07-25,192.130005,192.479996,190.300003,190.399994,164.11145,1960100
2017-07-26,190.020004,191.529999,189.380005,190.75,164.413132,2683500
2017-07-27,190.240005,190.490005,188.460007,188.929993,162.844406,2631400
2017-07-28,189.110001,191.240005,187.600006,191.149994,164.757919,1925000
2017-07-31,191.589996,192.610001,191.139999,191.809998,165.326752,3767100
2017-08-01,193.399994,193.399994,191.619995,192.229996,165.688751,3336800
2017-08-02,192.139999,193.449997,192.139999,193,166.352448,2463800
2017-08-03,193.259995,194.960007,193.009995,194.770004,167.878113,2886100
2017-08-04,194.949997,196.039993,194.600006,194.880005,167.972916,2892300
2017-08-07,194.809998,195.410004,193.899994,194.779999,167.886719,2074800
2017-08-08,194.679993,194.990005,194.080002,194.899994,167.990128,1741000
2017-08-09,194.899994,195.360001,194.169998,194.830002,167.929779,2125900
2017-08-10,194.259995,194.389999,192.399994,192.570007,165.981827,2698600
2017-08-11,193.910004,194.539993,192.660004,193.020004,166.36969,2210700
2017-08-14,194.600006,194.75,192.899994,193.710007,166.964462,2322000
2017-08-15,194.470001,195.009995,193.809998,194.5,167.64534,1595200
2017-08-16,194.809998,195.270004,192.830002,193.770004,167.01619,1881600
2017-08-17,193.75,194.240005,192.660004,192.699997,166.093903,2440900
2017-08-18,192.839996,193.199997,190.630005,190.820007,164.473465,2858500
2017-08-21,190.880005,192.309998,190.880005,192.029999,165.516434,1930500
2017-08-22,192.149994,194.960007,191.559998,194.789993,167.895355,2021900
2017-08-23,194.5,194.589996,193.720001,194.240005,167.42128,1547000
2017-08-24,194.550003,195.070007,194.210007,194.75,167.860855,1923700
2017-08-25,195.330002,195.539993,194.139999,194.360001,167.524719,1375000
2017-08-28,194.589996,195.809998,194.360001,195.089996,168.153885,2009900
2017-08-29,194.830002,197.039993,194.330002,196.729996,169.567444,2072200
2017-08-30,196.380005,196.880005,195.199997,195.880005,168.8349,1506700
2017-08-31,196.929993,199.490005,196.389999,198.899994,171.437897,2990200
2017-09-01,199.789993,199.990005,198.360001,199.75,172.170502,2241800
2017-09-05,199.199997,200.440002,198.710007,199.309998,171.79126,2700800
2017-09-06,199.539993,199.990005,197.630005,198.380005,170.98967,3040200
2017-09-07,197.770004,199.479996,197.070007,198.169998,171.456848,2684600
2017-09-08,198.429993,198.860001,197,197.75,171.093475,2206000
2017-09-11,199.25,200.419998,198.779999,199.580002,172.676804,3307900
2017-09-12,199.440002,199.470001,196.910004,197.470001,170.851242,2554700
2017-09-13,197.800003,200.759995,197.779999,198.330002,171.595337,2394400
2017-09-14,197.949997,198.380005,197.089996,197.729996,171.076141,2378600
2017-09-15,198.520004,199.710007,197.199997,198.179993,171.465515,4198700
2017-09-18,198.169998,198.820007,197.509995,198.190002,171.474182,1915200
2017-09-19,198.440002,198.600006,192.389999,194.649994,168.411392,3819000
2017-09-20,195.020004,195.839996,194.059998,195.75,169.363083,2788500
2017-09-21,195.630005,196.130005,194.899994,195.210007,168.895889,1895000
2017-09-22,195.110001,195.869995,188.25,193.029999,167.00975,5660200
2017-09-25,193.270004,196.309998,190.919998,191.75,165.902313,3105900
2017-09-26,192.309998,194.360001,192.039993,192.699997,166.724197,2775400
2017-09-27,193.199997,195.619995,191.740005,194.490005,168.272888,3267200
2017-09-28,194.25,196.550003,193.509995,196.100006,169.665878,2088400
2017-09-29,195.820007,196.089996,194.479996,195.850006,169.449585,2646300
2017-10-02,196.589996,197.910004,196.330002,197.440002,170.825272,2893600
2017-10-03,197.5,199.440002,197.259995,198.630005,171.854843,2533800
2017-10-04,199.029999,200.729996,198.429993,200.479996,173.45549,2286400
2017-10-05,199.929993,199.929993,196.559998,197.899994,171.223221,4069000
2017-10-06,197.899994,199.990005,197.509995,198.059998,171.361679,3361900
2017-10-09,198.009995,198.320007,195.779999,196.300003,169.838959,3365400
2017-10-10,196.259995,196.429993,193.669998,194.679993,168.437332,2499100
2017-10-11,194.630005,196.070007,193.589996,195.259995,168.939117,2935600
2017-10-12,195.009995,195.360001,192.729996,192.919998,166.914597,2954700
2017-10-13,189.589996,192.710007,186,192.520004,166.568481,5435000
2017-10-16,192.479996,193.320007,191.360001,193.199997,167.156815,2927400
2017-10-17,196.800003,206.619995,196.369995,203.889999,176.405792,8949700
2017-10-18,203.800003,207.800003,203.679993,205.229996,177.565186,4796300
2017-10-19,205.470001,205.75,202.699997,203.25,175.852066,3471800
2017-10-20,204.259995,208.210007,203.690002,207.490005,179.520569,5138800
2017-10-23,207.580002,208.449997,205.800003,207.009995,179.105286,2261400
2017-10-24,206.380005,208.229996,205.880005,208.149994,180.091553,3459900
2017-10-25,208.320007,209.139999,207.070007,207.559998,179.581116,2908300
2017-10-26,207.919998,211.699997,207.580002,209.149994,180.956741,4346000
2017-10-27,209.149994,212.770004,208.550003,212.600006,183.941742,4385300
2017-10-30,212.210007,212.770004,209.380005,209.389999,181.164444,2477400
2017-10-31,209.389999,210.520004,207.800003,210.220001,181.882523,3749600
2017-11-01,211.619995,212.630005,208.919998,209.529999,181.285583,1902900
2017-11-02,210.110001,211.490005,209.009995,211.100006,182.643906,2825900
2017-11-03,210.720001,213.830002,210.100006,212.869995,184.175293,2196900
2017-11-06,211.910004,213.929993,211.800003,212.119995,183.526428,2293700
2017-11-07,212.740005,213.539993,210.889999,212.699997,184.028198,1845800
2017-11-08,212.080002,212.929993,210.699997,210.770004,182.358398,2261100
2017-11-09,210.589996,211.759995,209.130005,211.559998,183.041885,1839700
2017-11-10,211.460007,211.809998,210.199997,211.070007,182.617966,1384700
2017-11-13,210.309998,213.539993,209.940002,212.660004,183.993591,2662200
2017-11-14,212.210007,212.699997,210.919998,211.710007,183.171692,1993900
2017-11-15,210.880005,211.979996,209.619995,209.860001,181.570984,1816300
2017-11-16,210.380005,212.009995,209.899994,211.130005,182.669876,1919600
2017-11-17,210.460007,211.460007,209.149994,209.899994,181.605698,1887500
2017-11-20,210,210.679993,209.580002,210.25,181.908493,2040400
2017-11-21,211.130005,212.850006,210.75,212.600006,183.941742,2327200
2017-11-22,212.259995,212.809998,210.759995,211.220001,182.747742,2257800
2017-11-24,212,212.929993,211,212.509995,183.863815,744000
2017-11-27,212.25,214.25,211.809998,212.399994,183.768646,2856300
2017-11-28,213.880005,216.309998,212.509995,216.139999,187.004578,2905700
2017-11-29,217.699997,224.270004,217.360001,222.880005,192.835968,4247200
2017-11-30,223.830002,228.75,222.289993,228.169998,198.079391,6846400
2017-12-01,228.889999,229.220001,221.080002,226.779999,196.872772,3325800
2017-12-04,229.259995,231.770004,221.399994,221.419998,192.219635,5591500
2017-12-05,221,223.720001,219.160004,220.089996,191.065002,3246300
2017-12-06,221.020004,221.960007,219.029999,219.940002,190.934799,2397500
2017-12-07,220.589996,220.610001,218.190002,220.149994,191.117081,2661600
2017-12-08,220.550003,224.330002,220.220001,223.910004,194.381226,2233300
2017-12-11,222.509995,224.820007,222.039993,222.770004,193.391586,1599500
2017-12-12,221.399994,223.419998,221.259995,222.490005,193.148529,2294100
2017-12-13,221.740005,224.949997,221.229996,224.350006,194.763214,3059400
2017-12-14,225,226.970001,221.009995,221.25,192.072006,2811700
2017-12-15,223.75,223.75,220.630005,221.820007,192.566864,6293400
2017-12-18,222.600006,224.809998,222.190002,222.669998,193.30481,3194100
2017-12-19,222.990005,223.789993,220.850006,222.039993,192.757828,2340200
2017-12-20,223.110001,224.889999,221.729996,222.380005,193.053009,2633200
2017-12-21,223.119995,223.940002,221.369995,221.690002,192.45401,2955300
2017-12-22,222,222.350006,218.449997,220,190.986877,1959700
2017-12-26,219.089996,220.419998,219.089996,219.600006,190.639679,1482400
2017-12-27,219.979996,221.440002,219.25,220.419998,191.351471,1861900
2017-12-28,221.460007,222.789993,220.149994,222.770004,193.391586,1452600
2017-12-29,223.949997,223.949997,220.460007,220.460007,191.386246,2350200
2018-01-02,221.020004,222.449997,220,221.160004,191.993912,3485000
2018-01-03,221.619995,223.809998,220.520004,223.479996,194.007935,2417600
2018-01-04,224.339996,226.100006,224.169998,224.449997,194.850067,2749100
2018-01-05,225.190002,229.050003,224.720001,228.729996,198.565567,2432800
2018-01-08,228.130005,228.710007,224.610001,224.759995,195.119171,2850800
2018-01-09,224.759995,226.630005,223.300003,225.880005,196.0914,2672200
2018-01-10,224.830002,225.009995,223.029999,224.199997,194.632965,2311600
2018-01-11,224.179993,225.919998,223.699997,225.389999,195.666061,2543600
2018-01-12,227.449997,229.899994,226.520004,228.639999,198.487473,3943800
2018-01-16,233.369995,235,231.25,232.899994,202.185638,6852600
2018-01-17,234.669998,238.960007,233.850006,238.429993,206.986359,5124800
2018-01-18,239.259995,243.899994,238.550003,243.160004,211.09259,6234200
2018-01-19,244.179993,244.350006,241.070007,243.350006,211.257523,4293600
2018-01-22,243.589996,243.800003,241.360001,243.559998,211.439819,4012200
2018-01-23,242.990005,246.979996,242.410004,245.210007,212.872238,3300000
2018-01-24,246.009995,247.309998,243.710007,244.850006,212.559692,2733300
2018-01-25,244.75,246.190002,243.899994,245.179993,212.846161,2420500
2018-01-26,245,248.740005,244.460007,248.470001,215.702301,2615300
2018-01-29,249.279999,250.789993,247.399994,247.410004,214.782104,2564700
2018-01-30,232.880005,242.740005,232.100006,236.649994,205.441147,11565500
2018-01-31,242.839996,247,235.759995,236.779999,205.553955,5187400
2018-02-01,235.259995,237.820007,233.830002,235.220001,204.199707,4268300
2018-02-02,233,236.300003,231.190002,231.880005,201.30014,3959900
2018-02-05,230.789993,233.110001,208.479996,220.020004,191.004196,6290000
2018-02-06,212.199997,226.509995,210.210007,225.179993,195.483734,7064800
2018-02-07,222.330002,229.289993,221.509995,225.820007,196.039337,5589200
2018-02-08,225.330002,226.630005,216.259995,216.460007,187.913651,4902400
2018-02-09,218,223.279999,212.009995,220.960007,191.820297,6225300
2018-02-12,222.440002,228,222.149994,225.690002,195.926483,4912000
2018-02-13,223.149994,227.119995,222.389999,226.639999,196.751205,3536800
2018-02-14,224.949997,229.339996,223.919998,228.779999,198.609009,2878400
2018-02-15,229.270004,230,221.740005,226.020004,196.212982,4662700
2018-02-16,225.990005,230.550003,225.699997,229.369995,199.121155,3621700
2018-02-20,227.910004,228.75,225.610001,226.660004,196.768539,3172300
2018-02-21,226.149994,229.350006,225.110001,225.130005,195.440353,3371900
2018-02-22,226.300003,229.839996,225.080002,227.089996,197.141846,2767900
2018-02-23,227.899994,230.320007,225.910004,230.160004,199.807007,2393900
2018-02-26,231.639999,234.509995,229.699997,234.059998,203.192673,3307000
2018-02-27,234.399994,235.889999,232.440002,232.520004,201.855759,2899500
2018-02-28,234.419998,234.75,226.089996,226.160004,196.334503,4368600
2018-03-01,225.699997,229.289993,222.740005,224.449997,194.850067,3514600
2018-03-02,223.210007,225.820007,222.589996,225.190002,195.492386,2613600
2018-03-05,223.369995,229.429993,222.789993,228.380005,198.261688,2627300
2018-03-06,228.919998,229.149994,223.889999,226.179993,196.351868,2652800
2018-03-07,224.350006,227.820007,223.75,227.270004,197.298111,3242200
2018-03-08,227.929993,227.990005,223.919998,224.729996,195.739029,3500900
2018-03-09,226.110001,226.520004,222.5,225.429993,196.348679,4834600
2018-03-12,226.210007,227,222.770004,222.770004,194.031906,3117300
2018-03-13,223.529999,228.059998,223.160004,226.940002,197.663956,3343800
2018-03-14,227.130005,229.389999,225.020004,225.380005,196.305161,3048200
2018-03-15,225.830002,230.759995,225.660004,229.479996,199.876266,3330200
2018-03-16,229.660004,231.270004,227.75,227.860001,198.465271,5690300
2018-03-19,227.309998,227.970001,223.679993,225.050003,196.017761,3407300
2018-03-20,225.160004,227.600006,223.880005,226.779999,197.524582,3429100
2018-03-21,226.449997,227.440002,222.820007,222.820007,194.075455,3419800
2018-03-22,221.649994,221.660004,215.100006,215.210007,187.447144,5894800
2018-03-23,215.75,217.729996,212.5,212.550003,185.130264,5741200
2018-03-26,215.190002,219.410004,214.699997,219.070007,190.809219,3561300
2018-03-27,220.320007,221.949997,216.410004,217.960007,189.842407,3722100
2018-03-28,218.889999,219.910004,217.039993,218.5,190.312759,3179500
2018-03-29,219.380005,223.350006,214,214,186.39325,5529400
2018-04-02,218.460007,222.990005,214.630005,217.199997,189.180435,6220700
2018-04-03,220.339996,225.100006,219.690002,224.580002,195.608368,4652000
2018-04-04,220.690002,229.479996,220.419998,228.789993,199.275284,4674000
2018-04-05,229.460007,231.580002,226.800003,229.070007,199.519165,3348100
2018-04-06,226.649994,228.190002,221.820007,223.960007,195.06842,3231700
2018-04-09,225.580002,226.130005,222.360001,222.729996,193.997009,3031500
2018-04-10,225.399994,228.160004,223.490005,226.789993,197.533264,2737500
2018-04-11,224.270004,225.389999,221.690002,221.899994,193.274094,3482100
2018-04-12,224.039993,225.75,223.410004,224.240005,195.312256,2664500
2018-04-13,225.100006,226.130005,223.080002,224.279999,195.347107,2496600
2018-04-16,227.110001,231.850006,226.350006,230.320007,200.607941,4510600
2018-04-17,239.309998,241.669998,236.080002,238.550003,207.77623,6180300
2018-04-18,239,239.740005,236.300003,236.399994,205.90361,2940100
2018-04-19,236.199997,238.270004,234.800003,235.759995,205.346146,2734900
2018-04-20,236.050003,237.100006,233.5,235.059998,204.736404,2842000
2018-04-23,235.289993,236.210007,233.080002,234.339996,204.109314,3051700
2018-04-24,235.949997,237.320007,232.559998,234.220001,204.004807,2771200
2018-04-25,233.449997,235.100006,230.440002,234.899994,204.597076,3118800
2018-04-26,235.729996,237.839996,234.330002,237.029999,206.452332,2252800
2018-04-27,237.630005,240.539993,237.149994,240.179993,209.195923,2301800
2018-04-30,241,241,236.399994,236.399994,205.90361,3446900
2018-05-01,237,237.490005,234.360001,236.850006,206.295547,2633500
2018-05-02,235.380005,236.210007,232.860001,233.460007,203.342834,3542700
2018-05-03,231.970001,234.800003,229.309998,234.149994,203.943848,2731600
2018-05-04,233.100006,236.649994,232.160004,235.899994,205.468033,1999900
2018-05-07,235.880005,236.990005,232.630005,233.779999,203.621567,3237800
2018-05-08,233.720001,233.720001,230.649994,232.029999,202.097336,2698300
2018-05-09,233.050003,233.419998,228.229996,229.210007,199.641098,3504200
2018-05-10,230.149994,234.289993,229.360001,233.710007,203.560577,2169000
2018-05-11,233.580002,238.800003,232.949997,238.279999,207.541077,3044900
2018-05-14,238.899994,243.669998,238.820007,242.899994,211.565033,3893600
2018-05-15,241.860001,242.220001,238.669998,239.5,208.603683,2396600
2018-05-16,239.649994,241.809998,238.570007,241.720001,210.537292,1906100
2018-05-17,241.490005,243.559998,240.539993,242.960007,211.61731,2418700
2018-05-18,243.369995,244.759995,242.389999,244.639999,213.080566,2283600
2018-05-21,245,249.169998,244.839996,247.899994,215.919968,3040700
2018-05-22,248,248.050003,243.839996,245.179993,213.550888,2644100
2018-05-23,244.029999,245.5,241.639999,244.259995,212.749573,3047800
2018-05-24,244.570007,245.440002,242.199997,242.729996,211.416977,2610400
2018-05-25,242.949997,245.580002,242.440002,244.949997,213.350601,1554900
2018-05-29,243.860001,243.860001,240.240005,242.169998,210.929199,2837800
2018-05-30,243.740005,245.75,242.630005,244.940002,213.341904,2071900
2018-05-31,244.210007,244.75,240.679993,241.509995,210.35437,2966100
2018-06-01,243.740005,243.740005,241.289993,243.350006,211.957016,2371400
2018-06-04,244,245.240005,242.740005,244.630005,213.071854,2188900
2018-06-05,245.089996,245.110001,241.910004,244.429993,212.897675,1531900
2018-06-06,246.320007,248.720001,245.130005,248.649994,216.573288,2650300
2018-06-07,249.759995,250,248.25,248.979996,216.860672,2117200
2018-06-08,249.460007,251.5,248.070007,250.679993,218.341385,3034600
2018-06-11,250.839996,254.990005,250.399994,253.779999,221.041473,2775200
2018-06-12,253.199997,253.940002,250.169998,253.580002,220.867264,2567200
2018-06-13,254.139999,256.730011,252.479996,252.869995,220.248871,3138300
2018-06-14,254.470001,255.990005,253.660004,255.330002,222.391525,2456600
2018-06-15,254.270004,255.979996,252.559998,255.979996,223.746307,4772200
2018-06-18,254,255.009995,252.139999,254.869995,222.776093,1961900
2018-06-19,252.970001,253.300003,251.160004,253.020004,221.159073,2370200
2018-06-20,253.320007,253.729996,251.880005,252.809998,220.97551,2580400
2018-06-21,252.949997,253.649994,250.919998,251.889999,220.171387,2150300
2018-06-22,252.240005,255.110001,251.190002,254.369995,222.339066,2604000
2018-06-25,254.360001,255.130005,248.610001,250.710007,219.139984,3060800
2018-06-26,250.559998,252.470001,249.539993,249.770004,218.318344,2158000
2018-06-27,250.289993,251.759995,248.130005,248.169998,216.91983,2481000
2018-06-28,247.130005,248,242.229996,244.899994,214.061569,3556900
2018-06-29,244.899994,247.5,244.600006,245.339996,214.446152,2772600
2018-07-02,245,247.729996,244.119995,247.479996,216.316681,1793300
2018-07-03,248.300003,248.75,246.740005,246.979996,215.879608,1248000
2018-07-05,249.110001,250.929993,247.580002,250.5,218.956406,2182900
2018-07-06,251.009995,251.729996,249.419998,250.759995,219.18364,1572300
2018-07-09,252.130005,254.009995,251.050003,253.669998,221.727264,2039600
2018-07-10,254.179993,256.899994,253.75,255.539993,223.361786,2012200
2018-07-11,255.139999,256,253.740005,254.589996,222.531357,1486000
2018-07-12,256.179993,256.820007,254.919998,256.049988,223.807556,1592700
2018-07-13,256.390015,259.01001,256.019989,258.700012,226.123871,2356200
2018-07-16,258.290009,258.450012,256.440002,256.980011,224.620422,3625400
2018-07-17,251.550003,252.520004,246.270004,250.289993,218.772858,6932300
2018-07-18,251.110001,256.609985,250.440002,255.419998,223.256836,3359800
2018-07-19,255.320007,256.5,251.850006,252.929993,221.080399,2307600
2018-07-20,251.169998,253.550003,251.169998,252.699997,220.879364,1959600
2018-07-23,252.910004,255.229996,252.429993,252.740005,220.914337,1479600
2018-07-24,254.860001,254.960007,252.009995,253.759995,221.805908,2476500
2018-07-25,254.809998,255.270004,252.770004,254.860001,222.767349,3016900
2018-07-26,256.25,257.869995,255.800003,257,224.637848,2021300
2018-07-27,257.790009,257.790009,255.389999,255.949997,223.720062,1656800
2018-07-30,255.910004,256.890015,253.110001,253.839996,221.875793,1681500
2018-07-31,254.139999,255.199997,252.850006,253.220001,221.333878,2355900
2018-08-01,256.100006,256.100006,252.809998,253.369995,221.465027,3006700
2018-08-02,253.5,256.299988,252.229996,256.079987,223.833755,1854400
2018-08-03,256.450012,257.559998,254.300003,257.220001,224.830215,1422300
2018-08-06,256.5,257.540009,255.470001,256.76001,224.428131,1398100
2018-08-07,257.640015,258.839996,257.130005,257.649994,225.206085,1462800
2018-08-08,258.109985,259.5,257.920013,258.809998,226.219971,1494300
2018-08-09,259.910004,263.019989,259.309998,261.589996,228.649887,2315000
2018-08-10,260.48999,261.5,259.109985,260.359985,227.574753,1625000
2018-08-13,261,262.549988,260.299988,260.910004,228.055557,1635100
2018-08-14,260.890015,264.299988,260.850006,263.480011,230.301971,1941600
2018-08-15,261.980011,262.690002,259.190002,260.609985,227.79332,2017700
2018-08-16,261.570007,263.75,261.450012,263.100006,229.969772,2115900
2018-08-17,263.549988,264.130005,261.720001,262.329987,229.296677,1969700
2018-08-20,263,263.48999,261.570007,262.399994,229.357925,1786200
2018-08-21,261.850006,262.519989,260.730011,261.690002,228.73732,1559300
2018-08-22,261.950012,261.950012,260.25,260.73999,227.906906,2148500
2018-08-23,261.019989,262.559998,259.559998,261.420013,228.501343,1603500
2018-08-24,261.75,264.779999,261.75,264.279999,231.00116,2238600
2018-08-27,265,267.450012,264.420013,267.079987,233.448639,2614000
2018-08-28,268.540009,269.140015,267.329987,268.51001,234.698578,2603900
2018-08-29,268.390015,269.320007,267.25,269,235.126785,2880600
2018-08-30,269.459991,270.170013,268.109985,268.390015,234.593689,2976300
2018-08-31,268.279999,269.209991,267.200012,268.459991,234.6548,2961500
2018-09-04,268,269.410004,266.570007,268.51001,234.698578,2097300
2018-09-05,268.559998,268.799988,266.929993,267.640015,233.938095,2230600
2018-09-06,267.600006,270.019989,266.940002,269.649994,236.490173,2556100
2018-09-07,269.640015,271.160004,267.51001,268.279999,235.288712,2958000
2018-09-10,266.779999,266.799988,258.75,259.730011,227.790115,4146200
2018-09-11,257.920013,261.420013,257.480011,261.040009,228.939056,2283300
2018-09-12,261.119995,264.48999,260.850006,262.670013,230.368561,2236300
2018-09-13,264.160004,265.690002,263.420013,265.48999,232.841843,2734500
2018-09-14,265.399994,266.649994,263.279999,265.309998,232.68399,2084600
2018-09-17,266.5,266.660004,263.410004,263.869995,231.421005,1940400
2018-09-18,262.929993,264.089996,262,263.290009,230.912354,3557000
2018-09-19,264.470001,265.609985,263.160004,265.329987,232.701477,2274300
2018-09-20,266.079987,267.940002,266.059998,266.390015,233.631165,2095000
2018-09-21,266.100006,267.839996,265.850006,266.670013,233.876648,5671600
2018-09-24,267.01001,269.529999,266.670013,267.359985,234.481796,2699800
2018-09-25,267.299988,267.329987,263.029999,263.51001,231.105316,3789700
2018-09-26,264.5,265.48999,262.450012,262.910004,230.579056,2238000
2018-09-27,263,265.410004,262.929993,264.649994,232.105118,2761400
2018-09-28,264.380005,266.190002,263.850006,266.040009,233.324219,2875100
2018-10-01,267.25,270.019989,267.019989,269.100006,236.007904,3314500
2018-10-02,269,271.440002,267.5,270.630005,237.349731,2777300
2018-10-03,272,272.070007,269.769989,270.899994,237.586548,3002200
2018-10-04,271,271.619995,267.309998,268.320007,235.323807,2186600
2018-10-05,268.649994,271,267.950012,269.200012,236.095566,2045700
2018-10-08,268.839996,269.649994,265.649994,269.01001,235.928925,1865000
2018-10-09,269.190002,271.959991,268.470001,270.109985,236.893631,2510100
2018-10-10,270.600006,271.420013,262.519989,263.079987,230.72818,4267300
2018-10-11,262,264.399994,255.779999,257.119995,225.501068,4558500
2018-10-12,259.700012,261.390015,256.859985,259.609985,227.68483,4006300
2018-10-15,260.130005,262.440002,259.309998,260.25,228.246185,3583400
2018-10-16,269.690002,272.809998,265,272.570007,239.051147,6453600
2018-10-17,270.190002,271,265.630005,267.299988,234.429199,3985100
2018-10-18,267.350006,267.880005,263.709991,266.809998,233.999496,3132100
2018-10-19,266.619995,267.980011,263.890015,265.299988,232.675156,3336600
2018-10-22,266.75,266.829987,260.059998,262.190002,229.947617,2618100
2018-10-23,259.720001,265.519989,259.200012,264.859985,232.289215,4081800
2018-10-24,264.01001,265.329987,255.929993,256.320007,224.7995,5265600
2018-10-25,258.160004,265.179993,253.369995,264.23999,231.74556,4675600
2018-10-26,261.5,262.399994,257.019989,258.179993,226.430725,4830600
2018-10-29,259.720001,262.040009,253.320007,256.519989,224.974869,3697700
2018-10-30,256.690002,259.690002,253.979996,258.279999,226.518448,4169200
2018-10-31,260.869995,264.070007,260.220001,261.350006,229.210953,4230200
2018-11-01,262.920013,264.679993,259.76001,260.929993,228.842545,2771300
2018-11-02,264.609985,266.380005,259.559998,261.01001,228.912704,2593600
2018-11-05,262.149994,263,260.070007,261.01001,228.912704,3287000
2018-11-06,260.700012,264.01001,260.700012,263.540009,231.131607,2582400
2018-11-07,266.899994,276.75,266.899994,274.630005,240.857788,5796800
2018-11-08,276,278,274.700012,276.649994,242.629456,3809100
2018-11-09,276.859985,278,274.190002,276.549988,242.541672,2904300
2018-11-12,276,277.790009,272,272.380005,238.884491,3140600
2018-11-13,272.579987,273.600006,268.140015,269.220001,236.113113,2516900
2018-11-14,269.290009,270.519989,263.350006,264.959991,232.376938,3511900
2018-11-15,264,265.920013,260.850006,264.940002,232.359451,3657600
2018-11-16,264.98999,271.799988,264.920013,271.109985,237.77066,3857800
2018-11-19,271.480011,272.269989,264.179993,266.049988,233.332901,3670800
2018-11-20,265.619995,266.779999,260.399994,261.5,229.342422,3617700
2018-11-21,262.589996,264.630005,260.450012,260.549988,228.509277,3234300
2018-11-23,260,262.940002,258.279999,261.619995,229.447739,1159300
2018-11-26,264.619995,268.299988,263.5,266.160004,233.429428,3879800
2018-11-27,265.570007,271.299988,265.029999,271.149994,237.805817,3497300
2018-11-28,272.820007,282.399994,272.820007,280.950012,246.400665,5044300
2018-11-29,280.429993,285.450012,280.309998,282.549988,247.803925,4177800
2018-11-30,282.98999,283.640015,279.070007,281.359985,247.548782,6143200
2018-12-03,283,286.529999,282.709991,286.329987,251.921478,4178800
2018-12-04,286.149994,287.940002,276.910004,278.549988,245.076355,4635500
2018-12-06,273.019989,276.940002,265.25,276.850006,243.580765,6694600
2018-12-07,273.76001,276.420013,267.279999,269.179993,236.832397,3506900
2018-12-10,268.589996,269,260.230011,266.529999,234.500885,4061300
2018-12-11,269.579987,271.529999,265.670013,267.220001,235.107941,3102800
2018-12-12,271.950012,274.559998,270.48999,270.640015,238.116959,3167900
2018-12-13,270.859985,273.320007,269.619995,272.149994,239.445511,2350400
2018-12-14,270.359985,270.570007,263.709991,265.019989,233.172256,3360500
2018-12-17,261.040009,262.75,256.730011,258.070007,227.05748,5806800
2018-12-18,259.700012,259.98999,248.199997,252.970001,222.570374,5065500
2018-12-19,252.369995,256.559998,247.589996,250.309998,220.230026,5468500
2018-12-20,248.5,249.009995,240.050003,242.440002,213.305786,7311700
2018-12-21,240.729996,247.5,237.449997,238.339996,209.698471,12209700
2018-12-24,236.240005,237.899994,232.559998,232.940002,204.947372,3091000
2018-12-26,232.699997,243.369995,231.809998,243.350006,214.106461,4159300
2018-12-27,239.100006,245.970001,235.240005,245.970001,216.411591,4295800
2018-12-28,246.710007,249.789993,244.809998,246.240005,216.649109,3312700
2018-12-31,248.059998,250.279999,246.940002,249.119995,219.182983,3123200
2019-01-02,245,246.350006,241.470001,243.490005,214.229599,4063600
2019-01-03,243.479996,243.479996,236.130005,236.850006,208.387527,4623200
2019-01-04,239.800003,243.460007,238.800003,239.619995,210.824615,5367600
2019-01-07,240.399994,241.979996,238.229996,240.080002,211.229401,4133000
2019-01-08,242.330002,244.789993,239.710007,243.289993,214.053589,3618600
2019-01-09,244.759995,246.630005,242.059998,243.639999,214.361618,3425400
2019-01-10,242.080002,245.139999,241.410004,244.869995,215.443771,3374100
2019-01-11,243.449997,247.759995,243.270004,247.669998,217.907227,3967100
2019-01-14,246.589996,249.919998,246.110001,248.059998,218.250427,4955500
2019-01-15,250,256.920013,247,256.869995,226.001694,5325600
2019-01-16,258.730011,262.190002,258.170013,261.459991,230.040115,6069400
2019-01-17,260.98999,261.73999,257.890015,259.769989,228.553192,3583600
2019-01-18,262.600006,266.26001,260.420013,265.5,233.594589,4844800
2019-01-22,264.059998,267.5,263.73999,265.690002,233.761826,4052700
2019-01-23,267.75,269.470001,263.670013,267.019989,234.931961,2971100
2019-01-24,266.799988,268.160004,264.26001,266.130005,234.148926,2927300
2019-01-25,268.799988,270.410004,265.700012,268.049988,235.838181,2809100
2019-01-28,266.899994,266.929993,264.609985,266.769989,234.712036,2837300
2019-01-29,266,268.450012,265.440002,267.339996,235.213547,2173000
2019-01-30,269.690002,272.440002,267.190002,270.369995,237.879379,3659000
2019-01-31,270.480011,271.73999,268.98999,270.200012,237.729797,4055100
2019-02-01,268.470001,269.390015,266.029999,268.720001,236.427658,3946800
2019-02-04,268.309998,268.690002,264.269989,268.209991,235.979004,3398900
2019-02-05,270.119995,272.089996,265.839996,266.309998,234.307297,3597000
2019-02-06,265.140015,269.929993,264.980011,269.5,237.113953,2570000
2019-02-07,268.640015,270.579987,267.26001,269,236.674042,2458200
2019-02-08,267.5,268.700012,260.320007,261.899994,230.427246,4547000
2019-02-11,261.170013,261.179993,256.339996,257.140015,226.239243,4856200
2019-02-12,259.220001,264,256.920013,263.5,231.83493,4327900
2019-02-13,263.519989,266.290009,263.149994,263.799988,232.098938,3066400
2019-02-14,263.23999,267.070007,262.709991,265.329987,233.445038,3015300
2019-02-15,267.790009,271.130005,266.619995,271.130005,238.54808,3673700
2019-02-19,271.170013,272.48999,269.279999,270.410004,237.914551,2486700
2019-02-20,269.209991,270.589996,268.179993,269.51001,237.122757,2802800
2019-02-21,269.470001,269.940002,265.100006,266.399994,234.386429,2554300
2019-02-22,266.5,268.390015,265.950012,267.109985,235.011139,3191100
2019-02-25,267.579987,268.170013,264.380005,264.600006,232.802811,3679100
2019-02-26,264.660004,265.429993,262.799988,262.980011,231.377457,3212900
2019-02-27,261.609985,261.609985,248.940002,250.080002,220.027664,8952900
2019-02-28,249.699997,251.949997,239.149994,242.220001,213.112198,11034300
2019-03-01,243.559998,248,243.559998,246.149994,216.569931,6921300
2019-03-04,248.119995,248.449997,234.509995,236.020004,207.657242,8646300
2019-03-05,236.529999,243.199997,234.940002,241.429993,212.41713,6924500
2019-03-06,241.740005,241.740005,237.029999,239.070007,210.340775,4878700
2019-03-07,240.300003,241.179993,235.550003,236.699997,208.255554,5033500
2019-03-08,235.149994,239.410004,234.639999,237.289993,209.571503,4921700
2019-03-11,239.210007,244.020004,236.419998,243.149994,214.746994,4539600
2019-03-12,244.949997,247.479996,243.740005,245.880005,217.158051,4235800
2019-03-13,247.960007,252.759995,247.080002,252.25,222.783997,4881600
2019-03-14,253,255.059998,252.339996,253.270004,223.684891,3865200
2019-03-15,254.339996,254.740005,249.940002,251.399994,222.033295,6466200
2019-03-18,252.660004,255.309998,250.419998,255,225.212753,3927400
2019-03-19,255.949997,259.25,255.139999,257.130005,227.093933,4164800
2019-03-20,257.429993,257.690002,249.970001,250.5,221.238373,4193500
2019-03-21,249.190002,252.960007,248.660004,252.020004,222.580841,2699700
2019-03-22,250.570007,251.199997,246.990005,247.089996,218.22673,3777900
2019-03-25,247.419998,247.419998,240.779999,246.860001,218.023605,4110900
2019-03-26,247.259995,247.889999,241.720001,243.389999,214.958954,4416200
2019-03-27,242.940002,245.679993,238.160004,241.710007,213.47522,4819200
2019-03-28,242.589996,242.850006,238.889999,242.229996,213.934479,3601500
2019-03-29,244.289993,247.759995,241.869995,247.259995,218.376892,4294200
2019-04-01,249.710007,250.199997,243.059998,245.539993,216.857819,4809500
2019-04-02,245.509995,246.399994,242.800003,244.410004,215.859818,4057100
2019-04-03,246.309998,247.539993,244.589996,245.839996,217.122772,2851400
2019-04-04,245.479996,249.110001,244.639999,247.389999,218.491684,2255500
2019-04-05,248.949997,249.309998,245.169998,248.779999,219.719315,3343000
2019-04-08,249.679993,249.679993,246.309998,248.75,219.692856,2195400
2019-04-09,247.570007,249.940002,245.949997,248.789993,219.728165,2903800
2019-04-10,248.779999,249.869995,245.520004,246.029999,217.290543,2753700
2019-04-11,246.050003,246.919998,232.679993,235.419998,207.919968,8223400
2019-04-12,236.5,236.779999,220.770004,223.220001,197.145065,13979400
2019-04-15,225.770004,230.970001,224.410004,230.199997,203.309692,10021800
2019-04-16,238.009995,238.009995,215.820007,220.960007,195.149063,27361400
2019-04-17,223.789993,224.240005,208.070007,216.839996,191.51033,22101400
2019-04-18,217.139999,223,214.210007,221.75,195.846771,13927200
2019-04-22,224,227.559998,221.5,227.110001,200.580643,11191800
2019-04-23,228.25,231.940002,226.100006,230.580002,203.64534,10261400
2019-04-24,230.089996,231.630005,227.75,230.350006,203.442184,6104100
2019-04-25,228.529999,232.119995,228.130005,230.789993,203.830795,5954500
2019-04-26,232.139999,237.110001,231.190002,237,209.315384,6186200
2019-04-29,237.399994,238.059998,234.160004,237.449997,209.71283,5345300
2019-04-30,238.080002,238.080002,230.190002,233.070007,205.844467,7632300
2019-05-01,233.070007,234.619995,230.350006,231.949997,204.855316,4823200
2019-05-02,230.899994,233.339996,228.080002,232.449997,205.296906,5499200
2019-05-03,232.839996,233.899994,227.179993,231.949997,204.855316,4323100
2019-05-06,228.169998,240.570007,227.5,240.5,212.406525,7180200
2019-05-07,239.190002,243.149994,236.399994,238.050003,210.242752,5104700
2019-05-08,238,240.809998,235.529999,239.149994,211.214233,3768400
2019-05-09,236.600006,240.539993,235.669998,237.970001,210.172089,4299500
2019-05-10,239.970001,242.619995,236.369995,240.589996,212.486038,4374400
2019-05-13,236.449997,240.100006,236.199997,239.550003,211.567505,4684400
2019-05-14,240.639999,240.990005,236.279999,236.429993,208.811966,5329700
2019-05-15,235,237.529999,232.619995,236.080002,208.502823,5099700
2019-05-16,235.889999,240.449997,235.720001,236.789993,209.129913,4456400
2019-05-17,236.169998,242.440002,235.649994,241.380005,213.183746,4486400
2019-05-20,240,246.740005,239.770004,245.990005,217.25528,5390800
2019-05-21,247.009995,251.179993,246.800003,249.940002,220.74382,5345300
2019-05-22,249.100006,251.029999,248.710007,249.339996,220.213913,4038000
2019-05-23,247.979996,248.149994,244.389999,246.5,217.705673,3934600
2019-05-24,247.25,249.360001,245.509995,247.630005,218.703659,2973900
2019-05-28,248.5,249.300003,241.979996,242.059998,213.784348,6172700
2019-05-29,239.850006,243.029999,237.899994,242.399994,214.084625,3958400
2019-05-30,241.919998,245.350006,241.339996,243.5,215.056107,2646600
2019-05-31,241.949997,243.619995,239.479996,241.800003,213.554688,3285700
2019-06-03,241.490005,243.800003,236.020004,236.559998,208.926788,4999400
2019-06-04,238.130005,241.050003,234.830002,240.759995,212.636185,4992000
2019-06-05,243.169998,245.789993,241.229996,242.770004,214.411362,3194400
2019-06-06,243.130005,243.940002,241.729996,241.820007,213.572372,2630100
2019-06-07,242.899994,247.070007,242.190002,246.770004,217.944153,2837400
2019-06-10,247.080002,249.669998,245.990005,248.139999,219.154144,2331000
2019-06-11,248.520004,250.690002,245.729996,245.869995,217.149261,3043000
2019-06-12,246.199997,246.5,242.300003,244.5,215.939301,3251800
2019-06-13,244.820007,245.339996,243.119995,244.960007,216.345596,3107800
2019-06-14,244.720001,246.100006,242.789993,245.369995,217.667313,2165500
2019-06-17,246,247.100006,245.220001,245.970001,218.1996,2270300
2019-06-18,247.5,249.339996,245.149994,245.699997,217.960083,3482500
2019-06-19,246,251.369995,245.509995,250.190002,221.943176,4204600
2019-06-20,251.600006,252.820007,247.399994,247.759995,219.787491,3800800
2019-06-21,248.779999,253.490005,246.899994,252.279999,223.797211,6323500
2019-06-24,251.330002,252.630005,247.860001,249.639999,221.455231,3163800
2019-06-25,249.300003,251.039993,247.419998,247.660004,219.698822,3182700
2019-06-26,248,248.080002,243.130005,243.470001,215.981857,3852900
2019-06-27,244.259995,248.149994,243.160004,246.339996,218.527817,3366200
2019-06-28,246.5,246.75,238.649994,244.009995,216.460831,6727600
2019-07-01,245.949997,246.169998,240.720001,242.639999,215.245544,4102700
2019-07-02,242.589996,243.990005,239.539993,243.970001,216.42543,3863500
2019-07-03,244.320007,247.520004,244.039993,245.210007,217.525452,2559400
2019-07-05,244.389999,248.759995,244.059998,246.990005,219.104446,2965000
2019-07-08,246.410004,247.979996,244.880005,247.839996,219.858429,1902500
2019-07-09,244.630005,246.080002,243.690002,246,218.226227,2774800
2019-07-10,246.820007,249.110001,245.479996,247.479996,219.539078,2753000
2019-07-11,255.800003,261.690002,249.050003,261.160004,231.674622,10268800
2019-07-12,261.630005,266.519989,261.630005,265.899994,235.879456,5336100
2019-07-15,265.059998,267.649994,264.25,265.959991,235.932709,2611400
2019-07-16,265.329987,267.140015,263.190002,264.660004,234.77948,3121600
2019-07-17,264,268.690002,263.5,266.649994,236.544739,3995200
2019-07-18,265.640015,266.51001,257.26001,260.600006,231.177872,5825800
2019-07-19,261.100006,262.720001,256.399994,256.649994,227.673782,4413200
2019-07-22,258.140015,258.950012,254.529999,255.320007,226.493988,4104300
2019-07-23,254.470001,256.100006,252.020004,255.009995,226.218979,2889300
2019-07-24,252.789993,252.830002,245.130005,251.130005,222.777054,4864000
2019-07-25,251.130005,252.75,248.289993,248.699997,220.621338,3362800
2019-07-26,249.020004,253.880005,246.509995,252.940002,224.382675,3362600
2019-07-29,252.839996,255.300003,252.339996,253.820007,225.163315,2005500
2019-07-30,252.660004,255.059998,250.470001,254.929993,226.14798,1908800
2019-07-31,256.320007,257.160004,248.479996,249.009995,220.896378,3532400
2019-08-01,249.190002,251.580002,247.279999,249.25,221.109268,3613600
2019-08-02,249.690002,251.570007,246.100006,250.050003,221.818939,2677600
2019-08-05,248.130005,249.940002,242.589996,245.059998,217.392365,5812400
2019-08-06,245.929993,248.279999,243.570007,248.279999,220.24881,3533000
2019-08-07,246.270004,247.039993,241.259995,246.449997,218.625427,3205800
2019-08-08,246.190002,247.669998,243.369995,247.619995,219.6633,2830700
2019-08-09,247.720001,250.419998,246.139999,248.630005,220.559265,2535000
2019-08-12,246.789993,247.960007,243.029999,243.199997,215.74231,2667400
2019-08-13,241.679993,250.460007,241.509995,249.220001,221.082703,2763400
2019-08-14,246.729996,248.410004,243.009995,243.199997,215.74231,3464300
2019-08-15,244.350006,245.259995,241.449997,244.25,216.673782,2513500
2019-08-16,245.380005,247.110001,244.179993,245.690002,217.951202,2810000
2019-08-19,247.490005,248.490005,244.089996,244.710007,217.081833,2672300
2019-08-20,244.210007,244.600006,239.919998,240.160004,213.045532,3201300
2019-08-21,240.190002,241.889999,239.300003,240.350006,213.214096,2761900
2019-08-22,240.350006,240.350006,232.669998,232.940002,206.640717,4498200
2019-08-23,232.899994,235.100006,229.380005,230.660004,204.618149,4826600
2019-08-26,232.520004,234.559998,230.460007,231.080002,204.990692,2918300
2019-08-27,231.720001,232.399994,222.600006,222.929993,197.760849,4988100
2019-08-28,222.419998,229.770004,220.779999,227.350006,201.681824,4847600
2019-08-29,228.419998,232.300003,228.009995,230.619995,204.582642,4052500
2019-08-30,233.669998,235.050003,232.289993,234,207.580994,3384100
2019-09-03,231.740005,232.169998,228.470001,230.619995,204.582642,3382300
2019-09-04,231.949997,232.949997,226.5,226.729996,201.131805,4526100
2019-09-05,230,231.509995,227.580002,229.589996,203.668945,4256900
2019-09-06,230.169998,231.960007,228.589996,229,203.145538,4183200
2019-09-09,229,232,228.559998,230.679993,204.63588,3895600
2019-09-10,231.449997,234.289993,230.830002,232.460007,206.214935,4257600
2019-09-11,232.490005,234.25,228.580002,234.210007,207.767365,3168100
2019-09-12,235,236.399994,229.699997,230.100006,204.121368,4713700
2019-09-13,232.990005,236.559998,231.539993,233.610001,208.212311,4523200
2019-09-16,232.820007,236.050003,232.149994,234.429993,208.943115,2973600
2019-09-17,233.070007,233.990005,231.169998,232.520004,207.240845,2392900
2019-09-18,230.800003,233.130005,229.229996,230.610001,205.538513,2960500
2019-09-19,232,233.949997,231.229996,232.850006,207.534958,2666700
2019-09-20,234.770004,235,231.919998,232.889999,207.570572,6220100
2019-09-23,229.770004,230.779999,228.320007,228.770004,203.898544,3281200
2019-09-24,229.380005,229.839996,222.919998,225,200.538422,5006800
2019-09-25,224.279999,226.5,222.130005,222.169998,198.016083,4658000
2019-09-26,223.039993,223.630005,213.429993,215.479996,192.053421,10444400
2019-09-27,218.179993,218.880005,215.020004,215.259995,191.857315,4834900
2019-09-30,213.639999,218.529999,213.119995,217.320007,193.693359,5286300
2019-10-01,219.190002,219.190002,212.080002,217.210007,193.595322,5523600
2019-10-02,216.149994,219.360001,215.279999,216.75,193.185303,4921200
2019-10-03,215.630005,216.360001,213.050003,215.360001,191.946426,3375800
2019-10-04,216.839996,219.860001,215.139999,219.800003,195.903778,3700500
2019-10-07,219.050003,222.529999,218.990005,221.240005,197.187164,3843200
2019-10-08,219.490005,221.979996,218.399994,220.110001,196.180023,4817000
2019-10-09,221.710007,223.470001,220.169998,222.080002,197.935852,4483100
2019-10-10,218.190002,224.130005,217.520004,223.729996,199.406464,5252200
2019-10-11,225.539993,228.850006,221.589996,222.070007,197.926987,5891600
2019-10-14,221.630005,223.339996,219.899994,220.589996,196.607788,4075300
2019-10-15,232.690002,239.839996,231.089996,238.589996,212.650925,13397700
2019-10-16,236.289993,237.479996,234.080002,236.990005,211.224884,5368600
2019-10-17,238.690002,244.610001,237.270004,243.669998,217.178635,6301200
2019-10-18,244.449997,246.410004,241.759995,245.339996,218.667068,4922100
2019-10-21,245.020004,245.600006,242.149994,243.919998,217.401413,3029200
2019-10-22,243.639999,251.5,243.149994,249.479996,222.356979,5660800
2019-10-23,248.389999,251.75,246.729996,247.800003,220.85965,3706600
2019-10-24,248.029999,248.490005,243.910004,244.509995,217.927338,2546900
2019-10-25,243.910004,246.080002,242.149994,244.910004,218.283829,2815100
2019-10-28,245.259995,248.389999,244.919998,247.050003,220.191193,2957100
2019-10-29,247.039993,253.199997,246.309998,252.289993,224.861481,3528900
2019-10-30,252.169998,255.279999,251.979996,254.800003,227.098602,3299600
2019-10-31,254.380005,255.720001,249.910004,252.699997,225.226898,3960400
2019-11-01,253.990005,256.329987,252.160004,252.210007,224.790161,2919600
2019-11-04,253.630005,253.830002,249.910004,251.25,223.934525,3186400
2019-11-05,253.740005,254.270004,250.089996,250.300003,223.08783,5393400
2019-11-06,249.710007,251.990005,249.089996,250.520004,223.28392,3668600
2019-11-07,251.949997,256.75,251.259995,256.459991,228.578079,3646300
2019-11-08,256.769989,258.339996,255,256.970001,229.032669,2200300
2019-11-11,255.050003,256.459991,253.330002,254.089996,226.465775,1765600
2019-11-12,253.589996,255.759995,253.410004,255.25,227.499664,1892500
2019-11-13,254.869995,256.880005,253.190002,253.570007,226.00235,3289800
2019-11-14,253.800003,256.079987,253.470001,255.830002,228.016602,2101900
2019-11-15,256.109985,275.570007,255.360001,269.399994,240.111328,10136000
2019-11-18,269,278.450012,269,272.929993,243.257584,6985200
2019-11-19,275.23999,275.359985,271.549988,274.230011,244.416229,4002000
2019-11-20,272.25,276.029999,271.23999,275.559998,245.601654,4141600
2019-11-21,275.220001,277.679993,273.910004,276.549988,246.484009,3309900
2019-11-22,276.529999,277.769989,275,276.839996,246.742447,2802700
2019-11-25,277.779999,283,277.01001,282.670013,251.938599,4082900
2019-11-26,280.709991,282.25,280.160004,281.399994,250.806717,2998600
2019-11-27,281.01001,281.929993,278.690002,280.670013,250.156036,2323900
2019-11-29,278.100006,280.920013,277.329987,279.869995,249.443054,1520900
2019-12-02,281.779999,282,278.570007,279.660004,249.255814,2517100
2019-12-03,276.970001,278.420013,273.850006,276.899994,246.795929,3239200
2019-12-04,281.619995,281.839996,278.640015,279.320007,248.95285,2694200
2019-12-05,279.23999,282.820007,277.480011,282,251.3414,3357300
2019-12-06,282.839996,283.040009,279.109985,280.190002,250.688232,2828900
2019-12-09,280.769989,280.869995,277.420013,277.540009,248.317368,2697100
2019-12-10,277.600006,279.600006,274.01001,279.519989,250.088837,2515300
2019-12-11,278.299988,280.660004,278.029999,280.5,250.965622,2751300
2019-12-12,281.029999,283.98999,280.040009,283.609985,253.748154,2996200
2019-12-13,284.970001,287.809998,284.119995,285.480011,255.42128,3599300
2019-12-16,287.970001,295.440002,287.059998,292.029999,261.281555,4663600
2019-12-17,291.23999,292.779999,289.170013,290.470001,259.885895,4409100
2019-12-18,291,294.859985,290.98999,292.899994,262.060059,3621600
2019-12-19,295,297.200012,293.619995,294.619995,263.598999,2905900
2019-12-20,298.899994,300,292.51001,292.589996,261.782654,6608300
2019-12-23,293.429993,295.850006,292.809998,295.089996,264.019409,2098900
2019-12-24,295.26001,295.829987,293.559998,294.540009,263.527405,714000
2019-12-26,295.299988,296.26001,294.540009,295.649994,264.520416,1050600
2019-12-27,296.01001,296.540009,295.01001,295.970001,264.806763,1547100
2019-12-30,296.049988,296.540009,293.450012,293.850006,262.910065,1511700
2019-12-31,293.660004,294.089996,291.149994,293.980011,263.026367,2224200
2020-01-02,293.980011,295.700012,289.790009,292.5,261.702148,2543400
2020-01-03,287.269989,291.880005,284.359985,289.540009,259.053802,2711400
2020-01-06,288,291.660004,287.220001,291.549988,260.852234,3079100
2020-01-07,290.700012,291.48999,287.579987,289.790009,259.277557,2492900
2020-01-08,291.5,297.380005,290.040009,295.899994,264.74411,3379200
2020-01-09,294.290009,297.200012,293.720001,294.220001,263.241028,2838200
2020-01-10,296.070007,296.070007,292.209991,295.130005,264.055237,2477900
2020-01-13,294.369995,294.450012,285.019989,285.850006,255.752396,6994900
2020-01-14,285.600006,288.23999,284.25,288.23999,257.890747,6056300
2020-01-15,289.019989,299.640015,289,296.410004,265.200409,6081300
2020-01-16,298,300.98999,295.929993,300.73999,269.074585,3710300
2020-01-17,300.01001,300.700012,295.880005,298.470001,267.04364,4632200
2020-01-21,296.890015,302.540009,296.01001,300.529999,268.886688,4962800
2020-01-22,301.98999,302.130005,297.350006,300.589996,268.940338,3117600
2020-01-23,300.01001,300.579987,296.649994,299.459991,267.929321,3169600
2020-01-24,298.339996,299.929993,291.559998,292.809998,261.979584,3678500
2020-01-27,288,288.079987,280.070007,284.089996,254.177734,4399400
2020-01-28,283.910004,288.369995,283.299988,285.869995,255.770325,4341000
2020-01-29,284,286.190002,280.890015,282.899994,253.112961,3963800
2020-01-30,281.839996,281.839996,275.920013,280.980011,251.395172,4211800
2020-01-31,278.170013,278.779999,271.179993,272.450012,243.763306,5532600
2020-02-03,275.130005,276.850006,270.820007,274.019989,245.167984,5646800
2020-02-04,277.279999,283.5,276.880005,280.839996,251.269913,4290200
2020-02-05,285.600006,297,285.440002,295.730011,264.592194,5761000
2020-02-06,297,297.269989,290,292.459991,261.666321,3044000
2020-02-07,292.869995,293.390015,288.910004,289.220001,258.767548,3425900
2020-02-10,286.230011,289.290009,285.450012,287.029999,256.808105,3147400
2020-02-11,286.850006,291.570007,285.899994,290.790009,260.172211,2992200
2020-02-12,295,305,294.01001,303.480011,271.526062,6701900
2020-02-13,300.140015,305.899994,300.140015,302.200012,270.380798,3565500
2020-02-14,302.209991,303.970001,297.309998,298.779999,267.321014,2485600
2020-02-18,299.670013,303.350006,299,302.140015,270.327148,3241700
2020-02-19,303.369995,306.709991,302.730011,305.309998,273.163361,3021100
2020-02-20,303.200012,304.160004,297.890015,302.130005,270.318237,2885500
2020-02-21,300.470001,302.51001,298.609985,301.429993,269.691956,2987100
2020-02-24,286.890015,288.98999,277.640015,277.790009,248.541016,8790600
2020-02-25,280.149994,281.980011,262.01001,263.390015,235.657196,8171200
2020-02-26,264.720001,269.829987,258.709991,263,235.308304,6806600
2020-02-27,258.420013,262.149994,252.070007,253.919998,227.184341,7604300
2020-02-28,246.199997,257.100006,245.300003,254.960007,228.114838,9961000
2020-03-02,257.339996,273.23999,250.320007,273.109985,244.353775,8866300
2020-03-03,275.350006,280.350006,259.230011,261.399994,233.87674,9188100
2020-03-04,290,295.839996,282.209991,289.420013,258.946472,14533000
2020-03-05,281.600006,289.420013,279.940002,282.959991,253.166656,5908400
2020-03-06,275.420013,284.970001,271.899994,283.869995,253.980804,5361900
2020-03-09,264.459991,281.440002,259.23999,273.440002,244.648987,8070700
2020-03-10,279.720001,283.899994,272.5,280,250.51828,7366000
2020-03-11,274.76001,285.23999,273.26001,277.779999,248.532104,7744600
2020-03-12,260,272.230011,250,250.410004,224.0439,10496600
2020-03-13,260.98999,273.220001,242.270004,272.040009,244.450745,9308400
2020-03-16,243.919998,245.679993,223.949997,225.039993,202.217239,10303500
2020-03-17,230.820007,248.759995,228.289993,244.220001,219.452148,9642200
2020-03-18,225.75,231.449997,200.190002,217.059998,195.0466,12917500
2020-03-19,216.979996,226.119995,208.940002,219.800003,197.508728,8065200
2020-03-20,223.179993,232.639999,203.460007,206.589996,185.638428,9364100
2020-03-23,202.039993,205.75,187.720001,194.860001,175.098038,10654500
2020-03-24,202.139999,220.270004,199,219.800003,197.508728,8894400
2020-03-25,219.089996,247.509995,216,234.490005,210.708923,10014000
2020-03-26,234.029999,257.959991,232.300003,255.389999,229.489334,7517600
2020-03-27,242.940002,251.600006,238.240005,242.449997,217.861649,4879500
2020-03-30,242.639999,254.089996,242.639999,251.279999,225.796143,5329000
2020-03-31,243.479996,254.529999,243,249.380005,224.088882,5450000
2020-04-01,238.690002,246.610001,235.440002,237.320007,213.251923,4548800
2020-04-02,235.300003,242,226.029999,240.440002,216.055496,4636800
2020-04-03,238.320007,239.339996,227.270004,229.490005,206.216049,4650300
2020-04-06,240,249.289993,235.119995,248.339996,223.154327,6365900
2020-04-07,259.809998,266.709991,246.539993,248.039993,222.884705,4984100
2020-04-08,247.690002,269.160004,246.259995,267.829987,240.667648,6390200
2020-04-09,265,270.399994,261.600006,264.130005,237.342941,4923300
2020-04-13,262.059998,264.959991,258.179993,263.51001,236.785812,2964900
2020-04-14,269,273.070007,267,270.5,243.066956,4778900
2020-04-15,276.329987,282.98999,270.679993,281.679993,253.113113,7841800
2020-04-16,283.440002,300,280.01001,298.429993,268.164307,7738900
2020-04-17,300.98999,304,287.100006,290.559998,261.092438,5857500
2020-04-20,285.299988,289.01001,281.269989,282.140015,253.526443,4072600
2020-04-21,274.950012,280,273.25,274.190002,246.38266,3977500
2020-04-22,279.579987,283.820007,276.709991,277.019989,248.925705,3663300
2020-04-23,279.059998,288.459991,278.540009,285.329987,256.392883,4420500
2020-04-24,287.290009,291.899994,284,291.290009,261.748505,3265000
2020-04-27,293.209991,296.859985,290.630005,293.980011,264.165649,3706200
2020-04-28,298,298.25,285.619995,288.359985,259.115509,3862900
2020-04-29,292,292.75,286.100006,287.649994,258.4776,4258400
2020-04-30,286.649994,295,285.519989,292.470001,262.808746,7631700
2020-05-01,288.390015,289,279.600006,284.51001,255.656021,3526100
2020-05-04,284.48999,287.940002,282.109985,287.540009,258.378784,2894200
2020-05-05,289.959991,296,287.290009,293.040009,263.321045,2501300
2020-05-06,295.100006,297.679993,288.440002,288.769989,259.484039,2579200
2020-05-07,291.059998,292.290009,284.519989,285,256.096375,3162300
2020-05-08,289.48999,290,285.660004,287,257.893555,3200000
2020-05-11,285.559998,290.100006,285.26001,288.690002,259.412201,3490700
2020-05-12,291.769989,293.149994,287.700012,287.700012,258.522552,4214300
2020-05-13,284.48999,286.399994,275.559998,278,249.806335,5474100
2020-05-14,275.929993,292.450012,275.640015,290.609985,261.137512,5704600
2020-05-15,292.410004,300,290.720001,290.959991,261.451904,12182800
2020-05-18,298.480011,299.720001,292.019989,293.359985,263.608521,4015100
2020-05-19,290.73999,294.630005,288.880005,289.049988,259.735626,3059400
2020-05-20,292.899994,292.899994,286.700012,287.98999,258.783173,3200600
2020-05-21,286.040009,290.130005,284.929993,286.910004,257.812683,3604900
2020-05-22,287.299988,290.23999,284.790009,289.940002,260.535431,2922800
2020-05-26,296.5,297.029999,292.5,294.890015,264.983398,4567800
2020-05-27,297.420013,303.799988,290.799988,303.769989,272.962738,5618900
2020-05-28,305.950012,309.660004,303.290009,303.970001,273.142456,4387700
2020-05-29,304.720001,308.369995,300.850006,304.850006,273.933289,6251500
2020-06-01,304.019989,305.980011,300.559998,305.929993,274.903687,2894000
2020-06-02,305.579987,308.100006,301.730011,306.309998,275.245178,2756800
2020-06-03,307.850006,310.119995,302.73999,305.350006,274.38266,4360000
2020-06-04,303.179993,304.470001,294.290009,298.079987,267.849792,4374300
2020-06-05,304,314.279999,300.5,311.850006,280.223419,5554300
2020-06-08,308.640015,315.839996,307.929993,309.480011,278.09375,4635500
2020-06-09,309.899994,312.649994,307.329987,309.209991,277.851135,3061500
2020-06-10,308.940002,310.309998,302.859985,305.75,274.742035,3296100
2020-06-11,303.359985,303.359985,280.799988,283.730011,254.955185,6638900
2020-06-12,290.649994,294.100006,278.700012,285.149994,256.23114,5416800
2020-06-15,278.019989,287,273.709991,286.279999,257.246521,4494600
2020-06-16,295.440002,297.570007,287.440002,293,263.285065,4245400
2020-06-17,295.100006,295.100006,291.230011,292.600006,262.925598,2538000
2020-06-18,290.429993,291.779999,286.600006,291.480011,261.919159,2926600
2020-06-19,294.429993,296.519989,290.910004,291.23999,262.83075,5172800
2020-06-22,289.790009,293,286.26001,292.670013,264.121277,2174100
2020-06-23,294.01001,299.279999,291.070007,297.600006,268.570343,4023400
2020-06-24,293.98999,297.100006,285.570007,289.179993,260.971649,3399900
2020-06-25,288.279999,296.779999,286.059998,296.220001,267.32489,3112500
2020-06-26,295.140015,296.579987,285.820007,286.880005,258.895996,5043200
2020-06-29,288.450012,292.279999,286.619995,289.76001,261.495117,2356700
2020-06-30,288.570007,296.450012,287.660004,294.950012,266.178802,2932900
2020-07-01,295.829987,300.399994,295.23999,297.730011,268.687561,2303800
2020-07-02,300.5,303.079987,297.179993,298.26001,269.165955,1971700
2020-07-06,303,303.48999,299.329987,302.809998,273.272034,2395000
2020-07-07,300.660004,303.559998,295.950012,296.649994,267.713013,2075700
2020-07-08,297.350006,300.869995,295.679993,298.359985,269.256134,1987400
2020-07-09,295.100006,298.549988,287.5,291.160004,262.758545,3061700
2020-07-10,294.23999,294.23999,287.100006,291.230011,262.821686,2391600
2020-07-13,292.089996,304.519989,291.769989,299.709991,270.474457,4263300
2020-07-14,297.809998,309.73999,296.709991,308.519989,278.425079,4234900
2020-07-15,301.119995,310.690002,298.660004,304.070007,274.40921,5116900
2020-07-16,305.01001,310.850006,303.160004,307.149994,277.18869,3844500
2020-07-17,309.089996,310.970001,306.25,306.529999,276.62915,3016500
2020-07-20,306.790009,308.600006,302.380005,303.459991,273.858643,2375500
2020-07-21,305.029999,307,303.109985,305.109985,275.347656,2340200
2020-07-22,304.859985,306.910004,301.809998,306.709991,276.791687,1935800
2020-07-23,308.200012,308.5,301.269989,302.970001,273.416443,2367700
2020-07-24,303.329987,304.279999,299.230011,300.790009,271.449188,2415700
2020-07-27,298.429993,302.130005,297.369995,298.600006,269.472748,2060500
2020-07-28,297.890015,301.399994,297.209991,299.929993,270.672974,2257400
2020-07-29,301.459991,309.75,300,306.679993,276.764465,2672700
2020-07-30,301.679993,306.459991,298.890015,305.230011,275.456024,2205300
2020-07-31,303.440002,303.73999,298.049988,302.779999,273.244965,3913500
2020-08-03,303.589996,304.910004,299.200012,303.609985,273.994019,2628500
2020-08-04,301.910004,308.859985,300.070007,304.5,274.797302,3594900
2020-08-05,306.829987,312.959991,305.019989,312.470001,281.989838,2982200
2020-08-06,312,316.23999,310.399994,314.059998,283.424713,3305300
2020-08-07,313.339996,319,313.339996,317.029999,286.105042,2600800
2020-08-10,317,320.470001,315.579987,319.100006,287.973083,2563600
2020-08-11,322.920013,324.570007,314.660004,315.549988,284.769348,3018200
2020-08-12,318,323.290009,317.640015,322.269989,290.833771,2915800
2020-08-13,320.679993,321.869995,317.839996,321.519989,290.157013,2159500
2020-08-14,320.540009,323.929993,318.730011,323.700012,292.124329,1787200
2020-08-17,321.450012,323.799988,319.350006,320.51001,289.245453,2772500
2020-08-18,321.980011,322.670013,315.709991,316.809998,285.906464,2520000
2020-08-19,316.769989,319.48999,315.179993,315.399994,284.63385,2066700
2020-08-20,314.829987,315.279999,312.01001,313.329987,282.765961,2245600
2020-08-21,311.279999,315.279999,310.089996,314.140015,283.496918,2488500
2020-08-24,316.809998,316.899994,306.48999,308.839996,278.713837,2922200
2020-08-25,312.200012,312.359985,307.799988,312.220001,281.76413,1879300
2020-08-26,310.980011,311.359985,303.609985,308.820007,278.69577,3178900
2020-08-27,310.410004,314.769989,305.48999,311.670013,281.267853,2321000
2020-08-28,312.339996,315.820007,308.970001,314.369995,283.704498,2883500
2020-08-31,314.890015,319.559998,312.540009,312.549988,282.061951,4341600
2020-09-01,310.160004,314.720001,310,312.829987,282.314697,2487100
2020-09-02,312.559998,321.279999,312.559998,320.23999,289.001831,2846500
2020-09-03,322,323.820007,313.730011,316.230011,285.382935,3872500
2020-09-04,316.480011,317.829987,306.630005,312,281.565643,2901000
2020-09-08,311.029999,311.459991,303.829987,307.25,277.278992,2594500
2020-09-09,309.679993,315.320007,308.420013,312.019989,281.583679,2195600
2020-09-10,312.730011,314.440002,303.720001,304.600006,274.887482,2421200
2020-09-11,305.070007,306.459991,297.290009,301.480011,273.192902,3085900
2020-09-14,303.01001,311.119995,303.01001,308.570007,279.617676,1795500
2020-09-15,310.049988,311.459991,306.049988,307.230011,278.403412,1468300
2020-09-16,309.070007,312.25,306.200012,306.519989,277.759949,3438200
2020-09-17,304.5,307.380005,302.109985,304.980011,276.364502,2394100
2020-09-18,305.01001,310.390015,303.769989,308.019989,279.119171,3795400
2020-09-21,300.470001,300.529999,291.660004,299.190002,271.117737,4124700
2020-09-22,298.440002,300.619995,292.920013,294.26001,266.65033,3163600
2020-09-23,295,296.100006,291.829987,292.140015,264.729248,3709900
2020-09-24,292.190002,294.929993,289.640015,292.660004,265.200439,2869100
2020-09-25,291.25,303.269989,291.220001,302.5,274.117218,2455800
2020-09-28,306.390015,310.01001,302.829987,303.230011,274.778687,2575700
2020-09-29,303.670013,305.5,300.679993,304.149994,275.612305,1797800
2020-09-30,304.019989,314.519989,303.98999,311.769989,282.517426,3497300
2020-10-01,312.910004,315.170013,309.149994,313.070007,283.695526,2731200
2020-10-02,312.100006,317.390015,308.359985,311.980011,282.707703,2338000
2020-10-05,315.070007,318.420013,313.119995,318.149994,288.298828,1638600
2020-10-06,318.950012,320.299988,313.48999,314.450012,284.945984,2434400
2020-10-07,315.820007,324.73999,315.820007,323.170013,292.847839,2596600
2020-10-08,323.429993,325.350006,320.98999,322.410004,292.159088,2056700
2020-10-09,324.660004,328.170013,323.920013,327.839996,297.079681,2028900
2020-10-12,329.119995,333.559998,329.01001,329.970001,299.009827,2424200
2020-10-13,328.5,333.700012,327.709991,331.420013,300.32373,2713500
2020-10-14,322.070007,330.570007,320.200012,321.850006,291.651642,4455400
2020-10-15,318.850006,326.970001,316.329987,324.570007,294.116455,3172200
2020-10-16,325.459991,332.350006,324.730011,329.899994,298.94635,3293300
2020-10-19,328.540009,330.779999,322.059998,324.220001,293.799316,2482100
2020-10-20,326.619995,328.619995,323.279999,323.410004,293.065216,1988600
2020-10-21,323.410004,326.48999,322.179993,322.790009,292.503418,2139000
2020-10-22,322.320007,328.059998,322.25,325.730011,295.167603,2100600
2020-10-23,329.160004,335.649994,328.130005,330.600006,299.580658,2349500
2020-10-26,326.320007,327.75,318.540009,323.059998,292.748169,2408500
2020-10-27,323.059998,323.5,319.429993,320.51001,290.437378,2427700
2020-10-28,313.329987,317.809998,307.440002,308,279.101227,3301400
2020-10-29,306.589996,309.480011,301.459991,303.679993,275.186462,3279200
2020-10-30,303.230011,307.170013,299.600006,305.140015,276.509491,3556800
2020-11-02,312.640015,312.640015,307.359985,312.100006,282.816437,4519000
2020-11-03,317.470001,326.440002,315.019989,321.350006,291.198547,4043900
2020-11-04,345.230011,360.440002,341.140015,354.559998,321.292511,10344900
2020-11-05,358.070007,360.980011,349.679993,354.399994,321.147552,4786500
2020-11-06,350.359985,352,344.570007,347.459991,314.858826,2994900
2020-11-09,366.309998,367.950012,348.980011,350,317.1604,4635300
2020-11-10,349.48999,355.899994,348.170013,353.690002,320.504181,3733200
2020-11-11,356.160004,356.809998,349.410004,351.700012,318.700836,2048200
2020-11-12,351.399994,360.519989,349.75,354.410004,321.156616,2907300
2020-11-13,356.859985,357.940002,352.790009,355.670013,322.298431,2442100
2020-11-16,358.950012,359.579987,351.01001,356.820007,323.340485,2790100
2020-11-17,352.390015,353.359985,347.5,352.100006,319.063385,2557600
2020-11-18,353.429993,354.049988,343.089996,344.51001,312.185608,2722500
2020-11-19,342.290009,343.070007,334.329987,337,305.380249,3935600
2020-11-20,335,337.660004,331.709991,334.700012,303.296051,3702000
2020-11-23,335.549988,336.26001,331.589996,335.059998,303.622101,2535700
2020-11-24,336.179993,340,334.429993,336.01001,304.483093,3759700
2020-11-25,338.820007,338.820007,329.140015,333.190002,301.927612,3145100
2020-11-27,333.529999,338.899994,331.839996,337.940002,306.231903,1558600
2020-11-30,335.109985,337.940002,330.290009,336.339996,304.782074,5265700
2020-12-01,344.769989,354.100006,339.929993,341.190002,309.177002,3817700
2020-12-02,341.769989,351.829987,341.5,347.559998,314.949371,2864300
2020-12-03,347.899994,352.769989,346.48999,348.679993,315.964294,4169200
2020-12-04,346,351.470001,345.75,349.890015,318.201508,3255100
2020-12-07,348.720001,349.890015,345.220001,347.859985,316.355286,2999400
2020-12-08,344.75,349.899994,344.079987,347.859985,316.355286,2471200
2020-12-09,348.890015,349.410004,341.609985,344.410004,313.217682,2600400
2020-12-10,345.160004,345.459991,339.26001,339.649994,308.888916,2896900
2020-12-11,338.130005,338.880005,334.329987,337.070007,306.542603,3071700
2020-12-14,340.029999,343.230011,335.859985,336.130005,305.687653,2479000
2020-12-15,339.140015,341.01001,337.040009,339.670013,308.907043,2616500
2020-12-16,336.829987,341.660004,334.26001,339.339996,308.606903,2365600
2020-12-17,339.809998,342.600006,337.309998,341.670013,310.725983,2525700
2020-12-18,342.519989,342.609985,334,338.380005,307.734039,8742700
2020-12-21,332.070007,336.950012,329.399994,336.079987,305.642242,2892700
2020-12-22,335.160004,336.980011,333.470001,335.01001,304.669159,2069700
2020-12-23,336.48999,341.649994,336.029999,337.589996,307.015442,2348100
2020-12-24,336.440002,341.410004,336.440002,340.790009,309.925659,1360600
2020-12-28,343.209991,347.790009,343.059998,345.950012,314.618225,2308200
2020-12-29,347.98999,351.290009,345,347.350006,315.891541,2275700
2020-12-30,347.079987,349.01001,344.470001,344.98999,313.745239,1866000
2020-12-31,345.040009,351.089996,344.049988,350.679993,318.919922,1969000
2021-01-04,351.450012,352.079987,340.380005,349.5,317.846802,4203800
2021-01-05,348.690002,351.359985,344.480011,344.799988,313.572418,3160500
2021-01-06,337.109985,359.48999,335.109985,359.269989,326.731934,6561400
2021-01-07,358.540009,366.450012,357.920013,365.029999,331.970276,3366700
2021-01-08,367,367.48999,358.76001,363.390015,330.47876,2947800
2021-01-11,362.619995,364.290009,359.190002,360.75,328.077789,2695100
2021-01-12,357.940002,360.079987,355.230011,357.369995,325.003967,2372500
2021-01-13,356.040009,356.809998,351.230011,355.040009,322.88504,1974500
2021-01-14,356.850006,358.809998,350.420013,350.529999,318.783508,2919900
2021-01-15,349.119995,353.049988,345.73999,351.299988,319.483765,3777000
2021-01-19,356.209991,356.959991,351.559998,352.190002,320.293091,3361300
2021-01-20,351.880005,352.079987,345.829987,350.839996,319.06543,3036800
2021-01-21,350.809998,360.890015,350.73999,355,322.848602,3749800
2021-01-22,353.309998,354.619995,347.540009,347.549988,316.073425,2585100
2021-01-25,347.149994,350.390015,344.600006,347.809998,316.309845,2506300
2021-01-26,350.51001,351.51001,342.570007,343.109985,312.035522,2467500
2021-01-27,337.040009,338,329.01001,332.98999,302.83197,4770900
2021-01-28,336.640015,346.579987,334.51001,338.149994,307.52475,2769900
2021-01-29,336.529999,339.019989,330.630005,333.579987,303.368652,3899200
2021-02-01,335.029999,338.149994,332.73999,334,303.75058,3020200
2021-02-02,337.100006,344.640015,337.100006,338.720001,308.04306,2663700
2021-02-03,338,340.160004,334.600006,337.890015,307.288269,2537100
2021-02-04,332.320007,335.290009,328.390015,329.320007,299.494415,5962200
2021-02-05,332.109985,333.480011,323.480011,324.51001,295.120026,7227900
2021-02-08,327.01001,327.019989,323.809998,324.339996,294.965454,4758200
2021-02-09,323.899994,331.040009,321.709991,329.630005,299.776337,4096900
2021-02-10,332.660004,335.76001,329.769989,333.399994,303.204895,4122700
2021-02-11,335,336.649994,331.5,333.070007,302.904816,2776700
2021-02-12,331.679993,332.399994,327.880005,328.23999,298.512238,2760800
2021-02-16,327.359985,329.839996,322.480011,324.619995,295.220123,4339000
2021-02-17,323.459991,328.600006,322.23999,326.859985,297.257172,2620000
2021-02-18,325.899994,329.579987,325.200012,328.410004,298.666809,2383500
2021-02-19,328.75,328.850006,324.109985,324.579987,295.183655,2313800
2021-02-22,321.5,329.049988,320.350006,327.640015,297.966553,2688300
2021-02-23,329.98999,333.940002,326.640015,329.51001,299.667206,3225700
2021-02-24,328.48999,333.600006,326.040009,332.209991,302.122681,3360500
2021-02-25,331,333.600006,327.359985,328.869995,299.085114,2780100
2021-02-26,330.549988,337.910004,329.850006,332.220001,302.131805,5430000
2021-03-01,334.359985,338.910004,333.679993,334.649994,304.341705,4198900
2021-03-02,335,337.670013,333.890015,334.640015,304.332703,2568900
2021-03-03,333.320007,338.160004,332.779999,332.869995,302.7229,3039700
2021-03-04,334.170013,340.839996,332.670013,333.809998,303.577728,4991600
2021-03-05,335.029999,348.290009,335.019989,347.100006,315.664185,4563100
2021-03-08,347.01001,354,345.600006,350.170013,318.456116,3419900
2021-03-09,352.920013,361.25,351.339996,351.980011,320.102203,4277600
2021-03-10,353.910004,354.480011,348.5,349.600006,317.937714,3012300
2021-03-11,350.76001,355.970001,349.869995,353.100006,321.120728,2520500
2021-03-12,353.170013,356.820007,351.98999,356.019989,324.926544,2088700
2021-03-15,356.920013,357.940002,351.549988,353.880005,322.973511,2343400
2021-03-16,353.529999,355.359985,351.910004,354.600006,323.630585,2904200
2021-03-17,355.170013,358.070007,351.829987,352.179993,321.421936,2633100
2021-03-18,352.869995,364.320007,352.339996,362.049988,330.42984,3311600
2021-03-19,361.920013,370.459991,359.01001,365.579987,333.651581,8572900
2021-03-22,365,368.579987,360.109985,366.859985,334.819824,3505200
2021-03-23,368.850006,371.540009,367.220001,368.5,336.316559,3100100
2021-03-24,366.049988,373.799988,365.51001,370.600006,338.233215,3407800
2021-03-25,370.600006,372.109985,363.390015,371.089996,338.680359,3021500
2021-03-26,371.679993,377.059998,370.290009,376.480011,343.599609,2959800
2021-03-29,376.359985,380.5,374.98999,379.059998,345.954254,2740400
2021-03-30,377.549988,379.880005,371.799988,373.559998,340.934662,3066000
2021-03-31,372.799988,377,371.799988,372.070007,339.574829,3356500
2021-04-01,372.200012,372.690002,365.76001,367.070007,335.011505,2977700
2021-04-05,369.619995,372.630005,367.640015,370.179993,337.849884,2709400
2021-04-06,368.779999,369.790009,362.720001,364.369995,332.547241,2698600
2021-04-07,364.190002,365.880005,360.549988,365.640015,333.706299,2158900
2021-04-08,363.109985,366.910004,363.109985,364.890015,333.021881,2426700
2021-04-09,368.350006,376.609985,367,376.299988,343.435394,2483200
2021-04-12,374.480011,379.829987,374.029999,376.279999,343.417206,3057300
2021-04-13,376.25,379.309998,374.329987,374.5,341.792603,2652300
2021-04-14,375.339996,378.01001,374.579987,375.630005,342.823914,2805600
2021-04-15,380,392.359985,380,390.01001,355.948029,4488300
2021-04-16,393.920013,393.920013,385.459991,391.01001,356.860657,4532400
2021-04-19,390,393.390015,388.470001,389.839996,355.792847,2965400
2021-04-20,389.859985,397.880005,389.420013,396.529999,361.89859,3348100
2021-04-21,398.859985,401.480011,395.440002,398.809998,363.979492,2473300
2021-04-22,398.440002,398.76001,393.190002,396.540009,361.907684,2718600
2021-04-23,395.619995,401.98999,394.5,400.309998,365.348389,2263200
2021-04-26,399.809998,400,395.209991,395.859985,361.287048,1642300
2021-04-27,394.660004,396.329987,392.299988,394.5,360.045776,1758500
2021-04-28,395.179993,396.98999,393.299988,394.589996,360.12796,1886500
2021-04-29,396.75,402.160004,396.299988,401.549988,366.480072,1996500
2021-04-30,401,401.859985,398.350006,398.799988,363.970306,2328100
2021-05-03,401,406.769989,400.529999,405.899994,370.450165,2568500
2021-05-04,405.480011,412.470001,403.5,411.339996,375.41507,3237200
2021-05-05,410.5,412.75,406.799988,412.5,376.473785,2767600
2021-05-06,413,416.850006,412.559998,414.970001,378.728058,3058700
2021-05-07,415,419.019989,414.070007,417.649994,381.174042,1851000
2021-05-10,419.269989,425.980011,418.220001,420.890015,384.131042,2489300
2021-05-11,421,422.290009,410.609985,411.700012,375.743622,3024000
2021-05-12,409.290009,410.850006,404.679993,405.369995,369.966492,2888100
2021-05-13,406.279999,413.179993,404.320007,408.559998,372.87793,2637500
2021-05-14,410.98999,412.589996,408.5,409.799988,374.009644,2072900
2021-05-17,409.309998,412.51001,408.570007,408.630005,372.941772,1583900
2021-05-18,409.690002,412.959991,406.269989,410.380005,374.53894,2694800
2021-05-19,409.48999,410.720001,404.25,409.5,373.735809,2783100
2021-05-20,409.529999,413.829987,408.320007,408.640015,372.950989,2105800
2021-05-21,410.76001,418.630005,409.459991,411.630005,375.679779,4295400
2021-05-24,412.369995,413.899994,409.920013,410.950012,375.059235,1883600
2021-05-25,411.850006,413.859985,408.890015,413.049988,376.975708,2285600
2021-05-26,412.100006,415.299988,411.01001,413.209991,377.121796,1903900
2021-05-27,414.920013,415.109985,410.380005,412.700012,376.656342,2041800
2021-05-28,412.700012,415.470001,410.019989,411.920013,375.944489,2367900
2021-06-01,413.730011,413.730011,406.160004,406.720001,371.198639,2199600
2021-06-02,409.140015,409.140015,404.549988,405.850006,370.404633,2232900
2021-06-03,403.5,409.76001,402.839996,407.959991,372.330292,2281200
2021-06-04,410.959991,411,404.649994,405.640015,370.212982,2990900
2021-06-07,406.959991,407.209991,398.690002,400.25,365.29364,3353800
2021-06-08,400.720001,402.75,398.75,401.73999,366.653534,3051300
2021-06-09,403.329987,405.779999,400.529999,401.100006,366.069427,1925700
2021-06-10,401.910004,402.850006,398.470001,401.48999,366.425385,4033600
2021-06-11,403.350006,403.359985,394.779999,397.890015,363.139771,3094300
2021-06-14,397.299988,399.470001,395.130005,399.160004,364.298828,2674900
2021-06-15,399.959991,401.5,396.470001,400.279999,365.321075,2845800
2021-06-16,401.100006,403.149994,396.670013,397.25,362.555725,3330800
2021-06-17,396,398.070007,394.609985,397.350006,362.646973,3532000
2021-06-18,387.279999,392.660004,387.25,389.369995,356.665405,5521400
2021-06-21,389.369995,399.200012,389.220001,398.070007,364.634766,3839300
2021-06-22,400.609985,400.649994,397.820007,398.690002,365.202606,3964600
2021-06-23,397.820007,399,395.269989,395.559998,362.33548,2942100
2021-06-24,398.320007,402.160004,396.839996,398.869995,365.367462,3309100
2021-06-25,400.100006,409.980011,399.019989,404.950012,370.936768,16928900
2021-06-28,404.950012,404.98999,397.929993,401.459991,367.73996,3193300
2021-06-29,401.970001,403.200012,397.480011,398.100006,364.662201,2458800
2021-06-30,397.540009,401.399994,396.799988,400.440002,366.805573,2875600
2021-07-01,402.029999,405.209991,401.809998,404.890015,370.881897,2678100
2021-07-02,405.089996,409.869995,403.880005,409.359985,374.97644,1982400
2021-07-06,408.670013,411.160004,405.709991,410.26001,375.800812,2615300
2021-07-07,410.350006,412.179993,407.200012,411.660004,377.083252,2270400
2021-07-08,408.609985,410.829987,405.079987,409.950012,375.516907,2032300
2021-07-09,412.529999,413.25,410.640015,412.109985,377.495422,2078900
2021-07-12,411.019989,416.399994,410.309998,416.040009,381.095276,2802600
2021-07-13,416.380005,419.690002,415.709991,418.540009,383.385254,2948900
2021-07-14,420.769989,422.529999,413.350006,414.73999,379.90448,3538700
2021-07-15,411.910004,421.730011,407.200012,420.049988,384.768463,3546500
2021-07-16,421.359985,422.290009,417.640015,419.700012,384.447876,2625400
2021-07-19,417.23999,419.529999,406.809998,409.059998,374.701569,3611300
2021-07-20,411,417.730011,410.609985,412.970001,378.283142,3186700
2021-07-21,417.059998,417.230011,410.829987,414.640015,379.812897,1863700
2021-07-22,416.019989,416.829987,413.730011,415.769989,380.847961,1421900
2021-07-23,417.899994,419.339996,415.98999,417.700012,382.615814,1611700
2021-07-26,416.829987,417.670013,410.899994,413.540009,378.805359,2232600
2021-07-27,412,415.26001,409.459991,415.100006,380.234314,2630600
2021-07-28,414.48999,414.48999,406.799988,409.170013,374.802368,2446600
2021-07-29,411.279999,412.579987,408.420013,412.079987,377.467957,1597300
2021-07-30,410.76001,413.769989,410.25,412.220001,377.59613,1864200
2021-08-02,413.570007,416.440002,412.809998,415.570007,380.664825,1806500
2021-08-03,415.820007,422.140015,415.079987,421.899994,386.463165,2496500
2021-08-04,422.049988,423.660004,419.709991,421.540009,386.133362,1995400
2021-08-05,422.059998,422.25,407.890015,411.190002,376.65271,3598600
2021-08-06,412.01001,416.769989,412.01001,415.119995,380.252563,1944000
2021-08-09,414.950012,416.230011,410.350006,410.869995,376.359528,1509800
2021-08-10,410.51001,413.649994,408.570007,411.779999,377.193146,1441800
2021-08-11,413.029999,413.929993,407.51001,407.73999,373.492401,1542600
2021-08-12,407,408.730011,404.299988,405.959991,371.861908,1939900
2021-08-13,407.079987,410.049988,405.920013,409.670013,375.260345,1537800
2021-08-16,409.839996,417.420013,407.329987,417.209991,382.167084,2377500
2021-08-17,417.100006,422.5,416.630005,421.779999,386.353241,2258000
2021-08-18,421.350006,421.589996,417.089996,417.320007,382.267822,3037000
2021-08-19,415.380005,428.350006,412.399994,427.890015,391.950134,3204500
2021-08-20,428.350006,431.359985,426.910004,429.709991,393.617188,2401900
2021-08-23,430.559998,430.559998,424.899994,425.359985,389.632507,2375900
2021-08-24,425.519989,425.940002,421.720001,423.410004,387.846283,1619300
2021-08-25,421.850006,423.619995,419.450012,419.73999,384.484558,1939000
2021-08-26,419.769989,421.390015,416.630005,416.850006,381.83728,1385400
2021-08-27,418.01001,420.350006,416.119995,418.76001,383.586823,1621600
2021-08-30,418.76001,420.570007,417.890015,418.299988,383.165466,1284200
2021-08-31,417,420.73999,414.220001,416.269989,381.30603,4249100
2021-09-01,416.540009,419.869995,411.23999,417.350006,382.295258,2034400
2021-09-02,419.160004,424.399994,418.23999,423.709991,388.121094,3137400
2021-09-03,421.929993,424,420.609985,422.859985,387.342438,1604800
2021-09-07,420.299988,422.26001,417.579987,421.23999,385.858582,1920300
2021-09-08,421.190002,422.869995,414.200012,415.390015,380.499878,2262500
2021-09-09,415.339996,420.220001,413.929993,414.549988,379.730408,3508500
2021-09-10,415.559998,416,402.589996,403.910004,371.282806,4215800
2021-09-13,407.980011,416.809998,406.450012,414.519989,381.035736,3068200
2021-09-14,417.589996,417.589996,411.369995,412.540009,379.215698,2879800
2021-09-15,412.519989,421.420013,409.5,417.519989,383.793457,3180600
2021-09-16,419.670013,423.399994,414.959991,416.839996,383.168335,2262700
2021-09-17,414.970001,421.089996,414.970001,420.160004,386.220184,4534200
2021-09-20,416.920013,419.299988,408.720001,412.700012,379.362732,2799800
2021-09-21,415.01001,418.779999,412.209991,412.339996,379.03186,2382200
2021-09-22,404.940002,412,404.940002,408.700012,375.685944,3629400
2021-09-23,409.799988,414.850006,407.51001,408.029999,375.070007,2681600
2021-09-24,406.940002,407.890015,405.230011,407.079987,374.196777,1950400
2021-09-27,407.829987,412.149994,404.959991,405.269989,372.53299,2608600
2021-09-28,402.600006,404,397.019989,398.619995,366.420166,3115400
2021-09-29,397,401.850006,395.799988,400.410004,368.065582,2056300
2021-09-30,401.48999,403.48999,390.459991,390.73999,359.176697,3779900
2021-10-01,391.600006,393.690002,383.119995,392.429993,360.730164,3146600
2021-10-04,391.619995,395.149994,384.76001,387.01001,355.748016,3074800
2021-10-05,389.339996,396.01001,389.23999,393.429993,361.649353,3269400
2021-10-06,390.75,394.779999,385.839996,394.25,362.403168,2809200
2021-10-07,396.76001,408.170013,396.709991,404.700012,372.009033,2813700
2021-10-08,406.410004,409.119995,402.640015,408.459991,375.465271,2012200
2021-10-11,408,411.220001,404.209991,404.98999,372.275574,2164200
2021-10-12,405.109985,408.380005,402.309998,403.23999,370.666962,2415700
2021-10-13,403.339996,405.309998,398.109985,403.549988,370.951904,3021800
2021-10-14,425.660004,433.5,417.799988,420.359985,386.403992,6038800
2021-10-15,422.049988,430.48999,421.5,428.070007,393.491272,3312000
2021-10-18,428,428,423.839996,424.619995,390.319885,2232800
2021-10-19,426.829987,427.820007,423.399994,424.380005,390.099335,1616800
2021-10-20,427,435.529999,426.839996,435.089996,399.944183,2764000
2021-10-21,435.5,442.5,435.079987,442.279999,406.553375,2465100
2021-10-22,440.839996,449.290009,440.459991,449.160004,412.877625,2736200
2021-10-25,450,452.640015,446.440002,449.48999,413.180878,3553500
2021-10-26,450.48999,457.709991,447.589996,454.640015,417.915009,3103900
2021-10-27,454.640015,460.440002,453.480011,453.480011,416.848694,3520400
2021-10-28,453,457.899994,452.519989,455.440002,418.65033,1672600
2021-10-29,454.410004,461.390015,453.059998,460.470001,423.274017,2497800
2021-11-01,461.820007,465.76001,451.179993,454.109985,417.427765,2203100
2021-11-02,456.26001,456.440002,450.380005,452.040009,415.524963,2600000
2021-11-03,450.420013,457.519989,447.040009,457.329987,420.387604,2438200
2021-11-04,457.600006,458.51001,452.160004,456.76001,419.863708,2517300
2021-11-05,457.829987,461.519989,454.579987,455.809998,418.990387,2905000
2021-11-08,456.850006,464.190002,454.309998,462.619995,425.250305,2279900
2021-11-09,462.619995,464.470001,460.290009,464.350006,426.840576,2657800
2021-11-10,465.390015,466,456.630005,459.899994,422.750031,2818200
2021-11-11,460,460.850006,455.440002,457.390015,420.442749,2246800
2021-11-12,460.670013,461,457.079987,458.98999,421.913483,2609500
2021-11-15,458,458.209991,450.5,450.799988,414.385101,2849600
2021-11-16,452.98999,458.350006,449.369995,449.619995,413.300385,3383800
2021-11-17,450.390015,453.959991,448.730011,448.950012,412.684631,2281500
2021-11-18,448.730011,452.809998,447.109985,449.470001,413.162567,2073800
2021-11-19,448.130005,449.450012,439.5,440,404.45752,3536100
2021-11-22,442.820007,443.75,437.390015,437.540009,402.196228,2598700
2021-11-23,436.01001,447.519989,436,447.130005,411.011536,2857000
2021-11-24,446.640015,450.980011,445.640015,450.160004,413.796875,2248800
2021-11-26,444.920013,448.179993,438.209991,439.910004,404.374817,2480600
2021-11-29,443.559998,453.079987,440.549988,452,415.488159,4079700
2021-11-30,447.059998,451.350006,441.25,444.220001,408.336609,7435400
2021-12-01,452.890015,455.920013,444.140015,444.339996,408.446899,4325500
2021-12-02,443.149994,447.890015,439.220001,446.019989,409.99115,4738700
2021-12-03,447.769989,454.440002,445.170013,449.320007,414.371765,3038300
2021-12-06,452.149994,461.779999,451.519989,460.109985,424.32251,4721500
2021-12-07,462.75,465.75,460.230011,464.730011,428.58316,3105200
2021-12-08,466.089996,470.170013,462.48999,468.859985,432.391968,3228300
2021-12-09,468.529999,474.480011,467.359985,473.320007,436.505035,2977400
2021-12-10,472,478.480011,471.01001,478.230011,441.033142,2572300
2021-12-13,477.019989,480.26001,474.01001,478.140015,440.950165,2724800
2021-12-14,479.75,483.040009,477.179993,479.459991,442.167511,3018000
2021-12-15,480.600006,495.399994,480.140015,494.380005,455.927032,4188600
2021-12-16,494.01001,496.959991,490.109985,492.859985,454.525238,4080800
2021-12-17,491.420013,493.130005,486.380005,487.119995,449.231689,5707200
2021-12-20,482,485.01001,475.26001,483.730011,446.105377,3145600
2021-12-21,487.019989,489,482.200012,487.209991,449.314636,2536000
2021-12-22,487.149994,495.450012,485.899994,494.130005,455.696411,1687500
2021-12-23,495,498.149994,492.809998,495.380005,456.849213,1706500
2021-12-27,498.679993,500.299988,496.640015,499.5,460.648773,1349400
2021-12-28,502,505.320007,500.399994,502.940002,463.821167,1495500
2021-12-29,504.779999,507.220001,502,505.579987,466.255829,1573900
2021-12-30,507.929993,509.230011,503.649994,504.429993,465.195282,1309800
2021-12-31,504.140015,506.869995,502.040009,502.140015,463.083466,1695400
2022-01-03,500,502.899994,493.049988,502.279999,463.212494,3033600
2022-01-04,503.200012,503.75,490.880005,490.899994,452.717682,3908100
2022-01-05,494.769989,497,489.690002,489.690002,451.601776,3921100
2022-01-06,480,484.140015,463.119995,469.649994,433.120514,6555200
2022-01-07,467.690002,467.970001,455.549988,458.600006,422.930054,5494200
2022-01-10,456,465.859985,454.440002,465,428.832184,5831800
2022-01-11,467.200012,470.450012,460.670013,469,432.521057,3332800
2022-01-12,468.970001,475.320007,466.339996,473.720001,436.873932,3502300
2022-01-13,475.890015,476.549988,465.980011,467.429993,431.073212,3005300
2022-01-14,469.890015,473.170013,465.079987,468.690002,432.235168,3665400
2022-01-18,465.170013,465.709991,458.350006,460.98999,425.134064,3938800
2022-01-19,468,475.48999,461.51001,462.519989,426.545074,4030900
2022-01-20,464.380005,471.630005,462,463,426.987732,3228600
2022-01-21,463.5,470.790009,461.070007,461.170013,425.300079,4273200
2022-01-24,458.070007,464.140015,448.130005,462.269989,426.314453,4780700
2022-01-25,454.070007,459.48999,447.269989,456.839996,421.306885,3428900
2022-01-26,458.450012,463.880005,453.450012,458.429993,422.773224,4435900
2022-01-27,458.079987,468.679993,457.01001,461.600006,425.696564,3508100
2022-01-28,461.399994,466.279999,455.079987,466.059998,429.809692,3364400
2022-01-31,465,473.179993,464.399994,472.570007,435.813446,3500500
2022-02-01,475,475,462.75,468.410004,431.97702,3148600
2022-02-02,469.059998,481.980011,469.059998,479.779999,442.462585,3026800
2022-02-03,498.649994,500.179993,483.570007,488.769989,450.753296,4370900
2022-02-04,481.75,489.630005,480.190002,483.170013,445.588898,3066400
2022-02-07,484.910004,487.26001,481.299988,483.700012,446.077759,2937200
2022-02-08,481.350006,495.670013,481.350006,493.410004,455.032501,3534700
2022-02-09,497,500.929993,496.290009,498.100006,459.357697,2818100
2022-02-10,492.23999,494.220001,485.070007,486.720001,448.862762,2626100
2022-02-11,484.679993,490.429993,476.440002,478.130005,440.940948,2493800
2022-02-14,475.109985,477.73999,469.329987,474.399994,437.501068,2549500
2022-02-15,475.940002,481.170013,475.200012,478.230011,441.033142,3001000
2022-02-16,475.5,481.730011,471.399994,480.049988,442.711548,2651800
2022-02-17,478.170013,479.290009,468.890015,470.339996,433.756927,2403100
2022-02-18,470.25,474.920013,466.829987,467.809998,431.423615,2992300
2022-02-22,463.829987,467.190002,457.820007,462.51001,426.535889,3029800
2022-02-23,467.190002,467.720001,458.839996,459.619995,423.870697,2840300
2022-02-24,449.519989,456.589996,445.73999,455.890015,420.430817,3933000
2022-02-25,456.649994,475.779999,456.230011,475.75,438.746063,3314400
2022-02-28,465.850006,477.309998,465.609985,475.869995,438.85672,3918300
2022-03-01,470.890015,476.959991,467.730011,476.25,439.207092,2917600
2022-03-02,478.190002,487.170013,477.890015,485.380005,447.627014,3675900
2022-03-03,486,491.380005,482.220001,486.589996,448.742889,3139400
2022-03-04,480.690002,499.660004,477.48999,498.649994,459.864899,4170100
2022-03-07,500,500,483.019989,486.869995,449.001099,4123300
2022-03-08,478.799988,484.48999,471.519989,473.459991,436.634125,3849500
2022-03-09,482.579987,487.720001,473.589996,485.570007,447.802246,3115500
2022-03-10,479.329987,493.709991,477.829987,491.440002,453.215668,2834800
2022-03-11,487.829987,493.799988,482.51001,482.869995,446.630035,2615000
2022-03-14,490.399994,495.589996,485.279999,487.920013,451.301025,2704100
2022-03-15,490,499.940002,487.309998,497.910004,460.54129,3043000
2022-03-16,499.829987,505.5,490.01001,498.26001,460.86499,3497100
2022-03-17,496,507.119995,495.179993,507.019989,468.96759,2357200
2022-03-18,508.73999,510.679993,501.559998,506.119995,468.13504,5065600
2022-03-21,505.01001,513,504.359985,507.660004,469.559509,2617700
2022-03-22,509.269989,511.850006,504.839996,505.320007,467.395142,2752500
2022-03-23,502.269989,507.059998,501.329987,503.230011,465.462006,2753200
2022-03-24,505,515.780029,503.859985,513.460022,474.924255,2789200
2022-03-25,514.190002,516.530029,509.23999,513.030029,474.526459,2551100
2022-03-28,514.320007,517.140015,508.809998,513.200012,474.683807,2643000
2022-03-29,517.099976,519.590027,507.299988,510.730011,472.39917,3478400
2022-03-30,515.109985,521.200012,512.47998,520.820007,481.731934,3041200
2022-03-31,517.099976,521.890015,509.670013,509.970001,471.696136,3979700
2022-04-01,510.679993,514.780029,506.600006,512.590027,474.119568,2344100
2022-04-04,512.210022,512.47998,504.529999,510.019989,471.742371,2657500
2022-04-05,510,524.72998,508,517.76001,478.901489,3268600
2022-04-06,518.219971,533.52002,518,531.75,491.841522,3955600
2022-04-07,530,538.280029,528.390015,536.950012,496.651276,2867000
2022-04-08,539,548.969971,538.099976,545.960022,504.985077,3986700
2022-04-11,543.599976,547.609985,536.640015,537.440002,497.104584,3574000
2022-04-12,535.409973,540.72998,530.780029,533.710022,493.654449,3575700
2022-04-13,533.320007,538.280029,528.619995,537,496.697632,3012000
2022-04-14,538.5,553.289978,534.070007,534.820007,494.681061,4211300
2022-04-18,537.900024,541,530.380005,534.080017,493.996704,2087100
2022-04-19,535.890015,542.47998,535.23999,537.700012,497.34494,2207600
2022-04-20,542.140015,548.359985,539,546.01001,505.031403,2986300
2022-04-21,545.5,548,536.030029,537.440002,497.104584,2539900
2022-04-22,532.059998,533.349976,520.179993,520.940002,481.842865,3453300
2022-04-25,520.400024,526.26001,511.730011,524.27002,484.923004,3030400
2022-04-26,524.23999,526.26001,513.51001,513.780029,475.220215,2895300
2022-04-27,514.909973,520.900024,509.820007,513.809998,475.247925,3353700
2022-04-28,516.76001,526.280029,513.169983,524.419983,485.061676,2582700
2022-04-29,518.849976,519.900024,506.959991,508.549988,470.382751,2873200
2022-05-02,510.809998,513.51001,493.339996,501.149994,463.538147,3184300
2022-05-03,501.130005,505.519989,497.480011,499.619995,462.122925,2763400
2022-05-04,499.5,509.769989,493.089996,507.619995,469.522491,4002600
2022-05-05,507.209991,510.670013,489.230011,494.720001,457.590668,3359700
2022-05-06,485.01001,501.570007,485,499.619995,462.122925,3260300
2022-05-09,490.399994,494.630005,484.429993,486.420013,449.913666,3862700
2022-05-10,493.809998,496.350006,481.119995,488.01001,451.384308,4275500
2022-05-11,484.390015,500.519989,484.390015,486.149994,449.663818,3936300
2022-05-12,486.100006,486.890015,471.420013,478.799988,442.865387,3997600
2022-05-13,480.980011,487,475.809998,485.399994,448.970184,2453400
2022-05-16,485.410004,495.559998,484.149994,489.220001,452.503418,2338800
2022-05-17,494,494.720001,488.459991,492.529999,455.565063,2289000
2022-05-18,488.26001,489.209991,468.359985,471.380005,436.00235,3240500
2022-05-19,464.320007,481.579987,463.329987,478.549988,442.634277,3813800
2022-05-20,481.380005,487.470001,472.309998,485.730011,449.275421,3068200
2022-05-23,486.290009,495.73999,486.290009,492.079987,455.148834,2279800
2022-05-24,490.790009,498.079987,488.660004,497.559998,460.21756,2658100
2022-05-25,498.519989,502.309998,491.26001,498.089996,460.707764,3161600
2022-05-26,501.73999,507.26001,499.410004,502.230011,464.537048,2705800
2022-05-27,491,507.109985,489.390015,507.109985,469.050842,3349100
2022-05-31,503.619995,504.109985,495.660004,496.779999,459.496002,4003100
2022-06-01,498.320007,501.380005,487.779999,492.549988,455.583588,1765900
2022-06-02,494,496.149994,482.970001,492.26001,455.315338,2093500
2022-06-03,488.329987,491.670013,484.899994,485.609985,449.164398,1756900
2022-06-06,489.429993,493.630005,486.290009,490.179993,453.391357,1781500
2022-06-07,489.5,497.609985,487.119995,497.100006,459.792084,2341900
2022-06-08,494,497.899994,488.549988,493.529999,456.48996,3268100
2022-06-09,492.880005,496.459991,487.609985,489.429993,452.697784,3148800
2022-06-10,484.799988,490.160004,480.929993,484.630005,448.257935,2599900
2022-06-13,475.130005,481.339996,467.26001,469.700012,434.448486,3764600
2022-06-14,467.5,469.179993,457.420013,461.75,427.095093,3814200
2022-06-15,464.200012,469.019989,456.5,464.329987,429.481445,2550700
2022-06-16,453.399994,457.809998,450.679993,456.089996,423.364319,3135600
2022-06-17,450.75,461.459991,449.700012,452.059998,419.623505,5277400
2022-06-21,457.809998,485.119995,457.100006,480.320007,445.855743,5726800
2022-06-22,475.720001,495.920013,474.540009,489.679993,454.544128,5061000
2022-06-23,494.950012,503.579987,491.959991,499.809998,463.947235,4687700
2022-06-24,499.440002,499.76001,486.559998,495.640015,460.076538,15861100
2022-06-27,492.829987,511.890015,492.579987,505.660004,469.377563,3907100
2022-06-28,512.080017,518.609985,505.079987,508.440002,471.958099,4978200
2022-06-29,508.850006,518.700012,506.01001,515.710022,478.706451,3823400
2022-06-30,513.549988,516.320007,509.720001,513.630005,476.775696,3568900
2022-07-01,512.320007,517.530029,502.309998,517.400024,480.275146,2426600
2022-07-05,507.640015,511,492.25,505.23999,468.987671,3029600
2022-07-06,505.640015,517.409973,504.299988,515.289978,478.316498,2506700
2022-07-07,515.25,517.299988,512.22998,514.380005,477.471863,2385400
2022-07-08,512.309998,528.369995,511.01001,518.630005,481.416992,3092100
2022-07-11,514.859985,521.469971,511.809998,516.950012,479.857422,1743600
2022-07-12,513.25,519.140015,510.619995,514.419983,477.509003,2706500
2022-07-13,508.070007,511.859985,501.190002,501.23999,465.274689,3467700
2022-07-14,495,505.890015,492.279999,502.429993,466.379272,3765500
2022-07-15,526.059998,531.98999,515.450012,529.75,491.738953,5742500
2022-07-18,531,532.159973,518.75,519.369995,482.103851,3212000
2022-07-19,521.090027,533.840027,520.590027,533.450012,495.173553,2953500
2022-07-20,533.450012,534.049988,515.72998,519.469971,482.196625,4327500
2022-07-21,519.390015,522.469971,511.140015,522.460022,484.972076,2667600
2022-07-22,526,527.599976,518.400024,521.409973,483.997498,1850300
2022-07-25,526.090027,532.890015,524.219971,529.469971,491.479095,2337200
2022-07-26,533.799988,537.640015,531.030029,531.590027,493.44696,2637800
2022-07-27,533.539978,537.859985,528.039978,534.609985,496.250427,2268100
2022-07-28,537.48999,544.340027,531.73999,541.48999,502.636627,2344500
2022-07-29,540.01001,543.849976,536.690002,542.340027,503.425659,2945700
2022-08-01,542.27002,543.650024,531,535.380005,496.965118,2335000
2022-08-02,537.549988,540.530029,531.719971,535.460022,497.039276,2114200
2022-08-03,537.26001,543.619995,535.690002,540.650024,501.856964,1802900
2022-08-04,539.289978,540.429993,532.76001,533.75,495.452026,2368000
2022-08-05,530,535.5,527.559998,535.059998,496.66806,2373400
2022-08-08,539.909973,541.299988,533.419983,536.599976,498.097412,1656400
2022-08-09,540,545.73999,536.380005,537.26001,498.710144,2147200
2022-08-10,540.26001,541.97998,533.809998,537.719971,499.137177,2291400
2022-08-11,538.23999,538.630005,529.669983,532.859985,494.625885,3006200
2022-08-12,535.609985,544.400024,534.450012,543.700012,504.688049,1981000
2022-08-15,541.669983,547.210022,538.559998,544.640015,505.560699,1447300
2022-08-16,545.210022,547.440002,542.390015,546.119995,506.934479,1773000
2022-08-17,545.23999,547.789978,541.570007,545,505.894867,1471700
2022-08-18,545.01001,548.130005,541.820007,545.219971,506.098969,1486400
2022-08-19,545.5,553.130005,544.820007,548.320007,508.976532,2258000
2022-08-22,541.390015,549.52002,541.349976,544.570007,505.495544,1672900
2022-08-23,543.289978,543.289978,533.210022,535.799988,497.354858,2039600
2022-08-24,536.679993,539.859985,535.02002,536.460022,497.96756,1761200
2022-08-25,535.01001,542.02002,531.25,541.570007,502.710876,1965800
2022-08-26,542.26001,543.190002,528.219971,529.25,491.274902,1906700
2022-08-29,526,532.900024,522.869995,529.77002,491.757629,1594000
2022-08-30,530.409973,531.090027,521.789978,522.840027,485.324829,2013400
2022-08-31,520.820007,527.099976,519.159973,519.330017,482.066742,2891300
2022-09-01,519.330017,524.26001,515.090027,524,486.401611,2085300
2022-09-02,529.619995,529.789978,513.809998,516.349976,479.300507,1944200
2022-09-06,519.929993,527.450012,516.919983,517.679993,480.535126,2711900
2022-09-07,517,523.5,514.679993,521.679993,484.248047,2504400
2022-09-08,520.950012,528.48999,518.809998,527.51001,489.659637,1557500
2022-09-09,527.830017,527.830017,522.580017,524.340027,488.244446,2495500
2022-09-12,525,535.02002,522.5,531.25,494.678741,2792000
2022-09-13,524,525.26001,511.970001,513.960022,478.578979,3172500
2022-09-14,514,515.380005,506.100006,509.769989,474.677429,2648100
2022-09-15,516.299988,527.97998,514.140015,522.909973,486.912872,3058100
2022-09-16,518.52002,522.820007,517.080017,521.02002,485.152893,3981700
2022-09-19,518.590027,524,512.969971,523.549988,487.50885,2130800
2022-09-20,524.23999,524.669983,514.809998,522.799988,486.810455,2421700
2022-09-21,525.030029,528.01001,512.02002,512.080017,476.8284,2427700
2022-09-22,511.029999,520.969971,506.109985,517.460022,481.838043,2285600
2022-09-23,513.559998,514.659973,506.380005,513.609985,478.253082,2536900
2022-09-26,507.390015,512.570007,499,508.359985,473.364471,2867400
2022-09-27,510.369995,516.789978,503.579987,508.369995,473.37381,2583400
2022-09-28,506.480011,516.27002,500.799988,513.940002,478.560364,3027300
2022-09-29,514.77002,514.77002,502.470001,508.829987,473.802032,2392000
2022-09-30,511.100006,516.549988,504.839996,505.040009,470.273041,3116000
2022-10-03,507.079987,517.809998,505.399994,515.51001,480.022278,2562400
2022-10-04,518.349976,524.590027,516.830017,523.169983,487.154968,3189800
2022-10-05,521,529.349976,520.130005,527.070007,490.786407,2281800
2022-10-06,528.330017,528.580017,516.73999,519.130005,483.393005,2187300
2022-10-07,514.169983,514.169983,501.059998,504.850006,470.0961,3273700
2022-10-10,505.600006,506.309998,495.019989,498.859985,464.518494,2459100
2022-10-11,496.970001,506.829987,495.179993,499.809998,465.403076,2844500
2022-10-12,502.130005,508.25,498.209991,499.959991,465.542694,2254300
2022-10-13,493.450012,513.469971,487.73999,509.910004,474.80777,3999700
2022-10-14,520,529.909973,511.929993,513.130005,477.806091,5628900
2022-10-17,517.73999,524.309998,515.280029,521.880005,485.953796,3282300
2022-10-18,532,532,518.330017,522.210022,486.261108,2345500
2022-10-19,521.73999,523.820007,514.599976,520.320007,484.501221,2500500
2022-10-20,523.049988,529.419983,519.780029,520.880005,485.022583,2390800
2022-10-21,518.059998,536.530029,518.01001,533.72998,496.988037,2896000
2022-10-24,538.070007,546.47998,537.799988,541.599976,504.316223,2627100
2022-10-25,537.789978,543.919983,533.900024,540.219971,503.031281,2411900
2022-10-26,541.380005,547.640015,540.210022,543.169983,505.778107,2863500
2022-10-27,546.52002,546.52002,539.76001,541.799988,504.502472,2212100
2022-10-28,544.969971,553,543.690002,551.23999,513.292542,2761900
2022-10-31,555,558.099976,550.130005,555.150024,516.933472,2770400
2022-11-01,555,555.690002,544.219971,547.309998,509.633148,3338900
2022-11-02,544.409973,554.580017,543.070007,543.429993,506.020294,2696200
2022-11-03,541.73999,547.869995,538.130005,543.609985,506.187927,2245300
2022-11-04,547.049988,547.76001,527.140015,538.169983,501.122314,3513100
2022-11-07,538.169983,546.950012,535.469971,545.02002,507.500763,2540300
2022-11-08,547.049988,554.799988,542,553.049988,514.977966,2797000
2022-11-09,553.780029,554.609985,539.440002,540.659973,503.440918,2672600
2022-11-10,548.929993,551.700012,533.950012,544.169983,506.709198,3426400
2022-11-11,546.280029,546.280029,509.649994,522.080017,486.139954,7034300
2022-11-14,522,528.97998,513.409973,513.75,478.383392,5238400
2022-11-15,512.809998,516.640015,500.769989,503.01001,468.382813,5103800
2022-11-16,505.890015,514.130005,505.470001,511.519989,476.306946,3430800
2022-11-17,512.159973,526.97998,512.159973,515.309998,479.836029,4246300
2022-11-18,522.119995,533,519.460022,530,493.51474,3566000
2022-11-21,529.01001,531.950012,515.380005,517.190002,481.586639,3349600
2022-11-22,519.940002,524.659973,519.909973,523.090027,487.080566,2567400
2022-11-23,525,530.440002,523,529.710022,493.244843,2238300
2022-11-25,534,540.849976,532.52002,537.619995,500.610107,1419200
2022-11-28,535.830017,539.580017,531.690002,532.27002,495.628601,2699900
2022-11-29,531.669983,532.969971,523.650024,528,491.652405,3751000
2022-11-30,529.719971,548.080017,527.47998,547.76001,510.052124,9688900
2022-12-01,552.359985,553,535.799988,536.909973,499.949066,2997800
2022-12-02,532.830017,538.609985,532.440002,536.159973,500.789703,2346200
2022-12-05,531.48999,540.380005,530.880005,535.039978,499.743622,2424800
2022-12-06,534.419983,540.590027,534.23999,539.320007,503.74115,3097700
2022-12-07,540.840027,545.909973,539.630005,542.909973,507.094421,2849100
2022-12-08,544.859985,551.289978,543.780029,547.919983,511.773956,2272300
2022-12-09,547.929993,548.48999,538.869995,539.200012,503.629303,2852400
2022-12-12,541.849976,546.080017,539.280029,545.859985,509.849854,2714100
2022-12-13,550.559998,550.98999,535.099976,538.219971,502.713806,3369700
2022-12-14,541.929993,543.47998,531.570007,538.359985,502.844635,2654600
2022-12-15,533.98999,534.070007,525.469971,527.679993,492.869232,2963800
2022-12-16,525.150024,525.809998,515.719971,523.700012,489.151764,7109100
2022-12-19,524.599976,527.210022,520.929993,523.599976,489.058258,1808100
2022-12-20,526.98999,526.98999,519.700012,520.210022,485.892029,2086100
2022-12-21,523.630005,527.880005,518.099976,527.539978,492.738434,2182000
2022-12-22,526.47998,529.01001,521.630005,527.090027,492.318054,1851600
2022-12-23,524.099976,531.309998,522.900024,531.309998,496.259735,1292300
2022-12-27,533.929993,535.840027,529.849976,531.98999,496.894897,1596700
2022-12-28,535.070007,538.150024,527.72998,528.450012,493.588348,1694200
2022-12-29,532.539978,533.679993,528.859985,529.880005,494.92395,1379700
2022-12-30,530,530.5,524.840027,530.179993,495.204254,1849600
2023-01-03,525.130005,525.630005,512.159973,518.640015,484.425568,3525600
2023-01-04,518.640015,518.640015,500.600006,504.5,471.218292,5070400
2023-01-05,501.01001,502.089996,488.5,489.959991,457.637543,5497100
2023-01-06,491.589996,492.869995,487.540009,490,457.674866,4841300
2023-01-09,492.410004,499.98999,488.540009,490.059998,457.730896,3702800
2023-01-10,488.850006,490.470001,482.679993,486,453.938751,3164000
2023-01-11,485.290009,495.600006,485,493.399994,460.850616,4274200
2023-01-12,490,498.730011,485.220001,495.670013,462.970856,3726800
2023-01-13,486.109985,509.5,486,489.570007,457.273315,5390100
2023-01-17,491.200012,492.940002,483.779999,485.079987,453.079437,4495600
2023-01-18,488.049988,489.5,474.75,476.23999,444.822662,4398200
2023-01-19,477.869995,486.390015,477.390015,484.359985,452.406952,4549600
2023-01-20,485.529999,486.98999,479,486.720001,454.611237,3525900
2023-01-23,486.679993,490.100006,481.390015,485.809998,453.761322,3418700
2023-01-24,500.26001,500.26001,480,491.600006,459.169373,3036300
2023-01-25,489.279999,495.359985,485.730011,492.5,460.009918,3037300
2023-01-26,492.5,496.450012,490.579987,492.480011,459.991272,3005000
2023-01-27,493.369995,493.369995,484.470001,486.049988,453.985443,3177100
2023-01-30,487.809998,495.25,484.799988,485.790009,453.742584,3606900
2023-01-31,498,505.5,493.130005,499.190002,466.258667,5567000
2023-02-01,499.950012,504.380005,495.670013,497,464.213135,3451200
2023-02-02,494.26001,495,463.890015,470.829987,439.769531,11169900
2023-02-03,475.230011,478.779999,469.75,472.019989,440.880981,5440100
2023-02-06,472,478.970001,471.01001,475.23999,443.888611,4174200
2023-02-07,471.040009,478.079987,469.029999,476.880005,445.42041,3394600
2023-02-08,475.470001,485.040009,475.109985,483.220001,451.342194,3466400
2023-02-09,485.630005,489.700012,482.399994,485.730011,453.686584,3664600
2023-02-10,489.130005,495.660004,488.75,494.25,461.644531,3418100
2023-02-13,494,499.869995,491.76001,495.350006,462.671906,2589000
2023-02-14,494.290009,497.950012,489.089996,492.829987,460.318146,2072600
2023-02-15,489.649994,491.829987,488.390015,491.25,458.842407,2242500
2023-02-16,491.149994,494,487.269989,487.350006,455.199677,2611500
2023-02-17,487.380005,499.459991,487.350006,499.079987,466.155884,3891500
2023-02-21,496.700012,501.399994,490.5,491.309998,458.898499,2877300
2023-02-22,492.809998,493.890015,488.670013,488.890015,456.638092,2982800
2023-02-23,486.660004,493.329987,485.869995,491.690002,459.253387,2511800
2023-02-24,489.579987,492.51001,483.01001,484.329987,452.378876,2940400
2023-02-27,488.769989,490.940002,481.959991,483.320007,451.435577,3006200
2023-02-28,482.670013,483.359985,473.920013,475.940002,444.54245,3902100
2023-03-01,473.609985,478.410004,472,475.220001,443.869904,2996900
2023-03-02,475.209991,480.429993,473.25,477.700012,446.18634,2188800
2023-03-03,477.940002,479.100006,474.220001,478.559998,446.989563,2863300
2023-03-06,481.369995,484.350006,479,480.779999,449.06311,3812700
2023-03-07,482.980011,483.820007,472.559998,473.880005,442.618317,2589200
2023-03-08,471.75,475.390015,466.76001,470.600006,439.554688,3036600
2023-03-09,473.950012,473.950012,463.75,464.910004,434.240112,2780400
2023-03-10,462.769989,468.859985,457.589996,460.329987,431.493561,3787500
2023-03-13,458.649994,470.369995,458.649994,463.679993,434.633759,2971600
2023-03-14,464.649994,469.839996,459.049988,464.579987,435.477386,3258200
2023-03-15,460.98999,468.880005,459.23999,465.429993,436.274139,3770200
2023-03-16,464.709991,473.390015,463.100006,472.019989,442.451355,2940500
2023-03-17,471.390015,472.01001,466.299988,469.5,440.089172,5290000
2023-03-20,470,479.820007,470,476.959991,447.081848,3119400
2023-03-21,478.390015,481.450012,475.720001,480.100006,450.025146,3163300
2023-03-22,481.950012,485.73999,474.820007,475.519989,445.732117,2632200
2023-03-23,477.410004,480.670013,466.670013,469.910004,440.473511,3284900
2023-03-24,468.980011,476.880005,467.589996,475.98999,446.172638,2533200
2023-03-27,485.549988,486.290009,478.589996,481.899994,451.712372,2271800
2023-03-28,482,483.790009,470.690002,472.579987,442.976227,2369500
2023-03-29,475.109985,475.880005,464.950012,466.589996,437.36145,3733200
2023-03-30,466.570007,470.410004,461.079987,470.059998,440.614105,3324600
2023-03-31,471.519989,476,470.100006,472.589996,442.985626,3996700
2023-04-03,485.200012,496.130005,483.48999,494.190002,463.232513,4729100
2023-04-04,493.029999,496.100006,491.839996,493.25,462.35141,2624700
2023-04-05,497.390015,511.73999,496.100006,509.230011,477.330383,4964800
2023-04-06,511,514.23999,507.149994,512.809998,480.686127,3472600
2023-04-10,510.809998,515.390015,508.089996,515.179993,482.907654,2714500
2023-04-11,516.140015,522.219971,515.219971,520.969971,488.3349,3065300
2023-04-12,524.97998,526.700012,520.039978,521.190002,488.541138,3422400
2023-04-13,523.909973,530.450012,520.5,526.22998,493.265503,4224400
2023-04-14,522,527.23999,508.5,511.790009,479.730011,4872000
2023-04-17,508.720001,509.589996,502.75,505.350006,473.693451,3660900
2023-04-18,503.670013,506.98999,498.140015,504.480011,472.87796,3232000
2023-04-19,500.649994,501.970001,483.630005,486.200012,455.743073,5809100
2023-04-20,485.470001,489.649994,483.26001,487.459991,456.924103,3283000
2023-04-21,490.040009,490.730011,482.140015,483.820007,453.512177,3165300
2023-04-24,483.410004,490.220001,482.649994,488.940002,458.311371,2322400
2023-04-25,492.679993,498.5,490.579987,491.920013,461.104767,2937300
2023-04-26,485.869995,487.700012,478.359985,482.950012,452.696625,2930000
2023-04-27,482.200012,490.980011,482.200012,490.470001,459.745544,2473200
2023-04-28,488.690002,493.959991,488.119995,492.089996,461.26416,2398900
2023-05-01,494.589996,499.390015,491.809998,495.700012,464.647919,2105600
2023-05-02,495.25,496.709991,489.269989,493.390015,462.482605,2152300
2023-05-03,494.399994,495.450012,488.029999,489.440002,458.780121,1749700
2023-05-04,487.049988,489.690002,481.950012,487.279999,456.755371,2555700
2023-05-05,494.059998,500.850006,492.029999,494.279999,463.316895,2329400
2023-05-08,492.040009,494.350006,488.320007,492.619995,461.760895,1738500
2023-05-09,492.839996,499.399994,490.299988,490.380005,459.661163,2038600
2023-05-10,489.399994,493.470001,487.640015,490.070007,459.370605,2018700
2023-05-11,488,490.119995,485.660004,488.76001,458.1427,2384200
2023-05-12,488.76001,492.899994,487.75,491.230011,460.457977,1536500
2023-05-15,491.399994,491.790009,483.700012,486.859985,456.361664,2169700
2023-05-16,487.619995,489.209991,479.01001,479.720001,449.669006,2178900
2023-05-17,480,485.399994,477.540009,484.809998,454.440125,2682000
2023-05-18,482.049988,482.549988,473.890015,479.230011,449.209686,3040100
2023-05-19,479.579987,484.799988,477.809998,478.820007,448.825317,2317900
2023-05-22,480.440002,482.200012,477.910004,480.619995,450.512634,2242800
2023-05-23,476.179993,483.390015,472.540009,479.440002,449.406525,2874200
2023-05-24,480.609985,483.279999,478.890015,480.829987,450.709412,1904700
2023-05-25,477.630005,481.769989,474.299988,477.700012,447.775482,2684100
2023-05-26,478.059998,488.390015,478,481.519989,451.356232,3135200
2023-05-30,476.679993,485.869995,476.029999,479.850006,449.790863,3180800
2023-05-31,478.119995,487.399994,477.109985,487.23999,456.717926,4944100
2023-06-01,487.790009,498.779999,486.109985,493.630005,462.707611,3376600
2023-06-02,492,501.019989,490.359985,499.579987,468.284882,3064500
2023-06-05,500.700012,502.899994,497.420013,498.190002,466.981964,2688800
2023-06-06,499.899994,499.899994,483.670013,487.570007,457.027161,3816600
2023-06-07,489.950012,490.440002,481.600006,482.130005,451.92807,4381700
2023-06-08,484.390015,491.820007,482.429993,490.230011,459.520569,2725900
2023-06-09,489.98999,498.220001,487.230011,493.619995,462.698181,3174100
2023-06-12,492.299988,494.450012,488.720001,492.589996,461.732819,2207700
2023-06-13,490.869995,494.660004,488.660004,491.309998,460.532959,3016600
2023-06-14,454.640015,460.630005,445.679993,459.859985,431.053101,14672400
2023-06-15,461.98999,472,460.910004,465.890015,438.498047,6798100
2023-06-16,466.140015,468.519989,457.929993,458.48999,431.533051,7699100
2023-06-20,456.75,470.48999,456.75,469.390015,441.792236,4597700
2023-06-21,468.950012,479.369995,467.190002,476.75,448.719574,4886500
2023-06-22,478.179993,483.179993,478,479.049988,450.884308,3179000
2023-06-23,478.329987,482.279999,476.549988,477,448.954773,4862600
2023-06-26,478.140015,481.309998,473,479.059998,450.893646,2968300
2023-06-27,478.130005,483.179993,477.769989,482.559998,454.187897,3693200
2023-06-28,481.959991,482.119995,473.980011,474.450012,446.554718,3670100
2023-06-29,475.079987,479.709991,473.079987,476.440002,448.427704,2979300
2023-06-30,478,482.100006,475.119995,480.640015,452.380768,3970400
2023-07-03,478.100006,480.209991,476.299988,477.880005,449.78302,1915700
2023-07-05,476.029999,477.290009,470.589996,471.220001,443.514618,5053100
2023-07-06,469.350006,472.399994,466.649994,469.359985,441.763947,3913600
2023-07-07,465,468.609985,460.820007,461.579987,434.441345,4131600
2023-07-10,460,463.100006,459.160004,463.049988,435.824982,4339200
2023-07-11,462.369995,466.48999,461.140015,462.890015,435.674347,3086800
2023-07-12,463,464.820007,451.25,451.700012,425.142365,7287600
2023-07-13,452,454.899994,447.179993,447.75,421.42453,7276800
2023-07-14,462.549988,485,460.109985,480.170013,451.938385,11379300
2023-07-17,481.109985,484.600006,478.299988,484.079987,455.618561,4582000
2023-07-18,489.329987,504.420013,487.5,500,470.602509,8816400
2023-07-19,507.540009,514.659973,502.480011,503.700012,474.084961,4956500
2023-07-20,506.660004,508.679993,500.529999,504.23999,474.593231,2963100
2023-07-21,505.049988,510.410004,504.519989,506.529999,476.748566,2887300
2023-07-24,505.329987,509.779999,504.570007,508.679993,478.772186,2279000
2023-07-25,510,512.5,507.279999,510.929993,480.889862,2730600
2023-07-26,511.540009,515.859985,506.630005,508,478.132172,3697200
2023-07-27,508.570007,510.5,503.130005,505.230011,475.525085,3028300
2023-07-28,505.209991,507.480011,497.279999,502.910004,473.3414,2930000
2023-07-31,503,507.880005,499.059998,506.369995,476.597961,2441600
2023-08-01,507.5,510.040009,502.48999,504.73999,475.063843,2161200
2023-08-02,509.690002,510.470001,502.98999,504.799988,475.12027,3220500
2023-08-03,502.890015,506,501.040009,504.859985,475.176819,2442900
2023-08-04,510,510.899994,501.75,502.730011,473.172028,2411200
2023-08-07,505.73999,513.599976,504.649994,510.73999,480.711029,2430900
2023-08-08,503,508.170013,500.019989,505.859985,476.11792,2422600
2023-08-09,504,505.730011,500.880005,502.109985,472.588409,1916900
2023-08-10,504.470001,512.039978,502.779999,503.480011,473.87793,2179700
2023-08-11,505.630005,510.670013,504.25,508.01001,478.141602,2029600
2023-08-14,509.149994,513.5,508.25,510.929993,480.889862,2127200
2023-08-15,511.579987,513.650024,506.269989,506.690002,476.899109,1817500
2023-08-16,508,510.5,502.829987,503.559998,473.953186,1454100
2023-08-17,495.480011,501.230011,491.820007,493.959991,464.917603,3009500
2023-08-18,494.779999,500.940002,493.5,498.440002,469.134216,2364400
2023-08-21,497.51001,500.25,496.220001,497.679993,468.418915,1533500
2023-08-22,495.420013,496.790009,491.329987,492.339996,463.392822,2079400
2023-08-23,493,494,487.929993,489.440002,460.663391,2011400
2023-08-24,491.429993,495.420013,487.209991,488.100006,459.402191,2311100
2023-08-25,489.920013,491.149994,484.649994,489.119995,460.362213,1923500
2023-08-28,490.48999,493.059998,489.130005,491.279999,462.395203,1344500
2023-08-29,491.470001,492.940002,487.970001,492.829987,463.854034,2113700
2023-08-30,493.98999,496.709991,490.290009,491.529999,462.630493,2283400
2023-08-31,492.359985,493.820007,476.290009,476.579987,448.559448,4927700
2023-09-01,479,480.649994,473.359985,476.23999,448.239471,3165900
2023-09-05,478,484.600006,477.540009,480.809998,452.540802,3443300
2023-09-06,482.089996,483.160004,476.380005,476.940002,448.898346,2596100
2023-09-07,479.899994,487.109985,478.600006,484.809998,456.305603,2928000
2023-09-08,480.190002,482.970001,478.75,480.769989,454.264648,1858400
2023-09-11,481.980011,483.839996,478,479.380005,452.951324,2059200
2023-09-12,477.380005,483.640015,472.119995,479.899994,453.442657,2195200
2023-09-13,481.429993,484.040009,479.459991,479.839996,453.385956,2197800
2023-09-14,482.630005,485.269989,478.779999,483.600006,456.93866,2334300
2023-09-15,485.73999,489.820007,484.140015,486.700012,459.867737,5334300
2023-09-18,488.410004,488.73999,483.600006,486.059998,459.263031,1997500
2023-09-19,483.76001,485.730011,476.540009,480.660004,454.160736,3230700
2023-09-20,482.75,495.109985,479.140015,492.130005,464.998413,3724800
2023-09-21,494.190002,505.140015,493.079987,501.140015,473.511688,4703900
2023-09-22,499,509.429993,498.029999,506.100006,478.198212,4558500
2023-09-25,508.26001,510.940002,506.630005,510.279999,482.147766,2758500
2023-09-26,508.940002,509.420013,504.380005,505.450012,477.584106,2420200
2023-09-27,506.230011,506.359985,501.049988,503.730011,475.958923,2593700
2023-09-28,505.970001,514.150024,505.01001,510.100006,481.977661,2922000
2023-09-29,509.850006,509.880005,503.799988,504.190002,476.393524,3006200
2023-10-02,505.529999,514.840027,503.140015,514.570007,486.201263,3550400
2023-10-03,513.299988,513.97998,508.359985,509.470001,481.382446,3143200
2023-10-04,509.48999,511.820007,506.609985,510.619995,482.469025,2801700
2023-10-05,511.619995,518.210022,511.230011,516.22998,487.769714,2790700
2023-10-06,516.450012,525.950012,515.97998,524.809998,495.876678,3647200
2023-10-09,521.150024,526.869995,520.25,526.51001,497.482971,2341600
2023-10-10,526.5,528.140015,523.080017,524.23999,495.338104,2455700
2023-10-11,520.919983,525.590027,520.22998,524.130005,495.234192,2819300
2023-10-12,524.469971,528.580017,522.25,525.539978,496.566467,2377300
2023-10-13,533.25,544.460022,532,539.400024,509.662384,5245400
2023-10-16,543.179993,546.780029,536.119995,538.030029,508.36792,3827600
2023-10-17,539.940002,542.429993,534.570007,536.650024,507.063965,2586000
2023-10-18,543.039978,543.97998,535.400024,536.059998,506.5065,2551400
2023-10-19,536.820007,538.340027,529.25,531.630005,502.320709,2351200
2023-10-20,531,534.429993,526.77002,527.030029,497.974396,2811100
2023-10-23,527.030029,527.780029,520.289978,521.570007,492.815308,2357700
2023-10-24,522.859985,530.669983,522.070007,525,496.056183,1978200
2023-10-25,527.27002,532.359985,520.080017,530.210022,500.979065,2380100
2023-10-26,525.700012,530.469971,522.52002,528.359985,499.230988,2675800
2023-10-27,525.98999,527.73999,521.26001,524.659973,495.734924,2585600
2023-10-30,525,531.820007,522.940002,529.98999,500.771179,2555400
2023-10-31,535,536.679993,531.619995,535.559998,506.034149,2464200
2023-11-01,529.97998,535.830017,526.799988,531.599976,502.292358,2747400
2023-11-02,532,536.840027,526.950012,536.130005,506.572693,2350900
2023-11-03,534.570007,535.97998,528.799988,530.900024,501.631073,2739500
2023-11-06,531.630005,536.02002,530.049988,533.460022,504.049866,2684900
2023-11-07,535.359985,539.650024,531.52002,537.830017,508.178894,2604800
2023-11-08,540,541.400024,534.140015,536.72998,507.139557,1769200
2023-11-09,537.599976,540.909973,534.47998,539,509.284363,1819600
2023-11-10,542.679993,542.679993,536.02002,541.210022,511.372559,2480800
2023-11-13,541.150024,544.150024,537.909973,542.570007,512.657654,1507900
2023-11-14,539.030029,542.669983,536.51001,540.460022,510.663849,2454000
2023-11-15,540.049988,540.460022,531.700012,538.409973,508.726898,2473700
2023-11-16,538.409973,544.859985,537.469971,539.820007,510.059113,2360300
2023-11-17,540.27002,540.52002,528.340027,536.289978,506.723755,2676900
2023-11-20,533.609985,536.340027,531.799988,535.099976,505.599335,2518400
2023-11-21,537.77002,541.669983,534.190002,539.590027,509.841827,2115700
2023-11-22,542.969971,544.400024,540.26001,543.76001,513.782043,2234500
2023-11-24,544.929993,547.590027,542.809998,547.099976,516.937744,1135000
2023-11-27,547.099976,550.890015,541.530029,543.590027,513.621399,2675800
2023-11-28,545.630005,545.820007,540.070007,540.530029,510.730133,2859300
2023-11-29,530,541.859985,528.650024,534.97998,505.486053,4550000
2023-11-30,535.789978,553.940002,534.01001,552.969971,522.484131,7121200
2023-12-01,550.419983,554.700012,545.159973,547.159973,518.758301,3462200
2023-12-04,548.26001,551.869995,543.039978,548.280029,519.820068,2709200
2023-12-05,549.099976,552.530029,545.349976,550.26001,521.697327,2645600
2023-12-06,547.559998,551.880005,547.099976,549.530029,521.005249,2239700
2023-12-07,551.349976,551.51001,544.52002,548.27002,519.810669,2511700
2023-12-08,550.219971,551.72998,544.539978,549.77002,521.232788,2039900
2023-12-11,549.76001,550,539.059998,543.679993,515.458862,3655300
2023-12-12,545.799988,547.48999,542.650024,545.719971,517.392944,2706100
2023-12-13,544,549.419983,538.590027,549.01001,520.512268,2876600
2023-12-14,544.299988,544.919983,529.400024,534.23999,506.508881,5386800
2023-12-15,530,533.5,522.960022,531.119995,503.550873,9030100
2023-12-18,529.109985,531.469971,525.22998,526.549988,499.218048,3260300
2023-12-19,524.590027,527.619995,521.780029,524.039978,496.838348,3645600
2023-12-20,523.849976,524.830017,515.869995,515.929993,489.149323,3847800
2023-12-21,518.880005,520.820007,516.5,519.880005,492.894257,2491600
2023-12-22,519.880005,523.01001,518.02002,520.309998,493.301941,1759500
2023-12-26,519.880005,521.47998,517.969971,520.030029,493.03653,1390800
2023-12-27,519.75,523.159973,519.359985,522.789978,495.653137,1851800
2023-12-28,523.469971,527.869995,522.940002,524.900024,497.653748,2001000
2023-12-29,525.97998,528.23999,523.919983,526.469971,499.142212,2080100
2024-01-02,526.840027,539.659973,526.669983,539.340027,511.344177,3415700
2024-01-03,543.039978,546.789978,539.47998,542.030029,513.894592,2891400
2024-01-04,545,549,543,545.419983,517.108521,2994400
2024-01-05,547,547,533.72998,537.380005,509.48587,2815400
2024-01-08,539.400024,540.25,528,536.52002,508.670532,2648900
2024-01-09,538,539.609985,532.330017,538.369995,510.42453,2677000
2024-01-10,538.099976,541.200012,536.150024,537.640015,509.732422,2180000
2024-01-11,536.130005,540.159973,534.530029,539.679993,511.666473,2814100
2024-01-12,518.859985,528.47998,513.130005,521.51001,494.439728,6327300
2024-01-16,523.710022,524.5,516.549988,519.150024,492.202179,3736700
2024-01-17,521.280029,530.659973,520,524.940002,497.69162,3791300
2024-01-18,505.230011,516.840027,497.459991,516.340027,489.538055,7367000
2024-01-19,515,517.549988,501.820007,503.559998,477.421387,6143400
2024-01-22,503.940002,513.570007,496.5,512.98999,486.361877,5922900
2024-01-23,512.5,518.080017,512.080017,515.52002,488.76062,2672900
2024-01-24,517.900024,521.72998,512.950012,513.22998,486.589417,2918800
2024-01-25,487.589996,495.51001,479,493.399994,467.788788,14671000
2024-01-26,493.279999,503.690002,489.899994,503.200012,477.080078,6212200
2024-01-29,503.109985,506.51001,501.149994,504.540009,478.350586,4554100
2024-01-30,504.540009,506.049988,499.220001,503.609985,477.468781,4931200
2024-01-31,504.51001,515,504.51001,511.73999,485.176788,5358100
2024-02-01,508.829987,510.220001,503,507.140015,480.815613,4242600
2024-02-02,508.25,512.909973,505.390015,510.230011,483.745148,3804500
2024-02-05,509.959991,514.200012,500.049988,502.959991,476.852539,3646300
2024-02-06,503.940002,510.940002,502.450012,510.670013,484.162354,2745400
2024-02-07,514.01001,521,512.690002,519.390015,492.429688,4109100
2024-02-08,520.630005,522.159973,517.280029,520.090027,493.093414,3343000
2024-02-09,518.98999,520.390015,516.289978,518.219971,491.320435,2715400
2024-02-12,518.219971,518.98999,512.809998,517.640015,490.770599,3194000
2024-02-13,522,526.929993,514.210022,516.849976,490.021545,3436000
2024-02-14,515.26001,518.530029,514.289978,516.940002,490.106873,1918500
2024-02-15,517.340027,521.75,515.799988,520.880005,493.842377,2292100
2024-02-16,522.299988,523.789978,518.890015,521.549988,494.477539,2135500
2024-02-20,524.210022,525.369995,519.409973,521.059998,494.013062,2600200
2024-02-21,523.669983,523.690002,517.539978,521.969971,494.875763,2095900
2024-02-22,524.200012,526.73999,518.590027,526.5,499.170715,3186800
2024-02-23,526.75,530.5,524.159973,527.23999,499.872192,2502000
2024-02-26,528.320007,532.809998,524.309998,525.320007,498.051971,2308900
2024-02-27,524.76001,525.590027,512.049988,513.419983,486.769562,3780600
2024-02-28,495.440002,498.549988,484.390015,498.279999,472.415466,9558600
2024-02-29,498.5,501.75,491.600006,493.600006,467.978394,6833200
2024-03-01,489.420013,490.019989,477.25,489.529999,464.11972,7315000
2024-03-04,483.23999,487.040009,480.100006,481.869995,456.8573,5239800
2024-03-05,482.390015,482.899994,470.619995,473.149994,448.589935,5296200
2024-03-06,474.440002,479.799988,468.190002,472.600006,448.068481,5577500
2024-03-07,474,481.190002,473.600006,478.779999,453.927704,5102000
2024-03-08,478.329987,484.25,474.769989,476.570007,453.613586,4673600
2024-03-11,477,490.309998,476,489.149994,465.587555,4410100
2024-03-12,488.130005,492.279999,487.350006,489.350006,465.777954,4153800
2024-03-13,493.519989,496,485.329987,488,464.493011,3669000
2024-03-14,488.720001,489.679993,485.190002,489,465.444824,3378500
2024-03-15,487.450012,491.220001,487.450012,490.820007,467.177155,5713500
2024-03-18,492.100006,492.100006,486.380005,487.049988,463.588745,2970500
2024-03-19,489.670013,493.440002,487.790009,493.320007,469.556732,2511700
2024-03-20,492.470001,494.600006,489.440002,494.230011,470.422943,3548200
2024-03-21,492.279999,496.200012,491.279999,491.690002,468.005249,3693400
2024-03-22,495.200012,495.829987,489.769989,490.070007,466.463287,2847300
2024-03-25,490.600006,491.480011,484.070007,485.880005,462.475098,2786100
2024-03-26,488.130005,493.339996,485.230011,492.309998,468.595337,3113300
2024-03-27,493.700012,495.730011,491.309998,493.100006,469.34729,2653100
2024-03-28,495,495.869995,489.299988,494.700012,470.87027,3820000
2024-04-01,494.470001,495.779999,488.700012,489.700012,466.111115,2928700
2024-04-02,459.600006,463.679993,449.600006,458.140015,436.071381,11867000
2024-04-03,462,462.850006,455.549988,459.73999,437.594269,4460400
2024-04-04,460.820007,461.720001,451.920013,455.380005,433.444336,5182000
2024-04-05,450.690002,457.75,450.01001,455.73999,433.786957,5747400
2024-04-08,455.970001,457.200012,453.589996,456,434.034424,4532300
2024-04-09,454.279999,459.76001,452.459991,459.720001,437.575287,3521200
2024-04-10,455.48999,458.73999,449.779999,450.049988,428.371033,4493500
2024-04-11,450.390015,450.769989,441.480011,441.720001,420.442322,5844100
2024-04-12,440.339996,442.23999,436.380005,439.200012,418.043701,6045700
2024-04-15,442,448.350006,441.98999,445.630005,424.16394,5376800
2024-04-16,476.769989,479.75,465.600006,468.890015,446.303528,11816500
2024-04-17,478.600006,488,474.589996,478.98999,455.916962,8759800
2024-04-18,486.130005,502,485.970001,493.179993,469.423431,8880400
2024-04-19,497,507.299988,495.559998,501.130005,476.990509,6618600
2024-04-22,497.779999,499.420013,490.640015,491.230011,467.567413,4697700
2024-04-23,491,494.309998,484.970001,486.179993,462.760651,3646700
2024-04-24,483.779999,488.859985,480.709991,487.299988,463.826721,3724400
2024-04-25,488.959991,497.130005,487.529999,493.859985,470.070679,4329700
2024-04-26,492,497.230011,491.399994,495.350006,471.488953,2727000
2024-04-29,495.709991,497.350006,487.769989,489.029999,465.473358,2192100
2024-04-30,488.959991,489.709991,482.589996,483.700012,460.400146,3367500
2024-05-01,479.26001,489.190002,477.070007,484.109985,460.790344,2729200
2024-05-02,484.279999,493.690002,483.940002,492.970001,469.223602,3561400
2024-05-03,490.859985,492.790009,485.779999,492.450012,468.728668,2487600
2024-05-06,492.480011,494.869995,492,494.380005,470.565704,2029500
2024-05-07,496,501.649994,495.040009,500.959991,476.828735,3752100
2024-05-08,504.170013,507,500.079987,503.209991,478.970306,3078900
2024-05-09,502.140015,507.970001,502.140015,507.029999,482.606262,2342900
2024-05-10,509,513.580017,507,512.809998,488.107849,2784600
2024-05-13,512.049988,514.669983,507.309998,511.73999,487.089417,2454500
2024-05-14,514.580017,516.169983,507.299988,513.880005,489.126373,2949700
2024-05-15,514.830017,522.590027,514.830017,517.549988,492.619568,2981200
2024-05-16,520,528.159973,519.51001,521.27002,496.160461,3655800
2024-05-17,522.940002,525.849976,520.01001,524.630005,499.35849,2657200
2024-05-20,524.630005,524.630005,516.539978,517.22998,492.314941,2476200
2024-05-21,518.320007,524.719971,515.919983,523.549988,498.330566,2521900
2024-05-22,522.820007,526.280029,520.650024,521.349976,496.236481,2299100
2024-05-23,518.320007,520.22998,515.22998,516.830017,491.934265,3055400
2024-05-24,516.109985,517.140015,507.519989,508.170013,483.691437,2527800
2024-05-28,506.649994,506.649994,501.899994,503.679993,479.417664,2912800
2024-05-29,492.339996,493.899994,473.269989,484.720001,461.370941,7521600
2024-05-30,482.320007,486.029999,478,481.649994,458.448883,5169700
2024-05-31,482.410004,498.410004,482.410004,495.369995,471.507996,6694800
2024-06-03,494.130005,498.679993,493.070007,497.440002,473.478302,2795100
2024-06-04,498.559998,508.269989,494.589996,505.48999,481.140503,3178400
2024-06-05,508.700012,509.100006,498.799988,503.119995,478.884644,2464400
2024-06-06,503.649994,504.700012,497.279999,501.920013,477.742493,2419600
2024-06-07,502.040009,502.859985,490.420013,490.690002,467.053375,3416300
2024-06-10,491,495.390015,486.190002,495,471.155731,3332800
2024-06-11,490.859985,497.779999,490.290009,496.220001,472.317047,4599700
2024-06-12,500,500,487.420013,493.070007,469.318756,4048200
2024-06-13,490.279999,502,484.380005,497.299988,473.344971,4951700
2024-06-14,496.829987,497.850006,491.730011,497.119995,473.173676,3188400
2024-06-17,491.329987,493.119995,488.700012,489.230011,467.639191,2407200
2024-06-18,490.709991,491.660004,479.040009,481.049988,459.820221,3692700
2024-06-20,480.040009,485.920013,478.109985,484.519989,463.137024,5258100
2024-06-21,484.440002,488.299988,480.589996,482.589996,461.292236,6368600
2024-06-24,488.859985,490.890015,484.5,489.980011,468.35611,5139800
2024-06-25,490.640015,490.640015,480.600006,484.5,463.118011,2916100
2024-06-26,484.5,487.440002,481.470001,484.040009,462.678253,3153100
2024-06-27,485.049988,488.980011,482.049988,486.440002,464.972321,2991900
2024-06-28,496.369995,509.399994,489.410004,509.26001,486.785248,22734200
2024-07-01,506.75,508.910004,492.890015,494.649994,472.820007,4523100
2024-07-02,494.26001,498.470001,493.390015,498.23999,476.251556,3312000
2024-07-03,497.119995,498.079987,486.519989,489.890015,468.270081,2239200
2024-07-05,489,489.670013,484.5,488.01001,466.473053,3499000
2024-07-08,489.190002,493.880005,486.170013,489.339996,467.744324,3450600
2024-07-09,488.329987,495.399994,486.089996,492.109985,470.392059,3056800
2024-07-10,490.940002,501.5,490.119995,500.929993,478.822815,3189800
2024-07-11,497.700012,508.730011,497.700012,504.359985,482.101501,3535100
2024-07-12,506.920013,514.570007,503.429993,511.529999,488.955078,3570600
2024-07-15,524.23999,530.830017,513.799988,515.369995,492.62558,5128000
2024-07-16,533.900024,549.919983,527.130005,548.869995,524.647156,11062000
2024-07-17,554,573.609985,551.299988,573.280029,547.979858,10330800
2024-07-18,564.5,581.5,561.419983,564.340027,539.434509,6834800
2024-07-19,567.119995,569.900024,561.539978,565.330017,540.380676,4290400
2024-07-22,563.049988,564.25,557.080017,558.530029,533.880859,3377300
2024-07-23,558.789978,558.840027,552.809998,554.700012,530.219971,2785600
2024-07-24,560,561.130005,553.02002,559.75,535.046936,3156200
2024-07-25,562,569.890015,558.580017,559.679993,534.980103,3102900
2024-07-26,560,579.130005,560,569.719971,544.576965,3201900
2024-07-29,565.710022,571.349976,561.76001,566.75,541.738159,2965000
2024-07-30,566.900024,579.429993,565.98999,576.330017,550.895325,4139100
2024-07-31,565.440002,580.900024,562.320007,576.159973,550.732849,4713200
2024-08-01,577.200012,587.5,567.099976,572.77002,547.492432,3680800
2024-08-02,582.330017,591.539978,575.25,589.830017,563.7995,5094000
2024-08-05,582.119995,586.820007,566.76001,569.960022,544.806458,4587400
2024-08-06,568.210022,577.52002,562.530029,568.349976,543.267395,3216500
2024-08-07,566.609985,571.650024,557.030029,566.080017,541.097656,4320700
2024-08-08,564.369995,572.450012,564.369995,566.23999,541.250549,2860800
2024-08-09,564.539978,565.929993,557.630005,558.76001,534.100647,2976700
2024-08-12,562.320007,569,561.049988,565.289978,540.342529,2532400
2024-08-13,569.98999,575.72998,569,574.23999,548.897583,2369400
2024-08-14,575.23999,581.119995,573.27002,579.669983,554.087952,2344400
2024-08-15,579.669983,583.340027,573.51001,579.609985,554.030518,2751800
2024-08-16,580.919983,581.650024,574.099976,577.679993,552.185669,2728900
2024-08-19,578.080017,583.299988,577.070007,578.780029,553.237305,1847900
2024-08-20,579.849976,583.809998,575.5,580.650024,555.024719,1677500
2024-08-21,581.51001,583.390015,577.429993,578.070007,552.558533,2844300
2024-08-22,579.25,582.950012,570.619995,578.719971,553.17981,2282000
2024-08-23,581,585.210022,578.450012,584.51001,558.714294,2376400
2024-08-26,588.049988,592.090027,585.73999,587.130005,561.21875,1800000
2024-08-27,589.469971,592.340027,583.780029,587.349976,561.428955,1581900
2024-08-28,589.01001,592.840027,583.869995,588.539978,562.566467,1657000
2024-08-29,590.679993,592.609985,584.369995,591.570007,565.462769,1953200
2024-08-30,590,593.26001,586.590027,590.200012,564.153198,2944700
2024-09-03,592.52002,600.659973,591.820007,598.679993,572.258911,3175500
2024-09-04,600,607.940002,597.880005,604.179993,577.516296,2935000
2024-09-05,604.190002,606,589.669983,595.48999,569.209656,2144800
2024-09-06,595.869995,600.609985,592.26001,596.880005,570.538391,2926400
2024-09-09,598.320007,599.47998,575.27002,594.099976,567.881042,3411400
2024-09-10,595.210022,604.799988,591.150024,599.030029,572.593567,2863500
2024-09-11,589.140015,591.400024,578.969971,589.75,563.723145,3563600
2024-09-12,588.530029,590.51001,583.210022,588.419983,562.451843,3395800
2024-09-13,591.080017,597.679993,587.22998,594.320007,568.091431,2241900
2024-09-16,595,598.789978,587.76001,589.140015,565.136902,2548600
2024-09-17,586.01001,586.719971,576.390015,577.960022,554.412354,3416000
2024-09-18,576.859985,584.52002,572.309998,580.650024,556.992798,2988300
2024-09-19,583.719971,584.830017,574.580017,577.070007,553.558594,2945700
2024-09-20,571.700012,578.840027,569.650024,575,551.572937,5398700
2024-09-23,576.48999,579.429993,572,573.409973,550.047668,2386100
2024-09-24,570.820007,577.309998,566,575.190002,551.755188,3188500
2024-09-25,577.869995,581.109985,573.080017,576.309998,552.829651,2658800
2024-09-26,575,576.599976,570.909973,574.809998,551.390686,2751900
2024-09-27,577.679993,586.710022,576.590027,581.849976,558.14386,2986200
2024-09-30,583.5,586.419983,578.73999,584.679993,560.858582,3009700
2024-10-01,585,588.700012,580.77002,583.299988,559.534729,2648400
2024-10-02,604.26001,604.52002,584.25,592.309998,568.177734,3667000
2024-10-03,590.609985,593.22998,584.369995,592.75,568.59967,2645800
2024-10-04,592.130005,596.130005,588.440002,591.200012,567.112915,2462600
2024-10-07,588.789978,592.440002,583.330017,583.559998,559.784241,2591100
2024-10-08,588.059998,589.210022,579.559998,581.580017,557.884827,2231400
2024-10-09,582.159973,592.799988,580.609985,591.219971,567.132019,2207700
2024-10-10,595.179993,598.950012,592.76001,597.700012,573.348022,2143200
2024-10-11,596.48999,601.52002,596.200012,598.049988,573.683838,1909700
2024-10-14,599.109985,608.630005,597.380005,605.400024,580.734436,2447100
2024-10-15,552.02002,569.700012,543,556.289978,533.625305,11939400
2024-10-16,557.01001,576.179993,555.119995,571.340027,548.062134,5103900
2024-10-17,560.580017,569.469971,558.719971,566.030029,542.968445,5588700
2024-10-18,566.849976,570.950012,563.039978,569.609985,546.402527,3687000
2024-10-21,569.640015,579.280029,568.700012,571.469971,548.186768,3018000
2024-10-22,567.849976,573.039978,565.48999,569.859985,546.642334,2593800
2024-10-23,572.130005,574.140015,560,564.640015,541.63501,2911900
2024-10-24,564.98999,571.700012,560.309998,560.809998,537.96106,2590200
2024-10-25,566.159973,571.5,563.609985,564.559998,541.558289,2513700
2024-10-28,566.25,568.330017,562.809998,565.23999,542.210632,1826500
2024-10-29,562.820007,567.679993,560.659973,562.130005,539.227356,2600300
2024-10-30,561.25,570.309998,560.950012,562.960022,540.023499,2323600
2024-10-31,560.880005,568.450012,560.880005,564.5,541.500793,2490000
2024-11-01,565.119995,570.330017,563.900024,567.559998,544.436035,2548300
2024-11-04,566.73999,568.590027,555.419983,557.77002,535.044922,2656600
2024-11-05,558.280029,568.73999,554.400024,567.030029,543.927673,2608100
2024-11-06,603.900024,605.5,590.849976,596.690002,572.37915,6591300
2024-11-07,598.690002,607.640015,596.150024,605.450012,580.782349,5254300
2024-11-08,609,619.799988,605.200012,615.809998,590.720276,3875800
2024-11-11,616.900024,630.72998,613.919983,625.25,599.775696,3003200
2024-11-12,619.580017,624.47998,613.780029,614.669983,589.626648,2809400
2024-11-13,613,613.01001,603.059998,605.869995,581.185242,3409400
2024-11-14,603.47998,606,588.98999,593.150024,568.983521,3079200
2024-11-15,591.919983,598.929993,589.950012,592.22998,568.100952,3423900
2024-11-18,589.440002,594.140015,585.320007,589.650024,565.62616,2577100
2024-11-19,582.719971,586.840027,576.77002,577,553.491455,3198300
2024-11-20,582.710022,602.640015,581.549988,600.5,576.034058,3928600
2024-11-21,600,604,596.72998,597.48999,573.146545,2722900
2024-11-22,598.559998,601.26001,588.669983,590.869995,566.796387,3197900
2024-11-25,597.580017,609.840027,595.01001,605.830017,581.146851,5146200
2024-11-26,608.23999,608.469971,598.880005,606.789978,582.067688,2693600
2024-11-27,611.030029,617.450012,606.700012,608.380005,583.592957,2269800
2024-11-29,608.799988,615.780029,606.619995,610.200012,585.338806,2010800
2024-12-02,614,614,600.77002,608.52002,583.727173,3364900
2024-12-03,610.849976,615.75,604.820007,605.22998,580.571289,2329900
2024-12-04,611.02002,622.830017,606.969971,610.789978,585.904724,4147600
2024-12-05,605.640015,608.98999,573.890015,578.969971,555.381104,5943700
2024-12-06,582.109985,582.109985,544.140015,549.619995,527.22699,13003600
2024-12-09,552,562.97998,544.640015,560.619995,539.841431,7684700
2024-12-10,562,567.75,557.030029,565.190002,544.242126,5360600
2024-12-11,555.659973,558.099976,532.669983,533.530029,513.755493,10363000
2024-12-12,531.530029,534,514.190002,515.76001,496.644165,9403800
2024-12-13,515.640015,527.530029,510.720001,520.47998,501.189178,8202900
2024-12-16,518,521.700012,496.079987,498.5,480.023895,8880000
2024-12-17,487,495.600006,475.820007,485.519989,467.524933,14132700
2024-12-18,488.429993,506.540009,486,499.720001,481.198639,10147600
2024-12-19,500.140015,503.649994,486.23999,489.25,471.11673,7418100
2024-12-20,489.290009,502.640015,488.730011,500.130005,481.593445,10956900
2024-12-23,500.76001,508.779999,499.049988,506.339996,487.573273,4286000
2024-12-24,504.399994,506.100006,500.589996,506.100006,487.342163,1824400
2024-12-26,505.649994,512.219971,504.730011,511.149994,492.204987,3387000
2024-12-27,509.420013,513.179993,507.799988,509.98999,491.087982,3471800
2024-12-30,506.859985,509.730011,500.660004,507.799988,488.979156,5408600
2024-12-31,509.350006,511,503.339996,505.859985,487.111053,4214000
2025-01-02,508,512.109985,503.290009,504.51001,485.811096,4234900
2025-01-03,506.350006,516.289978,505.380005,513,493.986389,3019500
2025-01-06,513,520.299988,509.820007,513.669983,494.631561,4444800
2025-01-07,518.849976,519.5,511.220001,514.25,495.190094,3914500
2025-01-08,514.5,524.669983,509.51001,524.52002,505.079468,4141700
2025-01-10,526.640015,535.450012,518.469971,520.690002,501.391418,5467500
2025-01-13,535.039978,547.400024,533.140015,541.140015,521.083435,6472500
2025-01-14,539.650024,544.549988,536.549988,543.73999,523.587097,3978300
2025-01-15,537.099976,546.289978,534.330017,543.419983,523.27887,4103900
2025-01-16,530.349976,539.840027,510,510.589996,491.66571,9059900
2025-01-17,505.619995,521.820007,502.799988,509.76001,490.866516,7495700
2025-01-21,514.049988,525,512.820007,524.98999,505.531982,5682100
2025-01-22,521.659973,524.440002,516,519.719971,500.457367,3756100
2025-01-23,527.869995,531.47998,519.320007,529.77002,510.134918,4580800
2025-01-24,528.109985,534.630005,524.51001,532.51001,512.773315,3671200
2025-01-27,539.97998,551.909973,539.97998,543.52002,523.375244,4263000
2025-01-28,543.01001,546.5,537.840027,542.47998,522.373718,3162700
2025-01-29,541.72998,543.47998,534.01001,538.099976,518.156189,2737600
2025-01-30,539.469971,547.109985,535,545.570007,525.349304,2924700
2025-01-31,543.23999,549.159973,541.409973,542.48999,522.383362,4120500
2025-02-03,542,553.909973,541.070007,548.179993,527.862549,4083600
2025-02-04,545.200012,548.809998,541.51001,545.450012,525.233826,2869900
2025-02-05,530.72998,540.700012,521.909973,539.809998,519.802795,4621600
2025-02-06,537.890015,539.099976,525.27002,530.039978,510.394775,3926800
2025-02-07,529.200012,532.390015,525.390015,527.030029,507.496521,3349100
2025-02-10,527.669983,534.159973,523.380005,533.369995,513.601379,3143100
2025-02-11,535,547.539978,528.27002,533.919983,514.131042,2631900
2025-02-12,539.849976,542.349976,525.51001,527.400024,507.852722,3859200
2025-02-13,530.900024,534.330017,527.099976,531.179993,511.492584,2835100
2025-02-14,529,533.200012,522.909973,523.51001,504.106934,3705300
2025-02-18,510.940002,516,497,500.730011,482.171204,8759300
2025-02-19,501.329987,511.859985,498.149994,511.040009,492.099091,4380300
2025-02-20,505.190002,508.429993,500.23999,502.420013,483.798584,4144300
2025-02-21,439.549988,469.700012,438.5,466.420013,449.132904,19864900
2025-02-24,466.679993,468,457,461.519989,444.414459,6919300
2025-02-25,460.769989,470.76001,450.070007,470.380005,452.946106,9101000
2025-02-26,464.649994,473.049988,458.200012,463.589996,446.407715,5108400
2025-02-27,466.170013,475.399994,465.019989,468.559998,451.193542,4216800
2025-02-28,467,476.359985,464.480011,474.959991,457.356354,6146300
2025-03-03,474.369995,477.269989,465.209991,467.049988,449.739502,5700200
2025-03-04,469.75,479.209991,466.459991,474.609985,457.019287,5864100
2025-03-05,471.070007,479.079987,471.01001,475.980011,458.338531,3637100
2025-03-06,476,488.119995,472,487.720001,469.643402,4964000
2025-03-07,483.829987,499.920013,483.369995,493.480011,475.189941,5434100
2025-03-10,492.279999,497.850006,477.709991,480.220001,464.397644,5108900
2025-03-11,482.5,486.769989,477.140015,486.040009,470.025848,4101000
2025-03-12,483.140015,487.600006,478.820007,481.109985,465.25824,3680800
2025-03-13,479.450012,484.059998,475,481.519989,465.654724,2876600
2025-03-14,481,489.450012,478.23999,488.649994,472.549835,3915900
2025-03-17,487.51001,500.609985,485.950012,499.019989,482.578156,5152300
2025-03-18,502.23999,505.970001,497.820007,503.799988,487.200684,3617600
2025-03-19,505.040009,506.350006,500.059998,503.200012,486.620453,3317600
2025-03-20,505.25,514.390015,503.51001,511.299988,494.453552,4965400
2025-03-21,511.679993,519,505.089996,516.849976,499.820709,10244900
2025-03-24,515.080017,518.25,511.119995,516.5,499.482269,3840900
2025-03-25,518.280029,519,511.529999,513.429993,496.513397,3015100
2025-03-26,515.200012,522.950012,512.849976,518.200012,501.126251,3253800
2025-03-27,516.289978,521.080017,512.950012,515.719971,498.727936,2822200
2025-03-28,516.869995,520.97998,515.049988,516.039978,499.037384,2379100
2025-03-31,519.179993,528.119995,518.590027,523.75,506.493347,5238700
2025-04-01,525.73999,528.169983,520.950012,523.119995,505.884094,2962500
2025-04-02,522.950012,525,516.799988,523.200012,505.961487,2378900
2025-04-03,529.98999,548.5,529.289978,540.440002,522.633484,6457900
2025-04-04,540.640015,551.73999,524.840027,525.049988,507.750488,9919000
2025-04-07,513.400024,529.200012,503.589996,524.700012,507.412018,7356700
2025-04-08,582.169983,585.01001,547.460022,553.080017,534.856995,11762300
2025-04-09,560.140015,589.400024,554.460022,578.5,559.439514,12691900
2025-04-10,580.23999,601.880005,580,594.400024,574.815613,8646000
2025-04-11,588.919983,606.359985,586.530029,599.469971,579.718506,6121500
2025-04-14,595,595.630005,579.289978,587.059998,567.717407,4839300
2025-04-15,592.23999,592.859985,582.01001,583.590027,564.361755,3871300
2025-04-16,585.320007,594.809998,582.960022,585.039978,565.763977,4192100
2025-04-17,481.950012,489.790009,447.100006,454.109985,439.147888,29120200
2025-04-21,449.76001,453.5,424.809998,425.329987,411.316132,13029900
2025-04-22,424.640015,431.5,417.119995,427.179993,413.105164,10156900
2025-04-23,427.070007,438.850006,423.75,427.959991,413.859467,8345700
2025-04-24,427.570007,429.899994,423.649994,424.25,410.271759,7629100
2025-04-25,423.559998,423.559998,412.019989,418.640015,404.846588,9263800
2025-04-28,419.75,424.119995,415.549988,420,406.161743,6614300
2025-04-29,421.190002,421.75,409.100006,409.230011,395.746613,9909100
2025-04-30,409.029999,413.26001,401,411.440002,397.88382,9192800
2025-05-01,411.320007,411.98999,399.859985,400.679993,387.478271,9316800
2025-05-02,399.959991,402,393.109985,399.920013,386.743347,11392900
2025-05-05,399.119995,409.700012,397.589996,404.809998,391.472229,8157200
2025-05-06,402.799988,404.720001,393.420013,394.51001,381.511597,7858600
2025-05-07,395.350006,395.519989,385.700012,391.059998,378.175262,8517200
2025-05-08,390,390.920013,385.369995,385.549988,372.846802,7218300
2025-05-09,385.670013,386.549988,378.540009,380.640015,368.098602,8381100
2025-05-12,381,387.209991,376.839996,378.75,366.270844,11004800
2025-05-13,335.73999,342,309.100006,311.380005,301.120544,59478300
2025-05-14,321.450012,322.940002,307.109985,308.01001,297.861603,40029600
2025-05-15,274.899994,276.649994,248.880005,274.350006,265.310638,121849200
2025-05-16,279.290009,294.48999,269.140015,291.910004,282.292084,71094300
2025-05-19,304.769989,316.290009,297.25,315.890015,305.481995,62524700
2025-05-20,320.920013,324.640015,312.579987,321.579987,310.984467,41487000
2025-05-21,301,309.959991,300.070007,302.980011,292.997345,45506900
2025-05-22,293.890015,305.670013,292.5,296.670013,286.895264,27159600
2025-05-23,296.100006,299.700012,291.640015,295.570007,285.831512,16873600
2025-05-27,299.5,299.950012,289.130005,295,285.280273,20144600
2025-05-28,294,303.779999,293.279999,298.109985,288.287781,16114200
2025-05-29,296.799988,303.380005,295,298.170013,288.345856,16221100
2025-05-30,297.970001,305.640015,295.839996,301.910004,291.962585,16309300
2025-06-02,303.119995,313.549988,300.970001,304.720001,294.680023,19074400
2025-06-03,303.100006,305.720001,300.01001,301.220001,291.295349,12805700
2025-06-04,303.540009,307.640015,300.200012,300.380005,290.483032,11255600
2025-06-05,300.380005,302.420013,294.109985,295.839996,286.092621,13529000
2025-06-06,297.230011,304.390015,297.149994,303.220001,293.229431,12589000
2025-06-09,305.040009,307.399994,301.140015,303.190002,293.20047,12170300
2025-06-10,303.799988,305.119995,300.589996,303.790009,293.78064,11384100
2025-06-11,302.679993,311.579987,302.230011,310.559998,300.327637,14711400
2025-06-12,311.399994,318.799988,308.51001,318.5,308.006012,15957200
2025-06-13,315.899994,317.420013,311.910004,313.529999,303.199738,13762400
2025-06-16,313,313.269989,304.790009,307.660004,299.635223,14240100
2025-06-17,307.450012,309.950012,305.519989,308.869995,300.81366,11593900
2025-06-18,307.549988,311.790009,306.230011,307.200012,299.187225,12205600
2025-06-20,309.5,309.589996,301.589996,302.01001,294.132599,16177900
2025-06-23,301.899994,302.470001,295.519989,300.679993,292.83728,12274700
2025-06-24,301.450012,305.820007,299.329987,305.619995,297.648407,8781400
2025-06-25,304.380005,304.380005,299.799988,302.019989,294.142303,8722100
2025-06-26,302.570007,306.709991,301.290009,302.619995,294.726654,6532700
2025-06-27,302.950012,310.450012,302.200012,309.109985,301.047363,15304400
2025-06-30,309,312.380005,306.339996,311.970001,303.832794,10074100
2025-07-01,311.970001,326.549988,311.079987,326.140015,317.633209,17865500
2025-07-02,320.73999,322.420013,306.429993,307.559998,299.537842,18177200
2025-07-03,309.839996,312.25,308.230011,308.549988,300.502014,6161100
2025-07-07,308,308.609985,301.200012,303.709991,295.788239,9031200
2025-07-08,304.230011,308.299988,303.799988,307.700012,299.674194,9613800
2025-07-09,303.190002,303.600006,298.75,302.910004,295.009094,12816700
2025-07-10,303.059998,304.929993,296.600006,299.51001,291.697815,11355600
2025-07-11,300.019989,304.119995,298,304.100006,296.168091,9808200
2025-07-14,301.640015,304.040009,299,300.579987,292.739838,10681400
2025-07-15,299.709991,300.679993,291.029999,291.709991,284.101257,16019000
2025-07-16,292.549988,295.98999,290.75,292.48999,284.86087,9714000
2025-07-17,292.329987,293,283.829987,288.070007,280.556183,14792700
2025-07-18,287.890015,288.070007,280.809998,282.649994,275.277557,14979700
2025-07-21,284.640015,286.5,281.200012,282.140015,274.780884,10319200
2025-07-22,282.630005,287.109985,282,285.130005,277.692871,14600300
2025-07-23,287.5,292.640015,284.950012,292.51001,284.880371,13111100
2025-07-24,283.100006,289.209991,278.220001,278.579987,271.313721,22585200
2025-07-25,281,286.140015,279.940002,281.059998,273.729034,16486600
2025-07-28,283.5,285,279.690002,282.119995,274.761383,15779400
2025-07-29,265.700012,272.910004,260.549988,261.070007,254.260437,41706000
2025-07-30,264.799988,266.630005,258.119995,266.040009,259.10083,22371800
2025-07-31,261.399994,261.399994,247.75,249.559998,243.050644,29606900
2025-08-01,250.610001,251.490005,234.600006,237.770004,231.568176,39989200
2025-08-04,238.240005,242.25,236.949997,240.979996,234.694458,17427900
2025-08-05,241.160004,252.070007,240.050003,251,244.453094,23795900
2025-08-06,250.639999,253.160004,245.309998,245.779999,239.369247,12946400
2025-08-07,246.419998,248.75,239.5,244.669998,238.288193,11369900
2025-08-08,244.789993,251.080002,244.369995,250.889999,244.345963,10185700
2025-08-11,253.869995,258.399994,252.139999,252.369995,245.787354,11779500
2025-08-12,254.020004,262.880005,253.669998,261.570007,254.747391,12171800
2025-08-13,264.390015,272.190002,262.890015,271.809998,264.720306,19480300
2025-08-14,272.100006,273.850006,267,271.48999,264.40863,25011100
2025-08-15,301.709991,310.299988,294.709991,304.01001,296.080444,68198500
2025-08-18,313.179993,316.399994,307.420013,308.48999,300.443573,39600500
2025-08-19,308.899994,310.5,299.209991,304.23999,296.304413,22348600
2025-08-20,306.399994,307.200012,295.700012,299.839996,292.019165,16679000
2025-08-21,302.290009,306.570007,297.799988,303.350006,295.437622,13359000
2025-08-22,306.100006,310.679993,304.579987,307.420013,299.401459,14930000
2025-08-25,308.48999,308.869995,302.730011,304.859985,296.908264,8917100
2025-08-26,304.309998,308.959991,294.200012,300.429993,292.593781,16303200
2025-08-27,300.540009,305.970001,300.5,303.880005,295.953796,9982800
2025-08-28,304.25,304.470001,299.399994,302.290009,294.405273,11235000
2025-08-29,302.299988,310,300.910004,309.869995,301.787567,12065400
2025-09-02,308.309998,312.890015,307.299988,308.799988,300.745483,10957100
2025-09-03,308.109985,309.589996,303.700012,307.880005,299.849457,9654600
2025-09-04,306.100006,311.910004,304.100006,310.380005,302.284271,7725700
2025-09-05,310.440002,317.940002,308.200012,315.390015,307.163605,14126700
2025-09-08,319.709991,321.649994,313.799988,320.25,311.89682,18438600
2025-09-09,332.5,351.709991,327.160004,347.920013,338.845123,46408900
2025-09-10,345.559998,348.570007,341.399994,346.779999,337.734833,17804300
2025-09-11,349,360.980011,345.839996,353.609985,344.386658,18943500
2025-09-12,355.899994,362.309998,352.459991,352.51001,343.315399,14016200
2025-09-15,351.26001,351.709991,342.529999,347.890015,340.953461,11035900
2025-09-16,347.5,349.040009,338.320007,339.779999,333.005127,12695800
2025-09-17,337.690002,343,337.690002,341.609985,334.798676,8467700
2025-09-18,343.529999,344.929993,334.119995,334.820007,328.144043,11255600
2025-09-19,336.5,340.959991,333.839996,336.690002,329.976746,13656800
2025-09-22,334.459991,342.480011,332.600006,341.299988,334.494812,8903700
2025-09-23,341,352.700012,339.959991,347.690002,340.757416,12504100
2025-09-24,350.200012,354.5,347.839996,351.809998,344.795288,9016300
2025-09-25,348.899994,350.190002,343.600006,345.559998,338.669891,8104900
2025-09-26,347.929993,349.970001,341.299988,344.079987,337.21936,6774700
2025-09-29,343.980011,345.549988,341.450012,345.179993,338.297455,6878900
2025-09-30,343.75,349.320007,342.329987,345.299988,338.41507,7429700
2025-10-01,343.899994,348.700012,341.630005,348.299988,341.355255,8825500
2025-10-02,347.290009,355.079987,344.649994,353.720001,346.667206,8564200
2025-10-03,357.25,368,356.609985,360.200012,353.018005,13494800
2025-10-06,361.029999,362.519989,357.109985,358.769989,351.616486,7181700
2025-10-07,359.410004,364.720001,358.059998,363.660004,356.408997,7236200
2025-10-08,366.929993,374.630005,365.799988,369.920013,362.544189,9438300
2025-10-09,372.519989,376.220001,366.079987,367.690002,360.358643,8759800
2025-10-10,369.399994,369.399994,352.51001,354.5,347.43161,13141900
2025-10-13,354.73999,359.160004,353.320007,358.660004,351.508698,5659400
2025-10-14,354.950012,362.329987,353.399994,359.929993,352.753357,5974800
2025-10-15,359.390015,364.220001,355.850006,361.149994,353.949005,6579600
2025-10-16,361.839996,362,354.399994,356.670013,349.55838,5872100
2025-10-17,351,358.390015,350.829987,356.600006,349.489777,8608400
2025-10-20,358.540009,365.570007,357.51001,364.480011,357.212677,5996500
2025-10-21,365.140015,371.049988,361.5,365.369995,358.0849,6885300
2025-10-22,363.959991,364,358,361.48999,354.282227,7833000
2025-10-23,355.579987,362.279999,353.640015,360.450012,353.263,5756700
2025-10-24,361.369995,365.420013,360.029999,362.5,355.272125,5462100
2025-10-27,363.5,366.220001,361.399994,365.980011,358.682739,7766400
2025-10-28,380.679993,381,358.630005,367.839996,360.505646,18858700
2025-10-29,364.279999,366.149994,353.880005,355.26001,348.176483,11874900
2025-10-30,347.519989,354.540009,343.600006,344.75,337.876068,11441900
2025-10-31,344.390015,346.279999,337.119995,341.559998,334.749634,8390800
2025-11-03,339.130005,340.700012,326.600006,333.790009,327.134583,11181400
2025-11-04,327.630005,336.5,327.200012,330.829987,324.233582,9646600
2025-11-05,326.299988,330.209991,324.220001,327.73999,321.2052,9697100
2025-11-06,328.920013,332.369995,321.450012,321.559998,315.148407,7922100
2025-11-07,319.660004,324.549988,314.160004,324.209991,317.745575,9402900
2025-11-10,319.98999,324.25,317.170013,321.579987,315.167999,9283800
2025-11-11,323.299988,327.859985,319.880005,327.450012,320.92099,7157800
2025-11-12,328.450012,343.170013,327.079987,339.059998,332.299469,10403300
2025-11-13,338.350006,339.029999,331.290009,332.519989,325.889893,7788700
2025-11-14,326.950012,328.209991,320.48999,321.859985,315.442413,8676500
2025-11-17,320.600006,327.880005,319.429993,320.519989,314.12915,6485400
2025-11-18,317.01001,317.5,308.769989,313.579987,307.327515,9182100
2025-11-19,313.929993,315,304.529999,309.089996,302.927032,8181100
2025-11-20,310.809998,314.75,310,311.540009,305.328217,7337600
2025-11-21,311.910004,323.839996,311.440002,319.970001,313.590149,8406300
2025-11-24,324.529999,325.850006,317.619995,319.049988,312.688507,10773800
2025-11-25,321.119995,328,320.899994,326.279999,319.774292,6149100
2025-11-26,326.589996,335.190002,325.890015,329.709991,323.135925,5504200
2025-11-28,331.670013,332.059998,328.890015,329.769989,323.194733,2464500
2025-12-01,327.160004,330.059998,323.029999,323.209991,316.765503,6154600
2025-12-02,323.369995,328.700012,322.799988,324.540009,318.069031,7978100
2025-12-03,326,341.410004,325.01001,339.709991,332.936523,9770000
2025-12-04,339.399994,341.26001,328.720001,333.48999,326.840546,8061600
2025-12-05,335,335.709991,328.51001,330.910004,324.312012,5906000
2025-12-08,328.700012,329.100006,322.829987,323.619995,319.299805,4782800
2025-12-09,323.160004,326.359985,322.480011,323.600006,319.28009,4628400
2025-12-10,322.75,328.730011,319.600006,328.369995,323.98642,5910500
2025-12-11,330.369995,339.25,328.76001,336.730011,332.234802,7513200
2025-12-12,337.5,344.980011,337.369995,341.839996,337.276611,7979000
2025-12-15,340.98999,344.959991,337,341.100006,336.546478,6447200
2025-12-16,340.420013,340.98999,331.029999,334.200012,329.738617,6334000
2025-12-17,333.609985,335.519989,330.480011,331.630005,327.202911,4685600
2025-12-18,328.929993,330.179993,324.570007,328.140015,323.759521,6354900
2025-12-19,328.059998,334.600006,326.070007,327.420013,323.049103,10553000
2025-12-22,322.899994,329.799988,321.649994,325.160004,320.819275,7872400
2025-12-23,324,327.799988,323.76001,324.799988,320.46405,4463300
2025-12-24,325.200012,328.98999,324.130005,327.579987,323.20694,2842700
2025-12-26,327.200012,331.890015,326.26001,331.829987,327.400208,4359300
2025-12-29,330.890015,334.25,328.279999,328.940002,324.548798,4346800
2025-12-30,329.730011,336.149994,329.51001,332.160004,327.72583,4432500
2025-12-31,332.320007,333.329987,329.880005,330.109985,325.703186,4285200
2026-01-02,330.899994,340.26001,327.5,336.399994,331.90921,6863600
2026-01-05,335.450012,346.940002,333.850006,342.019989,337.454193,7956600
2026-01-06,348.350006,352.609985,345.119995,348.970001,344.311401,9441900
2026-01-07,348.980011,350.109985,338.040009,341.700012,337.138489,7461400
2026-01-08,341.01001,347.899994,340.799988,346.850006,342.219727,5059300
2026-01-09,347.25,349.059998,342.480011,343.980011,339.388062,4129100
2026-01-12,341.420013,342.649994,333.940002,340.51001,335.964355,7146400
2026-01-13,341.5,341.839996,332.850006,333.929993,329.472168,5605900
2026-01-14,335.369995,340.109985,334.100006,334.959991,330.488434,5740900
2026-01-15,335.200012,339.450012,328.059998,338.959991,334.435059,6943500
2026-01-16,334.859985,336.200012,330.429993,331.019989,326.601044,8039100
2026-01-20,327.399994,339.890015,326.5,338.429993,333.912109,7596500
2026-01-21,339.429993,348.079987,338.690002,347.75,343.107697,8933300
2026-01-22,347.179993,354.950012,346.769989,354.470001,349.738007,7491400
2026-01-23,354.279999,357.869995,352.98999,356.26001,351.504089,9082200
2026-01-26,353.950012,354.790009,347.269989,351.640015,346.94577,10399500
2026-01-27,293.970001,299.5,280.399994,282.700012,278.926086,65836900
2026-01-28,283.720001,294.940002,283.720001,294.019989,290.094971,23396900
2026-01-29,294.329987,295.600006,289.220001,292.290009,288.388062,13456400
2026-01-30,292.100006,292.950012,284.700012,286.929993,283.099609,12022200
2026-02-02,286.019989,290.399994,282.279999,285.589996,281.777527,8664200
2026-02-03,284.700012,288.089996,278.600006,284.179993,280.386322,10809100
2026-02-04,282.01001,284.5,274.049988,275.920013,272.236603,12944100
2026-02-05,274.290009,276.890015,266.290009,268.549988,264.964966,13035300
2026-02-06,267.059998,277.809998,266.410004,276.649994,272.956848,9572800
2026-02-09,274.149994,280.179993,273.320007,275.700012,272.019562,10371600
2026-02-10,277.519989,279.48999,272.649994,273.220001,269.572662,7284700
2026-02-11,272.440002,279.690002,269.799988,278.910004,275.186676,6333100
2026-02-12,278.160004,286.309998,275.809998,284.369995,280.573792,12336900
2026-02-13,285.630005,293.459991,284.51001,293.190002,289.276031,10281900
2026-02-17,294,294.230011,288.339996,289.089996,285.230774,6091700
2026-02-18,290,290.130005,286.290009,288.200012,284.352692,6632000
2026-02-19,290.890015,290.890015,286.890015,289.929993,286.05957,4931800
2026-02-20,288.899994,290.799988,285.549988,290,286.128632,6974100
2026-02-23,288.549988,291.769989,281.670013,282.339996,278.570892,7247500
2026-02-24,282.200012,282.399994,271.799988,273.950012,270.292908,9684500
2026-02-25,277.290009,284.73999,276.869995,284.200012,280.406067,11380600
2026-02-26,286.980011,295.26001,285.230011,286.660004,282.833221,10210000
2026-02-27,284.700012,294.130005,283.850006,293.269989,289.35495,9723300
2026-03-02,288.160004,295.309998,287.5,294.929993,290.992828,8141400
2026-03-03,288.98999,293.73999,284.359985,289.209991,285.349182,7051100
2026-03-04,289.01001,294.339996,287.679993,291.959991,288.062439,7796000
2026-03-05,290.049988,291.390015,286.73999,288.769989,284.915039,5397900
2026-03-06,287.339996,291.329987,283.049988,286.480011,282.65564,6816900
2026-03-09,282,285.200012,278.660004,285.170013,283.550537,10348800
2026-03-10,287.380005,287.579987,278.899994,282.339996,280.736572,6075600
2026-03-11,282.380005,286.220001,280.600006,285.25,283.630066,6878800
2026-03-12,284.779999,287.559998,276.290009,277.049988,275.476624,10512300
2026-03-13,278.059998,282.880005,277.809998,282.089996,280.488007,4737600
2026-03-16,283.980011,287.399994,281.040009,285.48999,283.868683,4854000
2026-03-17,287.799988,288.98999,284.839996,287.570007,285.93689,5752000
2026-03-18,285.200012,288.399994,283.070007,284.329987,282.715271,4544100
2026-03-19,284,287.549988,280.070007,280.440002,278.847382,5542100
2026-03-20,278.98999,283.100006,275,275.589996,274.024933,38893000
2026-03-23,279.140015,280.75,269.089996,269.540009,268.009277,10424200
2026-03-24,268.869995,273.380005,267.589996,272.279999,270.733704,5911700
2026-03-25,275,276.079987,267.109985,270.549988,269.013519,8121200
2026-03-26,269.98999,274.640015,267.179993,268.049988,266.52774,6218800
2026-03-27,267.5,267.670013,255.970001,259.019989,257.549011,10735300
2026-03-30,260.179993,262.329987,256.670013,261.790009,260.303314,7774700
2026-03-31,263,271.880005,262.609985,270.589996,269.053314,9170800
2026-04-01,274.209991,275.299988,270.76001,273.980011,272.424072,5473400
2026-04-02,272.290009,279.040009,271.529999,277.26001,275.685455,6407000
2026-04-06,277.880005,283.299988,277.25,281.359985,279.762146,7097000
2026-04-07,308.850006,312.429993,300.75,307.730011,305.982422,22099800
2026-04-08,312,312.970001,304.829987,305.980011,304.24234,9645000
2026-04-09,305.820007,307.890015,304.140015,306.910004,305.167053,5742000
2026-04-10,307.950012,310.369995,304.200012,304.329987,302.601685,5212900
2026-04-13,303.25,313.320007,302.920013,313,311.222473,7972200
2026-04-14,312.51001,319.619995,312.51001,314.190002,312.405701,5864500
2026-04-15,316,317.76001,311.149994,314.049988,312.266479,5041200
2026-04-16,315,318.609985,313.109985,316.399994,314.603149,5205600
2026-04-17,320.049988,325.269989,317.140015,324.630005,322.786438,9414700
2026-04-20,324.190002,325.399994,320.119995,323.480011,321.642975,9050600
2026-04-21,353.01001,357.679993,345.230011,346.01001,344.045013,26097300
2026-04-22,350.880005,358.559998,349.100006,353.519989,351.51236,11807300
2026-04-23,354.679993,356.850006,350.5,354.559998,352.546448,7255800
2026-04-24,356.48999,358.279999,351.390015,354.920013,352.904419,8554600
2026-04-27,353.910004,356.48999,348.950012,354.690002,352.67572,7256100
2026-04-28,356.839996,369.630005,355.720001,366.769989,364.687103,10604100
2026-04-29,366,370.839996,365.01001,370.73999,368.634552,9046600
2026-04-30,368.51001,371.98999,363,370.480011,368.376038,6879900
2026-05-01,371.959991,372.899994,367.019989,368.779999,366.685699,4945400
2026-05-04,368.549988,370.829987,364.649994,370.75,368.644501,4916900
2026-05-05,370.480011,371.799988,361.809998,363.869995,361.803558,6489000
2026-05-06,363.100006,368.549988,358.25,367.279999,365.194214,6695500
2026-05-07,366.640015,369.809998,364.720001,369.73999,367.640228,5235400
2026-05-08,371.98999,379.980011,371.98999,379.980011,377.822113,6455100
2026-05-11,380.450012,384.809998,376.070007,384.440002,382.256775,6949600
2026-05-12,382.850006,397.420013,382.01001,396.390015,394.138916,9236300
2026-05-13,396.5,404.149994,393,401.160004,398.881805,8454100
2026-05-14,401,401.899994,396,399.089996,396.823547,5342500
2026-05-15,394.299988,397.630005,390.25,393.850006,391.613342,9811200
2026-05-18,390,392.140015,383.5,391.130005,388.908783,8400700
2026-05-19,390,394.98999,387.51001,389.23999,387.02948,5016800
2026-05-20,389.549988,393.380005,380.700012,383.299988,381.12323,7783900
2026-05-21,381.119995,386.109985,380.540009,382.480011,380.307892,4732500
2026-05-22,381.920013,390.540009,381.01001,388.470001,386.263885,5598600
2026-05-26,386,386.519989,376.410004,376.859985,374.719788,6498100
2026-05-27,378.429993,384.529999,377.089996,384.01001,381.829224,4544000
2026-05-28,384.959991,389.26001,380.959991,382.529999,380.357605,4330800
2026-05-29,383.779999,385.119995,375.450012,380.309998,378.150208,10257900
2026-06-01,376.109985,383.350006,375.920013,379.859985,377.702759,6623700
2026-06-02,377.980011,380.079987,374.720001,377.920013,375.773804,3874400
2026-06-03,380,387.459991,376.809998,377,374.859009,6808400
2026-06-04,390,401.380005,389.820007,396.470001,394.218445,12666100
2026-06-05,399.540009,404.040009,397.200012,399.470001,397.201416,10897300
2026-06-08,397.130005,408.709991,394.98999,406.570007,404.261078,6963200
2026-06-09,409.98999,413,407.440002,413,410.654572,8590400
2026-06-10,413.5,415.980011,404.549988,407.459991,405.146027,6512900
2026-06-11,408.709991,409.980011,403.109985,405.549988,403.246857,4938100
2026-06-12,409.01001,409.890015,404.809998,408.519989,406.200012,7269600
2026-06-15,406.700012,414.160004,399.649994,411.040009,411.040009,6777900
2026-06-16,410.679993,411.75,406.540009,407.649994,407.649994,4815100
2026-06-17,409.119995,411.160004,398.589996,399.529999,399.529999,5838800
2026-06-18,402.769989,406.200012,399.149994,400.959991,400.959991,11896900
2026-06-22,402.140015,409.459991,402.140015,406.679993,406.679993,5818600
2026-06-23,409.519989,409.899994,402.839996,409.25,409.25,6675900
2026-06-24,410.540009,413.429993,400,405.799988,405.799988,6858800
2026-06-25,406.649994,417.579987,406.649994,415.529999,415.529999,6014400
2026-06-26,416.160004,427.929993,416.160004,427.890015,427.890015,10588200
2026-06-29,426.529999,426.700012,415.809998,419.820007,419.820007,5167400
2026-06-30,422.720001,422.73999,413.25,415.630005,415.630005,5779800
2026-07-01,417.109985,428.019989,413.730011,426.540009,426.540009,4980400
