Date,Open,High,Low,Close,Adj Close,Volume
2008-06-26,49.919998,49.990002,49.34,49.580002,33.874279,15800
2008-06-27,51.450001,51.450001,49.259998,49.5,33.819618,26800
2008-06-30,51.720001,51.720001,49.360001,49.540001,33.846943,23900
2008-07-01,49.130001,49.599998,47.740002,49.099998,33.546333,55100
2008-07-02,49.540001,49.689999,48.380001,48.380001,33.054417,74700
2008-07-03,48.77,48.810001,48.060001,48.509998,33.143223,17600
2008-07-07,48.779999,48.799999,47.799999,48.41,33.074905,55500
2008-07-08,48.119999,48.560001,47.169998,48.5,33.136398,54300
2008-07-09,49.389999,49.389999,47.900002,47.939999,32.75378,28900
2008-07-10,48.310001,48.310001,47.599998,47.860001,32.699135,20800
2008-07-11,48.25,48.25,47.189999,47.650002,32.555656,22500
2008-07-14,48.799999,48.799999,47.279999,47.490002,32.446354,37900
2008-07-15,47.07,47.439999,46.34,46.759998,31.947594,24800
2008-07-16,46.849998,47.720001,46.59,47.720001,32.603481,23700
2008-07-17,48.310001,48.52,47.84,48.330002,33.020241,26000
2008-07-18,48.48,48.549999,47.66,48.279999,32.986088,18300
2008-07-21,48.889999,48.889999,48.279999,48.43,33.088562,18200
2008-07-22,48.299999,48.700001,47.98,48.700001,33.273045,29300
2008-07-23,49.389999,49.470001,48.939999,49.080002,33.532677,47200
2008-07-24,48.98,48.98,47.98,48,32.794781,39900
2008-07-25,48,48.209999,47.919998,48.209999,32.938259,9000
2008-07-28,48.5,48.5,46.5,47.439999,32.412174,71800
2008-07-29,47.540001,47.900002,47.439999,47.900002,32.726463,19700
2008-07-30,48.450001,48.720001,48.299999,48.700001,33.273045,33400
2008-07-31,48.84,48.84,48.200001,48.209999,32.938259,14800
2008-08-01,48.189999,50.02,47.75,47.93,32.74696,46500
2008-08-04,48.57,48.57,47.23,47.23,32.268703,27300
2008-08-05,48.689999,48.720001,47.369999,48.389999,33.061241,35000
2008-08-06,48.549999,48.93,48.23,48.709999,33.279869,22100
2008-08-07,48.599998,48.599998,47.599998,47.599998,32.521496,45400
2008-08-08,47.650002,48.259998,47.07,48.23,32.951923,40600
2008-08-11,48.450001,48.639999,47.98,48.52,33.150063,34300
2008-08-12,48.560001,48.560001,47.68,47.849998,32.692295,34300
2008-08-13,47.700001,47.700001,46.900002,47.32,32.330189,44100
2008-08-14,46.720001,47.529999,46.720001,47.529999,32.473656,87500
2008-08-15,47.599998,47.639999,46.139999,47.490002,32.446354,21800
2008-08-18,47.950001,47.950001,46.689999,46.700001,31.906593,23500
2008-08-19,46.73,46.73,46.220001,46.299999,31.633293,25500
2008-08-20,46.799999,46.799999,46.360001,46.720001,31.920269,20400
2008-08-21,46.200001,47.18,46.200001,47.080002,32.166222,20600
2008-08-22,47.450001,47.650002,47.16,47.330002,32.337029,22300
2008-08-25,46.200001,47.150002,46.200001,46.459999,31.742615,50500
2008-08-26,46.240002,46.700001,46.189999,46.700001,31.906593,37900
2008-08-27,46.66,47.049999,46.52,46.759998,31.947594,26200
2008-08-28,47.669998,47.75,47.380001,47.75,32.623974,34100
2008-08-29,48.130001,48.130001,47.290001,47.32,32.330189,20000
2008-09-02,47.32,47.689999,46,46,31.428337,28800
2008-09-03,46.400002,46.849998,46.16,46.16,31.537645,30700
2008-09-04,46.450001,46.450001,44.459999,44.459999,30.376167,114200
2008-09-05,45,45,43.68,44.169998,30.17804,75600
2008-09-08,46.700001,46.700001,44.950001,45.419998,31.032053,54800
2008-09-09,45.790001,45.790001,44.139999,44.290001,30.260015,42400
2008-09-10,44.950001,45,44.200001,44.650002,30.50597,50300
2008-09-11,43.790001,44.619999,43.619999,44.619999,30.485497,71600
2008-09-12,44.950001,45.240002,44.389999,45.119999,30.827093,19100
2008-09-15,44.400002,44.849998,43.110001,43.27,29.563147,123900
2008-09-16,42.75,44,42,43.990002,30.055044,128500
2008-09-17,43.389999,43.900002,41.580002,41.610001,28.42897,118100
2008-09-18,41.009998,43.799999,35.849998,43.799999,29.925228,129000
2008-09-19,46.41,46.41,45.029999,46.41,31.708456,78100
2008-09-22,46.400002,46.98,44.439999,44.73,30.560646,58000
2008-09-23,45.369999,46.200001,44,45.02,30.758781,94700
2008-09-24,47,47,43.349998,43.599998,29.788597,44300
2008-09-25,44.849998,45.349998,43.869999,44.84,30.635807,58500
2008-09-26,43.75,45.549999,43.75,45.27,30.929586,92100
2008-09-29,44.650002,44.650002,39.759998,42.400002,28.968721,100000
2008-09-30,42.900002,46,41.57,43.009998,29.385494,98100
2008-10-01,41.59,42.830002,41.59,42.380001,28.955074,90200
2008-10-02,42.189999,42.450001,40.099998,40.099998,27.397299,152700
2008-10-03,41.599998,41.619999,39.75,39.75,27.158176,111800
2008-10-06,39.599998,39.599998,36.330002,37.849998,25.860043,192200
2008-10-07,39.220001,39.220001,36,36.110001,24.671232,154600
2008-10-08,36.459999,36.5,34.810001,35.549999,24.288635,117200
2008-10-09,36.049999,36.16,32.529999,33.849998,23.127153,141600
2008-10-10,32.5,35.099998,30.870001,32.779999,22.396111,387600
2008-10-13,38.25,38.25,34.27,37.189999,25.40913,368800
2008-10-14,39.470001,39.470001,35.689999,37.98,25.948868,235800
2008-10-15,35.689999,36,32.709999,33.369999,22.799204,140800
2008-10-16,33.099998,34.169998,31,34.16,23.338953,196000
2008-10-17,33.73,35.099998,33.049999,33.830002,23.113485,84500
2008-10-20,34.200001,36.200001,33.75,36.200001,24.732727,113500
2008-10-21,35.799999,35.799999,33.830002,33.959999,23.202312,160200
2008-10-22,33.080002,33.080002,30.99,31.469999,21.501091,207600
2008-10-23,32,32.34,30.450001,31.4,21.453253,134600
2008-10-24,29.98,31.43,29,31.17,21.296106,157600
2008-10-27,29.870001,30.75,29.299999,29.43,20.107306,129700
2008-10-28,30.99,32.59,29.469999,31.200001,21.316608,51700
2008-10-29,31.190001,33.619999,31.190001,33.5,22.88802,92400
2008-10-30,34.549999,34.549999,32.700001,33.790001,23.086166,70600
2008-10-31,32.720001,34.25,32.639999,33.790001,23.086166,89800
2008-11-03,34.650002,34.689999,32.959999,33.810001,23.099827,83700
2008-11-04,34.689999,35.73,34.549999,35.630001,24.343292,112300
2008-11-05,35.990002,35.990002,33.75,33.759998,23.065662,145500
2008-11-06,32.150002,33.779999,31.719999,31.77,21.706053,160000
2008-11-07,32.169998,33.32,32.169998,33.32,22.765041,179800
2008-11-10,34.279999,34.279999,32.5,33.009998,22.553249,144500
2008-11-11,32,33.200001,31.35,31.700001,21.658215,125700
2008-11-12,31.110001,31.32,30.110001,30.25,20.667543,115300
2008-11-13,30,32.529999,29.33,32.509998,22.21163,210700
2008-11-14,32.5,32.5,30.57,30.57,20.886179,77700
2008-11-17,31.200001,31.5,29,30.309999,20.708534,110800
2008-11-18,30.34,30.9,29.41,30.530001,20.858854,177700
2008-11-19,30.280001,30.41,28.5,28.51,19.478735,254500
2008-11-20,28.35,28.9,26.6,26.620001,18.187443,275300
2008-11-21,28.01,28.709999,26.65,28.709999,19.615377,246100
2008-11-24,29.469999,31.030001,29,30.200001,20.633385,273900
2008-11-25,31.469999,31.540001,29.82,30.51,20.845184,157600
2008-11-26,29.639999,31.459999,29.639999,31.25,21.350777,76300
2008-11-28,31.48,31.629999,31.15,31.49,21.514746,41300
2008-12-01,30.92,30.92,28.870001,28.9,19.745195,132500
2008-12-02,30.120001,30.280001,29.200001,30.280001,20.688042,115600
2008-12-03,29.91,30.889999,29.299999,30.889999,21.104807,121900
2008-12-04,30.52,30.790001,29.24,29.74,20.319101,137100
2008-12-05,29.559999,30.690001,28.75,30.690001,20.968159,512600
2008-12-08,31.84,32.279999,31.309999,31.959999,21.835855,253300
2008-12-09,31.809999,32.18,31.27,31.5,21.521576,230100
2008-12-10,31.370001,32.369999,31.370001,32.139999,21.958843,325500
2008-12-11,32.150002,32.560001,31.440001,31.66,21.630894,220300
2008-12-12,31.51,32.02,30.799999,31.950001,21.829025,266300
2008-12-15,32.509998,32.509998,31.17,31.700001,21.658215,208100
2008-12-16,32.869999,33.43,31.67,33.43,22.8402,183800
2008-12-17,33.130001,33.580002,32.75,33.27,22.730879,275200
2008-12-18,33.990002,34.66,31.92,32.240002,22.027163,261700
2008-12-19,32.900002,32.900002,31.85,32.119999,21.945171,181500
2008-12-22,33.650002,33.650002,31.26,31.77,21.706053,384500
2008-12-23,32.939999,32.939999,31.299999,31.48,21.507908,334300
2008-12-24,30.91,32.169998,30.91,31.48,21.647505,158700
2008-12-26,32,32,31.49,31.75,21.833179,123700
2008-12-29,31.549999,32.700001,31.360001,31.73,21.819416,244700
2008-12-30,31.959999,32.57,31.57,32.560001,22.390181,245300
2008-12-31,32.700001,33.25,32.259998,32.98,22.679003,305700
2009-01-02,32.98,33.970001,32.860001,33.869999,23.291008,205300
2009-01-05,34.75,34.75,33.25,33.970001,23.359779,236900
2009-01-06,33.59,34.099998,33.490002,33.849998,23.277258,110200
2009-01-07,33.849998,33.849998,32.790001,33.099998,22.761517,82600
2009-01-08,33.009998,33.209999,32.700001,32.990002,22.685873,183100
2009-01-09,32.810001,32.810001,32.189999,32.189999,22.135748,131300
2009-01-12,32.299999,32.299999,31.17,31.370001,21.571867,65300
2009-01-13,31.370001,31.389999,30.969999,31.1,21.386198,115900
2009-01-14,30.98,30.98,29.85,30.01,20.636648,202900
2009-01-15,30.290001,30.809999,29.299999,30.360001,20.877329,136700
2009-01-16,31.75,31.75,29.99,30.73,21.131762,79200
2009-01-20,31.99,31.99,28.370001,28.469999,19.577654,146400
2009-01-21,28.76,30,28.469999,30,20.62977,64300
2009-01-22,30.290001,30.290001,28.77,29.42,20.230932,166300
2009-01-23,29.25,29.639999,28.5,29.459999,20.25844,103800
2009-01-26,29.52,30.280001,29.33,29.66,20.395969,127700
2009-01-27,30.120001,30.549999,29.66,30.23,20.787931,198500
2009-01-28,31.07,31.299999,30.889999,31.16,21.427456,34900
2009-01-29,30.440001,31.01,29.83,29.83,20.512867,100200
2009-01-30,30.41,30.639999,29.299999,29.4,20.21718,39300
2009-02-02,29,29.6,28.889999,29.35,20.182795,199900
2009-02-03,29.91,30.110001,29.360001,29.93,20.58164,29300
2009-02-04,30,30.43,29.66,29.719999,20.437223,26600
2009-02-05,29.49,31.02,29.459999,31.02,21.331186,56500
2009-02-06,30.66,31.209999,30.66,31.200001,21.454966,54900
2009-02-09,31.469999,31.49,30.209999,31.110001,21.393074,63400
2009-02-10,30.9,30.9,29.49,29.66,20.395969,50600
2009-02-11,30.18,30.18,29.35,29.870001,20.540379,50300
2009-02-12,29.450001,29.799999,29,29.799999,20.492235,50500
2009-02-13,29.709999,30.049999,29.48,29.690001,20.416601,69800
2009-02-17,28.66,28.68,28.01,28.1,19.323215,137200
2009-02-18,28.4,28.4,27.75,27.93,19.20632,192500
2009-02-19,28.25,28.6,27.74,27.85,19.151304,141600
2009-02-20,27.110001,27.799999,26.92,27,18.566793,169500
2009-02-23,27.65,27.690001,26.549999,26.57,18.271097,154500
2009-02-24,26.889999,27.74,26.65,27.610001,18.986269,137500
2009-02-25,27.549999,27.59,26.77,27.209999,18.711201,59300
2009-02-26,27.52,27.700001,26.860001,27.02,18.580551,78900
2009-02-27,26.77,27.09,26.299999,26.6,18.291735,352600
2009-03-02,26.23,26.23,25.110001,25.24,17.356512,97300
2009-03-03,25.309999,25.559999,24.870001,25.030001,17.212114,118600
2009-03-04,26.09,26.42,25.549999,26.09,17.941021,63000
2009-03-05,26.1,26.1,24.74,25.02,17.205225,107400
2009-03-06,25.379999,25.74,24.360001,24.93,17.143335,113100
2009-03-09,24.77,24.98,24.4,24.5,16.847641,103200
2009-03-10,25.370001,26.27,25.209999,26.24,18.044172,163300
2009-03-11,26.27,26.6,26.040001,26.26,18.057926,60600
2009-03-12,26.23,27.35,26.040001,27.23,18.724949,64900
2009-03-13,27.68,28,26.940001,28,19.254456,123900
2009-03-16,28.030001,28.5,27.389999,27.389999,18.83498,123900
2009-03-17,27.379999,28.200001,27.18,28.200001,19.391994,138800
2009-03-18,27.98,29.08,27.690001,28.860001,19.845839,84900
2009-03-19,27.889999,29.719999,27,28.709999,19.742685,54700
2009-03-20,28.52,28.799999,28.09,28.190001,19.385105,102700
2009-03-23,28.809999,30.370001,28.809999,30.370001,20.884203,524700
2009-03-24,30.059999,30.059999,29.48,29.5,20.285946,102000
2009-03-25,29.889999,30.290001,29.15,29.91,20.567879,72700
2009-03-26,30.360001,30.450001,29.889999,30.42,20.918585,140000
2009-03-27,30.08,30.08,29.49,29.58,20.340956,46900
2009-03-30,28.780001,28.809999,27.5,28.360001,19.502007,135600
2009-03-31,29.02,29.4,28.59,28.950001,19.907734,370600
2009-04-01,28.290001,29.719999,28.290001,29.559999,20.327202,132300
2009-04-02,30.43,31.34,30.43,30.809999,21.186777,54300
2009-04-03,31.34,31.34,30.07,30.950001,21.283047,63000
2009-04-06,31.200001,31.200001,30.16,30.629999,21.062998,63300
2009-04-07,30.1,30.290001,29.83,29.93,20.58164,66700
2009-04-08,30.030001,31.459999,29.98,30.4,20.904837,98800
2009-04-09,31.48,31.48,31.030001,31.459999,21.633755,54600
2009-04-13,31.5,31.809999,30.84,31.65,21.764404,58100
2009-04-14,31.43,32,31,31.219999,21.468714,154400
2009-04-15,31.52,31.610001,30.93,31.6,21.730022,85200
2009-04-16,31.860001,32.119999,31.450001,31.969999,21.984457,77500
2009-04-17,32.150002,32.169998,31.690001,31.91,21.943205,49000
2009-04-20,32.200001,32.200001,30.450001,30.450001,20.939215,54600
2009-04-21,30.16,31.219999,30.049999,31.129999,21.406822,64700
2009-04-22,31.549999,31.65,30.77,30.950001,21.283047,110800
2009-04-23,31.42,31.629999,30.959999,31.6,21.730022,100500
2009-04-24,31.91,32.27,31.77,31.950001,21.970705,121300
2009-04-27,31.49,31.940001,31.1,31.59,21.72315,114600
2009-04-28,31.24,32.049999,30.85,31.33,21.544361,57800
2009-04-29,31.709999,32.66,31.709999,32.150002,22.108246,66100
2009-04-30,32.82,32.990002,32.150002,32.439999,22.307659,100400
2009-05-01,32.740002,32.849998,32.310001,32.82,22.568977,41800
2009-05-04,33.68,34.080002,33.150002,34.080002,23.435417,85300
2009-05-05,34.099998,34.099998,33.599998,33.880001,23.29789,77400
2009-05-06,34.139999,34.619999,33.959999,34.419998,23.669222,146000
2009-05-07,35.169998,35.169998,33.66,34.029999,23.401045,110600
2009-05-08,34.720001,35.349998,34.5,35.240002,24.233103,212900
2009-05-11,35.689999,35.689999,34.150002,34.220001,23.531693,113100
2009-05-12,34.48,34.59,33.959999,34.41,23.662354,39900
2009-05-13,34.32,34.32,33.299999,33.41,22.974689,43500
2009-05-14,33.349998,33.91,33.259998,33.66,23.146606,25900
2009-05-15,33.59,33.93,33.32,33.48,23.022823,37400
2009-05-18,34.18,34.779999,33.91,34.779999,23.916784,678800
2009-05-19,34.57,35.200001,34.57,34.919998,24.01305,64600
2009-05-20,34.919998,35.630001,34.900002,34.900002,23.999304,76300
2009-05-21,34.610001,34.630001,34.09,34.580002,23.779255,81100
2009-05-22,34.599998,34.970001,34.490002,34.700001,23.861767,64400
2009-05-26,34.380001,35.48,33.889999,35.419998,24.356892,85800
2009-05-27,35.540001,35.560001,34.68,34.82,23.944284,49200
2009-05-28,34.950001,35.43,34.669998,35.380001,24.329369,31800
2009-05-29,35.82,35.880001,35.400002,35.880001,24.673204,36100
2009-06-01,35.959999,37.18,35.959999,36.939999,25.402136,109800
2009-06-02,36.830002,37.049999,36.360001,36.880001,25.360861,49500
2009-06-03,36.32,36.459999,35.740002,36.110001,24.831369,33800
2009-06-04,36.349998,36.549999,35.990002,36.459999,25.072052,82000
2009-06-05,36.880001,36.880001,35.990002,36.279999,24.948275,80900
2009-06-08,35.959999,36.220001,35.52,36.110001,24.831369,34000
2009-06-09,36.25,36.450001,36.099998,36.43,25.05142,62500
2009-06-10,36.549999,36.75,36,36.32,24.975777,35700
2009-06-11,36.900002,37.25,36.43,36.869999,25.353992,104800
2009-06-12,36.669998,36.77,36.43,36.77,25.285225,101900
2009-06-15,36.639999,36.639999,35.369999,35.650002,24.515045,54000
2009-06-16,36.369999,36.369999,35.099998,35.169998,24.184971,109800
2009-06-17,35.369999,35.369999,34.639999,35.02,24.081823,79700
2009-06-18,35,35.360001,34.900002,35.099998,24.136835,78400
2009-06-19,35.110001,35.580002,35.110001,35.200001,24.205605,174400
2009-06-22,35.110001,35.110001,34.119999,34.119999,23.462925,79700
2009-06-23,34.650002,34.650002,34.220001,34.490002,23.717354,25500
2009-06-24,35.02,35.290001,34.639999,34.810001,23.937408,44600
2009-06-25,34.720001,35.549999,34.529999,35.549999,24.446283,42500
2009-06-26,35.650002,36.59,35.349998,35.57,24.460028,22300
2009-06-29,35.779999,35.93,35.5,35.860001,24.659452,36000
2009-06-30,35.950001,35.950001,35.130001,35.259998,24.246866,119600
2009-07-01,35.830002,36.099998,35.82,35.889999,24.68008,102500
2009-07-02,35.57,35.57,34.830002,34.830002,23.951164,53800
2009-07-06,34.369999,34.779999,34.290001,34.779999,23.916784,103900
2009-07-07,34.830002,34.830002,34.02,34.080002,23.435417,95800
2009-07-08,34.029999,34.279999,33.439999,33.990002,23.373528,66500
2009-07-09,34.310001,34.459999,34.139999,34.290001,23.579832,29600
2009-07-10,34.009998,34.130001,33.75,34.130001,23.469799,153000
2009-07-13,34.200001,34.830002,33.720001,34.790001,23.923664,190100
2009-07-14,35.02,35.799999,34.689999,35.02,24.081823,117500
2009-07-15,35.73,36.299999,35.650002,36.220001,24.907011,280500
2009-07-16,36.07,36.52,36,36.389999,25.023909,156700
2009-07-17,36.360001,36.540001,36.189999,36.470001,25.078928,72600
2009-07-20,37.02,37.169998,36.779999,37.16,25.553411,99300
2009-07-21,37.5,37.540001,36.830002,37.16,25.553411,97000
2009-07-22,37.040001,37.490002,36.860001,37.27,25.629049,222900
2009-07-23,37.310001,38.25,37.27,38.099998,26.199816,897600
2009-07-24,37.98,38.200001,37.66,38.200001,26.268579,82400
2009-07-27,38.25,38.34,37.900002,38.34,26.364841,39800
2009-07-28,38.040001,38.200001,37.700001,38.18,26.254827,32700
2009-07-29,38.080002,38.080002,37.599998,37.77,25.972885,50200
2009-07-30,38.470001,38.869999,38.400002,38.540001,26.50239,69100
2009-07-31,38.709999,39.07,38.509998,38.830002,26.701811,77100
2009-08-03,39.560001,39.73,39.310001,39.669998,27.279438,81300
2009-08-04,39.27,39.720001,39.189999,39.540001,27.190029,100200
2009-08-05,39.549999,39.639999,39.049999,39.5,27.162542,116800
2009-08-06,39.759998,39.799999,39,39.240002,26.983753,55700
2009-08-07,39.52,39.709999,39.279999,39.52,27.176281,157800
2009-08-10,39.52,39.52,39.009998,39.27,27.00436,70500
2009-08-11,39.110001,39.16,38.639999,38.849998,26.715559,76900
2009-08-12,38.849998,39.540001,38.799999,39.279999,27.011246,54500
2009-08-13,40.02,40.02,39.310001,39.77,27.348215,252900
2009-08-14,39.830002,39.830002,39.040001,39.360001,27.066265,56400
2009-08-17,38.389999,38.419998,38.029999,38.189999,26.2617,70800
2009-08-18,38.52,38.82,38.369999,38.709999,26.619276,116900
2009-08-19,38.27,39.09,37.82,38.869999,26.729307,66800
2009-08-20,39.080002,39.439999,39.07,39.32,27.038759,72500
2009-08-21,39.759998,40.240002,39.689999,40.119999,27.588879,132900
2009-08-24,40.169998,40.59,40.080002,40.169998,27.623259,185800
2009-08-25,40.619999,40.689999,40.259998,40.279999,27.6989,785500
2009-08-26,40.169998,40.240002,39.91,40.150002,27.609516,457200
2009-08-27,40,40.48,39.650002,40.27,27.692032,181200
2009-08-28,40.799999,40.799999,40.060001,40.259998,27.68516,97500
2009-08-31,40.57,40.57,39.610001,39.869999,27.416977,220000
2009-09-01,39.810001,40.169998,38.889999,39,26.81871,312300
2009-09-02,38.91,39.25,38.73,39.07,26.866833,45600
2009-09-03,39.48,39.5,39.09,39.5,27.162542,76000
2009-09-04,39.630001,40.099998,39.369999,40,27.506359,80900
2009-09-08,40.869999,40.990002,40.5,40.73,28.008356,86500
2009-09-09,40.57,41.25,40.57,41.099998,28.262793,105000
2009-09-10,41.139999,41.529999,40.84,41.529999,28.558491,100700
2009-09-11,41.650002,41.77,41.32,41.48,28.524101,68100
2009-09-14,42.009998,42.009998,41.080002,41.610001,28.613497,48400
2009-09-15,41.610001,41.889999,41.279999,41.790001,28.737278,85400
2009-09-16,42.279999,42.580002,41.98,42.509998,29.23237,140400
2009-09-17,42.48,43,42.23,42.439999,29.18425,174500
2009-09-18,42.560001,42.619999,42.27,42.459999,29.198009,54700
2009-09-21,42,42.200001,41.759998,42.110001,28.957325,113300
2009-09-22,42.52,42.779999,42.400002,42.709999,29.369923,803400
2009-09-23,42.900002,43,42.110001,42.169998,28.998583,116000
2009-09-24,42.48,42.48,41.349998,41.549999,28.572231,54600
2009-09-25,41.529999,41.740002,41.259998,41.450001,28.503464,75800
2009-09-28,41.560001,42.220001,41.509998,42.07,28.929817,122300
2009-09-29,42.240002,42.240002,41.759998,42.009998,28.888559,168400
2009-09-30,42.279999,42.34,41.509998,41.959999,28.854187,63600
2009-10-01,41.810001,41.810001,40.779999,40.869999,28.104628,92800
2009-10-02,40.259998,40.849998,40,40.669998,27.967098,1112100
2009-10-05,40.73,41.330002,40.599998,41.23,28.352179,99600
2009-10-06,41.73,42.119999,41.5,41.740002,28.702885,198000
2009-10-07,41.82,41.950001,41.599998,41.939999,28.84042,1039800
2009-10-08,42.490002,42.709999,42.189999,42.52,29.239265,102700
2009-10-09,42.48,42.580002,42.220001,42.580002,29.280518,57900
2009-10-12,42.639999,43.200001,42.639999,42.799999,29.431814,67000
2009-10-13,42.709999,42.77,42.389999,42.709999,29.369923,73200
2009-10-14,43.560001,43.709999,43.25,43.709999,30.057577,109600
2009-10-15,43.52,43.779999,43.369999,43.759998,30.091963,103900
2009-10-16,43.27,43.389999,42.939999,43.259998,29.748137,74200
2009-10-19,43.529999,43.950001,43.389999,43.869999,30.167595,123200
2009-10-20,43.889999,44.060001,43.200001,43.419998,29.858158,236300
2009-10-21,43.439999,43.950001,43.25,43.25,29.741251,140900
2009-10-22,43.310001,43.790001,42.860001,43.689999,30.043821,84900
2009-10-23,43.639999,43.73,42.849998,43.09,29.63122,110300
2009-10-26,43.27,43.57,42.349998,42.509998,29.23237,144700
2009-10-27,42.43,42.619999,42.040001,42.150002,28.984821,63000
2009-10-28,41.900002,41.959999,40.91,40.970001,28.173405,200000
2009-10-29,41.459999,42.400002,41.419998,42.400002,29.156738,135200
2009-10-30,42.200001,42.200001,40.700001,40.900002,28.125254,163200
2009-11-02,41.130001,41.68,40.700001,41.169998,28.310928,90200
2009-11-03,40.779999,41.310001,40.630001,41.259998,28.372818,186600
2009-11-04,41.59,42,41.5,41.529999,28.558491,226200
2009-11-05,41.950001,42.25,41.810001,42.209999,29.026091,448400
2009-11-06,41.759998,42.25,41.73,42.209999,29.026091,92500
2009-11-09,43.029999,43.490002,42.790001,43.470001,29.892536,215200
2009-11-10,43.099998,43.5,43.029999,43.389999,29.83753,92300
2009-11-11,43.790001,43.880001,43.400002,43.650002,30.016323,158800
2009-11-12,43.43,43.599998,42.919998,43.02,29.583107,90400
2009-11-13,43.259998,43.580002,43,43.459999,29.885653,67400
2009-11-16,43.869999,44.349998,43.810001,44.139999,30.353279,130200
2009-11-17,43.639999,44.060001,43.630001,44.040001,30.284504,53100
2009-11-18,47.43,47.43,43.68,44.41,30.538931,71700
2009-11-19,43.549999,43.630001,42.900002,43.32,29.789398,210800
2009-11-20,42.970001,43.09,42.75,43.029999,29.589964,94200
2009-11-23,43.75,44.040001,43.619999,43.75,30.085087,81000
2009-11-24,43.799999,43.799999,43.240002,43.509998,29.920048,689500
2009-11-25,43.84,44.049999,43.669998,44.029999,30.277615,75500
2009-11-27,42.07,43.18,42.07,42.889999,29.493689,86400
2009-11-30,43.209999,43.240002,42.68,43.080002,29.624342,76800
2009-12-01,43.880001,44.150002,43.700001,43.990002,30.25013,426800
2009-12-02,44.060001,44.299999,43.93,44.07,30.305136,77700
2009-12-03,44.509998,44.509998,43.77,43.77,30.098831,83300
2009-12-04,44.360001,44.5,43.59,43.849998,30.153847,84500
2009-12-07,43.830002,43.959999,43.599998,43.619999,29.995678,69400
2009-12-08,43.360001,43.580002,42.900002,43.040001,29.596851,126800
2009-12-09,43.130001,43.130001,42.669998,43.119999,29.651863,52600
2009-12-10,43.450001,43.470001,43.18,43.32,29.789398,38100
2009-12-11,43.529999,43.529999,43.209999,43.389999,29.83753,84400
2009-12-14,43.709999,43.799999,43.459999,43.73,30.071348,674600
2009-12-15,43.5,43.580002,43.299999,43.400002,29.844412,138500
2009-12-16,43.799999,43.880001,43.560001,43.66,30.023199,86700
2009-12-17,43.119999,43.150002,42.720001,42.799999,29.431814,252200
2009-12-18,43.029999,43.080002,42.549999,43,29.569338,102100
2009-12-21,43.290001,43.450001,43.110001,43.23,29.727507,68000
2009-12-22,43.490002,43.52,43.299999,43.48,29.899424,117300
2009-12-23,43.779999,43.779999,43.459999,43.720001,30.064465,140400
2009-12-24,43.25,43.330002,43.200001,43.32,30.247391,68000
2009-12-28,43.560001,43.560001,43.299999,43.419998,30.317209,93300
2009-12-29,43.540001,43.720001,43.349998,43.400002,30.303268,96300
2009-12-30,43.169998,43.459999,43.110001,43.310001,30.240414,109600
2009-12-31,43.59,44.490002,43.029999,43.09,30.08679,135400
2010-01-04,43.73,44.150002,43.549999,44.099998,30.792015,367700
2010-01-05,44.209999,44.32,43.959999,44.23,30.882782,994000
2010-01-06,44.169998,44.450001,44.110001,44.450001,31.036392,135600
2010-01-07,44.279999,44.389999,43.950001,44.279999,30.917694,874300
2010-01-08,44.279999,44.57,44,44.57,31.12019,92300
2010-01-11,44.849998,44.93,44.529999,44.709999,31.217932,172300
2010-01-12,44.43,44.43,44.02,44.209999,30.868813,100100
2010-01-13,44.369999,44.630001,44.040001,44.549999,31.106194,770200
2010-01-14,44.549999,44.689999,44.419998,44.669998,31.189997,94400
2010-01-15,44.5,44.599998,43.900002,44.18,30.847853,301700
2010-01-19,44.220001,44.700001,44,44.700001,31.210957,288500
2010-01-20,44.099998,44.099998,43.380001,43.810001,30.589527,170500
2010-01-21,43.849998,43.860001,42.720001,42.84,29.912237,970700
2010-01-22,42.59,42.75,41.830002,41.959999,29.297787,137900
2010-01-25,42.389999,42.57,42.16,42.279999,29.521235,140000
2010-01-26,42.060001,42.360001,41.759998,42.07,29.374599,148800
2010-01-27,41.860001,41.990002,41.380001,41.919998,29.269859,279800
2010-01-28,42.18,42.18,41.040001,41.299999,28.836946,250200
2010-01-29,41.580002,41.73,40.700001,40.889999,28.550695,151000
2010-02-01,41.299999,41.720001,41.25,41.720001,29.130234,146500
2010-02-02,41.93,42.369999,41.720001,42.360001,29.577085,133400
2010-02-03,42.27,42.27,41.810001,42,29.325729,82600
2010-02-04,41.509998,41.509998,40.330002,40.509998,28.285353,182000
2010-02-05,40.23,40.330002,39.23,40.16,28.040976,373900
2010-02-08,39.990002,40.43,39.779999,39.900002,27.859442,119600
2010-02-09,40.560001,41.029999,40.150002,40.759998,28.459917,103900
2010-02-10,40.73,40.73,40.16,40.540001,28.306303,118500
2010-02-11,40.52,41.130001,40.290001,41.07,28.676363,95400
2010-02-12,40.470001,40.849998,40.259998,40.82,28.501825,52800
2010-02-16,41.220001,41.669998,41,41.66,29.088318,207700
2010-02-17,41.860001,41.970001,41.619999,41.82,29.20005,86300
2010-02-18,41.700001,42.099998,41.639999,42.060001,29.367615,129200
2010-02-19,41.77,42.07,41.560001,41.959999,29.297787,148500
2010-02-22,42.07,42.18,41.849998,42,29.325729,200200
2010-02-23,41.919998,41.919998,41.16,41.240002,28.795076,137300
2010-02-24,41.43,41.799999,41.32,41.59,29.039446,145900
2010-02-25,41.009998,41.5,40.73,41.5,28.97661,169900
2010-02-26,41.549999,41.82,41.360001,41.740002,29.144186,94700
2010-03-01,41.900002,42.25,41.880001,42.110001,29.402525,91600
2010-03-02,42.459999,42.689999,42.279999,42.470001,29.653885,71700
2010-03-03,42.82,42.98,42.549999,42.610001,29.751652,163400
2010-03-04,42.720001,42.82,42.41,42.689999,29.807508,73500
2010-03-05,43.049999,43.52,42.889999,43.450001,30.338154,82400
2010-03-08,43.560001,43.630001,43.400002,43.5,30.373095,90900
2010-03-09,43.25,43.689999,43.200001,43.5,30.373095,70800
2010-03-10,43.560001,43.849998,43.459999,43.700001,30.512711,62600
2010-03-11,43.630001,43.779999,43.41,43.779999,30.568583,2037000
2010-03-12,44.060001,44.060001,43.73,43.860001,30.624434,72900
2010-03-15,43.650002,43.720001,43.34,43.68,30.498758,68800
2010-03-16,43.869999,44.169998,43.689999,44.169998,30.840887,43600
2010-03-17,44.380001,44.560001,44.279999,44.360001,30.973553,114300
2010-03-18,44.369999,44.450001,44.009998,44.189999,30.854851,44700
2010-03-19,43.860001,44.299999,43.669998,43.860001,30.624434,70700
2010-03-22,43.41,44.07,43.299999,43.98,30.708223,76400
2010-03-23,44.130001,44.400002,44,44.369999,30.98052,99000
2010-03-24,43.950001,44.400002,43.779999,44.009998,30.729162,803100
2010-03-25,44.389999,44.43,43.799999,43.869999,30.63142,68100
2010-03-26,44.139999,44.290001,43.830002,44.040001,30.750101,203000
2010-03-29,44.48,44.540001,44.299999,44.450001,31.036392,80000
2010-03-30,44.630001,44.700001,44.32,44.560001,31.113203,134000
2010-03-31,44.5,44.669998,44.299999,44.52,31.08527,71700
2010-04-01,44.98,45.16,44.830002,45.07,31.469299,121100
2010-04-05,45.259998,45.450001,45.07,45.41,31.706703,96400
2010-04-06,45.209999,45.450001,45.049999,45.419998,31.713669,92800
2010-04-07,45.34,45.34,44.900002,45.07,31.469299,92500
2010-04-08,44.849998,45.189999,44.599998,45.139999,31.518171,57300
2010-04-09,45.32,45.580002,45.290001,45.580002,31.825401,97900
2010-04-12,45.57,45.790001,45.57,45.669998,31.888235,178700
2010-04-13,45.610001,45.689999,45.220001,45.630001,31.86031,120200
2010-04-14,45.98,46.189999,45.810001,46.18,32.244328,213200
2010-04-15,46.549999,46.549999,45.900002,46.130001,32.209419,84200
2010-04-16,45.889999,45.889999,44.950001,45.23,31.581007,136200
2010-04-19,44.77,45.209999,44.59,45.18,31.546108,120400
2010-04-20,45.59,45.59,45.310001,45.52,31.783501,73300
2010-04-21,45.540001,45.540001,45.099998,45.360001,31.671776,138800
2010-04-22,44.900002,45.279999,44.599998,45.220001,31.574028,129100
2010-04-23,45.290001,45.59,45,45.59,31.832378,95000
2010-04-26,45.560001,45.75,45.459999,45.509998,31.776516,115400
2010-04-27,45.099998,45.279999,44,44.099998,30.792015,182300
2010-04-28,44.380001,44.459999,43.799999,44.169998,30.840887,169500
2010-04-29,44.549999,44.950001,44.549999,44.91,31.35758,107000
2010-04-30,45.009998,45.009998,44.290001,44.32,30.94562,187100
2010-05-03,44.5,44.860001,44.419998,44.73,31.231909,81500
2010-05-04,43.73,43.799999,43,43.23,30.184546,177800
2010-05-05,42.380001,43.110001,42.310001,42.669998,29.793537,319900
2010-05-06,42.490002,42.759998,40,41.029999,28.648449,367700
2010-05-07,41.18,41.990002,39.970001,40.73,28.438972,250600
2010-05-10,42.689999,43.669998,42.59,43.049999,30.058863,214700
2010-05-11,42.23,43.099998,42.23,42.529999,29.695776,213600
2010-05-12,42.540001,43.150002,42.540001,43.049999,30.058863,81700
2010-05-13,42.950001,43.099998,42.5,42.57,29.72373,173800
2010-05-14,42.16,42.220001,41.25,41.57,29.02549,164000
2010-05-17,41.650002,41.84,40.709999,41.650002,29.081339,92700
2010-05-18,41.970001,42.110001,40.75,40.950001,28.592575,140300
2010-05-19,40.619999,41,40.119999,40.68,28.404041,144800
2010-05-20,39.849998,39.849998,39,39.139999,27.328775,330600
2010-05-21,38.779999,40.009998,38.5,40,27.929258,394800
2010-05-24,39.84,39.950001,39.32,39.389999,27.50334,97200
2010-05-25,38.470001,39.220001,37.93,39.119999,27.31481,292700
2010-05-26,39.439999,39.779999,38.830002,38.880001,27.147238,69500
2010-05-27,39.990002,40.700001,39.799999,40.700001,28.418028,66400
2010-05-28,40.540001,40.610001,39.799999,39.939999,27.887375,62400
2010-06-01,39.59,40.369999,39.450001,39.450001,27.545238,136900
2010-06-02,39.610001,40.560001,39.560001,40.560001,28.320272,27700
2010-06-03,40.610001,40.799999,40.169998,40.599998,28.348209,71500
2010-06-04,39.529999,39.869999,38.900002,39.07,27.2799,125200
2010-06-07,39.279999,39.400002,38.560001,38.59,26.944752,67400
2010-06-08,38.59,39.169998,38.439999,39.139999,27.328775,89800
2010-06-09,39.459999,39.779999,38.84,39.040001,27.258961,137800
2010-06-10,39.93,40.349998,39.66,40.279999,28.124763,69000
2010-06-11,39.93,40.450001,39.849998,40.450001,28.243475,33800
2010-06-14,40.810001,41.07,40.43,40.43,28.229496,226400
2010-06-15,40.93,41.650002,40.889999,41.650002,29.081339,61100
2010-06-16,41.259998,41.669998,41.189999,41.540001,29.00453,41400
2010-06-17,41.709999,41.709999,41.220001,41.560001,29.018496,34400
2010-06-18,41.66,41.73,41.48,41.610001,29.053415,46200
2010-06-21,42.200001,42.34,41.509998,41.700001,29.116261,63000
2010-06-22,41.68,41.880001,41,41.029999,28.648449,74000
2010-06-23,41.209999,41.369999,40.799999,41.09,28.690327,39000
2010-06-24,40.869999,40.869999,40.299999,40.360001,28.18063,77200
2010-06-25,40.509998,40.799999,40.18,40.630001,28.369156,36300
2010-06-28,40.619999,40.779999,40.389999,40.43,28.229496,49200
2010-06-29,39.779999,39.779999,38.900002,39.110001,27.30784,179400
2010-06-30,39.099998,39.43,38.75,38.82,27.105347,41200
2010-07-01,39.009998,39.110001,38.310001,38.93,27.18215,92900
2010-07-02,39.150002,39.209999,38.599998,38.880001,27.147238,75400
2010-07-06,39.709999,39.98,39.060001,39.380001,27.496363,149500
2010-07-07,39.540001,40.57,39.509998,40.549999,28.313286,54700
2010-07-08,40.82,40.93,40.419998,40.889999,28.550695,107900
2010-07-09,40.82,41.169998,40.77,41.169998,28.746183,46000
2010-07-12,40.93,41.150002,40.75,40.990002,28.620504,54400
2010-07-13,41.549999,41.759998,41.450001,41.66,29.088318,93000
2010-07-14,41.630001,41.82,41.400002,41.669998,29.095312,55700
2010-07-15,41.720001,41.830002,41.200001,41.73,29.137207,98900
2010-07-16,41.419998,41.419998,40.470001,40.509998,28.285353,66800
2010-07-19,40.919998,40.970001,40.5,40.779999,28.473871,212800
2010-07-20,40.259998,41.27,40.200001,41.259998,28.809038,33100
2010-07-21,41.419998,41.419998,40.509998,40.669998,28.397076,51600
2010-07-22,41.32,41.959999,41.32,41.790001,29.179089,59500
2010-07-23,41.709999,42.200001,41.580002,42.16,29.437437,56800
2010-07-26,42.060001,42.48,42.009998,42.48,29.660875,142200
2010-07-27,42.810001,42.810001,42.310001,42.509998,29.681824,106900
2010-07-28,42.470001,42.540001,42.169998,42.32,29.549156,53900
2010-07-29,42.689999,42.889999,42,42.310001,29.542164,37700
2010-07-30,41.900002,42.48,41.880001,42.389999,29.598028,38000
2010-08-02,43.18,43.580002,43.009998,43.549999,30.407984,119200
2010-08-03,43.360001,43.48,43.09,43.330002,30.254379,64100
2010-08-04,43.43,43.580002,43.240002,43.529999,30.394014,23800
2010-08-05,43.240002,43.5,43.209999,43.5,30.373095,65700
2010-08-06,43.16,43.459999,42.889999,43.389999,30.296259,111400
2010-08-09,43.52,43.68,43.369999,43.57,30.421955,48200
2010-08-10,43.07,43.43,42.830002,43.27,30.212488,62900
2010-08-11,42.310001,42.310001,41.66,41.73,29.137207,43400
2010-08-12,41.310001,41.720001,41.220001,41.59,29.039446,71800
2010-08-13,41.580002,41.779999,41.459999,41.459999,28.948671,44800
2010-08-16,41.459999,41.77,41.25,41.630001,29.067375,119200
2010-08-17,42.139999,42.450001,41.959999,42.220001,29.479342,54600
2010-08-18,42.220001,42.439999,41.959999,42.279999,29.521235,45600
2010-08-19,42.16,42.240002,41.400002,41.630001,29.067375,31200
2010-08-20,41.419998,41.419998,41.049999,41.369999,28.885843,29000
2010-08-23,41.459999,41.669998,41.189999,41.200001,28.767134,26100
2010-08-24,40.740002,40.810001,40.330002,40.560001,28.320272,157200
2010-08-25,40.389999,40.709999,40.080002,40.630001,28.369156,112800
2010-08-26,40.75,40.93,40.330002,40.450001,28.243475,44500
2010-08-27,40.880001,41.279999,40.299999,41.259998,28.809038,63500
2010-08-30,41,41.169998,40.650002,40.650002,28.383112,39700
2010-08-31,40.599998,40.939999,40.470001,40.700001,28.418028,89100
2010-09-01,41.540001,42.049999,41.450001,42.009998,29.332708,119100
2010-09-02,41.970001,42.279999,41.970001,42.279999,29.521235,30000
2010-09-03,42.59,42.810001,42.439999,42.759998,29.856375,67400
2010-09-07,42.540001,42.599998,42.240002,42.27,29.514257,40600
2010-09-08,42.439999,42.790001,42.439999,42.599998,29.744663,48700
2010-09-09,43.049999,43.150002,42.759998,42.880001,29.940174,46400
2010-09-10,42.880001,43.110001,42.84,43.060001,30.065844,76600
2010-09-13,43.540001,43.75,43.529999,43.73,30.533669,68300
2010-09-14,43.560001,44.029999,43.509998,43.860001,30.624434,69000
2010-09-15,43.610001,43.93,43.450001,43.900002,30.652361,46000
2010-09-16,43.68,43.799999,43.59,43.790001,30.575552,176000
2010-09-17,43.889999,43.91,43.529999,43.669998,30.491768,61300
2010-09-20,43.810001,44.419998,43.740002,44.34,30.959581,106100
2010-09-21,44.369999,44.59,44.080002,44.310001,30.938646,121900
2010-09-22,44.32,44.57,44.07,44.259998,30.903744,80300
2010-09-23,43.77,44.189999,43.68,43.799999,30.582533,41000
2010-09-24,44.330002,44.84,44.119999,44.84,31.308702,134600
2010-09-27,44.830002,44.889999,44.639999,44.669998,31.189997,188700
2010-09-28,44.740002,45,44.34,44.950001,31.385506,64500
2010-09-29,44.759998,45.07,44.709999,44.91,31.35758,61000
2010-09-30,45.169998,45.330002,44.5,44.790001,31.273783,130100
2010-10-01,45.189999,45.240002,44.91,45.16,31.532146,114400
2010-10-04,44.950001,45.110001,44.52,44.75,31.245865,81700
2010-10-05,45.209999,45.900002,45.209999,45.799999,31.979004,60900
2010-10-06,45.880001,45.990002,45.720001,45.900002,32.048832,72600
2010-10-07,46.16,46.16,45.52,45.790001,31.972019,42500
2010-10-08,45.790001,46.189999,45.700001,46.060001,32.160542,82600
2010-10-11,46.18,46.189999,45.919998,46.02,32.132614,182600
2010-10-12,45.799999,46.16,45.52,46.080002,32.174515,86700
2010-10-13,46.369999,46.799999,46.32,46.580002,32.523621,82600
2010-10-14,46.740002,46.75,46.310001,46.599998,32.537586,89600
2010-10-15,46.77,46.77,46.25,46.560001,32.509659,46600
2010-10-18,46.490002,46.810001,46.369999,46.669998,32.58646,91000
2010-10-19,45.950001,46.16,45.470001,45.68,31.89521,179700
2010-10-20,45.990002,46.57,45.970001,46.439999,32.425873,35400
2010-10-21,46.610001,46.790001,46.049999,46.380001,32.383984,48700
2010-10-22,46.57,46.57,46.34,46.48,32.453812,76400
2010-10-25,46.84,47.029999,46.619999,46.689999,32.600426,111200
2010-10-26,46.32,46.52,46.200001,46.5,32.467754,142200
2010-10-27,46.220001,46.220001,45.700001,46.139999,32.216408,98400
2010-10-28,46.490002,46.59,46.200001,46.439999,32.425873,47200
2010-10-29,46.259998,46.52,46.25,46.490002,32.460796,111400
2010-11-01,46.549999,46.799999,46.189999,46.459999,32.439831,68300
2010-11-02,47.02,47.099998,46.880001,47.02,32.830841,113000
2010-11-03,47.240002,47.27,46.709999,47.27,33.005402,91100
2010-11-04,47.869999,48.27,47.869999,48.27,33.703621,107900
2010-11-05,48.259998,48.349998,48.040001,48.259998,33.696651,198900
2010-11-08,48,48.110001,47.82,48.099998,33.58493,68900
2010-11-09,48.360001,48.360001,47.5,47.669998,33.284695,102000
2010-11-10,47.799999,47.860001,47.25,47.779999,33.361507,91700
2010-11-11,47.450001,47.57,47.25,47.57,33.214878,73300
2010-11-12,47.299999,47.439999,46.689999,46.939999,32.774986,97600
2010-11-15,47.080002,47.27,46.889999,46.900002,32.747059,86000
2010-11-16,46.5,46.580002,45.68,45.950001,32.083736,179300
2010-11-17,46.130001,46.27,45.950001,46.080002,32.174515,57500
2010-11-18,46.84,47.07,46.709999,47.02,32.830841,79400
2010-11-19,46.700001,47.029999,46.529999,47.02,32.830841,68100
2010-11-22,46.639999,46.91,46.32,46.849998,32.712132,104500
2010-11-23,46.09,46.09,45.599998,45.740002,31.937115,84200
2010-11-24,46.189999,46.450001,46.169998,46.450001,32.43285,40100
2010-11-26,45.919998,46.080002,45.759998,45.93,32.069767,32100
2010-11-29,45.540001,45.759998,45.150002,45.68,31.89521,92700
2010-11-30,45.029999,45.52,45.029999,45.259998,31.601961,93800
2010-12-01,46.150002,46.5,46.119999,46.419998,32.411911,71600
2010-12-02,46.509998,47.27,46.5,47.27,33.005402,209900
2010-12-03,47.16,47.52,47.139999,47.5,33.165989,53500
2010-12-06,47.330002,47.459999,47.189999,47.369999,33.07523,78700
2010-12-07,48,48,47.310001,47.32,33.040306,167400
2010-12-08,47.43,47.580002,47.110001,47.400002,33.096172,69200
2010-12-09,47.619999,47.740002,47.299999,47.529999,33.186947,85300
2010-12-10,47.529999,47.799999,47.41,47.73,33.326584,232700
2010-12-13,48.220001,48.259998,47.98,48.040001,33.543041,155500
2010-12-14,48.130001,48.299999,47.939999,48.099998,33.58493,169800
2010-12-15,47.810001,48.040001,47.540001,47.639999,33.263752,119300
2010-12-16,47.75,47.919998,47.5,47.91,33.452282,136300
2010-12-17,47.790001,47.82,47.599998,47.77,33.354504,59300
2010-12-20,48.02,48.02,47.650002,47.830002,33.396408,73900
2010-12-21,48.07,48.279999,48.07,48.240002,33.682697,48200
2010-12-22,47.490002,47.490002,47.25,47.450001,33.773808,189900
2010-12-23,47.419998,47.419998,47.259998,47.360001,33.709732,45300
2010-12-27,47.299999,47.389999,47.110001,47.389999,33.731083,62000
2010-12-28,47.639999,47.639999,47.279999,47.360001,33.709732,59000
2010-12-29,47.709999,47.790001,47.560001,47.689999,33.944626,171500
2010-12-30,47.779999,47.849998,47.48,47.650002,33.916138,81200
2010-12-31,47.619999,47.860001,47.549999,47.799999,34.022919,68100
2011-01-03,48.200001,48.41,48.110001,48.23,34.328987,200500
2011-01-04,48.400002,48.43,47.810001,48.150002,34.272034,123200
2011-01-05,47.82,48.200001,47.77,48.169998,34.286282,95600
2011-01-06,48.27,48.27,47.700001,47.830002,34.044258,458000
2011-01-07,47.939999,47.939999,47.380001,47.669998,33.930378,103600
2011-01-10,47.459999,47.52,47.150002,47.470001,33.78804,68600
2011-01-11,47.810001,47.939999,47.669998,47.889999,34.086979,61400
2011-01-12,48.25,48.619999,48.200001,48.619999,34.606567,55000
2011-01-13,48.73,48.799999,48.470001,48.59,34.585217,65600
2011-01-14,48.5,48.880001,48.450001,48.880001,34.791641,115300
2011-01-18,48.990002,49.07,48.900002,49.029999,34.898392,155100
2011-01-19,49.139999,49.139999,48.509998,48.599998,34.592339,66900
2011-01-20,48.369999,48.41,47.959999,48.34,34.407272,74300
2011-01-21,48.790001,48.790001,48.369999,48.459999,34.492683,60200
2011-01-24,48.470001,48.790001,48.360001,48.779999,34.720463,122400
2011-01-25,48.639999,48.66,48.299999,48.639999,34.620808,187200
2011-01-26,48.900002,49.060001,48.790001,48.939999,34.834335,86000
2011-01-27,49.02,49.150002,48.869999,49.09,34.941116,194000
2011-01-28,49,49.040001,47.970001,48.02,34.179508,104000
2011-01-31,48.240002,48.560001,48.220001,48.470001,34.499805,150300
2011-02-01,48.889999,49.459999,48.849998,49.41,35.168869,69800
2011-02-02,49.290001,49.450001,49.240002,49.299999,35.090595,51100
2011-02-03,49.220001,49.369999,48.860001,49.360001,35.133286,78600
2011-02-04,49.349998,49.419998,49.049999,49.419998,35.176003,52200
2011-02-07,49.419998,49.720001,49.41,49.549999,35.268536,76600
2011-02-08,49.639999,49.799999,49.450001,49.799999,35.446468,43900
2011-02-09,49.59,49.669998,49.369999,49.48,35.218704,73500
2011-02-10,49.009998,49.360001,48.869999,49.209999,35.026527,69100
2011-02-11,49.009998,49.580002,49,49.5,35.232929,45600
2011-02-14,49.490002,49.650002,49.400002,49.619999,35.318356,46500
2011-02-15,49.580002,49.610001,49.41,49.509998,35.240059,54500
2011-02-16,49.669998,49.939999,49.630001,49.880001,35.503414,85400
2011-02-17,49.869999,50.23,49.830002,50.16,35.702713,80500
2011-02-18,50.23,50.360001,50.09,50.32,35.816582,96500
2011-02-22,49.720001,49.799999,48.919998,49.040001,34.905525,215500
2011-02-23,49.189999,49.259998,48.549999,48.900002,34.805885,78800
2011-02-24,49,49.16,48.560001,48.970001,34.855694,65900
2011-02-25,49.310001,49.549999,49.259998,49.490002,35.22583,60100
2011-02-28,49.939999,50.049999,49.669998,49.889999,35.510529,85500
2011-03-01,50.110001,50.130001,49.220001,49.220001,35.033646,90600
2011-03-02,49.25,49.66,49.25,49.490002,35.22583,60500
2011-03-03,49.919998,50.27,49.82,50.240002,35.759659,99200
2011-03-04,50.23,50.23,49.509998,49.860001,35.489166,139800
2011-03-07,50,50.130001,49.279999,49.509998,35.240059,65100
2011-03-08,49.52,49.889999,49.200001,49.779999,35.432232,39100
2011-03-09,49.759998,49.82,49.5,49.700001,35.375286,41000
2011-03-10,49.060001,49.060001,48.5,48.57,34.570992,140600
2011-03-11,48.310001,48.849998,48.310001,48.75,34.699108,101600
2011-03-14,48.150002,48.330002,47.849998,48.330002,34.400173,101800
2011-03-15,46.560001,47.650002,46.279999,47.450001,33.773808,309900
2011-03-16,47.389999,47.419998,45.959999,46.349998,32.990845,269500
2011-03-17,47.34,47.560001,47.139999,47.380001,33.723976,165900
2011-03-18,48.139999,48.349998,47.68,47.759998,33.994453,131800
2011-03-21,48.650002,48.830002,48.450001,48.709999,34.670631,164000
2011-03-22,48.889999,48.889999,48.5,48.610001,34.599453,96700
2011-03-23,48.490002,48.830002,48.220001,48.68,34.649277,84700
2011-03-24,49,49.48,48.799999,49.310001,35.097702,127300
2011-03-25,49.200001,49.48,49.080002,49.220001,35.033646,86800
2011-03-28,49.220001,49.450001,49.029999,49.080002,34.933987,82700
2011-03-29,49.049999,49.43,48.84,49.43,35.183102,108500
2011-03-30,49.599998,50,49.599998,49.919998,35.531883,67900
2011-03-31,49.810001,50.02,49.720001,49.860001,35.489166,71500
2011-04-01,50.130001,50.43,49.939999,50.27,35.78101,86700
2011-04-04,50.330002,50.490002,50.220001,50.349998,35.837952,78900
2011-04-05,50.189999,50.459999,50.119999,50.349998,35.837952,48800
2011-04-06,50.68,50.689999,50.419998,50.599998,36.015888,65700
2011-04-07,50.5,50.650002,50.18,50.43,35.894894,49100
2011-04-08,50.919998,50.919998,50.360001,50.48,35.930477,161800
2011-04-11,50.610001,50.700001,50.18,50.330002,35.823711,70100
2011-04-12,50.139999,50.139999,49.610001,49.82,35.460709,66800
2011-04-13,50.32,50.32,49.720001,49.900002,35.517647,108000
2011-04-14,49.75,50.119999,49.59,50.07,35.638653,29100
2011-04-15,49.990002,50.189999,49.84,50.09,35.652874,31400
2011-04-18,49.34,49.580002,48.75,49.220001,35.033646,119100
2011-04-19,49.490002,49.669998,49.349998,49.66,35.346832,89800
2011-04-20,50.450001,50.740002,50.330002,50.610001,36.02301,66500
2011-04-21,51.080002,51.080002,50.75,50.959999,36.272121,102500
2011-04-25,51.080002,51.080002,50.66,50.91,36.236549,60000
2011-04-26,51.060001,51.34,50.919998,51.259998,36.485664,67500
2011-04-27,51.439999,51.740002,51.060001,51.689999,36.791737,65200
2011-04-28,51.509998,51.849998,51.509998,51.810001,36.87714,100800
2011-04-29,51.900002,52.130001,51.799999,52.029999,37.033733,164000
2011-05-02,52.25,52.349998,51.82,51.880001,36.926956,131000
2011-05-03,51.66,51.740002,51.16,51.490002,36.649368,84000
2011-05-04,51.48,51.48,50.73,50.990002,36.29348,59000
2011-05-05,50.709999,50.84,50.02,50.27,35.78101,142000
2011-05-06,50.880001,51.130001,50.279999,50.5,35.944714,87100
2011-05-09,50.560001,50.860001,50.330002,50.77,36.136898,60000
2011-05-10,51.009998,51.360001,50.93,51.32,36.528374,84300
2011-05-11,51.040001,51.040001,50.09,50.419998,35.887772,79100
2011-05-12,50.299999,50.66,49.939999,50.459999,35.916248,163000
2011-05-13,50.540001,50.540001,49.619999,49.869999,35.496277,83400
2011-05-16,49.889999,50.25,49.650002,49.700001,35.375286,93900
2011-05-17,49.560001,49.860001,49.299999,49.849998,35.482052,63300
2011-05-18,49.790001,50.279999,49.700001,50.279999,35.788136,35900
2011-05-19,50.349998,50.450001,50.060001,50.389999,35.866417,35200
2011-05-20,50.27,50.27,49.709999,49.860001,35.489166,24000
2011-05-23,49.080002,49.150002,48.779999,49,34.877052,109100
2011-05-24,49.349998,49.439999,49.049999,49.16,34.990932,60300
2011-05-25,49.029999,49.610001,49,49.439999,35.190247,28500
2011-05-26,49.549999,49.900002,49.32,49.799999,35.446468,67700
2011-05-27,50.07,50.240002,49.939999,50.130001,35.681362,60700
2011-05-31,50.860001,50.869999,50.470001,50.849998,36.193832,63200
2011-06-01,50.73,50.759998,49.709999,49.779999,35.432232,62900
2011-06-02,49.970001,50.060001,49.529999,49.84,35.474945,161500
2011-06-03,49.349998,49.939999,49.290001,49.68,35.361061,46300
2011-06-06,49.5,49.540001,49,49,34.877052,52600
2011-06-07,49.509998,49.66,49.220001,49.220001,35.033646,33300
2011-06-08,49.029999,49.18,48.759998,48.919998,34.820095,144500
2011-06-09,48.959999,49.439999,48.82,49.32,35.104816,29000
2011-06-10,48.950001,48.950001,48.119999,48.330002,34.400173,73000
2011-06-13,48.59,48.66,48.150002,48.43,34.471336,118300
2011-06-14,49.029999,49.23,48.880001,49.169998,34.998047,199000
2011-06-15,48.529999,48.619999,47.84,47.939999,34.122566,94200
2011-06-16,47.810001,48.040001,47.389999,47.77,34.001549,190800
2011-06-17,48.139999,48.419998,47.91,48.07,34.215084,50400
2011-06-20,47.889999,48.220001,47.84,48.110001,34.243568,213800
2011-06-21,48.400002,49.099998,48.400002,48.98,34.862812,74400
2011-06-22,48.779999,49.02,48.630001,48.650002,34.627937,161000
2011-06-23,47.919998,48.389999,47.52,48.389999,34.442867,68600
2011-06-24,48.43,48.43,47.830002,47.900002,34.094097,30300
2011-06-27,47.91,48.450001,47.799999,48.290001,34.3717,85400
2011-06-28,48.400002,48.970001,48.400002,48.950001,34.841465,34500
2011-06-29,49.290001,49.630001,49.099998,49.580002,35.289871,314100
2011-06-30,49.82,50.259998,49.73,50.169998,35.709835,64600
2011-07-01,50.150002,50.849998,49.970001,50.740002,36.115543,89200
2011-07-05,50.68,50.740002,50.509998,50.630001,36.037235,53600
2011-07-06,50.439999,50.59,50.169998,50.490002,35.937592,126700
2011-07-07,50.759998,51.02,50.720001,50.970001,36.279247,533700
2011-07-08,50.439999,50.48,50.09,50.470001,35.923367,70800
2011-07-11,49.669998,49.720001,49.080002,49.290001,35.083481,115000
2011-07-12,49,49.439999,48.900002,48.919998,34.820095,63900
2011-07-13,49.380001,49.919998,49.279999,49.41,35.168869,50100
2011-07-14,49.709999,49.799999,48.990002,49.040001,34.905525,59800
2011-07-15,49.419998,49.450001,49.009998,49.34,35.119068,40400
2011-07-18,48.970001,49,48.349998,48.720001,34.677761,48200
2011-07-19,49.18,49.580002,49.18,49.529999,35.254284,114600
2011-07-20,49.830002,49.939999,49.619999,49.84,35.474945,41000
2011-07-21,50.060001,50.709999,50.029999,50.650002,36.051472,97900
2011-07-22,50.5,50.689999,50.34,50.66,36.058594,87800
2011-07-25,50.16,50.52,50.099998,50.27,35.78101,107700
2011-07-26,50.369999,50.57,50.23,50.349998,35.837952,68300
2011-07-27,50.18,50.18,49.139999,49.259998,35.062103,142400
2011-07-28,49.279999,49.68,49.09,49.18,35.005169,105000
2011-07-29,48.959999,49.52,48.709999,49.09,34.941116,175500
2011-08-01,49.869999,49.869999,48.360001,48.720001,34.677761,227600
2011-08-02,48.369999,48.549999,47.5,47.5,33.809368,132900
2011-08-03,47.639999,47.73,46.77,47.689999,33.944626,187900
2011-08-04,46.709999,46.709999,44.810001,44.869999,31.937418,728500
2011-08-05,45.450001,45.869999,43.73,45.060001,32.072647,282000
2011-08-08,43.52,44.029999,41.700001,41.740002,29.709555,812400
2011-08-09,42.900002,44.259998,41.689999,44.09,31.382233,424600
2011-08-10,43.240002,43.330002,41.919998,41.939999,29.851902,225800
2011-08-11,42.330002,44.450001,42.23,43.970001,31.296808,118200
2011-08-12,44.439999,44.66,43.970001,44.369999,31.581518,186600
2011-08-15,44.759998,45.450001,44.73,45.360001,32.286179,108400
2011-08-16,44.77,45.27,44.450001,44.889999,31.951647,113200
2011-08-17,45.240002,45.619999,44.779999,45.09,32.093998,155600
2011-08-18,43.759998,43.759998,42.619999,43.080002,30.66334,516500
2011-08-19,42.509998,43.549999,42.34,42.43,30.200682,82200
2011-08-22,43.439999,43.549999,42.43,42.459999,30.222034,91200
2011-08-23,42.82,43.93,42.509998,43.93,31.268341,118500
2011-08-24,43.619999,44.200001,43.419998,44.130001,31.410706,524500
2011-08-25,44.139999,44.279999,43.09,43.189999,30.741632,127300
2011-08-26,43.040001,44.040001,42.52,43.869999,31.225636,80000
2011-08-29,44.459999,45.099998,44.459999,45.060001,32.072647,72200
2011-08-30,44.810001,45.279999,44.450001,45.110001,32.108242,98500
2011-08-31,45.490002,45.900002,45.330002,45.529999,32.407173,87200
2011-09-01,45.599998,45.990002,45.150002,45.209999,32.179417,335700
2011-09-02,44.360001,44.549999,43.959999,44.110001,31.39645,58800
2011-09-06,42.389999,43.389999,42.099998,43.310001,30.82704,136100
2011-09-07,43.98,44.509998,43.849998,44.509998,31.68116,73000
2011-09-08,44.029999,44.52,43.75,43.810001,31.18294,76300
2011-09-09,43.259998,43.259998,42.310001,42.540001,30.278969,153600
2011-09-12,41.740002,42.490002,41.52,42.490002,30.243393,165300
2011-09-13,42.529999,42.98,42.400002,42.889999,30.528105,75900
2011-09-14,43.009998,43.77,42.400002,43.369999,30.869743,137100
2011-09-15,43.900002,44.169998,43.549999,44.099998,31.389347,660000
2011-09-16,44.200001,44.349998,43.790001,44.200001,31.460524,534000
2011-09-19,43.09,43.580002,42.810001,43.349998,30.855516,76100
2011-09-20,43.59,43.93,43.200001,43.34,30.848404,38600
2011-09-21,43.240002,43.349998,42.009998,42.009998,29.901733,227600
2011-09-22,40.759998,40.779999,39.720001,40.259998,28.656124,2043600
2011-09-23,40.099998,40.709999,40.02,40.630001,28.919491,202500
2011-09-26,40.799999,41.490002,40.200001,41.490002,29.53161,130600
2011-09-27,42.5,42.990002,42.049999,42.290001,30.101034,107800
2011-09-28,42.310001,42.610001,41.369999,41.369999,29.446203,91700
2011-09-29,42.369999,42.509998,41.32,41.950001,29.85903,286100
2011-09-30,41.220001,41.52,40.650002,40.650002,28.933718,305700
2011-10-03,40.5,40.889999,39.57,39.630001,28.207699,461100
2011-10-04,39.080002,40.41,38.669998,40.41,28.762894,257000
2011-10-05,40.419998,41.25,40.060001,41.16,29.296715,179000
2011-10-06,41.16,42.18,40.93,42.16,30.008497,158000
2011-10-07,42.290001,42.450001,41.610001,41.799999,29.752268,79200
2011-10-10,42.630001,43.349998,42.630001,43.349998,30.855516,71800
2011-10-11,42.860001,43.290001,42.810001,43.18,30.73451,375500
2011-10-12,43.849998,44.450001,43.709999,44.029999,31.339525,907400
2011-10-13,43.619999,43.869999,43.259998,43.790001,31.168684,115300
2011-10-14,44.41,44.529999,44.009998,44.529999,31.6954,121800
2011-10-17,44.259998,44.259998,43.419998,43.450001,30.926687,89100
2011-10-18,43.349998,44.509998,42.990002,44.299999,31.531693,107400
2011-10-19,44.139999,44.32,43.52,43.639999,31.061951,164000
2011-10-20,43.650002,43.77,42.990002,43.580002,31.01923,74000
2011-10-21,44.099998,44.619999,44.099998,44.619999,31.759474,88500
2011-10-24,44.759998,45.400002,44.720001,45.299999,32.243473,209800
2011-10-25,45.150002,45.150002,44.41,44.490002,31.666948,98200
2011-10-26,45.099998,45.220001,44.200001,45.119999,32.115353,175400
2011-10-27,46.540001,47.490002,46.369999,47.110001,33.531784,311900
2011-10-28,46.790001,46.990002,46.639999,46.959999,33.425022,136400
2011-10-31,46.09,46.16,45.23,45.23,32.193649,99800
2011-11-01,43.869999,44.490002,43.529999,43.93,31.268341,210500
2011-11-02,44.509998,44.889999,44.27,44.709999,31.823532,129800
2011-11-03,45.299999,45.689999,44.540001,45.619999,32.471245,116400
2011-11-04,45.189999,45.290001,44.779999,45.240002,32.200768,121900
2011-11-07,45.23,45.529999,44.860001,45.450001,32.350243,51700
2011-11-08,45.540001,46.09,45.290001,46.009998,32.748837,164300
2011-11-09,44.540001,44.639999,43.799999,43.889999,31.239872,389200
2011-11-10,44.52,44.59,43.93,44.349998,31.567301,51000
2011-11-11,44.970001,45.419998,44.970001,45.330002,32.264854,32600
2011-11-14,45.040001,45.07,44.439999,44.650002,31.780827,99100
2011-11-15,44.549999,44.98,44.360001,44.669998,31.795055,66500
2011-11-16,44.259998,44.799999,43.939999,43.990002,31.311043,643200
2011-11-17,43.959999,44.16,42.970001,43.27,30.798578,89200
2011-11-18,43.68,43.68,43.110001,43.310001,30.82704,50700
2011-11-21,42.540001,42.560001,41.939999,42.32,30.122385,167000
2011-11-22,42.310001,42.540001,42,42.259998,30.079681,126700
2011-11-23,41.700001,41.790001,41.099998,41.150002,29.289602,247100
2011-11-25,41.02,41.529999,40.75,41.02,29.19706,107900
2011-11-28,42.560001,42.689999,42.200001,42.560001,30.293211,120200
2011-11-29,42.619999,42.93,42.439999,42.709999,30.399988,219700
2011-11-30,44.130001,44.740002,44.029999,44.669998,31.795055,238200
2011-12-01,44.540001,44.889999,44.330002,44.470001,31.652702,176900
2011-12-02,44.970001,45.07,44.43,44.450001,31.638466,136800
2011-12-05,45.130001,45.330002,44.709999,44.98,32.015713,182000
2011-12-06,44.880001,45.049999,44.599998,44.869999,31.937418,124300
2011-12-07,44.610001,45.220001,44.360001,45.02,32.044178,115500
2011-12-08,44.43,44.580002,43.700001,43.799999,31.175804,234800
2011-12-09,43.98,44.740002,43.98,44.619999,31.759474,95800
2011-12-12,43.91,43.91,43.25,43.580002,31.01923,122000
2011-12-13,43.880001,44.080002,42.950001,43.119999,30.691809,142500
2011-12-14,42.93,43.049999,42.400002,42.59,30.314554,412100
2011-12-15,43.009998,43.119999,42.639999,42.75,30.428434,299100
2011-12-16,43,43.240002,42.630001,42.82,30.47826,500600
2011-12-19,42.91,42.990002,42.209999,42.299999,30.10815,198400
2011-12-20,43,43.759998,42.93,43.66,31.076164,436400
2011-12-21,42.549999,42.639999,42.110001,42.540001,31.001831,343700
2011-12-22,42.709999,43.07,42.66,43.029999,31.358915,242700
2011-12-23,43.130001,43.380001,43.02,43.290001,31.548399,283100
2011-12-27,43.18,43.360001,43.169998,43.23,31.504681,266900
2011-12-28,43.169998,43.189999,42.5,42.580002,31.030975,406900
2011-12-29,42.57,43.150002,42.57,43.080002,31.395367,310000
2011-12-30,42.98,43.27,42.98,43.18,31.468246,198000
2012-01-03,44.009998,44.240002,43.990002,43.990002,32.05854,233500
2012-01-04,43.779999,44.040001,43.650002,43.990002,32.05854,143000
2012-01-05,43.619999,43.880001,43.34,43.759998,31.890921,86800
2012-01-06,43.720001,43.720001,43.360001,43.43,31.650434,57200
2012-01-09,43.610001,43.68,43.310001,43.580002,31.759758,204400
2012-01-10,44.240002,44.330002,44.150002,44.25,32.248032,130400
2012-01-11,44,44.23,43.889999,44.189999,32.204304,94200
2012-01-12,44.32,44.389999,44,44.330002,32.30632,200100
2012-01-13,43.849998,43.970001,43.529999,43.939999,32.02211,86600
2012-01-17,44.419998,44.599998,44.209999,44.310001,32.291763,233500
2012-01-18,44.400002,44.919998,44.400002,44.900002,32.721722,318600
2012-01-19,45.110001,45.360001,45,45.299999,33.013233,220100
2012-01-20,45.27,45.400002,45.150002,45.400002,33.086109,99500
2012-01-23,45.509998,45.700001,45.299999,45.450001,33.122547,445200
2012-01-24,45.080002,45.34,44.950001,45.279999,32.99865,227500
2012-01-25,45.25,45.889999,45.02,45.830002,33.399479,136600
2012-01-26,46.07,46.209999,45.529999,45.66,33.275585,186100
2012-01-27,45.57,45.84,45.560001,45.720001,33.319324,109300
2012-01-30,45.259998,45.52,45.040001,45.439999,33.115257,186300
2012-01-31,45.779999,45.830002,45.25,45.540001,33.188137,264600
2012-02-01,46.07,46.43,46,46.169998,33.64727,269600
2012-02-02,46.330002,46.490002,46.200001,46.349998,33.778439,302100
2012-02-03,46.709999,47.040001,46.66,47,34.25214,144400
2012-02-06,46.709999,46.889999,46.650002,46.880001,34.164677,89100
2012-02-07,46.779999,47.07,46.580002,47.040001,34.281277,121800
2012-02-08,47.150002,47.299999,46.91,47.220001,34.412483,129000
2012-02-09,47.259998,47.32,47.02,47.279999,34.456188,85100
2012-02-10,46.650002,46.700001,46.470001,46.650002,33.997066,121600
2012-02-13,47.139999,47.189999,46.919998,47.060001,34.295872,162700
2012-02-14,46.939999,46.950001,46.549999,46.869999,34.157406,68300
2012-02-15,47.150002,47.169998,46.740002,46.779999,34.091812,64500
2012-02-16,46.799999,47.419998,46.709999,47.419998,34.55822,72200
2012-02-17,47.580002,47.630001,47.349998,47.549999,34.652969,35400
2012-02-21,47.669998,47.779999,47.450001,47.57,34.667542,94500
2012-02-22,47.529999,47.529999,47.330002,47.43,34.56551,96600
2012-02-23,47.439999,47.669998,47.16,47.599998,34.689396,201600
2012-02-24,47.77,47.990002,47.759998,47.869999,34.886173,84200
2012-02-27,47.43,47.91,47.259998,47.75,34.798714,203700
2012-02-28,47.830002,48.060001,47.720001,48.02,34.995491,149700
2012-02-29,48.200001,48.32,47.619999,47.709999,34.769562,370000
2012-03-01,47.889999,48.23,47.860001,48.169998,35.104813,204000
2012-03-02,47.900002,47.990002,47.66,47.82,34.849731,446800
2012-03-05,47.689999,47.689999,47.310001,47.52,34.6311,951100
2012-03-06,46.689999,46.689999,46.200001,46.349998,33.778439,425100
2012-03-07,46.560001,46.93,46.490002,46.860001,34.150101,266300
2012-03-08,47.360001,47.740002,47.27,47.639999,34.718555,179400
2012-03-09,47.599998,47.799999,47.5,47.599998,34.689396,87900
2012-03-12,47.57,47.669998,47.380001,47.52,34.6311,142500
2012-03-13,47.720001,48.380001,47.709999,48.360001,35.243259,120100
2012-03-14,48.330002,48.380001,47.990002,48.18,35.112083,356300
2012-03-15,48.25,48.52,48.139999,48.470001,35.323441,226600
2012-03-16,48.709999,48.75,48.599998,48.630001,35.440033,95600
2012-03-19,48.580002,48.959999,48.52,48.77,35.542034,99100
2012-03-20,48.299999,48.439999,48.099998,48.389999,35.265137,98500
2012-03-21,48.380001,48.400002,48.110001,48.299999,35.199532,96300
2012-03-22,47.779999,47.91,47.619999,47.73,34.784138,237700
2012-03-23,47.779999,48.110001,47.610001,48.099998,35.053783,319700
2012-03-26,48.419998,48.830002,48.419998,48.810001,35.571217,190600
2012-03-27,48.810001,48.82,48.52,48.52,35.359879,137000
2012-03-28,48.529999,48.549999,47.919998,48.16,35.097504,110300
2012-03-29,47.830002,48.080002,47.549999,48.080002,35.0392,357000
2012-03-30,48.389999,48.389999,48.049999,48.27,35.177666,478900
2012-04-02,48.23,48.970001,48.119999,48.77,35.542034,272400
2012-04-03,48.759998,48.759998,48.110001,48.310001,35.206814,67400
2012-04-04,47.740002,47.799999,47.400002,47.57,34.667542,176800
2012-04-05,47.34,47.68,47.34,47.470001,34.594666,143400
2012-04-09,46.990002,47.23,46.669998,47.060001,34.295872,563500
2012-04-10,46.959999,47.060001,46.02,46.119999,33.610821,320300
2012-04-11,46.810001,46.84,46.59,46.650002,33.997066,115400
2012-04-12,46.849998,47.5,46.810001,47.459999,34.587364,145800
2012-04-13,47.119999,47.16,46.68,46.68,34.018936,116100
2012-04-16,47.02,47.07,46.599998,46.84,34.135536,64100
2012-04-17,47.130001,47.599998,47.09,47.560001,34.660244,48800
2012-04-18,47.259998,47.450001,47.18,47.27,34.44891,104000
2012-04-19,47.330002,47.48,46.830002,47.060001,34.295872,126600
2012-04-20,47.389999,47.52,47.209999,47.209999,34.405197,124000
2012-04-23,46.66,46.66,46.259998,46.599998,33.96064,698600
2012-04-24,46.610001,46.950001,46.610001,46.77,34.08453,63500
2012-04-25,47.279999,47.529999,47.189999,47.400002,34.543644,210500
2012-04-26,47.349998,47.82,47.27,47.799999,34.835148,488300
2012-04-27,47.919998,48.029999,47.66,47.900002,34.908028,300600
2012-04-30,47.799999,47.799999,47.560001,47.700001,34.762268,106000
2012-05-01,47.599998,48.200001,47.599998,47.939999,34.93718,71600
2012-05-02,47.59,47.77,47.459999,47.759998,34.806,158000
2012-05-03,47.709999,47.75,47.220001,47.360001,34.514496,259000
2012-05-04,47.080002,47.099998,46.5,46.52,33.902321,495200
2012-05-07,46.43,46.810001,46.400002,46.720001,34.048073,164000
2012-05-08,46.360001,46.360001,45.75,46.25,33.705563,151200
2012-05-09,45.619999,46.09,45.380001,45.810001,33.384911,108100
2012-05-10,46.150002,46.200001,45.849998,45.93,33.472351,523000
2012-05-11,45.59,46.16,45.529999,45.779999,33.363045,202000
2012-05-14,45.200001,45.310001,44.98,45.029999,32.816463,291100
2012-05-15,44.939999,45.110001,44.540001,44.650002,32.539547,269000
2012-05-16,44.720001,44.880001,44.27,44.299999,32.284458,118900
2012-05-17,44.299999,44.299999,43.68,43.689999,31.839907,174800
2012-05-18,43.759998,43.889999,43.23,43.32,31.570269,158500
2012-05-21,43.470001,44.150002,43.470001,44.130001,32.160576,144200
2012-05-22,44.200001,44.490002,43.810001,44.049999,32.102264,79600
2012-05-23,43.689999,43.919998,43.099998,43.900002,31.992958,233000
2012-05-24,43.98,44,43.459999,43.77,31.898212,106300
2012-05-25,43.75,43.849998,43.560001,43.68,31.83263,95200
2012-05-29,44.150002,44.41,43.93,44.279999,32.269886,191500
2012-05-30,43.799999,43.82,43.41,43.41,31.63586,343600
2012-05-31,43.540001,43.639999,43.07,43.439999,31.657711,93400
2012-06-01,42.849998,42.860001,42.43,42.450001,30.936235,517400
2012-06-04,42.689999,42.759998,42.189999,42.560001,31.016407,297500
2012-06-05,42.5,42.84,42.490002,42.779999,31.176725,76400
2012-06-06,43.25,43.959999,43.139999,43.950001,32.029404,69800
2012-06-07,44.599998,44.599998,43.869999,43.950001,32.029404,97400
2012-06-08,43.610001,44.060001,43.439999,44.009998,32.073116,188500
2012-06-11,44.369999,44.48,43.389999,43.439999,31.657711,89000
2012-06-12,43.689999,44.080002,43.41,44.080002,32.12413,252500
2012-06-13,43.880001,44.139999,43.599998,43.720001,31.861778,80300
2012-06-14,43.810001,44.18,43.66,44.029999,32.087696,144500
2012-06-15,44.330002,44.619999,44.18,44.580002,32.48851,118000
2012-06-18,44.470001,44.75,44.330002,44.619999,32.517673,103100
2012-06-19,44.98,45.490002,44.970001,45.259998,32.984074,140000
2012-06-20,45.389999,45.599998,44.990002,45.330002,33.03511,296700
2012-06-21,45.299999,45.34,44.119999,44.150002,32.17514,64600
2012-06-22,44.529999,44.630001,44.240002,44.57,32.481243,48000
2012-06-25,44,44.02,43.560001,43.689999,31.839907,73200
2012-06-26,43.830002,44.09,43.599998,43.939999,32.02211,82500
2012-06-27,44.139999,44.459999,44.07,44.369999,32.335464,61200
2012-06-28,44.040001,44.27,43.73,44.240002,32.240734,65900
2012-06-29,45.490002,45.68,45.27,45.669998,33.282871,116300
2012-07-02,45.740002,45.880001,45.470001,45.84,33.406754,128300
2012-07-03,45.939999,46.360001,45.939999,46.330002,33.763874,73300
2012-07-05,45.950001,46.07,45.689999,45.889999,33.443214,81100
2012-07-06,45.5,45.52,45.119999,45.389999,33.078827,206600
2012-07-09,45.279999,45.290001,45.009998,45.27,32.991367,82100
2012-07-10,45.490002,45.5,44.799999,44.91,32.729008,81500
2012-07-11,44.970001,45.16,44.759998,45,32.794609,78100
2012-07-12,44.599998,44.73,44.25,44.549999,32.466637,124700
2012-07-13,44.689999,45.380001,44.689999,45.259998,32.984074,135700
2012-07-16,45.18,45.34,44.970001,45.25,32.97678,56700
2012-07-17,45.459999,45.560001,44.959999,45.529999,33.180847,47900
2012-07-18,45.349998,45.860001,45.349998,45.77,33.355751,89100
2012-07-19,45.919998,46.16,45.849998,46.049999,33.559814,244800
2012-07-20,45.549999,45.599998,45.330002,45.389999,33.078827,159800
2012-07-23,44.560001,44.830002,44.25,44.75,32.612408,67000
2012-07-24,44.75,44.75,43.950001,44.25,32.248032,88300
2012-07-25,44.540001,44.57,44.16,44.400002,32.357346,119900
2012-07-26,45.220001,45.439999,45.07,45.360001,33.056957,88600
2012-07-27,45.580002,46.43,45.580002,46.279999,33.727421,97600
2012-07-30,46.130001,46.34,46.110001,46.169998,33.64727,50600
2012-07-31,46.240002,46.419998,46,46,33.523369,218100
2012-08-01,46.23,46.27,45.82,45.860001,33.421345,102400
2012-08-02,45.540001,45.810001,45.09,45.400002,33.086109,74500
2012-08-03,46.169998,46.689999,46.169998,46.540001,33.916901,70400
2012-08-06,46.700001,46.970001,46.669998,46.77,34.08453,128100
2012-08-07,47.029999,47.310001,46.959999,47.099998,34.325008,102100
2012-08-08,46.900002,47.209999,46.900002,47.060001,34.295872,188800
2012-08-09,46.970001,47.310001,46.970001,47.16,34.368748,55000
2012-08-10,46.880001,47.27,46.82,47.25,34.434338,53400
2012-08-13,47.200001,47.25,46.900002,47.139999,34.354176,43400
2012-08-14,47.360001,47.360001,47.07,47.16,34.368748,48400
2012-08-15,47.09,47.25,47.07,47.189999,34.390591,130100
2012-08-16,47.330002,47.740002,47.200001,47.66,34.733139,206700
2012-08-17,47.68,47.75,47.540001,47.700001,34.762268,189100
2012-08-20,47.599998,47.689999,47.389999,47.639999,34.718555,107900
2012-08-21,47.759998,48.080002,47.560001,47.650002,34.725838,98100
2012-08-22,47.43,47.68,47.290001,47.610001,34.696697,118600
2012-08-23,47.549999,47.549999,47.23,47.290001,34.463482,52000
2012-08-24,47.169998,47.509998,47.009998,47.369999,34.521782,185200
2012-08-27,47.439999,47.549999,47.299999,47.349998,34.507202,126700
2012-08-28,47.200001,47.459999,47.200001,47.360001,34.514496,98900
2012-08-29,47.41,47.41,47.169998,47.279999,34.456188,114500
2012-08-30,47.080002,47.080002,46.73,46.810001,34.113678,84800
2012-08-31,47.200001,47.34,46.900002,47.139999,34.354176,79300
2012-09-04,47.169998,47.200001,46.849998,47.09,34.31773,138300
2012-09-05,47.060001,47.200001,46.860001,47.02,34.266712,540100
2012-09-06,47.349998,48.099998,47.349998,48.099998,35.053783,417700
2012-09-07,48.279999,48.57,48.279999,48.560001,35.389023,405100
2012-09-10,48.450001,48.540001,48.189999,48.209999,35.133949,221700
2012-09-11,48.32,48.639999,48.32,48.509998,35.352589,111600
2012-09-12,48.779999,48.869999,48.580002,48.709999,35.498322,70400
2012-09-13,48.720001,49.669998,48.59,49.560001,36.117779,288200
2012-09-14,49.779999,50.34,49.77,49.939999,36.394711,318200
2012-09-17,49.900002,49.91,49.560001,49.689999,36.212528,111800
2012-09-18,49.57,49.619999,49.41,49.529999,36.095921,100300
2012-09-19,49.639999,49.740002,49.459999,49.630001,36.168812,58800
2012-09-20,49.310001,49.419998,49,49.380001,35.986599,251900
2012-09-21,49.779999,49.779999,49.330002,49.380001,35.986599,156900
2012-09-24,48.619999,48.77,48.5,48.68,35.901062,75300
2012-09-25,48.91,48.959999,48.259998,48.279999,35.60606,212800
2012-09-26,48.16,48.169998,47.77,47.91,35.333199,175900
2012-09-27,48.259998,48.580002,48.040001,48.509998,35.775684,342200
2012-09-28,48.279999,48.279999,47.889999,48.029999,35.421692,251200
2012-10-01,48.27,48.700001,48.23,48.27,35.59869,606700
2012-10-02,48.619999,48.68,48.27,48.459999,35.738804,230200
2012-10-03,48.470001,48.52,48.200001,48.400002,35.694569,67800
2012-10-04,48.639999,48.84,48.52,48.830002,36.011684,110000
2012-10-05,49.150002,49.259998,48.720001,48.849998,36.026436,93800
2012-10-08,48.509998,48.650002,48.509998,48.630001,35.864197,48000
2012-10-09,48.5,48.5,48.060001,48.080002,35.458565,316300
2012-10-10,48,48.080002,47.73,47.830002,35.2742,70800
2012-10-11,48.200001,48.389999,48.049999,48.060001,35.443825,102200
2012-10-12,48.09,48.150002,47.77,47.860001,35.296329,52600
2012-10-15,48.040001,48.310001,47.880001,48.290001,35.613441,119800
2012-10-16,48.610001,48.919998,48.599998,48.91,36.070679,210000
2012-10-17,48.970001,49.25,48.880001,49.200001,36.28455,207700
2012-10-18,49.040001,49.349998,48.939999,49.099998,36.210793,62600
2012-10-19,48.959999,48.959999,48.25,48.34,35.650322,60300
2012-10-22,48.52,48.599998,48.200001,48.540001,35.797817,91300
2012-10-23,47.82,47.830002,47.41,47.689999,35.170944,153800
2012-10-24,48,48.029999,47.619999,47.639999,35.134079,91400
2012-10-25,48.060001,48.209999,47.68,47.939999,35.355312,252200
2012-10-26,47.869999,47.970001,47.599998,47.790001,35.244694,45600
2012-10-31,47.959999,48,47.619999,47.740002,35.207829,210300
2012-11-01,48.009998,48.459999,47.869999,48.450001,35.73143,366600
2012-11-02,48.580002,48.599998,47.939999,47.939999,35.355312,146000
2012-11-05,47.98,48.099998,47.799999,48.009998,35.406944,203700
2012-11-06,48.189999,48.48,48.110001,48.41,35.701939,85700
2012-11-07,48.009998,48.009998,47.27,47.509998,35.038193,175000
2012-11-08,47.509998,47.68,46.98,47.029999,34.684185,225100
2012-11-09,46.889999,47.380001,46.830002,47.049999,34.698948,305600
2012-11-12,47.25,47.25,47.009998,47.09,34.728451,163100
2012-11-13,46.759998,47.189999,46.689999,46.799999,34.514576,319300
2012-11-14,46.860001,46.98,46.150002,46.25,34.108963,1250500
2012-11-15,46.369999,46.470001,46.029999,46.18,34.057327,273500
2012-11-16,46.279999,46.41,45.830002,46.330002,34.167953,120900
2012-11-19,46.919998,47.310001,46.830002,47.310001,34.890705,273700
2012-11-20,47.150002,47.32,46.950001,47.25,34.846455,122500
2012-11-21,47.279999,47.41,47.220001,47.41,34.964451,86500
2012-11-23,47.849998,48.169998,47.849998,48.169998,35.524944,65700
2012-11-26,47.939999,48.060001,47.799999,48.049999,35.436432,601100
2012-11-27,47.93,48.099998,47.75,47.759998,35.222565,188500
2012-11-28,47.57,48.27,47.369999,48.169998,35.524944,457200
2012-11-29,48.41,48.540001,48.200001,48.43,35.716686,511200
2012-11-30,48.509998,48.57,48.310001,48.470001,35.746189,102200
2012-12-03,48.790001,48.790001,48.34,48.349998,35.657688,176800
2012-12-04,48.459999,48.57,48.279999,48.41,35.701939,141000
2012-12-05,48.41,48.810001,48.310001,48.549999,35.805187,158500
2012-12-06,48.630001,48.75,48.540001,48.740002,35.945297,278300
2012-12-07,48.720001,48.889999,48.619999,48.84,36.019054,91200
2012-12-10,48.759998,48.91,48.720001,48.860001,36.033806,192500
2012-12-11,49,49.330002,49,49.240002,36.314064,305900
2012-12-12,49.279999,49.619999,49.27,49.330002,36.380428,209500
2012-12-13,49.310001,49.380001,48.93,49.02,36.151814,189900
2012-12-14,49.09,49.209999,48.93,49.049999,36.173943,140800
2012-12-17,49.009998,49.48,49.009998,49.459999,36.476311,222400
2012-12-18,49.419998,50,49.400002,49.950001,36.837669,1412000
2012-12-19,50.029999,50.130001,49.82,49.849998,36.763924,211100
2012-12-20,49.450001,49.66,49.360001,49.610001,36.998852,346000
2012-12-21,48.860001,49.240002,48.799999,49.189999,36.685604,547000
2012-12-24,49.200001,49.240002,49,49.110001,36.625946,229900
2012-12-26,49.150002,49.32,48.889999,49.029999,36.566277,358600
2012-12-27,49.220001,49.220001,48.650002,49.080002,36.603565,453200
2012-12-28,48.849998,49,48.639999,48.779999,36.379841,411400
2012-12-31,48.779999,49.5,48.73,49.419998,36.857147,293000
2013-01-02,50.220001,50.5,50.16,50.5,37.662609,722400
2013-01-03,50.200001,50.52,50.130001,50.220001,37.4538,348200
2013-01-04,50.220001,50.5,50.130001,50.459999,37.632767,379800
2013-01-07,50.240002,50.259998,50.040001,50.200001,37.438885,892500
2013-01-08,50.189999,50.209999,49.84,50.009998,37.297161,1737600
2013-01-09,50.119999,50.310001,50.099998,50.23,37.461239,673900
2013-01-10,50.610001,50.790001,50.389999,50.759998,37.856506,433100
2013-01-11,50.709999,50.759998,50.509998,50.73,37.834141,411000
2013-01-14,50.740002,50.790001,50.540001,50.759998,37.856506,226300
2013-01-15,50.380001,50.73,50.380001,50.709999,37.81921,201900
2013-01-16,50.560001,50.650002,50.450001,50.610001,37.744648,438000
2013-01-17,50.900002,51.080002,50.779999,50.939999,37.990757,296400
2013-01-18,50.950001,51.029999,50.73,50.990002,38.028049,384600
2013-01-22,50.919998,51.189999,50.849998,51.189999,38.177204,1124000
2013-01-23,51.130001,51.200001,51.009998,51.150002,38.147385,241900
2013-01-24,51.200001,51.43,51.029999,51.25,38.221958,507400
2013-01-25,51.48,51.529999,51.290001,51.529999,38.430779,154900
2013-01-28,51.5,51.529999,51.200001,51.330002,38.281612,183800
2013-01-29,51.400002,51.66,51.330002,51.610001,38.490437,221200
2013-01-30,51.73,51.75,51.490002,51.540001,38.438229,180800
2013-01-31,51.43,51.580002,51.310001,51.400002,38.333824,236800
2013-02-01,51.740002,51.950001,51.599998,51.880001,38.691792,257100
2013-02-04,51.52,51.57,51.110001,51.150002,38.147385,717300
2013-02-05,51.290001,51.639999,51.290001,51.5,38.408405,189700
2013-02-06,51.27,51.549999,51.209999,51.549999,38.44569,263800
2013-02-07,51.529999,51.529999,50.950001,51.279999,38.244328,250100
2013-02-08,51.490002,51.610001,51.439999,51.59,38.475513,230600
2013-02-11,51.599998,51.599998,51.400002,51.52,38.423313,287900
2013-02-12,51.580002,51.799999,51.5,51.68,38.542652,191800
2013-02-13,51.889999,51.959999,51.689999,51.779999,38.617222,185300
2013-02-14,51.580002,51.75,51.490002,51.700001,38.557549,276600
2013-02-15,51.779999,51.779999,51.439999,51.57,38.460609,295000
2013-02-19,51.869999,52.07,51.799999,52.02,38.796207,399100
2013-02-20,52.110001,52.130001,51.41,51.43,38.356186,249300
2013-02-21,51.169998,51.169998,50.700001,50.900002,37.96093,201500
2013-02-22,51.240002,51.419998,51.060001,51.419998,38.34874,132100
2013-02-25,51.860001,51.860001,50.450001,50.459999,37.632767,304700
2013-02-26,50.82,50.91,50.360001,50.779999,37.871437,269400
2013-02-27,50.700001,51.48,50.630001,51.34,38.289085,179800
2013-02-28,51.41,51.610001,51.240002,51.240002,38.214489,453500
2013-03-01,51,51.380001,50.849998,51.369999,38.31144,365700
2013-03-04,51.209999,51.5,51.110001,51.490002,38.40094,352700
2013-03-05,51.77,52.07,51.77,51.970001,38.758923,301100
2013-03-06,52.110001,52.23,51.939999,52.049999,38.818581,424800
2013-03-07,52.189999,52.290001,52.16,52.240002,38.960278,155500
2013-03-08,52.419998,52.48,52.18,52.450001,39.116894,412400
2013-03-11,52.459999,52.610001,52.310001,52.599998,39.228767,78000
2013-03-12,52.509998,52.580002,52.220001,52.330002,39.02742,191100
2013-03-13,52.360001,52.41,52.130001,52.299999,39.005043,123100
2013-03-14,52.450001,52.700001,52.400002,52.669998,39.280972,188000
2013-03-15,52.650002,52.689999,52.470001,52.52,39.169098,296600
2013-03-18,52,52.43,51.900002,52.18,38.915539,195100
2013-03-19,52.23,52.299999,51.529999,51.82,38.64706,2029100
2013-03-20,52.330002,52.389999,52.150002,52.27,38.982655,244700
2013-03-21,51.990002,52.130001,51.779999,51.860001,38.676895,402100
2013-03-22,51.91,52.060001,51.830002,52.049999,38.941734,137400
2013-03-25,52.18,52.23,51.52,51.740002,38.709808,185400
2013-03-26,51.959999,52.150002,51.919998,52.130001,39.001583,122500
2013-03-27,51.779999,52.130001,51.650002,52.07,38.956696,166800
2013-03-28,52.099998,52.34,52.02,52.279999,39.113823,273700
2013-04-01,52.23,52.240002,51.700001,51.830002,38.777138,467300
2013-04-02,52.02,52.330002,52.02,52.139999,39.009064,276800
2013-04-03,52.259998,52.279999,51.5,51.57,38.582623,188700
2013-04-04,51.700001,51.959999,51.619999,51.860001,38.799595,127500
2013-04-05,51.110001,51.759998,51.110001,51.689999,38.672398,221200
2013-04-08,51.73,51.950001,51.560001,51.939999,38.859428,182400
2013-04-09,52,52.32,51.849998,52.099998,38.979149,139800
2013-04-10,52.369999,52.849998,52.369999,52.810001,39.510345,309000
2013-04-11,52.98,53.23,52.900002,53.07,39.704868,225600
2013-04-12,52.84,52.849998,52.540001,52.84,39.532776,164100
2013-04-15,52.5,52.509998,51.529999,51.529999,38.552692,208200
2013-04-16,52.139999,52.41,51.939999,52.369999,39.181152,312200
2013-04-17,51.98,51.98,51.200001,51.439999,38.485359,451200
2013-04-18,51.630001,51.630001,51.07,51.200001,38.305786,182000
2013-04-19,51.509998,51.779999,51.450001,51.77,38.73225,177500
2013-04-22,51.849998,52.02,51.450001,51.939999,38.859428,150800
2013-04-23,52.259998,52.540001,52.139999,52.52,39.293362,250600
2013-04-24,52.599998,52.880001,52.549999,52.740002,39.457966,259100
2013-04-25,52.98,53.259998,52.939999,53.040001,39.682415,186400
2013-04-26,52.939999,53.009998,52.77,52.900002,39.577667,65600
2013-04-29,53.209999,53.509998,53.130001,53.419998,39.966721,185600
2013-04-30,53.490002,53.68,53.27,53.68,40.161236,202000
2013-05-01,53.509998,53.66,53.099998,53.16,39.772182,250600
2013-05-02,53.290001,53.650002,53.27,53.57,40.078926,297100
2013-05-03,53.959999,54.310001,53.959999,54.150002,40.512863,159000
2013-05-06,54.130001,54.27,54.049999,54.209999,40.557751,263000
2013-05-07,54.360001,54.459999,54.150002,54.439999,40.729832,146800
2013-05-08,54.549999,54.849998,54.5,54.82,41.014145,259000
2013-05-09,54.790001,54.880001,54.439999,54.549999,40.812145,188700
2013-05-10,54.439999,54.599998,54.27,54.57,40.827106,165800
2013-05-13,54.549999,54.59,54.349998,54.529999,40.797176,386300
2013-05-14,54.5,54.919998,54.5,54.880001,41.059032,189900
2013-05-15,54.84,55.189999,54.799999,55.09,41.216129,143000
2013-05-16,55.009998,55.139999,54.75,54.799999,40.999165,167100
2013-05-17,54.98,55.25,54.869999,55.25,41.335842,256800
2013-05-20,55.279999,55.450001,55.200001,55.310001,41.38073,273800
2013-05-21,55.330002,55.529999,55.099998,55.389999,41.440594,344000
2013-05-22,55.549999,55.93,54.650002,54.830002,41.021629,486200
2013-05-23,54.009998,54.580002,53.599998,54.580002,40.834576,396600
2013-05-24,54.07,54.25,53.830002,54.25,40.587685,705000
2013-05-28,54.639999,54.970001,54.330002,54.459999,40.744793,284300
2013-05-29,54.279999,54.279999,53.849998,54.049999,40.438057,461500
2013-05-30,54.169998,54.459999,54.09,54.310001,40.632568,220800
2013-05-31,53.970001,54.099998,53.380001,53.380001,39.936787,185600
2013-06-03,53.450001,53.720001,53.209999,53.709999,40.18367,532400
2013-06-04,53.689999,53.91,53.240002,53.509998,40.034031,174100
2013-06-05,53.299999,53.34,52.599998,52.610001,39.360714,226800
2013-06-06,52.669998,53.049999,52.419998,53.049999,39.689903,214300
2013-06-07,53.16,53.549999,53.009998,53.529999,40.049004,96600
2013-06-10,53.810001,53.810001,53.400002,53.560001,40.071472,265000
2013-06-11,52.939999,53.200001,52.68,52.849998,39.540264,385500
2013-06-12,53.25,53.389999,52.490002,52.560001,39.323296,210300
2013-06-13,52.630001,53.41,52.470001,53.34,39.90686,132300
2013-06-14,53.240002,53.380001,52.77,52.880001,39.562714,113600
2013-06-17,53.470001,53.709999,53.16,53.43,39.974194,200900
2013-06-18,53.5,53.889999,53.459999,53.830002,40.27346,330400
2013-06-19,53.77,53.77,52.830002,52.880001,39.562714,256200
2013-06-20,52.139999,52.150002,51.150002,51.27,38.358162,368300
2013-06-21,51.599998,51.759998,50.91,51.369999,38.43298,356700
2013-06-24,50.209999,50.540001,49.75,50.130001,37.828537,415400
2013-06-25,50.779999,50.880001,50.299999,50.799999,38.334141,324900
2013-06-26,50.990002,51.290001,50.950001,51.189999,38.628426,196100
2013-06-27,51.639999,51.860001,51.599998,51.720001,39.028374,258800
2013-06-28,51.509998,51.860001,51.389999,51.509998,38.869911,311800
2013-07-01,51.919998,52.209999,51.84,51.939999,39.194378,343800
2013-07-02,51.959999,52.18,51.459999,51.650002,38.97554,626700
2013-07-03,51.400002,51.810001,51.27,51.73,39.035919,209000
2013-07-05,51.939999,52.099998,51.630001,52.099998,39.315128,338200
2013-07-08,52.299999,52.450001,52.200001,52.299999,39.466061,187100
2013-07-09,52.68,52.73,52.389999,52.650002,39.730179,111200
2013-07-10,52.619999,52.990002,52.59,52.720001,39.782986,147900
2013-07-11,53.549999,53.93,53.43,53.880001,40.658325,362100
2013-07-12,53.630001,53.830002,53.610001,53.75,40.560223,112600
2013-07-15,53.939999,54.07,53.810001,54.029999,40.771507,139700
2013-07-16,54.009998,54.009998,53.709999,53.869999,40.65078,122900
2013-07-17,54.18,54.259998,54.02,54.09,40.816799,193600
2013-07-18,54.16,54.439999,54.119999,54.369999,41.028084,275400
2013-07-19,54.279999,54.400002,54.099998,54.369999,41.028084,127600
2013-07-22,54.439999,54.630001,54.389999,54.619999,41.21674,113600
2013-07-23,54.689999,54.790001,54.580002,54.650002,41.239368,288500
2013-07-24,54.880001,54.880001,54.310001,54.470001,41.103561,171300
2013-07-25,54.299999,54.610001,54.18,54.580002,41.186546,264600
2013-07-26,54.34,54.450001,53.990002,54.439999,41.08091,458500
2013-07-29,54.27,54.279999,54.029999,54.150002,40.862061,211000
2013-07-30,54.34,54.380001,53.98,54.110001,40.831879,159700
2013-07-31,54.240002,54.57,54.119999,54.169998,40.877167,134300
2013-08-01,54.73,54.939999,54.700001,54.889999,41.420479,694900
2013-08-02,54.900002,55.049999,54.75,55.049999,41.541222,205900
2013-08-05,54.98,54.98,54.779999,54.93,41.450657,102200
2013-08-06,54.900002,54.900002,54.549999,54.669998,41.254471,118500
2013-08-07,54.5,54.5,54.279999,54.360001,41.020535,232300
2013-08-08,54.77,54.900002,54.470001,54.849998,41.390293,186400
2013-08-09,54.799999,54.939999,54.639999,54.810001,41.360119,72100
2013-08-12,54.650002,54.860001,54.57,54.779999,41.337475,303900
2013-08-13,54.919998,55.099998,54.650002,55.040001,41.533672,125000
2013-08-14,55.07,55.119999,54.900002,54.919998,41.443115,153000
2013-08-15,54.360001,54.41,53.950001,54.279999,40.960167,241300
2013-08-16,54.330002,54.419998,54.139999,54.209999,40.907349,115000
2013-08-19,54.189999,54.189999,53.77,53.77,40.575317,126000
2013-08-20,53.77,54.099998,53.650002,53.939999,40.703606,112500
2013-08-21,53.73,53.93,53.200001,53.380001,40.281036,141400
2013-08-22,53.560001,53.950001,53.560001,53.860001,40.643238,111300
2013-08-23,54.029999,54.240002,53.93,54.209999,40.907349,119600
2013-08-26,54.25,54.299999,53.950001,53.959999,40.718697,659800
2013-08-27,53.5,53.509998,52.970001,53.009998,40.001804,343300
2013-08-28,52.990002,53.299999,52.790001,53.09,40.062183,113400
2013-08-29,53.040001,53.400002,53.040001,53.119999,40.084831,492600
2013-08-30,53.150002,53.169998,52.75,52.84,39.873531,177700
2013-09-03,53.52,53.75,53.189999,53.32,40.235767,1107200
2013-09-04,53.470001,53.919998,53.369999,53.869999,40.65078,121100
2013-09-05,53.669998,54.029999,53.669998,53.98,40.73378,196100
2013-09-06,54.18,54.369999,53.689999,54.119999,40.839436,50300
2013-09-09,54.439999,54.880001,54.43,54.860001,41.39785,143900
2013-09-10,55.360001,55.389999,55.16,55.389999,41.797779,245700
2013-09-11,55.32,55.560001,55.189999,55.549999,41.91853,270200
2013-09-12,55.48,55.52,55.240002,55.259998,41.699673,118700
2013-09-13,55.419998,55.470001,55.220001,55.439999,41.835526,159500
2013-09-16,56,56.220001,55.799999,55.830002,42.129822,265700
2013-09-17,55.830002,56,55.830002,55.959999,42.227917,128000
2013-09-18,56.07,57.150002,55.869999,57.060001,43.057987,210800
2013-09-19,57.169998,57.200001,56.75,56.880001,42.922153,216700
2013-09-20,56.93,56.93,56.360001,56.369999,42.537304,238900
2013-09-23,56.009998,56.200001,55.869999,56.040001,42.472885,220200
2013-09-24,56.09,56.259998,55.849998,55.939999,42.397099,207900
2013-09-25,55.849998,56.099998,55.810001,55.889999,42.359184,440800
2013-09-26,56.099998,56.27,55.91,56.07,42.495617,246500
2013-09-27,55.970001,55.970001,55.700001,55.889999,42.359184,245200
2013-09-30,55.189999,55.66,55.189999,55.549999,42.101532,298300
2013-10-01,55.66,56.040001,55.630001,55.990002,42.434986,333600
2013-10-02,55.810001,55.950001,55.549999,55.91,42.37434,369700
2013-10-03,55.93,55.93,55.330002,55.580002,42.124256,752700
2013-10-04,55.68,55.880001,55.470001,55.810001,42.298573,366200
2013-10-07,55.349998,55.610001,55.23,55.360001,41.957504,228000
2013-10-08,55.450001,55.5,54.759998,54.77,41.510353,336200
2013-10-09,55.07,55.09,54.549999,54.880001,41.593719,246200
2013-10-10,55.580002,56.02,55.5,56.009998,42.450146,293000
2013-10-11,56.029999,56.400002,55.959999,56.400002,42.745728,844300
2013-10-14,56.060001,56.599998,56,56.540001,42.85183,160500
2013-10-15,56.470001,56.490002,56.110001,56.150002,42.556248,237500
2013-10-16,56.41,56.77,56.400002,56.77,43.026146,500400
2013-10-17,56.84,57.369999,56.779999,57.330002,43.450573,379100
2013-10-18,57.400002,57.720001,57.400002,57.669998,43.708252,381100
2013-10-21,57.75,57.77,57.59,57.73,43.753742,377500
2013-10-22,58.029999,58.34,57.959999,58.139999,44.064476,365600
2013-10-23,57.82,57.82,57.5,57.630001,43.67794,448700
2013-10-24,57.919998,57.990002,57.73,57.939999,43.912891,129500
2013-10-25,58,58,57.779999,58,43.958374,298200
2013-10-28,58,58.09,57.860001,57.990002,43.950794,299400
2013-10-29,58.119999,58.150002,57.990002,58.130001,44.056904,166600
2013-10-30,58.220001,58.259998,57.68,57.91,43.890156,308700
2013-10-31,57.959999,57.98,57.599998,57.610001,43.662785,285000
2013-11-01,57.599998,57.720001,57.279999,57.580002,43.640064,519600
2013-11-04,57.549999,57.91,57.549999,57.91,43.890156,263700
2013-11-05,57.529999,57.599998,57.299999,57.48,43.564259,167300
2013-11-06,57.869999,57.919998,57.639999,57.75,43.768894,199900
2013-11-07,57.830002,57.830002,56.93,56.939999,43.154995,201500
2013-11-08,56.900002,57.459999,56.869999,57.439999,43.533951,358900
2013-11-11,57.490002,57.540001,57.369999,57.48,43.564259,171000
2013-11-12,57.439999,57.450001,57.16,57.32,43.443008,126000
2013-11-13,56.970001,57.650002,56.950001,57.639999,43.685524,93200
2013-11-14,57.709999,57.970001,57.610001,57.91,43.890156,160600
2013-11-15,58,58.360001,58,58.330002,44.208477,338400
2013-11-18,58.540001,58.66,58.189999,58.299999,44.185749,346000
2013-11-19,58.200001,58.349998,58.029999,58.110001,44.041752,218000
2013-11-20,58.23,58.330002,57.689999,57.830002,43.829525,225300
2013-11-21,57.810001,58.220001,57.810001,58.220001,44.125118,203500
2013-11-22,58.080002,58.450001,58.080002,58.439999,44.291843,175900
2013-11-25,58.439999,58.450001,58.18,58.220001,44.125118,153800
2013-11-26,58.259998,58.360001,58.099998,58.240002,44.14027,379000
2013-11-27,58.16,58.490002,58.16,58.459999,44.307011,286400
2013-11-29,58.529999,58.740002,58.490002,58.5,44.337318,203100
2013-12-02,58.450001,58.450001,58.07,58.099998,44.034161,498700
2013-12-03,57.98,57.98,57.580002,57.790001,43.799213,289500
2013-12-04,57.52,57.740002,57.200001,57.580002,43.640064,292200
2013-12-05,57.48,57.599998,57.310001,57.369999,43.480892,347600
2013-12-06,57.84,58.130001,57.790001,58.060001,44.003849,207900
2013-12-09,58.189999,58.200001,58.029999,58.110001,44.041752,293100
2013-12-10,58.009998,58.150002,57.950001,58.02,43.973534,193400
2013-12-11,58.07,58.07,57.299999,57.349998,43.465736,221300
2013-12-12,57.25,57.34,56.900002,57.080002,43.261101,269300
2013-12-13,57.18,57.189999,56.900002,57.060001,43.245937,176500
2013-12-16,57.27,57.610001,57.259998,57.490002,43.571835,331500
2013-12-17,57.490002,57.5,57.110001,57.259998,43.397522,273600
2013-12-18,57.48,58.150002,56.959999,58.049999,43.996258,442200
2013-12-19,58.029999,58.09,57.73,58.060001,44.003849,1034200
2013-12-20,57.849998,58.07,57.799999,58.009998,44.250996,446000
2013-12-23,58.48,58.490002,58.259998,58.470001,44.601894,346200
2013-12-24,58.5,58.630001,58.450001,58.610001,44.708702,149200
2013-12-26,58.849998,58.869999,58.75,58.82,44.868877,264700
2013-12-27,59,59.099998,58.900002,59,45.006176,262100
2013-12-30,59.09,59.169998,59.009998,59.16,45.128231,255100
2013-12-31,59.299999,59.439999,59.209999,59.400002,45.311306,593400
2014-01-02,59,59.049999,58.380001,58.52,44.640026,584300
2014-01-03,58.68,58.830002,58.5,58.580002,44.685799,323700
2014-01-06,58.779999,58.869999,58.349998,58.419998,44.563751,253000
2014-01-07,58.68,58.759998,58.580002,58.689999,44.769718,231700
2014-01-08,58.759998,58.82,58.52,58.700001,44.77734,443300
2014-01-09,58.82,58.830002,58.349998,58.689999,44.769718,297200
2014-01-10,58.950001,59.09,58.709999,59.09,45.074856,282900
2014-01-13,58.830002,59.040001,58.330002,58.43,44.571381,397800
2014-01-14,58.709999,58.98,58.5,58.959999,44.975677,233900
2014-01-15,59.060001,59.259998,59,59.139999,45.112984,423400
2014-01-16,59.310001,59.310001,58.93,59.16,45.128231,195700
2014-01-17,59,59.16,58.869999,58.939999,44.960415,246300
2014-01-21,59.139999,59.389999,58.830002,59.099998,45.08247,385700
2014-01-22,59.110001,59.32,59.060001,59.25,45.196899,743700
2014-01-23,58.98,59,58.450001,58.709999,44.784973,481500
2014-01-24,58.169998,58.189999,57.189999,57.189999,43.625484,792900
2014-01-27,57.200001,57.34,56.560001,56.889999,43.396656,340600
2014-01-28,57.130001,57.439999,57.09,57.360001,43.755169,337400
2014-01-29,57,57.18,56.650002,56.779999,43.312733,403200
2014-01-30,57.200001,57.450001,57.009998,57.349998,43.747547,341500
2014-01-31,56.650002,57.060001,56.400002,56.759998,43.297482,1016000
2014-02-03,56.919998,56.919998,55.529999,55.630001,42.435497,971600
2014-02-04,55.900002,56.189999,55.720001,56.09,42.786388,352100
2014-02-05,56,56.189999,55.639999,56.049999,42.755875,204200
2014-02-06,56.189999,56.970001,56.189999,56.919998,43.419533,193400
2014-02-07,57.310001,57.619999,57.040001,57.560001,43.907722,303500
2014-02-10,57.669998,57.669998,57.369999,57.52,43.877216,340100
2014-02-11,57.68,58.43,57.68,58.279999,44.456966,215600
2014-02-12,58.41,58.549999,58.240002,58.389999,44.540871,417100
2014-02-13,57.990002,58.650002,57.950001,58.599998,44.701046,312100
2014-02-14,58.630001,59.009998,58.599998,58.889999,44.922272,241500
2014-02-18,59.16,59.279999,59,59.150002,45.120609,303300
2014-02-19,59.139999,59.34,58.740002,58.77,44.830742,452100
2014-02-20,58.790001,59.18,58.639999,59.099998,45.08247,167700
2014-02-21,59.299999,59.380001,59.099998,59.110001,45.090099,492600
2014-02-24,59.18,59.830002,59.18,59.48,45.37233,291300
2014-02-25,59.580002,59.66,59.240002,59.330002,45.257923,171700
2014-02-26,59.439999,59.529999,59.200001,59.34,45.265541,144000
2014-02-27,59.41,59.599998,59.209999,59.560001,45.433361,199700
2014-02-28,59.759998,60.029999,59.41,59.720001,45.555412,370700
2014-03-03,58.93,59.200001,58.639999,58.91,44.937534,407500
2014-03-04,59.869999,59.959999,59.619999,59.91,45.700348,785400
2014-03-05,59.84,60,59.799999,59.939999,45.723236,145900
2014-03-06,60.200001,60.380001,60.130001,60.209999,45.929195,1073100
2014-03-07,60.330002,60.43,59.82,60.02,45.784267,285200
2014-03-10,59.889999,59.889999,59.490002,59.75,45.578293,461000
2014-03-11,59.919998,59.970001,59.349998,59.439999,45.341824,305700
2014-03-12,59.209999,59.400002,58.91,59.380001,45.296051,186800
2014-03-13,59.560001,59.580002,58.43,58.580002,44.685799,235800
2014-03-14,58.400002,58.779999,58.32,58.52,44.640026,332800
2014-03-17,58.860001,59.189999,58.799999,59.02,45.02145,380700
2014-03-18,59.200001,59.540001,59.130001,59.470001,45.364704,248100
2014-03-19,59.5,59.5,58.599998,58.889999,44.922272,306800
2014-03-20,58.84,59.099998,58.509998,59,45.006176,109400
2014-03-21,59.330002,59.450001,58.830002,58.900002,44.929897,169900
2014-03-24,59.189999,59.23,58.57,58.849998,44.891781,486700
2014-03-25,58.889999,59.009998,58.599998,58.880001,45.171017,269300
2014-03-26,59.099998,59.279999,58.639999,58.639999,44.986893,345900
2014-03-27,58.639999,58.939999,58.560001,58.790001,45.101982,245000
2014-03-28,59.139999,59.419998,59.07,59.16,45.385822,399500
2014-03-31,59.540001,59.75,59.52,59.669998,45.777077,381700
2014-04-01,59.889999,60.150002,59.84,60.110001,46.114635,422800
2014-04-02,60.099998,60.25,60,60.200001,46.183681,382900
2014-04-03,60.150002,60.220001,59.849998,60.07,46.083946,440900
2014-04-04,60.369999,60.43,59.48,59.549999,45.685009,312400
2014-04-07,59.599998,59.669998,58.970001,59.139999,45.370483,143200
2014-04-08,59.099998,59.450001,59,59.360001,45.539261,193300
2014-04-09,59.490002,60.060001,59.419998,60.060001,46.076279,331300
2014-04-10,60.029999,60.029999,58.84,58.950001,45.22472,214000
2014-04-11,58.759998,58.950001,58.41,58.490002,44.871819,485100
2014-04-14,58.68,58.959999,58.450001,58.810001,45.11731,689800
2014-04-15,58.810001,58.950001,58.040001,58.799999,45.109642,237100
2014-04-16,59.27,59.419998,59.07,59.419998,45.585293,1145400
2014-04-17,59.380001,59.77,59.360001,59.66,45.769413,169200
2014-04-21,59.73,59.790001,59.560001,59.75,45.838451,159400
2014-04-22,59.880001,60.110001,59.810001,59.970001,46.007236,182900
2014-04-23,59.990002,60.009998,59.779999,59.849998,45.915161,154400
2014-04-24,59.889999,60.07,59.560001,59.880001,45.93819,310100
2014-04-25,59.66,59.669998,59.299999,59.41,45.577606,118900
2014-04-28,59.619999,59.77,59.099998,59.59,45.715714,200400
2014-04-29,59.650002,59.990002,59.599998,59.889999,45.945854,99100
2014-04-30,59.849998,60.16,59.709999,60.110001,46.114635,1324700
2014-05-01,60.220001,60.34,60.040001,60.23,46.206692,145700
2014-05-02,60.150002,60.450001,60.150002,60.25,46.222031,152200
2014-05-05,60,60.279999,59.77,60.259998,46.229702,301500
2014-05-06,60.279999,60.279999,59.950001,59.990002,46.022575,266300
2014-05-07,60.200001,60.25,59.75,60.240002,46.214367,140800
2014-05-08,60.290001,60.529999,60.029999,60.150002,46.145317,106800
2014-05-09,60.150002,60.189999,59.849998,60.169998,46.160671,94600
2014-05-12,60.52,60.75,60.450001,60.700001,46.567272,239600
2014-05-13,60.799999,60.799999,60.619999,60.669998,46.544254,244900
2014-05-14,60.650002,60.740002,60.450001,60.52,46.429173,115600
2014-05-15,60.459999,60.57,59.84,60.09,46.099289,189500
2014-05-16,60.290001,60.369999,60,60.360001,46.306431,174800
2014-05-19,60.25,60.450001,60.169998,60.419998,46.352455,89300
2014-05-20,60.349998,60.400002,59.880001,60.02,46.045593,142900
2014-05-21,60.240002,60.470001,60.23,60.43,46.36013,255600
2014-05-22,60.5,60.759998,60.490002,60.669998,46.544254,165100
2014-05-23,60.77,60.950001,60.720001,60.93,46.743717,212300
2014-05-27,61,61.34,61,61.209999,46.958515,196600
2014-05-28,61.240002,61.259998,61,61.099998,46.874146,138300
2014-05-29,61.27,61.470001,61.18,61.470001,47.157997,271900
2014-05-30,61.459999,61.459999,61.23,61.34,47.058254,317600
2014-06-02,61.490002,61.59,61.32,61.580002,47.242382,222000
2014-06-03,61.450001,61.5,61.310001,61.490002,47.173332,110500
2014-06-04,61.400002,61.560001,61.259998,61.549999,47.21936,132300
2014-06-05,61.73,62.040001,61.5,62.009998,47.572258,337300
2014-06-06,62.23,62.369999,62.139999,62.349998,47.833092,159500
2014-06-09,62.330002,62.490002,62.25,62.419998,47.886803,191200
2014-06-10,62.380001,62.380001,62.139999,62.369999,47.848442,165700
2014-06-11,62.23,62.23,62.049999,62.150002,47.679668,212700
2014-06-12,62,62.189999,61.790001,61.91,47.495533,268400
2014-06-13,62,62.09,61.810001,62.080002,47.625957,134600
2014-06-16,62.009998,62.130001,61.900002,62.040001,47.595276,93600
2014-06-17,61.959999,62.189999,61.869999,62.16,47.687336,211200
2014-06-18,62.16,62.580002,62.009998,62.52,47.96352,387600
2014-06-19,62.709999,62.779999,62.52,62.630001,48.04789,127500
2014-06-20,62.77,62.77,62.619999,62.73,48.124622,127000
2014-06-23,62.669998,62.689999,62.509998,62.630001,48.04789,568600
2014-06-24,62.259998,62.360001,61.82,61.860001,47.810631,339900
2014-06-25,61.759998,62,61.700001,61.970001,47.895638,381100
2014-06-26,62.080002,62.080002,61.59,61.959999,47.88792,378100
2014-06-27,61.880001,62.189999,61.880001,62.169998,48.050224,190700
2014-06-30,62.16,62.299999,62.09,62.23,48.0966,1468100
2014-07-01,62.48,62.869999,62.459999,62.759998,48.506229,268600
2014-07-02,62.779999,62.919998,62.75,62.810001,48.544872,228100
2014-07-03,62.970001,63.119999,62.810001,63.09,48.761272,97600
2014-07-07,62.91,62.91,62.599998,62.689999,48.452122,496300
2014-07-08,62.540001,62.650002,62.040001,62.189999,48.065674,275800
2014-07-09,62.310001,62.5,62.189999,62.450001,48.266644,238900
2014-07-10,61.740002,62.119999,61.549999,62.040001,47.949753,314900
2014-07-11,62.07,62.09,61.849998,62.060001,47.965206,124500
2014-07-14,62.48,62.5,62.380001,62.43,48.251175,113400
2014-07-15,62.509998,62.529999,62.029999,62.240002,48.104324,180400
2014-07-16,62.639999,62.639999,62.369999,62.509998,48.313004,266700
2014-07-17,62.330002,62.459999,61.669998,61.740002,47.717884,234600
2014-07-18,61.939999,62.459999,61.810001,62.389999,48.220249,153400
2014-07-21,62.209999,62.279999,61.959999,62.25,48.112061,186600
2014-07-22,62.580002,62.68,62.5,62.560001,48.351646,639500
2014-07-23,62.75,62.77,62.599998,62.720001,48.475315,120000
2014-07-24,62.91,62.91,62.720001,62.77,48.513947,195600
2014-07-25,62.700001,62.73,62.330002,62.509998,48.313004,377200
2014-07-28,62.540001,62.580002,62.209999,62.509998,48.313004,919000
2014-07-29,62.709999,62.709999,62.209999,62.23,48.0966,400400
2014-07-30,62.439999,62.48,62.029999,62.259998,48.119781,122600
2014-07-31,61.900002,61.91,61.119999,61.139999,47.254154,227600
2014-08-01,61.130001,61.209999,60.630001,60.93,47.091846,323100
2014-08-04,61.099998,61.43,60.82,61.32,47.39328,345600
2014-08-05,61.07,61.09,60.48,60.700001,46.914085,259600
2014-08-06,60.360001,60.790001,60.299999,60.630001,46.859978,206800
2014-08-07,60.849998,60.849998,60.09,60.259998,46.574013,348500
2014-08-08,60.200001,60.73,60.139999,60.709999,46.921822,298600
2014-08-11,61,61.18,60.889999,61,47.14595,237400
2014-08-12,60.959999,61.080002,60.779999,60.93,47.091846,246900
2014-08-13,61.110001,61.349998,61.099998,61.290001,47.370087,148600
2014-08-14,61.419998,61.580002,61.419998,61.580002,47.594223,98800
2014-08-15,61.630001,61.91,61.110001,61.549999,47.571041,157700
2014-08-18,61.93,62.09,61.779999,62.080002,47.980659,135200
2014-08-19,62.099998,62.279999,62.080002,62.240002,48.104324,209000
2014-08-20,62.119999,62.360001,62.09,62.290001,48.142967,114000
2014-08-21,62.349998,62.490002,62.27,62.419998,48.243446,694100
2014-08-22,62.400002,62.450001,62.189999,62.360001,48.197063,151700
2014-08-25,62.639999,62.759998,62.549999,62.650002,48.421192,292900
2014-08-26,62.669998,62.869999,62.669998,62.709999,48.467575,426500
2014-08-27,62.799999,62.860001,62.709999,62.82,48.552601,101000
2014-08-28,62.59,62.650002,62.450001,62.610001,48.390289,178400
2014-08-29,62.639999,62.779999,62.509998,62.759998,48.506229,202500
2014-09-02,62.880001,62.93,62.639999,62.860001,48.583511,324800
2014-09-03,63.150002,63.349998,62.919998,62.990002,48.683983,285900
2014-09-04,63.110001,63.209999,62.689999,62.790001,48.529415,174000
2014-09-05,62.740002,62.970001,62.540001,62.93,48.637604,207000
2014-09-08,62.650002,62.810001,62.400002,62.549999,48.343914,413100
2014-09-09,62.5,62.5,62.060001,62.220001,48.08886,213300
2014-09-10,62.139999,62.450001,62.029999,62.43,48.251175,264000
2014-09-11,62.279999,62.299999,62,62.299999,48.150703,233800
2014-09-12,62.32,62.32,61.82,61.990002,47.911114,176600
2014-09-15,61.970001,61.990002,61.740002,61.860001,47.810631,173700
2014-09-16,61.700001,62.360001,61.619999,62.27,48.127502,382700
2014-09-17,62.259998,62.380001,61.950001,62.040001,47.949753,398100
2014-09-18,62.27,62.400002,62.200001,62.349998,48.189339,842200
2014-09-19,62.48,62.509998,62.049999,62.099998,47.996117,121700
2014-09-22,62.049999,62.09,61.529999,61.639999,47.640591,308200
2014-09-23,61.41,61.580002,61.200001,61.220001,47.315979,277300
2014-09-24,60.959999,61.470001,60.880001,61.419998,47.695724,159700
2014-09-25,61.029999,61.110001,60.389999,60.419998,46.919159,288700
2014-09-26,60.509998,60.889999,60.450001,60.77,47.190964,116800
2014-09-29,60.23,60.549999,60.060001,60.470001,46.957977,343000
2014-09-30,60.509998,60.57,60.130001,60.380001,46.888111,294600
2014-10-01,60.080002,60.150002,59.41,59.48,46.189209,378600
2014-10-02,59.419998,59.459999,58.709999,59.299999,46.049435,290600
2014-10-03,59.529999,59.790001,59.380001,59.73,46.383343,988300
2014-10-06,60.060001,60.07,59.580002,59.790001,46.429939,430300
2014-10-07,59.540001,59.560001,58.91,58.950001,45.777626,318700
2014-10-08,58.950001,59.919998,58.630001,59.869999,46.49205,346100
2014-10-09,59.66,59.66,58.490002,58.5,45.428188,889100
2014-10-10,58.439999,58.540001,57.66,57.66,44.775883,585800
2014-10-13,57.970001,58.200001,57.23,57.259998,44.465263,307400
2014-10-14,57.470001,57.880001,57.200001,57.34,44.527393,524800
2014-10-15,56.77,57.119999,55.77,56.959999,44.232296,1341800
2014-10-16,55.939999,57.299999,55.799999,56.889999,44.177944,754400
2014-10-17,57.540001,57.869999,57.369999,57.599998,44.729298,432300
2014-10-20,57.599998,58.119999,57.509998,58.099998,45.117561,369600
2014-10-21,58.41,59,58.349998,58.939999,45.769875,380400
2014-10-22,58.939999,59.09,58.419998,58.419998,45.366055,375500
2014-10-23,59.040001,59.380001,58.900002,59.040001,45.847527,279000
2014-10-24,59.139999,59.380001,58.900002,59.349998,46.088249,463700
2014-10-27,59.119999,59.330002,58.880001,59.27,46.026131,171600
2014-10-28,59.509998,60.040001,59.5,60.040001,46.624077,527000
2014-10-29,60.18,60.259998,59.540001,59.830002,46.461002,342200
2014-10-30,59.68,60.310001,59.580002,60.16,46.717262,306100
2014-10-31,60.919998,60.990002,60.630001,60.950001,47.330746,637500
2014-11-03,60.889999,60.919998,60.630001,60.73,47.159897,366100
2014-11-04,60.580002,60.59,60.16,60.509998,46.989059,336000
2014-11-05,60.740002,60.740002,60.389999,60.650002,47.097778,361400
2014-11-06,60.669998,60.720001,60.389999,60.689999,47.128826,1266600
2014-11-07,60.599998,60.740002,60.400002,60.73,47.159897,428800
2014-11-10,60.77,60.98,60.740002,60.91,47.299683,236500
2014-11-11,61.02,61.080002,60.869999,61.07,47.423923,317600
2014-11-12,60.84,60.959999,60.709999,60.919998,47.307446,254000
2014-11-13,61,61.16,60.73,60.900002,47.291901,353200
2014-11-14,60.900002,61.060001,60.810001,61.060001,47.416172,367000
2014-11-17,60.880001,61,60.759998,60.950001,47.330746,199400
2014-11-18,61.029999,61.48,61.029999,61.349998,47.641354,191800
2014-11-19,61.360001,61.419998,61,61.290001,47.594772,162300
2014-11-20,61,61.240002,60.900002,61.209999,47.532635,284200
2014-11-21,61.959999,62,61.549999,61.73,47.936447,367300
2014-11-24,61.900002,61.919998,61.709999,61.849998,48.029629,303000
2014-11-25,61.91,62,61.779999,61.91,48.076229,211200
2014-11-26,61.990002,62.119999,61.91,62.07,48.200474,202100
2014-11-28,61.889999,61.950001,61.669998,61.720001,47.928673,221200
2014-12-01,61.540001,61.549999,61.130001,61.259998,47.571468,330700
2014-12-02,61.310001,61.549999,61.259998,61.48,47.742302,424000
2014-12-03,61.52,61.75,61.43,61.720001,47.928673,193700
2014-12-04,61.650002,61.720001,61.330002,61.560001,47.804436,628200
2014-12-05,61.599998,61.77,61.529999,61.650002,47.874332,333400
2014-12-08,61.549999,61.59,60.959999,61.130001,47.470516,620800
2014-12-09,60.73,61.029999,60.369999,60.939999,47.322979,434200
2014-12-10,60.889999,61,59.98,60.060001,46.639599,525400
2014-12-11,60.150002,60.619999,59.970001,60.07,46.647366,945400
2014-12-12,59.889999,59.93,59.049999,59.07,45.870823,299500
2014-12-15,59.240002,59.389999,58.25,58.43,45.373837,444600
2014-12-16,58.240002,59.27,58.139999,58.330002,45.296169,411000
2014-12-17,59.82,59.869999,58.43,59.450001,46.165913,712100
2014-12-18,60.169998,60.5,59.860001,60.490002,46.973518,2592800
2014-12-19,60.509998,60.889999,60.400002,60.689999,47.128826,494500
2014-12-22,60.25,60.66,60.25,60.66,47.400761,470800
2014-12-23,60.68,60.77,60.580002,60.630001,47.377331,371000
2014-12-24,60.790001,60.91,60.700001,60.799999,47.510174,300800
2014-12-26,60.919998,61.169998,60.900002,61.07,47.721153,451100
2014-12-29,60.900002,61,60.810001,60.91,47.596119,385100
2014-12-30,60.75,62,60.549999,60.59,47.346073,851400
2014-12-31,60.759998,60.759998,60.060001,60.119999,46.978813,389800
2015-01-02,60.16,60.43,59.709999,59.959999,46.853779,527300
2015-01-05,59.650002,59.66,58.689999,58.799999,45.947319,790700
2015-01-06,58.91,59.02,58.009998,58.209999,45.486294,691500
2015-01-07,58.68,59,58.490002,58.959999,46.072361,334800
2015-01-08,59.369999,59.919998,59.119999,59.849998,46.767815,370500
2015-01-09,59.900002,59.900002,59.25,59.450001,46.45525,652400
2015-01-12,59.59,59.59,58.869999,59.139999,46.213009,379800
2015-01-13,59.66,59.939999,58.75,59.18,46.244263,637600
2015-01-14,58.75,58.959999,58.330002,58.91,46.033302,358200
2015-01-15,59.299999,59.369999,58.700001,58.720001,45.884815,281700
2015-01-16,58.630001,59.470001,58.619999,59.439999,46.447445,252900
2015-01-20,59.75,59.810001,59.16,59.549999,46.533394,771800
2015-01-21,59.68,60,59.419998,59.990002,46.877213,424300
2015-01-22,60.18,60.73,59.77,60.68,47.416382,373100
2015-01-23,60.560001,60.560001,60.23,60.23,47.064758,459100
2015-01-26,60.450001,60.720001,60.150002,60.639999,47.385132,346800
2015-01-27,60.200001,60.529999,60.009998,60.259998,47.088188,735000
2015-01-28,60.669998,60.669998,59.450001,59.5,46.494328,792400
2015-01-29,59.66,60.080002,59.259998,60,46.885036,668300
2015-01-30,59.580002,59.84,59.099998,59.139999,46.213009,244000
2015-02-02,59.52,60,59.09,59.93,46.830334,588200
2015-02-03,60.27,60.84,60.139999,60.799999,47.510174,471300
2015-02-04,60.709999,60.950001,60.48,60.529999,47.299187,401000
2015-02-05,60.759998,61.25,60.709999,61.25,47.861805,528000
2015-02-06,61.060001,61.150002,60.529999,60.68,47.416382,485900
2015-02-09,60.529999,60.73,60.380001,60.52,47.291374,217200
2015-02-10,60.869999,61.080002,60.540001,61.029999,47.689884,187000
2015-02-11,60.830002,61,60.549999,60.889999,47.580479,187200
2015-02-12,61.27,61.68,61.25,61.66,48.182182,451100
2015-02-13,61.810001,62.049999,61.73,62.049999,48.486954,274100
2015-02-17,62.049999,62.220001,61.830002,62.119999,48.541634,372500
2015-02-18,62.119999,62.34,62.029999,62.32,48.697922,171600
2015-02-19,62.119999,62.41,62.049999,62.240002,48.635406,480900
2015-02-20,62.189999,62.790001,61.970001,62.740002,49.026115,420900
2015-02-23,62.529999,62.619999,62.369999,62.580002,48.901089,277600
2015-02-24,62.599998,62.889999,62.41,62.799999,49.072994,320700
2015-02-25,62.799999,62.900002,62.66,62.790001,49.065189,340700
2015-02-26,62.810001,62.900002,62.549999,62.689999,48.987038,278200
2015-02-27,62.779999,62.889999,62.630001,62.66,48.963604,550500
2015-03-02,62.709999,62.900002,62.630001,62.880001,49.135509,307200
2015-03-03,62.799999,62.810001,62.34,62.549999,48.877644,497800
2015-03-04,62.299999,62.299999,61.900002,62.189999,48.596336,181700
2015-03-05,62.439999,62.470001,62.18,62.279999,48.66666,545300
2015-03-06,62.200001,62.240002,61.419998,61.509998,48.064964,396300
2015-03-09,61.630001,61.73,61.41,61.630001,48.158749,236700
2015-03-10,61.02,61.07,60.5,60.509998,47.283566,466800
2015-03-11,60.68,60.68,60.389999,60.540001,47.307003,258300
2015-03-12,60.990002,61.290001,60.98,61.279999,47.885258,311400
2015-03-13,61.009998,61.060001,60.509998,60.889999,47.580479,256300
2015-03-16,61.130001,61.650002,61.130001,61.630001,48.158749,202700
2015-03-17,61.400002,61.610001,61.200001,61.529999,48.080593,217400
2015-03-18,61.450001,62.700001,61.330002,62.560001,48.885464,215000
2015-03-19,62.189999,62.279999,61.93,62.080002,48.510395,378100
2015-03-20,62.59,63.07,62.41,62.939999,49.1824,430400
2015-03-23,63.060001,63.169998,62.959999,63.009998,49.237099,564700
2015-03-24,63.009998,63.110001,62.77,62.810001,49.080818,274100
2015-03-25,62.610001,62.68,61.639999,61.68,48.439968,885700
2015-03-26,61.529999,61.639999,61.060001,61.41,48.227928,333400
2015-03-27,61.450001,61.619999,61.349998,61.599998,48.377136,148900
2015-03-30,61.84,62.18,61.759998,62.029999,48.714844,359700
2015-03-31,61.75,61.82,61.259998,61.59,48.369301,508800
2015-04-01,61.790001,61.790001,61.23,61.630001,48.400707,381900
2015-04-02,61.84,62.130001,61.810001,62.040001,48.722694,226800
2015-04-06,62.049999,62.799999,62.049999,62.580002,49.146782,276600
2015-04-07,62.59,62.869999,62.450001,62.459999,49.052536,442600
2015-04-08,62.73,63.009998,62.57,62.82,49.335274,528800
2015-04-09,62.900002,63.029999,62.650002,62.98,49.460911,418600
2015-04-10,63.07,63.279999,62.98,63.279999,49.696518,480300
2015-04-13,63.240002,63.330002,62.959999,62.959999,49.445221,363800
2015-04-14,63.040001,63.279999,62.950001,63.23,49.657261,231000
2015-04-15,63.349998,63.689999,63.330002,63.59,49.93998,278200
2015-04-16,63.540001,63.830002,63.419998,63.650002,49.987103,183800
2015-04-17,63.169998,63.23,62.639999,62.880001,49.382389,413900
2015-04-20,63.009998,63.32,63,63.209999,49.641544,333400
2015-04-21,63.619999,63.66,63.32,63.369999,49.767204,272500
2015-04-22,63.560001,63.669998,63.209999,63.630001,49.971394,248300
2015-04-23,63.459999,64.040001,63.330002,63.900002,50.183434,373600
2015-04-24,64.099998,64.139999,63.720001,64.07,50.316944,192200
2015-04-27,64.330002,64.440002,63.98,64.059998,50.30909,322300
2015-04-28,64.099998,64.260002,63.75,64.220001,50.434753,200400
2015-04-29,63.93,64.010002,63.619999,63.82,50.120609,397900
2015-04-30,63.66,63.669998,63,63.16,49.60228,380500
2015-05-01,63.549999,63.790001,63.369999,63.790001,50.097054,200800
2015-05-04,63.830002,63.98,63.790001,63.84,50.136314,384600
2015-05-05,63.759998,63.779999,63,63.09,49.547314,382200
2015-05-06,63.439999,63.470001,62.669998,62.950001,49.437359,359100
2015-05-07,62.810001,63.060001,62.599998,63.02,49.492332,247200
2015-05-08,63.57,64.040001,63.419998,63.959999,50.23056,259200
2015-05-11,64.400002,64.400002,63.540001,63.580002,49.932125,174900
2015-05-12,63.360001,63.639999,63.150002,63.52,49.885021,329700
2015-05-13,63.779999,63.98,63.610001,63.68,50.010651,204000
2015-05-14,64.129997,64.339996,64.019997,64.309998,50.505424,397900
2015-05-15,64.43,64.440002,64.139999,64.43,50.599674,218900
2015-05-18,64.300003,64.470001,64.199997,64.400002,50.576107,477700
2015-05-19,64.389999,64.440002,64.230003,64.32,50.513283,253500
2015-05-20,64.339996,64.489998,64.169998,64.300003,50.497574,430900
2015-05-21,64.360001,64.589996,64.300003,64.540001,50.686073,182400
2015-05-22,64.410004,64.459999,64.290001,64.290001,50.489716,273500
2015-05-26,64.059998,64.080002,63.330002,63.490002,49.861446,324400
2015-05-27,63.599998,64.080002,63.470001,64.040001,50.293385,241700
2015-05-28,63.759998,63.830002,63.450001,63.82,50.120609,327700
2015-05-29,63.759998,63.790001,63.220001,63.369999,49.767204,334100
2015-06-01,63.650002,63.650002,63.099998,63.369999,49.767204,342600
2015-06-02,63.330002,63.740002,63.200001,63.470001,49.845737,513100
2015-06-03,63.740002,63.939999,63.5,63.709999,50.034218,697100
2015-06-04,63.43,63.610001,62.970001,63.09,49.547314,248500
2015-06-05,62.68,62.939999,62.470001,62.700001,49.241016,218500
2015-06-08,62.709999,62.709999,62.389999,62.43,49.028988,188000
2015-06-09,62.360001,62.450001,62.080002,62.279999,48.911194,319200
2015-06-10,62.849998,63.389999,62.790001,63.290001,49.704388,684400
2015-06-11,63.459999,63.509998,63.220001,63.400002,49.790768,191500
2015-06-12,62.959999,63.09,62.799999,62.990002,49.468781,212400
2015-06-15,62.470001,62.639999,62.209999,62.639999,49.193905,202400
2015-06-16,62.529999,62.849998,62.400002,62.810001,49.327412,185700
2015-06-17,62.75,63,62.400002,62.810001,49.327412,352100
2015-06-18,63,63.720001,63,63.459999,49.837891,928600
2015-06-19,63.5,63.5,63.150002,63.16,49.60228,391800
2015-06-22,63.790001,64.129997,63.790001,63.869999,50.159882,254600
2015-06-23,64.050003,64.07,63.900002,63.970001,50.238415,513700
2015-06-24,63.889999,63.919998,63.5,63.540001,49.900715,259500
2015-06-25,63.75,63.84,63.360001,63.360001,49.75935,571900
2015-06-26,63,63.139999,62.779999,62.959999,49.801273,158000
2015-06-29,62.119999,62.290001,61.34,61.360001,48.535671,720100
2015-06-30,61.970001,62.080002,61.240002,61.52,48.662239,1504600
2015-07-01,62.330002,62.330002,61.630001,61.849998,48.923264,1051300
2015-07-02,62.040001,62.060001,61.68,61.860001,48.931171,280900
2015-07-06,61.09,61.529999,60.959999,61.200001,48.409115,448400
2015-07-07,60.900002,61.25,60.060001,61.209999,48.41703,518600
2015-07-08,60.599998,60.66,59.860001,59.919998,47.396641,450700
2015-07-09,60.509998,61.060001,60.360001,60.389999,47.768398,681200
2015-07-10,61,61.720001,61,61.630001,48.749256,2195200
2015-07-13,62,62.110001,61.950001,62.060001,49.089382,432600
2015-07-14,62.130001,62.48,62.09,62.43,49.382053,610100
2015-07-15,62.41,62.439999,62.09,62.25,49.239666,1100700
2015-07-16,62.619999,62.790001,62.560001,62.75,49.635174,386200
2015-07-17,62.810001,62.810001,62.540001,62.650002,49.556072,224200
2015-07-20,62.740002,62.810001,62.5,62.630001,49.540249,207700
2015-07-21,62.599998,62.68,62.349998,62.450001,49.397873,675000
2015-07-22,62.119999,62.220001,62,62.150002,49.160557,456700
2015-07-23,62.27,62.310001,61.790001,61.880001,48.946991,319000
2015-07-24,61.869999,61.869999,61.02,61.139999,48.361656,567700
2015-07-27,60.970001,60.98,60.529999,60.639999,47.966175,422700
2015-07-28,60.779999,61.34,60.639999,61.310001,48.496132,541300
2015-07-29,61.369999,61.830002,61.32,61.700001,48.80463,351500
2015-07-30,61.619999,61.790001,61.349998,61.77,48.859989,196800
2015-07-31,61.950001,62.07,61.740002,61.830002,48.907455,514400
2015-08-03,61.849998,61.93,61.330002,61.57,48.701786,194200
2015-08-04,61.619999,61.77,61.419998,61.580002,48.709702,194900
2015-08-05,61.970001,62.040001,61.68,61.73,48.82835,149400
2015-08-06,61.700001,61.759998,61.09,61.34,48.519867,412800
2015-08-07,61.25,61.279999,61,61.279999,48.472393,512200
2015-08-10,61.5,62.110001,61.5,62.049999,49.081478,147800
2015-08-11,61.43,61.459999,61.029999,61.259998,48.456573,253500
2015-08-12,60.720001,61.139999,60.25,61.110001,48.337936,247200
2015-08-13,61.139999,61.240002,60.849998,61.029999,48.274654,196600
2015-08-14,60.98,61.220001,60.830002,61.209999,48.41703,187300
2015-08-17,60.939999,61.310001,60.709999,61.299999,48.488209,246900
2015-08-18,61.110001,61.169998,60.919998,60.990002,48.243011,191200
2015-08-19,60.66,60.82,60.110001,60.450001,47.815872,212200
2015-08-20,59.990002,60,59.110001,59.130001,46.771748,638600
2015-08-21,58.77,58.880001,57.5,57.5,45.482426,1260100
2015-08-24,54.700001,56.75,53.099998,55.23,43.686863,2556100
2015-08-25,58.279999,58.509998,55.23,55.23,43.686863,5114000
2015-08-26,55.779999,56.880001,55.34,56.849998,44.968269,3697600
2015-08-27,57.41,58.200001,57.259998,58.099998,45.957031,1172300
2015-08-28,57.84,58.169998,57.779999,58.099998,45.957031,1272200
2015-08-31,57.939999,58.040001,57.509998,57.73,45.664352,1016700
2015-09-01,57.16,57.16,55.700001,55.919998,44.232658,1135200
2015-09-02,56.470001,56.860001,56.139999,56.860001,44.976185,304900
2015-09-03,57.049999,57.529999,56.810001,56.939999,45.039471,417500
2015-09-04,56.049999,56.200001,55.580002,55.84,44.169365,367700
2015-09-08,56.950001,57.369999,56.810001,57.34,45.355873,215500
2015-09-09,57.900002,58,56.720001,56.799999,44.928726,440700
2015-09-10,56.740002,57.43,56.689999,57.16,45.213482,1908400
2015-09-11,56.91,57.299999,56.75,57.279999,45.308403,280000
2015-09-14,57.209999,57.209999,56.810001,57,45.08691,262000
2015-09-15,57.09,57.66,56.950001,57.59,45.553596,178700
2015-09-16,57.919998,58.349998,57.830002,58.32,46.131042,145300
2015-09-17,58.16,59.09,58.09,58.32,46.131042,407300
2015-09-18,57.470001,57.759998,57.060001,57.189999,45.237209,677800
2015-09-21,57.380001,57.619999,57,57.259998,45.292583,677300
2015-09-22,56.41,56.43,55.880001,56.27,44.509506,546100
2015-09-23,56.259998,56.400002,55.860001,56.02,44.311745,695800
2015-09-24,55.650002,55.93,55.200001,55.849998,44.177269,293900
2015-09-25,56.130001,56.200001,55.400002,55.610001,44.208294,613500
2015-09-28,55.310001,55.490002,54.25,54.32,43.182762,974700
2015-09-29,54.43,54.700001,54.049999,54.360001,43.214565,373500
2015-09-30,54.98,55.41,54.77,55.310001,43.969791,730800
2015-10-01,55.75,55.779999,54.950001,55.549999,44.160595,3251800
2015-10-02,55.150002,56.470001,54.950001,56.470001,44.891941,712300
2015-10-05,56.990002,57.639999,56.939999,57.599998,45.790268,687300
2015-10-06,57.580002,57.740002,57.32,57.52,45.726688,422200
2015-10-07,58.02,58.349998,57.740002,58.240002,46.299038,428200
2015-10-08,58.009998,58.77,57.93,58.740002,46.696526,348600
2015-10-09,58.790001,58.959999,58.639999,58.830002,46.768078,748400
2015-10-12,58.82,58.82,58.619999,58.73,46.688595,280100
2015-10-13,58.299999,58.700001,58.099998,58.139999,46.219543,231800
2015-10-14,58.259998,58.459999,58.009998,58.110001,46.195709,327000
2015-10-15,58.490002,59.040001,58.330002,59.029999,46.927074,169800
2015-10-16,59.07,59.130001,58.82,59.110001,46.990681,323500
2015-10-19,58.889999,59,58.720001,58.970001,46.879372,196700
2015-10-20,58.91,59.130001,58.82,58.900002,46.823734,316500
2015-10-21,59.110001,59.119999,58.490002,58.540001,46.537552,426300
2015-10-22,58.880001,59.459999,58.84,59.330002,47.165569,348500
2015-10-23,59.869999,59.98,59.540001,59.880001,47.602806,558700
2015-10-26,59.849998,59.860001,59.630001,59.700001,47.459713,351400
2015-10-27,59.380001,59.450001,59.139999,59.330002,47.165569,390900
2015-10-28,59.540001,59.970001,59.209999,59.830002,47.563061,322300
2015-10-29,59.48,59.650002,59.389999,59.549999,47.340466,206900
2015-10-30,59.610001,59.73,59.34,59.34,47.173531,303700
2015-11-02,59.57,60.110001,59.57,60.09,47.769749,636600
2015-11-03,59.889999,60.459999,59.869999,60.290001,47.928741,224900
2015-11-04,60.400002,60.400002,59.82,60.009998,47.706142,963400
2015-11-05,60.09,60.32,59.669998,59.93,47.642559,654800
2015-11-06,59.68,59.759998,59.310001,59.73,47.483562,320600
2015-11-09,59.549999,59.560001,58.900002,59.16,47.030415,421800
2015-11-10,58.970001,59.16,58.810001,59.130001,47.006577,452700
2015-11-11,59.389999,59.450001,59.080002,59.09,46.974773,285300
2015-11-12,58.77,58.889999,58.369999,58.389999,46.418301,274300
2015-11-13,58.119999,58.150002,57.669998,57.740002,45.901558,690200
2015-11-16,57.779999,58.509998,57.740002,58.5,46.505749,580200
2015-11-17,58.619999,58.919998,58.360001,58.48,46.489845,652500
2015-11-18,58.689999,59.299999,58.619999,59.240002,47.09404,594300
2015-11-19,59.380001,59.549999,59.369999,59.439999,47.25301,370400
2015-11-20,59.619999,59.790001,59.48,59.549999,47.340466,503500
2015-11-23,59.459999,59.610001,59.200001,59.310001,47.149677,272500
2015-11-24,59.009998,59.52,58.889999,59.450001,47.260963,575800
2015-11-25,59.450001,59.580002,59.310001,59.470001,47.276855,229600
2015-11-27,59.43,59.529999,59.299999,59.43,47.24506,902200
2015-11-30,59.439999,59.5,59.27,59.290001,47.13377,1045700
2015-12-01,59.52,59.93,59.52,59.919998,47.634594,538700
2015-12-02,59.720001,59.849998,59.18,59.279999,47.125809,869800
2015-12-03,59.470001,59.610001,58.389999,58.610001,46.593193,784100
2015-12-04,58.599998,59.52,58.57,59.470001,47.276855,447400
2015-12-07,59.310001,59.389999,58.73,58.950001,46.863487,943700
2015-12-08,58.279999,58.529999,58.009998,58.349998,46.386501,2240400
2015-12-09,58.189999,58.82,57.75,58.049999,46.147995,2109900
2015-12-10,58.16,58.360001,57.939999,57.98,46.092361,526600
2015-12-11,57.360001,57.459999,56.709999,56.810001,45.162239,796500
2015-12-14,57,57.139999,56.349998,56.990002,45.305347,771600
2015-12-15,57.48,57.799999,57.41,57.580002,45.774395,1208200
2015-12-16,57.939999,58.549999,57.740002,58.490002,46.497791,831500
2015-12-17,58.560001,58.560001,57.650002,57.669998,45.845917,4017000
2015-12-18,57.470001,57.599998,56.900002,56.900002,45.233788,1325500
2015-12-21,57.139999,57.150002,56.630001,56.970001,45.584259,1384100
2015-12-22,57.16,57.540001,56.990002,57.470001,45.984318,822000
2015-12-23,57.709999,58.27,57.709999,58.27,46.624447,1275000
2015-12-24,58.130001,58.349998,58.09,58.150002,46.528423,1155600
2015-12-28,58.009998,58.029999,57.709999,58.02,46.424404,2851200
2015-12-29,58.349998,58.610001,58.349998,58.549999,46.848484,1586800
2015-12-30,58.400002,58.400002,58.07,58.119999,46.504417,1886400
2015-12-31,57.799999,58.049999,57.619999,57.619999,46.104347,1238100
2016-01-04,56.59,56.650002,56.040001,56.650002,45.328201,1618600
2016-01-05,56.689999,56.75,56.349998,56.66,45.336208,2385100
2016-01-06,55.73,56.080002,55.490002,55.82,44.664085,976500
2016-01-07,54.860001,55.299999,54.439999,54.52,43.623894,1267700
2016-01-08,54.950001,54.950001,53.779999,53.880001,43.111797,1641800
2016-01-11,54.27,54.41,53.400002,53.91,43.135807,1530300
2016-01-12,54.32,54.52,53.610001,54.209999,43.375858,1907300
2016-01-13,54.459999,54.529999,52.849998,53,42.407692,944400
2016-01-14,53.240002,54.150002,52.75,53.860001,43.095802,2166200
2016-01-15,52.299999,52.669998,51.830002,52.349998,41.887581,1759300
2016-01-19,53.16,53.23,52.060001,52.509998,42.015606,1543300
2016-01-20,51.639999,52.049999,50.419998,51.669998,41.343487,2048100
2016-01-21,51.669998,52.459999,51.25,51.970001,41.583519,1331600
2016-01-22,52.950001,53.32,52.84,53.27,42.623714,1272700
2016-01-25,53.060001,53.110001,52.41,52.439999,41.959602,1461700
2016-01-26,52.73,53.360001,52.639999,53.32,42.663719,892100
2016-01-27,53.18,53.700001,52.59,52.84,42.27964,675200
2016-01-28,53.450001,53.450001,52.599998,53.02,42.423683,744400
2016-01-29,53.32,54.240002,53.310001,54.240002,43.39986,1468100
2016-02-01,53.91,54.490002,53.740002,54.310001,43.45586,1486100
2016-02-02,53.52,54.200001,52.900002,53.02,42.423683,1313200
2016-02-03,53.459999,53.619999,52.360001,53.5,42.807755,1592800
2016-02-04,53.349998,53.93,53.25,53.610001,42.895767,1194000
2016-02-05,53.380001,53.52,52.52,52.689999,42.159637,606900
2016-02-08,52.110001,52.150002,51.23,51.84,41.479504,1730200
2016-02-09,51.189999,51.849998,51.07,51.470001,41.183464,1217200
2016-02-10,51.720001,52.240002,51.419998,51.5,41.207462,1191600
2016-02-11,50.939999,51.029999,50.34,50.810001,40.655369,2963800
2016-02-12,51.099998,51.75,50.959999,51.709999,41.375484,322100
2016-02-16,52.43,53,52.110001,52.66,42.135616,640700
2016-02-17,53.060001,53.759998,53,53.689999,42.959785,1091100
2016-02-18,53.950001,53.98,53.380001,53.459999,42.775734,739100
2016-02-19,53.07,53.419998,52.939999,53.389999,42.719727,359100
2016-02-22,53.860001,54.27,53.740002,54.200001,43.367847,5952000
2016-02-23,54,54.02,53.419998,53.439999,42.759754,986800
2016-02-24,52.860001,53.580002,52.490002,53.48,42.79174,2221000
2016-02-25,53.650002,54.060001,53.43,54.060001,43.255829,390900
2016-02-26,54.259998,54.450001,53.889999,53.990002,43.199829,530500
2016-02-29,54,54.23,53.630001,53.639999,42.919777,656000
2016-03-01,54.200001,55,54.099998,55,44.007973,765400
2016-03-02,54.98,55.360001,54.810001,55.360001,44.296028,727500
2016-03-03,55.450001,55.82,55.310001,55.82,44.664085,682400
2016-03-04,55.98,56.419998,55.84,56.200001,44.96814,595600
2016-03-07,55.799999,56.34,55.740002,56.200001,44.96814,685700
2016-03-08,55.849998,55.869999,55.389999,55.470001,44.384022,1267600
2016-03-09,55.73,55.860001,55.57,55.77,44.624092,427100
2016-03-10,55.98,56.290001,55.18,55.709999,44.576061,732400
2016-03-11,56.389999,56.91,56.369999,56.91,45.536236,363900
2016-03-14,56.849998,56.900002,56.59,56.779999,45.432224,455400
2016-03-15,56.169998,56.27,55.950001,56.130001,45.088417,231700
2016-03-16,55.939999,56.779999,55.939999,56.720001,45.562351,325900
2016-03-17,56.700001,57.330002,56.599998,57.240002,45.980068,567200
2016-03-18,57.349998,57.48,57.209999,57.34,46.060406,348100
2016-03-21,57.299999,57.389999,57.110001,57.34,46.060406,333600
2016-03-22,57.060001,57.369999,56.919998,57.240002,45.980068,2995100
2016-03-23,57.130001,57.130001,56.619999,56.669998,45.522194,744100
2016-03-24,56.25,56.549999,56.130001,56.549999,45.425797,311400
2016-03-28,56.93,56.93,56.560001,56.75,45.58646,956700
2016-03-29,56.57,57.369999,56.41,57.369999,46.084499,738800
2016-03-30,57.779999,57.970001,57.57,57.720001,46.365643,630200
2016-03-31,57.68,57.860001,57.599998,57.689999,46.341549,5020200
2016-04-01,57,57.610001,56.790001,57.59,46.261215,1185600
2016-04-04,57.619999,57.740002,57.279999,57.360001,46.076462,280600
2016-04-05,56.740002,56.799999,56.549999,56.599998,45.465961,329000
2016-04-06,56.66,57.279999,56.549999,57.259998,45.996132,450500
2016-04-07,56.950001,57.049999,56.220001,56.41,45.313332,4588900
2016-04-08,57.110001,57.27,56.790001,56.939999,45.73909,1302400
2016-04-11,57.369999,57.57,56.98,57,45.78727,468800
2016-04-12,57.290001,57.77,57,57.68,46.333508,404600
2016-04-13,58.25,58.5,58.150002,58.470001,46.968117,642000
2016-04-14,58.470001,58.580002,58.360001,58.419998,46.927944,376900
2016-04-15,58.389999,58.439999,58.27,58.34,46.863682,244400
2016-04-18,58.220001,58.759998,58.139999,58.73,47.176971,256800
2016-04-19,59.299999,59.5,59.040001,59.34,47.666969,396100
2016-04-20,59.310001,59.560001,59.110001,59.360001,47.683033,1308900
2016-04-21,59.389999,59.389999,58.91,59.02,47.409912,363200
2016-04-22,59,59.119999,58.77,58.990002,47.385818,367800
2016-04-25,58.799999,58.82,58.580002,58.799999,47.233196,321700
2016-04-26,58.93,59.099998,58.779999,59.009998,47.401878,432000
2016-04-27,58.91,59.200001,58.75,59.080002,47.458122,211500
2016-04-28,58.73,59.18,58.5,58.630001,47.096642,248300
2016-04-29,58.5,58.57,57.98,58.27,46.807457,379600
2016-05-02,58.450001,58.740002,58.369999,58.68,47.136803,300700
2016-05-03,58.25,58.27,57.740002,57.919998,46.526302,780800
2016-05-04,57.57,57.709999,57.290001,57.419998,46.124649,276000
2016-05-05,57.540001,57.68,57.25,57.41,46.116623,702300
2016-05-06,57.18,57.619999,57.119999,57.599998,46.269245,214400
2016-05-09,57.599998,57.650002,57.279999,57.380001,46.092541,194700
2016-05-10,57.709999,58.209999,57.709999,58.209999,46.759258,223600
2016-05-11,57.990002,58.18,57.77,57.799999,46.429901,156100
2016-05-12,58.150002,58.18,57.439999,57.700001,46.349586,371200
2016-05-13,57.450001,57.630001,57.029999,57.139999,45.899731,255600
2016-05-16,57.23,57.889999,57.23,57.779999,46.413845,290000
2016-05-17,57.73,57.779999,57.150002,57.299999,46.028271,498600
2016-05-18,57.139999,57.759998,56.990002,57.27,46.004173,297400
2016-05-19,57,57.07,56.639999,56.959999,45.755146,718900
2016-05-20,57.220001,57.529999,57.220001,57.439999,46.14072,303100
2016-05-23,57.400002,57.459999,57.23,57.259998,45.996132,372400
2016-05-24,57.639999,58.169998,57.560001,58.09,46.662868,224500
2016-05-25,58.279999,58.630001,58.279999,58.529999,47.016296,369200
2016-05-26,58.630001,58.799999,58.529999,58.599998,47.072533,282600
2016-05-27,58.52,58.720001,58.52,58.689999,47.144829,352700
2016-05-31,58.830002,58.939999,58.470001,58.650002,47.11269,722700
2016-06-01,58.459999,58.790001,58.34,58.759998,47.201057,212500
2016-06-02,58.549999,58.900002,58.439999,58.900002,47.313522,289900
2016-06-03,58.91,59.119999,58.630001,59.07,47.450077,415600
2016-06-06,59.139999,59.509998,59.139999,59.41,47.72319,512100
2016-06-07,59.68,59.889999,59.650002,59.779999,48.02042,254400
2016-06-08,59.900002,60,59.799999,59.939999,48.148945,300000
2016-06-09,59.549999,59.610001,59.349998,59.549999,47.835659,454500
2016-06-10,58.889999,58.889999,58.32,58.439999,46.944019,337700
2016-06-13,58.09,58.369999,57.810001,57.869999,46.48613,677300
2016-06-14,57.16,57.259998,56.68,56.990002,46.150879,648600
2016-06-15,57.16,57.59,57.139999,57.240002,46.353336,2451600
2016-06-16,56.619999,57.290001,56.32,57.27,46.377628,944800
2016-06-17,57.389999,57.490002,57.02,57.380001,46.466713,553300
2016-06-20,58.400002,58.57,58.150002,58.169998,47.106445,611700
2016-06-21,58.41,58.639999,58.189999,58.419998,47.308899,443200
2016-06-22,58.529999,58.759998,58.310001,58.32,47.227924,909600
2016-06-23,59.07,59.490002,58.91,59.490002,48.175396,706000
2016-06-24,56.470001,57.43,56.259998,56.330002,45.616405,3163600
2016-06-27,55.830002,55.830002,54.75,55.119999,44.636536,1737200
2016-06-28,55.950001,56.32,55.740002,56.32,45.608311,696600
2016-06-29,56.880001,57.419998,56.849998,57.34,46.434315,460500
2016-06-30,57.439999,58.110001,57.310001,58.07,47.025463,1304600
2016-07-01,58.119999,58.450001,58.119999,58.34,47.24411,848700
2016-07-05,57.91,57.91,57.369999,57.549999,46.60437,506500
2016-07-06,57.240002,57.709999,56.93,57.700001,46.725838,607100
2016-07-07,57.77,57.990002,57.349998,57.529999,46.588169,598400
2016-07-08,58,58.5,58,58.450001,47.333191,423800
2016-07-11,58.810001,59.119999,58.810001,58.98,47.762394,527000
2016-07-12,59.459999,59.669998,59.349998,59.52,48.199699,530800
2016-07-13,59.619999,59.669998,59.32,59.490002,48.175396,602500
2016-07-14,59.84,60.060001,59.82,59.939999,48.539799,331300
2016-07-15,59.98,59.990002,59.68,59.810001,48.434544,218400
2016-07-18,59.720001,59.990002,59.66,59.950001,48.54792,698600
2016-07-19,59.73,59.73,59.52,59.630001,48.288761,370300
2016-07-20,59.77,60.060001,59.73,59.959999,48.555996,1218000
2016-07-21,59.919998,60.040001,59.650002,59.759998,48.394039,682500
2016-07-22,59.889999,60,59.75,59.990002,48.580292,268000
2016-07-25,59.950001,59.970001,59.66,59.810001,48.434544,335900
2016-07-26,59.849998,60.139999,59.779999,60.049999,48.628883,344000
2016-07-27,60.099998,60.209999,59.75,60.07,48.645081,457800
2016-07-28,60.040001,60.200001,59.849998,60.130001,48.693668,262100
2016-07-29,60.189999,60.549999,60.110001,60.48,48.9771,320100
2016-08-01,60.41,60.52,60.169998,60.25,48.790848,311700
2016-08-02,60.150002,60.25,59.630001,59.869999,48.483112,551000
2016-08-03,59.650002,60,59.610001,60,48.588394,547200
2016-08-04,60.09,60.189999,59.91,60.099998,48.66938,340500
2016-08-05,60.259998,60.59,60.220001,60.57,49.049992,241200
2016-08-08,60.66,60.75,60.599998,60.650002,49.114765,535300
2016-08-09,60.759998,61.029999,60.759998,60.889999,49.309128,901600
2016-08-10,61,61.09,60.810001,60.860001,49.284821,2468700
2016-08-11,61.060001,61.360001,61.029999,61.310001,49.649242,761700
2016-08-12,61.25,61.310001,61.049999,61.18,49.543968,297500
2016-08-15,61.369999,61.580002,61.369999,61.470001,49.778812,179900
2016-08-16,61.389999,61.389999,61.209999,61.23,49.584465,936700
2016-08-17,61.110001,61.240002,60.810001,61.209999,49.568253,517000
2016-08-18,61.209999,61.459999,61.18,61.459999,49.770706,216300
2016-08-19,61.07,61.259998,60.950001,61.240002,49.592564,212100
2016-08-22,61.099998,61.200001,60.91,61.150002,49.519672,548500
2016-08-23,61.400002,61.57,61.32,61.34,49.673542,515800
2016-08-24,61.310001,61.310001,60.919998,61.009998,49.406296,395100
2016-08-25,60.970001,61.119999,60.889999,60.990002,49.390102,246100
2016-08-26,61,61.470001,60.450001,60.700001,49.155273,574700
2016-08-29,60.77,61.119999,60.759998,61.049999,49.438694,279200
2016-08-30,61.049999,61.110001,60.779999,60.93,49.341511,297000
2016-08-31,60.84,60.860001,60.450001,60.689999,49.147156,293600
2016-09-01,60.799999,60.919998,60.549999,60.900002,49.31723,601900
2016-09-02,61.27,61.52,61.259998,61.450001,49.762611,464800
2016-09-06,61.549999,61.84,61.509998,61.830002,50.070343,302700
2016-09-07,61.880001,61.990002,61.709999,61.919998,50.143234,727800
2016-09-08,61.82,61.880001,61.630001,61.66,49.932671,747300
2016-09-09,61.189999,61.189999,60.16,60.16,48.717972,559200
2016-09-12,59.889999,60.939999,59.709999,60.869999,49.292931,906700
2016-09-13,60.02,60.02,59.189999,59.419998,48.36581,757400
2016-09-14,59.419998,59.84,59.279999,59.400002,48.349541,637800
2016-09-15,59.490002,60.18,59.369999,60.09,48.911179,378800
2016-09-16,59.740002,59.740002,59.419998,59.599998,48.512329,358500
2016-09-19,60.009998,60.189999,59.709999,59.810001,48.683262,306300
2016-09-20,60.200001,60.25,59.919998,59.959999,48.805359,451600
2016-09-21,60.330002,60.919998,60.119999,60.860001,49.537926,626300
2016-09-22,61.290001,61.529999,61.150002,61.27,49.871655,930100
2016-09-23,61.040001,61.060001,60.790001,60.82,49.505367,334800
2016-09-26,60.509998,60.529999,60.25,60.27,49.057671,499900
2016-09-27,60.220001,60.68,60.139999,60.650002,49.366997,844300
2016-09-28,60.68,61.07,60.400002,61.049999,49.692585,316100
2016-09-29,61,61.09,60.23,60.43,49.187927,388300
2016-09-30,60.529999,61.02,60.490002,60.849998,49.529778,410000
2016-10-03,60.689999,60.799999,60.540001,60.75,49.448391,350300
2016-10-04,60.860001,60.919998,60.290001,60.509998,49.253036,1339500
2016-10-05,60.709999,60.98,60.709999,60.889999,49.562351,938800
2016-10-06,60.68,60.75,60.43,60.709999,49.415833,520400
2016-10-07,60.700001,60.77,60.139999,60.48,49.228626,362300
2016-10-10,60.639999,60.91,60.630001,60.740002,49.440262,662100
2016-10-11,60.470001,60.48,59.639999,59.82,48.69141,654500
2016-10-12,59.790001,60.049999,59.709999,59.900002,48.756519,592500
2016-10-13,59.400002,59.810001,59.080002,59.610001,48.520473,1295300
2016-10-14,60.02,60.110001,59.639999,59.650002,48.553036,558900
2016-10-17,59.619999,59.669998,59.400002,59.470001,48.406521,283100
2016-10-18,60.099998,60.119999,59.869999,59.990002,48.829773,321400
2016-10-19,60.150002,60.330002,60.029999,60.25,49.04142,847100
2016-10-20,60.209999,60.349998,59.990002,60.220001,49.016991,583300
2016-10-21,59.91,60.150002,59.779999,60.09,48.911179,320700
2016-10-24,60.380001,60.450001,60.139999,60.290001,49.073967,908300
2016-10-25,60.290001,60.290001,60.029999,60.130001,48.943733,273800
2016-10-26,59.880001,60.080002,59.73,59.869999,48.732105,697600
2016-10-27,60.080002,60.139999,59.73,59.759998,48.642559,319400
2016-10-28,59.68,59.880001,59.419998,59.580002,48.496063,426000
2016-10-31,59.720001,59.77,59.540001,59.650002,48.553036,631000
2016-11-01,59.77,59.849998,58.959999,59.290001,48.260002,526200
2016-11-02,59.23,59.279999,58.759998,58.880001,47.926273,978100
2016-11-03,58.959999,59.040001,58.599998,58.720001,47.79604,425100
2016-11-04,58.580002,58.779999,58.400002,58.41,47.54372,871100
2016-11-07,59.23,59.580002,59.220001,59.580002,48.496063,486100
2016-11-08,59.5,59.990002,59.330002,59.84,48.707687,916700
2016-11-09,59.240002,60.18,59.18,59.959999,48.805359,897400
2016-11-10,60.080002,60.279999,59.450001,59.790001,48.666996,773800
2016-11-11,59.509998,59.790001,59.16,59.459999,48.39838,834600
2016-11-14,59.450001,59.509998,59.209999,59.439999,48.382095,380900
2016-11-15,59.5,60,59.5,60,48.837925,590000
2016-11-16,59.580002,59.740002,59.540001,59.68,48.577461,528800
2016-11-17,59.84,60.09,59.790001,60.009998,48.846062,348500
2016-11-18,59.880001,59.990002,59.639999,59.709999,48.601875,510200
2016-11-21,59.889999,60.259998,59.889999,60.259998,49.049553,590500
2016-11-22,60.349998,60.439999,60.16,60.400002,49.163513,675200
2016-11-23,59.959999,60.360001,59.959999,60.349998,49.122799,335700
2016-11-25,60.43,60.57,60.43,60.57,49.30188,175800
2016-11-28,60.450001,60.540001,60.279999,60.330002,49.106525,673500
2016-11-29,60.23,60.59,60.169998,60.450001,49.204205,794100
2016-11-30,60.689999,60.709999,60.360001,60.360001,49.130947,1054500
2016-12-01,60.360001,60.369999,59.970001,60.09,48.911179,1138300
2016-12-02,60.139999,60.349998,60.040001,60.220001,49.016991,855100
2016-12-05,60.48,60.689999,60.400002,60.66,49.375145,807900
2016-12-06,60.75,60.990002,60.639999,60.959999,49.619328,543300
2016-12-07,60.990002,61.869999,60.990002,61.799999,50.303055,681600
2016-12-08,61.75,62.049999,61.68,61.970001,50.441441,909100
2016-12-09,62,62.150002,61.950001,62.150002,50.587944,1237800
2016-12-12,62.07,62.209999,61.849998,61.959999,50.433292,791700
2016-12-13,62.240002,62.610001,62.240002,62.459999,50.840263,791800
2016-12-14,62.330002,62.400002,61.610001,61.650002,50.180969,1121100
2016-12-15,61.669998,61.91,61.540001,61.759998,50.270489,1041400
2016-12-16,61.860001,61.869999,61.610001,61.700001,50.221653,943000
2016-12-19,61.77,61.970001,61.66,61.75,50.26236,371300
2016-12-20,61.439999,61.529999,61.34,61.529999,50.456711,616100
2016-12-21,61.52,61.529999,61.419998,61.43,50.374702,1806500
2016-12-22,61.310001,61.34,61.09,61.189999,50.177887,481800
2016-12-23,61.25,61.310001,61.18,61.290001,50.259899,446800
2016-12-27,61.389999,61.490002,61.310001,61.41,50.358292,1314000
2016-12-28,61.509998,61.509998,61.02,61.049999,50.063091,518900
2016-12-29,61.139999,61.27,61.009998,61.119999,50.120487,6364800
2016-12-30,61.34,61.34,60.84,61,50.022083,4117900
2017-01-03,61.450001,61.610001,61.240002,61.5,50.43211,911900
2017-01-04,61.709999,62.060001,61.68,62.060001,50.891327,735800
2017-01-05,62.130001,62.310001,62.099998,62.259998,51.05534,485200
2017-01-06,62.27,62.380001,62.080002,62.27,51.06353,657300
2017-01-09,62.209999,62.209999,62,62.099998,50.924122,528500
2017-01-10,62.099998,62.34,62.099998,62.16,50.973328,330800
2017-01-11,62.18,62.5,62.02,62.5,51.252151,485000
2017-01-12,62.509998,62.509998,62.049999,62.380001,51.153728,541000
2017-01-13,62.48,62.610001,62.419998,62.59,51.325943,386500
2017-01-17,62.470001,62.5,62.279999,62.400002,51.170135,646400
2017-01-18,62.349998,62.419998,62.220001,62.330002,51.11274,533900
2017-01-19,62.349998,62.389999,62,62.18,50.989735,545700
2017-01-20,62.32,62.439999,62.18,62.389999,51.161926,414700
2017-01-23,62.41,62.450001,62.150002,62.389999,51.161926,526800
2017-01-24,62.490002,62.880001,62.450001,62.82,51.514538,502400
2017-01-25,63.049999,63.380001,63.049999,63.380001,51.973763,486500
2017-01-26,63.380001,63.389999,63.220001,63.25,51.867176,437600
2017-01-27,63.25,63.310001,63.09,63.169998,51.801559,470500
2017-01-30,62.82,62.830002,62.470001,62.720001,51.432556,2216000
2017-01-31,62.639999,62.860001,62.540001,62.830002,51.522758,794000
2017-02-01,63.07,63.16,62.740002,62.919998,51.596558,2460000
2017-02-02,62.939999,63.09,62.869999,63.040001,51.694954,2033200
2017-02-03,63.240002,63.43,63.130001,63.360001,51.957367,747000
2017-02-06,63.099998,63.169998,62.98,63.139999,51.776966,633000
2017-02-07,63.16,63.189999,63,63.099998,51.744156,345400
2017-02-08,63.049999,63.209999,62.91,63.18,51.80975,1000800
2017-02-09,63.25,63.59,63.200001,63.5,52.072182,602000
2017-02-10,63.639999,63.860001,63.59,63.82,52.334576,701500
2017-02-13,64.040001,64.220001,64.019997,64.139999,52.596992,822400
2017-02-14,64.07,64.269997,63.849998,64.269997,52.703598,1023400
2017-02-15,64.199997,64.650002,64.169998,64.639999,53.007011,2042400
2017-02-16,64.610001,64.720001,64.449997,64.660004,53.023418,399100
2017-02-17,64.330002,64.629997,64.330002,64.629997,52.998814,844600
2017-02-21,64.720001,65,64.68,64.970001,53.277611,482900
2017-02-22,64.889999,64.989998,64.769997,64.959999,53.269417,565200
2017-02-23,65.059998,65.190002,64.800003,64.959999,53.269417,861200
2017-02-24,64.599998,64.82,64.480003,64.82,53.154625,393400
2017-02-27,64.739998,64.82,64.599998,64.769997,53.113609,4439500
2017-02-28,64.699997,64.75,64.440002,64.519997,52.908611,1435600
2017-03-01,65.040001,65.449997,64.949997,65.309998,53.556427,757700
2017-03-02,65.199997,65.199997,64.82,64.830002,53.162834,843100
2017-03-03,64.809998,65.110001,64.75,65.07,53.359627,944500
2017-03-06,64.849998,64.949997,64.709999,64.889999,53.212029,347700
2017-03-07,64.779999,64.830002,64.629997,64.68,53.03981,553600
2017-03-08,64.730003,64.779999,64.449997,64.489998,52.884018,3978700
2017-03-09,64.459999,64.610001,64.239998,64.519997,52.908611,1562300
2017-03-10,64.889999,64.93,64.620003,64.879997,53.203835,1438000
2017-03-13,64.989998,65.139999,64.980003,65.129997,53.408825,668800
2017-03-14,64.879997,64.879997,64.610001,64.779999,53.121811,752200
2017-03-15,64.879997,65.669998,64.879997,65.57,53.769646,732500
2017-03-16,65.769997,65.809998,65.550003,65.669998,53.851646,901100
2017-03-17,65.760002,65.849998,65.620003,65.690002,53.868061,368300
2017-03-20,65.720001,65.800003,65.510002,65.599998,53.794235,638500
2017-03-21,65.860001,65.959999,64.900002,64.949997,53.261227,523200
2017-03-22,64.82,65.099998,64.720001,65.050003,53.343235,1195700
2017-03-23,64.989998,65.269997,64.889999,65.010002,53.310429,602300
2017-03-24,65.099998,65.330002,64.949997,65.129997,53.408825,1583300
2017-03-27,64.889999,65.260002,64.639999,65.199997,53.466228,2342700
2017-03-28,65.190002,65.639999,65.139999,65.57,53.769646,759600
2017-03-29,65.239998,65.43,65.110001,65.410004,53.846203,423800
2017-03-30,65.339996,65.519997,65.300003,65.379997,53.821495,508100
2017-03-31,65.209999,65.389999,65.139999,65.220001,53.689793,659300
2017-04-03,65.290001,65.32,64.760002,65.160004,53.640411,662000
2017-04-04,65.019997,65.199997,64.910004,65.199997,53.673328,295600
2017-04-05,65.330002,65.57,64.910004,64.949997,53.467525,851400
2017-04-06,65,65.150002,64.860001,65.050003,53.549862,528800
2017-04-07,64.970001,65.129997,64.889999,64.970001,53.483974,589600
2017-04-10,65.010002,65.129997,64.860001,65,53.508682,448000
2017-04-11,65.080002,65.080002,64.599998,65.059998,53.558079,323700
2017-04-12,65.050003,65.050003,64.75,64.910004,53.434597,474200
2017-04-13,64.75,64.910004,64.480003,64.5,53.097076,546300
2017-04-17,64.769997,65.050003,64.620003,65.050003,53.549862,510300
2017-04-18,64.690002,64.809998,64.470001,64.699997,53.261719,741400
2017-04-19,64.830002,64.93,64.480003,64.57,53.154709,492100
2017-04-20,64.919998,65.209999,64.870003,65.110001,53.599236,409300
2017-04-21,65.07,65.080002,64.870003,65.010002,53.516918,570600
2017-04-24,65.980003,66.089996,65.910004,66.029999,54.356602,589600
2017-04-25,66.269997,66.510002,66.190002,66.43,54.685871,1547100
2017-04-26,66.400002,66.620003,66.360001,66.389999,54.652954,1404000
2017-04-27,66.449997,66.449997,66.230003,66.419998,54.677631,1460600
2017-04-28,66.459999,66.459999,66.239998,66.279999,54.562393,583400
2017-05-01,66.470001,66.599998,66.360001,66.419998,54.677631,508400
2017-05-02,66.650002,66.68,66.519997,66.68,54.89167,444400
2017-05-03,66.449997,66.489998,66.290001,66.449997,54.702328,491800
2017-05-04,66.550003,66.599998,66.360001,66.599998,54.825813,493800
2017-05-05,66.669998,67.080002,66.639999,67.080002,55.220978,489500
2017-05-08,66.919998,66.940002,66.75,66.839996,55.023392,702200
2017-05-09,66.949997,67,66.769997,66.889999,55.064556,649200
2017-05-10,66.889999,67.019997,66.830002,67.010002,55.16333,557700
2017-05-11,66.849998,66.910004,66.580002,66.910004,55.081024,582300
2017-05-12,66.860001,66.949997,66.790001,66.870003,55.048088,306300
2017-05-15,67.080002,67.349998,67.080002,67.32,55.418537,525600
2017-05-16,67.5,67.510002,67.330002,67.449997,55.525547,424800
2017-05-17,67.199997,67.199997,66.389999,66.410004,54.669422,1233500
2017-05-18,66.25,66.669998,66.099998,66.449997,54.702328,501100
2017-05-19,66.989998,67.260002,66.790001,67.120003,55.25388,1340400
2017-05-22,67.25,67.400002,67.230003,67.389999,55.476154,806400
2017-05-23,67.5,67.5,67.330002,67.379997,55.467922,822400
2017-05-24,67.440002,67.559998,67.330002,67.510002,55.574947,662200
2017-05-25,67.709999,67.849998,67.660004,67.739998,55.764275,719400
2017-05-26,67.620003,67.68,67.57,67.669998,55.706657,756000
2017-05-30,67.550003,67.650002,67.480003,67.599998,55.649036,2372100
2017-05-31,67.82,67.82,67.410004,67.57,55.62434,3181900
2017-06-01,67.580002,68.07,67.580002,68.07,56.035931,704200
2017-06-02,68.349998,68.519997,68.18,68.480003,56.373466,647900
2017-06-05,68.480003,68.480003,68.260002,68.330002,56.249966,595300
2017-06-06,68.110001,68.279999,68.089996,68.18,56.126488,814800
2017-06-07,68.269997,68.330002,67.959999,68.18,56.126488,712700
2017-06-08,68.18,68.220001,67.989998,68.160004,56.110043,996600
2017-06-09,68.190002,68.410004,67.720001,68.040001,56.01125,1530200
2017-06-12,67.919998,68.010002,67.730003,67.940002,55.92894,846300
2017-06-13,68.269997,68.400002,68.139999,68.379997,56.291122,624900
2017-06-14,68.599998,68.620003,67.989998,68.209999,56.151192,3131100
2017-06-15,67.519997,67.830002,67.5,67.790001,55.805439,3273000
2017-06-16,67.980003,68.089996,67.760002,68.089996,56.052406,577300
2017-06-19,68.330002,68.540001,68.279999,68.519997,56.406391,699900
2017-06-20,68.339996,68.400002,67.889999,67.919998,55.912464,605500
2017-06-21,67.959999,68.07,67.790001,67.919998,55.912464,567800
2017-06-22,67.959999,68.099998,67.870003,67.949997,55.93716,410900
2017-06-23,67.970001,68.150002,67.879997,68.07,56.035931,951300
2017-06-26,68.400002,68.57,68.209999,68.279999,56.208817,3075100
2017-06-27,68.260002,68.32,67.919998,67.919998,55.912464,615200
2017-06-28,67.660004,68.080002,67.650002,68.019997,56.381611,421300
2017-06-29,67.980003,67.980003,67.019997,67.370003,55.842831,1462400
2017-06-30,67.709999,67.709999,67.349998,67.529999,55.97546,1128700
2017-07-03,67.769997,67.860001,67.620003,67.639999,56.066635,813100
2017-07-05,67.610001,67.660004,67.309998,67.639999,56.066635,677100
2017-07-06,67.379997,67.410004,67.019997,67.07,55.594177,1029700
2017-07-07,67.199997,67.419998,67.07,67.370003,55.842831,320200
2017-07-10,67.419998,67.599998,67.360001,67.519997,55.967163,301400
2017-07-11,67.489998,67.669998,67.239998,67.580002,56.016891,453600
2017-07-12,67.949997,68.279999,67.949997,68.169998,56.50597,426200
2017-07-13,68.290001,68.43,68.18,68.370003,56.671738,658500
2017-07-14,68.519997,68.889999,68.5,68.779999,57.011574,379200
2017-07-17,68.769997,68.82,68.68,68.730003,56.970131,1120700
2017-07-18,68.690002,68.790001,68.559998,68.790001,57.019875,471200
2017-07-19,68.919998,69.160004,68.919998,69.160004,57.326557,400800
2017-07-20,69.25,69.349998,69.120003,69.279999,57.426037,475600
2017-07-21,69.110001,69.199997,68.980003,69.160004,57.326557,516400
2017-07-24,69.129997,69.18,68.959999,69.160004,57.326557,352500
2017-07-25,69.370003,69.43,69.269997,69.300003,57.442604,714700
2017-07-26,69.440002,69.540001,69.32,69.510002,57.616673,606200
2017-07-27,69.589996,69.610001,68.989998,69.339996,57.475761,442900
2017-07-28,69.129997,69.339996,69.099998,69.309998,57.450901,592600
2017-07-31,69.410004,69.43,69.209999,69.32,57.459194,724000
2017-08-01,69.68,69.68,69.510002,69.620003,57.707851,639600
2017-08-02,69.650002,69.650002,69.32,69.559998,57.658115,460900
2017-08-03,69.550003,69.57,69.389999,69.470001,57.583523,1125100
2017-08-04,69.650002,69.660004,69.400002,69.599998,57.691273,461500
2017-08-07,69.629997,69.769997,69.599998,69.769997,57.832188,265700
2017-08-08,69.690002,69.910004,69.449997,69.550003,57.64983,569100
2017-08-09,69.160004,69.410004,69.080002,69.389999,57.517223,351800
2017-08-10,69.050003,69.050003,68.309998,68.330002,56.638569,1008500
2017-08-11,68.379997,68.529999,68.269997,68.360001,56.663445,480800
2017-08-14,68.730003,69.110001,68.730003,68.989998,57.185658,436200
2017-08-15,69.040001,69.040001,68.790001,68.919998,57.127632,911200
2017-08-16,69.18,69.309998,69.139999,69.260002,57.40947,513500
2017-08-17,69.029999,69.080002,68.260002,68.279999,56.597137,767300
2017-08-18,68.339996,68.629997,68.160004,68.360001,56.663445,671000
2017-08-21,68.400002,68.480003,68.18,68.419998,56.713177,500100
2017-08-22,68.610001,69,68.610001,68.970001,57.169079,397000
2017-08-23,68.739998,68.959999,68.660004,68.889999,57.102734,337900
2017-08-24,69.010002,69.040001,68.760002,68.779999,57.011574,717400
2017-08-25,69.029999,69.269997,69.019997,69.050003,57.23539,2146000
2017-08-28,69.230003,69.230003,68.93,69.040001,57.227104,1760400
2017-08-29,68.589996,69.040001,68.57,68.980003,57.177368,821200
2017-08-30,68.980003,69.239998,68.910004,69.18,57.343128,821900
2017-08-31,69.349998,69.690002,69.349998,69.610001,57.699574,813600
2017-09-01,69.830002,69.900002,69.730003,69.82,57.873634,473700
2017-09-05,69.639999,69.739998,69.019997,69.349998,57.484035,552800
2017-09-06,69.510002,69.720001,69.489998,69.610001,57.699574,417500
2017-09-07,69.93,69.93,69.730003,69.879997,57.92337,274900
2017-09-08,69.860001,69.910004,69.739998,69.800003,57.857075,494500
2017-09-11,70.120003,70.5,70.120003,70.470001,58.412422,548600
2017-09-12,70.589996,70.68,70.529999,70.660004,58.569897,606600
2017-09-13,70.540001,70.559998,70.389999,70.480003,58.420708,322000
2017-09-14,70.389999,70.510002,70.339996,70.5,58.437283,1801200
2017-09-15,70.550003,70.650002,70.510002,70.629997,58.545017,1632600
2017-09-18,70.779999,70.980003,70.720001,70.870003,58.743984,519000
2017-09-19,70.949997,70.980003,70.809998,70.980003,58.835159,544400
2017-09-20,71.010002,71.099998,70.589996,70.980003,58.835159,722000
2017-09-21,70.900002,70.93,70.730003,70.790001,58.677654,665900
2017-09-22,70.800003,70.900002,70.760002,70.839996,58.719097,2034100
2017-09-25,70.68,70.769997,70.330002,70.529999,58.462154,1380500
2017-09-26,70.599998,70.620003,70.360001,70.459999,58.404129,1186600
2017-09-27,70.129997,70.349998,69.989998,70.239998,58.515762,744800
2017-09-28,70.199997,70.360001,70.089996,70.330002,58.590729,851600
2017-09-29,70.5,70.760002,70.419998,70.720001,58.915649,594700
2017-10-02,70.709999,70.889999,70.650002,70.879997,59.048954,1171000
2017-10-03,71.010002,71.190002,70.970001,71.190002,59.307175,839000
2017-10-04,71.120003,71.290001,71.089996,71.220001,59.332184,377500
2017-10-05,71.230003,71.449997,71.199997,71.43,59.50713,628400
2017-10-06,71.209999,71.349998,71.129997,71.339996,59.432152,711800
2017-10-09,71.349998,71.400002,71.160004,71.239998,59.348831,248400
2017-10-10,71.550003,71.68,71.449997,71.629997,59.673737,403000
2017-10-11,71.669998,71.830002,71.650002,71.830002,59.840374,722500
2017-10-12,71.75,71.900002,71.709999,71.790001,59.807049,858900
2017-10-13,72.029999,72.099998,71.970001,71.989998,59.973652,686400
2017-10-16,72.040001,72.099998,71.940002,72.019997,59.998653,380400
2017-10-17,71.959999,71.989998,71.830002,71.989998,59.973652,671300
2017-10-18,72.050003,72.099998,71.919998,72.040001,60.015308,619300
2017-10-19,71.709999,71.949997,71.599998,71.949997,59.940319,513500
2017-10-20,72.010002,72.129997,71.989998,72.120003,60.081947,532300
2017-10-23,72.139999,72.139999,71.82,71.839996,59.848701,613600
2017-10-24,71.949997,72.019997,71.860001,71.959999,59.948658,497500
2017-10-25,71.970001,71.970001,71.32,71.669998,59.707081,750800
2017-10-26,71.790001,71.879997,71.68,71.690002,59.723743,632200
2017-10-27,71.790001,72.099998,71.639999,72.07,60.040295,612200
2017-10-30,71.790001,72.099998,71.790001,71.980003,59.965332,637800
2017-10-31,72.160004,72.290001,72.059998,72.209999,60.15694,836100
2017-11-01,72.5,72.639999,72.300003,72.370003,60.290234,865300
2017-11-02,72.349998,72.489998,72.150002,72.449997,60.35688,555400
2017-11-03,72.459999,72.510002,72.239998,72.510002,60.406876,716500
2017-11-06,72.459999,72.720001,72.440002,72.699997,60.565151,498800
2017-11-07,72.709999,72.760002,72.389999,72.550003,60.44017,2142600
2017-11-08,72.550003,72.720001,72.43,72.709999,60.57346,354300
2017-11-09,72.220001,72.339996,71.849998,72.309998,60.240242,1046200
2017-11-10,72.230003,72.290001,72.110001,72.25,60.190262,378300
2017-11-13,71.870003,72.190002,71.800003,72.139999,60.09861,598200
2017-11-14,71.970001,72.029999,71.769997,72.029999,60.006996,340300
2017-11-15,71.5,71.739998,71.330002,71.610001,59.657093,1192000
2017-11-16,71.980003,72.400002,71.980003,72.300003,60.231907,415700
2017-11-17,72.18,72.290001,72.129997,72.199997,60.148609,334700
2017-11-20,72.300003,72.400002,72.239998,72.309998,60.240242,501200
2017-11-21,72.75,72.940002,72.730003,72.879997,60.715096,369200
2017-11-22,73.040001,73.099998,72.839996,72.980003,60.798397,505100
2017-11-24,73.190002,73.279999,73.190002,73.25,61.023346,266700
2017-11-27,73.199997,73.199997,72.959999,72.959999,60.781734,600600
2017-11-28,73.18,73.559998,73.07,73.519997,61.24826,1300800
2017-11-29,73.529999,73.620003,73.169998,73.290001,61.056671,1300100
2017-11-30,73.510002,73.830002,73.510002,73.580002,61.298267,818300
2017-12-01,73.5,73.599998,72.669998,73.419998,61.16497,1276900
2017-12-04,73.809998,73.919998,73.290001,73.290001,61.056671,2396100
2017-12-05,73.339996,73.5,73.040001,73.059998,60.865059,1357700
2017-12-06,72.800003,72.959999,72.730003,72.830002,60.673458,484600
2017-12-07,72.779999,73.150002,72.720001,73.059998,60.865059,766600
2017-12-08,73.410004,73.5,73.269997,73.489998,61.223309,745400
2017-12-11,73.629997,73.68,73.519997,73.669998,61.373238,805600
2017-12-12,73.639999,73.760002,73.550003,73.690002,61.389915,477300
2017-12-13,73.860001,74.059998,73.809998,73.849998,61.523201,849000
2017-12-14,73.93,73.940002,73.529999,73.529999,61.256599,1207500
2017-12-15,73.720001,73.989998,73.629997,73.870003,61.539883,886200
2017-12-18,74.389999,74.699997,74.389999,74.559998,62.114677,642500
2017-12-19,74.110001,74.400002,73.800003,73.809998,61.898327,947000
2017-12-20,74.029999,74.029999,73.690002,73.760002,61.856384,579500
2017-12-21,73.889999,74.129997,73.860001,73.970001,62.032513,846600
2017-12-22,74.019997,74.099998,73.900002,74.099998,62.141518,781100
2017-12-26,74.080002,74.139999,74.019997,74.110001,62.149914,866500
2017-12-27,74.169998,74.239998,74.099998,74.160004,62.191811,599100
2017-12-28,74.419998,74.440002,74.279999,74.379997,62.376328,515900
2017-12-29,74.650002,74.660004,74.239998,74.260002,62.2757,1031100
2018-01-02,74.550003,74.910004,74.510002,74.910004,62.820786,1267700
2018-01-03,75,75.440002,75,75.419998,63.248486,768500
2018-01-04,75.769997,75.970001,75.75,75.870003,63.625874,819400
2018-01-05,76.089996,76.330002,75.959999,76.309998,63.994862,925100
2018-01-08,76.239998,76.410004,76.169998,76.389999,64.061958,723200
2018-01-09,76.489998,76.589996,76.32,76.519997,64.170967,871700
2018-01-10,76.32,76.360001,76.089996,76.269997,63.961308,862900
2018-01-11,76.459999,76.830002,76.400002,76.830002,64.430939,777600
2018-01-12,77.010002,77.459999,76.949997,77.440002,64.942497,747600
2018-01-16,77.779999,77.940002,77.110001,77.260002,64.79155,1433900
2018-01-17,77.5,78.019997,77.339996,77.870003,65.303108,2392900
2018-01-18,77.75,77.860001,77.57,77.709999,65.168915,1275200
2018-01-19,78,78.120003,77.830002,78.120003,65.512764,910500
2018-01-22,78.120003,78.690002,78.110001,78.690002,65.990768,964200
2018-01-23,78.720001,78.940002,78.599998,78.910004,66.175262,813100
2018-01-24,79.220001,79.379997,78.690002,79.040001,66.284279,1131300
2018-01-25,79.32,79.32,78.760002,78.919998,66.183655,2001700
2018-01-26,79.239998,79.739998,79.139999,79.730003,66.862938,1938500
2018-01-29,79.339996,79.400002,79,79.07,66.309441,3850500
2018-01-30,78.589996,78.650002,78.169998,78.260002,65.630173,1254400
2018-01-31,78.669998,78.699997,78,78.330002,65.688858,1408900
2018-02-01,78.080002,78.550003,77.900002,78.269997,65.638535,1380600
2018-02-02,77.650002,77.669998,76.550003,76.559998,64.204514,1170000
2018-02-05,75.959999,76.5,73.550003,73.620003,61.738983,2453600
2018-02-06,72.910004,75.290001,72.589996,75.160004,63.030434,9365600
2018-02-07,74.589996,75.379997,74.190002,74.199997,62.225388,5577000
2018-02-08,74.32,74.32,71.830002,71.849998,60.25462,8214100
2018-02-09,72.68,73.129997,70.559998,72.610001,60.891972,5756300
2018-02-12,73.300003,74.029999,72.839996,73.690002,61.797703,2352500
2018-02-13,73.339996,73.860001,73.18,73.739998,61.839603,1280500
2018-02-14,73.290001,74.970001,73.269997,74.910004,62.820786,1913600
2018-02-15,75.470001,75.75,74.790001,75.739998,63.516846,1547000
2018-02-16,75.580002,76.309998,75.529999,75.800003,63.567181,1019900
2018-02-20,75.32,75.720001,74.989998,75.230003,63.089165,1143000
2018-02-21,75.510002,76.150002,74.940002,74.949997,62.854328,909400
2018-02-22,75.18,75.690002,74.910004,75.080002,62.963371,1569900
2018-02-23,75.5,76.089996,75.349998,76.089996,63.810364,1521500
2018-02-26,76.379997,76.82,76.099998,76.800003,64.4058,1194200
2018-02-27,76.650002,76.739998,75.730003,75.730003,63.508453,3953600
2018-02-28,75.809998,76,74.839996,74.849998,62.770473,919900
2018-03-01,74.830002,75.139999,73.459999,73.959999,62.024132,1471400
2018-03-02,73.480003,74.419998,73.220001,74.309998,62.317619,985800
2018-03-05,73.839996,75.040001,73.739998,74.910004,62.820786,861800
2018-03-06,75.419998,75.43,74.940002,75.349998,63.189777,772600
2018-03-07,74.790001,75.349998,74.650002,75.260002,63.114315,869300
2018-03-08,75.470001,75.599998,75.18,75.550003,63.35751,1198800
2018-03-09,75.82,76.510002,75.75,76.5,64.154198,1349600
2018-03-12,76.620003,76.849998,76.43,76.580002,64.221291,1698100
2018-03-13,76.830002,76.980003,75.879997,76.050003,63.776833,939700
2018-03-14,76.510002,76.550003,75.790001,75.970001,63.70974,1131600
2018-03-15,76.080002,76.25,75.709999,75.849998,63.609093,844900
2018-03-16,75.870003,76.089996,75.82,75.860001,63.617493,480300
2018-03-19,75.629997,75.629997,74.620003,75.059998,62.946594,791100
2018-03-20,75.160004,75.370003,75.080002,75.239998,63.097515,1402600
2018-03-21,75.18,75.800003,75.089996,75.300003,63.14785,1276700
2018-03-22,74.510002,74.709999,73.510002,73.540001,61.671894,1352300
2018-03-23,73.68,73.790001,72.25,72.300003,60.632,1765100
2018-03-26,73.190002,73.779999,72.449997,73.739998,62.060211,1628500
2018-03-27,74,74.129997,72.440002,72.760002,61.235447,1693600
2018-03-28,72.879997,73.330002,72.43,72.730003,61.21019,1169200
2018-03-29,73.099998,73.989998,72.959999,73.629997,61.96764,1384400
2018-04-02,73.389999,73.489998,71.599998,72.169998,60.738888,967800
2018-04-03,72.660004,73.050003,72.190002,72.93,61.37851,998200
2018-04-04,71.900002,73.589996,71.779999,73.510002,61.866623,2300100
2018-04-05,73.900002,74.18,73.739998,73.900002,62.194862,3805100
2018-04-06,73.5,73.860001,72.330002,72.709999,61.193344,1041200
2018-04-09,73.269997,73.980003,73.099998,73.150002,61.563656,768800
2018-04-10,73.970001,74.419998,73.790001,74.230003,62.472622,1007800
2018-04-11,73.849998,74.360001,73.790001,73.889999,62.186466,1704400
2018-04-12,74.239998,74.540001,74.120003,74.330002,62.556763,883200
2018-04-13,74.610001,74.690002,73.870003,74.129997,62.388454,567300
2018-04-16,74.519997,74.800003,74.269997,74.510002,62.708256,589100
2018-04-17,74.839996,75.260002,74.739998,75.110001,63.213211,382900
2018-04-18,75.349998,75.550003,75.199997,75.400002,63.457283,1300900
2018-04-19,75.25,75.269997,74.68,74.910004,63.044891,1406100
2018-04-20,74.790001,74.900002,74.220001,74.419998,62.632507,409700
2018-04-23,74.5,74.610001,74.059998,74.330002,62.556763,733400
2018-04-24,74.629997,74.690002,73.349998,73.720001,62.043373,1062200
2018-04-25,73.550003,73.779999,73.110001,73.690002,62.01815,722300
2018-04-26,74.010002,74.449997,73.919998,74.309998,62.539925,398500
2018-04-27,74.43,74.519997,74.129997,74.440002,62.649361,572400
2018-04-30,74.489998,74.629997,73.940002,73.940002,62.228565,1020800
2018-05-01,73.889999,73.93,73.300003,73.900002,62.194862,382400
2018-05-02,74.019997,74.190002,73.529999,73.620003,61.959225,685100
2018-05-03,73.510002,73.739998,72.739998,73.589996,61.933987,1272200
2018-05-04,73.18,74.400002,73.129997,74.220001,62.46418,472800
2018-05-07,74.339996,74.529999,74.150002,74.330002,62.556763,1104800
2018-05-08,74.230003,74.349998,74.010002,74.339996,62.56517,1030000
2018-05-09,74.510002,74.870003,74.360001,74.790001,62.943905,851800
2018-05-10,75.07,75.57,75.07,75.480003,63.524612,421800
2018-05-11,75.629997,75.800003,75.459999,75.639999,63.659298,1183100
2018-05-14,75.860001,76.059998,75.669998,75.75,63.751835,363100
2018-05-15,75.120003,75.190002,74.82,75.07,63.179573,1254400
2018-05-16,75.230003,75.550003,75.199997,75.449997,63.499352,2033000
2018-05-17,75.43,75.690002,75.230003,75.43,63.48254,737600
2018-05-18,75.269997,75.290001,75.07,75.18,63.272121,918500
2018-05-21,75.599998,75.690002,75.440002,75.610001,63.634026,414000
2018-05-22,75.809998,75.919998,75.470001,75.540001,63.575104,463000
2018-05-23,74.949997,75.339996,74.790001,75.32,63.38995,1098800
2018-05-24,75.199997,75.279999,74.660004,75.190002,63.280548,612300
2018-05-25,74.959999,75.050003,74.800003,74.940002,63.070148,559200
2018-05-29,74.230003,74.339996,73.489998,73.779999,62.093884,1379500
2018-05-30,74.18,74.82,74.120003,74.739998,62.901825,506100
2018-05-31,74.650002,74.68,74.190002,74.360001,62.582027,642100
2018-06-01,74.849998,75.129997,74.800003,75.080002,63.187992,459000
2018-06-04,75.43,75.580002,75.32,75.459999,63.507797,387400
2018-06-05,75.489998,75.550003,75.220001,75.440002,63.490948,288600
2018-06-06,75.68,76.099998,75.519997,76.099998,64.046417,446500
2018-06-07,76.150002,76.269997,75.599998,75.839996,63.827591,607400
2018-06-08,75.739998,76.029999,75.57,76.010002,63.970661,1229600
2018-06-11,76.110001,76.360001,76.050003,76.199997,64.130547,1797400
2018-06-12,76.199997,76.290001,75.93,76.120003,64.063263,1631800
2018-06-13,76.260002,76.279999,75.769997,75.889999,63.869682,582800
2018-06-14,76.07,76.18,75.870003,75.970001,63.937004,1306300
2018-06-15,75.610001,75.690002,75.279999,75.650002,63.667709,573400
2018-06-18,75.029999,75.330002,74.910004,75.290001,63.364708,880500
2018-06-19,74.43,74.879997,74.25,74.779999,62.935497,6193700
2018-06-20,75.129997,75.209999,74.860001,75.040001,63.154339,1204000
2018-06-21,74.949997,74.949997,74.339996,74.419998,62.632507,584600
2018-06-22,74.5,74.540001,74.220001,74.309998,63.006413,553500
2018-06-25,73.889999,73.900002,72.910004,73.25,62.107655,1421600
2018-06-26,73.419998,73.559998,73.120003,73.330002,62.175499,1586400
2018-06-27,73.510002,73.760002,72.620003,72.639999,61.590458,1274600
2018-06-28,72.629997,73.139999,72.389999,73.010002,61.904186,1088700
2018-06-29,73.470001,73.82,73.360001,73.370003,62.209442,853100
2018-07-02,72.650002,73.129997,72.550003,73.110001,61.988979,672300
2018-07-03,73.489998,73.510002,72.980003,73.029999,61.921124,552600
2018-07-05,73.540001,73.639999,73.169998,73.610001,62.412903,1056600
2018-07-06,73.620003,74.220001,73.540001,74.080002,62.811424,2287800
2018-07-09,74.540001,74.860001,74.489998,74.82,63.438862,642400
2018-07-10,74.879997,74.989998,74.739998,74.949997,63.549072,679500
2018-07-11,74.379997,74.550003,73.959999,74.120003,62.845337,552200
2018-07-12,74.519997,74.730003,74.309998,74.699997,63.337093,672600
2018-07-13,74.699997,74.870003,74.550003,74.790001,63.413422,347200
2018-07-16,74.830002,74.839996,74.57,74.690002,63.328617,457700
2018-07-17,74.5,75.050003,74.43,74.980003,63.574505,791600
2018-07-18,74.949997,75.050003,74.75,75.029999,63.616901,380700
2018-07-19,74.660004,74.900002,74.480003,74.75,63.379501,653400
2018-07-20,74.860001,75.07,74.800003,74.889999,63.498207,3056200
2018-07-23,74.870003,74.919998,74.660004,74.889999,63.498207,485300
2018-07-24,75.370003,75.580002,75.059998,75.220001,63.778,1965900
2018-07-25,75.279999,76.050003,75.230003,76,64.439331,1224500
2018-07-26,75.68,75.879997,75.639999,75.68,64.168037,593400
2018-07-27,75.849998,75.919998,75.230003,75.449997,63.973011,949200
2018-07-30,75.559998,75.629997,75.089996,75.190002,63.752575,591600
2018-07-31,75.400002,75.650002,75.279999,75.480003,63.99844,558600
2018-08-01,75.43,75.510002,75.07,75.209999,63.769535,743900
2018-08-02,74.639999,75.25,74.550003,75.220001,63.778,481400
2018-08-03,75.209999,75.480003,75.139999,75.480003,63.99844,432700
2018-08-06,75.199997,75.550003,75.129997,75.480003,63.99844,1084900
2018-08-07,75.199997,75.93,75.199997,75.769997,64.244339,1200500
2018-08-08,75.75,75.82,75.57,75.720001,64.20195,1449900
2018-08-09,75.720001,75.870003,75.529999,75.550003,64.057793,2344300
2018-08-10,74.82,74.879997,74.529999,74.699997,63.337093,1607900
2018-08-13,74.650002,74.790001,74.169998,74.300003,62.997959,4443700
2018-08-14,74.489998,74.709999,74.349998,74.650002,63.294697,523700
2018-08-15,73.949997,73.970001,73.290001,73.82,62.590977,5321300
2018-08-16,74.239998,74.650002,74.239998,74.379997,63.065769,3981500
2018-08-17,74.279999,74.879997,74.199997,74.709999,63.345585,868000
2018-08-20,74.93,75.040001,74.800003,75,63.591461,562200
2018-08-21,75.220001,75.529999,75.209999,75.300003,63.845833,2397900
2018-08-22,75.349998,75.629997,75.349998,75.5,64.015396,980600
2018-08-23,75.290001,75.519997,75.089996,75.150002,63.718639,892400
2018-08-24,75.5,75.779999,75.449997,75.690002,64.176521,907500
2018-08-27,76.160004,76.529999,76.07,76.489998,64.85482,1572300
2018-08-28,76.589996,76.660004,76.360001,76.43,64.803932,480900
2018-08-29,76.440002,76.830002,76.330002,76.790001,65.109215,427100
2018-08-30,76.389999,76.440002,75.970001,76.150002,64.566551,1676100
2018-08-31,76.050003,76.290001,75.790001,76.129997,64.549568,1095100
2018-09-04,75.650002,75.669998,75.309998,75.650002,64.142601,1106000
2018-09-05,75.279999,75.339996,74.879997,75.150002,63.718639,770300
2018-09-06,75.150002,75.290001,74.68,74.989998,63.582993,2861100
2018-09-07,74.580002,74.900002,74.440002,74.650002,63.294697,1308400
2018-09-10,74.959999,75.029999,74.760002,74.830002,63.447334,1501400
2018-09-11,74.529999,75.010002,74.360001,74.980003,63.574505,1023600
2018-09-12,74.910004,75.230003,74.730003,75.120003,63.693203,1282900
2018-09-13,75.650002,75.75,75.400002,75.589996,64.091721,1026700
2018-09-14,75.720001,75.779999,75.43,75.639999,64.134125,1346500
2018-09-17,75.769997,75.769997,75.300003,75.370003,63.905186,1616900
2018-09-18,75.599998,76.019997,75.580002,75.900002,64.354568,2291100
2018-09-19,75.919998,76.190002,75.919998,76.089996,64.515663,844500
2018-09-20,76.599998,76.860001,76.470001,76.800003,65.117653,781800
2018-09-21,76.889999,76.970001,76.739998,76.779999,65.100716,1614400
2018-09-24,76.620003,76.650002,76.330002,76.440002,64.812439,1491200
2018-09-25,76.75,76.75,76.5,76.540001,64.897209,786900
2018-09-26,76.209999,76.610001,76,76.050003,64.788177,489800
2018-09-27,76.059998,76.400002,76.050003,76.110001,64.839272,3203500
2018-09-28,75.760002,76.029999,75.669998,75.830002,64.600731,3139600
2018-10-01,76.260002,76.32,75.900002,76.07,64.805206,1335600
2018-10-02,75.720001,75.889999,75.57,75.709999,64.498512,908100
2018-10-03,76,76.080002,75.580002,75.709999,64.498512,733500
2018-10-04,75.419998,75.419998,74.489998,74.879997,63.791431,7408800
2018-10-05,74.839996,74.959999,74.040001,74.43,63.408077,1482800
2018-10-08,74.029999,74.339996,73.660004,74.269997,63.271767,937200
2018-10-09,73.940002,74.339996,73.769997,74.089996,63.118416,8102900
2018-10-10,73.889999,73.919998,71.879997,71.989998,61.329403,2131600
2018-10-11,71.669998,72.120003,70.300003,70.730003,60.255966,4100600
2018-10-12,71.779999,71.800003,70.660004,71.529999,60.937515,2400400
2018-10-15,71.360001,71.709999,71.059998,71.230003,60.681938,1724000
2018-10-16,71.82,72.730003,71.75,72.639999,61.883133,2057100
2018-10-17,72.540001,72.559998,71.790001,72.349998,61.636078,1384500
2018-10-18,72.040001,72.150002,70.919998,71.230003,60.681938,1319500
2018-10-19,71.559998,72.050003,71.209999,71.300003,60.74157,817600
2018-10-22,71.550003,71.650002,70.940002,71.099998,60.57119,1248800
2018-10-23,70.010002,70.910004,69.440002,70.610001,60.153751,2163700
2018-10-24,70.370003,70.43,68.360001,68.449997,58.31361,2745400
2018-10-25,69.010002,69.949997,68.769997,69.589996,59.284786,1506200
2018-10-26,68.589996,69.410004,67.800003,68.739998,58.560658,6324900
2018-10-29,69.400002,69.760002,67.480003,68.269997,58.160282,3846700
2018-10-30,68.349998,69.309998,68.239998,69.269997,59.012169,2275700
2018-10-31,69.900002,70.410004,69.830002,69.900002,59.548897,2022600
2018-11-01,70.410004,71.019997,70.110001,71,60.486004,1574700
2018-11-02,71.410004,71.57,70.300003,70.849998,60.3582,1379400
2018-11-05,70.980003,71.160004,70.690002,71.040001,60.520073,1388000
2018-11-06,71.050003,71.449997,71.029999,71.400002,60.826771,1134200
2018-11-07,71.989998,72.650002,71.809998,72.629997,61.874622,663700
2018-11-08,72.379997,72.510002,71.910004,72.050003,61.380508,2301700
2018-11-09,71.639999,71.699997,71.07,71.480003,60.894909,8658700
2018-11-12,71.25,71.25,70.110001,70.220001,59.821503,1997300
2018-11-13,70.419998,71.010002,70.139999,70.330002,59.915211,2990600
2018-11-14,70.75,70.940002,69.660004,70.089996,59.710747,2821200
2018-11-15,69.760002,70.839996,69.410004,70.709999,60.238956,3535600
2018-11-16,70.330002,71.029999,70.220001,70.849998,60.3582,1069300
2018-11-19,70.699997,70.720001,69.639999,69.879997,59.53186,1191400
2018-11-20,68.93,69.25,68.379997,68.599998,58.441399,2534400
2018-11-21,69.239998,69.68,69.139999,69.239998,58.986637,1527200
2018-11-23,68.790001,69.129997,68.75,68.800003,58.611782,708300
2018-11-26,69.480003,69.849998,69.419998,69.800003,59.463718,1846400
2018-11-27,69.489998,69.809998,69.290001,69.809998,59.472221,1696100
2018-11-28,70.019997,71.18,69.75,71.150002,60.613792,6203200
2018-11-29,70.940002,71.309998,70.610001,70.970001,60.460438,1799300
2018-11-30,70.779999,71.18,70.660004,71.110001,60.579712,1663800
2018-12-03,72.360001,72.379997,71.720001,72.080002,61.406094,2607100
2018-12-04,71.800003,71.900002,69.900002,69.959999,59.600018,2166000
2018-12-06,68.849998,69.68,68.019997,69.599998,59.293324,4867600
2018-12-07,69.629997,69.980003,68.139999,68.32,58.202858,2638600
2018-12-10,68.230003,68.389999,67.110001,68.169998,58.075077,4363400
2018-12-11,68.870003,69.029999,67.800003,68.199997,58.100643,3221100
2018-12-12,69.089996,69.599998,68.900002,68.940002,58.731056,4430000
2018-12-13,69.080002,69.300003,68.599998,68.809998,58.620319,5085600
2018-12-14,68.099998,68.400002,67.620003,67.730003,57.700226,3496400
2018-12-17,67.510002,67.760002,66.290001,66.610001,56.746086,4734800
2018-12-18,67.029999,67.309998,66.360001,66.699997,56.822754,6226200
2018-12-19,66.889999,67.57,65.449997,65.839996,56.090111,4827600
2018-12-20,65.739998,66.059998,64.650002,65.139999,55.493786,7203700
2018-12-21,65.080002,65.720001,63.84,64.010002,54.531109,8540700
2018-12-24,63.400002,63.689999,62.32,62.330002,53.508663,4146800
2018-12-26,62.66,64.650002,62.139999,64.650002,55.50032,11454600
2018-12-27,63.740002,65.010002,63.119999,65.010002,55.809376,8538700
2018-12-28,65.400002,65.699997,64.779999,65.080002,55.869473,8670500
2018-12-31,65.5,65.620003,65.010002,65.459999,56.195679,7320500
2019-01-02,64.519997,65.540001,64.410004,65.379997,56.127007,2531200
2019-01-03,65.110001,65.110001,64.199997,64.360001,55.251366,2947000
2019-01-04,65.290001,66.620003,65.190002,66.449997,57.045563,2777900
2019-01-07,66.489998,67.190002,66.279999,66.860001,57.397549,2345600
2019-01-08,67.330002,67.5,66.830002,67.400002,57.86113,1405400
2019-01-09,67.870003,68.25,67.620003,68.029999,58.401978,3081300
2019-01-10,67.610001,68.339996,67.529999,68.339996,58.668079,1817200
2019-01-11,67.849998,68.199997,67.75,68.080002,58.444878,5274500
2019-01-14,67.589996,67.93,67.5,67.709999,58.127262,2259900
2019-01-15,67.879997,68.330002,67.870003,68.32,58.650925,2395100
2019-01-16,68.419998,68.690002,68.389999,68.550003,58.848381,3137600
2019-01-17,68.260002,69.18,68.220001,68.940002,59.183178,2908600
2019-01-18,69.410004,69.839996,69.269997,69.690002,59.827034,7013800
2019-01-22,69.139999,69.169998,68.360001,68.699997,58.977146,4551800
2019-01-23,69.099998,69.199997,68.360001,68.860001,59.114498,2361800
2019-01-24,68.940002,69.190002,68.760002,69.07,59.294773,2315600
2019-01-25,69.639999,69.940002,69.589996,69.769997,59.89571,1552000
2019-01-28,69.169998,69.339996,68.889999,69.32,59.509399,4018600
2019-01-29,69.519997,69.629997,69.220001,69.360001,59.54372,2179000
2019-01-30,69.75,70.57,69.5,70.339996,60.385029,2841500
2019-01-31,70.309998,70.870003,70.230003,70.690002,60.68552,4554800
2019-02-01,70.769997,70.889999,70.519997,70.699997,60.694088,2453500
2019-02-04,70.639999,71.080002,70.470001,71.07,61.011742,1979500
2019-02-05,71.309998,71.589996,71.290001,71.559998,61.432365,2158300
2019-02-06,71.449997,71.5,71.160004,71.260002,61.174847,1363500
2019-02-07,70.809998,70.93,70.150002,70.57,60.582504,2867600
2019-02-08,70.160004,70.440002,69.889999,70.440002,60.470875,2493900
2019-02-11,70.57,70.629997,70.290001,70.440002,60.470875,1177700
2019-02-12,70.940002,71.379997,70.940002,71.300003,61.209179,888300
2019-02-13,71.5,71.660004,71.290001,71.330002,61.23494,1181800
2019-02-14,71.129997,71.599998,71,71.32,61.226353,1617500
2019-02-15,71.790001,72.099998,71.760002,72.099998,61.895962,1658900
2019-02-19,71.900002,72.43,71.879997,72.279999,62.050472,3320900
2019-02-20,72.389999,72.690002,72.309998,72.550003,62.282261,3021800
2019-02-21,72.449997,72.449997,72.059998,72.279999,62.050472,817200
2019-02-22,72.529999,72.830002,72.489998,72.739998,62.445358,7442800
2019-02-25,73.18,73.32,72.910004,72.93,62.608479,5360400
2019-02-26,72.849998,73.220001,72.849998,73.010002,62.677177,2517700
2019-02-27,72.860001,73.040001,72.559998,72.919998,62.599915,6202200
2019-02-28,72.839996,72.889999,72.610001,72.68,62.393848,4534700
2019-03-01,73.099998,73.239998,72.730003,73.050003,62.71151,3100700
2019-03-04,73.349998,73.360001,72.300003,72.830002,62.522636,1990600
2019-03-05,72.870003,73.07,72.720001,72.93,62.608479,5713500
2019-03-06,72.919998,72.93,72.440002,72.489998,62.230755,2981800
2019-03-07,72.32,72.379997,71.559998,71.720001,61.569736,2713300
2019-03-08,71.239998,71.580002,71.080002,71.529999,61.406628,1890300
2019-03-11,71.769997,72.510002,71.75,72.489998,62.230755,1327200
2019-03-12,72.620003,72.779999,72.57,72.669998,62.385292,7052700
2019-03-13,72.919998,73.269997,72.849998,73.089996,62.745842,2184900
2019-03-14,73.080002,73.120003,72.879997,73,62.668575,1487800
2019-03-15,73.309998,73.660004,73.279999,73.57,63.15789,5173200
2019-03-18,73.699997,73.940002,73.610001,73.900002,63.441204,1979900
2019-03-19,74.150002,74.309998,73.720001,73.910004,63.449795,2505000
2019-03-20,73.769997,74.230003,73.32,73.790001,63.346767,5408600
2019-03-21,73.419998,74.300003,73.419998,74.230003,63.724503,1791000
2019-03-22,73.650002,73.739998,72.690002,72.720001,62.428219,2787700
2019-03-25,72.370003,72.650002,72.080002,72.419998,62.411816,1830600
2019-03-26,72.870003,73.110001,72.559998,72.849998,62.782406,1246600
2019-03-27,72.889999,73.059998,72.18,72.580002,62.549709,4485800
2019-03-28,72.669998,72.849998,72.379997,72.779999,62.722107,2197800
2019-03-29,73.160004,73.209999,72.870003,73.169998,63.058174,5722400
2019-04-01,73.760002,74.169998,73.760002,74.110001,63.868282,1496000
2019-04-02,74.110001,74.150002,73.860001,74.099998,63.859657,2192600
2019-04-03,74.550003,74.720001,74.260002,74.410004,64.126846,1667600
2019-04-04,74.419998,74.540001,74.269997,74.510002,64.212997,924800
2019-04-05,74.669998,74.839996,74.580002,74.809998,64.471558,4255100
2019-04-08,74.760002,74.910004,74.550003,74.900002,64.54911,2056000
2019-04-09,74.699997,74.699997,74.410004,74.5,64.204384,1918400
2019-04-10,74.660004,74.839996,74.540001,74.809998,64.471558,547400
2019-04-11,74.870003,74.870003,74.529999,74.68,64.359489,4428800
2019-04-12,75.160004,75.279999,75.029999,75.209999,64.816269,1231300
2019-04-15,75.209999,75.209999,74.919998,75.089996,64.712837,1106200
2019-04-16,75.440002,75.440002,75.150002,75.260002,64.859367,2298400
2019-04-17,75.540001,75.580002,75.059998,75.169998,64.781784,2417400
2019-04-18,75.230003,75.279999,74.900002,75.230003,64.833511,1334200
2019-04-22,75.010002,75.18,74.970001,75.160004,64.77317,940900
2019-04-23,75.199997,75.669998,75.110001,75.639999,65.186852,828700
2019-04-24,75.440002,75.459999,75.150002,75.230003,64.833511,1478500
2019-04-25,75.169998,75.269997,74.830002,75.18,64.790405,1323200
2019-04-26,75.290001,75.540001,75.080002,75.540001,65.100662,860800
2019-04-29,75.580002,75.769997,75.5,75.639999,65.186852,661300
2019-04-30,75.610001,75.760002,75.260002,75.709999,65.247162,2146700
2019-05-01,75.910004,75.989998,75.190002,75.220001,64.824875,1759900
2019-05-02,75.230003,75.410004,74.75,75.110001,64.730072,1587700
2019-05-03,75.480003,75.860001,75.419998,75.830002,65.350586,946600
2019-05-06,74.489998,75.370003,74.349998,75.300003,64.893829,2121800
2019-05-07,74.639999,74.690002,73.610001,74.050003,63.816563,2874100
2019-05-08,74,74.410004,73.830002,74.040001,63.807938,3207800
2019-05-09,73.239998,73.75,72.779999,73.610001,63.43737,2215500
2019-05-10,73.43,74.129997,72.739998,73.970001,63.74765,4345900
2019-05-13,72.57,72.709999,71.889999,72.110001,62.144672,2660400
2019-05-14,72.529999,73.150002,72.470001,72.860001,62.791035,2339900
2019-05-15,72.379997,73.309998,72.309998,73.199997,63.084019,2164600
2019-05-16,73.379997,74.080002,73.370003,73.739998,63.549419,1075100
2019-05-17,73.099998,73.709999,73.059998,73.150002,63.040936,1197600
2019-05-20,72.800003,73.019997,72.519997,72.739998,62.687592,1432800
2019-05-21,73.160004,73.419998,73.059998,73.379997,63.239174,858100
2019-05-22,73.110001,73.300003,72.989998,73.050003,62.954777,1143600
2019-05-23,72.419998,72.419998,71.879997,72.230003,62.248089,1797600
2019-05-24,72.639999,72.800003,72.360001,72.559998,62.532459,1167000
2019-05-28,72.660004,72.889999,71.980003,71.989998,62.041256,7004400
2019-05-29,71.690002,71.75,71.220001,71.629997,61.730988,2104700
2019-05-30,71.809998,72.029999,71.599998,71.879997,61.946457,1950500
2019-05-31,71.129997,71.43,70.919998,71.190002,61.351795,5620600
2019-06-03,71.339996,71.610001,71.010002,71.300003,61.446609,6752800
2019-06-04,71.830002,72.559998,71.599998,72.519997,62.498013,5617700
2019-06-05,72.900002,72.900002,72.339996,72.769997,62.713486,1297700
2019-06-06,72.959999,73.300003,72.699997,73.110001,63.006493,1528600
2019-06-07,73.5,74.129997,73.459999,73.849998,63.644211,1492300
2019-06-10,74.220001,74.550003,74.160004,74.160004,63.911369,1249700
2019-06-11,74.779999,74.849998,74.199997,74.370003,64.092354,1165600
2019-06-12,74.199997,74.269997,73.949997,74.010002,63.782078,1197000
2019-06-13,74.279999,74.370003,74.019997,74.220001,63.963081,863400
2019-06-14,74.010002,74.019997,73.790001,73.870003,63.661461,920100
2019-06-17,73.400002,73.610001,73.339996,73.419998,63.749146,712300
2019-06-18,73.900002,74.519997,73.900002,74.32,64.530609,2964600
2019-06-19,74.489998,74.760002,74.209999,74.669998,64.83448,2419000
2019-06-20,75.480003,75.57,74.970001,75.400002,65.468338,1185300
2019-06-21,75.190002,75.389999,75.07,75.129997,65.233902,1372300
2019-06-24,75.160004,75.279999,75.040001,75.099998,65.20787,1266800
2019-06-25,75.110001,75.160004,74.410004,74.449997,64.643471,1174700
2019-06-26,74.790001,74.849998,74.459999,74.489998,64.6782,2807300
2019-06-27,74.709999,74.889999,74.650002,74.82,64.964729,1396200
2019-06-28,75.089996,75.25,74.989998,75.160004,65.259949,2162300
2019-07-01,76.019997,76.160004,75.540001,75.809998,65.824318,1929100
2019-07-02,75.75,75.919998,75.650002,75.919998,65.91983,1356800
2019-07-03,76.120003,76.43,76.089996,76.410004,66.345322,614900
2019-07-05,75.949997,76.160004,75.559998,76.110001,66.084816,1645700
2019-07-08,75.720001,75.839996,75.620003,75.75,65.772232,1202700
2019-07-09,75.339996,75.699997,75.260002,75.629997,65.668037,1009700
2019-07-10,75.970001,76.239998,75.809998,76,65.989311,830700
2019-07-11,76.169998,76.190002,75.809998,76.040001,66.024033,1243600
2019-07-12,76.190002,76.300003,76.029999,76.300003,66.249786,1012300
2019-07-15,76.389999,76.400002,76.220001,76.32,66.267166,922900
2019-07-16,76.279999,76.330002,75.980003,76.059998,66.041405,1135800
2019-07-17,76.099998,76.139999,75.699997,75.699997,65.728836,844000
2019-07-18,75.610001,76.059998,75.459999,76.010002,65.997993,2275700
2019-07-19,76.160004,76.209999,75.669998,75.709999,65.737503,1258500
2019-07-22,75.800003,75.900002,75.660004,75.790001,65.806969,837400
2019-07-23,76.160004,76.309998,75.949997,76.279999,66.232407,2255100
2019-07-24,76.040001,76.540001,76.040001,76.529999,66.449486,917500
2019-07-25,76.449997,76.449997,75.860001,75.980003,65.971954,1666700
2019-07-26,76.18,76.419998,76.18,76.360001,66.301895,3182700
2019-07-29,76.400002,76.449997,76.129997,76.290001,66.241112,1470100
2019-07-30,75.760002,75.940002,75.599998,75.849998,65.859077,1640900
2019-07-31,75.910004,75.989998,74.580002,75.160004,65.259949,2355500
2019-08-01,75.300003,75.910004,74.32,74.559998,64.738968,2228300
2019-08-02,74.300003,74.300003,73.510002,73.870003,64.139847,4096800
2019-08-05,72.760002,72.769997,71.309998,71.809998,62.3512,3968800
2019-08-06,72.339996,72.629997,71.900002,72.610001,63.045834,5379400
2019-08-07,72.059998,72.940002,71.550003,72.82,63.228176,2830100
2019-08-08,73.199997,73.970001,73.040001,73.949997,64.209305,1530300
2019-08-09,73.720001,73.800003,73.059998,73.379997,63.714397,2156600
2019-08-12,73,73.089996,72.389999,72.610001,63.045834,1542000
2019-08-13,72.489998,73.870003,72.360001,73.529999,63.844631,1021700
2019-08-14,72.269997,72.419998,71.339996,71.379997,61.977856,2370900
2019-08-15,71.720001,71.839996,71.190002,71.639999,62.203621,2286200
2019-08-16,72.150002,72.709999,72.099998,72.629997,63.063202,559500
2019-08-19,73.419998,73.43,73.18,73.25,63.60154,1595700
2019-08-20,73.169998,73.260002,72.82,72.849998,63.254242,1418500
2019-08-21,73.5,73.599998,73.300003,73.459999,63.783863,803500
2019-08-22,73.57,73.650002,72.940002,73.309998,63.653633,1239000
2019-08-23,73.019997,73.510002,71.620003,71.800003,62.342533,2166600
2019-08-26,72.43,72.57,72.099998,72.5,62.950336,1345400
2019-08-27,72.870003,72.949997,72.139999,72.269997,62.750618,2222300
2019-08-28,72.150002,72.690002,71.93,72.639999,63.071877,2509600
2019-08-29,73.309998,73.559998,73.040001,73.449997,63.775185,1025900
2019-08-30,73.839996,73.870003,73.269997,73.580002,63.888062,1302300
2019-09-03,73.059998,73.260002,72.82,73.190002,63.549458,2041200
2019-09-04,73.870003,74.110001,73.75,74.089996,64.330879,712200
2019-09-05,74.709999,75.150002,74.709999,74.93,65.060242,1038700
2019-09-06,75.040001,75.199997,74.949997,75.059998,65.173119,1003700
2019-09-09,75.279999,75.279999,74.889999,75.120003,65.225212,981200
2019-09-10,74.980003,75.150002,74.660004,75.150002,65.251244,1245000
2019-09-11,75.389999,75.699997,75.209999,75.68,65.711456,896100
2019-09-12,75.949997,76.230003,75.709999,76.019997,66.00666,1226400
2019-09-13,76.260002,76.440002,76.099998,76.169998,66.136917,1006300
2019-09-16,75.830002,76.019997,75.760002,75.889999,65.893784,2051300
2019-09-17,75.730003,76.059998,75.639999,76.040001,66.024033,651400
2019-09-18,75.959999,76.010002,75.360001,75.980003,65.971954,638200
2019-09-19,76.139999,76.400002,75.989998,76.029999,66.015335,4272100
2019-09-20,76.220001,76.309998,75.629997,75.779999,65.798279,1045300
2019-09-23,75.589996,75.879997,75.5,75.760002,65.780914,1033200
2019-09-24,75.589996,75.589996,74.660004,74.830002,65.34864,3594000
2019-09-25,74.690002,75.120003,74.330002,74.989998,65.488365,1501300
2019-09-26,75.150002,75.150002,74.709999,75.019997,65.514565,4895900
2019-09-27,75.150002,75.150002,74.230003,74.550003,65.104111,1898200
2019-09-30,74.610001,74.980003,74.610001,74.82,65.339905,943100
2019-10-01,74.940002,75,73.959999,74.019997,64.641281,3799800
2019-10-02,73.43,73.529999,72.5,72.800003,63.575851,2382600
2019-10-03,72.830002,73.370003,72.25,73.360001,64.064888,2867100
2019-10-04,73.550003,74.18,73.470001,74.139999,64.746056,3743000
2019-10-07,74,74.32,73.849998,73.900002,64.536484,2932500
2019-10-08,73.440002,73.540001,72.900002,72.93,63.689388,1967800
2019-10-09,73.529999,73.730003,73.32,73.540001,64.222092,4600900
2019-10-10,73.559998,74.230003,73.5,74.050003,64.667473,2487000
2019-10-11,74.940002,75.529999,74.910004,75.040001,65.532028,2290900
2019-10-14,74.870003,74.989998,74.779999,74.849998,65.366112,751400
2019-10-15,75.139999,75.800003,75.07,75.629997,66.047256,1263700
2019-10-16,75.559998,75.720001,75.419998,75.589996,66.012344,1224100
2019-10-17,75.889999,76.059998,75.639999,75.800003,66.195724,1265200
2019-10-18,75.720001,75.849998,75.32,75.57,65.994865,2231000
2019-10-21,75.989998,76.099998,75.910004,76.099998,66.457741,853800
2019-10-22,76.230003,76.300003,75.870003,75.889999,66.27433,1015800
2019-10-23,75.889999,76.129997,75.779999,76.110001,66.466461,877400
2019-10-24,76.43,76.449997,76.080002,76.269997,66.606186,1254100
2019-10-25,76.160004,76.620003,76.110001,76.559998,66.859444,1559200
2019-10-28,76.839996,77.040001,76.82,76.970001,67.217499,1248500
2019-10-29,76.790001,77.059998,76.769997,76.900002,67.156357,1058300
2019-10-30,76.919998,77.220001,76.519997,77.139999,67.365929,1530300
2019-10-31,77.07,77.07,76.529999,76.910004,67.165092,2494800
2019-11-01,77.330002,77.68,77.330002,77.669998,67.828796,595200
2019-11-04,78.190002,78.25,77.970001,78.040001,68.151924,1222400
2019-11-05,78.169998,78.220001,77.919998,78.050003,68.160652,1460800
2019-11-06,77.989998,78.129997,77.82,78.040001,68.151924,995500
2019-11-07,78.410004,78.540001,78.199997,78.290001,68.370247,1312000
2019-11-08,78.080002,78.349998,77.900002,78.349998,68.422623,898400
2019-11-11,77.919998,78.169998,77.800003,78.150002,68.247971,777400
2019-11-12,78.150002,78.419998,78.040001,78.209999,68.300362,1553600
2019-11-13,77.800003,78.150002,77.650002,78.07,68.178116,1057900
2019-11-14,77.93,78.089996,77.769997,78.089996,68.19558,923100
2019-11-15,78.43,78.639999,78.309998,78.639999,68.67588,649000
2019-11-18,78.589996,78.720001,78.370003,78.669998,68.70208,1002500
2019-11-19,78.919998,78.919998,78.510002,78.690002,68.719566,981000
2019-11-20,78.459999,78.580002,77.959999,78.300003,68.37899,3309700
2019-11-21,78.330002,78.330002,77.959999,78.209999,68.300362,780800
2019-11-22,78.459999,78.459999,78.120003,78.379997,68.44883,1035600
2019-11-25,78.690002,79,78.629997,78.980003,68.972824,1387100
2019-11-26,78.970001,79.099998,78.830002,79.050003,69.033951,1275500
2019-11-27,79.239998,79.389999,79.139999,79.370003,69.313416,4083700
2019-11-29,79.010002,79.059998,78.839996,78.879997,68.885483,698500
2019-12-02,78.900002,78.93,78.169998,78.32,68.396439,1349300
2019-12-03,77.669998,77.919998,77.309998,77.910004,68.038406,3234400
2019-12-04,78.339996,78.599998,78.260002,78.5,68.553627,1299600
2019-12-05,78.660004,78.68,78.300003,78.57,68.614754,1227500
2019-12-06,79.160004,79.349998,79.099998,79.269997,69.226074,1497500
2019-12-09,79.169998,79.309998,78.970001,79,68.99028,1074900
2019-12-10,78.970001,79.129997,78.760002,78.93,68.929146,1684500
2019-12-11,79.050003,79.370003,79.019997,79.269997,69.226074,1081300
2019-12-12,79.330002,80.120003,79.239998,80,69.863571,2525600
2019-12-13,80.089996,80.589996,79.870003,80.139999,69.985832,2941100
2019-12-16,80.779999,80.949997,80.68,80.82,70.579666,2190200
2019-12-17,80.82,80.879997,80.720001,80.790001,70.553459,5313900
2019-12-18,80.910004,80.910004,80.760002,80.82,70.579666,1062400
2019-12-19,80.769997,81.029999,80.739998,81.029999,70.763046,866900
2019-12-20,81.309998,81.370003,81.190002,81.269997,70.972649,1877600
2019-12-23,80.809998,80.809998,80.68,80.769997,71.070343,3628500
2019-12-24,80.800003,80.919998,80.650002,80.739998,71.043938,1185700
2019-12-26,80.910004,81.120003,80.860001,81.110001,71.369492,750100
2019-12-27,81.400002,81.410004,81.059998,81.209999,71.457481,1034800
2019-12-30,81.309998,81.360001,80.650002,80.730003,71.035149,1041500
2019-12-31,80.739998,81.029999,80.610001,80.989998,71.263916,1034700
2020-01-02,81.43,81.809998,81.32,81.809998,71.985443,946100
2020-01-03,80.900002,81.400002,80.800003,81.07,71.334282,2310500
2020-01-06,80.669998,81.370003,80.660004,81.370003,71.598267,2641500
2020-01-07,81.290001,81.290001,80.989998,81.120003,71.378281,1339100
2020-01-08,81.089996,81.730003,81.080002,81.449997,71.668655,3532800
2020-01-09,81.82,81.860001,81.599998,81.849998,72.020638,2239700
2020-01-10,82,82.040001,81.57,81.68,71.871048,2477100
2020-01-13,81.839996,82.260002,81.699997,82.260002,72.381409,1698100
2020-01-14,82.110001,82.410004,82.010002,82.230003,72.354996,1731100
2020-01-15,82.099998,82.43,82.07,82.239998,72.363785,1667500
2020-01-16,82.599998,82.830002,82.510002,82.830002,72.88295,2916400
2020-01-17,83.07,83.080002,82.839996,83.080002,73.102905,3340500
2020-01-21,82.610001,82.779999,82.489998,82.550003,72.636574,1517600
2020-01-22,82.839996,83.029999,82.589996,82.660004,72.733345,1433800
2020-01-23,82.370003,82.620003,82.029999,82.57,72.654175,3729800
2020-01-24,82.800003,82.800003,81.629997,81.919998,72.082222,1141800
2020-01-27,80.360001,80.760002,80.150002,80.400002,70.744766,1518300
2020-01-28,80.760002,81.300003,80.610001,81.190002,71.43988,909600
2020-01-29,81.459999,81.480003,81.029999,81.110001,71.369492,2018100
2020-01-30,80.459999,81.160004,80.209999,81.110001,71.369492,2065300
2020-01-31,80.620003,80.68,79.410004,79.730003,70.155212,3320800
2020-02-03,80,80.57,80,80.169998,70.542374,5620700
2020-02-04,81.309998,81.650002,81.209999,81.489998,71.703857,2612700
2020-02-05,82.32,82.339996,81.879997,82.230003,72.354996,1321100
2020-02-06,82.57,82.57,82.290001,82.489998,72.583786,1473100
2020-02-07,82.07,82.139999,81.720001,81.82,71.99424,1224200
2020-02-10,81.68,82.25,81.599998,82.25,72.372589,1236700
2020-02-11,82.730003,82.970001,82.510002,82.660004,72.733345,863100
2020-02-12,83.07,83.230003,82.949997,83.169998,73.182098,1581500
2020-02-13,82.68,83.089996,82.529999,82.870003,72.918137,1397200
2020-02-14,82.989998,82.989998,82.629997,82.93,72.97094,1184300
2020-02-18,82.559998,82.699997,82.309998,82.57,72.654175,838200
2020-02-19,82.849998,83.129997,82.839996,83.010002,73.041351,933200
2020-02-20,82.760002,82.949997,81.919998,82.550003,72.636574,1752800
2020-02-21,82.269997,82.290001,81.709999,81.879997,72.047005,1559700
2020-02-24,79.120003,79.699997,78.870003,79.07,69.574463,4228900
2020-02-25,79.480003,79.599998,77.010002,77.190002,67.920258,4673800
2020-02-26,77.669998,78.419998,76.900002,77.059998,67.80587,3064200
2020-02-27,75.650002,76.580002,74.209999,74.209999,65.298096,3975100
2020-02-28,72.18,73.970001,71.489998,73.970001,65.086929,5141500
2020-03-02,74.059998,76,73.269997,76,66.873154,5925800
2020-03-03,76.309998,77.18,73.949997,74.529999,65.579697,3966100
2020-03-04,75.940002,77.089996,75.25,77.019997,67.770638,2844800
2020-03-05,75.349998,76.019997,74.330002,74.82,65.834854,3932900
2020-03-06,72.919998,73.800003,72.220001,73.5,64.67337,4001100
2020-03-09,68.5,69.839996,67.529999,67.699997,59.569893,6982500
2020-03-10,70.370003,70.830002,67.790001,70.769997,62.271221,4453900
2020-03-11,68.82,69.110001,66.580002,67.269997,59.191532,8103600
2020-03-12,63.119999,63.849998,60.389999,60.389999,53.137753,8389500
2020-03-13,64.690002,65.199997,60.599998,65.199997,57.370129,4975000
2020-03-16,58,60.990002,57.369999,57.610001,50.691612,5240200
2020-03-17,58.790001,61.040001,57.139999,60.919998,53.604099,6849400
2020-03-18,56.669998,58.48,54.720001,57.040001,50.190063,6248500
2020-03-19,56.610001,58.799999,55.450001,57.599998,50.682812,4913100
2020-03-20,58.869999,59.34,55.900002,56.029999,49.30135,6390600
2020-03-23,55.630001,56,53.700001,54.48,48.127335,5791400
2020-03-24,58,59.5,57.599998,59.459999,52.526627,5687800
2020-03-25,60,62.48,58.889999,60.82,53.728054,5777600
2020-03-26,61.41,64.099998,61.27,63.900002,56.448898,3795000
2020-03-27,61.759998,63.290001,61.220001,61.77,54.567272,4055400
2020-03-30,62.189999,63.490002,61.669998,63.41,56.016033,4027900
2020-03-31,63.009998,63.799999,62.240002,62.799999,55.477169,5273400
2020-04-01,60.700001,61.279999,59.689999,60.029999,53.030167,3587000
2020-04-02,60.049999,61.59,59.84,61.259998,54.116741,2834800
2020-04-03,60.799999,61.25,59.630001,60.189999,53.171501,1618400
2020-04-06,62.540001,64.25,62.290001,63.880001,56.431229,2734700
2020-04-07,66.150002,66.230003,64.07,64.120003,56.643257,6051000
2020-04-08,64.650002,65.900002,64.089996,65.660004,58.003677,2127600
2020-04-09,66.610001,67.419998,66.230003,66.879997,59.081425,2124300
2020-04-13,66.739998,66.75,65.419998,66.279999,58.551369,1975800
2020-04-14,67.550003,68.099998,67.290001,67.870003,59.955971,2635700
2020-04-15,66.260002,66.540001,65.75,66.099998,58.39238,2544600
2020-04-16,66.440002,66.610001,65.709999,66.360001,58.622055,1694700
2020-04-17,67.919998,68.25,67.279999,68.110001,60.167992,2116700
2020-04-20,67.150002,68.110001,67.019997,67.089996,59.266914,1943400
2020-04-21,65.910004,66.300003,65.019997,65.190002,57.588486,2132200
2020-04-22,66.5,66.889999,66.209999,66.620003,58.851742,3702300
2020-04-23,66.980003,67.75,66.480003,66.57,58.80756,2181800
2020-04-24,66.959999,67.440002,66.43,67.300003,59.452446,5313200
2020-04-27,67.889999,68.620003,67.769997,68.440002,60.459503,1913700
2020-04-28,69.440002,69.580002,68.400002,68.440002,60.459503,1752700
2020-04-29,69.849998,70.660004,69.690002,70.389999,62.18214,3462200
2020-04-30,69.870003,69.919998,68.970001,69.309998,61.228058,2688700
2020-05-01,68.07,68.209999,67.190002,67.510002,59.637951,2026500
2020-05-04,67.059998,67.760002,66.779999,67.709999,59.814636,1491800
2020-05-05,68.360001,68.82,68.059998,68.190002,60.238674,1702000
2020-05-06,68.650002,68.730003,67.760002,67.790001,59.8853,1449400
2020-05-07,68.629997,69.089996,68.5,68.709999,60.698021,1956200
2020-05-08,69.480003,69.989998,69.32,69.919998,61.766933,2241500
2020-05-11,69.400002,70.209999,69.370003,69.910004,61.75811,1860100
2020-05-12,70.139999,70.309998,68.709999,68.709999,60.698021,1998300
2020-05-13,68.769997,68.949997,67.199997,67.75,59.849976,4021400
2020-05-14,66.75,68.059998,66.160004,68.059998,60.123817,2938000
2020-05-15,67.529999,68.190002,67.360001,68.190002,60.238674,2069600
2020-05-18,69.900002,70.889999,69.900002,70.589996,62.358803,2254800
2020-05-19,70.519997,70.779999,69.870003,69.879997,61.731594,2272400
2020-05-20,70.879997,71.379997,70.849998,71.089996,62.800503,1865500
2020-05-21,70.900002,71.160004,70.190002,70.480003,62.261627,2811900
2020-05-22,70.25,70.43,69.93,70.410004,62.199787,1387900
2020-05-26,72.279999,72.360001,71.68,71.75,63.383537,2384400
2020-05-27,72.589996,72.760002,71.389999,72.720001,64.24044,3038100
2020-05-28,73.209999,73.639999,72.639999,72.760002,64.275772,2453300
2020-05-29,72.669998,73.040001,71.93,72.919998,64.417137,3597400
2020-06-01,73.139999,73.93,73.019997,73.860001,65.247498,1849700
2020-06-02,74.220001,74.709999,74.099998,74.68,65.971886,1445300
2020-06-03,75.379997,76.260002,75.32,76.010002,67.14682,2180000
2020-06-04,75.650002,76.099998,75.260002,75.639999,66.819962,2087900
2020-06-05,77.209999,77.970001,77.209999,77.459999,68.427719,3076700
2020-06-08,77.720001,78.440002,77.470001,78.43,69.284637,2550400
2020-06-09,77.5,77.919998,77.279999,77.610001,68.560242,3963700
2020-06-10,77.830002,78.059998,77.139999,77.379997,68.357056,2512800
2020-06-11,75.370003,75.449997,72.849998,72.970001,64.461296,2674200
2020-06-12,74.910004,75.080002,72.809998,74.07,65.433022,2519800
2020-06-15,72.510002,74.809998,72.269997,74.519997,65.830536,1668800
2020-06-16,76.510002,76.519997,74.709999,75.790001,66.952454,1642000
2020-06-17,76.150002,76.209999,75.519997,75.68,66.855278,1784300
2020-06-18,75.269997,75.769997,75.169998,75.610001,66.793449,1032100
2020-06-19,76.449997,76.470001,75.010002,75.260002,66.484253,5600000
2020-06-22,75,75.620003,74.730003,75.559998,67.070091,1910300
2020-06-23,76.290001,76.419998,75.830002,75.870003,67.345261,1509600
2020-06-24,75.25,75.43,73.629997,74.050003,65.729767,2140700
2020-06-25,74,74.93,73.529999,74.879997,66.466499,3250300
2020-06-26,74.660004,74.660004,73.330002,73.440002,65.188293,2432400
2020-06-29,73.720001,74.32,73.209999,74.32,65.969421,1407100
2020-06-30,74.080002,75.150002,74,74.800003,66.3955,1530800
2020-07-01,75.029999,75.529999,74.919998,75.300003,66.83931,2043200
2020-07-02,76.32,76.730003,75.870003,75.980003,67.442924,2156400
2020-07-06,77.230003,77.529999,77.040001,77.379997,68.685608,1159200
2020-07-07,76.879997,77.309998,76.410004,76.470001,67.877846,984900
2020-07-08,76.699997,77.25,76.419998,77.230003,68.55246,1029300
2020-07-09,77.410004,77.440002,75.949997,76.739998,68.117516,1400500
2020-07-10,76.730003,77.370003,76.410004,77.360001,68.667854,1143700
2020-07-13,77.889999,78.449997,76.589996,76.739998,68.117516,1939000
2020-07-14,76.480003,77.709999,76.260002,77.639999,68.916405,2276100
2020-07-15,78.5,78.760002,77.949997,78.459999,69.644264,1977000
2020-07-16,77.809998,78.110001,77.68,78.019997,69.253677,1258800
2020-07-17,78.300003,78.440002,77.870003,78.300003,69.502258,872400
2020-07-20,78.360001,79.07,78.190002,78.93,70.061455,1103800
2020-07-21,79.519997,79.699997,79.050003,79.230003,70.327751,1923300
2020-07-22,79.190002,79.610001,79.07,79.550003,70.611786,4607500
2020-07-23,79.389999,79.690002,78.389999,78.709999,69.86618,2197400
2020-07-24,78.209999,78.5,77.910004,78.290001,69.493378,987300
2020-07-27,78.690002,79.160004,78.519997,79.129997,70.238976,1042800
2020-07-28,78.900002,79.120003,78.540001,78.589996,69.759651,1152700
2020-07-29,78.970001,79.730003,78.919998,79.589996,70.647278,1215200
2020-07-30,78.489998,79.139999,77.940002,79.07,70.185722,1177300
2020-07-31,79.139999,79.199997,77.839996,78.760002,69.910553,1005300
2020-08-03,79.290001,79.769997,79.18,79.68,70.727173,759500
2020-08-04,79.5,80.080002,79.449997,80.080002,71.082245,908400
2020-08-05,80.599998,80.82,80.459999,80.620003,71.561577,817000
2020-08-06,80.5,81,80.290001,80.970001,71.872238,937800
2020-08-07,80.459999,80.699997,80.160004,80.690002,71.623688,1119200
2020-08-10,80.82,80.959999,80.389999,80.910004,71.81897,809900
2020-08-11,81.559998,81.639999,80.5,80.660004,71.597069,1119400
2020-08-12,81.559998,82.029999,81.529999,81.870003,72.671127,756400
2020-08-13,81.699997,81.980003,81.410004,81.650002,72.475845,618300
2020-08-14,81.379997,81.620003,81.269997,81.5,72.342667,645900
2020-08-17,81.870003,82.040001,81.82,82,72.786507,1953700
2020-08-18,82.199997,82.309998,81.669998,82.07,72.848648,1114300
2020-08-19,82.230003,82.279999,81.550003,81.660004,72.484703,795100
2020-08-20,81.019997,81.800003,80.919998,81.68,72.502472,1014900
2020-08-21,81.330002,81.790001,81.290001,81.760002,72.573448,747900
2020-08-24,82.629997,82.660004,82.25,82.610001,73.327988,1014900
2020-08-25,82.889999,82.93,82.440002,82.900002,73.585373,902900
2020-08-26,83.040001,83.610001,82.919998,83.550003,74.162331,1137600
2020-08-27,83.779999,83.779999,82.959999,83.360001,73.993698,1193800
2020-08-28,83.720001,83.989998,83.489998,83.970001,74.535156,670600
2020-08-31,83.769997,83.849998,83.360001,83.489998,74.109093,703500
2020-09-01,83.68,84.129997,83.470001,84.120003,74.668304,788300
2020-09-02,84.610001,85.190002,84.150002,85.07,75.511566,975100
2020-09-03,84.599998,84.650002,82.029999,82.519997,73.248085,1936100
2020-09-04,82.769997,83.089996,80.489998,82.209999,72.972923,1680800
2020-09-08,80.779999,81.220001,80.230003,80.309998,71.286392,5736900
2020-09-09,81.379997,82.25,81.209999,81.779999,72.591217,1165400
2020-09-10,82.190002,82.389999,80.459999,80.629997,71.570442,1690800
2020-09-11,81.239998,81.459999,80.330002,80.949997,71.854485,1383700
2020-09-14,81.730003,82.220001,81.639999,81.970001,72.759865,964300
2020-09-15,82.709999,82.830002,82.25,82.449997,73.185951,1527100
2020-09-16,82.809998,83.150002,82.260002,82.309998,73.061684,850200
2020-09-17,81.279999,82.120003,81.18,81.870003,72.671127,1495100
2020-09-18,82,82.040001,80.639999,81.150002,72.032005,1102200
2020-09-21,79.379997,79.57,78.379997,79.57,70.982079,1526500
2020-09-22,79.68,79.989998,79.019997,79.940002,71.312119,782500
2020-09-23,80.059998,80.110001,78.330002,78.400002,69.938332,1298000
2020-09-24,78,79.120003,77.639999,78.440002,69.974014,2157300
2020-09-25,78.050003,79.370003,77.830002,79.300003,70.741203,1632200
2020-09-28,80.389999,80.639999,80.169998,80.550003,71.856262,853200
2020-09-29,80.470001,80.660004,80.059998,80.260002,71.597588,653800
2020-09-30,80.309998,81.260002,80.279999,80.639999,71.936569,2826100
2020-10-01,81.260002,81.410004,80.830002,81.290001,72.516403,1120000
2020-10-02,80.080002,81.139999,80.040001,80.769997,72.052536,1544400
2020-10-05,81.309998,82.139999,81.309998,82.099998,73.238976,671000
2020-10-06,82.239998,82.639999,81.129997,81.260002,72.489639,1662700
2020-10-07,82.019997,82.57,81.989998,82.410004,73.515518,1301300
2020-10-08,82.870003,83.099998,82.68,83.089996,74.122131,771200
2020-10-09,83.540001,83.809998,83.370003,83.720001,74.684135,1570100
2020-10-12,84.18,84.889999,84.099998,84.639999,75.504845,1123400
2020-10-13,84.389999,84.410004,83.870003,84.089996,75.014206,1542600
2020-10-14,84.269997,84.480003,83.599998,83.720001,74.684135,1262200
2020-10-15,82.480003,83.410004,82.330002,83.32,74.327316,1095000
2020-10-16,83.660004,83.959999,83.360001,83.360001,74.363007,808500
2020-10-19,83.75,83.910004,82.419998,82.57,73.658257,1024900
2020-10-20,82.989998,83.620003,82.849998,82.959999,74.006157,724200
2020-10-21,82.949997,83.440002,82.720001,82.75,73.818832,1557000
2020-10-22,82.800003,83.18,82.269997,83.07,74.104301,813700
2020-10-23,83.449997,83.449997,82.849998,83.449997,74.443283,629900
2020-10-26,82.489998,82.68,81.190002,81.970001,73.123024,1766400
2020-10-27,82.010002,82.07,81.559998,81.620003,72.810791,1093100
2020-10-28,80.099998,80.239998,79.010002,79.089996,70.553864,3092300
2020-10-29,79.160004,80.309998,78.809998,79.779999,71.169373,2031400
2020-10-30,79.330002,79.529999,78.279999,78.989998,70.464653,2499300
2020-11-02,79.860001,80.190002,79.269997,79.970001,71.338867,1582000
2020-11-03,80.93,81.82,80.790001,81.480003,72.68589,1643400
2020-11-04,82.32,83.809998,82.040001,83.010002,74.050766,2079700
2020-11-05,84.519997,85.029999,84.349998,84.769997,75.620819,1110600
2020-11-06,84.839996,85.129997,84.410004,84.870003,75.71003,1452200
2020-11-09,88.709999,88.730003,86.139999,86.230003,76.923225,2239200
2020-11-10,86.279999,86.57,85.57,86.290001,76.976761,1293400
2020-11-11,86.730003,86.989998,86.489998,86.839996,77.467392,2748100
2020-11-12,86.540001,86.769997,85.599998,85.919998,76.646683,1582600
2020-11-13,86.529999,87.230003,86.440002,87.129997,77.726097,813400
2020-11-16,88.029999,88.25,87.650002,88.239998,78.716293,916500
2020-11-17,87.82,88.330002,87.5,88.059998,78.555725,1684700
2020-11-18,88.190002,88.349998,87.300003,87.300003,77.877762,1112100
2020-11-19,87.220001,87.870003,86.93,87.839996,78.359459,1064700
2020-11-20,87.860001,88.019997,87.660004,87.699997,78.234573,1330900
2020-11-23,88.220001,88.459999,87.660004,88.129997,78.618172,684900
2020-11-24,88.839996,89.510002,88.620003,89.470001,79.813545,1575200
2020-11-25,89.18,89.43,88.849998,89.330002,79.68866,1076700
2020-11-27,89.589996,89.860001,89.580002,89.769997,80.081161,530300
2020-11-30,89.5,89.519997,88.510002,88.760002,79.180176,1392400
2020-12-01,89.900002,90.309998,89.720001,90.080002,80.357697,1401800
2020-12-02,89.650002,90.220001,89.529999,90.139999,80.411224,1337900
2020-12-03,90.43,90.769997,90.239998,90.440002,80.678848,1197200
2020-12-04,90.809998,91.309998,90.769997,91.309998,81.454941,938800
2020-12-07,91.019997,91.199997,90.769997,91.019997,81.196243,896500
2020-12-08,90.75,91.419998,90.709999,91.309998,81.454941,1458700
2020-12-09,91.68,91.68,90.370003,90.75,80.955391,795800
2020-12-10,90.360001,91.160004,90.220001,91.010002,81.187325,765000
2020-12-11,90.529999,90.830002,90.18,90.769997,80.973228,1008600
2020-12-14,91.360001,91.550003,90.550003,90.57,80.794823,1032200
2020-12-15,91.190002,91.75,91,91.739998,81.838547,1446700
2020-12-16,91.860001,92.139999,91.599998,91.959999,82.034805,1264800
2020-12-17,92.43,92.589996,92.339996,92.550003,82.561111,1117100
2020-12-18,92.580002,92.629997,91.830002,92.260002,82.302429,1537200
2020-12-21,90.099998,91.230003,89.739998,91.050003,81.711914,3064100
2020-12-22,90.980003,91.099998,90.620003,90.959999,81.631149,940900
2020-12-23,91.419998,91.68,91.349998,91.379997,82.008064,898800
2020-12-24,91.459999,91.620003,91.260002,91.589996,82.196526,769300
2020-12-28,92.169998,92.330002,91.959999,92.010002,82.573441,1175300
2020-12-29,92.699997,92.760002,92.010002,92.190002,82.734993,849800
2020-12-30,92.580002,92.900002,92.489998,92.510002,83.022179,1304000
2020-12-31,92.580002,92.68,92.209999,92.580002,83.085014,3220900
2021-01-04,93.440002,93.510002,91.279999,92.050003,82.609352,6892800
2021-01-05,92.139999,93.239998,92.139999,93.059998,83.515747,1267400
2021-01-06,92.870003,94.470001,92.769997,93.720001,84.108078,1569100
2021-01-07,94.089996,94.830002,94.059998,94.669998,84.960663,1538600
2021-01-08,95.400002,95.529999,94.510002,95.529999,85.732445,3344100
2021-01-11,94.360001,95.059998,94.300003,94.669998,84.960663,1083300
2021-01-12,94.709999,95.120003,94.379997,95.029999,85.283722,1844300
2021-01-13,95.029999,95.360001,94.760002,95.110001,85.355507,785600
2021-01-14,95.43,95.75,95.199997,95.269997,85.499107,1882400
2021-01-15,94.559998,94.760002,93.769997,94.279999,84.610634,1439500
2021-01-19,95.150002,95.25,94.769997,95.099998,85.346535,5679400
2021-01-20,95.699997,96.330002,95.599998,96.25,86.378586,1916800
2021-01-21,96.389999,96.419998,95.910004,96.279999,86.40551,1099200
2021-01-22,95.540001,96.010002,95.489998,95.830002,86.001686,1246700
2021-01-25,95.830002,96.120003,94.720001,96.040001,86.19014,1162500
2021-01-26,96.150002,96.239998,95.580002,95.760002,85.938866,1649200
2021-01-27,94.480003,94.589996,93.029999,93.459999,83.874748,3260300
2021-01-28,93.849998,94.980003,93.690002,94.220001,84.556786,5314400
2021-01-29,93.389999,93.690002,91.860001,92.370003,82.896523,3117200
2021-02-01,93.419998,94.080002,92.949997,93.949997,84.314468,2581600
2021-02-02,94.779999,95.400002,94.779999,95.25,85.481148,1328100
2021-02-03,95.410004,95.669998,94.980003,95.400002,85.615791,1290900
2021-02-04,95.480003,96.059998,95.389999,96.059998,86.208084,957000
2021-02-05,96.540001,96.690002,96.18,96.650002,86.737572,975700
2021-02-08,97.050003,97.360001,96.919998,97.32,87.338852,1048700
2021-02-09,97.269997,97.769997,97.199997,97.620003,87.608109,847600
2021-02-10,98.139999,98.220001,97.059998,97.610001,87.599121,1397000
2021-02-11,98.099998,98.220001,97.470001,98.110001,88.047829,856400
2021-02-12,97.839996,98.580002,97.809998,98.580002,88.469627,1006100
2021-02-16,99.07,99.190002,98.470001,98.709999,88.586281,1096400
2021-02-17,98.150002,98.5,97.730003,98.389999,88.299133,763800
2021-02-18,97.690002,97.989998,97.080002,97.860001,87.823463,1212700
2021-02-19,98.239998,98.550003,97.970001,98.110001,88.047829,1006300
2021-02-22,97.25,97.769997,97.050003,97.059998,87.10553,812700
2021-02-23,96.589996,97.510002,95.370003,97.239998,87.267067,2447600
2021-02-24,96.660004,97.93,96.370003,97.860001,87.823463,1553900
2021-02-25,97.699997,98.010002,95.32,95.629997,85.822166,2147600
2021-02-26,95.709999,95.809998,94.32,94.839996,85.113213,3535500
2021-03-01,96.139999,97.330002,96.110001,97.089996,87.132416,5662400
2021-03-02,97.029999,97.080002,96.339996,96.459999,86.56707,1937400
2021-03-03,96.349998,96.589996,95.400002,95.440002,85.651649,2358900
2021-03-04,95.349998,95.860001,93.110001,94.050003,84.404259,3340100
2021-03-05,94.940002,95.559998,92.949997,95.339996,85.561913,5813600
2021-03-08,95.190002,95.849998,94.589996,94.660004,84.951668,2303200
2021-03-09,95.790001,96.629997,95.599998,96.129997,86.270897,3154600
2021-03-10,96.669998,96.889999,96.18,96.580002,86.674744,2126700
2021-03-11,97.290001,98.110001,97.209999,97.82,87.787567,1134300
2021-03-12,97.239998,97.839996,97.019997,97.830002,87.796555,1809700
2021-03-15,97.760002,98.309998,97.239998,98.239998,88.164505,1152100
2021-03-16,98.489998,98.550003,97.919998,98.160004,88.09272,2499700
2021-03-17,97.650002,98.779999,97.400002,98.580002,88.469627,1325900
2021-03-18,97.910004,98.419998,97.010002,97.139999,87.177315,1429200
2021-03-19,97.099998,97.589996,96.510002,97.239998,87.267067,1042500
2021-03-22,97,97.720001,96.980003,97.419998,87.656662,1902500
2021-03-23,96.980003,97.139999,96,96.209999,86.567932,2397200
2021-03-24,96.290001,96.580002,95.410004,95.440002,85.875092,2231200
2021-03-25,95.139999,96.110001,94.639999,95.989998,86.369949,5577300
2021-03-26,96.339996,97.550003,96.129997,97.489998,87.719658,2400000
2021-03-29,97.010002,97.32,96.519997,97.120003,87.386726,2314400
2021-03-30,96.809998,97.160004,96.529999,97.099998,87.368736,2491800
2021-03-31,97.040001,97.690002,97.040001,97.290001,87.53968,3108400
2021-04-01,97.93,98.589996,97.910004,98.57,88.691414,2552200
2021-04-05,99.190002,99.769997,99.169998,99.699997,89.708145,2396300
2021-04-06,99.230003,99.739998,99.209999,99.489998,89.519188,1418300
2021-04-07,99.300003,99.480003,99.080002,99.339996,89.384232,1481400
2021-04-08,99.809998,99.989998,99.57,99.970001,89.951111,1327600
2021-04-09,99.779999,100.339996,99.699997,100.339996,90.284035,851200
2021-04-12,100.099998,100.220001,99.839996,100.129997,90.095062,1347000
2021-04-13,100.18,100.650002,100.089996,100.510002,90.436981,1460700
2021-04-14,100.610001,100.959999,100.32,100.470001,90.401016,1588300
2021-04-15,101.099998,101.470001,101.029999,101.440002,91.273796,1537700
2021-04-16,101.779999,101.889999,101.400002,101.830002,91.624695,1856200
2021-04-19,101.690002,101.769997,101.019997,101.370003,91.2108,1489000
2021-04-20,100.839996,100.970001,99.879997,100.230003,90.185036,2455600
2021-04-21,100.050003,101.269997,99.93,101.25,91.102814,1256300
2021-04-22,101.25,101.519997,100.349998,100.610001,90.526962,1949100
2021-04-23,100.959999,102.040001,100.949997,101.779999,91.579704,1260500
2021-04-26,101.889999,102.169998,101.82,102.080002,91.84964,1371700
2021-04-27,101.900002,102.040001,101.730003,101.970001,91.750656,1776700
2021-04-28,102.059998,102.459999,101.879997,102.160004,91.921616,1102200
2021-04-29,102.769997,102.779999,101.610001,102.389999,92.128571,1835400
2021-04-30,101.720001,101.889999,101.080002,101.309998,91.156815,1458400
2021-05-03,101.949997,102.019997,101.68,101.779999,91.579704,2103400
2021-05-04,101.050003,101.160004,99.959999,100.790001,90.688919,2336800
2021-05-05,101.419998,101.580002,100.919998,101.239998,91.093819,2042100
2021-05-06,101.300003,101.919998,100.720001,101.910004,91.696671,1754900
2021-05-07,102.18,102.989998,102.019997,102.870003,92.560471,1461800
2021-05-10,102.910004,102.949997,101.779999,101.830002,91.624695,1627700
2021-05-11,100.379997,101.110001,99.919998,100.940002,90.823898,2563200
2021-05-12,100.040001,100.400002,98.57,98.760002,88.862373,3037200
2021-05-13,99.040001,100,98.970001,99.68,89.690178,2045500
2021-05-14,100.459999,101.449997,100.459999,101.290001,91.138809,2134200
2021-05-17,100.860001,101.089996,100.559998,101.089996,90.958878,1834700
2021-05-18,101.540001,101.660004,100.839996,100.910004,90.796906,1608100
2021-05-19,99.620003,100.419998,99.209999,100.379997,90.32,2229100
2021-05-20,100.730003,101.739998,100.730003,101.529999,91.354767,1684000
2021-05-21,101.830002,102,101.150002,101.389999,91.228806,1424800
2021-05-24,101.879997,102.419998,101.760002,102.199997,91.957611,820700
2021-05-25,102.669998,102.730003,102.050003,102.220001,91.975616,1441400
2021-05-26,102.25,102.519997,102.150002,102.470001,92.200554,1037400
2021-05-27,102.68,102.849998,102.540001,102.620003,92.335518,3351900
2021-05-28,102.949997,103.18,102.800003,102.910004,92.596451,2042200
2021-06-01,103.82,103.849998,103.150002,103.300003,92.94738,1777700
2021-06-02,103.400002,103.589996,103.190002,103.449997,93.082344,1945500
2021-06-03,102.790001,103.120003,102.400002,102.879997,92.569458,1320100
2021-06-04,103.410004,103.889999,103.410004,103.860001,93.451248,1089300
2021-06-07,103.849998,103.940002,103.610001,103.93,93.514229,2347800
2021-06-08,104.059998,104.110001,103.510002,103.900002,93.487251,1691000
2021-06-09,104.029999,104.040001,103.599998,103.629997,93.244308,1159100
2021-06-10,103.949997,104.269997,103.669998,104.139999,93.703194,1129800
2021-06-11,104.209999,104.330002,103.940002,104.330002,93.874146,682500
2021-06-14,104.300003,104.510002,104.07,104.510002,94.03611,776300
2021-06-15,104.5,104.5,104.029999,104.300003,93.847168,808400
2021-06-16,104.330002,104.339996,103.120003,103.620003,93.235313,1342800
2021-06-17,103.389999,103.620003,102.720001,103.349998,92.992371,2006200
2021-06-18,102.239998,102.400002,101.779999,101.82,91.615707,1880300
2021-06-21,101.769997,102.730003,101.559998,102.709999,92.877151,1690300
2021-06-22,102.5,103.169998,102.260002,102.970001,93.112267,1175200
2021-06-23,103.07,103.279999,102.769997,102.82,92.976631,1217400
2021-06-24,103.470001,103.650002,103.419998,103.57,93.654816,1791200
2021-06-25,103.879997,104.040001,103.760002,103.980003,94.025558,1420700
2021-06-28,103.980003,103.989998,103.57,103.870003,93.926109,1475400
2021-06-29,103.940002,104,103.720001,103.889999,93.944183,2118200
2021-06-30,103.519997,103.699997,103.419998,103.610001,93.690994,1358200
2021-07-01,103.739998,103.989998,103.540001,103.989998,94.034622,1770500
2021-07-02,104.080002,104.440002,103.900002,104.43,94.432495,1671300
2021-07-06,104.389999,104.389999,103.349998,103.900002,93.953239,2211600
2021-07-07,104.199997,104.32,103.540001,104.160004,94.188362,1579000
2021-07-08,102.610001,103.199997,102.260002,102.970001,93.112267,1888700
2021-07-09,103.730003,104.5,103.620003,104.489998,94.486755,19201700
2021-07-12,104.309998,104.75,104.239998,104.739998,94.712822,5587400
2021-07-13,104.540001,104.760002,104.18,104.25,94.26973,2079100
2021-07-14,104.779999,104.830002,104.120003,104.330002,94.342064,2474300
2021-07-15,103.93,104.129997,103.389999,103.879997,93.935143,2629900
2021-07-16,104.050003,104.080002,102.93,103.080002,93.211746,1249700
2021-07-19,101.75,101.760002,100.879997,101.519997,91.801064,2989100
2021-07-20,101.480003,102.989998,101.290001,102.739998,92.904282,4600700
2021-07-21,103.029999,103.800003,102.970001,103.790001,93.85376,2103300
2021-07-22,104,104,103.510002,103.900002,93.953239,1329400
2021-07-23,104.279999,104.629997,103.989998,104.580002,94.56813,1372900
2021-07-26,104.160004,104.459999,104.129997,104.459999,94.459633,1308800
2021-07-27,103.949997,103.949997,103.010002,103.779999,93.844719,7796300
2021-07-28,104,104.589996,103.790001,104.330002,94.342064,945800
2021-07-29,104.800003,105.099998,104.75,104.839996,94.803238,1013200
2021-07-30,104.209999,104.699997,104.019997,104.25,94.26973,1685000
2021-08-02,104.849998,104.989998,104.239998,104.330002,94.342064,1941400
2021-08-03,104.610001,105.099998,104.050003,105.099998,95.038338,1381900
2021-08-04,104.980003,105.129997,104.68,104.760002,94.730896,1415100
2021-08-05,105.040001,105.330002,104.949997,105.279999,95.201126,2093800
2021-08-06,105.269997,105.400002,105.029999,105.190002,95.119743,1431500
2021-08-09,105.209999,105.309998,104.93,105.139999,95.074532,819100
2021-08-10,105.25,105.389999,105.089996,105.220001,95.146866,4168900
2021-08-11,105.639999,105.639999,105.25,105.639999,95.526642,918100
2021-08-12,105.459999,105.639999,105.18,105.639999,95.526642,872400
2021-08-13,105.75,105.879997,105.57,105.879997,95.743675,1706000
2021-08-16,105.32,105.639999,104.879997,105.639999,95.526642,938100
2021-08-17,104.75,104.879997,103.989998,104.650002,94.631432,1048900
2021-08-18,104.599998,104.940002,103.879997,103.949997,93.998436,1076600
2021-08-19,102.919998,103.699997,102.830002,103.410004,93.510147,1493200
2021-08-20,103.220001,104.07,103.120003,104.040001,94.079819,983600
2021-08-23,104.57,105.239998,104.57,105.129997,95.065483,817800
2021-08-24,105.43,105.809998,105.379997,105.699997,95.580894,849600
2021-08-25,105.650002,105.970001,105.529999,105.889999,95.752739,1210200
2021-08-26,105.610001,105.709999,105.110001,105.190002,95.119743,1956000
2021-08-27,105.449997,106.370003,105.419998,106.309998,96.132484,1229500
2021-08-30,106.419998,106.720001,106.25,106.559998,96.358589,1968200
2021-08-31,106.720001,106.779999,106.510002,106.610001,96.403786,973700
2021-09-01,107.07,107.389999,106.970001,107.129997,96.874001,2074400
2021-09-02,107.389999,107.620003,107.220001,107.459999,97.172417,1171900
2021-09-03,107.379997,107.739998,107.309998,107.650002,97.344238,1002600
2021-09-07,107.620003,107.650002,107.290001,107.360001,97.081985,1865800
2021-09-08,107.07,107.150002,106.419998,106.82,96.593689,1694600
2021-09-09,106.720001,107.150002,106.440002,106.540001,96.3405,2416000
2021-09-10,107.120003,107.220001,105.940002,106,95.852165,4446400
2021-09-13,106.75,106.75,105.919998,106.379997,96.195801,2947900
2021-09-14,106.68,106.68,105.580002,105.75,95.626114,1213900
2021-09-15,105.779999,106.480003,105.559998,106.389999,96.204842,1187400
2021-09-16,106.029999,106.349998,105.550003,106.150002,95.987816,1328200
2021-09-17,105.849998,105.980003,104.919998,105.099998,95.038338,2404300
2021-09-20,102.870003,103.209999,101.690002,102.800003,93.324371,2573100
2021-09-21,103.599998,103.839996,102.879997,103.120003,93.614883,2169400
2021-09-22,103.720001,104.690002,103.660004,104.110001,94.513618,2765200
2021-09-23,104.660004,105.580002,104.599998,105.279999,95.575783,1641000
2021-09-24,104.550003,105.010002,104.489998,104.900002,95.230797,1506400
2021-09-27,104.709999,105.010002,104.480003,104.830002,95.167259,1803100
2021-09-28,103.849998,103.889999,102.470001,102.650002,93.188202,2896900
2021-09-29,102.93,103.18,102.400002,102.529999,93.079269,2192500
2021-09-30,102.900002,103.07,101.760002,101.830002,92.443779,2984100
2021-10-01,102.080002,102.970001,101.300003,102.650002,93.188202,4217900
2021-10-04,102.330002,102.400002,100.900002,101.449997,92.098816,2211800
2021-10-05,101.690002,102.669998,101.510002,102.239998,92.815994,1784800
2021-10-06,101.07,102.269997,100.699997,102.239998,92.815994,2895800
2021-10-07,103.050003,103.809998,103.010002,103.25,93.73291,1723500
2021-10-08,103.510002,103.599998,103.029999,103.150002,93.64212,1050600
2021-10-11,103.199997,103.720001,102.599998,102.610001,93.151886,1126600
2021-10-12,102.830002,103,102.370003,102.529999,93.079269,2157800
2021-10-13,102.940002,103.410004,102.419998,103.260002,93.741982,2559800
2021-10-14,104.18,104.720001,104.050003,104.690002,95.040169,2171600
2021-10-15,105.220001,105.519997,105.110001,105.43,95.711945,1207600
2021-10-18,104.889999,105.550003,104.760002,105.529999,95.802742,2182500
2021-10-19,105.980003,106.339996,105.879997,106.290001,96.492691,1219100
2021-10-20,106.400002,106.760002,106.370003,106.68,96.846733,867100
2021-10-21,106.300003,106.650002,106.209999,106.629997,96.801346,1136700
2021-10-22,106.75,107.089996,106.220001,106.690002,96.85582,917400
2021-10-25,106.760002,107.150002,106.419998,107.040001,97.173553,1475300
2021-10-26,107.449997,107.629997,106.879997,106.989998,97.128166,1441300
2021-10-27,106.980003,107.139999,106.339996,106.360001,96.556229,891800
2021-10-28,106.650002,107.339996,106.620003,107.32,97.42775,1574000
2021-10-29,106.629997,107.129997,106.510002,107.07,97.200783,1216100
2021-11-01,107.419998,107.769997,107.190002,107.730003,97.799973,856100
2021-11-02,107.57,107.830002,107.489998,107.75,97.818115,1453400
2021-11-03,107.620003,108.529999,107.5,108.470001,98.471741,1325100
2021-11-04,108.529999,108.790001,108.279999,108.650002,98.635147,1453100
2021-11-05,109.129997,109.309998,108.589996,109,98.952888,1287600
2021-11-08,109.230003,109.389999,109.110001,109.230003,99.161697,1950000
2021-11-09,109.25,109.339996,108.580002,108.93,98.889351,1157000
2021-11-10,108.610001,108.910004,107.559998,107.879997,97.936142,1606700
2021-11-11,108.330002,108.489998,108.190002,108.220001,98.244797,2232300
2021-11-12,108.489998,108.989998,108.339996,108.940002,98.898438,1331300
2021-11-15,109.220001,109.25,108.720001,108.879997,98.843948,1201200
2021-11-16,108.839996,109.309998,108.779999,109.07,99.016449,2741000
2021-11-17,108.940002,108.940002,108.470001,108.669998,98.65329,2227400
2021-11-18,108.720001,108.779999,108.010002,108.709999,98.689629,1547600
2021-11-19,108.470001,108.669998,108.150002,108.220001,98.244797,1379800
2021-11-22,108.440002,108.809998,107.589996,107.599998,97.681923,2155500
2021-11-23,107.480003,107.93,106.849998,107.580002,97.66378,1823800
2021-11-24,106.830002,107.639999,106.639999,107.639999,97.718254,2264400
2021-11-26,105.75,105.900002,104.620003,104.93,95.258041,2741300
2021-11-29,106.040001,106.260002,105.25,105.860001,96.102318,2551500
2021-11-30,105.339996,105.739998,103.849998,104.269997,94.658882,4756700
2021-12-01,105.599998,106.209999,103.120003,103.169998,93.660278,5115600
2021-12-02,103.540001,105.110001,103.470001,104.760002,95.103706,3838000
2021-12-03,105.07,105.220001,102.93,103.790001,94.223122,3064700
2021-12-06,104.290001,105.25,103.739998,104.93,95.258041,4751200
2021-12-07,106.330002,107.209999,106.290001,107.099998,97.228012,2283100
2021-12-08,107.18,107.57,106.910004,107.5,97.591156,1987900
2021-12-09,107.019997,107.190002,106.489998,106.540001,96.719643,3240900
2021-12-10,106.989998,107.160004,106.389999,107.080002,97.209877,1997800
2021-12-13,106.769997,106.830002,105.93,106,96.229401,1996400
2021-12-14,105.32,105.809998,104.779999,105.339996,95.630249,3442300
2021-12-15,105.389999,106.699997,104.690002,106.669998,96.837654,2172200
2021-12-16,107.190002,107.330002,105.699997,106.07,96.292953,3196000
2021-12-17,105.269997,106,104.739998,105.099998,95.412384,3214700
2021-12-20,103.239998,103.43,102.559998,103.360001,94.538879,5029900
2021-12-21,104.050003,105.139999,103.849998,105.110001,96.139534,3430800
2021-12-22,105,106.089996,104.949997,106.080002,97.026733,3575600
2021-12-23,106.290001,107.019997,106.239998,106.760002,97.648697,2463700
2021-12-27,107,107.889999,106.919998,107.889999,98.682259,1446500
2021-12-28,107.970001,108.18,107.650002,107.769997,98.57251,4291800
2021-12-29,107.739998,107.949997,107.419998,107.809998,98.609093,2018900
2021-12-30,107.910004,108.169998,107.620003,107.720001,98.526779,2003100
2021-12-31,107.68,107.970001,107.43,107.43,98.261528,1916200
2022-01-03,107.910004,108.089996,107.309998,108.050003,98.828629,2673100
2022-01-04,108.529999,108.580002,107.690002,108.089996,98.865189,2012100
2022-01-05,108.089996,108.25,106.230003,106.25,97.182228,2950400
2022-01-06,106.089996,106.739998,105.529999,106.150002,97.090759,4125800
2022-01-07,106.169998,106.489998,105.489998,106,96.953552,2552000
2022-01-10,105.220001,105.650002,104,105.650002,96.63343,4144400
2022-01-11,105.720001,106.910004,105.260002,106.870003,97.749321,2876400
2022-01-12,107.449997,107.75,106.940002,107.459999,98.288956,2019700
2022-01-13,107.68,107.800003,105.970001,106.129997,97.072464,1416900
2022-01-14,105.57,106.169998,105.129997,106.120003,97.063339,2047900
2022-01-18,104.919998,105.029999,104.099998,104.300003,95.398659,3048900
2022-01-19,104.75,105.050003,103.620003,103.709999,94.859009,2741700
2022-01-20,104.230003,105.199997,102.739998,102.860001,94.081543,3274500
2022-01-21,102.57,102.940002,101.019997,101.110001,92.480888,4396700
2022-01-24,99.510002,101.050003,97.199997,100.980003,92.362,8305400
2022-01-25,99.620003,100.970001,98.459999,99.980003,91.447342,6116800
2022-01-26,101.199997,101.839996,98.720001,99.529999,91.035728,3391100
2022-01-27,100.220001,100.779999,98.519997,98.779999,90.349747,4984000
2022-01-28,98.879997,100.459999,97.910004,100.410004,91.840652,4595000
2022-01-31,100.5,102.540001,100.349998,102.510002,93.761406,3353600
2022-02-01,102.860001,103.400002,102,103.32,94.502289,3514300
2022-02-02,103.879997,104.110001,103.169998,103.93,95.060242,2607700
2022-02-03,102.699997,103.089996,101.760002,101.919998,93.221771,2906600
2022-02-04,101.769997,103.059998,101.370003,102.370003,93.633377,3111900
2022-02-07,102.449997,102.949997,102.040001,102.25,93.523598,3123500
2022-02-08,102.139999,103.199997,101.870003,103.029999,94.23703,2120100
2022-02-09,104.099998,104.720001,104.099998,104.709999,95.773643,4037800
2022-02-10,103.309998,104.949997,102.769997,103.199997,94.39254,5798800
2022-02-11,103.199997,103.650002,101.040001,101.410004,92.755295,3682300
2022-02-14,101.139999,101.400002,100.129997,100.900002,92.288811,4316400
2022-02-15,102,102.769997,101.989998,102.669998,93.907753,3022100
2022-02-16,102.279999,103.209999,102.029999,102.980003,94.191299,9601400
2022-02-17,102.230003,102.309998,100.870003,100.989998,92.371132,5645400
2022-02-18,101.019997,101.279999,99.879997,100.279999,91.721741,8950900
2022-02-22,99.589996,100.269997,98.330002,99.089996,90.633278,7864100
2022-02-23,99.830002,99.919998,97.529999,97.709999,89.371056,6629800
2022-02-24,94.800003,98.18,94.519997,98.120003,89.746078,7176400
2022-02-25,98.650002,100.32,98.239998,100.290001,91.730873,6323800
2022-02-28,98.849998,100.18,98.580002,99.669998,91.163788,4139900
2022-03-01,99.379997,99.709999,97.449997,98.010002,89.645454,5798900
2022-03-02,98.5,99.720001,98.230003,99.470001,90.98085,4138800
2022-03-03,99.68,99.730003,98.059998,98.43,90.02961,5791200
2022-03-04,97,97.18,96.089996,96.989998,88.712509,6832800
2022-03-07,96.620003,96.720001,93.82,93.900002,85.886238,3412800
2022-03-08,94.230003,95.82,93.190002,93.800003,85.794746,6877300
2022-03-09,96.07,97.019997,95.480003,96.629997,88.383247,4848000
2022-03-10,95.519997,96.099998,95.010002,95.879997,87.697243,2413500
2022-03-11,96.610001,96.690002,94.580002,94.660004,86.581367,3038700
2022-03-14,95.07,95.650002,93.849998,94.07,86.041725,2549800
2022-03-15,94.43,95.68,94.080002,95.559998,87.404549,2482200
2022-03-16,96.970001,98.639999,96.160004,98.589996,90.175949,2872800
2022-03-17,98.150002,99.650002,97.989998,99.620003,91.11805,2959900
2022-03-18,99.07,100.82,98.970001,100.68,92.087593,1901300
2022-03-21,100.32,100.610001,99.419998,100.169998,91.855583,2027400
2022-03-22,100.639999,101.470001,100.629997,101.309998,92.90097,1196600
2022-03-23,100.57,101.029999,100.059998,100.07,91.763893,2022600
2022-03-24,100.550003,101.230003,100.209999,101.199997,92.800102,1814900
2022-03-25,101.269997,101.489998,100.57,101.43,93.011017,1184200
2022-03-28,101.199997,101.790001,100.669998,101.760002,93.313622,1671000
2022-03-29,103.099998,103.480003,102.550003,103.410004,94.826683,2112000
2022-03-30,103.199997,103.349998,102.400002,102.839996,94.303955,2530600
2022-03-31,102.489998,102.709999,101.230003,101.290001,92.882637,1777100
2022-04-01,101.919998,102,101.139999,101.940002,93.478699,2991200
2022-04-04,102.080002,102.800003,101.919998,102.769997,94.239792,3128100
2022-04-05,102.360001,102.730003,101.080002,101.290001,92.882637,4085000
2022-04-06,100.389999,100.660004,99.519997,100.160004,91.846443,3349800
2022-04-07,100.019997,100.739998,99.349998,100.389999,92.057335,2232500
2022-04-08,100.129997,100.75,99.769997,100.150002,91.837257,1625600
2022-04-11,99.510002,99.669998,98.660004,98.75,90.553452,2063700
2022-04-12,99.339996,99.830002,98.050003,98.339996,90.177498,3146800
2022-04-13,98.43,99.68,98.400002,99.550003,91.287071,2380600
2022-04-14,99.550003,99.809998,98.550003,98.599998,90.415894,1673700
2022-04-18,98.269997,98.800003,97.949997,98.32,90.159157,2241400
2022-04-19,98.099998,99.529999,98.029999,99.440002,91.18618,2125600
2022-04-20,100,100,99.269997,99.519997,91.259544,2254400
2022-04-21,100.32,100.540001,97.779999,98,89.865707,2220000
2022-04-22,97.839996,97.839996,95.699997,95.779999,87.829971,3355800
2022-04-25,95.010002,95.970001,94.110001,95.889999,87.930855,4484800
2022-04-26,95.279999,95.410004,93.260002,93.269997,85.52829,5045800
2022-04-27,93.57,94.550003,93.080002,93.620003,85.849258,4433000
2022-04-28,94.529999,95.889999,93.510002,95.559998,87.628235,2143700
2022-04-29,95.230003,95.839996,92.989998,93.089996,85.363258,3356400
2022-05-02,92.970001,93.720001,91.589996,93.389999,85.638344,12751600
2022-05-03,93.650002,94.25,93.290001,93.889999,86.096855,2985000
2022-05-04,93.900002,96.269997,93,96.139999,88.160088,2831500
2022-05-05,94.940002,94.970001,91.910004,92.860001,85.152351,10992400
2022-05-06,92.209999,92.639999,90.959999,91.940002,84.308716,7149300
2022-05-09,90.540001,90.68,88.599998,88.889999,81.511864,4630200
2022-05-10,90.410004,90.629997,88.300003,89.199997,81.796135,3956400
2022-05-11,89.25,90.449997,87.940002,88.059998,80.750763,6832400
2022-05-12,87.470001,88.75,86.639999,87.93,80.631554,8348900
2022-05-13,89.019997,90.529999,88.949997,90.360001,82.859856,8078100
2022-05-16,89.949997,90.720001,89.5,90.07,82.593918,5884900
2022-05-17,91.650002,91.949997,90.830002,91.93,84.299538,2364300
2022-05-18,91.019997,91.150002,88.629997,88.870003,81.493546,2656500
2022-05-19,88.459999,89.900002,88.309998,89.099998,81.704445,2181700
2022-05-20,90.029999,90.169998,87.599998,89.349998,81.93367,5711300
2022-05-23,90.120003,90.93,89.559998,90.75,83.217491,2737100
2022-05-24,89.900002,90.230003,88.769997,89.980003,82.511391,2387000
2022-05-25,89.559998,91.010002,89.559998,90.620003,83.098289,1486400
2022-05-26,90.870003,92.470001,90.769997,92.150002,84.501289,2216400
2022-05-27,92.769997,94.010002,92.739998,94.010002,86.206886,2749400
2022-05-31,93.970001,94.279999,93.160004,93.550003,85.785065,2848000
2022-06-01,94.150002,94.300003,92.309998,92.849998,85.143173,2453600
2022-06-02,93.050003,94.730003,92.720001,94.730003,86.867134,1599300
2022-06-03,93.620003,93.860001,93.029999,93.209999,85.473305,1837700
2022-06-06,94.349998,94.550003,93.330002,93.57,85.803406,1749300
2022-06-07,92.779999,94.339996,92.650002,94.260002,86.436134,1357600
2022-06-08,93.839996,94.169998,93.169998,93.330002,85.583344,1966000
2022-06-09,92.889999,93.169998,91.220001,91.220001,83.64846,3874400
2022-06-10,89.879997,89.940002,88.730003,88.830002,81.456841,4031100
2022-06-13,86.610001,86.93,85.209999,85.519997,78.421585,4235500
2022-06-14,85.879997,86.129997,84.559998,85.25,78.174011,3667400
2022-06-15,86,87.480003,85,86.599998,79.411934,4300400
2022-06-16,84.650002,84.650002,83.410004,83.879997,76.917725,3180300
2022-06-17,84.029999,84.709999,83.239998,83.970001,77.000237,2705500
2022-06-21,84.739998,85.529999,84.739998,85.120003,78.614647,3180600
2022-06-22,84.07,85.459999,83.889999,84.639999,78.171333,4948900
2022-06-23,84.970001,85.25,84.099998,85.150002,78.642349,2457100
2022-06-24,85.940002,87.730003,85.940002,87.709999,81.006714,2559700
2022-06-27,87.900002,88.019997,87.220001,87.489998,80.803513,2551600
2022-06-28,87.980003,88.5,86.220001,86.25,79.658295,1914900
2022-06-29,86.269997,86.419998,85.650002,85.989998,79.418152,2355600
2022-06-30,84.910004,85.839996,84.139999,85.339996,78.817833,2315000
2022-07-01,84.839996,85.949997,84.32,85.870003,79.307335,2439400
2022-07-05,84.25,85.440002,83.699997,85.419998,78.891731,2940800
2022-07-06,85.389999,85.879997,84.709999,85.470001,78.937904,5767900
2022-07-07,86.019997,86.940002,86.019997,86.830002,80.193962,3005500
2022-07-08,86.489998,87.199997,86.110001,86.800003,80.166252,1277800
2022-07-11,86.019997,86.089996,85.379997,85.510002,78.974846,4303400
2022-07-12,85.410004,85.82,84.650002,85.019997,78.522285,2733600
2022-07-13,83.82,85.190002,83.68,84.720001,78.245209,1885700
2022-07-14,83.459999,84.199997,82.75,84.07,77.644897,2355100
2022-07-15,84.970001,85.5,84.379997,85.480003,78.947136,2465100
2022-07-18,86.449997,86.650002,85.110001,85.330002,78.808601,1336500
2022-07-19,86.389999,87.610001,86.300003,87.510002,80.822006,2123900
2022-07-20,87.57,88.099998,87.18,87.800003,81.089828,2523200
2022-07-21,87.709999,88.730003,87.349998,88.730003,81.948761,1853900
2022-07-22,88.849998,89.139999,87.540001,87.970001,81.246834,1526500
2022-07-25,88.32,88.43,87.870003,88.300003,81.55162,2375200
2022-07-26,87.889999,87.910004,87.099998,87.230003,80.5634,2244200
2022-07-27,88.040001,89.620003,87.959999,89.339996,82.512138,1881000
2022-07-28,89.470001,90.309998,88.669998,90.209999,83.315636,2164800
2022-07-29,90.360001,91.360001,90.120003,91.300003,84.322334,2078200
2022-08-01,90.949997,91.589996,90.519997,91.080002,84.119148,1371100
2022-08-02,90.620003,91.349998,90.169998,90.370003,83.463432,1933500
2022-08-03,90.790001,91.639999,90.57,91.440002,84.45163,1435500
2022-08-04,91.57,91.790001,91.25,91.589996,84.590164,1233100
2022-08-05,90.660004,91.510002,90.540001,91.379997,84.396217,1555300
2022-08-08,91.970001,92.410004,91.309998,91.510002,84.516296,1989600
2022-08-09,91.43,91.5,90.830002,91.019997,84.063728,585600
2022-08-10,92.690002,93.089996,92.379997,93.029999,85.920128,1291900
2022-08-11,93.699997,94.139999,92.940002,93.089996,85.97554,1755200
2022-08-12,93.419998,94.349998,93.190002,94.349998,87.139236,1168700
2022-08-15,93.739998,94.440002,93.669998,94.370003,87.157715,2013900
2022-08-16,94.029999,94.800003,93.919998,94.480003,87.259315,1019800
2022-08-17,93.690002,94.269997,93.25,93.730003,86.56662,1748500
2022-08-18,93.739998,93.870003,93.370003,93.739998,86.575859,921100
2022-08-19,93.059998,93.089996,92.220001,92.43,85.365982,882100
2022-08-22,91.400002,91.400002,90.529999,90.720001,83.786682,1092600
2022-08-23,90.650002,91.339996,90.559998,90.68,83.749733,922100
2022-08-24,90.519997,91.269997,90.400002,90.980003,84.026794,1027300
2022-08-25,91.410004,92.339996,91.209999,92.300003,85.245918,993500
2022-08-26,92.389999,92.389999,89.540001,89.559998,82.715309,1455100
2022-08-29,89,89.669998,88.830002,89.07,82.262764,1711400
2022-08-30,89.459999,89.470001,87.769997,88.169998,81.431541,1357900
2022-08-31,88.449997,88.760002,87.580002,87.599998,80.905098,1327600
2022-09-01,86.940002,87.330002,86.07,87.279999,80.609581,1704700
2022-09-02,87.980003,88.349998,86.199997,86.540001,79.926109,2090200
2022-09-06,86.690002,86.879997,85.730003,86.120003,79.538216,1739300
2022-09-07,85.839996,87.480003,85.790001,87.370003,80.692673,1672000
2022-09-08,86.739998,87.849998,86.5,87.779999,81.07135,1853800
2022-09-09,88.599998,89.580002,88.599998,89.449997,82.613724,1434700
2022-09-12,90.110001,90.699997,90.040001,90.510002,83.592712,1137200
2022-09-13,88.589996,88.830002,86.739998,86.959999,80.314018,1888700
2022-09-14,87.260002,87.629997,86.650002,87.32,80.6465,1737400
2022-09-15,86.860001,87.540001,86.18,86.43,79.824532,2277800
2022-09-16,85.5,85.860001,85.040001,85.709999,79.159546,1604700
2022-09-19,84.519997,85.839996,84.5,85.830002,79.644867,1398200
2022-09-20,85.010002,85.139999,84.160004,84.709999,78.605583,1462700
2022-09-21,84.959999,85.610001,83.349998,83.370003,77.362137,2100600
2022-09-22,83.379997,83.550003,82.510002,82.720001,76.758972,2794100
2022-09-23,81.599998,81.599998,80,80.830002,75.005188,3769800
2022-09-26,80.449997,81.120003,79.580002,79.860001,74.105087,2990000
2022-09-27,80.57,81,79.120003,79.589996,73.854538,2181100
2022-09-28,79.769997,81.57,79.419998,81.25,75.394913,2461000
2022-09-29,80.260002,80.559998,79.029999,79.720001,73.975174,3127200
2022-09-30,79.540001,80.43,78.870003,78.879997,73.195709,2909600
2022-10-03,79.809998,81.199997,79.360001,80.830002,75.005188,2982400
2022-10-04,82.370003,83.580002,82.269997,83.57,77.547714,3802400
2022-10-05,82.589996,83.650002,81.959999,83.169998,77.176552,2027200
2022-10-06,82.720001,83.279999,82.120003,82.239998,76.313568,2150600
2022-10-07,81.470001,81.519997,79.910004,80.25,74.466965,2295800
2022-10-10,80.379997,80.480003,79.110001,79.57,73.835976,3247900
2022-10-11,79.120003,80.040001,78.470001,78.870003,73.186409,3635300
2022-10-12,78.760002,79.18,78.489998,78.669998,73.000816,1546300
2022-10-13,77.120003,80.690002,76.800003,80.360001,74.569046,4345500
2022-10-14,80.919998,81.190002,78.589996,78.68,73.010124,4493700
2022-10-17,80.260002,81.010002,80.199997,80.75,74.930954,2812000
2022-10-18,82.330002,82.400002,80.830002,81.529999,75.654724,3304400
2022-10-19,80.910004,81.379997,80.099998,80.669998,74.856728,2876700
2022-10-20,80.760002,81.730003,80.080002,80.290001,74.504105,2741600
2022-10-21,80,82.019997,79.660004,81.959999,76.053749,2900400
2022-10-24,81.809998,82.360001,81.07,82.120003,76.202209,2528600
2022-10-25,82.269997,83.690002,82.269997,83.629997,77.603401,2033000
2022-10-26,83.290001,84.620003,83.209999,83.650002,77.621971,2176900
2022-10-27,83.709999,84.239998,83.07,83.18,77.185844,3830400
2022-10-28,83.029999,84.559998,82.970001,84.510002,78.420006,2605300
2022-10-31,83.790001,84.279999,83.660004,83.910004,77.863228,2317600
2022-11-01,85.129997,85.18,83.82,84.080002,78.020981,2126400
2022-11-02,84.059998,85.040001,82.300003,82.309998,76.37854,1957600
2022-11-03,81.489998,82.209999,81.080002,81.68,75.793922,2439600
2022-11-04,83.470001,83.980003,82.349998,83.589996,77.566292,3300700
2022-11-07,83.919998,84.309998,83.440002,84.139999,78.076645,1861000
2022-11-08,84.459999,85.370003,83.919998,84.739998,78.633415,1609200
2022-11-09,84.199997,84.5,83.029999,83.110001,77.120872,2153300
2022-11-10,86.029999,87.650002,85.809998,87.610001,81.2966,2400300
2022-11-11,88.040001,89.07,87.790001,88.889999,82.48436,2377600
2022-11-14,88.470001,88.970001,88,88.029999,81.68634,3559200
2022-11-15,89.5,89.75,88.160004,88.919998,82.512192,2212400
2022-11-16,88.529999,88.720001,88.029999,88.169998,81.816246,1663600
2022-11-17,87.029999,88.029999,86.949997,87.959999,81.621376,1479900
2022-11-18,88.389999,88.529999,87.639999,88.169998,81.816246,2106800
2022-11-21,87.690002,87.830002,87.209999,87.650002,81.33371,2224400
2022-11-22,88.150002,88.790001,87.82,88.779999,82.382278,2080100
2022-11-23,88.779999,89.559998,88.760002,89.459999,83.013275,1824900
2022-11-25,89.489998,89.68,89.330002,89.559998,83.106064,2003900
2022-11-28,88.959999,89.309998,88.129997,88.269997,81.909019,2998900
2022-11-29,88.540001,88.940002,88.150002,88.449997,82.076057,1688800
2022-11-30,88.919998,90.870003,88.300003,90.860001,84.312393,2422800
2022-12-01,91.269997,91.599998,90.57,91.07,84.507263,3522900
2022-12-02,90,91.239998,90,91.019997,84.460854,3153200
2022-12-05,90.57,90.68,89.169998,89.449997,83.003998,3027000
2022-12-06,89.5,89.580002,88.059998,88.5,82.122452,2238900
2022-12-07,88.360001,88.800003,88.129997,88.349998,81.983253,2577300
2022-12-08,88.669998,89.199997,88.410004,89.019997,82.605003,4675000
2022-12-09,88.989998,89.449997,88.559998,88.559998,82.178139,3572200
2022-12-12,88.720001,89.379997,88.440002,89.379997,82.939049,3013400
2022-12-13,91.879997,91.889999,89.709999,90.209999,83.709236,3391500
2022-12-14,90.190002,91,89.120003,89.839996,83.365883,2987500
2022-12-15,88.82,88.93,87.309998,87.620003,81.30587,4212600
2022-12-16,87.080002,87.400002,86.400002,86.800003,80.544968,3897900
2022-12-19,86.300003,86.419998,85.339996,85.639999,80.056992,2675800
2022-12-20,85.589996,86.199997,85.370003,85.839996,80.243965,3481700
2022-12-21,86.379997,87.18,86.230003,86.959999,81.290939,3473200
2022-12-22,86.440002,86.440002,84.82,85.910004,80.309395,3193100
2022-12-23,85.769997,86.32,85.43,86.309998,80.683319,3026900
2022-12-27,86.379997,86.620003,85.940002,86.300003,80.673973,7572000
2022-12-28,86.209999,86.650002,85.18,85.220001,79.664383,3893800
2022-12-29,86.010002,86.860001,85.870003,86.690002,81.038551,3993200
2022-12-30,86.029999,86.349998,85.620003,86.190002,80.571136,3547900
2023-01-03,86.879997,87.379997,85.709999,86.239998,80.617882,3647800
2023-01-04,87.019997,87.620003,86.449997,87.300003,81.60878,2534400
2023-01-05,86.720001,86.790001,86.199997,86.400002,80.767448,2486400
2023-01-06,87.010002,88.550003,86.410004,88.379997,82.618378,1828000
2023-01-09,89,89.650002,88.550003,88.589996,82.814682,4752300
2023-01-10,88.510002,89.07,88.220001,89.07,83.263397,4671700
2023-01-11,89.440002,89.980003,89.239998,89.970001,84.104721,2731900
2023-01-12,90.32,90.870003,89.449997,90.610001,84.703003,2880000
2023-01-13,90.050003,91.150002,90,91.080002,85.142365,1711900
2023-01-17,91.040001,91.480003,90.860001,91.059998,85.12365,2714800
2023-01-18,91.629997,91.739998,90.050003,90.080002,84.20755,4146400
2023-01-19,89.68,90.080002,89.279999,89.68,83.833618,4035100
2023-01-20,89.940002,91.089996,89.610001,91.07,85.133003,2333300
2023-01-23,91.050003,92.25,90.970001,91.93,85.936951,4305300
2023-01-24,91.580002,92.019997,91.279999,91.839996,85.852798,1460700
2023-01-25,91.160004,92.07,90.699997,92.010002,86.011734,1616400
2023-01-26,92.580002,92.82,91.879997,92.790001,86.740875,1645800
2023-01-27,92.440002,93.239998,92.339996,92.849998,86.796974,1597900
2023-01-30,92.220001,92.629997,91.690002,91.720001,85.740623,2152500
2023-01-31,91.730003,92.790001,91.589996,92.779999,86.731537,1352900
2023-02-01,92.68,94.300003,91.989998,93.790001,87.675682,1830600
2023-02-02,94.459999,94.870003,93.849998,94.550003,88.386154,2264700
2023-02-03,93.43,94.400002,93.25,93.5,87.404587,2661400
2023-02-06,92.720001,92.900002,92.25,92.660004,86.619362,2325800
2023-02-07,92.459999,93.839996,92.169998,93.650002,87.544815,1681200
2023-02-08,93.239998,93.580002,92.720001,92.879997,86.825012,1799500
2023-02-09,93.870003,93.919998,92.150002,92.419998,86.395004,1382400
2023-02-10,92.089996,92.370003,91.769997,92.25,86.236076,2240200
2023-02-13,92.43,93.309998,92.330002,93.269997,87.189583,4380300
2023-02-14,92.870003,93.800003,92.449997,93.330002,87.245667,1670500
2023-02-15,92.57,93.400002,92.449997,93.379997,87.292404,1488400
2023-02-16,92.410004,93.339996,92.290001,92.489998,86.460426,1981300
2023-02-17,91.970001,92.309998,91.589996,92.279999,86.26413,1873200
2023-02-21,91.519997,91.709999,90.650002,90.720001,84.805832,2738200
2023-02-22,90.709999,90.949997,90.150002,90.419998,84.525375,2321000
2023-02-23,91.07,91.190002,90,90.900002,84.974075,1295000
2023-02-24,89.559998,89.830002,89.190002,89.720001,83.871002,1595300
2023-02-27,90.440002,90.800003,90.050003,90.220001,84.33844,1872900
2023-02-28,90.080002,90.389999,89.790001,89.830002,83.973839,1831400
2023-03-01,90.169998,90.419998,89.720001,90.010002,84.142105,1859500
2023-03-02,89.529999,90.660004,89.419998,90.480003,84.581459,1962700
2023-03-03,90.900002,91.879997,90.720001,91.779999,85.796715,2100900
2023-03-06,91.870003,92.25,91.540001,91.639999,85.665848,2046400
2023-03-07,91.599998,91.599998,90.089996,90.239998,84.357124,2838800
2023-03-08,90.309998,90.720001,90.040001,90.480003,84.581459,1344300
2023-03-09,90.57,90.849998,88.82,88.989998,83.188606,1623400
2023-03-10,88.910004,89.220001,87.489998,87.760002,82.038803,5013800
2023-03-13,86.93,88.370003,86.589996,87.480003,81.777046,5639200
2023-03-14,88.470001,88.959999,87.779999,88.639999,82.86142,3097800
2023-03-15,86.709999,87.339996,86.129997,87.279999,81.590088,4639700
2023-03-16,86.879997,88.75,86.720001,88.730003,82.945557,2350800
2023-03-17,88.32,88.470001,87.339996,87.68,81.964012,1881500
2023-03-20,87.800003,88.470001,87.610001,88.339996,82.850273,1584200
2023-03-21,89.220001,89.610001,88.889999,89.5,83.938194,1361200
2023-03-22,89.629997,90.489998,88.449997,88.470001,82.972206,2729600
2023-03-23,89.290001,90.029999,88.150002,88.68,83.169144,1875600
2023-03-24,88.230003,88.940002,87.730003,88.900002,83.375481,2086500
2023-03-27,89.410004,89.519997,88.910004,89.239998,83.694351,2146800
2023-03-28,89.209999,89.43,88.940002,89.330002,83.778763,1051300
2023-03-29,90.110001,90.470001,89.93,90.43,84.810402,1488100
2023-03-30,91.129997,91.290001,90.800003,91.129997,85.466888,1246700
2023-03-31,91.339996,92.120003,91.330002,92.089996,86.367241,1232300
2023-04-03,92.099998,92.550003,91.919998,92.519997,86.770523,1769900
2023-04-04,92.639999,92.68,91.800003,92.129997,86.404755,1881200
2023-04-05,91.889999,91.980003,91.32,91.68,85.982727,1166200
2023-04-06,91.540001,92.099998,91.300003,91.980003,86.264091,924200
2023-04-10,91.5,92.099998,91.309998,92.089996,86.367241,1189200
2023-04-11,92.32,92.589996,92.18,92.309998,86.57357,1155500
2023-04-12,92.900002,92.989998,92.089996,92.18,86.451645,1877300
2023-04-13,92.699997,93.480003,92.620003,93.389999,87.586472,964500
2023-04-14,93.300003,93.690002,92.629997,93.099998,87.314468,2387100
2023-04-17,93.059998,93.339996,92.779999,93.32,87.520805,1028800
2023-04-18,93.699997,93.779999,93.209999,93.480003,87.67086,1249900
2023-04-19,92.989998,93.43,92.93,93.260002,87.464546,1263100
2023-04-20,92.839996,93.269997,92.629997,92.919998,87.14566,943300
2023-04-21,92.919998,93.029999,92.470001,92.949997,87.173798,1003900
2023-04-24,92.900002,93.139999,92.690002,93.050003,87.267586,1969200
2023-04-25,92.559998,92.559998,91.529999,91.529999,85.842049,972900
2023-04-26,91.889999,92.019997,91.230003,91.330002,85.654472,990600
2023-04-27,91.870003,92.900002,91.779999,92.849998,87.080025,1184600
2023-04-28,92.550003,93.410004,92.519997,93.400002,87.595833,1692600
2023-05-01,93.300003,93.660004,93.230003,93.290001,87.492683,924500
2023-05-02,92.900002,92.900002,91.580002,92.239998,86.507919,1226800
2023-05-03,92.379997,93.019997,91.889999,91.919998,86.207809,1462200
2023-05-04,91.849998,91.980003,91.349998,91.599998,85.9077,1409900
2023-05-05,92.349998,93.370003,92.300003,93.160004,87.370758,972200
2023-05-08,93.300003,93.339996,92.959999,93.209999,87.417664,1048000
2023-05-09,92.730003,93.019997,92.610001,92.830002,87.061256,785000
2023-05-10,93.330002,93.379997,92.290001,93.019997,87.239441,4078400
2023-05-11,92.68,92.800003,92.25,92.800003,87.033142,1016100
2023-05-12,92.970001,92.970001,92.080002,92.540001,86.789276,1531500
2023-05-15,92.830002,93.25,92.550003,93.169998,87.380127,1307300
2023-05-16,92.839996,92.970001,92.370003,92.370003,86.629845,772600
2023-05-17,92.760002,93.370003,92.360001,93.239998,87.445778,1301300
2023-05-18,93.129997,93.790001,92.989998,93.739998,87.914703,1607500
2023-05-19,93.910004,94.040001,93.489998,93.75,87.924103,1290100
2023-05-22,93.779999,94.169998,93.669998,93.900002,88.064774,1281700
2023-05-23,93.389999,93.57,92.699997,92.720001,86.958099,897700
2023-05-24,92.269997,92.269997,91.699997,91.889999,86.179672,1324700
2023-05-25,92.32,92.440002,91.760002,92.169998,86.442268,1442200
2023-05-26,92.489998,93.449997,92.459999,93.290001,87.492683,1419600
2023-05-30,93.510002,93.57,92.650002,92.959999,87.183189,1797100
2023-05-31,92.400002,92.510002,91.779999,92.269997,86.536064,1351800
2023-06-01,92.550003,93.620003,92.339996,93.419998,87.614594,1499700
2023-06-02,94.300003,95.040001,94.220001,94.879997,88.983871,1462200
2023-06-05,94.879997,95.019997,94.449997,94.559998,88.683754,1162900
2023-06-06,94.519997,95.190002,94.449997,95.120003,89.208954,1371900
2023-06-07,95.110001,95.389999,94.610001,94.709999,88.824425,1567700
2023-06-08,94.82,95.379997,94.629997,95.290001,89.36837,995700
2023-06-09,95.480003,95.779999,95.209999,95.400002,89.471558,961700
2023-06-12,95.610001,96.059998,95.449997,96.040001,90.071777,902300
2023-06-13,96.599998,96.959999,96.510002,96.790001,90.775177,1824500
2023-06-14,97,97.379997,96.279999,96.940002,90.915855,1505700
2023-06-15,96.900002,98.239998,96.830002,98.059998,91.96624,997100
2023-06-16,98.480003,98.489998,97.68,97.779999,91.703651,935000
2023-06-20,96.529999,96.540001,95.839996,96.169998,90.797272,3171800
2023-06-21,96,96.25,95.709999,95.870003,90.514046,1024800
2023-06-22,95.540001,95.870003,95.379997,95.830002,90.47628,915500
2023-06-23,94.800003,95.129997,94.660004,94.779999,89.484932,1602800
2023-06-26,94.790001,95.199997,94.68,94.720001,89.428299,1251600
2023-06-27,94.980003,95.82,94.839996,95.690002,90.344093,931800
2023-06-28,95.470001,95.910004,95.309998,95.739998,90.391304,1138900
2023-06-29,95.489998,95.919998,95.410004,95.919998,90.561249,775200
2023-06-30,96.660004,97.129997,96.650002,96.980003,91.562035,1184100
2023-07-03,97.059998,97.290001,97,97.290001,91.854721,971700
2023-07-05,96.790001,96.910004,96.589996,96.739998,91.335442,793200
2023-07-06,95.709999,95.709999,94.970001,95.550003,90.211929,995700
2023-07-07,95.449997,96.510002,95.449997,95.800003,90.447975,1168000
2023-07-10,95.639999,96.099998,95.589996,96.099998,90.731186,975500
2023-07-11,96.400002,96.989998,96.230003,96.93,91.514824,883100
2023-07-12,97.910004,98.25,97.82,98.059998,92.58168,996000
2023-07-13,98.720001,99.309998,98.669998,99.190002,93.64856,1457500
2023-07-14,99.239998,99.279999,98.730003,98.830002,93.308678,1127900
2023-07-17,98.690002,99.279999,98.610001,99.110001,93.573036,1168200
2023-07-18,99.019997,99.779999,98.959999,99.709999,94.139519,901300
2023-07-19,99.839996,100.080002,99.660004,99.800003,94.22451,927200
2023-07-20,99.629997,99.730003,99,99.120003,93.582489,1294300
2023-07-21,99.480003,99.519997,99.110001,99.160004,93.620239,1073300
2023-07-24,99.290001,99.660004,99.139999,99.519997,93.960129,633200
2023-07-25,99.559998,100.029999,99.550003,99.82,94.243378,1126400
2023-07-26,99.5,100.260002,99.489998,100,94.413322,895600
2023-07-27,100.690002,100.690002,99.160004,99.339996,93.790169,1179300
2023-07-28,100.199997,100.540001,100.029999,100.370003,94.762634,869900
2023-07-31,100.5,100.730003,100.360001,100.589996,94.97036,3081800
2023-08-01,100.080002,100.209999,99.739998,99.980003,94.39444,1442000
2023-08-02,99.040001,99.080002,98.150002,98.309998,92.817726,1514000
2023-08-03,97.839996,98.440002,97.709999,98.099998,92.619469,1065200
2023-08-04,98.57,99.089996,97.830002,97.919998,92.449524,1384000
2023-08-07,98.400002,98.650002,98.029999,98.639999,93.129295,1102100
2023-08-08,97.730003,98.080002,97.260002,98.029999,92.553368,1376900
2023-08-09,98.080002,98.169998,97.440002,97.629997,92.17572,928100
2023-08-10,98.300003,98.980003,97.540001,97.779999,92.317345,1107400
2023-08-11,97.209999,97.660004,97.07,97.43,91.986893,1153200
2023-08-14,96.959999,97.519997,96.720001,97.510002,92.062424,926400
2023-08-15,97.080002,97.099998,96.220001,96.360001,90.976677,1750800
2023-08-16,96.18,96.529999,95.610001,95.629997,90.28746,1272800
2023-08-17,96.010002,96.059998,94.870003,95,89.69265,930000
2023-08-18,94.300003,95.150002,94.230003,94.940002,89.635994,1858300
2023-08-21,95.139999,95.550003,94.690002,95.410004,90.07975,1138900
2023-08-22,95.790001,95.830002,95.110001,95.209999,89.890915,1653200
2023-08-23,95.519997,96.449997,95.510002,96.300003,90.920013,1423600
2023-08-24,96.449997,96.559998,95.059998,95.099998,89.787056,1294400
2023-08-25,95.470001,95.93,94.68,95.650002,90.306335,1979800
2023-08-28,96.220001,96.529999,96.089996,96.440002,91.0522,1336900
2023-08-29,96.339996,97.800003,96.290001,97.739998,92.279587,1683900
2023-08-30,97.82,98.18,97.639999,97.980003,92.506172,1273400
2023-08-31,98.07,98.209999,97.660004,97.730003,92.270126,988600
2023-09-01,98.529999,98.639999,97.790001,98.07,92.591133,2062000
2023-09-05,97.900002,97.900002,97.400002,97.449997,92.005775,1512600
2023-09-06,97.279999,97.400002,96.480003,96.889999,91.477051,1659600
2023-09-07,96.309998,96.599998,96.110001,96.489998,91.099403,895400
2023-09-08,96.510002,96.839996,96.389999,96.529999,91.137161,1840400
2023-09-11,97.230003,97.349998,96.970001,97.309998,91.873604,1027800
2023-09-12,96.949997,97.349998,96.82,96.900002,91.486511,973700
2023-09-13,96.860001,97.050003,96.559998,96.790001,91.382652,1335100
2023-09-14,97.410004,97.870003,97.199997,97.769997,92.307899,1228900
2023-09-15,97.580002,97.639999,96.889999,96.959999,91.543152,3056000
2023-09-18,96.419998,96.650002,96.190002,96.440002,91.435059,902200
2023-09-19,96.32,96.449997,95.82,96.260002,91.264412,1238100
2023-09-20,96.510002,96.769997,95.57,95.599998,90.638664,1155700
2023-09-21,94.860001,94.889999,93.949997,94.029999,89.150139,1579700
2023-09-22,94.419998,94.690002,93.949997,94.010002,89.131172,1231300
2023-09-25,93.589996,94.120003,93.470001,94.110001,89.225983,1341200
2023-09-26,93.43,93.620003,92.660004,92.790001,87.974495,1608800
2023-09-27,93.129997,93.220001,92.129997,92.800003,87.983978,1206200
2023-09-28,92.760002,93.739998,92.620003,93.440002,88.590759,1443300
2023-09-29,94.199997,94.220001,92.940002,93.18,88.344238,3009700
2023-10-02,92.989998,93.099998,92.25,92.68,87.870186,4101600
2023-10-03,92.07,92.32,91.120003,91.419998,86.675598,1386000
2023-10-04,91.449997,91.910004,90.980003,91.800003,87.035858,1378300
2023-10-05,91.910004,92.18,91.360001,92.019997,87.244446,2353200
2023-10-06,91.610001,93.389999,91.309998,93.040001,88.211517,5399400
2023-10-09,92.419998,93.459999,92.349998,93.32,88.476982,3441700
2023-10-10,93.760002,94.589996,93.699997,94.150002,89.263908,2297000
2023-10-11,94.550003,94.699997,93.970001,94.580002,89.671593,2578700
2023-10-12,94.709999,94.709999,93.290001,93.739998,88.875183,1729700
2023-10-13,93.910004,94.120003,92.839996,93.120003,88.287354,2543700
2023-10-16,93.550003,94.18,93.43,94.07,89.188057,2152000
2023-10-17,93.339996,94.510002,93.330002,94.07,89.188057,2157700
2023-10-18,93.57,93.669998,92.459999,92.639999,87.832268,1916800
2023-10-19,92.629997,93.040001,91.690002,91.839996,87.073792,3510200
2023-10-20,91.610001,91.730003,90.760002,90.790001,86.078285,2854300
2023-10-23,90.379997,91.370003,90.010002,90.620003,85.917099,3476000
2023-10-24,90.989998,91.519997,90.769997,91.309998,86.571289,2110300
2023-10-25,90.879997,90.889999,90.029999,90.120003,85.443069,1711000
2023-10-26,89.879997,90.080002,89.07,89.360001,84.722488,2204100
2023-10-27,89.870003,89.910004,88.739998,88.970001,84.352737,1840200
2023-10-30,89.730003,90.199997,89.410004,90.019997,85.348244,2087300
2023-10-31,90.099998,90.489998,89.699997,90.459999,85.765388,3000700
2023-11-01,90.650002,91.449997,90.519997,91.349998,86.609222,2539700
2023-11-02,92.5,93.25,92.440002,93.209999,88.372696,2402200
2023-11-03,93.980003,94.669998,93.949997,94.349998,89.453522,2401700
2023-11-06,94.519997,94.669998,94.010002,94.339996,89.444054,1818400
2023-11-07,94.099998,94.440002,93.809998,94.279999,89.387154,935700
2023-11-08,94.360001,94.5,93.809998,94.220001,89.330284,1358400
2023-11-09,94.550003,94.639999,93.559998,93.620003,88.761414,2179300
2023-11-10,93.919998,94.730003,93.480003,94.720001,89.804329,1700600
2023-11-13,94.370003,94.910004,94.220001,94.709999,89.794838,1527100
2023-11-14,96.07,97.099998,96.07,96.900002,91.871201,1550900
2023-11-15,97.18,97.550003,96.970001,97.089996,92.051338,3912500
2023-11-16,96.889999,97.120003,96.550003,96.910004,91.880684,1471800
2023-11-17,97.199997,97.519997,97.099998,97.449997,92.392639,966400
2023-11-20,97.43,98.279999,97.389999,98.089996,92.999435,1103300
2023-11-21,97.900002,98.059998,97.690002,97.830002,92.752922,1564100
2023-11-22,98.010002,98.25,97.739998,98.07,92.980476,1036900
2023-11-24,98.089996,98.360001,98.080002,98.330002,93.226982,789600
2023-11-27,98.199997,98.279999,98.040001,98.139999,93.046852,1820700
2023-11-28,98.07,98.57,97.940002,98.300003,93.198532,1134400
2023-11-29,98.669998,98.900002,98.269997,98.32,93.217491,1342100
2023-11-30,98.5,98.68,98.139999,98.610001,93.492455,1614900
2023-12-01,98.459999,99.519997,98.379997,99.459999,94.298332,2776100
2023-12-04,98.540001,99,98.419998,98.849998,93.719994,1918000
2023-12-05,98.540001,98.830002,98.330002,98.629997,93.511406,1347200
2023-12-06,99.230003,99.309998,98.410004,98.449997,93.340744,1159900
2023-12-07,98.830002,99.209999,98.629997,99.110001,93.966492,1189800
2023-12-08,98.860001,99.5,98.809998,99.389999,94.231956,1528200
2023-12-11,99.32,99.769997,99.260002,99.760002,94.582787,1875300
2023-12-12,99.620003,100.050003,99.339996,100.010002,94.819786,1149200
2023-12-13,100.059998,101.529999,99.790001,101.489998,96.222984,1670000
2023-12-14,102.050003,102.57,101.779999,102.279999,96.971992,1897600
2023-12-15,102.059998,102.239998,101.709999,101.809998,96.526382,2783100
2023-12-18,101.360001,101.540001,101.139999,101.410004,96.909592,2144600
2023-12-19,101.669998,102.190002,101.669998,102.169998,97.635849,1991900
2023-12-20,102.040001,102.349998,100.739998,100.769997,96.297974,2707600
2023-12-21,101.660004,102.089996,101.300003,102.07,97.540298,1732600
2023-12-22,102.25,102.510002,101.849998,102.220001,97.683647,1975400
2023-12-26,102.360001,102.919998,102.339996,102.730003,98.171013,1221900
2023-12-27,102.800003,103.110001,102.760002,103.029999,98.457672,1414500
2023-12-28,103.18,103.400002,103.029999,103.099998,98.524574,2707800
2023-12-29,103.150002,103.290001,102.629997,102.879997,98.314331,2336200
2024-01-02,102.089996,102.330002,101.690002,102.010002,97.482956,4661400
2024-01-03,101.400002,101.589996,100.949997,101.129997,96.641998,1802200
2024-01-04,101.029999,101.650002,100.949997,101.010002,96.527336,2845100
2024-01-05,101,101.790001,100.919998,101.129997,96.641998,1830100
2024-01-08,101.059998,102.370003,101.059998,102.349998,97.807869,3880100
2024-01-09,101.620003,102.099998,101.470001,101.849998,97.330063,2271000
2024-01-10,101.959999,102.510002,101.860001,102.349998,97.807869,2166200
2024-01-11,102.519997,102.639999,101.440002,102.309998,97.769638,2938900
2024-01-12,102.769997,103.019997,102.279999,102.470001,97.922539,1635500
2024-01-16,101.790001,101.949997,101.18,101.480003,96.976479,2729500
2024-01-17,100.5,100.690002,100.139999,100.68,96.21199,1998300
2024-01-18,101.07,101.610001,100.769997,101.540001,97.033813,2753800
2024-01-19,101.669998,102.519997,101.379997,102.459999,97.912987,2425400
2024-01-22,102.589996,103,102.529999,102.699997,98.142326,1953700
2024-01-23,102.690002,102.910004,102.43,102.860001,98.295227,1194700
2024-01-24,103.75,103.849998,103.110001,103.129997,98.553253,1687000
2024-01-25,103.57,103.629997,103.129997,103.580002,98.983284,1418400
2024-01-26,103.660004,103.959999,103.510002,103.650002,99.050186,1327400
2024-01-29,103.660004,104.400002,103.550003,104.389999,99.757332,2771600
2024-01-30,104.120003,104.290001,103.949997,104.150002,99.527992,2215100
2024-01-31,103.970001,104.169998,102.839996,102.879997,98.314331,3121100
2024-02-01,103.260002,104.099998,103.029999,104.080002,99.461098,6569300
2024-02-02,103.870003,104.68,103.68,104.470001,99.833794,1901300
2024-02-05,104.110001,104.239998,103.440002,103.970001,99.355965,2035100
2024-02-06,104.239998,104.57,104.110001,104.550003,99.91024,2627000
2024-02-07,104.849998,105.209999,104.709999,105.080002,100.41671,1599300
2024-02-08,105.040001,105.160004,104.839996,105.120003,100.454933,882500
2024-02-09,105.25,105.769997,105.18,105.699997,101.009186,1119300
2024-02-12,105.699997,106.330002,105.699997,105.839996,101.142982,1407900
2024-02-13,104.559998,104.629997,103.599998,104.169998,99.547089,2514800
2024-02-14,104.849998,105.379997,104.550003,105.330002,100.655624,1541600
2024-02-15,105.589996,106.269997,105.589996,106.230003,101.515678,1470300
2024-02-16,106.290001,106.589996,105.790001,105.980003,101.276772,1279500
2024-02-20,105.980003,106.07,105.300003,105.690002,100.999641,1831900
2024-02-21,105.43,105.739998,105.099998,105.720001,101.028297,1121300
2024-02-22,106.919998,107.589996,106.790001,107.440002,102.671982,1266900
2024-02-23,107.68,107.790001,107.300003,107.519997,102.748421,1053600
2024-02-26,107.529999,107.599998,107.139999,107.239998,102.480843,1057000
2024-02-27,107.370003,107.5,107.160004,107.470001,102.700653,1109700
2024-02-28,107.010002,107.209999,106.889999,107.059998,102.308838,1042600
2024-02-29,107.559998,107.669998,106.919998,107.5,102.729317,1678800
2024-03-01,107.779999,108.550003,107.519997,108.459999,103.646706,3584600
2024-03-04,108.32,108.620003,108.230003,108.290001,103.484253,1721800
2024-03-05,108.010002,108.190002,107.080002,107.459999,102.691086,1369600
2024-03-06,108.459999,108.760002,108.07,108.32,103.512924,2003400
2024-03-07,109,109.57,108.839996,109.43,104.573669,1322100
2024-03-08,109.589996,110.019997,108.739998,108.910004,104.076752,1541100
2024-03-11,108.580002,108.779999,108.169998,108.660004,103.837837,1825100
2024-03-12,109.099998,109.779999,108.599998,109.709999,104.84124,1568300
2024-03-13,109.669998,109.779999,109.269997,109.529999,104.669228,1537700
2024-03-14,109.669998,109.669998,108.480003,109.040001,104.200974,2614900
2024-03-15,108.300003,108.519997,107.889999,108.139999,103.741447,1822500
2024-03-18,108.839996,108.940002,108.480003,108.540001,104.125183,1242300
2024-03-19,108.370003,108.959999,108.150002,108.919998,104.489723,1720200
2024-03-20,108.980003,110.059998,108.82,110,105.525795,2196400
2024-03-21,110.470001,110.68,110.300003,110.330002,105.842384,2301700
2024-03-22,110.25,110.269997,109.910004,109.989998,105.516205,1649300
2024-03-25,109.68,109.989998,109.669998,109.769997,105.305161,2037100
2024-03-26,110.120003,110.160004,109.610001,109.639999,105.180443,1369700
2024-03-27,110.150002,110.480003,109.82,110.459999,105.967102,1884700
2024-03-28,110.480003,110.699997,110.43,110.5,106.00547,1294800
2024-04-01,110.639999,110.730003,109.989998,110.209999,105.727257,3399000
2024-04-02,109.540001,109.589996,109.209999,109.57,105.113297,1929900
2024-04-03,109.330002,110.089996,109.32,109.849998,105.381897,1207600
2024-04-04,110.639999,110.739998,108.669998,108.720001,104.297867,3486100
2024-04-05,108.910004,109.940002,108.779999,109.610001,105.151665,1544200
2024-04-08,109.949997,110.089996,109.730003,109.849998,105.381897,1005800
2024-04-09,110.290001,110.389999,109.220001,110.019997,105.544983,1802900
2024-04-10,108.769997,109.18,108.330002,108.760002,104.336243,1517100
2024-04-11,109.099998,109.589996,108.260002,109.379997,104.931023,2141000
2024-04-12,108.480003,108.760002,107.360001,107.610001,103.233009,2353000
2024-04-15,108.589996,108.610001,106.370003,106.599998,102.264091,2497400
2024-04-16,106.230003,106.540001,105.690002,105.989998,101.678894,2299300
2024-04-17,106.459999,106.540001,105.230003,105.589996,101.295181,3519300
2024-04-18,105.860001,106.300003,105.230003,105.43,101.141685,1587600
2024-04-19,105.449997,105.68,104.639999,104.940002,100.671623,2264500
2024-04-22,105.470001,106.389999,105.120003,105.919998,101.611748,1847400
2024-04-23,106.290001,107.300003,106.190002,107.129997,102.772537,1763900
2024-04-24,107.400002,107.5,106.629997,107.099998,102.743752,1737400
2024-04-25,105.800003,106.910004,105.480003,106.760002,102.417587,1332800
2024-04-26,107.360001,107.919998,107.209999,107.720001,103.338539,1168900
2024-04-29,108.099998,108.300003,107.720001,108.190002,103.789429,920300
2024-04-30,107.769997,107.989998,106.5,106.540001,102.206543,3625900
2024-05-01,106.419998,107.809998,106.099998,106.339996,102.014671,1521300
2024-05-02,107.25,107.849998,106.480003,107.639999,103.261787,1100100
2024-05-03,108.830002,109.059998,108.279999,108.790001,104.365028,1376100
2024-05-06,109.300003,109.769997,109.239998,109.760002,105.295563,744900
2024-05-07,109.949997,110.07,109.660004,109.790001,105.324341,1336300
2024-05-08,109.370003,109.769997,109.300003,109.720001,105.257195,868400
2024-05-09,109.779999,110.410004,109.650002,110.400002,105.909531,1275000
2024-05-10,110.82,110.919998,110.349998,110.580002,106.082214,1168900
2024-05-13,110.779999,110.879997,110.379997,110.559998,106.063026,708900
2024-05-14,110.800003,111.269997,110.580002,111.239998,106.71537,716000
2024-05-15,111.860001,112.559998,111.629997,112.529999,107.952888,1322800
2024-05-16,112.510002,112.639999,112.120003,112.169998,107.607544,1547800
2024-05-17,112.230003,112.489998,112.129997,112.480003,107.904938,1779100
2024-05-20,112.5,112.830002,112.410004,112.550003,107.972076,961500
2024-05-21,112.309998,112.57,112.209999,112.540001,107.962486,879900
2024-05-22,112.300003,112.370003,111.620003,111.970001,107.41568,1763500
2024-05-23,112.779999,112.919998,110.949997,111.169998,106.648209,716500
2024-05-24,111.610001,112.099998,111.449997,111.989998,107.434853,1187300
2024-05-28,112.220001,112.389999,111.449997,111.900002,107.348518,1612200
2024-05-29,110.82,111.019997,110.650002,110.68,106.178139,821000
2024-05-30,110.68,111.019997,110.330002,110.610001,106.110985,1088000
2024-05-31,110.889999,111.440002,109.879997,111.440002,106.907227,1604700
2024-06-03,111.910004,111.910004,110.720001,111.550003,107.012756,1738400
2024-06-04,111.209999,111.459999,110.720001,111.330002,106.801704,1039000
2024-06-05,111.889999,112.5,111.449997,112.480003,107.904938,1506300
2024-06-06,112.669998,112.669998,112.260002,112.559998,107.981674,929200
2024-06-07,112.300003,112.57,111.910004,112.010002,107.454041,820800
2024-06-10,111.860001,112.389999,111.580002,112.269997,107.703461,737500
2024-06-11,111.860001,112.099998,111.230003,112.080002,107.52121,2672800
2024-06-12,113.300003,113.82,112.959999,113.169998,108.566856,1069600
2024-06-13,113.190002,113.209999,112.230003,112.769997,108.183121,838300
2024-06-14,112.209999,112.43,111.82,112.410004,107.837776,1380300
2024-06-17,112.260002,113.32,112.139999,113.139999,108.538071,893600
2024-06-18,113.139999,113.589996,113.139999,113.510002,108.893036,965500
2024-06-20,113.660004,113.769997,112.949997,113.309998,108.701172,1390900
2024-06-21,112.440002,112.599998,112.120003,112.43,108.409973,1059500
2024-06-24,112.730003,113.269997,112.550003,112.550003,108.525681,951700
2024-06-25,112.730003,112.830002,112.349998,112.769997,108.737808,1968600
2024-06-26,112.360001,112.699997,112.18,112.599998,108.573891,846500
2024-06-27,112.699997,112.949997,112.5,112.809998,108.776375,1094600
2024-06-28,113.010002,113.480003,112.290001,112.629997,108.602814,1192500
2024-07-01,113.099998,113.129997,112.370003,112.779999,108.747452,2528300
2024-07-02,112.510002,113.339996,112.5,113.309998,109.258507,1245300
2024-07-03,113.529999,114.209999,113.529999,114.18,110.097389,1510200
2024-07-05,114.489998,114.760002,113.989998,114.709999,110.608452,1308500
2024-07-08,114.900002,115.010002,114.540001,114.68,110.579498,1283700
2024-07-09,114.860001,114.93,114.540001,114.660004,110.560242,885400
2024-07-10,115.050003,115.900002,115.010002,115.870003,111.726967,1064400
2024-07-11,116.099998,116.510002,115.5,115.639999,111.50518,1379900
2024-07-12,116.099998,117.089996,116.029999,116.419998,112.257301,1007900
2024-07-15,116.650002,117.019997,116.129997,116.389999,112.228363,1740800
2024-07-16,116.599998,117.260002,116.510002,117.25,113.057617,853800
2024-07-17,116.209999,116.559998,115.75,115.800003,111.65947,2856300
2024-07-18,116.139999,116.279999,114.440002,114.82,110.714508,1007600
2024-07-19,114.599998,114.839996,113.900002,114.059998,109.981689,1043000
2024-07-22,114.849998,115.269997,114.480003,115.199997,111.08091,1057700
2024-07-23,115,115.309998,114.779999,114.839996,110.733788,1038200
2024-07-24,114.160004,114.230003,112.550003,112.629997,108.602814,1035100
2024-07-25,112.489998,113.75,111.860001,112.25,108.236397,1196000
2024-07-26,113.099998,113.940002,112.959999,113.540001,109.480278,730200
2024-07-29,113.709999,114,113.029999,113.389999,109.33564,761000
2024-07-30,113.699997,113.900002,112.5,113.099998,109.056,1087500
2024-07-31,114.639999,115.459999,114.419998,114.860001,110.753082,1307700
2024-08-01,114.739998,115.089996,112.160004,112.779999,108.747452,2407600
2024-08-02,111.349998,111.349998,109.849998,110.709999,106.751457,1864700
2024-08-05,106.370003,108.809998,105.900002,107.720001,103.86837,3283700
2024-08-06,107.760002,109.739998,107.529999,108.529999,104.649406,1539600
2024-08-07,110.160004,110.559998,108.160004,108.25,104.379425,1847900
2024-08-08,109.370003,110.669998,108.940002,110.559998,106.606819,668500
2024-08-09,110.459999,111.209999,110.150002,111.019997,107.050377,1519500
2024-08-12,111.190002,111.489998,110.650002,111.040001,107.069664,852600
2024-08-13,111.660004,112.800003,111.629997,112.769997,108.737808,761900
2024-08-14,112.870003,113.169998,112.400002,113.050003,109.007805,587600
2024-08-15,114.029999,114.809998,114.010002,114.720001,110.61808,762400
2024-08-16,114.580002,115.279999,114.580002,115.169998,111.051994,548200
2024-08-19,115.440002,116.379997,115.360001,116.349998,112.189796,693400
2024-08-20,116.330002,116.480003,115.75,116.029999,111.881241,721800
2024-08-21,116.419998,116.839996,116.150002,116.699997,112.52729,794200
2024-08-22,116.949997,117.010002,115.540001,115.720001,111.582344,828300
2024-08-23,116.5,117.449997,116.440002,117.400002,113.202248,1114400
2024-08-26,117.43,117.529999,116.739998,116.860001,112.681564,985000
2024-08-27,116.870003,117.32,116.650002,117.199997,113.009399,1046400
2024-08-28,117.080002,117.139999,115.980003,116.519997,112.353714,1126900
2024-08-29,117.029999,117.599998,116.540001,116.690002,112.517639,1026600
2024-08-30,117.209999,117.589996,116.410004,117.540001,113.33725,548000
2024-09-03,116.910004,116.949997,114.779999,115.230003,111.109848,1386400
2024-09-04,114.75,115.599998,114.650002,114.980003,110.868782,1048900
2024-09-05,115.080002,115.459999,114.349998,114.779999,110.675934,1570100
2024-09-06,114.860001,115.150002,112.669998,112.830002,108.79567,1151000
2024-09-09,113.75,114.32,113.419998,113.989998,109.914177,1132400
2024-09-10,114.150002,114.279999,113.040001,114.110001,110.029892,2004300
2024-09-11,114.07,115.199997,112.489998,115.040001,110.926643,1010400
2024-09-12,115.18,116.080002,114.739998,116.029999,111.881241,1140900
2024-09-13,116.230003,116.849998,116.230003,116.639999,112.469437,1053100
2024-09-16,116.860001,117.110001,116.459999,117.089996,112.903336,1080700
2024-09-17,117.419998,117.639999,116.589996,117.019997,112.835846,498600
2024-09-18,117.150002,118.129997,116.589996,116.690002,112.517639,1042100
2024-09-19,118.709999,119.089996,118.080002,118.760002,114.513634,780100
2024-09-20,117.959999,118.18,117.370003,117.900002,114.084969,1072900
2024-09-23,118.209999,118.459999,118.029999,118.279999,114.452675,1003800
2024-09-24,118.82,119.089996,118.330002,119.080002,115.226791,1018400
2024-09-25,119.050003,119.129997,118.410004,118.489998,114.655869,1654400
2024-09-26,120.129997,120.18,119.449997,119.959999,116.078308,1672600
2024-09-27,120.43,120.43,119.379997,119.610001,115.739632,1873800
2024-09-30,119.510002,119.75,118.709999,119.699997,115.826721,891300
2024-10-01,119.720001,119.730003,118.279999,118.940002,115.091309,1128000
2024-10-02,118.970001,119.260002,118.370003,119.120003,115.265488,4538800
2024-10-03,118.419998,118.849998,118.120003,118.459999,114.626846,2657900
2024-10-04,119.25,119.550003,118.620003,119.510002,115.642868,1791600
2024-10-07,119.32,119.379997,118.43,118.790001,114.946159,1825700
2024-10-08,118.730003,119.059998,118.480003,118.989998,115.139702,1076300
2024-10-09,118.720001,119.540001,118.540001,119.459999,115.594482,1305600
2024-10-10,119.230003,119.459999,118.790001,119.269997,115.410629,877800
2024-10-11,119.25,120.220001,119.160004,120.089996,116.204109,1081600
2024-10-14,120.160004,120.82,120.019997,120.690002,116.784683,775200
2024-10-15,120.510002,120.540001,119.260002,119.449997,115.584801,985000
2024-10-16,119.739998,120.139999,119.580002,120.040001,116.155724,984000
2024-10-17,120.559998,120.599998,119.970001,119.980003,116.097656,1100800
2024-10-18,120.550003,120.720001,120.290001,120.57,116.668571,737800
2024-10-21,120.239998,120.400002,119.5,119.949997,116.068626,877600
2024-10-22,119.349998,119.889999,119.279999,119.660004,115.788025,825300
2024-10-23,119.32,119.32,117.959999,118.620003,114.781677,1073200
2024-10-24,119.089996,119.089996,118.400002,118.93,115.081642,760700
2024-10-25,119.300003,119.739998,118.540001,118.730003,114.888107,1119900
2024-10-28,119.379997,119.580002,119.239998,119.349998,115.488045,1504600
2024-10-29,119.089996,119.470001,118.809998,119.25,115.391289,763900
2024-10-30,118.889999,119.43,118.629997,118.809998,114.965523,966200
2024-10-31,118.139999,118.139999,117.029999,117.089996,113.301178,976100
2024-11-01,117.760002,118.339996,117.449997,117.559998,113.755959,1508700
2024-11-04,117.82,118.129997,117.25,117.5,113.697906,1424400
2024-11-05,117.849998,118.919998,117.800003,118.919998,115.071953,782800
2024-11-06,120.07,120.589996,119.300003,120.480003,116.58149,1850600
2024-11-07,121.279999,121.970001,121.230003,121.75,117.810394,2380800
2024-11-08,121.300003,121.559998,121.089996,121.410004,117.481384,2177400
2024-11-11,121.559998,121.790001,121.290001,121.550003,117.616859,1076700
2024-11-12,121.080002,121.220001,120.040001,120.580002,116.678253,1352600
2024-11-13,120.510002,120.730003,119.949997,120.330002,116.43634,1305900
2024-11-14,120.470001,120.620003,119.589996,119.709999,115.836395,1021200
2024-11-15,119.279999,119.330002,118.269997,118.519997,114.684906,1803700
2024-11-18,118.769997,119.43,118.57,119.220001,115.362259,1916000
2024-11-19,118.480003,119.669998,118.43,119.529999,115.662224,1369100
2024-11-20,119.410004,119.550003,118.489998,119.5,115.633194,1529200
2024-11-21,119.889999,120.290001,119.150002,120.07,116.184746,996100
2024-11-22,120.050003,120.68,119.959999,120.589996,116.68792,1168700
2024-11-25,121.43,121.660004,120.68,121.099998,117.181412,1214400
2024-11-26,121.139999,121.300003,120.75,121.18,117.258827,1368900
2024-11-27,121.330002,121.5,120.809998,121.029999,117.113686,1715500
2024-11-29,121.230003,122.07,121.169998,121.940002,117.99424,616500
2024-12-02,122.099998,122.339996,121.790001,122.199997,118.245827,1477900
2024-12-03,122.330002,122.470001,122.050003,122.400002,118.439354,985900
2024-12-04,122.68,122.959999,122.529999,122.900002,118.92318,2169000
2024-12-05,123.129997,123.279999,122.889999,122.919998,118.942528,1037200
2024-12-06,123.199997,123.360001,122.910004,123.07,119.087669,1037500
2024-12-09,123.519997,123.639999,122.760002,122.82,118.845764,1629000
2024-12-10,122.75,122.75,121.989998,122.040001,118.091003,1122400
2024-12-11,122.709999,123.099998,122.57,122.970001,118.990913,1061700
2024-12-12,122.639999,122.699997,122.129997,122.139999,118.187775,1173400
2024-12-13,122.440002,122.480003,121.709999,122,118.052292,1158600
2024-12-16,122.080002,122.419998,121.959999,122.160004,118.207123,1635000
2024-12-17,121.849998,121.849998,121.43,121.650002,117.713623,1776400
2024-12-18,121.599998,121.910004,118.019997,118.059998,114.239784,1985500
2024-12-19,119.050003,119.309998,118.029999,118.040001,114.220428,2015800
2024-12-20,116.559998,118.970001,116.389999,118.110001,115.143639,2673700
2024-12-23,118.099998,118.849998,117.529999,118.760002,115.777321,1931500
2024-12-24,118.940002,119.730003,118.809998,119.699997,116.693718,1222600
2024-12-26,119.550003,120.040001,119.290001,119.839996,116.8302,944000
2024-12-27,119.230003,119.370003,118.239998,118.900002,115.913818,1588000
2024-12-30,117.769997,118.330002,117.110001,117.75,114.792694,2054500
2024-12-31,118.139999,118.260002,117.209999,117.480003,114.529472,1821400
2025-01-02,117.980003,118.32,116.620003,117.239998,114.295494,2520300
2025-01-03,117.82,118.57,117.5,118.449997,115.475105,1595800
2025-01-06,119.07,120,118.93,119.18,116.186768,1640800
2025-01-07,119.709999,119.760002,117.830002,118.010002,115.046158,6187500
2025-01-08,117.900002,118.25,117.32,118.050003,115.085159,5568500
2025-01-10,117.290001,117.290001,115.879997,116.160004,113.24263,5313800
2025-01-13,115.230003,116.239998,115.139999,116.199997,113.281624,4232900
2025-01-14,116.839996,116.989998,115.949997,116.599998,113.671562,1523000
2025-01-15,118.260002,118.669998,117.93,118.379997,115.40686,4747500
2025-01-16,118.68,118.900002,118.220001,118.489998,115.514091,4770300
2025-01-17,119.389999,119.800003,119.260002,119.480003,116.479248,1390800
2025-01-21,120.400002,120.959999,120.059998,120.93,117.89283,2170800
2025-01-22,121.379997,121.550003,121.209999,121.239998,118.195038,1517000
2025-01-23,121.220001,121.910004,121.120003,121.889999,118.828712,1362900
2025-01-24,122.099998,122.349998,121.739998,121.900002,118.838463,1365700
2025-01-27,119.980003,120.669998,119.830002,120.510002,117.483368,2418600
2025-01-28,120.739998,121.440002,120.169998,121.290001,118.243774,1776400
2025-01-29,121.239998,121.400002,120.480003,120.919998,117.883064,1473400
2025-01-30,121.580002,122.370003,121.389999,121.940002,118.877457,1476500
2025-01-31,122.239998,122.660004,120.980003,121.07,118.029312,6053000
2025-02-03,119.220001,120.57,118.82,120.120003,117.103172,2300300
2025-02-04,120.449997,121.339996,120.360001,121.239998,118.195038,2286000
2025-02-05,121.339996,121.889999,120.919998,121.879997,118.818962,3403700
2025-02-06,122.239998,122.300003,121.669998,122.279999,119.208923,1263200
2025-02-07,122.5,122.709999,121.190002,121.290001,118.243774,1671300
2025-02-10,122,122.220001,121.769997,122.089996,119.023682,1750600
2025-02-11,121.699997,122.300003,121.68,122.160004,119.091934,1484700
2025-02-12,121.18,122.290001,120.970001,122.040001,118.974945,1819600
2025-02-13,122.279999,123.379997,122.150002,123.360001,120.261795,1604800
2025-02-14,123.580002,123.739998,123.330002,123.489998,120.388535,1448800
2025-02-18,123.839996,123.980003,123.519997,123.970001,120.856476,2276400
2025-02-19,123.510002,123.879997,123.330002,123.82,120.710243,1587700
2025-02-20,123.800003,123.849998,123.029999,123.650002,120.544518,1296300
2025-02-21,123.709999,123.730003,121.720001,121.910004,118.848213,1779300
2025-02-24,122.190002,122.300003,121.089996,121.309998,118.263275,1688600
2025-02-25,121.669998,121.849998,120.330002,121.169998,118.126801,1682200
2025-02-26,121.440002,122.330002,120.940002,121.349998,118.302277,1445600
2025-02-27,121.440002,121.559998,119.480003,119.519997,116.518234,2786500
2025-02-28,119.32,120.639999,118.75,120.57,117.54187,2975200
2025-03-03,121.489998,121.739998,118.580002,119.290001,116.294022,3613000
2025-03-04,118.599998,120.010002,117.150002,118.419998,115.445854,2562300
2025-03-05,119.050003,120.669998,118.629997,120.379997,117.356636,3412400
2025-03-06,119.199997,120.059998,118.209999,118.589996,115.611595,1798900
2025-03-07,118.419998,119.580002,117.5,119.339996,116.342758,2314700
2025-03-10,117.449997,117.959999,115.389999,116.300003,113.379112,2893800
2025-03-11,116.290001,116.870003,114.93,115.830002,112.920914,2010900
2025-03-12,116.839996,117.050003,115.470001,116.459999,113.535095,1426300
2025-03-13,116.089996,116.309998,114.779999,115.080002,112.189758,1691000
2025-03-14,116.18,117.620003,116.099998,117.470001,114.51973,2054900
2025-03-17,117.519997,119.059998,117.519997,118.639999,115.660339,1370800
2025-03-18,118.290001,118.379997,117.400002,117.790001,114.831688,1689900
2025-03-19,118.029999,119.440002,117.760002,118.760002,115.777321,1170400
2025-03-20,117.68,118.849998,117.540001,118.25,115.280136,1589300
2025-03-21,116.940002,117.709999,116.660004,117.599998,115.020943,905300
2025-03-24,118.269997,119.199997,118.269997,119.089996,116.478249,1425800
2025-03-25,119.400002,119.550003,119.080002,119.32,116.703224,1325100
2025-03-26,119.089996,119.330002,117.720001,118.019997,115.431732,1208200
2025-03-27,117.800003,118.449997,117.379997,117.889999,115.304581,1073900
2025-03-28,117.440002,117.480003,115.660004,115.82,113.279968,2363400
2025-03-31,114.5,116.230003,113.830002,115.949997,113.407135,3541500
2025-04-01,115.559998,116.629997,114.989998,116.330002,113.778801,1659100
2025-04-02,115.269997,117.370003,115.239998,117.019997,114.453659,1239200
2025-04-03,113.870003,114.290001,112.290001,112.400002,109.934982,4738200
2025-04-04,109.010002,109.309998,105.589996,105.699997,103.381912,6540300
2025-04-07,102.089996,108.349998,100.889999,104.43,102.139771,5704300
2025-04-08,108.040001,108.300003,101.82,103.160004,100.897636,4175700
2025-04-09,102.919998,112.639999,102.470001,111.980003,109.524185,5328500
2025-04-10,110,110.25,106.059998,108.860001,106.472618,3325400
2025-04-11,109.019997,111.32,108.389999,111.110001,108.673271,3186900
2025-04-14,112.639999,112.970001,111.160004,112.160004,109.700249,4323200
2025-04-15,112.510002,113.160004,112.089996,112.269997,109.807831,1895400
2025-04-16,111.43,112.120003,109.709999,110.599998,108.174446,2762100
2025-04-17,111.230003,111.980003,110.709999,111.18,108.741745,1728700
2025-04-21,110.709999,110.910004,108.419998,109.459999,107.059456,1751700
2025-04-22,110.57,112.389999,110.540001,111.849998,109.397041,1868700
2025-04-23,114.160004,114.919998,112.919998,113.279999,110.795685,3889200
2025-04-24,113.260002,115.339996,113.260002,115.25,112.722473,3142600
2025-04-25,115.07,115.870003,114.620003,115.800003,113.260414,2300000
2025-04-28,116,116.349998,115.059998,116.129997,113.583176,5356400
2025-04-29,115.870003,116.879997,115.82,116.660004,114.101555,2407600
2025-04-30,115.529999,116.970001,114.480003,116.599998,114.04287,2252900
2025-05-01,117.669998,117.959999,116.870003,117.019997,114.453659,1487600
2025-05-02,118.620003,119.230003,118.339996,119.059998,116.448914,1592700
2025-05-05,118.760002,119.309998,118.580002,118.800003,116.194626,1761900
2025-05-06,117.980003,118.849998,117.769997,118.129997,115.539322,5454600
2025-05-07,118.139999,118.610001,117.440002,118.209999,115.617561,2984500
2025-05-08,118.889999,119.550003,118.220001,118.620003,116.01857,1578200
2025-05-09,119.25,119.410004,118.529999,118.790001,116.184845,3546500
2025-05-12,121.5,121.730003,120.639999,121.730003,119.060371,2741900
2025-05-13,121.690002,122.730003,121.550003,122.330002,119.647209,2485200
2025-05-14,122.650002,122.739998,122.040001,122.330002,119.647209,1765700
2025-05-15,122.339996,123.050003,122.059998,123.019997,120.322067,1986500
2025-05-16,123.019997,123.639999,122.730003,123.620003,120.908913,1314200
2025-05-19,122.720001,124,122.690002,123.959999,121.241463,2304000
2025-05-20,123.769997,123.970001,123.32,123.830002,121.114311,1891100
2025-05-21,123.379997,123.949997,122.099998,122.279999,119.598297,1696600
2025-05-22,122.25,122.779999,121.830002,122.190002,119.510277,1431200
2025-05-23,121.150002,122.290001,121,121.910004,119.23642,1955900
2025-05-27,123.260002,123.93,122.889999,123.889999,121.172997,2606700
2025-05-28,123.910004,123.910004,122.910004,123.040001,120.341637,1893800
2025-05-29,124.099998,124.099998,122.800003,123.540001,120.830673,1700100
2025-05-30,123.25,123.629997,122.199997,123.370003,120.664391,1695200
2025-06-02,123.209999,124.220001,122.699997,124.190002,121.466415,1822900
2025-06-03,123.93,124.68,123.68,124.510002,121.779404,1556700
2025-06-04,124.860001,125.160004,124.699997,124.800003,122.063042,1517300
2025-06-05,125.330002,125.389999,124.129997,124.459999,121.730492,1882400
2025-06-06,125.330002,125.650002,125.059998,125.43,122.679222,2745700
2025-06-09,125.709999,126,125.379997,125.639999,122.884621,2784400
2025-06-10,125.93,126.269997,125.599998,126.239998,123.471451,1676100
2025-06-11,126.610001,126.720001,125.75,126,123.236717,1978300
2025-06-12,126.110001,126.580002,125.879997,126.540001,123.764877,1527800
2025-06-13,125.379997,125.919998,124.699997,124.949997,122.209755,3691800
2025-06-16,125.980003,126.650002,125.800003,126.040001,123.275848,2468200
2025-06-17,125.57,125.739998,124.639999,124.809998,122.072815,2368400
2025-06-18,125.129997,125.57,124.699997,124.879997,122.141281,2208700
2025-06-20,125.050003,125.050003,123.610001,123.739998,121.605682,2992100
2025-06-23,123.580002,124.919998,123.190002,124.919998,122.765327,3919800
2025-06-24,125.879997,126.68,125.769997,126.489998,124.30825,4473800
2025-06-25,126.489998,126.690002,126.019997,126.269997,124.092041,3086100
2025-06-26,126.889999,127.519997,126.739998,127.449997,125.251686,2036700
2025-06-27,127.800003,128.380005,127.32,128,125.792198,2292900
2025-06-30,128.240005,128.679993,127.989998,128.520004,126.303238,4038900
2025-07-01,128.279999,128.75,128.119995,128.529999,126.313057,2137600
2025-07-02,128.320007,129.110001,128.220001,129.110001,126.883072,2313700
2025-07-03,129.360001,129.949997,129.360001,129.789993,127.551331,1389800
2025-07-07,129.190002,129.440002,128.160004,128.610001,126.391678,2520500
2025-07-08,128.889999,129.169998,128.649994,128.880005,126.657036,4461700
2025-07-09,129.380005,129.649994,128.970001,129.649994,127.413734,3199200
2025-07-10,129.619995,130.050003,129.320007,129.889999,127.649597,2039700
2025-07-11,129.210007,129.449997,129.020004,129.240005,127.010818,2440700
2025-07-14,129.089996,129.539993,128.940002,129.470001,127.236855,1767300
2025-07-15,129.990005,130.050003,128.779999,128.809998,126.588234,1771300
2025-07-16,129.279999,129.389999,128.199997,129.320007,127.089455,3184000
2025-07-17,129.309998,130.070007,129.25,129.979996,127.738052,1775700
2025-07-18,130.490005,130.490005,129.710007,129.869995,127.629951,2014300
2025-07-21,130.270004,130.839996,130.160004,130.190002,127.944443,3618100
2025-07-22,130.289993,130.619995,129.779999,130.550003,128.298218,2568300
2025-07-23,131.449997,132.050003,131.110001,132.050003,129.772354,2981300
2025-07-24,131.960007,132.070007,131.669998,131.699997,129.428391,2582000
2025-07-25,131.490005,132.039993,131.399994,131.979996,129.703568,1400400
2025-07-28,131.669998,131.699997,131.089996,131.320007,129.054947,1876800
2025-07-29,131.630005,131.690002,130.919998,131.080002,128.819077,2040400
2025-07-30,131.080002,131.380005,130.119995,130.619995,128.367004,2920000
2025-07-31,131.300003,131.300003,129.729996,129.929993,127.688896,3032900
2025-08-01,129.080002,129.080002,127.790001,128.410004,126.195137,7426700
2025-08-04,129.5,130.229996,129.350006,130.210007,127.964088,2642400
2025-08-05,130.520004,130.630005,129.610001,129.949997,127.708572,1751900
2025-08-06,130.360001,130.919998,130.059998,130.800003,128.5439,2104900
2025-08-07,131.770004,131.880005,130.479996,131.039993,128.779755,2398700
2025-08-08,131.410004,131.949997,131.369995,131.809998,129.536499,1731200
2025-08-11,131.910004,131.979996,131.259995,131.460007,129.192535,2595000
2025-08-12,132,133.029999,131.800003,133.029999,130.735443,1918900
2025-08-13,133.559998,133.75,133.270004,133.699997,131.393875,3866700
2025-08-14,133.089996,133.479996,132.899994,133.380005,131.079422,2047500
2025-08-15,133.869995,133.869995,133.199997,133.380005,131.079422,1812000
2025-08-18,133.369995,133.509995,133.179993,133.449997,131.148209,3237800
2025-08-19,133.380005,133.669998,132.630005,132.839996,130.548721,2295900
2025-08-20,132.910004,132.919998,131.860001,132.669998,130.381653,3283300
2025-08-21,132.259995,132.589996,131.919998,132.190002,129.909927,1920300
2025-08-22,132.740005,134.660004,132.660004,134.449997,132.130951,2948400
2025-08-25,134.080002,134.259995,133.550003,133.570007,131.266129,1977600
2025-08-26,133.369995,133.960007,133.339996,133.919998,131.610092,2130600
2025-08-27,133.449997,134.080002,133.380005,133.979996,131.669052,1827600
2025-08-28,134.199997,134.589996,133.940002,134.509995,132.189911,2474300
2025-08-29,134.029999,134.100006,133.429993,133.770004,131.462692,4013100
2025-09-02,132.309998,132.860001,131.889999,132.809998,130.519226,2749600
2025-09-03,133.169998,133.429993,132.770004,133.300003,131.000793,4118400
2025-09-04,133.440002,134.259995,133.210007,134.25,131.934402,2359400
2025-09-05,135.059998,135.300003,133.660004,134.380005,132.062149,9392700
2025-09-08,134.889999,135.210007,134.699997,135.110001,132.779572,1983600
2025-09-09,135.089996,135.320007,134.75,135.240005,132.907333,2166800
2025-09-10,135.860001,136.039993,135.25,135.529999,133.192322,2100300
2025-09-11,136.020004,136.949997,135.919998,136.869995,134.509201,2223400
2025-09-12,136.770004,136.910004,136.509995,136.600006,134.243881,1549200
2025-09-15,137.160004,137.389999,137.059998,137.369995,135.000595,2017000
2025-09-16,137.610001,137.610001,137.020004,137.320007,134.951447,2512200
2025-09-17,137.380005,137.910004,136.309998,137.119995,134.754898,4474400
2025-09-18,137.539993,138.110001,137.199997,137.759995,135.383865,2821500
2025-09-19,137.490005,137.610001,136.949997,137.470001,135.56926,2449500
2025-09-22,137.360001,138.100006,137.240005,138.029999,136.121521,2562800
2025-09-23,138.210007,138.350006,137.330002,137.509995,135.608704,3087500
2025-09-24,137.509995,137.580002,136.690002,136.889999,134.997269,2253500
2025-09-25,136.210007,136.360001,135.479996,136.119995,134.23793,2857200
2025-09-26,136.279999,136.880005,136.130005,136.860001,134.967697,2719700
2025-09-29,137.440002,137.600006,137.100006,137.380005,135.480515,2553600
2025-09-30,137.240005,137.919998,137.009995,137.800003,135.894714,2948900
2025-10-01,137.660004,138.600006,137.660004,138.509995,136.594879,2029800
2025-10-02,138.970001,139.039993,138.119995,138.710007,136.79213,2271200
2025-10-03,139.130005,139.649994,138.809998,139.080002,137.157013,1941100
2025-10-06,139.619995,139.800003,139.220001,139.580002,137.650085,2161800
2025-10-07,139.580002,139.679993,138.539993,138.720001,136.801971,2614700
2025-10-08,139,139.5,138.860001,139.470001,137.541611,1640000
2025-10-09,139.600006,139.630005,138.399994,138.740005,136.821701,2443800
2025-10-10,138.830002,139.070007,135.110001,135.160004,133.291199,3920700
2025-10-13,136.830002,137.570007,136.600006,137.320007,135.421341,2499800
2025-10-14,136.070007,137.910004,135.479996,137.25,135.352295,3824500
2025-10-15,138.339996,138.880005,136.940002,138.020004,136.111664,4691400
2025-10-16,138.660004,138.940002,137.020004,137.649994,135.74678,3535600
2025-10-17,137.300003,138.289993,136.949997,138.080002,136.170837,7243900
2025-10-20,138.789993,139.630005,138.669998,139.449997,137.521881,2800400
2025-10-21,139.270004,139.440002,138.830002,139.089996,137.166855,1680700
2025-10-22,139.179993,139.270004,137.690002,138.490005,136.57518,2137400
2025-10-23,138.630005,139.630005,138.630005,139.399994,137.472565,1688100
2025-10-24,140.169998,140.559998,140.100006,140.279999,138.340424,1490100
2025-10-27,141.270004,141.740005,141.240005,141.679993,139.721054,2165600
2025-10-28,141.800003,142.089996,141.419998,141.779999,139.819672,2213600
2025-10-29,142.169998,142.210007,140.839996,141.589996,139.632309,3234400
2025-10-30,140.800003,141.279999,140.320007,140.339996,138.399567,5374300
2025-10-31,140.990005,140.990005,139.970001,140.589996,138.646118,2426700
2025-11-03,141.100006,141.179993,140.089996,140.759995,138.813766,2903100
2025-11-04,139.25,139.919998,138.899994,138.990005,137.068253,2352300
2025-11-05,139.039993,140.25,138.960007,139.75,137.817749,2283500
2025-11-06,139.600006,139.779999,138.179993,138.5,136.585022,3046900
2025-11-07,138.110001,138.860001,136.899994,138.830002,136.910446,2999400
2025-11-10,140.039993,140.910004,139.600006,140.770004,138.823624,4168700
2025-11-11,140.660004,141.330002,140.5,141.149994,139.19838,2296900
2025-11-12,141.550003,141.630005,141.110001,141.490005,139.533676,2500000
2025-11-13,141.080002,141.160004,139.059998,139.289993,137.36409,3749900
2025-11-14,138.139999,139.960007,137.729996,139.240005,137.314789,3513600
2025-11-17,138.649994,139.300003,137.070007,137.710007,135.805954,5049700
2025-11-18,136.75,137.440002,135.710007,136.679993,134.790176,6751900
2025-11-19,136.639999,137.699997,136.070007,136.820007,134.928268,3084100
2025-11-20,138.509995,138.880005,134.669998,134.729996,132.867157,8104200
2025-11-21,135.279999,137.009995,134.479996,136.149994,134.267502,4733900
2025-11-24,136.600006,137.899994,136.399994,137.800003,135.894714,4783000
2025-11-25,137.850006,139.240005,137.110001,139.080002,137.157013,2834700
2025-11-26,139.639999,140.529999,139.5,140.220001,138.28125,4283700
2025-11-28,140.330002,140.940002,140.270004,140.889999,138.941971,1657600
2025-12-01,140.169998,140.850006,140.070007,140.220001,138.28125,2803700
2025-12-02,140.660004,140.800003,140.050003,140.479996,138.537643,1996100
2025-12-03,140.350006,141.199997,140.240005,141.059998,139.109634,2790200
2025-12-04,141.5,141.550003,140.839996,141.279999,139.326584,3958100
2025-12-05,141.699997,142.160004,141.389999,141.559998,139.602707,3904200
2025-12-08,141.779999,141.779999,140.809998,141.130005,139.17865,3191700
2025-12-09,141.020004,141.470001,140.919998,140.970001,139.020874,2519300
2025-12-10,141.009995,142.479996,140.820007,142.169998,140.204285,4262300
2025-12-11,141.910004,142.660004,141.410004,142.559998,140.588882,3182500
2025-12-12,142.619995,142.639999,140.699997,141.220001,139.26741,3720700
2025-12-15,142.119995,142.199997,141,141.220001,139.26741,3988200
2025-12-16,140.910004,141.169998,140.039993,140.679993,138.734863,3710000
2025-12-17,140.850006,141,139.330002,139.389999,137.462723,2635000
2025-12-18,140.610001,141.270004,140.179993,140.440002,138.498199,2186900
2025-12-19,139.899994,140.759995,139.860001,140.5,139.666229,3108300
2025-12-22,141.229996,141.479996,140.970001,141.339996,140.501236,3065500
2025-12-23,141.449997,142.050003,141.380005,142.009995,141.167267,2762600
2025-12-24,142.039993,142.460007,142.009995,142.360001,141.515182,1430100
2025-12-26,142.550003,142.610001,142.229996,142.5,141.654358,1699000
2025-12-29,142.119995,142.300003,141.669998,142.009995,141.167267,2760400
2025-12-30,142.149994,142.350006,141.949997,141.979996,141.137451,2538600
2025-12-31,141.970001,142.050003,141.029999,141.059998,140.2229,3672600
2026-01-02,142.259995,142.470001,141.380005,142.100006,141.256729,4387700
2026-01-05,142.729996,143.5,142.679993,143.300003,142.449615,7382400
2026-01-06,143.550003,144.220001,143.490005,144.139999,143.284622,4700600
2026-01-07,144.119995,144.270004,143.460007,143.539993,142.688171,7542300
2026-01-08,143.320007,143.720001,143.119995,143.639999,142.787598,3070000
2026-01-09,143.919998,144.759995,143.720001,144.589996,143.731949,3998700
2026-01-12,144.380005,145.320007,144.369995,145.240005,144.378098,3400800
2026-01-13,145.179993,145.259995,144.380005,144.699997,143.841293,4232100
2026-01-14,144.490005,144.679993,143.839996,144.600006,143.741898,4545100
2026-01-15,145.339996,145.550003,144.830002,144.929993,144.069931,4058600
2026-01-16,145.229996,145.240005,144.479996,144.929993,144.069931,3127300
2026-01-20,143.160004,143.740005,142.279999,142.449997,141.604645,7591400
2026-01-21,143.100006,144.75,142.729996,144.119995,143.26474,6825900
2026-01-22,145,145.330002,144.559998,144.919998,144.059998,5293000
2026-01-23,144.740005,145.320007,144.509995,145.199997,144.338333,3791700
2026-01-26,145.669998,146.149994,145.529999,145.839996,144.974533,4678600
2026-01-27,146.509995,147.149994,146.479996,147.050003,146.177353,4936900
2026-01-28,147.149994,147.259995,146.320007,146.800003,145.928833,4430300
2026-01-29,147.479996,147.479996,144.850006,146.720001,145.849319,8850000
2026-01-30,146.100006,146.399994,144.600006,145.449997,144.586853,13316000
2026-02-02,145.179993,146.429993,145.070007,146.149994,145.282684,4177400
2026-02-03,146.449997,146.559998,144.389999,145.610001,144.745895,5718700
2026-02-04,146.270004,146.399994,144.309998,145.130005,144.268753,7009800
2026-02-05,144.009995,144.710007,143.119995,143.369995,142.51918,8561300
2026-02-06,144.639999,146.660004,144.619995,146.460007,145.590866,2636500
2026-02-09,146.470001,147.929993,146.320007,147.669998,146.793686,3890200
2026-02-10,148.220001,148.300003,147.539993,147.580002,146.704224,3727000
2026-02-11,148.529999,148.720001,147.119995,147.979996,147.101837,4919800
2026-02-12,148.509995,148.669998,145.789993,145.960007,145.093826,6120400
2026-02-13,145.880005,147,145.089996,146.339996,145.471573,5372200
2026-02-17,145.630005,146.690002,144.759995,146.289993,145.42186,5586700
2026-02-18,146.619995,147.660004,146.350006,147.009995,146.137589,3300900
2026-02-19,146.320007,146.759995,146.020004,146.679993,145.80954,3861100
2026-02-20,146.330002,148.039993,146.259995,147.949997,147.072021,5087100
2026-02-23,147.649994,148.100006,146.199997,146.649994,145.779724,6073200
2026-02-24,146.600006,147.880005,146.339996,147.699997,146.823486,6002800
2026-02-25,148.490005,149.009995,148.220001,148.910004,148.026321,5340100
2026-02-26,149.070007,149.070007,147.25,148.399994,147.519348,6394100
2026-02-27,147.589996,148.029999,147.110001,147.839996,146.962662,5198300
2026-03-02,145.470001,147.460007,145.300003,146.949997,146.077942,7713300
2026-03-03,142.880005,144.610001,141.270004,144.039993,143.185211,13870600
2026-03-04,144.479996,145.589996,143.919998,145.259995,144.39798,5318000
2026-03-05,144.009995,144.860001,142.300003,143.570007,142.718002,10527800
2026-03-06,141.690002,142.630005,141.029999,141.929993,141.087723,7498700
2026-03-09,140.309998,143.619995,139.350006,143.240005,142.389969,9180700
2026-03-10,143.339996,145.009995,142.770004,143.220001,142.370087,8055000
2026-03-11,143.110001,143.729996,142.279999,143.039993,142.191147,8392100
2026-03-12,141.770004,141.960007,140.460007,140.550003,139.715927,9415600
2026-03-13,141.25,141.880005,139.339996,139.520004,138.692047,8763500
2026-03-16,141.25,142.070007,140.899994,141.490005,140.65036,4340800
2026-03-17,142.270004,142.729996,141.800003,142.020004,141.1772,2818300
2026-03-18,141.300003,141.679993,139.800003,139.820007,138.990265,3503300
2026-03-19,138.25,140.190002,137.899994,139.550003,138.721878,5703700
2026-03-20,138.669998,138.820007,135.580002,136.320007,135.829315,5287200
2026-03-23,138.600006,140.110001,137.869995,138.600006,138.101105,6783800
2026-03-24,137.300003,138.699997,136.949997,137.899994,137.403625,4429000
2026-03-25,139.649994,139.929993,138.520004,139.169998,138.669052,4334000
2026-03-26,137.839996,138.639999,136.339996,136.440002,135.948883,4334400
2026-03-27,135.869995,136.110001,134.289993,134.619995,134.135422,5289200
2026-03-30,135.839996,135.940002,133.649994,134.190002,133.706985,4883100
2026-03-31,135.740005,138.479996,135.429993,138.320007,137.822128,8261900
2026-04-01,139.339996,140.490005,139.229996,139.690002,139.18718,3990700
2026-04-02,137.240005,139.910004,136.979996,139.369995,138.868332,2973800
2026-04-06,139.860001,140.309998,139.429993,140.070007,139.565826,2548900
2026-04-07,139.520004,140.259995,138.289993,140.130005,139.62561,3542000
2026-04-08,144.710007,145.289993,143.729996,144.580002,144.059586,6111500
2026-04-09,143.850006,145.350006,143.570007,144.949997,144.428253,3965000
2026-04-10,145.380005,145.660004,144.720001,144.979996,144.45813,2317400
2026-04-13,144.429993,146.460007,144.169998,146.399994,145.873016,4455900
2026-04-14,146.940002,148.179993,146.940002,148.089996,147.556946,3059500
2026-04-15,147.889999,148.710007,147.729996,148.619995,148.085037,2622700
2026-04-16,148.929993,149.100006,148.350006,148.789993,148.254425,2329000
2026-04-17,150.259995,151.440002,150.130005,150.839996,150.297043,3111100
2026-04-20,150.25,150.580002,149.770004,150.479996,149.938339,3183300
2026-04-21,150.520004,150.690002,148.520004,148.759995,148.224533,2473100
2026-04-22,149.860001,150.130005,149.660004,150.100006,149.559723,1863900
2026-04-23,149.710007,150.149994,147.699997,149.149994,148.613129,3382900
2026-04-24,149.720001,150.419998,149.279999,150.339996,149.798843,4861300
2026-04-27,150.350006,150.550003,149.919998,150.320007,149.778931,2892900
2026-04-28,149.610001,149.839996,148.889999,149.460007,148.922028,1857100
2026-04-29,149.509995,149.509995,148.300003,148.940002,148.403885,2203600
2026-04-30,149.839996,151.380005,149.399994,151.199997,150.655746,4025100
2026-05-01,151.600006,152.399994,151.330002,151.440002,150.894897,2817700
2026-05-04,151.289993,151.720001,150.009995,150.559998,150.018051,2609800
2026-05-05,151.669998,152.429993,151.550003,152.119995,151.572433,2451800
2026-05-06,154.130005,155.169998,153.910004,155.059998,154.501862,2151100
2026-05-07,155.270004,155.309998,153.449997,153.720001,153.166687,2744800
2026-05-08,154.940002,155.270004,154.699997,155.179993,154.621414,2360700
2026-05-11,155.330002,155.630005,155,155.320007,154.760925,2164600
2026-05-12,154.240005,154.509995,152.979996,154.350006,153.794418,2307800
2026-05-13,154.419998,155.570007,154.009995,155.399994,154.840622,1550500
2026-05-14,155.559998,156.419998,155.350006,156.020004,155.458405,2520100
2026-05-15,154.190002,154.300003,153.220001,153.520004,152.967407,3071500
2026-05-18,154.020004,154.410004,152.610001,153.710007,153.156723,2650000
2026-05-19,152.720001,153.5,152.029999,152.630005,152.080612,2543900
2026-05-20,152.940002,154.770004,152.720001,154.630005,154.07341,2038400
2026-05-21,154.110001,155.710007,153.720001,155.210007,154.651321,2375200
2026-05-22,155.699997,156.289993,155.320007,155.570007,155.010025,2565600
2026-05-26,157.380005,157.630005,156.899994,157.380005,156.813507,2407900
2026-05-27,157.5,157.589996,156.729996,157.160004,156.594299,4252100
2026-05-28,156.720001,158.009995,156.470001,157.869995,157.301743,3263200
2026-05-29,158.139999,158.529999,157.800003,158.119995,157.550842,5118100
2026-06-01,158.039993,159.169998,157.5,158.600006,158.029129,3407100
2026-06-02,158.649994,159.410004,158.419998,159.350006,158.776428,2967600
2026-06-03,159,159,157.809998,157.949997,157.381454,3336600
2026-06-04,157.570007,158.75,157.460007,158.539993,157.96933,2216100
2026-06-05,157.089996,157.089996,153.229996,153.679993,153.126816,3986400
2026-06-08,155.160004,155.600006,154.210007,154.479996,153.923935,5059000
2026-06-09,155.740005,156.559998,151.199997,154.300003,153.744598,5115600
2026-06-10,153.369995,154.570007,151.880005,151.919998,151.373154,5763500
2026-06-11,152.919998,155.880005,152.240005,155.610001,155.049881,4852900
2026-06-12,155.899994,156.839996,154.919998,156.289993,155.727417,8980200
2026-06-15,158.759995,159.199997,158.5,158.720001,158.148682,4689200
2026-06-16,158.889999,159.169998,157.919998,157.990005,157.42131,6737700
2026-06-17,158.460007,158.860001,156.130005,156.410004,155.847,3620600
2026-06-18,157.789993,157.949997,157.119995,157.660004,157.660004,1976600
2026-06-22,157.889999,158.429993,157.270004,157.559998,157.559998,2718900
2026-06-23,154.419998,155.600006,154.210007,154.330002,154.330002,3432200
2026-06-24,154.580002,155.339996,153.669998,154.259995,154.259995,3436800
2026-06-25,155.839996,156.690002,154,154.850006,154.850006,3836700
2026-06-26,153.619995,155.139999,153.259995,153.949997,153.949997,4824200
2026-06-29,155.160004,155.910004,153.880005,155.830002,155.830002,2903400
2026-06-30,155.990005,157.199997,155.860001,156.949997,156.949997,3835400
2026-07-01,156.190002,156.990005,155.699997,156.119995,156.119995,3083300
2026-07-02,156.779999,157.789993,154.979996,156.169998,156.169998,2264400
2026-07-06,157.259995,158.039993,157.059998,157.809998,157.809998,2578500
2026-07-07,157.279999,157.440002,155.949997,156.339996,156.339996,1929500
2026-07-08,155.149994,155.919998,154.259995,155.809998,155.809998,1900400
2026-07-09,156.330002,157.240005,156.050003,157,157,1660600
2026-07-10,157.210007,157.729996,156.289993,157.630005,157.630005,1760500
2026-07-13,156.710007,156.940002,155.570007,155.809998,155.809998,2383900
2026-07-14,156.639999,157.255005,156.329895,156.845001,156.845001,1021901
