Date,Open,High,Low,Close,Adj Close,Volume
2001-06-15,55.424999,56.005001,55.174999,55.665001,35.812126,1067400
2001-06-18,55.814999,55.915001,55.310001,55.310001,35.583755,282600
2001-06-19,56.150002,56.165001,55.235001,55.465,35.68346,1777600
2001-06-20,55.375,56.075001,55.375,56.049999,36.059818,476000
2001-06-21,56,56.724998,55.875,56.5,36.349319,240400
2001-06-22,56.450001,56.450001,55.875,56.139999,36.117722,180600
2001-06-25,56.099998,56.189999,55.389999,55.639999,35.885525,30400
2001-06-26,55.049999,55.775002,55.029999,55.494999,35.792015,146600
2001-06-27,55.599998,55.84,55.235001,55.5,35.795242,114000
2001-06-28,55.900002,56.689999,55.900002,56.18,36.23381,357400
2001-06-29,56.025002,56.810001,55.955002,56.5,36.440178,215000
2001-07-02,56.299999,56.970001,56.299999,56.650002,36.536938,290000
2001-07-03,56.575001,56.674999,56.415001,56.619999,36.517593,56800
2001-07-05,56.445,56.470001,55.974998,55.974998,36.101597,627600
2001-07-06,55.5,55.540001,54.5,54.5,35.150276,777000
2001-07-09,54.715,55.099998,54.650002,54.849998,35.376019,850000
2001-07-10,55.130001,55.154999,54.125,54.125,34.908417,218000
2001-07-11,54.224998,54.259998,53.630001,54.195,34.953571,47200
2001-07-12,54.724998,55.544998,54.720001,55.48,35.782341,64800
2001-07-13,55.200001,55.869999,55.150002,55.744999,35.953251,430000
2001-07-16,55.775002,55.775002,55.040001,55.099998,35.537254,46400
2001-07-17,55,55.75,54.869999,55.75,35.956482,183400
2001-07-18,55.275002,55.544998,54.955002,55.169998,35.582401,54400
2001-07-19,55.875,56.119999,55.25,55.48,35.782341,18600
2001-07-20,55.5,55.645,55.25,55.485001,35.785576,11600
2001-07-23,55.625,55.695,54.525002,54.525002,35.166401,52000
2001-07-24,54.334999,54.52,53.400002,53.77,34.679455,102400
2001-07-25,53.849998,54.470001,53.73,54.450001,35.118027,519200
2001-07-26,54.34,55.145,54.195,55.145,35.56628,65000
2001-07-27,55.185001,55.419998,54.869999,55.240002,35.627552,208000
2001-07-30,55.400002,55.400002,54.955002,55.195,35.598534,25600
2001-07-31,55.25,55.919998,55.205002,55.419998,35.743649,119200
2001-08-01,55.599998,55.970001,55.474998,55.66,35.898434,237400
2001-08-02,56.174999,56.200001,55.625,55.834999,36.011299,62200
2001-08-03,55.799999,55.799999,55.27,55.639999,35.885525,17600
2001-08-06,55.599998,55.599998,54.91,55,35.472771,30400
2001-08-07,54.950001,55.169998,54.900002,55.099998,35.537254,29200
2001-08-08,54.924999,55.220001,54.049999,54.099998,34.892281,54400
2001-08-09,54.044998,54.259998,53.805,54.259998,34.995487,56200
2001-08-10,54.299999,54.625,53.575001,54.48,35.137375,114200
2001-08-13,54.619999,54.73,54.360001,54.575001,35.198658,34200
2001-08-14,54.775002,54.950001,54.355,54.455002,35.121262,38600
2001-08-15,54.695,54.695,53.985001,53.985001,34.818123,49800
2001-08-16,53.945,54.150002,53.549999,54.150002,34.924564,42800
2001-08-17,53.860001,53.900002,53.169998,53.325001,34.392437,84600
2001-08-20,53.375,53.724998,53.349998,53.700001,34.634304,71800
2001-08-21,53.799999,54.150002,52.950001,52.950001,34.1506,69800
2001-08-22,53.290001,53.575001,52.860001,53.439999,34.466629,326800
2001-08-23,53.450001,53.535,53.25,53.369999,34.421471,31000
2001-08-24,53.5,54.345001,53.404999,54.345001,35.050327,52400
2001-08-27,54.200001,54.349998,54,54.150002,34.924564,75600
2001-08-28,54.075001,54.075001,53.244999,53.244999,34.340862,61600
2001-08-29,53.474998,53.474998,52.650002,52.744999,34.018375,90000
2001-08-30,52.625,52.82,51.705002,51.955002,33.508862,111800
2001-08-31,52.075001,52.560001,51.915001,52.174999,33.650745,69800
2001-09-04,52.169998,53.035,51.900002,51.900002,33.473381,71600
2001-09-05,51.924999,52.060001,51.259998,51.825001,33.425018,45800
2001-09-06,51.705002,51.705002,50.775002,50.775002,32.747818,90600
2001-09-07,50.52,50.84,49.75,49.75,32.086742,133200
2001-09-10,49.650002,50.299999,49.375,50.125,32.328598,75200
2001-09-17,47.125,48.549999,47.125,47.744999,30.793571,410000
2001-09-18,47.724998,48,47.075001,47.134998,30.400143,318400
2001-09-19,47.25,47.525002,45.099998,46.5,29.990606,257200
2001-09-20,45.75,45.950001,45,45,29.023159,218200
2001-09-21,43.5,45,43.400002,44.275002,28.555571,223200
2001-09-24,45.5,45.974998,45.130001,45.695,29.57663,578000
2001-09-25,45.974998,46.32,45.5,46.125,29.854956,190000
2001-09-26,46.424999,46.424999,45.634998,45.77,29.625177,244200
2001-09-27,45.799999,46.445,45.380001,46.224998,29.919676,406200
2001-09-28,46.674999,47.474998,46.674999,47.474998,30.728756,365800
2001-10-01,47.099998,47.299999,46.654999,47.044998,30.450434,922000
2001-10-02,47.025002,47.669998,47,47.625,30.825846,983400
2001-10-03,47.174999,48.900002,47.174999,48.465,31.369524,722600
2001-10-04,49.095001,49.490002,48.625,48.625,31.473112,579000
2001-10-05,48.625,48.775002,47.965,48.650002,31.489296,338000
2001-10-08,48.224998,48.645,48.154999,48.325001,31.27894,726800
2001-10-09,48.299999,48.325001,47.955002,48.005001,31.071806,466400
2001-10-10,48.075001,49.174999,48.075001,49.145,31.809689,665600
2001-10-11,49.875,50.130001,49.724998,50.044998,32.392216,540200
2001-10-12,49.724998,49.955002,48.869999,49.665001,32.146263,353400
2001-10-15,49.400002,49.775002,49.174999,49.735001,32.191555,458600
2001-10-16,49.700001,50.305,49.650002,50.014999,32.372803,1283000
2001-10-17,50.395,50.505001,49,49,31.715837,516200
2001-10-18,49.005001,49.139999,48.540001,48.744999,31.550768,476600
2001-10-19,48.555,49.044998,48.25,48.880001,31.638157,536800
2001-10-22,48.849998,49.715,48.805,49.610001,32.110645,449800
2001-10-23,49.849998,50.084999,49.375,49.424999,31.990911,397600
2001-10-24,49.5,49.695,49.205002,49.400002,31.974752,445000
2001-10-25,49,50.150002,48.695,50.099998,32.427822,773600
2001-10-26,50.125,50.575001,49.990002,50.369999,32.602573,308000
2001-10-29,50.200001,50.200001,49.200001,49.200001,31.845263,339800
2001-10-30,48.889999,48.889999,48.084999,48.389999,31.321003,436800
2001-10-31,48.674999,49.07,48.450001,48.450001,31.35984,227400
2001-11-01,48.724998,49.529999,48.064999,49.470001,32.020042,343200
2001-11-02,49.099998,49.744999,49.099998,49.549999,32.071823,308000
2001-11-05,50.400002,50.43,50.105,50.259998,32.531391,241400
2001-11-06,50.209999,51.005001,50,50.990002,33.003868,388000
2001-11-07,51,51.369999,50.84,50.900002,32.945625,154800
2001-11-08,51.275002,51.744999,50.889999,50.93,32.96505,128200
2001-11-09,50.915001,51.130001,50.665001,51.040001,33.03624,207400
2001-11-12,50.490002,51.064999,50.029999,50.950001,32.977993,368400
2001-11-13,51.599998,51.939999,51.439999,51.849998,33.560524,153400
2001-11-14,52.424999,52.424999,51.715,52.169998,33.767643,207800
2001-11-15,52.099998,52.299999,51.810001,52.005001,33.660862,203800
2001-11-16,52.125,52.165001,51.555,51.985001,33.647892,163800
2001-11-19,52.25,52.514999,52.040001,52.514999,33.990967,273800
2001-11-20,52.575001,52.610001,52.134998,52.139999,33.748234,84000
2001-11-21,52.200001,52.200001,51.630001,51.82,33.541096,128600
2001-11-23,51.900002,52.544998,51.900002,52.455002,33.952114,90800
2001-11-26,52.665001,52.880001,52.334999,52.775002,34.159241,139000
2001-11-27,52.75,53.174999,52.200001,52.630001,34.065376,241400
2001-11-28,52.450001,52.450001,51.52,51.52,33.346928,207600
2001-11-29,51.91,52.310001,51.555,52.310001,33.858261,170400
2001-11-30,52.189999,52.395,52.139999,52.139999,33.748234,331800
2001-12-03,51.834999,51.950001,51.57,51.779999,33.515217,263800
2001-12-04,51.98,52.459999,51.825001,52.459999,33.95536,184600
2001-12-05,52.974998,53.91,52.895,53.75,34.790337,201000
2001-12-06,53.849998,53.950001,53.509998,53.650002,34.725586,275800
2001-12-07,53.68,53.68,53.095001,53.535,34.651165,173400
2001-12-10,53.200001,53.305,52.474998,52.525002,33.997425,346800
2001-12-11,52.75,52.994999,52.264999,52.389999,33.910049,254400
2001-12-12,52.575001,52.595001,51.849998,52.360001,33.890629,315400
2001-12-13,51.990002,52.139999,51.5,51.580002,33.385769,111000
2001-12-14,51.525002,51.924999,51.400002,51.814999,33.537857,192400
2001-12-17,51.849998,52.389999,51.814999,52.195,33.783844,81600
2001-12-18,52.700001,52.830002,52.555,52.735001,34.133347,324600
2001-12-19,52.5,53.139999,52.380001,52.974998,34.288712,112200
2001-12-20,52.950001,53.035,52.5,52.5,33.981255,131800
2001-12-21,52.575001,52.919998,52.549999,52.779999,34.162468,338200
2001-12-24,52.700001,52.759998,52.685001,52.700001,34.238155,123200
2001-12-26,52.575001,53.310001,52.575001,52.959999,34.407066,94600
2001-12-27,53.099998,53.275002,53.009998,53.264999,34.605225,94400
2001-12-28,53.470001,53.630001,53.330002,53.424999,34.709206,220000
2001-12-31,53.474998,53.474998,52.695,52.695,34.234913,137600
2002-01-02,53,53.169998,52.305,53.125,34.514267,1627600
2002-01-03,53.23,53.695,53.174999,53.695,34.884602,354400
2002-01-04,53.900002,54.205002,53.645,54.049999,35.115238,487200
2002-01-07,54.375,54.375,53.68,53.700001,34.887836,760400
2002-01-08,53.810001,53.810001,53.424999,53.544998,34.78717,278600
2002-01-09,53.575001,54.195,53.240002,53.365002,34.670197,219200
2002-01-10,53.325001,53.525002,53.169998,53.325001,34.644199,281000
2002-01-11,53.5,53.5,52.865002,52.880001,34.35511,80000
2002-01-14,52.849998,52.849998,52.465,52.465,34.08551,442600
2002-01-15,52.700001,52.955002,52.459999,52.825001,34.319382,271800
2002-01-16,52.424999,52.52,51.950001,51.950001,33.750912,346400
2002-01-17,52.450001,52.525002,52.174999,52.490002,34.101738,212000
2002-01-18,52.459999,52.459999,51.875,52.005001,33.786621,215800
2002-01-22,52.424999,52.424999,51.549999,51.599998,33.523533,140000
2002-01-23,51.724998,52.169998,51.474998,52.044998,33.812618,42000
2002-01-24,52.375,52.549999,52.23,52.275002,33.962051,50800
2002-01-25,52.224998,52.514999,52.044998,52.360001,34.017292,47000
2002-01-28,52.474998,52.535,52.049999,52.32,33.991287,439400
2002-01-29,52.5,52.535,50.924999,51.02,33.146687,117800
2002-01-30,51.099998,51.580002,50.215,51.5,33.458553,300800
2002-01-31,51.825001,52.235001,51.66,52.235001,33.936073,237400
2002-02-01,52.334999,52.334999,51.814999,51.93,33.737915,199200
2002-02-04,51.900002,51.900002,50.619999,50.674999,32.922565,183000
2002-02-05,50.724998,50.98,50.23,50.494999,32.805626,204800
2002-02-06,50.375,50.674999,50.005001,50.16,32.587978,304200
2002-02-07,50.009998,50.544998,49.950001,49.950001,32.451553,198200
2002-02-08,50.075001,50.68,49.965,50.665001,32.916073,160600
2002-02-11,50.790001,51.43,50.724998,51.365002,33.370853,381200
2002-02-12,51.25,51.490002,51.044998,51.240002,33.289646,271000
2002-02-13,51.34,51.834999,51.34,51.715,33.598228,91800
2002-02-14,51.924999,52.07,51.470001,51.645,33.552746,110200
2002-02-15,51.775002,51.775002,51.009998,51.084999,33.188915,51600
2002-02-19,50.985001,50.985001,50.064999,50.134998,32.571743,181000
2002-02-20,50.25,50.759998,49.724998,50.759998,32.977806,121400
2002-02-21,50.634998,50.91,49.950001,49.950001,32.451553,46200
2002-02-22,49.900002,50.599998,49.77,50.314999,32.688679,47600
2002-02-25,50.575001,51.299999,50.575001,51.209999,33.270145,146000
2002-02-26,51.349998,51.494999,50.855,51.380001,33.380585,51400
2002-02-27,51.259998,51.895,50.950001,51.200001,33.263626,2348200
2002-02-28,51.450001,51.799999,51.25,51.32,33.341595,161200
2002-03-01,51.439999,52.345001,51.435001,52.345001,34.00753,304800
2002-03-04,52.5,53.369999,52.349998,53.325001,34.644199,302600
2002-03-05,53.325001,53.555,52.950001,53.025002,34.449333,136600
2002-03-06,53.125,53.91,53.02,53.794998,34.949577,236600
2002-03-07,53.985001,54.044998,53.369999,53.57,34.803383,74600
2002-03-08,54.299999,54.34,53.77,53.970001,35.063248,371200
2002-03-11,54,54.345001,53.700001,54.145,35.176971,55600
2002-03-12,53.75,54.154999,53.494999,54.040001,35.108753,73000
2002-03-13,54,54,53.435001,53.535,34.780643,344400
2002-03-14,53.509998,53.68,53.400002,53.490002,34.7514,57000
2002-03-15,53.674999,54.075001,53.599998,53.959999,35.056759,60000
2002-03-18,54.299999,54.345001,53.779999,54,35.082748,378600
2002-03-19,54.325001,54.419998,54.110001,54.25,35.245159,97200
2002-03-20,54,54,53.375,53.375,34.676701,267600
2002-03-21,53.474998,53.705002,52.935001,53.610001,34.829372,70800
2002-03-22,53.599998,53.700001,53.279999,53.400002,34.692955,80800
2002-03-25,53.299999,53.34,52.450001,52.450001,34.171741,294400
2002-03-26,52.599998,53.189999,52.560001,52.814999,34.409519,88800
2002-03-27,52.889999,53.224998,52.735001,53.130001,34.614769,63200
2002-03-28,53.174999,53.529999,53.055,53.055,34.565907,637200
2002-04-01,53,53.235001,52.525002,53.09,34.588707,3147600
2002-04-02,52.965,53,52.740002,52.744999,34.363926,1023600
2002-04-03,52.825001,52.825001,52,52.169998,33.989311,103600
2002-04-04,52.25,52.450001,52.035,52.330002,34.093567,103200
2002-04-05,52.619999,52.619999,52.134998,52.244999,34.038181,91800
2002-04-08,51.825001,52.375,51.68,52.375,34.122875,155000
2002-04-09,52.5,52.525002,52.029999,52.099998,33.943707,74000
2002-04-10,52.174999,52.715,52.165001,52.715,34.344379,39800
2002-04-11,52.650002,52.650002,51.525002,51.525002,33.569077,95000
2002-04-12,51.799999,51.994999,51.525002,51.93,33.832958,79000
2002-04-15,51.974998,52.080002,51.435001,51.619999,33.630978,78200
2002-04-16,52.130001,52.75,52.115002,52.700001,34.334602,77600
2002-04-17,52.724998,52.939999,52.5,52.619999,34.282497,56800
2002-04-18,52.599998,52.82,51.880001,52.57,34.249924,71600
2002-04-19,52.75,52.75,52.48,52.59,34.262962,36400
2002-04-22,52.424999,52.424999,51.75,51.845001,33.777557,66000
2002-04-23,51.900002,51.994999,51.5,51.57,33.598404,90800
2002-04-24,51.599998,51.884998,51.150002,51.150002,33.324776,53000
2002-04-25,51.025002,51.285,50.900002,51.235001,33.380157,77600
2002-04-26,51.400002,51.41,50.279999,50.279999,32.757961,133600
2002-04-29,50.474998,50.560001,49.950001,50.049999,32.608109,204000
2002-04-30,50.25,50.814999,50,50.689999,33.025066,109400
2002-05-01,50.689999,51.110001,50.099998,51.110001,33.298717,123400
2002-05-02,51.5,51.5,50.724998,50.865002,33.139084,63000
2002-05-03,50.799999,50.799999,50.264999,50.395,32.832874,55000
2002-05-06,50.514999,50.580002,49.445,49.445,32.213951,88000
2002-05-07,49.849998,49.849998,49.220001,49.220001,32.067341,143400
2002-05-08,50.224998,51.150002,50.150002,51.044998,33.256367,201400
2002-05-09,50.924999,50.924999,50.365002,50.365002,32.813332,63000
2002-05-10,50.375,50.435001,49.5,49.5,32.249783,99600
2002-05-13,49.724998,50.435001,49.540001,50.435001,32.858952,87800
2002-05-14,51.294998,51.580002,51.025002,51.580002,33.604927,99200
2002-05-15,51.595001,51.834999,51.125,51.294998,33.41925,1182800
2002-05-16,51.455002,51.540001,51.244999,51.5,33.552814,33400
2002-05-17,51.775002,51.895,51.465,51.865002,33.790611,62800
2002-05-20,51.584999,51.584999,51.130001,51.174999,33.341068,64000
2002-05-21,51.294998,51.470001,50.544998,50.564999,32.943653,60800
2002-05-22,50.575001,50.860001,50.395,50.775002,33.080467,68600
2002-05-23,51.02,51.314999,50.575001,51.314999,33.43227,51800
2002-05-24,51.299999,51.299999,50.705002,50.705002,33.034847,53400
2002-05-28,50.915001,50.915001,50.145,50.395,32.832874,137200
2002-05-29,50.424999,50.424999,50.084999,50.115002,32.650475,94400
2002-05-30,49.875,50.185001,49.514999,49.965,32.552734,62200
2002-05-31,50.150002,50.605,49.974998,49.974998,32.559238,55600
2002-06-03,50,50.18,48.75,48.75,31.761148,182400
2002-06-04,48.75,49.049999,48.279999,48.674999,31.712273,114600
2002-06-05,48.924999,49.209999,48.75,49.209999,32.060844,59000
2002-06-06,49.264999,49.264999,48.200001,48.285,31.458187,64400
2002-06-07,47.525002,48.540001,47.525002,48.355,31.503803,119200
2002-06-10,48.349998,48.799999,48.279999,48.439999,31.559183,58600
2002-06-11,48.759998,48.759998,47.584999,47.619999,31.024942,50200
2002-06-12,47.505001,47.900002,47.084999,47.855,31.178051,94200
2002-06-13,47.75,48.07,47.345001,47.349998,30.849035,130000
2002-06-14,46.700001,47.424999,46.189999,47.240002,30.777361,97800
2002-06-17,47.849998,48.66,47.84,48.599998,31.663416,83800
2002-06-18,48.400002,48.915001,48.400002,48.650002,31.696011,81000
2002-06-19,48.325001,48.75,47.875,47.895,31.204123,59400
2002-06-20,47.825001,48,47.185001,47.285,30.806681,70600
2002-06-21,47.125,47.209999,46.299999,46.505001,30.298487,1384200
2002-06-24,46.375,46.900002,45.424999,46.535,30.403049,497200
2002-06-25,46.799999,47.044998,45.599998,45.68,29.844433,54400
2002-06-26,44.599998,45.735001,44.575001,45.549999,29.759502,739200
2002-06-27,46.099998,46.314999,45.200001,46.314999,30.259308,744000
2002-06-28,46.349998,46.834999,46.325001,46.400002,30.314835,739400
2002-07-01,46.5,46.5,45.240002,45.240002,29.556973,128400
2002-07-02,45.025002,45.169998,44.25,44.310001,28.949356,147000
2002-07-03,44.075001,44.529999,43.580002,44.529999,29.093098,824400
2002-07-05,45.049999,46.195,45,46.195,30.180887,70200
2002-07-08,46.200001,46.275002,45.395,45.490002,29.720295,118600
2002-07-09,45.525002,45.555,44.345001,44.365002,28.985308,406000
2002-07-10,44.525002,44.630001,43,43.009998,28.100006,147200
2002-07-11,42.950001,43.5,42.125,43.325001,28.305824,209400
2002-07-12,43.174999,43.724998,42.790001,43.224998,28.240501,292600
2002-07-15,42.400002,42.889999,41.095001,42.799999,27.96282,309200
2002-07-16,42.650002,43,42.025002,42.259998,27.610003,594000
2002-07-17,43.275002,43.325001,42.02,42.485001,27.757029,629600
2002-07-18,42.575001,42.575001,41.200001,41.235001,26.940359,564600
2002-07-19,41.099998,41.099998,39.689999,39.849998,26.03549,518200
2002-07-22,39.599998,39.959999,38.43,38.709999,25.290684,2653800
2002-07-23,38.825001,39.049999,37.535,37.599998,24.565468,1006400
2002-07-24,36.695,39.799999,36.544998,39.799999,26.00281,338000
2002-07-25,39.474998,40.200001,38.555,39.465,25.78393,432000
2002-07-26,39.715,40.049999,39.099998,40,26.133493,742000
2002-07-29,41.075001,42.25,40.915001,42.220001,27.583912,470400
2002-07-30,41.825001,42.744999,41.625,42.43,27.721087,270600
2002-07-31,42.43,42.639999,41.785,42.529999,27.786427,213200
2002-08-01,42.299999,42.57,41.419998,41.439999,27.074284,629000
2002-08-02,41.314999,41.345001,40.130001,40.474998,26.44381,548200
2002-08-05,40.299999,40.349998,39.099998,39.125,25.56181,703600
2002-08-06,40.025002,40.994999,40.025002,40.400002,26.394821,232200
2002-08-07,41.150002,41.150002,40.150002,41.035,26.809692,767400
2002-08-08,41.25,42.375,41.084999,42.325001,27.652489,223000
2002-08-09,41.825001,42.724998,41.75,42.400002,27.701475,402800
2002-08-12,41.900002,42.439999,41.799999,42.299999,27.636154,149600
2002-08-13,42.150002,42.645,41.375,41.375,27.031816,89000
2002-08-14,41.5,42.955002,41.075001,42.950001,28.060823,227400
2002-08-15,43.224998,43.605,42.950001,43.400002,28.35483,231600
2002-08-16,43,43.744999,43,43.375,28.338499,159600
2002-08-19,43.424999,44.445,43.424999,44.419998,29.021223,1122400
2002-08-20,44.099998,44.099998,43.549999,43.849998,28.648821,204000
2002-08-21,44.325001,44.494999,43.645,44.494999,29.070238,220200
2002-08-22,44.450001,45.130001,44.294998,44.98,29.387091,147800
2002-08-23,44.700001,44.720001,43.825001,44.075001,28.795837,256800
2002-08-26,44.150002,44.48,43.549999,44.375,28.991837,1022800
2002-08-27,44.599998,44.599998,43.575001,43.654999,28.521437,197400
2002-08-28,43.325001,43.439999,42.775002,42.959999,28.06736,676400
2002-08-29,42.349998,43.25,42.279999,43,28.0935,92400
2002-08-30,42.674999,43.435001,42.674999,42.855,27.998758,117200
2002-09-03,42.150002,42.154999,41.174999,41.185001,26.907682,301200
2002-09-04,41.275002,42.119999,41.174999,41.869999,27.355228,854600
2002-09-05,41.224998,41.715,40.974998,41.349998,27.015486,754800
2002-09-06,42.025002,42.275002,41.724998,42.099998,27.505489,148800
2002-09-09,41.75,42.650002,41.549999,42.43,27.721087,1292800
2002-09-10,42.549999,42.75,42.334999,42.724998,27.913824,150000
2002-09-11,43.244999,43.244999,42.645,42.674999,27.881166,890200
2002-09-12,42.314999,42.314999,41.650002,41.700001,27.244158,115200
2002-09-13,41.505001,41.950001,41.25,41.799999,27.30949,145000
2002-09-16,41.790001,41.91,41.445,41.849998,27.342163,108400
2002-09-17,42.450001,42.450001,41.035,41.09,26.845608,431600
2002-09-18,40.849998,41.290001,40.375,40.82,26.66922,523400
2002-09-19,40.5,40.575001,39.705002,39.77,25.983213,245000
2002-09-20,39.924999,40.025002,39.549999,39.77,25.983213,342400
2002-09-23,39.5,39.5,38.884998,39.345001,25.70554,268200
2002-09-24,38.75,39.220001,38.505001,38.799999,25.349466,209000
2002-09-25,39.259998,39.775002,38.639999,39.57,25.852547,260800
2002-09-26,40,40.314999,39.700001,40.23,26.283743,159800
2002-09-27,39.75,40.18,39.005001,39.005001,25.483408,135200
2002-09-30,38.355,38.825001,37.715,38.375,25.168596,295400
2002-10-01,38.775002,39.814999,38.25,39.814999,26.113029,194000
2002-10-02,39.525002,39.950001,38.625,38.875,25.496534,111600
2002-10-03,38.950001,39.345001,38.435001,38.450001,25.217793,145000
2002-10-04,38.549999,38.549999,37.200001,37.66,24.69965,374000
2002-10-07,37.650002,37.799999,36.720001,36.849998,24.168407,406600
2002-10-08,37.150002,37.825001,36.584999,37.375,24.512737,201600
2002-10-09,36.849998,37.375,36.259998,36.400002,23.873276,248200
2002-10-10,36.349998,37.650002,36,37.5,24.594728,405400
2002-10-11,37.674999,39.349998,37.674999,39.115002,25.653936,2286000
2002-10-14,38.724998,39.345001,38.700001,39.325001,25.791664,561200
2002-10-15,40.650002,41.075001,40.400002,41.075001,26.939413,260800
2002-10-16,40.625,40.665001,39.834999,40.139999,26.326187,222800
2002-10-17,41.150002,41.27,40.830002,41.02,26.903347,5168400
2002-10-18,40.825001,41.32,40.485001,41.185001,27.011559,248000
2002-10-21,40.924999,42.009998,40.724998,41.924999,27.496901,228800
2002-10-22,41.299999,41.735001,41.099998,41.400002,27.152578,194200
2002-10-23,41.25,41.700001,40.755001,41.674999,27.332933,232200
2002-10-24,41.825001,41.994999,41,41.125,26.972214,109800
2002-10-25,41,41.919998,40.900002,41.919998,27.493624,228000
2002-10-28,42.299999,42.299999,41.314999,41.470001,27.198484,143400
2002-10-29,41.415001,41.450001,40.485001,41.150002,26.988605,151600
2002-10-30,41.099998,41.650002,41.095001,41.455002,27.188654,241000
2002-10-31,41.849998,41.939999,41.099998,41.25,27.054195,125800
2002-11-01,41.049999,42.195,40.994999,42.099998,27.611675,109200
2002-11-04,42.724998,43.154999,42.305,42.369999,27.78875,336200
2002-11-05,42.369999,42.75,42.275002,42.625,27.955988,128600
2002-11-06,42.950001,43.200001,42.355,43.200001,28.333124,279000
2002-11-07,42.75,42.759998,41.974998,42.200001,27.677258,181000
2002-11-08,42.299999,42.48,41.619999,41.700001,27.349331,342800
2002-11-11,41.549999,41.57,40.849998,40.974998,26.873829,336800
2002-11-12,41.275002,41.764999,41.105,41.169998,27.001724,728200
2002-11-13,41.174999,41.720001,40.794998,41.25,27.054195,478200
2002-11-14,41.950001,42.275002,41.799999,42.235001,27.700218,611200
2002-11-15,42.025002,42.605,41.959999,42.5,27.874027,579400
2002-11-18,42.900002,42.900002,42.110001,42.110001,27.618244,319400
2002-11-19,41.924999,42.299999,41.744999,41.965,27.523132,255200
2002-11-20,41.924999,42.775002,41.880001,42.77,28.051096,139200
2002-11-21,43.200001,43.724998,43.105,43.645,28.624981,210600
2002-11-22,43.525002,43.799999,43.43,43.549999,28.562677,1082000
2002-11-25,43.549999,43.869999,43.224998,43.625,28.611853,152400
2002-11-26,43.450001,43.48,42.715,42.799999,28.070768,446800
2002-11-27,43.150002,44.055,43.150002,44,28.857805,93600
2002-11-29,44.125,44.125,43.724998,43.724998,28.677433,56600
2002-12-02,44.540001,44.700001,43.505001,43.865002,28.769264,284600
2002-12-03,43.5,43.5,43.095001,43.174999,28.316725,145800
2002-12-04,42.799999,43.310001,42.599998,43.060001,28.241287,183800
2002-12-05,43.200001,43.200001,42.529999,42.575001,27.923206,149600
2002-12-06,42.575001,42.950001,42.055,42.759998,28.044533,458200
2002-12-09,42.400002,42.5,41.75,41.75,27.382128,299400
2002-12-10,42.125,42.474998,41.955002,42.474998,27.857618,195200
2002-12-11,42.099998,42.700001,42.099998,42.549999,27.906815,186200
2002-12-12,42.650002,42.654999,42.150002,42.400002,27.808416,1674000
2002-12-13,42.005001,42.240002,41.75,41.75,27.382128,201000
2002-12-16,42.049999,42.75,41.924999,42.75,28.037983,512600
2002-12-17,42.674999,42.77,42.299999,42.41,27.814999,376000
2002-12-18,42.150002,42.150002,41.705002,41.805,27.418186,507800
2002-12-19,41.709999,42.25,41.380001,41.549999,27.250948,190000
2002-12-20,42,42.165001,41.814999,42.035,27.569033,1275800
2002-12-23,41.959999,42.200001,41.799999,41.855,27.579586,562200
2002-12-24,41.950001,41.950001,41.654999,41.654999,27.447798,551200
2002-12-26,41.779999,42.299999,41.575001,41.700001,27.477455,121800
2002-12-27,41.724998,41.724998,41,41,27.016197,200800
2002-12-30,41.25,41.349998,40.799999,41.224998,27.164473,2337800
2002-12-31,41.25,41.369999,40.724998,41.314999,27.223751,423400
2003-01-02,41.700001,42.525002,41.439999,42.5,28.004602,442000
2003-01-03,42.525002,42.639999,42.279999,42.474998,27.988111,769000
2003-01-06,42.799999,43.525002,42.700001,43.395,28.594343,554600
2003-01-07,43.375,43.439999,42.955002,43.080002,28.38678,506800
2003-01-08,42.91,42.950001,42.435001,42.540001,28.030951,201800
2003-01-09,42.875,43.34,42.875,43.200001,28.465853,175200
2003-01-10,43.075001,43.5,42.849998,43.32,28.544903,235800
2003-01-13,43.724998,43.724998,43.09,43.279999,28.518553,187600
2003-01-14,43.224998,43.474998,43.075001,43.474998,28.647039,86000
2003-01-15,43.375,43.375,42.825001,43.049999,28.36701,1076400
2003-01-16,43.075001,43.299999,42.654999,42.924999,28.284632,153600
2003-01-17,42.375,42.564999,42.080002,42.299999,27.872805,156600
2003-01-21,42.424999,42.424999,41.505001,41.575001,27.395077,209600
2003-01-22,41.5,42.285,41.150002,41.150002,27.11503,143600
2003-01-23,41.575001,41.669998,41.110001,41.424999,27.296244,179800
2003-01-24,41.375,41.375,40.349998,40.485001,26.676838,402800
2003-01-27,40.224998,40.459999,39.605,39.73,26.179338,451000
2003-01-28,40,40.360001,39.790001,40.099998,26.423157,641600
2003-01-29,39.75,40.73,39.695,40.575001,26.736153,244800
2003-01-30,40.549999,40.549999,39.525002,39.525002,26.044266,117000
2003-01-31,39.424999,40.299999,39.424999,40.169998,26.469269,422600
2003-02-03,40.349998,40.599998,40.224998,40.32,26.568136,130600
2003-02-04,39.825001,40.5,39.474998,40.5,26.686735,590000
2003-02-05,40.125,40.424999,39.564999,39.700001,26.15959,84600
2003-02-06,39.599998,39.75,39.150002,39.334999,25.919071,616000
2003-02-07,39.650002,39.700001,38.849998,38.950001,25.665394,314200
2003-02-10,39.025002,39.275002,38.700001,39.264999,25.872953,2427000
2003-02-11,39.400002,39.549999,38.799999,38.974998,25.681856,215000
2003-02-12,38.974998,39.035,38.450001,38.450001,25.335932,108800
2003-02-13,38.450001,38.525002,37.880001,38.389999,25.296389,1149600
2003-02-14,38.650002,39.040001,38.32,39.040001,25.724684,698000
2003-02-18,39.575001,39.935001,39.400002,39.935001,26.314432,125400
2003-02-19,39.724998,39.860001,39.334999,39.615002,26.103575,652600
2003-02-20,39.709999,39.810001,39.255001,39.299999,25.896013,51400
2003-02-21,39.424999,39.974998,39.145,39.830002,26.245234,643000
2003-02-24,39.724998,39.724998,39.025002,39.025002,25.714811,316800
2003-02-25,38.650002,39.494999,38.439999,39.494999,26.024508,209600
2003-02-26,39.174999,39.41,38.814999,38.955002,25.668686,1423800
2003-02-27,39.215,39.575001,38.955002,39.404999,25.96521,44200
2003-02-28,39.375,39.755001,39.375,39.549999,26.060762,152600
2003-03-03,39.900002,40.049999,39.125,39.255001,25.866364,55200
2003-03-04,39.075001,39.16,38.685001,38.700001,25.50065,80600
2003-03-05,38.575001,39,38.575001,38.935001,25.655504,66800
2003-03-06,38.575001,38.889999,38.555,38.724998,25.517132,603400
2003-03-07,38.224998,38.994999,38.224998,38.994999,25.695032,557200
2003-03-10,38.59,38.59,38,38.044998,25.069054,376600
2003-03-11,38.150002,38.355,37.720001,37.740002,24.868084,1562800
2003-03-12,37.724998,37.884998,37.195,37.875,24.957047,1267400
2003-03-13,38.490002,39.169998,38.150002,39.150002,25.797176,1664000
2003-03-14,39.400002,39.560001,38.98,39.299999,25.896013,1613400
2003-03-17,39.174999,40.59,38.904999,40.400002,26.620852,2038000
2003-03-18,40.724998,40.775002,40.279999,40.764999,26.861343,993000
2003-03-19,40.799999,41.02,40.41,40.924999,26.966789,2032200
2003-03-20,40.900002,41.25,40.27,41.125,27.098568,557400
2003-03-21,41.625,42.029999,41.200001,42,27.675129,768200
2003-03-24,41.119999,41.209999,40.455002,40.575001,26.736153,835800
2003-03-25,40.5,41.275002,40.5,41.055,27.052433,448600
2003-03-26,41.150002,41.150002,40.674999,40.855,26.920652,306400
2003-03-27,40.5,41.025002,40.299999,40.775002,26.867939,258800
2003-03-28,40.299999,40.875,40.299999,40.580002,26.739443,132200
2003-03-31,39.855,40.235001,39.505001,39.700001,26.256643,661000
2003-04-01,39.924999,40.349998,39.75,40.275002,26.636929,404200
2003-04-02,41.125,41.455002,41,41.240002,27.275162,564600
2003-04-03,41.5,41.525002,41,41,27.116423,314600
2003-04-04,41.25,41.369999,40.935001,41.145,27.21233,284400
2003-04-07,42.25,42.400002,41.150002,41.150002,27.215633,559000
2003-04-08,41.299999,41.325001,40.974998,41.125,27.199102,207600
2003-04-09,41.125,41.599998,40.555,40.650002,26.884941,3984000
2003-04-10,40.799999,40.865002,40.43,40.865002,27.027138,176200
2003-04-11,41.099998,41.369999,40.555,40.695,26.914698,247800
2003-04-14,40.849998,41.544998,40.785,41.540001,27.47357,239000
2003-04-15,41.424999,41.810001,41.285,41.810001,27.652145,203000
2003-04-16,41.950001,41.994999,41.185001,41.255001,27.285082,257000
2003-04-17,41.380001,41.924999,41.205002,41.895,27.708366,143200
2003-04-21,41.994999,42.119999,41.73,41.884998,27.701742,198000
2003-04-22,41.549999,42.75,41.549999,42.740002,28.267227,209400
2003-04-23,42.834999,43.145,42.700001,43.099998,28.505314,775200
2003-04-24,42.75,42.990002,42.525002,42.755001,28.277138,242000
2003-04-25,42.75,42.75,42.095001,42.165001,27.886934,350800
2003-04-28,42.369999,43.064999,42.325001,42.91,28.379662,224600
2003-04-29,43.150002,43.355,42.755001,43.049999,28.472248,379800
2003-04-30,42.974998,43.299999,42.785,43.119999,28.518539,477600
2003-05-01,42.974998,43.185001,42.439999,43.07,28.485474,241000
2003-05-02,43.025002,43.744999,42.884998,43.674999,28.885616,446400
2003-05-05,43.799999,43.965,43.544998,43.650002,28.869085,720000
2003-05-06,43.685001,44.169998,43.685001,43.950001,29.067476,314400
2003-05-07,43.700001,44.154999,43.665001,43.799999,28.968281,494600
2003-05-08,43.435001,43.764999,43.349998,43.349998,28.670658,213600
2003-05-09,43.5,43.98,43.485001,43.974998,29.084036,200000
2003-05-12,43.945,44.639999,43.75,44.5,29.431248,204200
2003-05-13,44.575001,44.68,44.279999,44.450001,29.39819,199800
2003-05-14,44.744999,44.744999,44.165001,44.290001,29.292353,248400
2003-05-15,44.494999,44.724998,44.264999,44.639999,29.523838,219200
2003-05-16,44.599998,44.744999,44.25,44.544998,29.46101,165000
2003-05-19,44.400002,44.400002,43.424999,43.5,28.769878,596600
2003-05-20,43.720001,43.724998,43.080002,43.455002,28.740112,502600
2003-05-21,43.235001,43.68,43.235001,43.634998,28.859144,266200
2003-05-22,43.700001,44.200001,43.625,43.924999,29.050974,266800
2003-05-23,44.150002,44.25,43.855,44.110001,29.173313,148000
2003-05-27,44,45.105,43.875,44.990002,29.755325,227600
2003-05-28,45.25,45.395,44.994999,45.040001,29.788391,323200
2003-05-29,45.25,45.525002,44.805,44.965,29.738789,346400
2003-05-30,44.849998,45.724998,44.849998,45.634998,30.181904,336400
2003-06-02,46.075001,46.400002,45.779999,45.825001,30.307564,314200
2003-06-03,45.775002,46.105,45.705002,46.099998,30.489454,236400
2003-06-04,46.150002,46.84,45.974998,46.759998,30.92597,354400
2003-06-05,46.634998,47.040001,46.369999,47.014999,31.094604,270000
2003-06-06,47.650002,47.865002,46.805,46.900002,31.018549,370000
2003-06-09,46.650002,46.700001,46.075001,46.275002,30.605196,240800
2003-06-10,46.650002,46.700001,46.275002,46.700001,30.886278,194800
2003-06-11,46.700001,47.325001,46.525002,47.259998,31.256639,191600
2003-06-12,47.549999,47.549999,47.07,47.355,31.319475,247800
2003-06-13,47.494999,47.494999,46.709999,46.889999,31.011948,301800
2003-06-16,47.150002,47.849998,47.099998,47.849998,31.646866,428400
2003-06-17,48,48.075001,47.720001,47.924999,31.69647,225400
2003-06-18,47.645,48.07,47.555,47.825001,31.630316,238800
2003-06-19,47.775002,47.924999,47.080002,47.09,31.14419,314800
2003-06-20,47.349998,47.435001,47.09,47.150002,31.18391,182000
2003-06-23,46.895,46.895,46.150002,46.325001,30.736036,378800
2003-06-24,46.200001,46.639999,46.200001,46.450001,30.818979,266400
2003-06-25,46.450001,46.82,46.084999,46.150002,30.61994,172800
2003-06-26,46.275002,46.68,46.150002,46.650002,30.951683,136400
2003-06-27,46.674999,46.830002,46.150002,46.255001,30.6896,213000
2003-06-30,46.650002,46.650002,46.145,46.224998,30.669689,252200
2003-07-01,46.099998,46.575001,45.669998,46.555,30.888641,347600
2003-07-02,46.599998,47.119999,46.575001,47.07,31.230345,138200
2003-07-03,46.900002,47.169998,46.700001,46.75,31.01803,128200
2003-07-07,47.25,47.720001,47.224998,47.650002,31.615152,310000
2003-07-08,47.650002,47.974998,47.455002,47.924999,31.797598,186200
2003-07-09,47.924999,48.049999,47.549999,47.75,31.681517,260800
2003-07-10,47.5,47.5,46.869999,47.150002,31.283419,168600
2003-07-11,47.275002,47.625,47.25,47.505001,31.518946,92400
2003-07-14,48.07,48.360001,47.549999,47.869999,31.761122,293400
2003-07-15,48.195,48.195,47.544998,47.630001,31.6019,222400
2003-07-16,47.924999,47.924999,47.154999,47.384998,31.439337,140400
2003-07-17,47.099998,47.275002,46.610001,46.77,31.031282,145200
2003-07-18,47.009998,47.314999,46.709999,47.25,31.349775,132800
2003-07-21,47.110001,47.110001,46.450001,46.555,30.888641,148600
2003-07-22,46.825001,47.110001,46.465,47.02,31.197159,130600
2003-07-23,47.060001,47.099998,46.605,47.075001,31.233664,142600
2003-07-24,47.389999,47.555,46.709999,46.709999,30.991478,98400
2003-07-25,46.849998,47.529999,46.575001,47.529999,31.535534,162000
2003-07-28,47.575001,47.639999,47.255001,47.485001,31.505693,211600
2003-07-29,47.59,47.625,46.959999,47.195,31.313272,302000
2003-07-30,47.400002,47.419998,47.035,47.185001,31.306633,78000
2003-07-31,47.549999,47.915001,47.244999,47.299999,31.38294,215200
2003-08-01,47.224998,47.224998,46.75,46.755001,31.021343,186200
2003-08-04,46.674999,47,46.154999,46.875,31.100958,197600
2003-08-05,46.825001,46.825001,46.02,46.040001,30.546944,293400
2003-08-06,45.950001,46.490002,45.825001,46.075001,30.570179,196200
2003-08-07,46.099998,46.424999,45.91,46.375,30.769213,170200
2003-08-08,46.424999,46.619999,46.305,46.505001,30.855461,97000
2003-08-11,46.595001,46.904999,46.404999,46.724998,31.001431,91600
2003-08-12,46.825001,47.25,46.674999,47.25,31.349775,96400
2003-08-13,47.375,47.380001,46.865002,46.970001,31.163996,143200
2003-08-14,47.07,47.325001,46.849998,47.259998,31.356405,76800
2003-08-15,47.150002,47.345001,47.150002,47.224998,31.333172,26000
2003-08-18,47.299999,47.810001,47.299999,47.764999,31.69146,102400
2003-08-19,48,48,47.674999,47.939999,31.807571,287000
2003-08-20,47.849998,48.07,47.75,47.935001,31.804256,208400
2003-08-21,48.145,48.355,47.98,48.150002,31.946905,199800
2003-08-22,48.544998,48.549999,47.605,47.650002,31.615152,202800
2003-08-25,47.650002,47.650002,47.369999,47.599998,31.581987,117600
2003-08-26,47.474998,47.810001,47.099998,47.759998,31.688156,275600
2003-08-27,47.775002,47.889999,47.599998,47.825001,31.731266,255400
2003-08-28,47.945,48.235001,47.57,48.174999,31.963495,104800
2003-08-29,48.025002,48.490002,48.025002,48.43,32.132683,511600
2003-09-02,48.619999,49.134998,48.275002,49.134998,32.60043,274200
2003-09-03,49.299999,49.48,49.174999,49.275002,32.693333,461800
2003-09-04,49.305,49.474998,49.150002,49.419998,32.789524,184400
2003-09-05,49.27,49.48,48.959999,49.154999,32.613724,516000
2003-09-08,49.275002,49.66,49.25,49.625,32.925552,148200
2003-09-09,49.599998,49.599998,49.150002,49.275002,32.693333,329200
2003-09-10,49.075001,49.125,48.505001,48.584999,32.235538,303600
2003-09-11,48.814999,49.064999,48.625,48.900002,32.44453,127000
2003-09-12,48.775002,49.060001,48.375,49.035,32.534092,192600
2003-09-15,49.07,49.07,48.775002,48.775002,32.361591,145000
2003-09-16,48.994999,49.549999,48.994999,49.549999,32.875782,138200
2003-09-17,49.474998,49.584999,49.255001,49.375,32.75967,193000
2003-09-18,49.470001,50,49.349998,50,33.174355,227600
2003-09-19,49.900002,49.970001,49.685001,49.82,33.054932,342800
2003-09-22,49.450001,49.450001,49.044998,49.25,32.676723,272400
2003-09-23,49.360001,49.595001,49.195,49.525002,32.8592,277200
2003-09-24,49.599998,49.610001,48.625,48.669998,32.291908,273800
2003-09-25,48.825001,48.889999,48.255001,48.255001,32.016582,278000
2003-09-26,48.275002,48.275002,47.900002,47.93,31.80094,206200
2003-09-29,47.855,48.215,47.634998,48.040001,31.98737,197000
2003-09-30,47.970001,48.049999,47.419998,47.75,31.794273,243000
2003-10-01,48.02,48.764999,47.915001,48.705002,32.430157,145400
2003-10-02,48.77,48.965,48.619999,48.924999,32.57666,125000
2003-10-03,49.724998,49.825001,49.290001,49.459999,32.93288,258600
2003-10-06,49.529999,49.744999,49.365002,49.674999,33.076038,194800
2003-10-07,49.575001,49.91,49.305,49.900002,33.225857,188800
2003-10-08,49.994999,49.994999,49.549999,49.709999,33.099339,101000
2003-10-09,50.075001,50.395,49.805,49.84,33.185894,196400
2003-10-10,49.965,50.029999,49.764999,49.919998,33.239182,139000
2003-10-13,50.244999,50.474998,50.139999,50.275002,33.475548,192600
2003-10-14,50.294998,50.5,50.060001,50.5,33.625374,214800
2003-10-15,50.77,50.77,50.195,50.325001,33.508839,143400
2003-10-16,50.299999,50.66,50.205002,50.529999,33.64534,126400
2003-10-17,50.57,50.584999,49.830002,49.985001,33.282463,160800
2003-10-20,50.07,50.174999,49.834999,50.174999,33.408962,150000
2003-10-21,50.195,50.419998,50.080002,50.244999,33.455578,119600
2003-10-22,49.895,49.900002,49.395,49.599998,33.026112,247600
2003-10-23,49.255001,49.755001,49.255001,49.674999,33.076038,216200
2003-10-24,49.275002,49.459999,48.974998,49.395,32.88961,170200
2003-10-27,49.625,49.889999,49.529999,49.68,33.079372,121400
2003-10-28,49.799999,50.375,49.799999,50.34,33.518826,499400
2003-10-29,50.294998,50.584999,50.205002,50.549999,33.658653,154000
2003-10-30,50.82,50.825001,50.375,50.41,33.565453,316200
2003-10-31,50.695,50.744999,50.544998,50.639999,33.718575,121000
2003-11-03,50.895,51.174999,50.759998,50.950001,33.924992,231800
2003-11-04,50.994999,51.080002,50.790001,50.799999,33.825108,188600
2003-11-05,50.82,50.935001,50.48,50.889999,33.885052,158200
2003-11-06,50.845001,51.200001,50.625,51.105,34.028198,252200
2003-11-07,51.325001,51.389999,50.875,50.875,33.875053,367400
2003-11-10,50.994999,51,50.564999,50.619999,33.705257,196200
2003-11-11,51.485001,51.485001,50.369999,50.525002,33.64201,180000
2003-11-12,50.625,51.200001,50.619999,51.134998,34.048172,238400
2003-11-13,51.075001,51.264999,50.950001,51.215,34.101452,250600
2003-11-14,51.27,51.470001,50.724998,50.82,33.838417,175200
2003-11-17,50.450001,50.535,50.014999,50.419998,33.572086,281400
2003-11-18,50.59,50.700001,49.994999,49.994999,33.289104,200200
2003-11-19,51,51,49.939999,50.349998,33.52549,141600
2003-11-20,50.165001,50.584999,49.915001,49.98,33.279129,187600
2003-11-21,50.150002,50.189999,49.875,50.009998,33.299095,130800
2003-11-24,50.474998,50.875,50.450001,50.875,33.875053,191200
2003-11-25,50.945,51.264999,50.834999,51,33.958279,166600
2003-11-26,51.294998,51.310001,50.849998,51.279999,34.144741,180200
2003-11-28,51.200001,51.450001,51.200001,51.400002,34.224621,54600
2003-12-01,51.650002,52.044998,51.580002,51.924999,34.574188,343400
2003-12-02,51.849998,52.035,51.740002,51.794998,34.487637,332600
2003-12-03,52.07,52.125,51.610001,51.610001,34.364441,202800
2003-12-04,51.705002,51.805,51.400002,51.799999,34.490974,197800
2003-12-05,51.674999,51.709999,51.299999,51.365002,34.201313,259600
2003-12-08,51.395,51.790001,51.299999,51.790001,34.484314,233600
2003-12-09,51.895,51.895,51.205002,51.244999,34.121422,128000
2003-12-10,51.285,51.365002,50.84,51.099998,34.024887,575200
2003-12-11,51.220001,51.895,51.185001,51.785,34.480999,298800
2003-12-12,51.900002,51.959999,51.549999,51.950001,34.590843,187000
2003-12-15,52.419998,52.424999,51.540001,51.540001,34.317837,978200
2003-12-16,51.665001,51.895,51.450001,51.799999,34.490974,157200
2003-12-17,51.869999,51.950001,51.625,51.950001,34.590843,353400
2003-12-18,52.044998,52.549999,51.950001,52.5,34.957054,245200
2003-12-19,52.599998,52.610001,52.299999,52.424999,34.907127,272400
2003-12-22,52.18,52.5,52.18,52.5,35.105034,217600
2003-12-23,52.52,52.73,52.485001,52.700001,35.238773,241600
2003-12-24,52.575001,52.705002,52.505001,52.650002,35.205345,92000
2003-12-26,52.720001,52.825001,52.650002,52.650002,35.205345,131000
2003-12-29,52.974998,53.419998,52.875,53.299999,35.639996,331600
2003-12-30,53.279999,53.450001,53.25,53.380001,35.693478,200800
2003-12-31,53.494999,53.580002,53.224998,53.23,35.593174,286200
2004-01-02,53.695,53.779999,53.130001,53.264999,35.616581,390200
2004-01-05,53.695,53.93,53.560001,53.860001,36.014431,368200
2004-01-06,53.889999,54.105,53.755001,54.044998,36.138142,244000
2004-01-07,54.025002,54.200001,53.75,54.200001,36.241772,209800
2004-01-08,54.424999,54.435001,54.174999,54.400002,36.375523,250400
2004-01-09,54.235001,54.5,54.014999,54.049999,36.141483,227200
2004-01-12,54.220001,54.369999,54,54.299999,36.308647,454000
2004-01-13,54.494999,54.494999,53.790001,54.174999,36.225052,448000
2004-01-14,54.294998,54.564999,54.185001,54.564999,36.485851,157200
2004-01-15,54.724998,54.869999,54.244999,54.794998,36.639622,334000
2004-01-16,54.790001,55.009998,54.715,54.959999,36.749966,397800
2004-01-20,55.174999,55.200001,54.84,55.099998,36.843578,416400
2004-01-21,55.044998,55.494999,54.825001,55.334999,37.000732,298600
2004-01-22,55.669998,55.709999,55.185001,55.294998,36.97398,307400
2004-01-23,55.415001,55.605,55,55.195,36.907108,222800
2004-01-26,55.264999,55.84,55.169998,55.775002,37.294937,920600
2004-01-27,55.845001,55.845001,55.299999,55.299999,36.97731,332000
2004-01-28,55.419998,55.52,54.384998,54.599998,36.509243,293600
2004-01-29,54.724998,54.755001,54.145,54.700001,36.576115,293200
2004-01-30,54.645,54.715,54.400002,54.619999,36.522625,345400
2004-02-02,54.700001,55.105,54.380001,54.720001,36.5895,234600
2004-02-03,54.650002,54.845001,54.525002,54.705002,36.57946,150200
2004-02-04,54.450001,54.584999,54.130001,54.195,36.238438,289400
2004-02-05,54.224998,54.509998,54.150002,54.415001,36.385544,138600
2004-02-06,54.5,55.130001,54.400002,55.115002,36.853622,186400
2004-02-09,55.150002,55.244999,55.005001,55.044998,36.806812,148600
2004-02-10,55.150002,55.465,55,55.395,37.040848,133600
2004-02-11,55.400002,55.990002,55.224998,55.855,37.348438,341400
2004-02-12,55.950001,55.950001,55.654999,55.705002,37.248127,200400
2004-02-13,55.82,55.875,55.255001,55.419998,37.057575,209000
2004-02-17,55.799999,56,55.705002,56,37.445381,298000
2004-02-18,55.974998,55.974998,55.560001,55.75,37.278217,170400
2004-02-19,56.025002,56.044998,55.400002,55.445,37.074268,250600
2004-02-20,55.450001,55.494999,54.924999,55.275002,36.960617,298000
2004-02-23,55.365002,55.369999,54.77,54.904999,36.713196,224600
2004-02-24,54.75,55.150002,54.68,54.93,36.729912,138600
2004-02-25,54.880001,55.25,54.880001,55.224998,36.927166,262400
2004-02-26,55.174999,55.439999,54.919998,55.305,36.980648,539400
2004-02-27,55.375,55.645,55.130001,55.384998,37.034161,219800
2004-03-01,55.445,56.044998,55.384998,55.924999,37.395245,315400
2004-03-02,55.994999,56.049999,55.580002,55.720001,37.25816,231200
2004-03-03,55.674999,55.82,55.355,55.75,37.278217,110000
2004-03-04,55.814999,56,55.625,56,37.445381,195400
2004-03-05,55.674999,56.395,55.674999,56.174999,37.562405,182800
2004-03-08,56.174999,56.310001,55.66,55.66,37.218037,266000
2004-03-09,55.474998,55.595001,55.115002,55.369999,37.024117,371600
2004-03-10,55.330002,55.360001,54.325001,54.380001,36.362133,268800
2004-03-11,54.025002,54.665001,53.610001,53.685001,35.897411,805800
2004-03-12,53.950001,54.445,53.845001,54.445,36.405605,311000
2004-03-15,54.16,54.23,53.450001,53.619999,35.853958,482600
2004-03-16,53.650002,54.084999,53.424999,53.915001,36.05122,292000
2004-03-17,54.174999,54.59,54.169998,54.494999,36.439045,179400
2004-03-18,54.494999,54.595001,53.965,54.43,36.395573,394000
2004-03-19,54.459999,54.459999,53.799999,53.799999,35.974327,152600
2004-03-22,53.450001,53.5,52.875,53.115002,35.516289,449800
2004-03-23,53.419998,53.43,52.935001,53.055,35.47617,289600
2004-03-24,53.005001,53.294998,52.625,53,35.439373,243400
2004-03-25,53.275002,53.845001,53.150002,53.75,35.940887,178000
2004-03-26,53.75,54.125,53.700001,53.880001,36.027813,1082200
2004-03-29,54.009998,54.400002,53.950001,54.240002,36.386719,1192000
2004-03-30,54.355,54.650002,54.25,54.540001,36.587967,227800
2004-03-31,54.625,54.799999,54.305,54.639999,36.655048,206600
2004-04-01,54.650002,55.095001,54.650002,54.919998,36.84288,202400
2004-04-02,55.375,55.584999,55.209999,55.419998,37.178307,367000
2004-04-05,55.48,55.830002,55.400002,55.785,37.423161,735200
2004-04-06,55.785,55.785,55.424999,55.634998,37.322536,228800
2004-04-07,55.509998,55.634998,55.200001,55.404999,37.16824,157400
2004-04-08,55.575001,55.799999,55.009998,55.325001,37.114597,198000
2004-04-12,55.525002,55.645,55.404999,55.5,37.231979,789000
2004-04-13,55.700001,55.700001,54.599998,54.755001,36.732197,731600
2004-04-14,54.325001,54.865002,54.244999,54.575001,36.61145,794400
2004-04-15,54.845001,54.869999,54.195,54.599998,36.628223,230800
2004-04-16,54.66,54.990002,54.435001,54.860001,36.802643,183200
2004-04-19,54.779999,54.970001,54.580002,54.924999,36.846241,133000
2004-04-20,55.005001,55.169998,54.049999,54.049999,36.259254,168200
2004-04-21,54.209999,54.470001,54.005001,54.400002,36.494049,181400
2004-04-22,54.325001,55.345001,54.32,55.264999,37.074326,359800
2004-04-23,55.365002,55.365002,54.889999,55.259998,37.070965,191800
2004-04-26,55.325001,55.5,54.904999,55.025002,36.913315,245000
2004-04-27,55,55.5,55,55.150002,36.9972,164400
2004-04-28,54.985001,54.985001,54.305,54.375,36.477283,184000
2004-04-29,54.25,54.615002,53.535,53.860001,36.131798,218400
2004-04-30,53.775002,54.095001,53.200001,53.424999,35.83997,322800
2004-05-03,53.825001,54.044998,53.200001,53.994999,36.22234,644200
2004-05-04,54.075001,54.439999,53.75,54.049999,36.259254,111800
2004-05-05,54.145,54.355,53.950001,54.275002,36.410194,131000
2004-05-06,53.939999,53.955002,53.349998,53.740002,36.051277,176200
2004-05-07,53.625,53.895,52.900002,52.990002,35.548161,271600
2004-05-10,52.375,52.625,51.900002,52.255001,35.055092,1250200
2004-05-11,52.5,52.799999,52.400002,52.709999,35.360313,348600
2004-05-12,52.650002,52.900002,51.825001,52.900002,35.487782,310200
2004-05-13,52.599998,53.099998,52.599998,52.75,35.387157,744200
2004-05-14,52.799999,53.049999,52.349998,52.73,35.373756,193400
2004-05-17,52.099998,52.395,51.900002,52.130001,34.971222,1502200
2004-05-18,52.275002,52.630001,52.275002,52.544998,35.249622,402800
2004-05-19,53,53.299999,52.384998,52.474998,35.202675,462400
2004-05-20,52.400002,52.619999,52.235001,52.494999,35.216091,145000
2004-05-21,52.75,52.935001,52.505001,52.695,35.350258,174000
2004-05-24,53.049999,53.125,52.685001,52.895,35.484432,435200
2004-05-25,52.75,53.790001,52.674999,53.790001,36.084831,959600
2004-05-26,53.724998,53.965,53.605,53.900002,36.15863,223800
2004-05-27,54.224998,54.32,53.834999,54.150002,36.32634,441200
2004-05-28,54.224998,54.244999,54.029999,54.200001,36.359879,179400
2004-06-01,54.150002,54.294998,53.875,54.25,36.39341,193400
2004-06-02,54.365002,54.560001,54.130001,54.400002,36.494049,419600
2004-06-03,54.375,54.375,53.965,53.965,36.202217,123600
2004-06-04,54.400002,54.580002,54.18,54.290001,36.42025,147600
2004-06-07,54.599998,55.119999,54.540001,55.099998,36.963634,207800
2004-06-08,55.049999,55.200001,54.93,55.169998,37.010601,451600
2004-06-09,55.099998,55.099998,54.625,54.68,36.681889,202400
2004-06-10,54.775002,54.855,54.705002,54.805,36.765732,351400
2004-06-14,54.650002,54.650002,54.150002,54.240002,36.386719,611000
2004-06-15,54.5,54.900002,54.48,54.685001,36.685242,141400
2004-06-16,54.799999,54.799999,54.549999,54.724998,36.712063,137800
2004-06-17,54.665001,54.720001,54.375,54.709999,36.702007,154600
2004-06-18,54.615002,54.994999,54.525002,54.724998,36.712063,829800
2004-06-21,54.825001,54.904999,54.564999,54.59,36.621513,130800
2004-06-22,54.505001,54.794998,54.325001,54.735001,36.718765,314400
2004-06-23,54.709999,55.325001,54.639999,55.299999,37.09779,92000
2004-06-24,55.299999,55.380001,55.105,55.195,37.027367,312200
2004-06-25,55.174999,55.389999,54.959999,55.134998,36.987118,157800
2004-06-28,55.150002,55.174999,54.615002,54.654999,36.791904,535600
2004-06-29,54.724998,54.965,54.645,54.889999,36.950096,122600
2004-06-30,55,55.259998,54.77,55.110001,37.098213,494000
2004-07-01,55.150002,55.215,54.349998,54.575001,36.738052,351200
2004-07-02,54.599998,54.625,54.314999,54.435001,36.643803,675000
2004-07-06,54.349998,54.375,53.82,53.994999,36.34761,357000
2004-07-07,54,54.224998,53.924999,54.029999,36.371193,230400
2004-07-08,53.950001,54.07,53.525002,53.549999,36.048058,264000
2004-07-09,53.599998,53.825001,53.59,53.715,36.159126,331600
2004-07-12,53.700001,53.814999,53.380001,53.700001,36.149025,206000
2004-07-13,53.700001,53.845001,53.650002,53.794998,36.212982,86200
2004-07-14,53.525002,53.985001,53.450001,53.549999,36.048058,171400
2004-07-15,53.674999,53.779999,53.400002,53.419998,35.960552,174200
2004-07-16,53.700001,53.715,53.125,53.174999,35.795609,262200
2004-07-19,53.275002,53.325001,52.904999,53.174999,35.795609,244000
2004-07-20,53.075001,53.549999,53.075001,53.549999,36.048058,173600
2004-07-21,53.849998,53.869999,52.650002,52.650002,35.442211,253800
2004-07-22,52.549999,52.98,52.224998,52.830002,35.563381,400000
2004-07-23,52.549999,52.634998,52.18,52.25,35.172935,332400
2004-07-26,52.349998,52.459999,51.810001,52.095001,35.068604,497800
2004-07-27,52.244999,52.700001,52.174999,52.610001,35.415283,247800
2004-07-28,52.494999,52.805,52.035,52.650002,35.442211,396400
2004-07-29,52.849998,53.064999,52.700001,52.985001,35.667725,160200
2004-07-30,52.935001,53.150002,52.785,53.150002,35.778793,248800
2004-08-02,52.75,53.285,52.75,53.285,35.869663,127400
2004-08-03,53.25,53.25,52.875,52.875,35.593678,59800
2004-08-04,52.549999,52.945,52.439999,52.735001,35.499435,247200
2004-08-05,52.799999,52.799999,51.849998,51.849998,34.903656,345800
2004-08-06,51.549999,51.575001,51.049999,51.125,34.415615,519800
2004-08-09,51.240002,51.325001,51.075001,51.139999,34.425705,387600
2004-08-10,51.375,51.810001,51.305,51.75,34.836342,207400
2004-08-11,51.474998,51.744999,51.154999,51.619999,34.748848,137400
2004-08-12,51.549999,51.59,51.049999,51.049999,34.365131,181800
2004-08-13,51.200001,51.325001,50.950001,51.130001,34.418983,170800
2004-08-16,51.27,51.884998,51.25,51.775002,34.853188,169000
2004-08-17,52.014999,52.259998,51.919998,52.035,35.028202,106000
2004-08-18,51.900002,52.66,51.900002,52.66,35.448936,206600
2004-08-19,52.505001,52.625,52.220001,52.5,35.341225,163400
2004-08-20,52.450001,53,52.400002,52.939999,35.637424,488600
2004-08-23,53.049999,53.049999,52.75,52.82,35.556644,261600
2004-08-24,53.075001,53.075001,52.650002,52.735001,35.499435,463200
2004-08-25,52.900002,53.255001,52.650002,53.205002,35.815815,379400
2004-08-26,53.200001,53.285,53.125,53.18,35.798981,808600
2004-08-27,53.25,53.459999,53.224998,53.375,35.930233,278400
2004-08-30,53.299999,53.325001,52.985001,52.994999,35.674461,58200
2004-08-31,53.075001,53.18,52.735001,53.18,35.798981,980600
2004-09-01,53.224998,53.52,53,53.279999,35.866295,664800
2004-09-02,53.400002,53.985001,53.34,53.880001,36.270203,90400
2004-09-03,53.880001,54.075001,53.689999,53.700001,36.149025,143400
2004-09-07,54.099998,54.25,53.875,54.075001,36.401478,532800
2004-09-08,54.125,54.189999,53.849998,53.849998,36.250023,1112400
2004-09-09,53.900002,54.16,53.75,53.959999,36.324059,268200
2004-09-10,53.974998,54.369999,53.779999,54.32,36.566383,654400
2004-09-13,54.424999,54.610001,54.32,54.404999,36.623611,245800
2004-09-14,54.5,54.599998,54.355,54.564999,36.731316,502400
2004-09-15,54.5,54.5,54.154999,54.224998,36.502449,756000
2004-09-16,54.299999,54.544998,54.299999,54.400002,36.620251,559800
2004-09-17,54.625,54.709999,54.380001,54.564999,36.731316,437200
2004-09-20,54.450001,54.525002,54.25,54.355,36.589951,555400
2004-09-21,54.450001,54.785,54.380001,54.705002,36.825558,435000
2004-09-22,54.345001,54.345001,53.889999,53.955002,36.320698,391800
2004-09-23,54,54,53.715,53.724998,36.165844,300200
2004-09-24,53.674999,54.029999,53.674999,53.845001,36.246647,188800
2004-09-27,53.400002,53.549999,53.259998,53.380001,36.063206,193600
2004-09-28,53.299999,53.724998,53.209999,53.669998,36.259136,408000
2004-09-29,53.5,53.814999,53.5,53.790001,36.340206,439800
2004-09-30,53.849998,54.009998,53.700001,53.880001,36.401009,283200
2004-10-01,54.174999,54.75,54.174999,54.75,36.988773,205200
2004-10-04,55,55.23,54.93,54.93,37.110378,198800
2004-10-05,55,55.07,54.794998,54.915001,37.100254,80400
2004-10-06,54.849998,55.25,54.849998,55.25,37.326561,76000
2004-10-07,55.200001,55.244999,54.669998,54.75,36.988773,236400
2004-10-08,54.700001,54.84,54.189999,54.294998,36.681374,259200
2004-10-11,54.474998,54.474998,54.290001,54.424999,36.769207,630200
2004-10-12,54.049999,54.424999,53.985001,54.305,36.688133,155600
2004-10-13,54.375,54.455002,53.700001,53.904999,36.417896,159000
2004-10-14,53.950001,53.950001,53.389999,53.424999,36.093601,238000
2004-10-15,53.625,53.91,53.375,53.715,36.289536,243200
2004-10-18,53.650002,54.02,53.435001,53.950001,36.448299,121000
2004-10-19,54.099998,54.174999,53.470001,53.474998,36.127396,388600
2004-10-20,53.375,53.575001,53.055,53.490002,36.137516,177200
2004-10-21,53.599998,53.825001,53.395,53.735001,36.303062,225200
2004-10-22,53.849998,53.849998,53.23,53.25,35.975384,1027600
2004-10-25,53.494999,53.494999,52.994999,53.209999,35.948364,1294200
2004-10-26,53.25,54.049999,53.25,54.049999,36.515865,1373200
2004-10-27,54,54.735001,53.875,54.715,36.965137,737600
2004-10-28,54.650002,54.880001,54.43,54.689999,36.948238,218400
2004-10-29,54.75,54.900002,54.584999,54.849998,37.056328,127400
2004-11-01,54.924999,55,54.73,54.93,37.110378,285200
2004-11-02,54.990002,55.375,54.75,54.799999,37.02256,730600
2004-11-03,55.790001,55.82,55.330002,55.509998,37.502235,862400
2004-11-04,55.59,56.384998,55.490002,56.380001,38.089996,877200
2004-11-05,56.625,56.845001,56.375,56.580002,38.225105,455800
2004-11-08,56.549999,56.610001,56.395,56.439999,38.130535,297000
2004-11-09,56.474998,56.715,56.395,56.5,38.171078,184000
2004-11-10,56.509998,56.84,56.450001,56.529999,38.191334,143200
2004-11-11,56.650002,57.099998,56.625,57.060001,38.5494,180400
2004-11-12,57.150002,57.564999,56.955002,57.549999,38.880451,219000
2004-11-15,57.575001,57.650002,57.424999,57.59,38.907448,814600
2004-11-16,57.575001,57.575001,57.205002,57.25,38.677761,924000
2004-11-17,57.645,57.91,57.375,57.584999,38.904079,343400
2004-11-18,57.5,57.674999,57.404999,57.674999,38.964874,125000
2004-11-19,57.575001,57.650002,56.884998,56.974998,38.491974,799800
2004-11-22,56.974998,57.369999,56.825001,57.349998,38.745316,1622400
2004-11-23,57.349998,57.5,57.075001,57.369999,38.75885,527800
2004-11-24,57.575001,57.700001,57.424999,57.700001,38.981781,189000
2004-11-26,57.700001,57.924999,57.689999,57.700001,38.981781,362200
2004-11-29,57.950001,57.985001,57.27,57.575001,38.897335,237600
2004-11-30,57.599998,57.619999,57.349998,57.450001,38.812878,146000
2004-12-01,57.625,58.240002,57.625,58.195,39.3162,566600
2004-12-02,58.174999,58.43,58.075001,58.165001,39.295933,272600
2004-12-03,58.25,58.535,58.099998,58.174999,39.302689,212800
2004-12-06,58.224998,58.32,57.974998,58.139999,39.279022,281400
2004-12-07,58.25,58.259998,57.525002,57.57,38.893963,138200
2004-12-08,57.615002,57.860001,57.450001,57.799999,39.049332,198400
2004-12-09,57.625,58.119999,57.294998,58.07,39.23175,215200
2004-12-10,58,58.209999,57.799999,58,39.184448,206200
2004-12-13,58.400002,58.549999,58.099998,58.549999,39.556034,156400
2004-12-14,58.575001,58.939999,58.564999,58.810001,39.731689,627400
2004-12-15,58.810001,59.064999,58.700001,59,39.860043,316600
2004-12-16,58.884998,59.084999,58.654999,58.900002,39.79248,687400
2004-12-17,58.474998,58.75,58.445,58.599998,39.589809,935200
2004-12-20,58.825001,58.919998,58.389999,58.494999,39.518867,1990600
2004-12-21,58.775002,59.044998,58.580002,59.040001,39.887074,243600
2004-12-22,59.049999,59.389999,59.049999,59.259998,40.035698,168400
2004-12-23,59.349998,59.494999,59.25,59.325001,40.079613,1108200
2004-12-27,58.974998,59.095001,58.650002,58.650002,39.887493,423200
2004-12-28,58.724998,59.139999,58.724998,59.139999,40.220749,295000
2004-12-29,59.025002,59.224998,59.025002,59.224998,40.278561,226200
2004-12-30,59.200001,59.330002,59.154999,59.174999,40.244541,163800
2004-12-31,59.299999,59.400002,58.950001,59.025002,40.142532,286200
2005-01-03,59.400002,59.424999,58.450001,58.599998,39.853489,525000
2005-01-04,58.75,58.75,57.639999,57.82,39.323009,244200
2005-01-05,57.875,57.974998,57.419998,57.419998,39.05098,380800
2005-01-06,57.549999,57.895,57.43,57.695,39.238007,201800
2005-01-07,57.799999,57.825001,57.355,57.509998,39.11219,271200
2005-01-10,57.549999,58.049999,57.540001,57.740002,39.268597,584200
2005-01-11,57.650002,57.650002,57.259998,57.389999,39.03059,212200
2005-01-12,57.450001,57.645,57,57.645,39.204006,434200
2005-01-13,57.514999,57.630001,57.09,57.195,38.897964,151200
2005-01-14,57.349998,57.605,57.215,57.450001,39.071388,243400
2005-01-18,57.470001,58.139999,57.305,58.075001,39.496445,266000
2005-01-19,58.049999,58.125,57.555,57.555,39.142792,199800
2005-01-20,57.375,57.459999,57.064999,57.205002,38.90477,227800
2005-01-21,57.25,57.41,56.849998,56.91,38.704124,390400
2005-01-24,56.900002,57.09,56.540001,56.605,38.496704,239600
2005-01-25,56.775002,57.080002,56.605,56.75,38.595318,227000
2005-01-26,56.950001,57.169998,56.845001,57.099998,38.833347,132600
2005-01-27,56.990002,57.305,56.924999,57.18,38.887768,148800
2005-01-28,57.18,57.215,56.724998,56.970001,38.744923,171400
2005-01-31,57.375,57.560001,57.325001,57.549999,39.139397,291400
2005-02-01,57.549999,57.970001,57.525002,57.875,39.360409,174800
2005-02-02,58,58.25,57.915001,58.139999,39.540638,167000
2005-02-03,58,58.044998,57.814999,57.849998,39.34343,176000
2005-02-04,57.974998,58.625,57.974998,58.575001,39.836483,125200
2005-02-07,58.650002,58.759998,58.450001,58.549999,39.819489,267600
2005-02-08,58.549999,58.764999,58.505001,58.650002,39.887493,181600
2005-02-09,58.700001,58.705002,58.049999,58.099998,39.513454,199600
2005-02-10,58.299999,58.419998,58.025002,58.299999,39.649456,134400
2005-02-11,58.299999,58.889999,58.099998,58.775002,39.972511,290000
2005-02-14,58.775002,58.84,58.639999,58.790001,39.982681,268000
2005-02-15,58.849998,59.125,58.744999,59,40.125519,150000
2005-02-16,58.900002,59.125,58.764999,59.009998,40.13232,246400
2005-02-17,59.075001,59.125,58.59,58.625,39.870499,164800
2005-02-18,58.575001,58.700001,58.435001,58.599998,39.853489,351200
2005-02-22,58.349998,58.654999,57.715,57.715,39.251606,361200
2005-02-23,57.950001,58.145,57.744999,58.02,39.459015,156600
2005-02-24,58.005001,58.5,57.744999,58.459999,39.758289,129800
2005-02-25,58.5,59.099998,58.474998,59.044998,40.156132,505200
2005-02-28,59.049999,59.064999,58.470001,58.75,39.955505,207400
2005-03-01,58.849998,59.165001,58.849998,59.084999,40.183334,90600
2005-03-02,58.775002,59.384998,58.775002,59.035,40.149338,199200
2005-03-03,59.150002,59.325001,58.785,59.099998,40.19352,128400
2005-03-04,59.389999,59.785,59.325001,59.695,40.598183,213600
2005-03-07,59.650002,60.005001,59.650002,59.845001,40.700199,202600
2005-03-08,59.775002,59.825001,59.424999,59.465,40.441776,118800
2005-03-09,59.325001,59.450001,58.884998,58.924999,40.07452,200400
2005-03-10,59,59.035,58.540001,58.82,40.003101,114800
2005-03-11,58.935001,59.130001,58.48,58.630001,39.873882,191800
2005-03-14,58.650002,58.919998,58.59,58.919998,40.071114,184000
2005-03-15,59.125,59.215,58.580002,58.610001,39.860283,227400
2005-03-16,58.424999,58.450001,57.955002,58.105,39.51685,317600
2005-03-17,58.105,58.375,58,58.174999,39.564453,183800
2005-03-18,58.275002,58.275002,57.82,58.049999,39.479435,535200
2005-03-21,58.075001,58.119999,57.625,57.869999,39.357025,280600
2005-03-22,57.990002,58.25,57.375,57.375,39.020374,257800
2005-03-23,57.375,57.5,57.134998,57.330002,38.989769,305600
2005-03-24,57.150002,57.490002,57.084999,57.125,38.99934,216800
2005-03-28,57.200001,57.445,57.16,57.174999,39.033459,139800
2005-03-29,57.099998,57.439999,56.599998,56.695,38.705761,239600
2005-03-30,56.974998,57.494999,56.924999,57.465,39.231464,268600
2005-03-31,57.525002,57.630001,57.400002,57.43,39.207561,227200
2005-04-01,57.799999,57.970001,56.970001,57.185001,39.040272,340200
2005-04-04,57.150002,57.445,56.884998,57.375,39.170017,249800
2005-04-05,57.375,57.650002,57.375,57.555,39.292892,218800
2005-04-06,57.674999,57.945,57.580002,57.685001,39.381634,163200
2005-04-07,57.724998,58.025002,57.634998,58,39.596699,268000
2005-04-08,58,58.014999,57.5,57.5,39.255341,99400
2005-04-11,57.575001,57.599998,57.325001,57.455002,39.224628,133400
2005-04-12,57.400002,57.919998,56.955002,57.75,39.426029,164600
2005-04-13,57.700001,57.735001,56.950001,57.125,38.99934,153000
2005-04-14,57.125,57.134998,56.450001,56.450001,38.538513,217400
2005-04-15,56.365002,56.465,55.540001,55.549999,37.924068,447600
2005-04-18,55.549999,55.895,55.369999,55.75,38.060608,850200
2005-04-19,56.075001,56.25,55.970001,56.220001,38.381489,338200
2005-04-20,56.25,56.299999,55.375,55.419998,37.835331,199600
2005-04-21,56,56.52,55.715,56.470001,38.552162,159800
2005-04-22,56.349998,56.470001,55.599998,56.099998,38.299545,191400
2005-04-25,56.400002,56.700001,56.294998,56.650002,38.67503,193800
2005-04-26,56.375,56.724998,56.040001,56.040001,38.258602,317200
2005-04-27,55.875,56.404999,55.625,56.244999,38.398544,252800
2005-04-28,56.125,56.150002,55.5,55.5,37.889935,158800
2005-04-29,55.849998,56.165001,55.314999,56.165001,38.343933,166400
2005-05-02,56.275002,56.450001,56.07,56.450001,38.538513,190000
2005-05-03,56.325001,56.724998,56.205002,56.625,38.657993,278200
2005-05-04,56.595001,57.174999,56.450001,57.110001,38.989079,352200
2005-05-05,57.150002,57.314999,56.735001,57.005001,38.917416,265000
2005-05-06,57.349998,57.349998,56.950001,56.990002,38.907169,169000
2005-05-09,57.049999,57.395,56.860001,57.305,39.122215,272600
2005-05-10,57,57.150002,56.650002,56.785,38.767208,232200
2005-05-11,56.950001,57.099998,56.419998,57.07,38.961784,411800
2005-05-12,57.125,57.174999,56.375,56.419998,38.518013,309600
2005-05-13,56.5,56.650002,55.805,56.18,38.354168,421800
2005-05-16,56.25,56.775002,56.220001,56.740002,38.7365,253400
2005-05-17,56.650002,57.215,56.5,57.130001,39.002747,176400
2005-05-18,57.5,57.900002,57.419998,57.82,39.473812,217200
2005-05-19,57.875,58.115002,57.790001,58.080002,39.65131,267800
2005-05-20,57.959999,58.099998,57.794998,58,39.596699,124200
2005-05-23,58.080002,58.445,58.035,58.299999,39.801502,236600
2005-05-24,58.224998,58.365002,58.075001,58.299999,39.801502,230600
2005-05-25,58.224998,58.224998,57.860001,58.084999,39.65472,214200
2005-05-26,58.275002,58.509998,58.220001,58.415001,39.880028,296600
2005-05-27,58.375,58.564999,58.355,58.505001,39.941463,147400
2005-05-31,58.505001,58.549999,58.264999,58.345001,39.832241,138600
2005-06-01,58.349998,58.98,58.330002,58.830002,40.163338,278800
2005-06-02,58.625,58.970001,58.625,58.919998,40.224789,132000
2005-06-03,58.919998,58.994999,58.5,58.580002,39.992653,171600
2005-06-06,58.625,58.709999,58.400002,58.674999,40.057507,180000
2005-06-07,58.825001,59.244999,58.700001,58.715,40.084816,305200
2005-06-08,58.875,58.904999,58.465,58.580002,39.992653,233200
2005-06-09,58.450001,58.900002,58.375,58.884998,40.200897,186400
2005-06-10,58.950001,58.974998,58.525002,58.810001,40.14967,285200
2005-06-13,58.790001,59.185001,58.665001,58.945,40.24184,200600
2005-06-14,58.924999,59.285,58.889999,59.145,40.378384,135000
2005-06-15,59.349998,59.360001,58.869999,59.224998,40.432999,177800
2005-06-16,59.200001,59.540001,59.200001,59.5,40.620754,156800
2005-06-17,59.875,59.915001,59.615002,59.755001,40.794838,139600
2005-06-20,59.575001,59.875,59.5,59.75,40.791424,278800
2005-06-21,59.775002,59.790001,59.549999,59.634998,40.712891,206200
2005-06-22,59.875,59.939999,59.535,59.75,40.791424,146000
2005-06-23,59.75,59.779999,59.025002,59.025002,40.296452,185200
2005-06-24,59.025002,59.025002,58.450001,58.525002,39.955101,412200
2005-06-27,58.450001,58.650002,58.255001,58.380001,39.993805,378400
2005-06-28,58.595001,59,58.275002,58.974998,40.401421,143400
2005-06-29,59.075001,59.09,58.834999,58.875,40.332935,235200
2005-06-30,59.014999,59.110001,58.529999,58.584999,40.134262,243400
2005-07-01,58.700001,58.860001,58.625,58.799999,40.281555,101400
2005-07-05,58.724998,59.349998,58.665001,59.310001,40.630928,225000
2005-07-06,59.264999,59.349998,58.855,58.855,40.319218,130600
2005-07-07,58.25,59.055,58.25,59.025002,40.435684,287000
2005-07-08,59.049999,59.799999,59.014999,59.75,40.932335,767400
2005-07-11,59.75,60.174999,59.75,60.174999,41.223499,186400
2005-07-12,60.189999,60.435001,59.98,60.275002,41.292007,191600
2005-07-13,60.334999,60.380001,60.139999,60.349998,41.343391,97800
2005-07-14,60.625,60.799999,60.285,60.41,41.384499,206800
2005-07-15,60.435001,60.535,60.185001,60.459999,41.418762,188200
2005-07-18,60.365002,60.365002,60.125,60.209999,41.247471,162200
2005-07-19,60.174999,60.630001,60.174999,60.605,41.518085,234400
2005-07-20,60.485001,60.970001,60.299999,60.799999,41.651661,165800
2005-07-21,60.84,60.900002,60.345001,60.43,41.398186,246000
2005-07-22,60.5,60.849998,60.450001,60.84,41.679062,179000
2005-07-25,61,61.025002,60.549999,60.689999,41.576313,174000
2005-07-26,60.724998,60.849998,60.625,60.764999,41.627697,167000
2005-07-27,60.799999,61.005001,60.605,61.005001,41.792095,552200
2005-07-28,61.125,61.435001,61,61.424999,42.07983,137400
2005-07-29,61.41,61.439999,60.990002,61.150002,41.89143,464200
2005-08-01,61.174999,61.244999,60.985001,61.064999,41.833214,148800
2005-08-02,61.185001,61.5,61.119999,61.439999,42.090111,167800
2005-08-03,61.355,61.549999,61.32,61.490002,42.124355,154200
2005-08-04,61.41,61.41,60.945,60.945,41.750996,212200
2005-08-05,60.869999,60.869999,60.384998,60.474998,41.429016,149400
2005-08-08,60.615002,60.77,60.224998,60.275002,41.292007,116000
2005-08-09,60.549999,60.73,60.439999,60.584999,41.504387,341800
2005-08-10,60.900002,61.18,60.419998,60.674999,41.566029,191600
2005-08-11,60.674999,61.005001,60.514999,60.970001,41.768135,167400
2005-08-12,60.75,60.825001,60.395,60.595001,41.511238,157800
2005-08-15,60.75,61.290001,60.470001,60.904999,41.723598,194600
2005-08-16,60.814999,60.814999,60.110001,60.110001,41.17897,192200
2005-08-17,60.16,60.43,60.049999,60.105,41.175537,182200
2005-08-18,59.990002,60.27,59.860001,60.040001,41.131008,209800
2005-08-19,60.310001,60.349998,60.150002,60.25,41.274883,96800
2005-08-22,60.404999,60.580002,59.974998,60.195,41.237209,737400
2005-08-23,60.25,60.25,59.895,60.115002,41.182411,216200
2005-08-24,60.029999,60.415001,59.700001,59.720001,40.911808,179600
2005-08-25,59.884998,59.955002,59.744999,59.91,41.041962,229400
2005-08-26,59.91,59.91,59.450001,59.5,40.761097,170400
2005-08-29,59.474998,59.950001,59.255001,59.915001,41.04538,339000
2005-08-30,59.685001,59.740002,59.384998,59.715,40.908382,269400
2005-08-31,59.645,60.494999,59.564999,60.485001,41.435879,312000
2005-09-01,60.424999,60.759998,60.205002,60.48,41.432438,243600
2005-09-02,60.540001,60.560001,60.255001,60.325001,41.326256,270000
2005-09-06,60.450001,61.035,60.404999,61.025002,41.805798,182400
2005-09-07,61.075001,61.244999,60.889999,61.224998,41.942814,228800
2005-09-08,61.029999,61.185001,60.889999,61.009998,41.79554,181400
2005-09-09,61.134998,61.5,61.105,61.424999,42.07983,317000
2005-09-12,61.41,61.544998,61.400002,61.439999,42.090111,312600
2005-09-13,61.474998,61.474998,61,61.049999,41.822929,518600
2005-09-14,61.049999,61.105,60.709999,60.799999,41.651661,340000
2005-09-15,61.009998,61.009998,60.650002,60.814999,41.661919,207600
2005-09-16,61.064999,61.27,60.895,61.23,41.946243,142000
2005-09-19,61.075001,61.174999,60.764999,61.005001,41.792095,199000
2005-09-20,61.119999,61.200001,60.369999,60.404999,41.38105,173600
2005-09-21,60.209999,60.299999,59.830002,59.830002,40.98716,739800
2005-09-22,59.630001,60.150002,59.560001,60.035,41.127594,574800
2005-09-23,59.875,60.285,59.764999,60.154999,41.209789,158600
2005-09-26,60.169998,60.244999,59.75,59.945,41.261425,365000
2005-09-27,60.025002,60.110001,59.695,59.945,41.261425,979000
2005-09-28,60.125,60.130001,59.724998,60,41.299301,153000
2005-09-29,59.900002,60.555,59.724998,60.5,41.643417,198200
2005-09-30,61.014999,61.014999,60.424999,60.674999,41.763893,204800
2005-10-03,60.799999,60.945,60.540001,60.705002,41.784554,388800
2005-10-04,60.775002,60.790001,59.965,59.965,41.275192,142200
2005-10-05,59.950001,59.950001,59.040001,59.040001,40.638481,271200
2005-10-06,59.125,59.305,58.259998,58.799999,40.473305,488600
2005-10-07,58.799999,59.185001,58.755001,59.009998,40.617863,374000
2005-10-10,59.025002,59.025002,58.470001,58.494999,40.263348,256200
2005-10-11,58.555,58.84,58.290001,58.294998,40.125698,356400
2005-10-12,58.355,58.595001,57.73,57.860001,39.826271,595600
2005-10-13,57.865002,58.009998,57.424999,57.814999,39.795296,665400
2005-10-14,58.150002,58.455002,57.799999,58.43,40.21862,353000
2005-10-17,58.275002,58.634998,58.25,58.584999,40.32531,289000
2005-10-18,58.595001,58.595001,57.959999,57.990002,39.915749,214600
2005-10-19,57.764999,58.860001,57.540001,58.84,40.500835,316800
2005-10-20,58.84,58.939999,57.66,57.959999,39.895103,399600
2005-10-21,58.279999,58.474998,57.880001,58.195,40.05685,235400
2005-10-24,58.509998,59.209999,58.424999,59.209999,40.75552,391600
2005-10-25,59.044998,59.259998,58.634998,59.064999,40.655716,265800
2005-10-26,58.974998,59.375,58.73,58.845001,40.504288,180400
2005-10-27,58.674999,58.755001,58.049999,58.07,39.970833,321200
2005-10-28,58.435001,58.994999,58.119999,58.98,40.597187,158600
2005-10-31,59.299999,59.744999,59.235001,59.25,40.783031,252200
2005-11-01,59.424999,59.555,59.25,59.360001,40.858753,159200
2005-11-02,59.424999,60.075001,59.424999,60.075001,41.350922,343200
2005-11-03,60.41,60.555,60.080002,60.294998,41.502335,289200
2005-11-04,60.349998,60.395,60,60.290001,41.49889,298600
2005-11-07,60.5,60.540001,60.134998,60.334999,41.529861,267800
2005-11-08,60.235001,60.404999,60.095001,60.299999,41.505775,573000
2005-11-09,60.299999,60.654999,60.095001,60.445,41.605579,2139200
2005-11-10,60.400002,60.880001,60.02,60.805,41.853371,633800
2005-11-11,60.924999,61.110001,60.790001,61.075001,42.039227,158800
2005-11-14,61.150002,61.150002,60.869999,60.950001,41.953197,250800
2005-11-15,61.064999,61.220001,60.560001,60.709999,41.787991,161200
2005-11-16,60.825001,60.900002,60.59,60.825001,41.867157,148800
2005-11-17,61.049999,61.470001,60.935001,61.395,42.259487,206800
2005-11-18,61.630001,61.799999,61.345001,61.790001,42.531368,219000
2005-11-21,61.84,62.139999,61.625,62.064999,42.720654,452800
2005-11-22,62.174999,62.5,61.950001,62.41,42.958138,229000
2005-11-23,62.450001,62.919998,62.450001,62.700001,43.157749,269600
2005-11-25,62.700001,62.805,62.615002,62.785,43.216259,66200
2005-11-28,62.950001,62.955002,62.125,62.220001,42.827351,456800
2005-11-29,62.275002,62.610001,62.185001,62.23,42.834244,270600
2005-11-30,62.349998,62.389999,61.875,61.985001,42.665604,278600
2005-12-01,62.32,62.794998,62.240002,62.759998,43.199043,1010400
2005-12-02,62.759998,62.84,62.529999,62.779999,43.212803,275600
2005-12-05,62.695,62.695,62.349998,62.639999,43.11644,232200
2005-12-06,62.805,63.110001,62.564999,62.630001,43.109566,216400
2005-12-07,62.634998,62.705002,62.115002,62.365002,42.927155,304800
2005-12-08,62.369999,62.720001,62.099998,62.375,42.934044,151000
2005-12-09,62.505001,62.689999,62.25,62.52,43.033852,226800
2005-12-12,62.779999,62.779999,62.365002,62.625,43.10614,177800
2005-12-13,62.525002,63.134998,62.525002,62.98,43.350483,392800
2005-12-14,63.049999,63.32,62.865002,63.105,43.436516,165200
2005-12-15,63.205002,63.205002,62.825001,62.945,43.326382,718000
2005-12-16,63.099998,63.169998,62.779999,62.869999,43.274769,254600
2005-12-19,62.869999,62.919998,62.314999,62.34,42.909954,280400
2005-12-20,62.355,62.605,62.189999,62.389999,42.944374,208600
2005-12-21,62.669998,62.880001,62.450001,62.615002,43.099258,346400
2005-12-22,62.740002,62.904999,62.605,62.904999,43.298843,168600
2005-12-23,62.93,63,62.814999,62.945,43.326382,162400
2005-12-27,62.755001,62.779999,61.994999,62.035,42.929169,396000
2005-12-28,62.174999,62.25,61.990002,62.125,42.991463,316000
2005-12-29,62.240002,62.244999,61.895,61.895,42.832279,222600
2005-12-30,61.654999,61.805,61.549999,61.665001,42.673126,1390200
2006-01-03,61.855,62.73,61.43,62.575001,43.302856,1769800
2006-01-04,62.66,63.029999,62.625,63.029999,43.617737,763600
2006-01-05,62.985001,63.055,62.779999,62.990002,43.590038,258200
2006-01-06,63.415001,63.634998,63.115002,63.610001,44.019089,436000
2006-01-09,63.665001,63.939999,63.610001,63.845001,44.181713,689600
2006-01-10,63.669998,63.945,63.564999,63.935001,44.244007,271000
2006-01-11,63.994999,64.199997,63.849998,64.114998,44.368557,498000
2006-01-12,64.080002,64.099998,63.674999,63.75,44.115986,309800
2006-01-13,63.810001,63.869999,63.555,63.82,44.164402,512800
2006-01-17,63.584999,63.599998,63.369999,63.595001,44.008713,377000
2006-01-18,63.095001,63.505001,63.014999,63.400002,43.873768,468800
2006-01-19,63.544998,63.915001,63.41,63.744999,44.112522,337000
2006-01-20,63.709999,63.715,62.605,62.625,43.337452,596600
2006-01-23,62.764999,62.990002,62.650002,62.810001,43.465496,593600
2006-01-24,62.990002,63.264999,62.865002,63,43.596977,769200
2006-01-25,63.235001,63.305,62.634998,62.860001,43.500095,522600
2006-01-26,63.325001,63.474998,63.040001,63.395,43.870316,252200
2006-01-27,63.5,64.029999,63.474998,63.900002,44.21978,516400
2006-01-30,63.950001,64.095001,63.884998,63.965,44.264755,526800
2006-01-31,63.855,63.985001,63.580002,63.650002,44.04678,385400
2006-02-01,63.689999,63.945,63.650002,63.895,44.216316,578000
2006-02-02,63.775002,63.860001,63.165001,63.325001,43.821865,428800
2006-02-03,63.055,63.34,62.825001,63.014999,43.607349,452600
2006-02-06,63.044998,63.165001,62.904999,63.165001,43.711155,348200
2006-02-07,63,63.16,62.5,62.549999,43.285553,570000
2006-02-08,62.619999,63.09,62.505001,63,43.596977,396400
2006-02-09,63.174999,63.455002,62.82,62.880001,43.513924,213000
2006-02-10,62.830002,63.130001,62.404999,63.009998,43.603889,359000
2006-02-13,62.970001,62.970001,62.544998,62.724998,43.406651,334200
2006-02-14,62.724998,63.474998,62.650002,63.32,43.818405,131000
2006-02-15,63.330002,63.610001,63.224998,63.560001,43.984509,204600
2006-02-16,63.665001,64.105003,63.639999,64.055,44.32703,194200
2006-02-17,64.089996,64.150002,63.875,63.98,44.275139,240600
2006-02-21,64.175003,64.275002,63.735001,63.799999,44.150581,294200
2006-02-22,63.845001,64.375,63.845001,64.300003,44.496597,287600
2006-02-23,64.18,64.419998,63.970001,64.139999,44.385838,153800
2006-02-24,64.07,64.349998,64,64.239998,44.455059,180400
2006-02-27,64.349998,64.650002,64.349998,64.425003,44.583084,460600
2006-02-28,64.300003,64.339996,63.724998,63.790001,44.143658,358400
2006-03-01,64.074997,64.449997,63.895,64.349998,44.531155,216400
2006-03-02,64.25,64.379997,64.004997,64.305,44.500057,148800
2006-03-03,64.129997,64.714996,64.099998,64.199997,44.427387,323200
2006-03-06,64.32,64.32,63.634998,63.73,44.102135,279800
2006-03-07,63.575001,63.654999,63.325001,63.470001,43.922222,218400
2006-03-08,63.360001,63.744999,63.099998,63.650002,44.04678,491800
2006-03-09,63.744999,63.875,63.305,63.310001,43.811493,258400
2006-03-10,63.294998,63.919998,63.25,63.805,44.154011,246800
2006-03-13,64.089996,64.135002,63.810001,63.959999,44.261295,309200
2006-03-14,63.994999,64.625,63.825001,64.620003,44.718025,331000
2006-03-15,64.574997,65,64.495003,64.910004,44.918713,341800
2006-03-16,65.125,65.294998,65,65.050003,45.015606,210000
2006-03-17,65.080002,65.260002,65.004997,65.099998,45.050201,262600
2006-03-20,65.074997,65.074997,64.68,64.699997,44.955006,268800
2006-03-21,64.705002,65.065002,64.254997,64.339996,44.704865,247000
2006-03-22,64.375,64.790001,64.309998,64.730003,44.975853,252200
2006-03-23,64.650002,64.739998,64.455002,64.714996,44.96542,295000
2006-03-24,64.745003,64.955002,64.535004,64.800003,45.024475,443800
2006-03-27,64.724998,64.830002,64.599998,64.754997,44.993225,240800
2006-03-28,64.824997,65,64.309998,64.375,44.729195,195800
2006-03-29,64.375,65.074997,64.375,64.974998,45.146091,175200
2006-03-30,65.044998,65.305,64.660004,64.800003,45.024475,203600
2006-03-31,64.925003,65.004997,64.584999,64.834999,45.048801,271600
2006-04-03,64.949997,65.294998,64.699997,64.764999,45.000183,173400
2006-04-04,64.875,65.214996,64.614998,65.139999,45.260727,207000
2006-04-05,65.18,65.495003,65.059998,65.379997,45.427479,317200
2006-04-06,65.385002,65.489998,65,65.349998,45.406651,223000
2006-04-07,65.495003,65.629997,64.580002,64.650002,44.920269,276600
2006-04-10,64.849998,64.934998,64.504997,64.735001,44.979332,381200
2006-04-11,64.885002,64.894997,63.939999,64.150002,44.572853,453600
2006-04-12,64.195,64.375,64.120003,64.279999,44.663185,346800
2006-04-13,64.050003,64.464996,63.990002,64.264999,44.652763,322200
2006-04-17,64.18,64.510002,63.904999,64.165001,44.583282,211600
2006-04-18,64.43,65.394997,64.419998,65.269997,45.35107,369600
2006-04-19,65.349998,65.555,65.110001,65.464996,45.486542,508200
2006-04-20,65.440002,65.915001,65.290001,65.555,45.549095,115800
2006-04-21,65.889999,65.900002,65.305,65.525002,45.528244,704200
2006-04-24,65.464996,65.464996,65.129997,65.334999,45.396217,196000
2006-04-25,65.364998,65.5,64.93,65.125,45.250301,158800
2006-04-26,65.254997,65.525002,65.084999,65.139999,45.260727,260400
2006-04-27,64.739998,65.684998,64.669998,65.330002,45.39275,313200
2006-04-28,65.300003,65.669998,65.254997,65.455002,45.479599,155400
2006-05-01,65.735001,65.75,65.095001,65.139999,45.260727,403400
2006-05-02,65.464996,65.550003,65.300003,65.525002,45.528244,188600
2006-05-03,65.480003,65.535004,65.129997,65.334999,45.396217,196000
2006-05-04,65.644997,65.730003,65.425003,65.639999,45.608154,245800
2006-05-05,65.870003,66.379997,65.870003,66.199997,45.997231,428800
2006-05-08,66.235001,66.385002,66.184998,66.260002,46.038937,267800
2006-05-09,66.235001,66.370003,66.175003,66.254997,46.035469,577200
2006-05-10,66.239998,66.290001,65.904999,66.165001,45.972927,677600
2006-05-11,66.029999,66.040001,65.195,65.309998,45.378838,310200
2006-05-12,65,65.184998,64.425003,64.434998,44.770874,431600
2006-05-15,64.205002,64.555,64.004997,64.504997,44.819519,304400
2006-05-16,64.625,64.669998,64.214996,64.300003,44.677074,786400
2006-05-17,64.025002,64.209999,63.125,63.125,43.860645,654400
2006-05-18,63.345001,63.66,62.779999,62.830002,43.655693,627600
2006-05-19,63.049999,63.424999,62.535,63.185001,43.902355,636000
2006-05-22,62.779999,63.189999,62.294998,62.810001,43.641788,405600
2006-05-23,63.424999,63.48,62.310001,62.32,43.301327,2607000
2006-05-24,62.32,62.965,61.860001,62.535,43.450729,788000
2006-05-25,63,63.400002,62.794998,63.400002,44.051746,282400
2006-05-26,63.610001,63.775002,63.375,63.759998,44.301876,350800
2006-05-30,63.705002,63.705002,62.605,62.605,43.499359,415400
2006-05-31,62.950001,63.345001,62.845001,63.345001,44.013527,402600
2006-06-01,63.349998,64.150002,63.23,64.150002,44.572853,246000
2006-06-02,64.459999,64.5,63.915001,64.275002,44.65971,370600
2006-06-05,64.025002,64.120003,63.040001,63.195,43.909309,275200
2006-06-06,63.275002,63.360001,62.445,62.91,43.711266,599400
2006-06-07,63.025002,63.389999,62.5,62.5,43.426407,213000
2006-06-08,62.275002,62.654999,61.380001,62.439999,43.384724,996600
2006-06-09,62.779999,62.865002,62.185001,62.200001,43.217964,277200
2006-06-12,62.555,62.555,61.369999,61.384998,42.651672,536200
2006-06-13,61.334999,61.799999,60.630001,60.654999,42.144463,1091200
2006-06-14,60.599998,61.099998,60.5,61.040001,42.411957,2880400
2006-06-15,61.650002,62.605,61.310001,62.450001,43.391655,554000
2006-06-16,62.450001,62.450001,61.93,62.125,43.165848,415400
2006-06-19,62.400002,62.445,61.455002,61.5,42.731575,461400
2006-06-20,61.549999,61.985001,61.465,61.514999,42.741978,2345200
2006-06-21,61.674999,62.485001,61.555,62.200001,43.217964,226400
2006-06-22,62.200001,62.200001,61.665001,61.860001,42.981701,385800
2006-06-23,61.919998,62.334999,61.700001,61.955002,43.047718,485600
2006-06-26,61.950001,62.044998,61.654999,61.990002,43.25882,277600
2006-06-27,61.950001,62.18,61.400002,61.400002,42.847095,238600
2006-06-28,61.674999,61.834999,61.264999,61.834999,43.150658,202200
2006-06-29,62.099998,63.185001,62.099998,63.185001,44.092743,400800
2006-06-30,63.455002,63.459999,63.029999,63.154999,44.071808,463000
2006-07-03,63.5,63.66,63.290001,63.639999,44.410244,199800
2006-07-05,63.240002,63.325001,62.84,63.119999,44.047375,324600
2006-07-06,63.244999,63.509998,63.099998,63.325001,44.190422,194000
2006-07-07,63.325001,63.365002,62.674999,62.799999,43.82407,2556200
2006-07-10,63,63.220001,62.705002,62.875,43.876396,333400
2006-07-11,62.865002,63.150002,62.43,63.105,44.036896,243600
2006-07-12,63.134998,63.150002,62.32,62.43,43.565849,227000
2006-07-13,62.099998,62.25,61.5,61.5,42.916878,433400
2006-07-14,61.349998,61.535,60.775002,61.139999,42.665646,689800
2006-07-17,61.060001,61.419998,60.900002,61.035,42.592381,489800
2006-07-18,61.060001,61.389999,60.514999,61.240002,42.735451,419600
2006-07-19,61.43,62.5,61.43,62.25,43.440231,469400
2006-07-20,62.490002,62.525002,61.615002,61.615002,42.997131,252400
2006-07-21,61.650002,61.689999,61.084999,61.125,42.655186,304600
2006-07-24,61.450001,62.330002,61.404999,62.314999,43.485611,235000
2006-07-25,62.174999,62.855,62.115002,62.525002,43.632168,338200
2006-07-26,62.549999,62.955002,62.264999,62.695,43.750793,211400
2006-07-27,62.974998,63.035,62.255001,62.535,43.639137,223800
2006-07-28,62.560001,63.23,62.560001,63.084999,44.022945,293600
2006-07-31,63.07,63.195,62.919998,63.080002,44.019447,233800
2006-08-01,62.825001,62.849998,62.5,62.755001,43.79266,211400
2006-08-02,63.014999,63.41,62.965,63.150002,44.068298,171000
2006-08-03,62.700001,63.5,62.68,63.290001,44.165989,172000
2006-08-04,63.900002,63.985001,62.945,63.259998,44.145061,258600
2006-08-07,63.145,63.209999,62.875,63.049999,43.998524,153200
2006-08-08,63.220001,63.400002,62.605,62.759998,43.796146,208400
2006-08-09,63.209999,63.349998,62.400002,62.439999,43.572838,314600
2006-08-10,62.220001,62.805,62.174999,62.68,43.740326,164000
2006-08-11,62.695,62.695,62.205002,62.485001,43.604237,433800
2006-08-14,62.875,63.105,62.470001,62.599998,43.684486,194800
2006-08-15,63.200001,63.485001,62.970001,63.400002,44.242767,294000
2006-08-16,63.665001,64.080002,63.630001,64.019997,44.675396,292800
2006-08-17,63.974998,64.315002,63.884998,64.165001,44.776608,653400
2006-08-18,64.239998,64.419998,63.900002,64.419998,44.954544,448400
2006-08-21,64.089996,64.184998,63.955002,64.175003,44.783581,278200
2006-08-22,64.004997,64.315002,63.950001,64.195,44.797535,200200
2006-08-23,64.129997,64.275002,63.599998,63.884998,44.581215,167600
2006-08-24,64.080002,64.080002,63.650002,63.880001,44.57774,175200
2006-08-25,63.900002,64.105003,63.77,63.904999,44.595173,297800
2006-08-28,63.724998,64.364998,63.724998,64.275002,44.853359,214000
2006-08-29,64.220001,64.474998,63.93,64.400002,44.940605,203600
2006-08-30,64.455002,64.610001,64.415001,64.540001,45.0383,240200
2006-08-31,64.639999,64.690002,64.449997,64.529999,45.0313,349000
2006-09-01,64.824997,64.985001,64.595001,64.904999,45.293003,154800
2006-09-05,64.910004,65.114998,64.764999,65.035004,45.383717,340000
2006-09-06,64.775002,64.775002,64.285004,64.339996,44.898724,169400
2006-09-07,64.105003,64.394997,63.884998,64.099998,44.731243,299200
2006-09-08,64.050003,64.290001,64.014999,64.230003,44.821987,169200
2006-09-11,64.139999,64.404999,63.755001,64.25,44.835915,345200
2006-09-12,64.389999,65.029999,64.32,64.980003,45.34536,158800
2006-09-13,65.050003,65.379997,64.864998,65.324997,45.586117,213800
2006-09-14,65.199997,65.245003,65.025002,65.184998,45.488396,499400
2006-09-15,65.495003,65.574997,65.245003,65.339996,45.596569,251800
2006-09-18,65.269997,65.595001,65.195,65.389999,45.631454,275400
2006-09-19,65.525002,65.525002,64.860001,65.220001,45.512825,276400
2006-09-20,65.574997,65.775002,65.43,65.610001,45.784977,314400
2006-09-21,65.75,65.775002,65.095001,65.199997,45.498863,195400
2006-09-22,65.095001,65.184998,64.790001,65.035004,45.383717,177200
2006-09-25,64.940002,65.440002,64.510002,65.324997,45.772274,497400
2006-09-26,65.324997,65.779999,65.175003,65.779999,46.091068,1265000
2006-09-27,65.75,66,65.675003,65.860001,46.147129,188400
2006-09-28,65.974998,66.059998,65.669998,65.925003,46.192673,229400
2006-09-29,65.875,66,65.720001,65.720001,46.04903,310200
2006-10-02,65.75,65.894997,65.440002,65.535004,45.919384,299400
2006-10-03,65.449997,65.805,65.209999,65.635002,45.989456,200600
2006-10-04,65.550003,66.385002,65.455002,66.330002,46.476444,673000
2006-10-05,66.400002,66.699997,66.300003,66.650002,46.700672,424800
2006-10-06,66.559998,66.559998,66.209999,66.519997,46.609539,562000
2006-10-09,66.510002,66.709999,66.345001,66.584999,46.655136,148000
2006-10-10,66.699997,66.834999,66.535004,66.735001,46.76022,204200
2006-10-11,66.650002,66.794998,66.25,66.614998,46.676128,202400
2006-10-12,66.889999,67.315002,66.794998,67.279999,47.142078,220200
2006-10-13,67.324997,67.540001,67.195,67.514999,47.306744,193000
2006-10-16,67.514999,67.760002,67.425003,67.699997,47.436394,252000
2006-10-17,67.540001,67.57,67.044998,67.434998,47.25071,392600
2006-10-18,67.925003,67.925003,67.279999,67.529999,47.317272,182800
2006-10-19,67.495003,67.68,67.324997,67.605003,47.369839,184000
2006-10-20,67.684998,67.684998,67.360001,67.584999,47.355808,117800
2006-10-23,67.394997,68.010002,67.339996,67.875,47.55901,441400
2006-10-24,67.845001,68.040001,67.699997,68.040001,47.67461,254800
2006-10-25,68.074997,68.300003,67.910004,68.264999,47.832272,187600
2006-10-26,68.535004,68.675003,68.125,68.625,48.084515,423600
2006-10-27,68.519997,68.57,68.010002,68.099998,47.716663,460800
2006-10-30,67.989998,68.269997,67.824997,68.125,47.734158,221800
2006-10-31,68.264999,68.32,67.794998,68.040001,47.67461,211200
2006-11-01,68.345001,68.349998,67.464996,67.489998,47.28923,335600
2006-11-02,67.434998,67.559998,67.230003,67.449997,47.26123,157200
2006-11-03,67.68,67.75,67.209999,67.440002,47.254227,122800
2006-11-06,67.510002,68.290001,67.510002,68.190002,47.779709,254600
2006-11-07,68.349998,68.644997,68.199997,68.425003,47.944393,252800
2006-11-08,68.165001,68.714996,68.019997,68.599998,48.066986,231200
2006-11-09,68.760002,68.760002,68.099998,68.224998,47.804256,220800
2006-11-10,68.279999,68.379997,68.099998,68.379997,47.912846,165400
2006-11-13,68.434998,68.705002,68.285004,68.535004,48.021469,188400
2006-11-14,68.800003,69.099998,68.315002,69.07,48.396317,703000
2006-11-15,69.150002,69.550003,69.095001,69.330002,48.578503,285000
2006-11-16,69.550003,69.599998,69.375,69.480003,48.683609,501600
2006-11-17,69.224998,69.449997,69.129997,69.445,48.659065,370600
2006-11-20,69.550003,69.654999,69.349998,69.485001,48.687107,249200
2006-11-21,69.610001,69.665001,69.445,69.665001,48.813217,282800
2006-11-22,69.824997,69.879997,69.620003,69.860001,48.949871,168800
2006-11-24,69.580002,69.824997,69.5,69.654999,48.806221,130000
2006-11-27,69.625,69.625,68.550003,68.550003,48.031975,489200
2006-11-28,68.474998,68.870003,68.360001,68.809998,48.214111,326000
2006-11-29,69.139999,69.574997,69.105003,69.514999,48.708118,312200
2006-11-30,69.650002,69.894997,69.254997,69.625,48.785217,342800
2006-12-01,69.724998,69.730003,68.894997,69.43,48.648563,248000
2006-12-04,69.589996,70.205002,69.580002,70.110001,49.125031,360600
2006-12-05,70.239998,70.425003,70.084999,70.364998,49.303703,237400
2006-12-06,70.375,70.464996,70.160004,70.324997,49.275661,197000
2006-12-07,70.510002,70.559998,70,70.010002,49.054955,159200
2006-12-08,70.065002,70.385002,69.830002,70.129997,49.139027,204000
2006-12-11,70.220001,70.415001,70.089996,70.279999,49.244144,209600
2006-12-12,70.290001,70.305,69.815002,70.169998,49.167068,186000
2006-12-13,70.519997,70.519997,70.139999,70.290001,49.251148,281000
2006-12-14,70.370003,70.910004,70.349998,70.824997,49.626019,280400
2006-12-15,71.144997,71.144997,70.805,70.845001,49.640038,309000
2006-12-18,71.025002,71.084999,70.449997,70.555,49.436844,274600
2006-12-19,70.400002,70.764999,70.114998,70.654999,49.506897,305800
2006-12-20,70.75,70.879997,70.57,70.625,49.485897,228800
2006-12-21,70.745003,70.794998,70.199997,70.349998,49.293194,406800
2006-12-22,70.074997,70.074997,69.595001,69.599998,49.015717,409200
2006-12-26,69.68,70.019997,69.629997,70.004997,49.300941,219400
2006-12-27,70.230003,70.535004,70.230003,70.485001,49.638977,274000
2006-12-28,70.540001,70.540001,70.264999,70.385002,49.568569,358400
2006-12-29,70.425003,70.514999,70,70.105003,49.371387,433800
2007-01-03,70.574997,70.68,69.525002,69.974998,49.2798,798600
2007-01-04,69.974998,70.294998,69.584999,70.114998,49.378422,3305000
2007-01-05,70,70,69.425003,69.559998,48.98756,382000
2007-01-08,69.760002,69.904999,69.324997,69.815002,49.167145,299000
2007-01-09,69.949997,69.949997,69.425003,69.815002,49.167145,267000
2007-01-10,69.589996,70.050003,69.485001,69.970001,49.276299,359200
2007-01-11,70.175003,70.654999,70.099998,70.5,49.649544,336400
2007-01-12,70.550003,70.964996,70.449997,70.964996,49.977028,346200
2007-01-16,71.074997,71.074997,70.75,70.830002,49.881962,390000
2007-01-17,70.785004,71.07,70.730003,70.879997,49.91716,334000
2007-01-18,70.879997,70.934998,70.400002,70.5,49.649544,444600
2007-01-19,70.400002,70.794998,70.400002,70.775002,49.843204,328600
2007-01-22,70.845001,70.845001,70.260002,70.495003,49.646038,379600
2007-01-23,70.480003,70.885002,70.349998,70.695,49.786884,295400
2007-01-24,70.900002,71.339996,70.75,71.32,50.227028,284800
2007-01-25,71.410004,71.410004,70.415001,70.519997,49.663609,425400
2007-01-26,70.735001,70.775002,70.205002,70.474998,49.631935,192600
2007-01-29,70.584999,70.779999,70.370003,70.489998,49.642506,274600
2007-01-30,70.735001,70.894997,70.550003,70.894997,49.927731,190800
2007-01-31,70.834999,71.550003,70.705002,71.410004,50.290424,272000
2007-02-01,71.599998,71.855003,71.485001,71.82,50.579147,452400
2007-02-02,71.910004,71.995003,71.75,71.910004,50.642551,468800
2007-02-05,72,72,71.724998,71.995003,50.702393,306000
2007-02-06,72.150002,72.150002,71.720001,72,50.705929,386200
2007-02-07,72.209999,72.305,71.995003,72.235001,50.871407,511400
2007-02-08,71.989998,72.220001,71.824997,72.144997,50.808044,178200
2007-02-09,72.150002,72.32,71.330002,71.599998,50.424217,591800
2007-02-12,71.699997,71.699997,71.199997,71.345001,50.244644,273400
2007-02-13,71.400002,71.949997,71.400002,71.949997,50.670727,235600
2007-02-14,72.065002,72.529999,72,72.43,51.008739,361400
2007-02-15,72.474998,72.565002,72.305,72.445,51.019306,396800
2007-02-16,72.324997,72.495003,72.205002,72.495003,51.054501,323800
2007-02-20,72.449997,72.785004,72.154999,72.709999,51.205933,372400
2007-02-21,72.565002,72.760002,72.379997,72.739998,51.227062,348200
2007-02-22,72.894997,72.949997,72.379997,72.714996,51.209461,293800
2007-02-23,72.610001,72.639999,72.294998,72.480003,51.043953,239600
2007-02-26,72.699997,72.824997,72.139999,72.385002,50.977047,396200
2007-02-27,71.574997,71.639999,67.584999,69.699997,49.086155,1636800
2007-02-28,70.014999,70.675003,69.699997,70.25,49.473507,942400
2007-03-01,68.980003,70.389999,68.684998,70.050003,49.33263,1121000
2007-03-02,69.775002,70.010002,69.025002,69.050003,48.628387,387000
2007-03-05,68.400002,69.285004,68.165001,68.25,48.064999,808200
2007-03-06,68.849998,69.644997,68.800003,69.400002,48.874851,541200
2007-03-07,69.489998,69.790001,69.275002,69.345001,48.836143,320200
2007-03-08,69.974998,70.18,69.695,69.925003,49.244614,474800
2007-03-09,70.400002,70.400002,69.660004,69.949997,49.262218,600800
2007-03-12,69.925003,70.285004,69.790001,70.135002,49.392475,242000
2007-03-13,69.75,70,68.739998,68.875,48.505142,451400
2007-03-14,68.879997,69.235001,68.050003,69.224998,48.75164,543000
2007-03-15,69.315002,69.629997,69.125,69.5,48.945297,331800
2007-03-16,69.485001,69.699997,69.07,69.199997,48.734032,192200
2007-03-19,69.699997,70.07,69.555,69.989998,49.290386,519400
2007-03-20,70.095001,70.464996,69.919998,70.449997,49.614326,359200
2007-03-21,70.599998,71.779999,70.394997,71.574997,50.406609,377600
2007-03-22,71.800003,71.800003,71.385002,71.614998,50.434799,302200
2007-03-23,71.714996,71.839996,71.574997,71.754997,50.533375,600000
2007-03-26,71.550003,71.550003,70.775002,71.330002,50.44886,380600
2007-03-27,71.300003,71.300003,70.860001,71.044998,50.247288,383800
2007-03-28,70.860001,70.910004,70.324997,70.580002,49.918434,663600
2007-03-29,71.224998,71.224998,70.269997,70.775002,50.056324,863000
2007-03-30,71.025002,71.110001,70.120003,70.735001,50.028049,493200
2007-04-02,70.989998,70.989998,70.525002,70.910004,50.151806,342800
2007-04-03,71.375,71.720001,71.144997,71.555,50.607994,216600
2007-04-04,71.57,72.120003,71.425003,71.629997,50.661034,1362600
2007-04-05,71.629997,71.945,71.550003,71.830002,50.802494,411800
2007-04-09,72.114998,72.120003,71.849998,71.915001,50.862614,335800
2007-04-10,71.974998,72.139999,71.940002,72.114998,51.004078,237600
2007-04-11,72.224998,72.224998,71.510002,71.654999,50.678726,265400
2007-04-12,71.525002,72.125,71.400002,72.125,51.011143,316200
2007-04-13,72.254997,72.364998,71.925003,72.364998,51.180878,235200
2007-04-16,72.675003,73.150002,72.675003,73.095001,51.69717,697600
2007-04-17,73.199997,73.394997,73.044998,73.209999,51.778515,307600
2007-04-18,73.050003,73.449997,72.970001,73.275002,51.824474,847000
2007-04-19,72.889999,73.294998,72.739998,73.139999,51.729004,452600
2007-04-20,73.699997,73.82,73.43,73.790001,52.188709,387800
2007-04-23,73.824997,73.93,73.559998,73.644997,52.086174,231200
2007-04-24,73.809998,73.809998,73.25,73.635002,52.07909,185400
2007-04-25,74.114998,74.375,73.690002,74.290001,52.542355,330400
2007-04-26,74.334999,74.445,74.059998,74.315002,52.560009,376600
2007-04-27,74.205002,74.385002,73.989998,74.235001,52.503448,554800
2007-04-30,74.375,74.375,73.565002,73.580002,52.040203,471000
2007-05-01,73.650002,73.779999,73.220001,73.745003,52.156902,310000
2007-05-02,73.925003,74.449997,73.824997,74.290001,52.542355,438600
2007-05-03,74.345001,74.669998,74.315002,74.620003,52.775757,406400
2007-05-04,74.904999,74.989998,74.555,74.839996,52.931347,440400
2007-05-07,74.885002,75.040001,74.885002,74.959999,53.016232,329800
2007-05-08,74.690002,74.900002,74.474998,74.885002,52.963154,349600
2007-05-09,74.790001,75.254997,74.525002,75.150002,53.150604,423600
2007-05-10,74.934998,74.985001,74.099998,74.205002,52.482231,513000
2007-05-11,74.464996,74.904999,74.324997,74.900002,52.973785,279800
2007-05-14,74.989998,75.095001,74.43,74.675003,52.814648,419400
2007-05-15,74.849998,75.175003,74.470001,74.474998,52.673187,439000
2007-05-16,74.834999,75.114998,74.470001,75.114998,53.125851,676800
2007-05-17,75.050003,75.254997,74.830002,74.934998,52.998535,290600
2007-05-18,75.25,75.540001,75.160004,75.495003,53.394611,263800
2007-05-21,75.540001,75.985001,75.504997,75.709999,53.546673,502600
2007-05-22,75.805,76,75.644997,75.699997,53.539585,446200
2007-05-23,76.025002,76.220001,75.639999,75.660004,53.511311,426000
2007-05-24,75.785004,76.014999,74.75,74.885002,52.963154,859800
2007-05-25,75.224998,75.419998,75.035004,75.25,53.221329,289400
2007-05-29,75.480003,75.695,75.235001,75.550003,53.433514,242600
2007-05-30,75.125,76.199997,75.125,76.199997,53.893219,295200
2007-05-31,76.425003,76.470001,76.120003,76.32,53.978092,245400
2007-06-01,76.525002,76.785004,76.400002,76.629997,54.197346,456600
2007-06-04,76.529999,76.809998,76.360001,76.754997,54.285744,265800
2007-06-05,76.57,76.57,76.07,76.364998,54.009903,390400
2007-06-06,76.120003,76.120003,75.455002,75.584999,53.458263,544000
2007-06-07,75.485001,75.565002,74.095001,74.095001,52.404438,791800
2007-06-08,74.400002,75.144997,74.084999,75.110001,53.122314,1175600
2007-06-11,75.010002,75.474998,74.860001,75.199997,53.185936,882000
2007-06-12,74.93,75.235001,74.275002,74.275002,52.531761,408000
2007-06-13,74.769997,75.434998,74.625,75.434998,53.352158,488400
2007-06-14,75.514999,76.055,75.514999,75.974998,53.734097,445000
2007-06-15,76.514999,76.660004,76.290001,76.379997,54.020527,364000
2007-06-18,76.474998,76.540001,76.18,76.260002,53.935646,532800
2007-06-19,76.199997,76.5,76.004997,76.470001,54.084175,588000
2007-06-20,76.654999,76.654999,75.440002,75.464996,53.373386,806200
2007-06-21,75.434998,75.925003,75.010002,75.839996,53.638599,957400
2007-06-22,75.5,75.690002,74.879997,75.199997,53.185936,670600
2007-06-25,74.739998,75.205002,74.150002,74.385002,52.810047,642600
2007-06-26,74.720001,74.745003,73.75,73.779999,52.380493,603000
2007-06-27,73.745003,74.870003,73.580002,74.870003,53.154366,456600
2007-06-28,74.849998,75.275002,74.805,74.860001,53.147285,310800
2007-06-29,75.154999,75.43,74.269997,74.690002,53.026554,292400
2007-07-02,74.75,75.629997,74.75,75.555,53.640697,412600
2007-07-03,75.75,75.894997,75.675003,75.879997,53.871429,221400
2007-07-05,75.985001,75.985001,75.5,75.839996,53.843021,375800
2007-07-06,75.974998,76.294998,75.695,76.260002,54.14119,285400
2007-07-09,76.425003,76.425003,76.010002,76.220001,54.112804,272400
2007-07-10,75.875,75.955002,75.089996,75.175003,53.370884,365000
2007-07-11,75.165001,75.739998,74.955002,75.724998,53.761387,417200
2007-07-12,76.059998,76.964996,75.949997,76.870003,54.574295,375800
2007-07-13,76.910004,77.334999,76.800003,77.099998,54.737572,341600
2007-07-16,77.120003,77.355003,76.864998,77.044998,54.698528,338400
2007-07-17,77.095001,77.305,76.910004,77,54.666573,493600
2007-07-18,76.419998,76.885002,76.175003,76.824997,54.542328,984400
2007-07-19,77.190002,77.269997,76.964996,77.010002,54.673683,335200
2007-07-20,77.089996,77.089996,75.959999,76.32,54.1838,795600
2007-07-23,76.599998,76.830002,76.440002,76.470001,54.290295,803200
2007-07-24,75.959999,76.105003,74.805,75.129997,53.338959,619400
2007-07-25,75.584999,75.620003,74.535004,75.144997,53.349617,666400
2007-07-26,74.25,74.629997,72.559998,73.364998,52.085884,996000
2007-07-27,73.584999,74.014999,71.904999,71.985001,51.106144,1243600
2007-07-30,72.470001,73.269997,72.074997,73.050003,51.862255,1127400
2007-07-31,73.675003,73.919998,71.970001,72.050003,51.152287,1254400
2007-08-01,72.035004,72.735001,71.339996,72.474998,51.454021,1423000
2007-08-02,72.724998,73.150002,72.404999,73.089996,51.890656,456400
2007-08-03,72.949997,73,70.855003,71.190002,50.541744,1675600
2007-08-06,71.464996,72.5,70.580002,72.389999,51.393677,1626600
2007-08-07,72.125,73.555,71.970001,72.934998,51.780605,513000
2007-08-08,73.565002,74.449997,73.139999,74.035004,52.561569,1631000
2007-08-09,72.824997,73.625,71.989998,72.025002,51.134552,703200
2007-08-10,71.385002,72.614998,70.860001,71.860001,51.017391,968800
2007-08-13,72.845001,72.845001,72,72,51.116806,1150000
2007-08-14,72.125,72.245003,70.745003,70.745003,50.225803,920200
2007-08-15,70.709999,71.434998,69.595001,69.800003,49.554893,1019000
2007-08-16,69.099998,70.25,67.870003,70.25,49.874382,2626200
2007-08-17,71.860001,72.25,70.410004,71.529999,50.783104,1781400
2007-08-20,71.845001,72,70.945,71.68,50.889599,1095800
2007-08-21,71.525002,72.18,71.415001,71.690002,50.896725,608400
2007-08-22,72.480003,72.745003,72.059998,72.690002,51.60667,1192200
2007-08-23,73.105003,73.120003,72.144997,72.574997,51.525013,1235400
2007-08-24,72.550003,73.425003,72.449997,73.425003,52.128483,994200
2007-08-27,73.214996,73.239998,72.660004,72.660004,51.585369,1178400
2007-08-28,72.285004,72.349998,71.029999,71.169998,50.527523,2046000
2007-08-29,71.540001,72.644997,71.324997,72.584999,51.532097,2224400
2007-08-30,71.900002,72.910004,71.900002,72.394997,51.397232,1506400
2007-08-31,73.214996,73.540001,72.754997,73.110001,51.904842,1065600
2007-09-04,73.050003,74.370003,73.050003,73.959999,52.508305,1268600
2007-09-05,73.565002,73.605003,72.915001,73.309998,52.046837,2152400
2007-09-06,73.330002,73.699997,72.964996,73.529999,52.203033,1160400
2007-09-07,72.550003,72.764999,72.019997,72.464996,51.446915,2222800
2007-09-10,72.654999,72.724998,71.449997,72.154999,51.226837,816200
2007-09-11,72.400002,73.129997,72.394997,73.099998,51.897751,636800
2007-09-12,72.974998,73.470001,72.800003,73.349998,52.075237,997400
2007-09-13,73.459999,73.945,73.279999,73.625,52.270489,753600
2007-09-14,73.154999,73.75,73.129997,73.690002,52.31662,782600
2007-09-17,73.485001,73.550003,73.050003,73.300003,52.03973,573000
2007-09-18,73.669998,75.404999,73.375,75.345001,53.4916,1233200
2007-09-19,75.919998,76.394997,75.595001,75.889999,53.87851,1256800
2007-09-20,75.815002,75.934998,75.25,75.43,53.551956,770800
2007-09-21,75.824997,76.019997,75.610001,75.610001,53.679741,503400
2007-09-24,75.375,75.669998,74.910004,75.074997,53.527153,823000
2007-09-25,74.559998,75.040001,74.464996,74.900002,53.402393,1025000
2007-09-26,75.440002,75.635002,75.110001,75.449997,53.794533,321400
2007-09-27,75.724998,75.889999,75.5,75.864998,54.090401,549400
2007-09-28,76.175003,76.175003,75.345001,75.599998,53.901474,518800
2007-10-01,75.75,76.675003,75.75,76.574997,54.59663,579200
2007-10-02,76.699997,76.730003,76.349998,76.449997,54.50753,802200
2007-10-03,76.375,76.625,76.144997,76.330002,54.421947,528000
2007-10-04,76.550003,76.550003,76.209999,76.474998,54.525349,399000
2007-10-05,76.970001,77.544998,76.769997,77.305,55.117104,573600
2007-10-08,77.315002,77.315002,76.915001,77.205002,55.045837,343800
2007-10-09,77.32,77.75,77.044998,77.745003,55.430794,412000
2007-10-10,77.584999,77.75,77.220001,77.595001,55.32386,456600
2007-10-11,78.029999,78.254997,76.745003,77.154999,55.010174,1170200
2007-10-12,77.254997,77.639999,77.125,77.540001,55.284664,325000
2007-10-15,77.610001,77.610001,76.5,76.934998,54.853333,524000
2007-10-16,76.525002,76.75,76.220001,76.389999,54.464725,665400
2007-10-17,76.959999,76.959999,75.68,76.445,54.503922,414800
2007-10-18,76.339996,76.584999,76.010002,76.464996,54.518181,212800
2007-10-19,76.114998,76.114998,74.375,74.5,53.117203,886400
2007-10-22,73.904999,74.970001,73.904999,74.864998,53.377434,610600
2007-10-23,75.334999,75.485001,74.660004,75.400002,53.758884,971600
2007-10-24,75.150002,75.379997,73.989998,75.349998,53.723232,1817800
2007-10-25,75.300003,75.675003,74.485001,75.300003,53.687576,1041800
2007-10-26,76.074997,76.205002,75.419998,76.205002,54.332809,550200
2007-10-29,76.544998,76.654999,76.220001,76.510002,54.550285,470000
2007-10-30,76.184998,76.339996,75.879997,75.964996,54.161716,555200
2007-10-31,76.360001,77.089996,75.860001,76.955002,54.867558,374600
2007-11-01,76.110001,76.114998,74.834999,75.004997,53.477238,808600
2007-11-02,75.25,75.25,74.195,74.989998,53.466553,765600
2007-11-05,74.849998,74.964996,73.949997,74.400002,53.045856,586000
2007-11-06,75.315002,75.43,74.339996,75.43,53.780262,413400
2007-11-07,74.68,74.940002,73.290001,73.349998,52.29726,1427400
2007-11-08,72.5,73.739998,72.059998,73.254997,52.229546,1493600
2007-11-09,72.095001,73.245003,72.004997,72.290001,51.541504,690400
2007-11-12,71.93,72.769997,71.315002,71.349998,50.871296,922000
2007-11-13,72.345001,73.559998,72.139999,73.434998,52.357841,577800
2007-11-14,74.029999,74.144997,72.885002,73.18,52.176052,664400
2007-11-15,72.93,73.169998,71.75,72.125,51.423866,359200
2007-11-16,72.684998,72.684998,71.684998,72.410004,51.627075,866800
2007-11-19,71.904999,72.044998,71,71.224998,50.782166,650000
2007-11-20,71.794998,72.074997,70.370003,71.5,50.978249,977800
2007-11-21,70.760002,71.199997,70.190002,70.25,50.08704,766200
2007-11-23,71.724998,71.724998,70.709999,71.300003,50.835659,595000
2007-11-26,71.379997,71.769997,69.839996,69.904999,49.841038,1283000
2007-11-27,70.510002,70.949997,69.894997,70.760002,50.45063,975600
2007-11-28,71.464996,73.040001,71.464996,72.925003,51.99424,789000
2007-11-29,72.5,73.150002,72.449997,72.959999,52.019196,653200
2007-11-30,73.805,74,73.040001,73.474998,52.386383,532200
2007-12-03,73.43,73.550003,73,73.029999,52.069115,491000
2007-12-04,72.584999,72.949997,72.474998,72.559998,51.734001,544200
2007-12-05,73.114998,73.775002,73.114998,73.644997,52.507576,520600
2007-12-06,73.605003,74.910004,73.544998,74.709999,53.266926,480000
2007-12-07,75.074997,75.080002,74.690002,74.800003,53.331059,1367800
2007-12-10,75.125,75.514999,74.849998,75.440002,53.787392,1318200
2007-12-11,75.5,75.779999,73.375,73.385002,52.322216,1135800
2007-12-12,75.779999,75.779999,72.964996,73.849998,52.653759,781000
2007-12-13,73.720001,73.940002,72.959999,73.860001,52.660877,608800
2007-12-14,73.254997,73.785004,72.815002,72.849998,51.940773,403200
2007-12-17,72.5,72.595001,71.669998,71.735001,51.145794,928000
2007-12-18,72.330002,72.459999,71.175003,72.25,51.512993,906000
2007-12-19,72.375,72.614998,71.735001,72.175003,51.459515,1114000
2007-12-20,72.5,72.5,71.489998,72.290001,51.818275,803200
2007-12-21,73.510002,73.510002,72.915001,73.404999,52.617496,794800
2007-12-24,74,74.099998,73.639999,74.089996,53.108517,334400
2007-12-26,73.824997,74.184998,73.654999,74.150002,53.151535,662800
2007-12-27,73.764999,73.910004,73.004997,73.220001,52.484894,841400
2007-12-28,73.614998,73.629997,72.830002,72.940002,52.284195,698800
2007-12-31,73.074997,73.074997,72.440002,72.574997,52.022552,1137400
2008-01-02,72.599998,72.800003,71.355003,71.714996,51.406097,1004600
2008-01-03,71.75,72.050003,71.349998,71.629997,51.345154,1166400
2008-01-04,70.830002,71,69.699997,69.714996,49.972477,1266200
2008-01-07,70.029999,70.279999,69.18,69.75,49.997581,3562600
2008-01-08,70.095001,70.589996,68.364998,68.5,49.101559,2889800
2008-01-09,68.690002,69.375,67.800003,69.224998,49.621246,3371400
2008-01-10,68.860001,70.375,68.635002,69.68,49.947407,2462800
2008-01-11,69.434998,69.75,68.675003,69.025002,49.477871,996600
2008-01-14,69.379997,69.754997,69.129997,69.690002,49.954556,927000
2008-01-15,68.870003,68.974998,67.964996,68,48.743149,1058200
2008-01-16,67.614998,68.580002,67.110001,67.589996,48.449265,2500800
2008-01-17,67.745003,67.894997,65.580002,65.730003,47.115978,2218200
2008-01-18,66.025002,66.574997,64.639999,65.285004,46.797009,2552800
2008-01-22,61.834999,65.254997,60,64.559998,46.277325,3836000
2008-01-23,62.990002,66.25,62.674999,66.25,47.488728,2386600
2008-01-24,66.599998,66.910004,65.904999,66.675003,47.793385,2846000
2008-01-25,67.595001,67.595001,65.589996,65.705002,47.09808,2104800
2008-01-28,65.875,67.080002,65.324997,67.080002,48.083687,1608400
2008-01-29,67.419998,67.535004,66.754997,67.355003,48.280804,945800
2008-01-30,67.165001,68.550003,66.690002,66.745003,47.843548,1737600
2008-01-31,65.985001,68.629997,65.885002,68.099998,48.814835,1611200
2008-02-01,68.379997,69.224998,68.184998,69.199997,49.603348,1152400
2008-02-04,69.275002,69.275002,68.355003,68.379997,49.01553,1430800
2008-02-05,67.480003,67.699997,66.404999,66.440002,47.624924,1677200
2008-02-06,66.885002,67.150002,65.739998,65.934998,47.262943,1308800
2008-02-07,65.550003,66.875,65.364998,66.540001,47.696598,927000
2008-02-08,66.260002,66.639999,65.669998,66.150002,47.417061,1173600
2008-02-11,66.059998,66.695,65.610001,66.535004,47.69302,1605200
2008-02-12,67.394997,67.669998,66.555,67.150002,48.133862,887400
2008-02-13,67.915001,68.055,67.150002,67.915001,48.682205,954400
2008-02-14,68.129997,68.129997,66.934998,67.035004,48.051426,1227400
2008-02-15,67.169998,67.169998,66.449997,67.050003,48.06218,787600
2008-02-19,68.199997,68.199997,66.834999,67.264999,48.216282,1134400
2008-02-20,66.535004,67.75,66.385002,67.580002,48.442093,1755400
2008-02-21,67.970001,68.035004,66.565002,66.824997,47.900902,1146400
2008-02-22,67.019997,67.32,65.949997,67.135002,48.123112,1572600
2008-02-25,67.209999,68.300003,66.860001,68.260002,48.929508,1160800
2008-02-26,67.830002,69.010002,67.800003,68.699997,49.244911,1607800
2008-02-27,68.345001,69.089996,68.214996,68.589996,49.166069,1034000
2008-02-28,68.160004,68.425003,67.75,67.900002,48.671467,709000
2008-02-29,67.334999,67.334999,65.915001,66.400002,47.596245,1094400
2008-03-03,66.114998,66.375,65.605003,66.165001,47.427792,752600
2008-03-04,65.699997,66.144997,64.989998,65.955002,47.277267,1223800
2008-03-05,66.235001,66.794998,65.654999,66.324997,47.542507,1359200
2008-03-06,66,66.084999,64.699997,64.949997,46.556889,1012000
2008-03-07,64.309998,65.230003,63.705002,64.25,46.055103,1835800
2008-03-10,64.364998,64.364998,63.139999,63.27,45.352634,999000
2008-03-11,64.834999,65.510002,63.755001,65.510002,46.958286,1195000
2008-03-12,65.699997,66.084999,64.885002,64.885002,46.510277,665000
2008-03-13,63.865002,65.639999,63.615002,65.305,46.811344,1080000
2008-03-14,65.815002,65.815002,63.375,64.105003,45.95116,1683400
2008-03-17,62.599998,63.875,62.419998,63.365002,45.420731,2184600
2008-03-18,64.514999,66,64.239998,66,47.309521,1506200
2008-03-19,66.345001,66.485001,64.235001,64.235001,46.044353,868200
2008-03-20,64.995003,65.875,64.160004,65.580002,47.008472,1416800
2008-03-24,66.110001,67.425003,66.084999,67,48.026337,1368600
2008-03-25,66.665001,67.089996,66.235001,66.785004,48.095829,1363200
2008-03-26,66.614998,66.644997,66,66,47.530514,1088600
2008-03-27,66.425003,66.589996,65.584999,65.754997,47.354073,1238000
2008-03-28,65.879997,66.065002,64.959999,65.169998,46.932774,991200
2008-03-31,65.099998,65.75,64.949997,65.5,47.170429,721400
2008-04-01,66.324997,67.75,66.209999,67.735001,48.77998,1025000
2008-04-02,67.849998,68.199997,67.415001,67.779999,48.812382,633000
2008-04-03,67.385002,68.095001,67.254997,67.860001,48.870014,627000
2008-04-04,67.949997,68.43,67.495003,67.885002,48.888027,655600
2008-04-07,68.440002,68.684998,67.809998,67.919998,48.913227,705400
2008-04-08,67.559998,67.894997,67.455002,67.794998,48.823177,599200
2008-04-09,67.839996,67.864998,66.849998,67.184998,48.383904,623600
2008-04-10,67.129997,67.785004,66.915001,67.525002,48.628769,436000
2008-04-11,66.824997,66.964996,66,66.144997,47.634933,697400
2008-04-14,66.099998,66.290001,65.800003,65.919998,47.472904,776400
2008-04-15,66.300003,66.305,65.675003,66.235001,47.699745,595800
2008-04-16,66.794998,67.875,66.790001,67.875,48.88081,665600
2008-04-17,67.620003,68,67.32,67.959999,48.942032,842200
2008-04-18,68.904999,69.199997,68.589996,68.894997,49.615383,1144800
2008-04-21,68.584999,68.940002,68.404999,68.75,49.510937,606200
2008-04-22,68.57,68.57,67.82,68.175003,49.096855,640200
2008-04-23,68.434998,68.75,67.989998,68.385002,49.24807,712000
2008-04-24,68.5,69.214996,67.889999,68.764999,49.521755,1118200
2008-04-25,69.105003,69.379997,68.389999,69.294998,49.903423,896800
2008-04-28,69.425003,69.589996,69.105003,69.264999,49.881824,658800
2008-04-29,69.175003,69.309998,68.75,68.974998,49.673,871600
2008-04-30,69.190002,69.699997,68.665001,68.699997,49.474941,973600
2008-05-01,68.699997,69.919998,68.599998,69.910004,50.346348,876400
2008-05-02,70.580002,70.599998,69.705002,70.110001,50.49036,1010200
2008-05-05,69.985001,70.175003,69.639999,69.75,50.23111,849000
2008-05-06,69.5,70.514999,69.334999,70.345001,50.659592,978200
2008-05-07,70.349998,70.5,69.110001,69.355003,49.946659,1258000
2008-05-08,69.449997,69.690002,69.029999,69.214996,49.845818,758000
2008-05-09,68.845001,69.305,68.75,69.175003,49.817032,723600
2008-05-12,69.290001,69.889999,68.964996,69.889999,50.331936,860600
2008-05-13,70.084999,70.095001,69.535004,69.970001,50.389542,1498400
2008-05-14,70.300003,70.824997,70.150002,70.190002,50.547974,1250600
2008-05-15,70.25,71,70.139999,70.934998,51.084488,2036600
2008-05-16,71.169998,71.18,70.5,71.059998,51.17453,774800
2008-05-19,71.154999,71.800003,70.834999,71.169998,51.253723,919000
2008-05-20,70.855003,70.855003,70.239998,70.584999,50.832443,1100400
2008-05-21,70.699997,70.805,69.275002,69.400002,49.979034,2175200
2008-05-22,69.525002,69.834999,69.400002,69.635002,50.148308,2396400
2008-05-23,69.254997,69.394997,68.584999,68.629997,49.42453,1198800
2008-05-27,68.785004,69.324997,68.625,69.230003,49.856628,1256800
2008-05-28,69.470001,69.644997,68.989998,69.644997,50.155506,692400
2008-05-29,69.529999,70.400002,69.519997,69.949997,50.375156,680200
2008-05-30,70.195,70.360001,70,70.084999,50.472366,1189800
2008-06-02,69.985001,69.989998,69.059998,69.525002,50.069077,1322200
2008-06-03,69.760002,69.919998,68.760002,69.150002,49.799023,1897200
2008-06-04,69,69.785004,68.959999,69.275002,49.889034,977200
2008-06-05,69.464996,70.625,69.375,70.625,50.861248,942200
2008-06-06,69.989998,70.105003,68.495003,68.495003,49.327309,1401600
2008-06-09,68.754997,69,67.974998,68.550003,49.366932,1953800
2008-06-10,68.110001,68.720001,67.995003,68.205002,49.118465,790800
2008-06-11,68.175003,68.269997,67.175003,67.175003,48.376713,874000
2008-06-12,67.544998,68.059998,66.940002,67.375,48.520729,1118800
2008-06-13,67.724998,68.375,67.5,68.375,49.240883,1205200
2008-06-16,68,68.720001,67.919998,68.489998,49.323692,1008600
2008-06-17,68.849998,68.849998,68,68,48.970821,1220200
2008-06-18,67.800003,67.889999,67.230003,67.5,48.610741,595400
2008-06-19,67.43,67.949997,67.139999,67.699997,48.75478,577900
2008-06-20,67.199997,67.230003,66.309998,66.599998,47.962597,926600
2008-06-23,66.940002,66.940002,66.349998,66.400002,47.818565,1169800
2008-06-24,65.970001,66.440002,65.400002,65.760002,47.581974,963700
2008-06-25,66.059998,66.910004,66.059998,66.230003,47.922058,1171200
2008-06-26,65.699997,65.709999,64.309998,64.309998,46.532814,1620600
2008-06-27,64.360001,64.699997,63.830002,64.220001,46.467663,1577400
2008-06-30,64.239998,64.699997,63.950001,64.089996,46.373592,1010600
2008-07-01,63.490002,64.389999,63.150002,64.389999,46.590683,1631500
2008-07-02,64.559998,64.730003,63.029999,63.07,45.635555,1119700
2008-07-03,63.470001,63.509998,62.48,63.009998,45.59214,1190600
2008-07-07,63.27,63.560001,61.889999,62.400002,45.150761,1455500
2008-07-08,62.360001,63.630001,61.900002,63.549999,45.982868,1888100
2008-07-09,63.689999,63.82,62.200001,62.259998,45.049465,1815900
2008-07-10,62.32,62.919998,61.84,62.650002,45.331657,1456600
2008-07-11,61.950001,62.880001,61.259998,62.099998,44.933708,1519200
2008-07-14,62.939999,62.939999,61.279999,61.490002,44.492332,1726100
2008-07-15,60.950001,61.919998,60.09,60.700001,43.920696,2949100
2008-07-16,60.939999,62.439999,60.700001,62.099998,44.933708,2053000
2008-07-17,62.799999,63.509998,62.25,62.75,45.404011,2702200
2008-07-18,63.330002,63.330002,62.77,63.099998,45.657272,3187000
2008-07-21,63.48,63.52,63,63.27,45.780281,1926300
2008-07-22,62.860001,64.150002,62.650002,64.110001,46.388073,2732400
2008-07-23,64.230003,64.849998,64.050003,64.419998,46.612381,2901100
2008-07-24,64.5,64.5,62.75,62.91,45.519775,2289600
2008-07-25,63.139999,63.360001,62.810001,63.099998,45.657272,1962800
2008-07-28,63.389999,63.389999,62,62.25,45.042233,2018600
2008-07-29,62.259998,63.57,62.25,63.57,45.997349,2603200
2008-07-30,63.810001,64.459999,63.5,64.419998,46.612381,2283100
2008-07-31,63.93,64.529999,63.639999,63.689999,46.084175,1907800
2008-08-01,63.860001,63.93,63.009998,63.41,45.881577,2238500
2008-08-04,63.380001,63.400002,62.610001,62.880001,45.498093,1165100
2008-08-05,63.240002,64.489998,63.169998,64.489998,46.663029,958900
2008-08-06,64.269997,64.830002,63.98,64.57,46.720921,1769100
2008-08-07,64.339996,64.400002,63.48,63.650002,46.055233,1082500
2008-08-08,63.619999,65.160004,63.41,65,47.032063,1044200
2008-08-11,64.970001,66.010002,64.849998,65.650002,47.502373,1340100
2008-08-12,65.43,65.459999,64.68,64.93,46.981403,1212100
2008-08-13,64.699997,65.18,64.199997,64.779999,46.872879,1474400
2008-08-14,64.32,65.510002,64.32,65.120003,47.118889,1612800
2008-08-15,65.459999,65.699997,65.089996,65.5,47.393837,1660800
2008-08-18,65.669998,65.669998,64.239998,64.540001,46.6992,1846100
2008-08-19,64.169998,64.230003,63.619999,63.860001,46.207184,2000200
2008-08-20,64,64.309998,63.549999,64.089996,46.373592,1757000
2008-08-21,63.73,64.5,63.68,64.260002,46.49662,1372300
2008-08-22,64.610001,65.160004,64.550003,65.160004,47.14782,1487500
2008-08-25,64.769997,64.769997,63.630001,63.790001,46.156536,1522300
2008-08-26,63.799999,64.18,63.529999,64,46.308487,1304500
2008-08-27,64.07,64.720001,63.939999,64.43,46.619621,1289200
2008-08-28,64.910004,65.480003,64.839996,65.480003,47.379368,1798300
2008-08-29,65.169998,65.360001,64.620003,64.620003,46.757103,1194600
2008-09-02,65.360001,65.699997,64.050003,64.349998,46.561718,1421300
2008-09-03,64.330002,64.559998,63.75,64.230003,46.474903,1210200
2008-09-04,63.790001,63.84,62.259998,62.259998,45.049465,1554300
2008-09-05,61.98,62.740002,61.290001,62.630001,45.317188,3154000
2008-09-08,64.389999,64.419998,62.75,63.720001,46.105885,1530800
2008-09-09,63.650002,63.790001,61.509998,61.509998,44.506779,1904300
2008-09-10,62.189999,62.59,61.380001,61.919998,44.803463,1427400
2008-09-11,61.299999,62.82,60.950001,62.790001,45.432964,1718300
2008-09-12,62.259998,63.41,62.029999,63.41,45.881577,1160300
2008-09-15,61.200001,62.290001,60.310001,60.5,43.775986,2175600
2008-09-16,59.23,61.279999,58.82,61.279999,44.340382,3943100
2008-09-17,60.139999,60.450001,58.330002,58.540001,42.357792,2976300
2008-09-18,59.259998,61.259998,57.27,60.5,43.775986,4643300
2008-09-19,63.419998,63.419998,62.330002,63.419998,45.888813,2179700
2008-09-22,63.139999,63.200001,60.900002,61.23,44.304195,3319900
2008-09-23,61.040001,61.740002,60.02,60.189999,43.551685,4866400
2008-09-24,60.200001,60.529999,59.380001,59.84,43.512409,1858200
2008-09-25,60.75,61.209999,59.939999,60.91,44.290459,2569400
2008-09-26,59.59,60.950001,59.52,60.860001,44.254097,1947100
2008-09-29,59.880001,60.049999,55.889999,56.849998,41.338249,4238100
2008-09-30,58,59.23,56.5,58.360001,42.436237,3219700
2008-10-01,58.290001,58.52,57.169998,58.290001,42.385334,3352700
2008-10-02,57.889999,58.060001,55.5,55.669998,40.480217,2146900
2008-10-03,56.5,57.509998,54.630001,54.82,39.862125,2657000
2008-10-06,53.299999,53.439999,50.040001,52.91,38.473301,8437400
2008-10-07,53.18,53.380001,49.599998,49.68,36.124611,3768000
2008-10-08,48.389999,50.720001,47.869999,48.73,35.433846,4013400
2008-10-09,49.57,50.07,45.200001,45.669998,33.208748,5656700
2008-10-10,43.169998,46.950001,41.720001,44.349998,32.248917,7935300
2008-10-13,47.049999,50.23,46.66,50.040001,36.386379,7777500
2008-10-14,52.799999,53.5,48.310001,49.610001,36.073708,8395400
2008-10-15,48.48,48.639999,44.860001,44.970001,32.69976,4040800
2008-10-16,45.240002,47.049999,42.950001,47.040001,34.204952,3862000
2008-10-17,45.619999,48.900002,45.52,46.599998,33.884991,4683200
2008-10-20,47.580002,48.990002,46.950001,48.990002,35.62289,3323000
2008-10-21,48.439999,49,47.349998,47.509998,34.546703,5601200
2008-10-22,46.310001,46.509998,43.57,44.860001,32.619766,7077000
2008-10-23,44.950001,45.779999,42.470001,45.419998,33.026962,8369700
2008-10-24,41.400002,44.360001,41.400002,43.240002,31.441797,9436400
2008-10-27,42.5,44.07,41.75,41.84,30.423784,11272400
2008-10-28,42.990002,46.040001,41.630001,46.040001,33.477798,11192800
2008-10-29,45.5,47.799999,45.450001,45.580002,33.143314,13198500
2008-10-30,47.459999,47.599998,45.880001,47.119999,34.263119,17878200
2008-10-31,47.330002,48.790001,46.720001,48.16,35.019344,19027600
2008-11-03,48.060001,48.470001,47.580002,48,34.903015,7864200
2008-11-04,49.130001,49.889999,48.669998,49.73,36.160973,9068100
2008-11-05,49.169998,49.580002,47.110001,47.27,34.372181,22995100
2008-11-06,46.779999,47.209999,44.669998,44.950001,32.685204,21517500
2008-11-07,45.41,46.200001,45,46.110001,33.528694,17076100
2008-11-10,47.169998,47.279999,44.950001,45.599998,33.157856,9280200
2008-11-11,44.950001,45.450001,43.810001,44.560001,32.401619,34453300
2008-11-12,43.639999,43.889999,42.080002,42.279999,30.743725,26164200
2008-11-13,42.5,45.200001,40.439999,45.07,32.772476,33461700
2008-11-14,44,45.32,43.009998,43.150002,31.376356,13627900
2008-11-17,42.57,43.59,41.970001,42.02,30.554665,15957900
2008-11-18,41.990002,42.830002,40.810001,42.41,30.838263,21076700
2008-11-19,42.32,42.68,39.73,39.84,28.9695,17829600
2008-11-20,39.330002,40.369999,36.810001,37.18,27.035301,22540600
2008-11-21,37.970001,39.369999,36.32,39.290001,28.569567,18959100
2008-11-24,40,42.490002,39.68,41.630001,30.27108,42316200
2008-11-25,42.700001,42.759998,41.029999,42.209999,30.692837,29997000
2008-11-26,41.400002,43.849998,41.330002,43.77,31.827166,21949900
2008-11-28,43.59,44.299999,43.509998,44.299999,32.21257,4245900
2008-12-01,43.09,43.119999,40.200001,40.34,29.333069,11007700
2008-12-02,41.040001,41.970001,40.389999,41.93,30.489225,10204200
2008-12-03,40.98,43.119999,40.84,43.009998,31.274544,13823000
2008-12-04,42.389999,43.330002,41.07,41.73,30.343788,9723300
2008-12-05,41.080002,43.450001,40.360001,43.209999,31.419973,25469500
2008-12-08,44.450001,45.41,44.169998,44.860001,32.619766,9452800
2008-12-09,44.490002,45.380001,43.740002,44.040001,32.023499,11438500
2008-12-10,44.439999,45.02,43.84,44.540001,32.387085,7436400
2008-12-11,44.139999,44.830002,42.919998,43.290001,31.478144,6746200
2008-12-12,42.049999,43.810001,42,43.720001,31.790815,7858200
2008-12-15,43.91,44,42.450001,43,31.267273,8839700
2008-12-16,45.259998,45.310001,43.439999,45.259998,32.910629,8988000
2008-12-17,44.799999,45.689999,44.470001,44.93,32.670673,7705200
2008-12-18,45.189999,45.34,43.630001,44.150002,32.103489,8333900
2008-12-19,44.470001,45.099998,43.98,44.110001,32.074429,6242800
2008-12-22,43.959999,43.970001,42.360001,43.16,31.623802,9594600
2008-12-23,43.400002,43.57,42.5,42.700001,31.286739,10094300
2008-12-24,42.779999,43.029999,42.549999,42.869999,31.411306,2333700
2008-12-26,43.25,43.32,42.860001,43.32,31.741032,3522900
2008-12-29,43.25,43.259998,42.360001,42.990002,31.499218,6012300
2008-12-30,43.290001,44.119999,43.110001,44.119999,32.327183,8725900
2008-12-31,44.139999,45.130001,44.02,44.740002,32.781483,6680900
2009-01-02,44.880001,46.259998,44.560001,46.029999,33.726673,7316000
2009-01-05,45.889999,46.41,45.5,46.02,33.719334,7419100
2009-01-06,46.5,46.860001,46.009998,46.400002,33.99778,7686200
2009-01-07,45.709999,45.830002,44.810001,45.099998,33.045235,6382300
2009-01-08,44.799999,45.310001,44.57,45.299999,33.191784,5518400
2009-01-09,45.369999,45.419998,44.150002,44.189999,32.378475,5931900
2009-01-12,44.139999,44.200001,42.900002,43.220001,31.667757,5924100
2009-01-13,43.029999,43.59,42.84,43.279999,31.711706,8492400
2009-01-14,42.509998,42.630001,41.580002,41.869999,30.678596,6675700
2009-01-15,41.810001,42.439999,40.57,42.02,30.788488,9360600
2009-01-16,42.759998,42.77,41.310001,42.330002,31.01565,9328900
2009-01-20,42,42.07,40.029999,40.130001,29.403687,9230000
2009-01-21,40.77,41.880001,40,41.77,30.605316,8915200
2009-01-22,40.950001,41.75,40.310001,41.049999,30.077787,13116500
2009-01-23,40.139999,41.720001,40,41.299999,30.26095,11839000
2009-01-26,41.509998,42.41,41.09,41.529999,30.429474,8307800
2009-01-27,41.779999,42.259998,41.48,42.02,30.788488,7171000
2009-01-28,42.900002,43.700001,42.759998,43.470001,31.850935,7719500
2009-01-29,42.810001,43.549999,41.959999,42.040001,30.803154,5493100
2009-01-30,42.209999,42.380001,40.849998,41.139999,30.143703,6640200
2009-02-02,40.540001,41.34,40.41,41.07,30.092426,7746500
2009-02-03,41.310001,41.91,40.880001,41.650002,30.517395,6197800
2009-02-04,41.860001,42.419998,41.299999,41.43,30.356194,8225600
2009-02-05,41.139999,42.41,40.849998,42.09,30.839796,6155400
2009-02-06,42.189999,43.419998,42.09,43.299999,31.726376,5202500
2009-02-09,43.299999,43.650002,42.939999,43.310001,31.733696,3847000
2009-02-10,42.919998,43.330002,41.07,41.330002,30.282925,8626600
2009-02-11,41.580002,41.84,41,41.580002,30.466099,7875200
2009-02-12,40.939999,41.759998,40.360001,41.689999,30.546707,8848800
2009-02-13,41.610001,41.970001,41.240002,41.27,30.238962,5400600
2009-02-17,39.939999,40.169998,39.470001,39.490002,28.934734,10271000
2009-02-18,39.810001,39.82,38.98,39.360001,28.839489,9826600
2009-02-19,39.709999,39.91,38.790001,38.939999,28.531752,6115700
2009-02-20,38.139999,38.950001,37.650002,38.48,28.194695,9978900
2009-02-23,38.919998,38.919998,37.07,37.169998,27.234859,7559300
2009-02-24,37.400002,38.740002,37.150002,38.52,28.224009,8526000
2009-02-25,38.330002,38.959999,37.580002,38.220001,28.004196,6295000
2009-02-26,38.630001,38.889999,37.5,37.52,27.491301,5524900
2009-02-27,36.830002,37.59,36.66,36.810001,26.971073,7456700
2009-03-02,36.040001,36.27,34.950001,35.099998,25.718134,8553900
2009-03-03,35.540001,35.59,34.52,34.799999,25.498329,7251000
2009-03-04,35.349998,36.16,34.970001,35.560001,26.055193,6847500
2009-03-05,34.759998,35.18,33.830002,34.119999,25.000078,5771500
2009-03-06,34.400002,34.900002,33.259998,34.110001,24.992756,6381500
2009-03-09,33.669998,34.700001,33.549999,33.700001,24.692348,7974100
2009-03-10,34.419998,35.880001,34.360001,35.849998,26.267673,5978000
2009-03-11,36.23,36.59,35.639999,35.98,26.362936,5740200
2009-03-12,35.990002,37.619999,35.650002,37.459999,27.447342,5478100
2009-03-13,37.810001,37.959999,37.130001,37.860001,27.740423,6277000
2009-03-16,38.299999,38.68,37.59,37.650002,27.586554,5805600
2009-03-17,37.709999,38.84,37.389999,38.84,28.458496,4114200
2009-03-18,38.650002,40.18,38.27,39.669998,29.066637,7644800
2009-03-19,40.279999,40.299999,39.169998,39.27,28.773554,4713900
2009-03-20,39.419998,39.509998,38.310001,38.439999,28.165394,3407100
2009-03-23,39.43,41.130001,39.240002,41.110001,30.121737,5687800
2009-03-24,40.650002,41.200001,40.290001,40.290001,29.520912,5061400
2009-03-25,40.360001,41.110001,39.240002,40.43,29.829325,6892600
2009-03-26,40.919998,41.450001,40.5,41.439999,30.574488,6266300
2009-03-27,40.880001,41.099998,40.490002,40.66,29.999001,4531200
2009-03-30,39.779999,39.779999,38.790001,39.23,28.943954,5386200
2009-03-31,39.619999,40.380001,39.34,39.580002,29.202177,4491100
2009-04-01,39.110001,40.490002,38.950001,40.369999,29.785049,3246400
2009-04-02,41.349998,42.200001,41.23,41.580002,30.67779,5423400
2009-04-03,41.610001,42.139999,41.25,42.099998,31.061434,5391600
2009-04-06,41.700001,41.830002,41.099998,41.689999,30.758951,4136200
2009-04-07,41.029999,41.25,40.619999,40.630001,29.976856,3986500
2009-04-08,40.860001,41.34,40.639999,41.200001,30.397415,2255000
2009-04-09,42.279999,42.869999,42.080002,42.869999,31.629536,3068700
2009-04-13,42.490002,43.240002,42.25,42.93,31.673819,3069700
2009-04-14,42.52,42.860001,42,42.130001,31.083584,3185000
2009-04-15,41.860001,42.639999,41.740002,42.580002,31.415586,2905000
2009-04-16,42.939999,43.599998,42.360001,43.310001,31.954193,3199200
2009-04-17,43.450001,43.869999,43.09,43.599998,32.168137,3490500
2009-04-20,42.799999,43.09,41.709999,41.75,30.803209,2939000
2009-04-21,41.41,42.599998,41.34,42.580002,31.415586,1438100
2009-04-22,42.169998,43.310001,42.080002,42.400002,31.282782,5320300
2009-04-23,42.509998,42.75,41.900002,42.700001,31.504114,3654500
2009-04-24,43.09,43.759998,42.880001,43.450001,32.057472,4707200
2009-04-27,42.919998,43.610001,42.830002,43,31.725475,4221500
2009-04-28,42.52,43.419998,42.450001,42.919998,31.666418,3880400
2009-04-29,43.419998,44.380001,43.290001,43.939999,32.41901,3673000
2009-04-30,44.540001,44.790001,43.740002,43.93,32.411636,4173900
2009-05-01,43.93,44.34,43.59,44.18,32.596066,3597500
2009-05-04,44.57,45.689999,44.459999,45.689999,33.710148,3903700
2009-05-05,45.540001,45.720001,45.150002,45.529999,33.592102,3588100
2009-05-06,46.07,46.279999,45.450001,46.240002,34.115948,4753400
2009-05-07,46.689999,46.740002,45.209999,45.52,33.584709,4578000
2009-05-08,46.080002,46.700001,45.77,46.549999,34.34465,3835800
2009-05-11,45.990002,46.18,45.610001,45.75,33.754414,3891300
2009-05-12,46.040001,46.110001,44.98,45.630001,33.665871,3763900
2009-05-13,44.93,45,44.200001,44.330002,32.706753,4119500
2009-05-14,44.310001,45.049999,44.130001,44.779999,33.038738,2830200
2009-05-15,44.669998,45,44.049999,44.310001,32.691978,2686800
2009-05-18,44.75,45.689999,44.68,45.669998,33.695393,2532400
2009-05-19,45.66,46.080002,45.459999,45.68,33.70277,2250500
2009-05-20,46.110001,46.540001,45.310001,45.419998,33.510941,2455500
2009-05-21,44.860001,45.009998,44.209999,44.599998,32.905941,2764100
2009-05-22,44.759998,45.07,44.43,44.630001,32.928085,1559500
2009-05-26,44.27,45.889999,44.25,45.830002,33.813446,2225400
2009-05-27,45.810001,46.049999,44.959999,45.060001,33.24535,2778800
2009-05-28,45.34,45.759998,44.669998,45.619999,33.658493,2831800
2009-05-29,45.880001,46.360001,45.5,46.330002,34.182327,2629300
2009-06-01,46.959999,47.810001,46.880001,47.48,35.030807,2552200
2009-06-02,47.400002,47.919998,47.299999,47.669998,35.170994,3590800
2009-06-03,47.299999,47.369999,46.610001,47.09,34.743076,2144200
2009-06-04,47.25,47.599998,46.889999,47.560001,35.089832,2176600
2009-06-05,48.049999,48.130001,47.200001,47.470001,35.023422,2765700
2009-06-08,47.25,47.779999,46.759998,47.34,34.927513,2058500
2009-06-09,47.59,47.849998,47.290001,47.59,35.111965,1885100
2009-06-10,48.07,48.099998,46.880001,47.470001,35.023422,2766900
2009-06-11,47.610001,48.310001,47.549999,47.75,35.230019,2324600
2009-06-12,47.52,47.799999,47.240002,47.790001,35.259525,1410900
2009-06-15,47.279999,47.279999,46.459999,46.68,34.440556,2761900
2009-06-16,46.880001,46.919998,45.970001,46.029999,33.961002,1805200
2009-06-17,46.009998,46.360001,45.580002,45.970001,33.916737,1585900
2009-06-18,46.080002,46.490002,45.790001,46.220001,34.101173,2233500
2009-06-19,46.720001,46.799999,46.200001,46.389999,34.226612,1394800
2009-06-22,46,46.02,45.040001,45.049999,33.237965,2630200
2009-06-23,45.139999,45.279999,44.740002,45.049999,33.237965,2142000
2009-06-24,45.299999,45.650002,44.939999,45.18,33.499702,3069500
2009-06-25,44.98,46.23,44.91,46.23,34.278248,1841200
2009-06-26,46.049999,46.349998,45.860001,46.139999,34.211494,1181400
2009-06-29,46.360001,46.650002,46.02,46.580002,34.537758,1671800
2009-06-30,46.610001,46.75,45.900002,46.27,34.307892,2871600
2009-07-01,46.5,46.91,46.43,46.540001,34.508102,2159500
2009-07-02,45.889999,45.889999,45.18,45.32,33.6035,1812800
2009-07-06,44.779999,45.169998,44.529999,45.150002,33.477444,1877100
2009-07-07,45.07,45.099998,44.16,44.220001,32.787888,1486800
2009-07-08,44.400002,44.529999,43.599998,44.16,32.743385,3177900
2009-07-09,44.439999,44.580002,44.080002,44.25,32.810127,1255800
2009-07-10,44.029999,44.389999,43.790001,44.139999,32.728573,1503200
2009-07-13,44.32,45.209999,43.889999,45.16,33.484879,1965000
2009-07-14,45.27,45.5,45,45.48,33.722134,3939800
2009-07-15,46.099998,46.959999,46.029999,46.84,34.730522,2042400
2009-07-16,46.709999,47.5,46.650002,47.299999,35.071609,1762800
2009-07-17,47.290001,47.419998,47.009998,47.32,35.086437,1761500
2009-07-20,47.619999,47.919998,47.360001,47.849998,35.479427,1956500
2009-07-21,48.220001,48.259998,47.450001,48.060001,35.635128,2464000
2009-07-22,47.740002,48.349998,47.709999,48.09,35.657387,2460800
2009-07-23,48.099998,49.400002,48.080002,49.23,36.502632,1972700
2009-07-24,48.91,49.459999,48.73,49.389999,36.621288,1639800
2009-07-27,49.349998,49.610001,49.060001,49.599998,36.777,1619700
2009-07-28,49.259998,49.599998,48.939999,49.48,36.688011,1511000
2009-07-29,49.110001,49.369999,48.900002,49.240002,36.510071,1074600
2009-07-30,49.82,50.32,49.700001,49.77,36.903046,2054100
2009-07-31,49.779999,50.150002,49.630001,49.849998,36.962357,1122700
2009-08-03,50.279999,50.73,50.07,50.689999,37.585205,2769900
2009-08-04,50.450001,50.950001,50.369999,50.880001,37.726086,1448300
2009-08-05,50.950001,50.959999,50.290001,50.759998,37.637115,1726600
2009-08-06,51,51.029999,50.200001,50.41,37.377598,1283300
2009-08-07,50.98,51.52,50.669998,51.119999,37.904034,1463500
2009-08-10,50.93,51.150002,50.66,51,37.815056,1358700
2009-08-11,50.84,50.849998,50.23,50.34,37.325691,1335000
2009-08-12,50.310001,51.32,50.299999,50.889999,37.73349,1646800
2009-08-13,51.18,51.360001,50.669998,51.34,38.067169,1651600
2009-08-14,51.32,51.360001,50.349998,50.869999,37.718678,1975600
2009-08-17,49.919998,49.950001,49.470001,49.549999,36.739918,2036400
2009-08-18,49.700001,50.200001,49.599998,50.07,37.125484,2236800
2009-08-19,49.669998,50.619999,49.580002,50.5,37.44434,1125500
2009-08-20,50.529999,51.09,50.43,50.98,37.800224,980100
2009-08-21,51.400002,52.07,51.32,51.93,38.50462,1644300
2009-08-24,52.25,52.490002,51.779999,52,38.556522,2001900
2009-08-25,52.200001,52.580002,51.98,52.099998,38.630672,2144100
2009-08-26,51.98,52.349998,51.77,52.060001,38.601021,2398700
2009-08-27,52.02,52.349998,51.43,52.240002,38.734482,2014700
2009-08-28,52.59,52.709999,51.860001,52.200001,38.70483,1098300
2009-08-31,51.720001,51.77,51.369999,51.700001,38.334099,1154000
2009-09-01,51.419998,52.110001,50.439999,50.560001,37.488815,1996900
2009-09-02,50.32,50.619999,50.189999,50.349998,37.333099,1460000
2009-09-03,50.560001,50.869999,50.209999,50.810001,37.674175,917800
2009-09-04,50.880001,51.549999,50.73,51.459999,38.156128,897400
2009-09-08,52.02,52.099998,51.720001,51.98,38.541702,1412600
2009-09-09,52.119999,52.66,51.939999,52.5,38.927269,1760200
2009-09-10,52.549999,53.040001,52.220001,53.040001,39.327671,2222000
2009-09-11,53.139999,53.32,52.799999,53.080002,39.357323,1291300
2009-09-14,52.630001,53.41,52.59,53.360001,39.56493,1207200
2009-09-15,53.400002,53.790001,53.110001,53.619999,39.757698,1684300
2009-09-16,53.790001,54.509998,53.650002,54.459999,40.380547,2044700
2009-09-17,54.48,54.900002,54.119999,54.360001,40.306396,2068600
2009-09-18,54.580002,54.650002,54.23,54.439999,40.365726,1594000
2009-09-21,54.029999,54.43,53.869999,54.290001,40.254513,1248100
2009-09-22,54.639999,54.779999,54.380001,54.610001,40.491787,1844300
2009-09-23,54.799999,55.07,54.009998,54.049999,40.076553,1878400
2009-09-24,53.950001,54.110001,52.98,53.23,39.650482,1768600
2009-09-25,53.189999,53.330002,52.709999,52.889999,39.397224,1387800
2009-09-28,53.09,54,53.080002,53.880001,40.134659,1574900
2009-09-29,54.040001,54.27,53.639999,53.790001,40.067612,1754100
2009-09-30,53.959999,53.990002,53,53.59,39.918629,1484700
2009-10-01,53.400002,53.43,52.119999,52.169998,38.860897,1451700
2009-10-02,51.599998,52.18,51.57,51.860001,38.629978,1942000
2009-10-05,52.119999,52.82,51.959999,52.66,39.225899,1194200
2009-10-06,53.139999,53.759998,53.060001,53.439999,39.806904,1941300
2009-10-07,53.360001,53.650002,53.220001,53.560001,39.89629,1255100
2009-10-08,54,54.32,53.740002,54.029999,40.246376,2355600
2009-10-09,54.080002,54.400002,53.919998,54.400002,40.521999,1532500
2009-10-12,54.630001,54.84,54.380001,54.599998,40.670971,868000
2009-10-13,54.48,54.560001,54.080002,54.450001,40.559246,831100
2009-10-14,55.110001,55.48,54.869999,55.419998,41.281765,1322200
2009-10-15,55.119999,55.610001,55.080002,55.610001,41.423313,1113400
2009-10-16,55.099998,55.360001,54.799999,55.200001,41.11792,2161200
2009-10-19,55.25,55.810001,55.049999,55.650002,41.453102,1088900
2009-10-20,55.740002,55.759998,55.02,55.310001,41.199848,1289100
2009-10-21,55.150002,55.849998,54.709999,54.77,40.7976,2223900
2009-10-22,54.759998,55.490002,54.360001,55.360001,41.237095,1289800
2009-10-23,55.549999,55.549999,54.439999,54.650002,40.708225,1397500
2009-10-26,54.720001,55.279999,53.869999,54.029999,40.246376,2158100
2009-10-27,54.110001,55,53.599998,53.740002,40.030369,2151600
2009-10-28,53.509998,53.700001,52.48,52.57,39.158859,2342300
2009-10-29,52.950001,53.77,52.869999,53.630001,39.948429,2975500
2009-10-30,53.450001,53.630001,52.060001,52.18,38.86834,3381100
2009-11-02,52.470001,53.029999,51.799999,52.470001,39.084358,2723300
2009-11-03,52.150002,52.779999,52.049999,52.709999,39.26313,1622500
2009-11-04,53.23,53.549999,52.700001,52.799999,39.33017,1880300
2009-11-05,53.209999,53.84,53.099998,53.810001,40.082523,1980000
2009-11-06,53.560001,54.139999,53.43,53.950001,40.186794,1946600
2009-11-09,54.439999,55.16,54.380001,55.16,41.088093,1830400
2009-11-10,55.029999,55.349998,54.849998,55.18,41.102993,1837200
2009-11-11,55.5,55.810001,55.18,55.459999,41.311573,1967200
2009-11-12,55.389999,55.669998,54.68,54.84,40.849743,1767800
2009-11-13,55,55.360001,54.669998,55.16,41.088093,1788800
2009-11-16,55.57,56.220001,55.509998,55.990002,41.706364,2485800
2009-11-17,55.869999,56.099998,55.650002,56.049999,41.751049,1666100
2009-11-18,56.049999,56.119999,55.700001,56.009998,41.721275,1530100
2009-11-19,55.57,55.619999,54.849998,55.209999,41.125366,1898800
2009-11-20,54.939999,55.150002,54.75,55.040001,40.998714,1109100
2009-11-23,55.68,56.119999,55.540001,55.689999,41.482891,1753200
2009-11-24,55.810001,55.810001,55.27,55.73,41.512707,2452800
2009-11-25,55.84,55.990002,55.66,55.950001,41.676571,1407900
2009-11-27,54.41,55.419998,54.299999,55.009998,40.976372,865100
2009-11-30,55,55.259998,54.639999,55.150002,41.080666,2746200
2009-12-01,55.68,56.029999,55.57,55.830002,41.58717,1958300
2009-12-02,55.889999,56.330002,55.75,55.990002,41.706364,1293700
2009-12-03,56.110001,56.43,55.43,55.490002,41.333923,1349800
2009-12-04,56.299999,56.549999,55.330002,55.900002,41.639328,2489800
2009-12-07,55.880001,56.150002,55.66,55.830002,41.58717,1233300
2009-12-08,55.43,55.580002,55.040001,55.25,41.155155,1320600
2009-12-09,55.23,55.509998,54.939999,55.43,41.289234,1433500
2009-12-10,55.75,55.970001,55.610001,55.709999,41.497787,940600
2009-12-11,55.889999,56.060001,55.669998,55.990002,41.706364,1291500
2009-12-14,56.369999,56.450001,56.080002,56.41,42.019215,1283700
2009-12-15,56.27,56.459999,56.049999,56.169998,41.840439,1641300
2009-12-16,56.450001,56.599998,56.189999,56.310001,41.944744,1906500
2009-12-17,55.900002,56.02,55.57,55.68,41.475452,1845700
2009-12-18,55.950001,56.029999,55.5,56.02,41.72871,2113100
2009-12-21,56.279999,56.75,56.279999,56.57,42.138393,3190800
2009-12-22,56.380001,56.59,56.299999,56.5,42.354309,3581300
2009-12-23,56.650002,56.740002,56.389999,56.689999,42.496727,1297200
2009-12-24,56.790001,57,56.779999,56.98,42.714127,607400
2009-12-28,57.220001,57.220001,56.849998,57.049999,42.766586,1742400
2009-12-29,57.25,57.25,56.950001,56.950001,42.691631,1527000
2009-12-30,56.779999,57,56.75,56.93,42.676632,1592300
2009-12-31,57.02,57.049999,56.369999,56.369999,42.256855,1322000
2010-01-04,56.860001,57.380001,56.84,57.310001,42.96151,2251500
2010-01-05,57.34,57.540001,57.110001,57.529999,43.126434,1597700
2010-01-06,57.5,57.720001,57.41,57.610001,43.186398,2120300
2010-01-07,57.549999,57.889999,57.290001,57.849998,43.366291,1656700
2010-01-08,57.700001,58.049999,57.560001,58.040001,43.508724,1650000
2010-01-11,58.299999,58.349998,57.849998,58.119999,43.56871,1883100
2010-01-12,57.75,57.82,57.299999,57.52,43.118919,1730100
2010-01-13,57.709999,58.18,57.360001,58.060001,43.523724,1825200
2010-01-14,58.02,58.279999,57.939999,58.16,43.598694,1667100
2010-01-15,58.099998,58.150002,57.299999,57.5,43.103935,2785900
2010-01-19,57.549999,58.290001,57.52,58.259998,43.673656,2546700
2010-01-20,57.900002,57.900002,57.209999,57.720001,43.268864,2755100
2010-01-21,57.720001,57.91,56.57,56.66,42.474228,4350700
2010-01-22,56.400002,56.599998,55.310001,55.41,41.537189,4423000
2010-01-25,55.880001,55.970001,55.459999,55.650002,41.717113,2781100
2010-01-26,55.450001,55.990002,55.27,55.400002,41.529701,1704300
2010-01-27,55.299999,55.75,54.869999,55.669998,41.732101,2077900
2010-01-28,55.889999,55.889999,54.650002,55.009998,41.237335,2235100
2010-01-29,55.240002,55.650002,54.279999,54.360001,40.750072,2421800
2010-02-01,54.720001,55.240002,54.700001,55.189999,41.372272,2132800
2010-02-02,55.34,56.029999,55.130001,55.900002,41.904522,2565500
2010-02-03,55.669998,55.919998,55.43,55.619999,41.694622,1352600
2010-02-04,55.169998,55.18,53.860001,53.889999,40.397758,3029700
2010-02-05,53.880001,54.07,52.82,53.98,40.465221,5416200
2010-02-08,54.02,54.299999,53.540001,53.560001,40.150391,1494300
2010-02-09,54.16,54.700001,53.75,54.27,40.682613,2191500
2010-02-10,54.200001,54.459999,53.700001,54.189999,40.622646,1340800
2010-02-11,54.07,54.84,53.759998,54.77,41.057423,1302300
2010-02-12,54.220001,54.810001,54,54.77,41.057423,2189100
2010-02-16,55.240002,55.77,55.040001,55.689999,41.747097,1186500
2010-02-17,55.990002,56.080002,55.740002,56,41.979485,1936000
2010-02-18,55.939999,56.439999,55.869999,56.32,42.219357,1537400
2010-02-19,56.150002,56.669998,56.060001,56.52,42.369293,1863000
2010-02-22,56.709999,56.720001,56.32,56.43,42.301826,3049500
2010-02-23,56.310001,56.48,55.610001,55.75,41.79208,2144700
2010-02-24,55.93,56.34,55.790001,56.25,42.166889,1689100
2010-02-25,55.459999,56.240002,55.290001,56.23,42.151878,2956100
2010-02-26,56.220001,56.41,55.91,56.23,42.151878,1272600
2010-03-01,56.490002,56.939999,56.470001,56.900002,42.65414,1580100
2010-03-02,57.169998,57.369999,57,57.080002,42.789093,1988900
2010-03-03,57.279999,57.52,57.040001,57.150002,42.841568,1617900
2010-03-04,57.279999,57.400002,57.009998,57.299999,42.954014,1636600
2010-03-05,57.740002,58.23,57.560001,58.209999,43.636169,2699100
2010-03-08,58.220001,58.349998,58.110001,58.220001,43.643665,2027600
2010-03-09,58.049999,58.610001,58.02,58.34,43.733631,4736900
2010-03-10,58.41,58.779999,58.34,58.650002,43.966011,1949600
2010-03-11,58.439999,58.880001,58.27,58.869999,44.130936,2391700
2010-03-12,59.139999,59.150002,58.700001,58.869999,44.130936,1227600
2010-03-15,58.810001,58.900002,58.419998,58.849998,44.115932,1624900
2010-03-16,58.98,59.389999,58.860001,59.330002,44.475761,1047800
2010-03-17,59.529999,59.93,59.509998,59.709999,44.760632,2022900
2010-03-18,59.740002,59.799999,59.419998,59.639999,44.708145,2714900
2010-03-19,59.25,59.830002,59.040001,59.25,44.415794,2010400
2010-03-22,58.91,59.740002,58.860001,59.669998,44.730637,1643100
2010-03-23,59.759998,60.130001,59.529999,60.09,45.045467,2298500
2010-03-24,59.900002,60.049999,59.68,59.740002,44.783104,1569000
2010-03-25,59.93,60.169998,59.310001,59.400002,44.704845,2437800
2010-03-26,59.490002,59.779999,59.099998,59.389999,44.697323,1206300
2010-03-29,59.650002,59.84,59.549999,59.740002,44.960735,2434700
2010-03-30,59.849998,60,59.529999,59.77,44.983315,1927500
2010-03-31,59.59,59.880001,59.41,59.59,44.847839,1346000
2010-04-01,60.009998,60.23,59.630001,60.02,45.171452,1339600
2010-04-05,60.259998,60.610001,60.099998,60.599998,45.607967,1458300
2010-04-06,60.459999,60.869999,60.360001,60.77,45.735924,1332000
2010-04-07,60.689999,60.790001,60.139999,60.450001,45.495094,1348300
2010-04-08,60.189999,60.700001,60.02,60.59,45.600445,1335900
2010-04-09,60.759998,61.049999,60.610001,61,45.909016,1585500
2010-04-12,61.139999,61.27,61.009998,61.139999,46.014389,1277000
2010-04-13,61.119999,61.290001,60.75,61.200001,46.059528,1184300
2010-04-14,61.439999,61.950001,61.349998,61.950001,46.623993,1011200
2010-04-15,61.900002,62.150002,61.84,62.029999,46.684189,1120500
2010-04-16,61.810001,61.91,60.709999,61.060001,45.95417,2086900
2010-04-19,60.880001,61.27,60.52,61.220001,46.074612,1311800
2010-04-20,61.599998,61.830002,61.389999,61.799999,46.511101,1004900
2010-04-21,61.849998,61.98,61.380001,61.75,46.473469,1271100
2010-04-22,61.400002,62.099998,60.950001,62.049999,46.699253,447800
2010-04-23,62.02,62.490002,61.82,62.470001,47.015354,1384500
2010-04-26,62.549999,62.650002,62.18,62.25,46.849766,1701700
2010-04-27,61.950001,62.200001,60.619999,60.75,45.72086,2555300
2010-04-28,61.07,61.330002,60.619999,61.150002,46.021889,1876400
2010-04-29,61.59,62.07,61.52,61.950001,46.623993,1347100
2010-04-30,61.990002,62.049999,60.849998,60.889999,45.826218,1892800
2010-05-03,61.150002,61.82,61.049999,61.709999,46.443378,1057900
2010-05-04,61.02,61.02,59.869999,60.209999,45.314449,2658000
2010-05-05,59.619999,60.27,59.299999,59.720001,44.945683,2728200
2010-05-06,59.459999,59.82,29.76,57.709999,43.432934,6153600
2010-05-07,57.669998,58.099998,55.84,56.619999,42.612595,5416700
2010-05-10,59.139999,59.5,58.59,59.220001,44.569397,4080900
2010-05-11,58.73,59.919998,58.619999,59.169998,44.531757,2164100
2010-05-12,59.41,60.200001,59.369999,60.119999,45.246723,1394400
2010-05-13,60.029999,60.299999,59.360001,59.400002,44.704845,1289700
2010-05-14,58.970001,59.060001,57.77,58.330002,43.899555,1997300
2010-05-17,58.439999,58.689999,57.169998,58.369999,43.929653,1838600
2010-05-18,58.84,59.02,57.330002,57.540001,43.304989,2967700
2010-05-19,57.169998,57.720001,56.400002,57.130001,42.996426,2300900
2010-05-20,55.869999,56.09,54.82,54.91,41.325638,4710900
2010-05-21,53.990002,55.849998,53.830002,55.709999,41.9277,3682200
2010-05-24,55.389999,55.849998,54.939999,55.009998,41.400902,1564400
2010-05-25,53.700001,55.060001,53.189999,55.009998,41.400902,4895500
2010-05-26,55.450001,55.970001,54.599998,54.779999,41.227787,1742900
2010-05-27,55.880001,56.700001,55.650002,56.700001,42.67281,2101500
2010-05-28,56.66,56.66,55.720001,56.09,42.213703,1535000
2010-06-01,55.43,56.279999,54.869999,54.93,41.340687,1900000
2010-06-02,55.25,56.380001,54.990002,56.360001,42.416912,2962200
2010-06-03,56.529999,56.799999,56.049999,56.66,42.642685,1943500
2010-06-04,55.549999,55.93,54.41,54.669998,41.144989,1940100
2010-06-07,54.779999,54.98,53.759998,53.779999,40.475182,1880200
2010-06-08,53.869999,54.360001,53.259998,54.240002,40.821384,3281500
2010-06-09,54.599998,55.18,53.810001,53.990002,40.633244,3009700
2010-06-10,54.93,55.689999,54.880001,55.650002,41.882572,2065900
2010-06-11,55.169998,56.02,55.099998,55.990002,42.138458,2089600
2010-06-14,56.450001,56.830002,55.93,56,42.145977,2438200
2010-06-15,56.349998,57.330002,56.27,57.259998,43.094265,2285500
2010-06-16,57,57.5,56.849998,57.200001,43.049118,2221900
2010-06-17,57.380001,57.450001,56.740002,57.299999,43.124371,2050600
2010-06-18,57.419998,57.549999,57.139999,57.34,43.154476,4139100
2010-06-21,58.080002,58.130001,56.84,57.119999,42.988899,1499500
2010-06-22,57.169998,57.41,56.060001,56.139999,42.251347,1523600
2010-06-23,56.189999,56.380001,55.540001,55.919998,42.085762,1661200
2010-06-24,55.439999,55.48,54.610001,54.77,41.419518,1815900
2010-06-25,54.93,55.290001,54.43,55.049999,41.631268,2053300
2010-06-28,55.099998,55.330002,54.700001,54.869999,41.495144,1585300
2010-06-29,54.080002,54.150002,52.790001,53.139999,40.186848,3209800
2010-06-30,53.029999,53.5,52.419998,52.560001,39.74823,2394300
2010-07-01,52.5,52.720001,51.459999,52.330002,39.574284,4678400
2010-07-02,52.549999,52.689999,51.759998,52.080002,39.385227,3750800
2010-07-06,52.779999,53.139999,51.790001,52.240002,39.506214,2452000
2010-07-07,52.369999,53.990002,52.310001,53.939999,40.79184,2279100
2010-07-08,54.419998,54.57,53.849998,54.470001,41.192646,1214000
2010-07-09,54.529999,54.93,54.380001,54.889999,41.510254,954000
2010-07-12,54.860001,55.130001,54.5,54.91,41.525402,1570100
2010-07-13,55.540001,56.029999,55.400002,55.810001,42.206036,1582200
2010-07-14,55.700001,56.060001,55.439999,55.799999,42.198448,1624000
2010-07-15,55.849998,55.990002,55.040001,55.849998,42.236271,1448900
2010-07-16,55.540001,55.549999,54.130001,54.23,41.011139,1585500
2010-07-19,54.459999,54.669998,53.939999,54.540001,41.245579,1190100
2010-07-20,53.849998,55.209999,53.73,55.169998,41.722,1010100
2010-07-21,55.560001,55.560001,54.240002,54.48,41.200214,2826200
2010-07-22,55.099998,55.91,55.099998,55.689999,42.115261,1637500
2010-07-23,55.639999,56.330002,55.43,56.259998,42.546326,1483100
2010-07-26,56.459999,57.009998,56.25,56.950001,43.068134,2204800
2010-07-27,57.369999,57.380001,56.689999,56.880001,43.01519,2083200
2010-07-28,56.790001,56.959999,56.279999,56.48,42.712708,1486500
2010-07-29,56.880001,56.970001,55.68,56.189999,42.493401,1108100
2010-07-30,55.66,56.490002,55.459999,56.25,42.538773,1540000
2010-08-02,57.16,57.549999,56.860001,57.459999,43.453808,1623000
2010-08-03,57.349998,57.450001,56.91,57.150002,43.219395,1360100
2010-08-04,57.360001,57.619999,57.139999,57.599998,43.559685,1526900
2010-08-05,57.240002,57.509998,57.119999,57.48,43.468937,1022900
2010-08-06,56.91,57.32,56.490002,57.27,43.310131,3374500
2010-08-09,57.57,57.650002,57.200001,57.57,43.536999,1773700
2010-08-10,56.990002,57.490002,56.700001,57.209999,43.26474,2369000
2010-08-11,56.220001,56.259998,55.43,55.52,41.986698,1947500
2010-08-12,54.709999,55.380001,54.540001,55.209999,41.752266,2800000
2010-08-13,54.970001,55.330002,54.939999,55,41.593456,1879200
2010-08-16,54.549999,55.16,54.41,54.950001,41.555634,1471200
2010-08-17,55.459999,56.119999,55.32,55.73,42.145523,2374900
2010-08-18,55.639999,56.139999,55.369999,55.860001,42.24382,1336800
2010-08-19,55.52,55.700001,54.619999,54.880001,41.502712,1871600
2010-08-20,54.66,54.740002,54.23,54.689999,41.359016,1100700
2010-08-23,54.959999,55.220001,54.400002,54.400002,41.139717,841700
2010-08-24,53.84,54.029999,53.259998,53.619999,40.549824,1473700
2010-08-25,53.220001,54.029999,52.98,53.790001,40.678402,2181600
2010-08-26,54.080002,54.23,53.34,53.459999,40.428833,1521200
2010-08-27,53.830002,54.419998,53.02,54.380001,41.124596,1240200
2010-08-30,54.279999,54.419998,53.580002,53.59,40.527153,1814800
2010-08-31,53.34,53.900002,53.130001,53.599998,40.53471,1794000
2010-09-01,54.25,55.25,54.25,55.169998,41.722,2835500
2010-09-02,55.290001,55.779999,55.209999,55.75,42.160645,1399800
2010-09-03,56.32,56.580002,56.040001,56.490002,42.720253,1956900
2010-09-07,56.279999,56.310001,55.790001,55.880001,42.258953,1759400
2010-09-08,55.950001,56.400002,55.900002,56.169998,42.47826,1155300
2010-09-09,56.779999,56.900002,56.279999,56.450001,42.690014,1433300
2010-09-10,56.57,56.779999,56.419998,56.689999,42.871513,706800
2010-09-13,57.279999,57.490002,57.119999,57.41,43.416012,1167500
2010-09-14,57.299999,57.720001,57.09,57.400002,43.40844,1262900
2010-09-15,57.189999,57.669998,57.029999,57.59,43.552128,1513700
2010-09-16,57.419998,57.619999,57.25,57.57,43.536999,1011500
2010-09-17,57.889999,57.900002,57.389999,57.599998,43.559685,1563700
2010-09-20,57.849998,58.650002,57.669998,58.549999,44.278122,1289400
2010-09-21,58.57,58.860001,58.220001,58.41,44.172222,2983400
2010-09-22,58.27,58.639999,57.91,58.099998,43.937809,4076300
2010-09-23,57.610001,58.240002,57.470001,57.599998,43.559685,3749800
2010-09-24,57.98,58.549999,57.919998,58.52,44.484818,2377700
2010-09-27,58.610001,58.66,58.240002,58.27,44.294762,1903100
2010-09-28,58.34,58.720001,57.740002,58.599998,44.545624,3132100
2010-09-29,58.470001,58.720001,58.27,58.5,44.469612,1842400
2010-09-30,58.869999,59.200001,58.099998,58.369999,44.370785,2636800
2010-10-01,58.849998,58.880001,58.27,58.630001,44.568436,3235500
2010-10-04,58.509998,58.75,57.849998,58.110001,44.173138,4304800
2010-10-05,58.650002,59.459999,58.580002,59.32,45.092937,2023200
2010-10-06,59.299999,59.459999,59.02,59.259998,45.047329,1312200
2010-10-07,59.48,59.509998,58.84,59.18,44.986511,1157400
2010-10-08,59.259998,59.740002,59.060001,59.580002,45.290581,1145100
2010-10-11,59.759998,59.82,59.490002,59.669998,45.359009,1040200
2010-10-12,59.540001,60.029999,59.119999,59.880001,45.518635,1504000
2010-10-13,60.169998,60.68,60.060001,60.349998,45.875908,1612000
2010-10-14,60.34,60.419998,59.779999,60.189999,45.754292,1615200
2010-10-15,60.5,60.639999,59.790001,60.240002,45.79229,1934400
2010-10-18,60.290001,60.709999,60.169998,60.57,46.043156,2811800
2010-10-19,59.950001,60.32,59.34,59.689999,45.374187,3053600
2010-10-20,59.77,60.580002,59.77,60.290001,45.830311,1665500
2010-10-21,60.610001,60.900002,59.900002,60.389999,45.906315,2393200
2010-10-22,60.529999,60.599998,60.330002,60.57,46.043156,792300
2010-10-25,60.93,61.299999,60.709999,60.77,46.195183,1865900
2010-10-26,60.43,60.860001,60.299999,60.759998,46.18758,905500
2010-10-27,60.369999,60.68,60.060001,60.639999,46.096359,2228900
2010-10-28,60.950001,61.02,60.330002,60.639999,46.096359,1896900
2010-10-29,60.59,60.799999,60.470001,60.720001,46.157185,1665700
2010-11-01,61.040001,61.34,60.369999,60.73,46.164768,1084000
2010-11-02,61.209999,61.34,60.959999,61.209999,46.529652,1004000
2010-11-03,61.349998,61.48,60.709999,61.459999,46.719707,1444800
2010-11-04,62.189999,62.68,62.110001,62.66,47.631886,1676600
2010-11-05,62.740002,63.029999,62.639999,62.939999,47.844723,1623900
2010-11-08,62.75,62.91,62.529999,62.860001,47.783924,1005700
2010-11-09,63,63.099998,62.099998,62.369999,47.411438,1001800
2010-11-10,62.32,62.650002,61.889999,62.639999,47.616692,897200
2010-11-11,62.130001,62.57,61.939999,62.470001,47.487465,947900
2010-11-12,62,62.299999,61.389999,61.68,46.886936,1219800
2010-11-15,61.869999,62.119999,61.57,61.59,46.818523,804900
2010-11-16,61.23,61.310001,60.32,60.610001,46.073544,2115400
2010-11-17,60.610001,60.919998,60.470001,60.709999,46.149563,1101300
2010-11-18,61.290001,61.779999,61.290001,61.560001,46.795708,2305100
2010-11-19,61.57,61.84,61.220001,61.810001,46.985748,3205800
2010-11-22,61.52,61.82,61.09,61.82,46.993359,2431800
2010-11-23,61.139999,61.200001,60.689999,60.939999,46.324402,1481100
2010-11-24,61.349998,61.919998,61.349998,61.919998,47.069366,924600
2010-11-26,61.419998,61.73,61.330002,61.5,46.750095,351900
2010-11-29,61.09,61.540001,60.66,61.41,46.68169,1372800
2010-11-30,60.799999,61.389999,60.709999,61.029999,46.392822,2400700
2010-12-01,61.919998,62.450001,61.919998,62.34,47.388626,1611600
2010-12-02,62.419998,63.16,62.400002,63.139999,47.99678,1661400
2010-12-03,62.919998,63.43,62.880001,63.34,48.1488,1549800
2010-12-06,63.259998,63.459999,63.150002,63.32,48.13361,1132400
2010-12-07,63.939999,64.019997,63.34,63.389999,48.18681,2037200
2010-12-08,63.52,63.68,63.169998,63.57,48.323639,937400
2010-12-09,63.959999,63.959999,63.52,63.799999,48.498474,1478600
2010-12-10,64.029999,64.25,63.810001,64.209999,48.810143,2079900
2010-12-13,64.489998,64.57,64.199997,64.230003,48.825363,9472500
2010-12-14,64.349998,64.559998,64.080002,64.25,48.840557,13621700
2010-12-15,64.199997,64.459999,63.869999,63.970001,48.627701,16901300
2010-12-16,64.040001,64.410004,63.810001,64.349998,48.916569,11039900
2010-12-17,64.349998,64.580002,64.220001,64.470001,49.007793,17309800
2010-12-20,64.690002,64.800003,64.330002,64.639999,49.137012,1739000
2010-12-21,64.910004,65.139999,64.809998,65.029999,49.433472,1370400
2010-12-22,64.809998,65.019997,64.769997,64.93,49.621487,2097600
2010-12-23,64.900002,64.980003,64.709999,64.839996,49.552689,1424100
2010-12-27,64.650002,64.93,64.540001,64.879997,49.583279,2789900
2010-12-28,65,65.029999,64.769997,64.940002,49.629108,715300
2010-12-29,65.080002,65.160004,64.989998,65.040001,49.705513,6472400
2010-12-30,64.949997,65.120003,64.879997,64.959999,49.644409,5767700
2010-12-31,64.82,65,64.739998,64.93,49.621487,5170800
2011-01-03,65.360001,65.879997,65.360001,65.599998,50.133507,1465100
2011-01-04,65.82,65.860001,65.040001,65.470001,50.034153,1474900
2011-01-05,65.300003,65.860001,65.190002,65.830002,50.309292,5170700
2011-01-06,65.910004,65.959999,65.540001,65.68,50.194656,4318100
2011-01-07,65.790001,65.919998,65.040001,65.529999,50.080021,2944000
2011-01-10,65.32,65.669998,65.059998,65.580002,50.11824,1830000
2011-01-11,65.82,65.970001,65.57,65.839996,50.316925,1090700
2011-01-12,66.260002,66.459999,66.089996,66.43,50.767834,4015900
2011-01-13,66.440002,66.480003,66.129997,66.330002,50.691406,1468900
2011-01-14,66.25,66.769997,66.169998,66.760002,51.020016,1292800
2011-01-18,66.739998,66.949997,66.629997,66.93,51.149952,1288700
2011-01-19,66.889999,66.910004,65.989998,66.129997,50.538555,1566600
2011-01-20,65.949997,66.099998,65.470001,65.93,50.385723,1857700
2011-01-21,66.300003,66.449997,65.949997,66.040001,50.469795,1342000
2011-01-24,66,66.489998,65.940002,66.410004,50.752556,2149200
2011-01-25,66.230003,66.449997,65.910004,66.449997,50.783104,1157500
2011-01-26,66.589996,66.970001,66.480003,66.830002,51.073521,1396100
2011-01-27,66.860001,67.129997,66.720001,67.029999,51.22636,1096900
2011-01-28,67.110001,67.18,65.720001,65.830002,50.309292,2088100
2011-01-31,65.919998,66.379997,65.830002,66.260002,50.637913,1255200
2011-02-01,66.720001,67.480003,66.690002,67.349998,51.470913,2355400
2011-02-02,67.199997,67.470001,67.18,67.269997,51.40979,1688900
2011-02-03,67.209999,67.5,66.760002,67.419998,51.524399,1807200
2011-02-04,67.5,67.650002,67.169998,67.610001,51.669617,1344000
2011-02-07,67.809998,68.279999,67.760002,68.059998,52.013496,1359300
2011-02-08,68.160004,68.419998,67.940002,68.400002,52.273373,1621900
2011-02-09,68.230003,68.410004,67.910004,68.220001,52.135788,2110900
2011-02-10,67.879997,68.370003,67.730003,68.300003,52.196957,1904400
2011-02-11,68.089996,68.82,68.029999,68.75,52.54084,1559600
2011-02-14,68.760002,68.980003,68.669998,68.93,52.67841,1554800
2011-02-15,68.720001,68.830002,68.540001,68.709999,52.510258,1598400
2011-02-16,68.959999,69.239998,68.830002,69.160004,52.854176,1925900
2011-02-17,68.959999,69.5,68.93,69.410004,53.045227,2054400
2011-02-18,69.5,69.629997,69.260002,69.540001,53.1446,1761600
2011-02-22,68.779999,69.129997,67.860001,68.050003,52.005882,3178400
2011-02-23,67.980003,68.139999,67.029999,67.480003,51.570263,3430300
2011-02-24,67.349998,67.760002,66.82,67.489998,51.577908,4472100
2011-02-25,67.82,68.349998,67.699997,68.339996,52.227501,3642300
2011-02-28,68.650002,68.82,68.300003,68.709999,52.510258,2694900
2011-03-01,68.940002,68.989998,67.529999,67.550003,51.623772,1429600
2011-03-02,67.480003,68.029999,67.370003,67.690002,51.730755,1592000
2011-03-03,68.360001,69,68.32,68.919998,52.67075,1299000
2011-03-04,68.940002,68.959999,68.019997,68.459999,52.319218,2721500
2011-03-07,68.699997,68.809998,67.459999,67.839996,51.845398,1562800
2011-03-08,67.959999,68.669998,67.620003,68.449997,52.311565,1123200
2011-03-09,68.360001,68.559998,67.959999,68.349998,52.235161,1566500
2011-03-10,67.650002,67.650002,66.980003,67.040001,51.234013,2239000
2011-03-11,66.709999,67.720001,66.709999,67.489998,51.577908,2148700
2011-03-14,67.07,67.300003,66.550003,67.080002,51.264584,1622800
2011-03-15,65.290001,66.739998,65.160004,66.370003,50.721962,4776300
2011-03-16,66.150002,66.400002,64.75,65.220001,49.843094,3839700
2011-03-17,66.139999,66.300003,65.639999,65.970001,50.41629,1712000
2011-03-18,66.790001,66.839996,66.110001,66.279999,50.653183,2604200
2011-03-21,67,67.419998,67,67.32,51.447998,1679300
2011-03-22,67.349998,67.410004,67.010002,67.099998,51.279869,2036700
2011-03-23,66.919998,67.43,66.550003,67.260002,51.402153,1666700
2011-03-24,67.660004,68,67.230003,67.900002,51.891247,2419700
2011-03-25,67.830002,68.199997,67.660004,67.860001,52.077732,1956100
2011-03-28,68.029999,68.209999,67.690002,67.699997,51.954948,1739900
2011-03-29,67.720001,68.209999,67.419998,68.199997,52.338665,1354200
2011-03-30,68.580002,68.889999,68.459999,68.709999,52.73003,1276300
2011-03-31,68.699997,68.870003,68.589996,68.709999,52.73003,1298400
2011-04-01,69.18,69.330002,68.860001,69.040001,52.983303,1707400
2011-04-04,69.150002,69.300003,68.910004,69.099998,53.029335,1091500
2011-04-05,69.010002,69.449997,68.970001,69.139999,53.060028,1317200
2011-04-06,69.470001,69.550003,69.040001,69.32,53.198193,1396900
2011-04-07,69.199997,69.480003,68.800003,69.120003,53.044697,1506400
2011-04-08,69.389999,69.489998,68.529999,68.830002,52.822147,1389100
2011-04-11,68.919998,69.089996,68.379997,68.580002,52.630276,1138100
2011-04-12,68.150002,68.279999,67.75,68,52.185177,1699900
2011-04-13,68.32,68.389999,67.769997,68.040001,52.215874,1521100
2011-04-14,67.639999,68.169998,67.410004,68.080002,52.246582,1434300
2011-04-15,68.230003,68.540001,68.010002,68.410004,52.499825,1376200
2011-04-18,67.610001,67.720001,67.07,67.589996,51.870537,2323800
2011-04-19,67.75,67.989998,67.540001,67.980003,52.169819,1048100
2011-04-20,68.830002,69.07,68.769997,68.970001,52.929577,1324700
2011-04-21,69.25,69.32,69,69.309998,53.190502,985400
2011-04-25,69.309998,69.360001,69.019997,69.239998,53.13678,886800
2011-04-26,69.5,70,69.400002,69.849998,53.604912,1400000
2011-04-27,70,70.410004,69.709999,70.309998,53.957935,2148700
2011-04-28,70.260002,70.620003,70.199997,70.519997,54.11908,2221400
2011-04-29,70.580002,70.800003,70.459999,70.699997,54.257221,1713200
2011-05-02,71.040001,71.110001,70.43,70.580002,54.165157,1506000
2011-05-03,70.43,70.510002,69.82,70.190002,53.865837,1150000
2011-05-04,70.18,70.209999,69.349998,69.669998,53.466774,1715100
2011-05-05,69.269997,69.790001,68.800003,69.110001,53.037022,1500000
2011-05-06,69.790001,70.139999,69.139999,69.410004,53.267246,1709600
2011-05-09,69.5,69.959999,69.370003,69.779999,53.551212,1165500
2011-05-10,70.019997,70.529999,69.959999,70.400002,54.026985,2353500
2011-05-11,70.349998,70.370003,69.349998,69.68,53.474472,1841800
2011-05-12,69.470001,70.139999,69.07,70.010002,53.727699,1859900
2011-05-13,70.059998,70.120003,69.18,69.370003,53.236549,1906700
2011-05-16,69.089996,69.68,68.800003,68.889999,52.868191,1654300
2011-05-17,68.559998,68.919998,68.269997,68.830002,52.822147,2058300
2011-05-18,68.879997,69.559998,68.730003,69.489998,53.328629,1430500
2011-05-19,69.75,69.860001,69.269997,69.660004,53.459099,1343800
2011-05-20,69.459999,69.580002,68.949997,69.139999,53.060028,1274200
2011-05-23,68.25,68.489998,68.059998,68.260002,52.384705,1400000
2011-05-24,68.470001,68.610001,68.050003,68.190002,52.330982,984700
2011-05-25,67.949997,68.75,67.889999,68.470001,52.545856,1159000
2011-05-26,68.309998,68.989998,68.199997,68.879997,52.860512,1121100
2011-05-27,69.110001,69.370003,69.029999,69.199997,53.106098,937900
2011-05-31,69.879997,69.949997,69.360001,69.949997,53.681675,1606000
2011-06-01,69.769997,69.809998,68.300003,68.360001,52.461449,1760600
2011-06-02,68.370003,68.540001,67.860001,68.230003,52.361675,1726500
2011-06-03,67.43,68.050003,67.360001,67.529999,51.824482,2139800
2011-06-06,67.360001,67.5,66.660004,66.75,51.225891,1893100
2011-06-07,67.040001,67.290001,66.699997,66.720001,51.202862,1369600
2011-06-08,66.610001,66.800003,66.269997,66.370003,50.934261,1482500
2011-06-09,66.559998,67.139999,66.379997,66.839996,51.294941,1047900
2011-06-10,66.580002,66.599998,65.730003,65.889999,50.565895,1743300
2011-06-13,66.010002,66.25,65.550003,65.879997,50.558224,2814600
2011-06-14,66.510002,67.019997,66.480003,66.790001,51.256573,1577100
2011-06-15,66.25,66.480003,65.43,65.599998,50.34333,3630600
2011-06-16,65.620003,66.080002,65.18,65.709999,50.427769,3040000
2011-06-17,66.360001,66.379997,65.690002,65.919998,50.588909,5544400
2011-06-20,65.720001,66.379997,65.669998,66.230003,50.826809,3463200
2011-06-21,66.57,67.339996,66.510002,67.239998,51.601925,1916700
2011-06-22,67.080002,67.459999,66.839996,66.870003,51.317982,1946600
2011-06-23,66.059998,66.769997,65.599998,66.760002,51.233547,2929500
2011-06-24,66.5,66.519997,65.629997,65.720001,50.650143,1942200
2011-06-27,65.75,66.529999,65.610001,66.279999,51.08173,1569800
2011-06-28,66.57,67.199997,66.470001,67.199997,51.790771,1814100
2011-06-29,67.449997,67.870003,67.220001,67.790001,52.245483,2576800
2011-06-30,67.980003,68.489998,67.900002,68.400002,52.715611,1973000
2011-07-01,68.43,69.470001,68.279999,69.379997,53.47089,2021300
2011-07-05,69.349998,69.529999,69.160004,69.370003,53.463188,2259400
2011-07-06,69.209999,69.599998,69.029999,69.510002,53.571064,1753600
2011-07-07,70.150002,70.419998,69.989998,70.260002,54.149117,1558900
2011-07-08,69.5,69.779999,69.209999,69.760002,53.763744,1598100
2011-07-11,68.879997,69.139999,68.290001,68.470001,52.769543,1961300
2011-07-12,68.239998,68.839996,68.099998,68.169998,52.538342,2108900
2011-07-13,68.519997,69.120003,68.25,68.43,52.738712,1904000
2011-07-14,68.589996,68.889999,67.720001,67.849998,52.291725,2059600
2011-07-15,68.169998,68.309998,67.769997,68.279999,52.623142,4489000
2011-07-18,67.970001,68.040001,67.139999,67.650002,52.1376,4783200
2011-07-19,68.029999,68.839996,68.029999,68.790001,53.016171,1841300
2011-07-20,68.980003,69,68.580002,68.75,52.98534,1390000
2011-07-21,69.080002,69.779999,68.959999,69.589996,53.63274,2111200
2011-07-22,69.599998,69.769997,69.25,69.709999,53.725212,1162700
2011-07-25,69,69.629997,68.910004,69.260002,53.378407,3126000
2011-07-26,69.220001,69.300003,68.82,68.970001,53.154903,1500300
2011-07-27,68.559998,68.589996,67.379997,67.449997,51.983452,2134000
2011-07-28,67.43,68.080002,67.139999,67.220001,51.806179,2786000
2011-07-29,66.57,67.43,66.220001,66.849998,51.521034,5091800
2011-08-01,67.660004,67.760002,65.93,66.550003,51.289822,5148500
2011-08-02,66.120003,66.480003,64.790001,64.790001,49.933399,3528500
2011-08-03,64.839996,65.209999,63.669998,65.150002,50.210846,5828400
2011-08-04,64.260002,64.279999,61.84,61.880001,47.690674,7792400
2011-08-05,62.66,62.82,60,61.619999,47.490292,7689700
2011-08-08,59.869999,60.59,57.290001,57.349998,44.199406,11876100
2011-08-09,58.299999,60.25,56.419998,60.220001,46.411312,9100300
2011-08-10,59.080002,59.720001,57.52,57.66,44.438351,6008700
2011-08-11,58.099998,61.060001,57.880001,60.299999,46.472969,5850900
2011-08-12,60.82,61.209999,60.209999,60.700001,46.781258,3018800
2011-08-15,61.220001,62.07,61.139999,62.02,47.798565,2803500
2011-08-16,61.439999,62.02,60.790001,61.43,47.343849,3085300
2011-08-17,61.799999,62.25,60.939999,61.439999,47.351547,2398600
2011-08-18,59.779999,59.84,58.110001,58.700001,45.239853,5826100
2011-08-19,57.82,59.360001,57.57,57.650002,44.430637,4061700
2011-08-22,58.959999,58.98,57.5,57.66,44.438351,2330500
2011-08-23,57.91,59.669998,57.549999,59.639999,45.964321,3714000
2011-08-24,59.549999,60.560001,59.360001,60.490002,46.619392,3163200
2011-08-25,60.869999,61.16,59.290001,59.48,45.841007,3379100
2011-08-26,59.169998,60.709999,58.259998,60.470001,46.603985,2649000
2011-08-29,61.27,62.380001,61.23,62.360001,48.060612,1942400
2011-08-30,62.080002,62.939999,61.619999,62.529999,48.191635,2465000
2011-08-31,63,63.509998,62.32,62.779999,48.384289,4318100
2011-09-01,62.810001,63.389999,61.98,62.07,47.83709,3652400
2011-09-02,60.740002,61.099998,60.18,60.369999,46.526913,2225600
2011-09-06,58.529999,60.040001,58.509998,59.990002,46.234051,2405600
2011-09-07,60.919998,61.790001,60.720001,61.779999,47.613602,1325200
2011-09-08,61.349998,62.099998,60.93,61.040001,47.043285,2727300
2011-09-09,60.349998,60.630001,59.119999,59.450001,45.817879,2610800
2011-09-12,58.669998,59.869999,58.509998,59.869999,46.141563,2692100
2011-09-13,60.07,60.689999,59.639999,60.470001,46.603985,1683700
2011-09-14,60.82,62.07,59.869999,61.330002,47.2668,2517200
2011-09-15,61.950001,62.41,61.43,62.400002,48.091434,3961800
2011-09-16,62.630001,62.959999,62.099998,62.700001,48.322651,1550500
2011-09-19,61.639999,62.360001,61.200001,62.040001,47.813992,2066400
2011-09-20,62.259998,62.860001,61.779999,61.82,47.644432,3733600
2011-09-21,61.799999,62,59.310001,59.810001,46.095337,4794000
2011-09-22,58.139999,58.73,57.150002,57.970001,44.677254,7423500
2011-09-23,57.290001,58.34,57.130001,58,44.93758,4869000
2011-09-26,58.630001,59.450001,57.66,59.369999,45.99902,2532000
2011-09-27,60.540001,61.18,59.759998,60.119999,46.58012,3318600
2011-09-28,60.27,60.57,58.66,58.75,45.518673,2326600
2011-09-29,59.810001,60.02,58.080002,59.18,45.851818,2724200
2011-09-30,58.360001,58.889999,57.650002,57.720001,44.720638,2520500
2011-10-03,57.380001,58.07,55.77,55.810001,43.240807,4172100
2011-10-04,55.080002,57.349998,54.580002,57.209999,44.325497,4981800
2011-10-05,57.400002,58.529999,56.869999,58.380001,45.231995,7841300
2011-10-06,58.299999,59.560001,57.900002,59.509998,46.107502,2284500
2011-10-07,59.849998,59.869999,58.66,58.970001,45.689114,3014200
2011-10-10,60,61,59.990002,61,47.261932,1636300
2011-10-11,60.599998,61.27,60.540001,61.049999,47.300674,2688300
2011-10-12,61.57,62.360001,61.459999,61.630001,47.750057,2856600
2011-10-13,61.290001,61.75,60.790001,61.549999,47.688061,2149100
2011-10-14,62.32,62.669998,61.549999,62.669998,48.555832,1654500
2011-10-17,62.380001,62.400002,61.25,61.400002,47.571846,3651800
2011-10-18,61.330002,63.080002,60.799999,62.639999,48.532578,2640900
2011-10-19,62.560001,62.900002,61.669998,61.810001,47.889515,2146000
2011-10-20,62.029999,62.299999,61.080002,62.09,48.106457,1829000
2011-10-21,62.830002,63.380001,62.669998,63.259998,49.012959,1808400
2011-10-24,63.439999,64.440002,63.389999,64.32,49.834217,1737600
2011-10-25,63.959999,64,62.869999,63.009998,48.819271,3056600
2011-10-26,63.73,63.889999,62.5,63.689999,49.3461,1772900
2011-10-27,65.43,66.349998,64.879997,65.889999,51.050632,5321400
2011-10-28,65.650002,66.059998,65.550003,65.949997,51.097111,1285900
2011-10-31,65.150002,65.25,64.279999,64.279999,49.803242,1729900
2011-11-01,62.400002,63.279999,62.16,62.57,48.478352,2837000
2011-11-02,63.5,63.779999,62.91,63.599998,49.27639,2117800
2011-11-03,64.279999,64.93,63.349998,64.839996,50.237099,2056700
2011-11-04,64.300003,64.610001,63.669998,64.489998,49.965946,1625300
2011-11-07,64.440002,64.839996,63.75,64.82,50.221603,1455000
2011-11-08,65.169998,65.660004,64.43,65.599998,50.825943,1909600
2011-11-09,64.040001,64.339996,63,63.099998,48.888981,1885800
2011-11-10,63.950001,63.990002,63,63.66,49.322865,1363100
2011-11-11,64.449997,65.050003,64.389999,64.919998,50.299072,1234100
2011-11-14,64.690002,64.75,64,64.279999,49.803242,1189700
2011-11-15,64.080002,64.970001,63.860001,64.669998,50.105377,1076700
2011-11-16,63.990002,64.779999,63.48,63.59,49.26862,3342400
2011-11-17,63.48,63.650002,62.16,62.549999,48.46286,1795500
2011-11-18,62.799999,62.860001,62.209999,62.459999,48.39312,2139800
2011-11-21,61.529999,61.59,60.75,61.299999,47.494366,2008400
2011-11-22,61.119999,61.490002,60.68,61.009998,47.26968,1586600
2011-11-23,60.43,60.509998,59.619999,59.650002,46.215984,2141900
2011-11-25,59.490002,60.18,59.450001,59.459999,46.068768,1011000
2011-11-28,61.09,61.459999,60.77,61.25,47.455639,1887100
2011-11-29,61.459999,61.830002,61.200001,61.439999,47.602829,1229700
2011-11-30,63.209999,64.150002,63.110001,64.040001,49.61729,2363400
2011-12-01,63.950001,64.410004,63.759998,64.040001,49.61729,1561400
2011-12-02,64.650002,64.870003,63.959999,64.010002,49.594036,1746900
2011-12-05,64.940002,65.25,64.349998,64.709999,50.136387,2032800
2011-12-06,64.769997,65.139999,64.459999,64.739998,50.159634,1241400
2011-12-07,64.519997,65.160004,63.98,64.910004,50.291348,3885800
2011-12-08,64.5,64.620003,63.279999,63.439999,49.152405,1964600
2011-12-09,63.700001,64.709999,63.630001,64.57,50.027931,2099300
2011-12-12,63.950001,64,63.07,63.580002,49.260872,1369700
2011-12-13,63.970001,64.300003,62.610001,62.900002,48.734032,1525300
2011-12-14,62.599998,62.849998,62.049999,62.18,48.176186,1896300
2011-12-15,62.91,62.919998,62.27,62.41,48.354393,5062400
2011-12-16,62.849998,63.290001,62.439999,62.619999,48.517086,1320400
2011-12-19,62.91,63.009998,61.759998,61.889999,47.951485,2382900
2011-12-20,62.91,63.919998,62.810001,63.830002,49.454578,2053200
2011-12-21,63.459999,63.709999,62.82,63.59,49.548862,1728200
2011-12-22,63.860001,64.260002,63.759998,64.25,50.063145,1636000
2011-12-23,64.419998,64.739998,64.230003,64.739998,50.444946,3194000
2011-12-27,64.639999,64.940002,64.519997,64.75,50.452721,3100800
2011-12-28,64.779999,64.82,63.810001,63.959999,49.837154,2096300
2011-12-29,64.040001,64.620003,64,64.589996,50.328041,1565200
2011-12-30,64.470001,64.650002,64.290001,64.300003,50.102097,1267600
2012-01-03,65.410004,65.720001,65.139999,65.209999,50.81115,2230400
2012-01-04,65.150002,65.349998,64.769997,65.239998,50.834526,1647400
2012-01-05,64.940002,65.599998,64.580002,65.529999,51.060497,1146300
2012-01-06,65.559998,65.599998,65.099998,65.379997,50.943615,1640000
2012-01-09,65.529999,65.620003,65.190002,65.529999,51.060497,1978900
2012-01-10,66.199997,66.389999,66.059998,66.18,51.566971,1368200
2012-01-11,65.959999,66.339996,65.879997,66.300003,51.660477,1825300
2012-01-12,66.480003,66.510002,65.900002,66.459999,51.785156,945000
2012-01-13,65.980003,66.150002,65.5,66.150002,51.543591,1294700
2012-01-17,66.730003,66.82,66.18,66.300003,51.660477,2181700
2012-01-18,66.330002,67.110001,66.169998,67.099998,52.283844,2007300
2012-01-19,67.370003,67.57,67.160004,67.510002,52.603287,4201300
2012-01-20,67.360001,67.529999,67.209999,67.529999,52.61887,1537600
2012-01-23,67.529999,67.910004,67.190002,67.550003,52.634476,3387500
2012-01-24,67.160004,67.57,67.010002,67.540001,52.626663,1551900
2012-01-25,67.480003,68.290001,67.209999,68.160004,53.109795,1737900
2012-01-26,68.480003,68.599998,67.529999,67.809998,52.837055,2632700
2012-01-27,67.480003,68,67.440002,67.860001,52.876015,2056600
2012-01-30,67.220001,67.68,66.949997,67.589996,52.665649,1760300
2012-01-31,68,68.040001,67.269997,67.559998,52.64225,2250500
2012-02-01,68.129997,68.620003,68.029999,68.339996,53.250027,1993200
2012-02-02,68.489998,68.629997,68.190002,68.459999,53.343525,19893800
2012-02-03,69.190002,69.5,69.059998,69.480003,54.138313,2399700
2012-02-06,69.239998,69.470001,69.099998,69.440002,54.107147,2289600
2012-02-07,69.300003,69.709999,69.029999,69.599998,54.231827,1967000
2012-02-08,69.660004,69.849998,69.290001,69.75,54.348675,2407100
2012-02-09,69.879997,69.959999,69.419998,69.860001,54.434399,1780800
2012-02-10,69.230003,69.379997,69.040001,69.309998,54.005844,1365200
2012-02-13,69.82,69.910004,69.510002,69.839996,54.418839,1499600
2012-02-14,69.699997,69.779999,69.290001,69.739998,54.340885,1875500
2012-02-15,70,70.099998,69.279999,69.440002,54.107147,2022900
2012-02-16,69.449997,70.32,69.349998,70.269997,54.753857,1601500
2012-02-17,70.480003,70.519997,70.18,70.370003,54.831772,2093300
2012-02-21,70.580002,70.68,70.129997,70.339996,54.808395,1525900
2012-02-22,70.209999,70.410004,69.989998,70.120003,54.636978,1781800
2012-02-23,70.080002,70.529999,69.82,70.510002,54.940868,1500800
2012-02-24,70.650002,70.779999,70.470001,70.610001,55.018799,1267400
2012-02-27,70.139999,70.889999,69.970001,70.669998,55.06554,1350500
2012-02-28,70.739998,70.949997,70.57,70.870003,55.221386,1839300
2012-02-29,70.980003,71.190002,70.400002,70.410004,54.862957,2211400
2012-03-01,70.669998,71.089996,70.610001,70.949997,55.283718,2413800
2012-03-02,70.900002,70.970001,70.440002,70.599998,55.011017,1609400
2012-03-05,70.440002,70.5,70.029999,70.279999,54.761673,2700400
2012-03-06,69.610001,69.620003,68.970001,69.150002,53.881176,2393600
2012-03-07,69.400002,69.830002,69.300003,69.75,54.348675,1411000
2012-03-08,70.220001,70.599998,69.980003,70.470001,54.909687,1697300
2012-03-09,70.599998,71.010002,70.519997,70.82,55.182407,1462200
2012-03-12,70.860001,70.940002,70.550003,70.769997,55.143463,1431600
2012-03-13,71.18,72.080002,71.050003,72.080002,56.164192,1521000
2012-03-14,72.099998,72.25,71.709999,71.93,56.047337,1893700
2012-03-15,72.040001,72.389999,71.830002,72.349998,56.374592,1713900
2012-03-16,72.5,72.540001,72.300003,72.459999,56.4603,1178200
2012-03-19,72.410004,72.989998,72.330002,72.730003,56.670685,1963700
2012-03-20,72.339996,72.580002,72.080002,72.480003,56.475906,1547300
2012-03-21,72.510002,72.610001,72.209999,72.400002,56.413551,2033400
2012-03-22,71.849998,72.019997,71.57,71.82,55.961624,1823700
2012-03-23,71.839996,72.18,71.449997,72.110001,56.187599,1260600
2012-03-26,72.339996,72.800003,72.339996,72.800003,56.968552,1585200
2012-03-27,72.849998,72.940002,72.540001,72.559998,56.780739,2398100
2012-03-28,72.5,72.660004,71.730003,72.199997,56.499031,2864300
2012-03-29,71.800003,72.169998,71.440002,72.07,56.397305,1567300
2012-03-30,72.470001,72.480003,71.959999,72.260002,56.545986,1244400
2012-04-02,72.260002,73.059998,72.089996,72.870003,57.023312,2391100
2012-04-03,72.790001,72.940002,72.199997,72.629997,56.835518,1861200
2012-04-04,72.080002,72.089996,71.550003,71.82,56.201664,2402000
2012-04-05,71.620003,71.970001,71.5,71.769997,56.162518,1198700
2012-04-09,70.800003,71.209999,70.699997,70.93,55.505226,1735700
2012-04-10,70.779999,70.959999,69.57,69.599998,54.464455,5396000
2012-04-11,70.370003,70.5,70.099998,70.18,54.918285,2120500
2012-04-12,70.32,71.279999,70.269997,71.239998,55.747787,1428600
2012-04-13,71.050003,71.050003,70.330002,70.370003,55.066986,1567400
2012-04-16,70.75,70.849998,70.040001,70.300003,55.01223,1439000
2012-04-17,70.779999,71.559998,70.720001,71.370003,55.849518,1287900
2012-04-18,71.129997,71.349998,70.980003,71.120003,55.653904,1873500
2012-04-19,71.080002,71.470001,70.370003,70.709999,55.333046,2368300
2012-04-20,71.059998,71.290001,70.800003,70.82,55.419121,1219600
2012-04-23,70.120003,70.25,69.709999,70.209999,54.941772,2151700
2012-04-24,70.32,70.639999,70.18,70.440002,55.121773,2764700
2012-04-25,71.139999,71.5,71.099998,71.480003,55.935623,1536200
2012-04-26,71.379997,72.089996,71.300003,72,56.342506,1029400
2012-04-27,72.150002,72.349998,71.769997,72.169998,56.475548,1252600
2012-04-30,72,72.099998,71.650002,71.800003,56.186016,1108900
2012-05-01,71.800003,72.790001,71.730003,72.260002,56.545986,2125400
2012-05-02,71.870003,72.160004,71.589996,72.099998,56.420784,1403700
2012-05-03,72.129997,72.150002,71.290001,71.470001,55.927773,1432600
2012-05-04,71.080002,71.129997,70.230003,70.279999,54.996574,1771800
2012-05-07,70.089996,70.559998,70,70.330002,55.035698,1105600
2012-05-08,69.940002,70.169998,69.150002,70.07,54.832226,1909000
2012-05-09,69.300003,70.080002,68.989998,69.650002,54.503571,2191700
2012-05-10,70.190002,70.220001,69.669998,69.830002,54.644432,2928000
2012-05-11,69.349998,70.239998,69.32,69.639999,54.495747,1075400
2012-05-14,69.010002,69.32,68.730003,68.849998,53.877548,1631300
2012-05-15,68.800003,69.199997,68.339996,68.480003,53.588017,1185200
2012-05-16,68.75,69.07,68.139999,68.160004,53.337616,1893600
2012-05-17,68.160004,68.25,66.980003,66.980003,52.414196,2499400
2012-05-18,67.220001,67.379997,66.300003,66.419998,51.975979,4340800
2012-05-21,66.620003,67.650002,66.459999,67.650002,52.938507,2172400
2012-05-22,67.760002,68.260002,67.279999,67.669998,52.95414,1907800
2012-05-23,67.230003,67.889999,66.559998,67.790001,53.048065,1777100
2012-05-24,67.989998,68.07,67.330002,67.919998,53.149792,1193600
2012-05-25,67.93,68.080002,67.589996,67.760002,53.024574,692900
2012-05-29,68.260002,68.690002,68.059998,68.580002,53.666264,2231400
2012-05-30,68,68.029999,67.379997,67.5,52.82114,962400
2012-05-31,67.510002,67.830002,66.75,67.330002,52.688084,1701100
2012-06-01,66.239998,66.470001,65.57,65.599998,51.334301,2883200
2012-06-04,65.639999,65.879997,64.940002,65.540001,51.28735,3083000
2012-06-05,65.389999,66.150002,65.339996,66.040001,51.678616,1918900
2012-06-06,66.559998,67.580002,66.510002,67.580002,52.883705,1571300
2012-06-07,68.379997,68.400002,67.419998,67.5,52.82114,2965700
2012-06-08,67.339996,68.089996,67.110001,68.089996,53.282825,1076900
2012-06-11,68.650002,68.709999,67.040001,67.139999,52.53941,1439700
2012-06-12,67.25,67.919998,66.970001,67.870003,53.110661,1324600
2012-06-13,67.650002,68.080002,67.160004,67.370003,52.719372,1517100
2012-06-14,67.5,68.32,67.32,68.07,53.267147,1638500
2012-06-15,68.279999,68.849998,68.230003,68.769997,53.814926,3736600
2012-06-18,68.550003,69.139999,68.330002,68.970001,53.971447,1790500
2012-06-19,69.360001,69.989998,69.25,69.699997,54.542706,1461100
2012-06-20,69.720001,69.93,69.089996,69.57,54.440952,1764800
2012-06-21,69.639999,69.720001,67.940002,68,53.212372,1732700
2012-06-22,68.349998,68.669998,68.099998,68.550003,53.64278,1218300
2012-06-25,67.480003,67.5,66.839996,67.089996,52.766598,3125500
2012-06-26,67.260002,67.629997,66.879997,67.410004,53.018295,2155800
2012-06-27,67.599998,68.160004,67.580002,68.059998,53.529522,2700300
2012-06-28,67.610001,67.980003,67.110001,67.919998,53.419388,1266600
2012-06-29,69.190002,69.699997,68.970001,69.699997,54.819389,2008600
2012-07-02,69.870003,69.949997,69.379997,69.889999,54.968811,1567800
2012-07-03,69.949997,70.489998,69.839996,70.459999,55.417122,1297100
2012-07-05,70.220001,70.489998,69.879997,70.169998,55.189049,1128100
2012-07-06,69.540001,69.639999,69.139999,69.510002,54.669956,2093000
2012-07-09,69.400002,69.489998,69.040001,69.339996,54.536247,1117200
2012-07-10,69.699997,69.82,68.480003,68.720001,54.048592,1234800
2012-07-11,68.760002,68.949997,68.300003,68.669998,54.009274,854400
2012-07-12,68.25,68.660004,67.82,68.400002,53.79694,1466600
2012-07-13,68.540001,69.540001,68.519997,69.470001,54.638481,2240100
2012-07-16,69.330002,69.5,69.010002,69.300003,54.504791,670900
2012-07-17,69.580002,69.879997,68.809998,69.760002,54.866585,1976200
2012-07-18,69.559998,70.449997,69.540001,70.260002,55.259838,1975400
2012-07-19,70.410004,70.629997,70.139999,70.379997,55.35421,1023300
2012-07-20,70.019997,70.080002,69.669998,69.739998,54.850834,1028600
2012-07-23,68.660004,69.169998,68.349998,68.970001,54.245247,1398100
2012-07-24,69.040001,69.059998,67.900002,68.349998,53.757614,1128500
2012-07-25,68.510002,68.68,68.029999,68.360001,53.765457,1299400
2012-07-26,69.370003,69.57,68.970001,69.400002,54.58345,1121000
2012-07-27,69.82,70.940002,69.669998,70.769997,55.660957,1422100
2012-07-30,70.709999,71.050003,70.489998,70.699997,55.605923,1882700
2012-07-31,70.629997,70.82,70.309998,70.309998,55.299133,841100
2012-08-01,70.669998,70.690002,69.980003,70.029999,55.078949,1300600
2012-08-02,69.559998,70.029999,69.029999,69.550003,54.70142,1165700
2012-08-03,70.589996,71.129997,70.5,70.959999,55.810387,1486400
2012-08-06,71.129997,71.419998,71.080002,71.139999,55.951942,1019600
2012-08-07,71.459999,71.879997,71.43,71.57,56.290146,1085900
2012-08-08,71.32,71.75,71.290001,71.660004,56.360931,945700
2012-08-09,71.529999,71.879997,71.510002,71.720001,56.408127,699200
2012-08-10,71.5,71.870003,71.330002,71.860001,56.518238,1391300
2012-08-13,71.730003,71.849998,71.379997,71.800003,56.47105,1489400
2012-08-14,72.080002,72.120003,71.589996,71.779999,56.455318,1070300
2012-08-15,71.690002,72.029999,71.660004,71.940002,56.581158,897400
2012-08-16,72.019997,72.580002,71.82,72.489998,57.013737,1422600
2012-08-17,72.559998,72.690002,72.440002,72.629997,57.123848,1140400
2012-08-20,72.529999,72.629997,72.300003,72.620003,57.115982,1145100
2012-08-21,72.800003,73.110001,72.25,72.470001,56.998016,2609400
2012-08-22,72.220001,72.529999,72.019997,72.379997,56.927223,2093300
2012-08-23,72.260002,72.269997,71.720001,71.839996,56.502525,1682300
2012-08-24,71.639999,72.379997,71.599998,72.25,56.824993,969800
2012-08-27,72.419998,72.519997,72.129997,72.239998,56.817104,933600
2012-08-28,72.099998,72.440002,71.980003,72.230003,56.809269,884000
2012-08-29,72.360001,72.510002,72.089996,72.32,56.880043,1230700
2012-08-30,72.050003,72.050003,71.629997,71.779999,56.455318,718000
2012-08-31,72.230003,72.449997,71.68,72.209999,56.793499,1273600
2012-09-04,72.139999,72.389999,71.620003,72.160004,56.754185,1194900
2012-09-05,72.230003,72.419998,72.010002,72.160004,56.754185,998200
2012-09-06,72.550003,73.610001,72.550003,73.599998,57.886761,1738500
2012-09-07,73.75,73.959999,73.68,73.959999,58.169891,1408300
2012-09-10,73.879997,73.980003,73.5,73.519997,57.82383,962600
2012-09-11,73.559998,73.949997,73.550003,73.68,57.949673,1335000
2012-09-12,73.989998,74.040001,73.720001,73.989998,58.193501,1364800
2012-09-13,73.970001,75.32,73.839996,75.099998,59.066498,2242100
2012-09-14,75.220001,75.910004,75.199997,75.5,59.381126,5731100
2012-09-17,75.370003,75.43,74.970001,75.190002,59.137314,1347900
2012-09-18,75.040001,75.160004,74.860001,75.059998,59.035053,2004200
2012-09-19,75.120003,75.330002,74.949997,75.120003,59.08223,836100
2012-09-20,74.75,75.050003,74.510002,75.019997,59.003586,2569500
2012-09-21,75.400002,75.410004,75.019997,75.040001,59.019341,954600
2012-09-24,74.330002,74.690002,74.260002,74.510002,58.888123,1437100
2012-09-25,74.690002,74.790001,73.650002,73.75,58.287479,1619200
2012-09-26,73.669998,73.68,73.040001,73.260002,57.900215,1482600
2012-09-27,73.57,74.129997,73.349998,73.989998,58.477131,956900
2012-09-28,73.709999,73.940002,73.360001,73.650002,58.208447,1398000
2012-10-01,73.989998,74.470001,73.629997,73.779999,58.311207,1864000
2012-10-02,74.089996,74.209999,73.550003,73.889999,58.398125,2136000
2012-10-03,74.059998,74.339996,73.669998,74.160004,58.611523,1118800
2012-10-04,74.410004,74.739998,74.309998,74.720001,59.054111,1614500
2012-10-05,75.050003,75.25,74.470001,74.699997,59.038296,1317400
2012-10-08,74.379997,74.529999,74.260002,74.410004,58.80909,1128700
2012-10-09,74.360001,74.410004,73.639999,73.660004,58.216343,4611600
2012-10-10,73.650002,73.709999,73.120003,73.230003,57.876495,1264000
2012-10-11,73.800003,73.879997,73.330002,73.339996,57.963409,1405800
2012-10-12,73.379997,73.580002,72.879997,73.019997,57.710533,2111900
2012-10-15,73.169998,73.68,72.940002,73.620003,58.184704,948800
2012-10-16,73.949997,74.410004,73.900002,74.379997,58.785381,2616300
2012-10-17,74.440002,74.790001,74.300003,74.730003,59.062,1265200
2012-10-18,74.57,74.870003,74.309998,74.580002,58.943462,1156900
2012-10-19,74.349998,74.349998,73.110001,73.290001,57.923904,1466500
2012-10-22,73.190002,73.419998,72.730003,73.290001,57.923904,1394100
2012-10-23,72.5,72.650002,71.949997,72.360001,57.188919,2302400
2012-10-24,72.629997,72.730003,72.040001,72.160004,57.030846,1250400
2012-10-25,72.68,72.800003,71.919998,72.360001,57.188919,1092600
2012-10-26,72.300003,72.540001,71.800003,72.279999,57.125671,1154800
2012-10-31,72.580002,72.629997,72,72.32,57.157284,1373200
2012-11-01,72.540001,73.269997,72.449997,73.230003,57.876495,1519100
2012-11-02,73.610001,73.629997,72.43,72.470001,57.275845,1467200
2012-11-05,72.389999,72.82,72.199997,72.699997,57.4576,1368200
2012-11-06,72.900002,73.510002,72.82,73.25,57.892292,1066100
2012-11-07,72.620003,72.629997,71.279999,71.610001,56.596153,4727300
2012-11-08,71.599998,71.919998,70.699997,70.699997,55.876945,1926100
2012-11-09,70.540001,71.720001,70.480003,70.769997,55.932266,1974100
2012-11-12,70.989998,71.099998,70.68,70.809998,55.963871,3436500
2012-11-13,70.449997,71.269997,70.360001,70.540001,55.750465,1497500
2012-11-14,70.779999,70.870003,69.370003,69.550003,54.968056,3587700
2012-11-15,69.5,69.790001,69.07,69.370003,54.82579,2332100
2012-11-16,69.470001,69.910004,68.900002,69.75,55.126122,1807200
2012-11-19,70.57,71.199997,70.540001,71.190002,56.264179,2239700
2012-11-20,71.099998,71.339996,70.709999,71.269997,56.327419,2151200
2012-11-21,71.300003,71.480003,71.18,71.449997,56.4697,1144700
2012-11-23,71.769997,72.379997,71.730003,72.379997,57.20472,787900
2012-11-26,72.059998,72.290001,71.82,72.290001,57.133568,1698500
2012-11-27,72.169998,72.440002,71.889999,71.910004,56.833248,1655500
2012-11-28,71.650002,72.510002,71.239998,72.480003,57.283756,1733100
2012-11-29,72.82,73.050003,72.5,72.900002,57.615688,3237100
2012-11-30,72.910004,73.019997,72.650002,72.879997,57.599857,1773800
2012-12-03,73.269997,73.290001,72.510002,72.559998,57.346962,1671200
2012-12-04,72.580002,72.779999,72.260002,72.459999,57.267937,1325600
2012-12-05,72.580002,72.910004,72.040001,72.599998,57.378574,1913700
2012-12-06,72.540001,72.860001,72.43,72.830002,57.560352,1273000
2012-12-07,73.110001,73.190002,72.690002,73.040001,57.72633,1845700
2012-12-10,72.989998,73.269997,72.949997,73.129997,57.797482,1318500
2012-12-11,73.440002,73.919998,73.400002,73.589996,58.161011,2300700
2012-12-12,73.940002,74.139999,73.529999,73.620003,58.184704,2046200
2012-12-13,73.599998,73.790001,73,73.199997,57.852787,2235500
2012-12-14,73.019997,73.18,72.800003,72.889999,57.607754,1810600
2012-12-17,73.120003,73.800003,73.050003,73.800003,58.326973,3289300
2012-12-18,73.940002,74.709999,73.800003,74.660004,59.00666,3438600
2012-12-19,74.839996,74.879997,74.169998,74.199997,58.643108,3682400
2012-12-20,73.720001,74.07,73.480003,74.059998,58.965572,4601000
2012-12-21,73.019997,73.540001,72.970001,73.43,58.463966,4402300
2012-12-24,73.199997,73.260002,73.099998,73.18,58.264919,1429200
2012-12-26,73.32,73.349998,72.68,72.830002,57.986256,2479600
2012-12-27,72.879997,73.019997,71.940002,72.769997,57.938503,3277500
2012-12-28,72.330002,72.68,71.970001,71.980003,57.309521,3618600
2012-12-31,71.879997,73.309998,71.82,73.279999,58.344559,8359300
2013-01-02,74.529999,75.150002,74.5,75.139999,59.825481,5037200
2013-01-03,75.120003,75.370003,74.839996,75.029999,59.737873,2634600
2013-01-04,75.139999,75.519997,74.989998,75.410004,60.040428,2512900
2013-01-07,75.18,75.279999,74.949997,75.209999,59.881172,2511200
2013-01-08,75.110001,75.18,74.699997,75.010002,59.721981,1407900
2013-01-09,75.190002,75.410004,75.110001,75.239998,59.905094,1421900
2013-01-10,75.620003,75.769997,75.220001,75.760002,60.319088,1403700
2013-01-11,75.760002,75.800003,75.510002,75.769997,60.327053,1248500
2013-01-14,75.75,75.800003,75.440002,75.690002,60.263363,2745100
2013-01-15,75.400002,75.889999,75.339996,75.830002,60.374828,1109100
2013-01-16,75.68,75.910004,75.589996,75.769997,60.327053,1211300
2013-01-17,76.110001,76.5,76,76.290001,60.741089,1534800
2013-01-18,76.32,76.540001,76.040001,76.5,60.908264,2173800
2013-01-22,76.5,76.900002,76.330002,76.900002,61.226749,3583900
2013-01-23,76.93,77.080002,76.779999,76.989998,61.298412,2295000
2013-01-24,76.919998,77.440002,76.860001,77.080002,61.370068,5386800
2013-01-25,77.379997,77.529999,77.120003,77.510002,61.712448,2997100
2013-01-28,77.599998,77.610001,77.150002,77.440002,61.656666,1634100
2013-01-29,77.339996,77.769997,77.239998,77.699997,61.863701,2279300
2013-01-30,77.690002,77.830002,77.269997,77.389999,61.616894,2074200
2013-01-31,77.330002,77.5,77.150002,77.25,61.505436,2611300
2013-02-01,77.779999,78.110001,77.610001,78,62.102566,2550000
2013-02-04,77.639999,77.720001,77.129997,77.18,61.449661,2457700
2013-02-05,77.620003,78.110001,77.540001,77.910004,62.030888,1609800
2013-02-06,77.68,78.059998,77.599998,78.050003,62.142357,1739400
2013-02-07,78.050003,78.129997,77.360001,77.910004,62.030888,2260100
2013-02-08,78.029999,78.379997,78.010002,78.379997,62.405102,4399000
2013-02-11,78.360001,78.389999,78.139999,78.339996,62.373241,2112700
2013-02-12,78.339996,78.599998,78.279999,78.470001,62.476757,1568600
2013-02-13,78.68,78.790001,78.339996,78.580002,62.564339,1346500
2013-02-14,78.349998,78.75,78.279999,78.68,62.643955,1287500
2013-02-15,78.75,78.830002,78.32,78.589996,62.572304,1248400
2013-02-19,78.709999,79.160004,78.709999,79.139999,63.010193,1763000
2013-02-20,79.110001,79.129997,78.080002,78.089996,62.174191,2507600
2013-02-21,77.889999,77.889999,77.25,77.559998,61.752216,2641300
2013-02-22,77.919998,78.309998,77.769997,78.309998,62.34938,1833200
2013-02-25,78.68,78.779999,76.849998,76.870003,61.202869,1979400
2013-02-26,77.190002,77.440002,76.669998,77.360001,61.592999,2505700
2013-02-27,77.269997,78.529999,77.260002,78.309998,62.34938,1442500
2013-02-28,78.309998,78.809998,78.129997,78.239998,62.293652,1564400
2013-03-01,77.959999,78.5,77.510002,78.419998,62.436916,1884800
2013-03-04,78.239998,78.779999,78.099998,78.779999,62.723572,1418100
2013-03-05,79.150002,79.720001,79.099998,79.57,63.352558,1855000
2013-03-06,79.839996,79.889999,79.519997,79.690002,63.448086,2045000
2013-03-07,79.800003,79.949997,79.720001,79.879997,63.599384,1564000
2013-03-08,80.230003,80.360001,79.82,80.269997,63.909897,1984200
2013-03-11,80.190002,80.529999,80.089996,80.5,64.093033,1610000
2013-03-12,80.470001,80.57,80.120003,80.360001,63.981533,1505700
2013-03-13,80.370003,80.610001,80.150002,80.510002,64.10099,1021900
2013-03-14,80.720001,80.989998,80.68,80.959999,64.459259,1328200
2013-03-15,80.900002,80.970001,80.599998,80.870003,64.387611,1850700
2013-03-18,80.139999,80.769997,80,80.43,64.037285,1983400
2013-03-19,80.599998,80.720001,79.690002,80.209999,63.862106,1522500
2013-03-20,80.650002,80.93,80.559998,80.809998,64.339828,1475900
2013-03-21,80.339996,80.610001,79.989998,80.160004,63.822304,1418500
2013-03-22,80.029999,80.32,79.970001,80.290001,64.217438,1648200
2013-03-25,80.550003,80.699997,79.720001,80.019997,64.001457,2905700
2013-03-26,80.339996,80.629997,80.239998,80.620003,64.481369,1322900
2013-03-27,80.160004,80.709999,80.010002,80.68,64.529335,2494200
2013-03-28,80.669998,81.019997,80.580002,80.959999,64.753326,1897700
2013-04-01,80.949997,81.059998,80.32,80.529999,64.409409,3097600
2013-04-02,80.860001,81.040001,80.540001,80.769997,64.601349,2480900
2013-04-03,80.82,80.879997,79.68,79.889999,63.897495,2266100
2013-04-04,80.010002,80.330002,79.82,80.239998,64.177414,1317800
2013-04-05,79.260002,80.010002,79.139999,79.959999,63.953487,1533500
2013-04-08,80,80.470001,79.730003,80.449997,64.345406,1927500
2013-04-09,80.599998,80.989998,80.339996,80.68,64.529335,1178300
2013-04-10,80.879997,81.800003,80.870003,81.720001,65.361168,2209500
2013-04-11,81.730003,82.279999,81.690002,82.029999,65.609085,1263200
2013-04-12,81.760002,81.919998,81.32,81.739998,65.377144,1413500
2013-04-15,81.449997,81.449997,79.739998,79.75,63.785542,3054500
2013-04-16,80.360001,80.980003,80.139999,80.93,64.729301,1945500
2013-04-17,80.389999,80.419998,79.290001,79.720001,63.761543,2688400
2013-04-18,79.849998,79.910004,78.93,79.220001,63.361618,1505800
2013-04-19,79.489998,80.010002,79.230003,79.980003,63.96949,965500
2013-04-22,80.129997,80.5,79.550003,80.32,64.241425,1237200
2013-04-23,80.720001,81.239998,80.389999,81.190002,64.937256,1957600
2013-04-24,81.199997,81.5,81.07,81.309998,65.033241,1039800
2013-04-25,81.540001,82.040001,81.449997,81.639999,65.297203,1120900
2013-04-26,81.529999,81.68,81.220001,81.489998,65.1772,1150200
2013-04-29,81.709999,82.190002,81.589996,82.010002,65.593094,2118600
2013-04-30,82.019997,82.300003,81.690002,82.260002,65.793076,1740800
2013-05-01,82.110001,82.169998,81.379997,81.419998,65.121231,2159700
2013-05-02,81.610001,82.32,81.610001,82.269997,65.801056,1616200
2013-05-03,82.989998,83.379997,82.860001,83.040001,66.416916,2382900
2013-05-06,83.150002,83.459999,83.099998,83.360001,66.672874,1879100
2013-05-07,83.580002,83.830002,83.309998,83.82,67.040787,1967400
2013-05-08,83.720001,84.209999,83.68,84.209999,67.35273,1734900
2013-05-09,84.190002,84.349998,83.739998,83.93,67.128754,1495200
2013-05-10,84.040001,84.300003,83.809998,84.300003,67.424713,1333200
2013-05-13,84.190002,84.440002,83.959999,84.32,67.440704,1285300
2013-05-14,84.400002,85.25,84.400002,85.190002,68.136559,1440100
2013-05-15,85.059998,85.790001,85.019997,85.559998,68.432472,2743600
2013-05-16,85.529999,85.760002,85.099998,85.209999,68.15255,2006200
2013-05-17,85.57,86.089996,85.459999,86.080002,68.848381,1540200
2013-05-20,86.010002,86.389999,85.900002,86.07,68.840363,1680900
2013-05-21,86.139999,86.480003,85.860001,86.209999,68.952347,1483200
2013-05-22,86.279999,87.089996,85,85.360001,68.272537,3378000
2013-05-23,84.489998,85.370003,84.32,85.199997,68.144547,2748400
2013-05-24,84.660004,85.099998,84.379997,85.089996,68.056564,1151700
2013-05-28,86.029999,86.419998,85.339996,85.639999,68.496452,2120900
2013-05-29,85.199997,85.32,84.57,85.059998,68.032555,2420800
2013-05-30,85.160004,85.769997,85.080002,85.410004,68.312477,1630000
2013-05-31,85.18,85.650002,84.199997,84.269997,67.400711,2005100
2013-06-03,84.449997,84.660004,83.739998,84.610001,67.672646,3620100
2013-06-04,84.720001,84.989998,83.769997,84.199997,67.344727,2311900
2013-06-05,83.989998,84.110001,82.940002,83.010002,66.392921,2944800
2013-06-06,82.989998,83.800003,82.529999,83.790001,67.016792,2633900
2013-06-07,84.349998,84.900002,83.970001,84.830002,67.84864,2391500
2013-06-10,85.150002,85.160004,84.610001,84.860001,67.872589,3643600
2013-06-11,84.099998,84.720001,83.769997,84,67.184731,2102200
2013-06-12,84.580002,84.629997,83.190002,83.290001,66.616859,2568400
2013-06-13,83.220001,84.720001,83.029999,84.580002,67.648651,4100100
2013-06-14,84.489998,84.809998,83.93,84.099998,67.26474,1653500
2013-06-17,84.669998,85.059998,84.260002,84.690002,67.736633,2416900
2013-06-18,84.790001,85.519997,84.790001,85.330002,68.248512,2095100
2013-06-19,85.190002,85.470001,84.209999,84.239998,67.376694,4448100
2013-06-20,83.470001,83.470001,81.900002,82.150002,65.705109,4933200
2013-06-21,82.629997,82.779999,81.470001,82.360001,65.87307,4227700
2013-06-24,81.110001,81.610001,80.190002,80.919998,65.026054,5378400
2013-06-25,81.660004,81.989998,81.110001,81.730003,65.676987,2625000
2013-06-26,82.400002,82.690002,82.050003,82.489998,66.287697,2496900
2013-06-27,83.019997,83.400002,82.989998,83.099998,66.777908,2211600
2013-06-28,82.93,83.309998,82.510002,82.669998,66.432343,3023200
2013-07-01,83.290001,83.940002,83.110001,83.360001,66.986816,2097000
2013-07-02,83.330002,83.889999,82.940002,83.269997,66.914505,1958500
2013-07-03,82.989998,83.589996,82.830002,83.389999,67.010918,1004800
2013-07-05,84.019997,84.300003,83.330002,84.279999,67.726112,2434000
2013-07-08,84.709999,84.959999,84.559998,84.730003,68.087708,1972700
2013-07-09,85.230003,85.459999,84.879997,85.330002,68.569893,2229900
2013-07-10,85.290001,85.629997,85.120003,85.370003,68.60202,4399500
2013-07-11,86.43,86.639999,86.110001,86.610001,69.59845,3560300
2013-07-12,86.540001,86.830002,86.440002,86.690002,69.662758,2141400
2013-07-15,86.910004,87.110001,86.730003,87.019997,69.92791,2340200
2013-07-16,87.07,87.099998,86.419998,86.629997,69.614532,1637900
2013-07-17,87.010002,87.129997,86.760002,86.910004,69.839539,1718700
2013-07-18,87.089996,87.589996,87.010002,87.400002,70.233276,2100100
2013-07-19,87.199997,87.529999,87.099998,87.529999,70.337769,1604300
2013-07-22,87.690002,87.82,87.470001,87.720001,70.490456,2121000
2013-07-23,87.93,88,87.510002,87.559998,70.361862,1915200
2013-07-24,87.949997,87.989998,87.029999,87.209999,70.080635,2997600
2013-07-25,87,87.57,86.949997,87.529999,70.337769,1781800
2013-07-26,87.230003,87.57,86.790001,87.540001,70.34581,1845100
2013-07-29,87.419998,87.57,87.019997,87.239998,70.104736,1681800
2013-07-30,87.540001,87.620003,87.099998,87.330002,70.177048,1379400
2013-07-31,87.43,88,87.32,87.419998,70.249374,2211400
2013-08-01,88.099998,88.599998,88.07,88.529999,71.14135,2416600
2013-08-02,88.43,88.620003,88.190002,88.57,71.173477,2224400
2013-08-05,88.510002,88.690002,88.339996,88.580002,71.181541,1167300
2013-08-06,88.510002,88.540001,87.769997,88,70.715454,1587700
2013-08-07,87.660004,87.779999,87.290001,87.650002,70.434212,1542700
2013-08-08,88.089996,88.18,87.559998,88.010002,70.723511,2251200
2013-08-09,87.900002,88.169998,87.470001,87.790001,70.546692,2519700
2013-08-12,87.389999,87.830002,87.25,87.730003,70.498497,1102100
2013-08-13,87.919998,88.040001,87.32,87.919998,70.651161,1298200
2013-08-14,87.900002,88,87.440002,87.459999,70.281502,1369500
2013-08-15,86.82,86.82,86.050003,86.160004,69.236862,2729700
2013-08-16,86.080002,86.339996,85.730003,85.879997,69.011841,4926400
2013-08-19,85.650002,86.059998,85.300003,85.300003,68.545776,2112200
2013-08-20,85.43,86.139999,85.360001,85.860001,68.995766,2044700
2013-08-21,85.629997,86.089996,85.120003,85.360001,68.593994,3102600
2013-08-22,85.550003,86.279999,85.550003,86.120003,69.204712,2065100
2013-08-23,86.410004,86.559998,85.989998,86.480003,69.494026,1267900
2013-08-26,86.589996,86.860001,86.139999,86.260002,69.317207,1982000
2013-08-27,85.370003,85.650002,84.68,84.730003,68.087708,2180200
2013-08-28,84.720001,85.339996,84.599998,85.040001,68.33683,1444100
2013-08-29,84.879997,85.68,84.849998,85.269997,68.52166,1291300
2013-08-30,85.440002,85.449997,84.620003,84.769997,68.119873,2437700
2013-09-03,85.769997,85.919998,84.839996,85.199997,68.465401,1807200
2013-09-04,85.269997,86.080002,85.120003,85.959999,69.076157,2610800
2013-09-05,86.010002,86.269997,85.989998,86.059998,69.156525,1511200
2013-09-06,86.400002,86.639999,85.309998,86.129997,69.212738,1807600
2013-09-09,86.43,87.129997,86.419998,87.099998,69.992233,1811100
2013-09-10,87.660004,87.779999,87.43,87.779999,70.538658,3454900
2013-09-11,87.699997,88.019997,87.489998,88.010002,70.723511,1573200
2013-09-12,88.029999,88.120003,87.650002,87.739998,70.506516,1124600
2013-09-13,87.870003,88,87.620003,87.919998,70.651161,1793300
2013-09-16,88.93,89,88.300003,88.43,71.061005,2519600
2013-09-17,88.540001,88.900002,88.540001,88.900002,71.438683,1656800
2013-09-18,88.919998,90.120003,88.580002,89.940002,72.274406,2702700
2013-09-19,90.07,90.230003,89.660004,89.800003,72.16188,2644500
2013-09-20,89.889999,90,89.080002,89.199997,71.679756,2673500
2013-09-23,88.510002,88.68,87.989998,88.370003,71.355957,2586500
2013-09-24,88.239998,88.760002,88.010002,88.230003,71.242935,4013500
2013-09-25,88.339996,88.5,87.949997,88.07,71.113716,1345300
2013-09-26,88.220001,88.660004,88.099998,88.410004,71.38826,1210000
2013-09-27,87.989998,88.150002,87.790001,88.059998,71.105637,1938800
2013-09-30,87.379997,87.879997,87.099998,87.650002,70.774567,2522100
2013-10-01,87.739998,88.480003,87.669998,88.410004,71.38826,3075700
2013-10-02,87.910004,88.309998,87.610001,88.260002,71.26712,2014400
2013-10-03,88.040001,88.160004,87.040001,87.510002,70.661537,8263300
2013-10-04,87.57,88.239998,87.440002,88.150002,71.178322,2509800
2013-10-07,87.449997,87.860001,87.300003,87.360001,70.540436,1598500
2013-10-08,87.25,87.43,86.160004,86.199997,69.603729,3431800
2013-10-09,86.379997,86.510002,85.629997,86.139999,69.555313,3786700
2013-10-10,87.080002,88.120003,87.059998,88.080002,71.121811,4036900
2013-10-11,87.980003,88.730003,87.900002,88.699997,71.622429,3132700
2013-10-14,88.120003,89.129997,87.980003,89.089996,71.937309,1851400
2013-10-15,88.889999,89.150002,88.279999,88.410004,71.38826,2603000
2013-10-16,88.989998,89.669998,88.879997,89.650002,72.389549,2427700
2013-10-17,89.349998,90.349998,89.260002,90.309998,72.922447,4442100
2013-10-18,90.709999,90.980003,90.449997,90.949997,73.43924,2996600
2013-10-21,91,91.139999,90.720001,90.900002,73.398857,2461600
2013-10-22,91.220001,91.730003,91.010002,91.419998,73.818764,3757600
2013-10-23,91.169998,91.220001,90.629997,90.989998,73.471519,2779500
2013-10-24,91.25,91.389999,90.910004,91.339996,73.754135,1713400
2013-10-25,91.57,91.669998,91.260002,91.669998,74.020615,2038100
2013-10-28,91.650002,91.849998,91.459999,91.739998,74.077118,1711900
2013-10-29,91.949997,92.199997,91.800003,92.199997,74.448578,1454400
2013-10-30,92.349998,92.400002,91.309998,91.660004,74.012512,2641200
2013-10-31,91.589996,91.949997,91.18,91.389999,73.794518,2937900
2013-11-01,91.440002,91.790001,91,91.510002,73.891426,2477600
2013-11-04,91.809998,91.970001,91.559998,91.93,74.230553,3443700
2013-11-05,91.699997,91.860001,91.269997,91.660004,74.012512,2301300
2013-11-06,92.080002,92.239998,91.669998,91.900002,74.206352,2655100
2013-11-07,92.190002,92.190002,90.599998,90.68,73.221214,2876200
2013-11-08,90.75,91.889999,90.669998,91.889999,74.198227,2637800
2013-11-11,91.790001,92.07,91.730003,91.949997,74.246704,1729500
2013-11-12,91.760002,91.949997,91.459999,91.809998,74.133667,2067900
2013-11-13,91.379997,92.599998,91.300003,92.589996,74.763481,1837800
2013-11-14,92.739998,93.089996,92.480003,93.029999,75.118759,1971100
2013-11-15,93.029999,93.440002,93,93.440002,75.449829,1623900
2013-11-18,93.720001,93.720001,92.779999,93,75.094543,3123300
2013-11-19,92.980003,93.220001,92.550003,92.730003,74.876518,1828700
2013-11-20,92.889999,93.18,92.160004,92.440002,74.642357,1931400
2013-11-21,92.769997,93.330002,92.650002,93.269997,75.312546,2720700
2013-11-22,93.389999,93.75,93.220001,93.730003,75.683998,2687300
2013-11-25,93.959999,93.970001,93.5,93.629997,75.603241,1719500
2013-11-26,93.629997,94.010002,93.519997,93.720001,75.675941,1355100
2013-11-27,93.93,94.040001,93.760002,93.989998,75.893936,1480800
2013-11-29,94.07,94.339996,93.860001,93.860001,75.788979,934600
2013-12-02,94.059998,94.18,93.540001,93.660004,75.627464,3209500
2013-12-03,93.400002,93.589996,92.940002,93.300003,75.336792,2129100
2013-12-04,92.970001,93.620003,92.480003,93.169998,75.231796,2300800
2013-12-05,93.139999,93.260002,92.82,92.900002,75.013809,2185400
2013-12-06,93.800003,93.970001,93.480003,93.860001,75.788979,2071600
2013-12-09,94.25,94.279999,93.949997,94.07,75.958549,2121100
2013-12-10,93.93,94.150002,93.720001,93.760002,75.708244,2403200
2013-12-11,93.879997,93.879997,92.5,92.599998,74.771553,3887100
2013-12-12,92.559998,92.760002,92.18,92.43,74.63427,3587000
2013-12-13,92.690002,92.720001,92.25,92.459999,74.658493,3605700
2013-12-16,92.940002,93.339996,92.879997,93.110001,75.18335,3207500
2013-12-17,93.239998,93.239998,92.57,92.830002,74.957275,3374200
2013-12-18,93.029999,94.339996,92.160004,94.330002,76.168472,4089700
2013-12-19,94.129997,94.239998,93.830002,94.199997,76.063484,6352600
2013-12-20,93.860001,94.529999,93.839996,94.330002,76.570015,6210200
2013-12-23,94.839996,94.949997,94.650002,94.889999,77.024574,3095000
2013-12-24,94.989998,95.209999,94.900002,95.150002,77.235657,1362100
2013-12-26,95.400002,95.639999,95.260002,95.599998,77.600906,2940500
2013-12-27,95.730003,95.919998,95.43,95.540001,77.5522,2370400
2013-12-30,95.599998,95.660004,95.410004,95.57,77.576569,3159900
2013-12-31,95.720001,96,95.660004,95.919998,77.860664,4570300
2014-01-02,95.760002,95.760002,94.82,95.080002,77.178818,3728200
2014-01-03,95.290001,95.440002,94.949997,95.059998,77.162575,3206300
2014-01-06,95.5,95.559998,94.669998,94.809998,76.959648,3169400
2014-01-07,95.190002,95.589996,95.099998,95.419998,77.454796,2617200
2014-01-08,95.440002,95.620003,95.089996,95.489998,77.511597,3783100
2014-01-09,95.830002,95.830002,95.099998,95.57,77.576569,3440500
2014-01-10,95.779999,95.870003,95.300003,95.839996,77.795708,2903700
2014-01-13,95.75,95.879997,94.389999,94.629997,76.813545,4322200
2014-01-14,94.93,95.730003,94.730003,95.669998,77.657722,2660500
2014-01-15,95.940002,96.290001,95.839996,96.150002,78.047348,2525100
2014-01-16,96.050003,96.120003,95.790001,96.080002,77.990509,3058200
2014-01-17,96,96.129997,95.550003,95.709999,77.690193,2716300
2014-01-21,96.360001,96.360001,95.440002,96.029999,77.949936,5557200
2014-01-22,96.269997,96.300003,95.910004,96.209999,78.096077,1860300
2014-01-23,95.769997,95.849998,94.910004,95.379997,77.422333,3223500
2014-01-24,94.769997,94.889999,93.290001,93.32,75.750168,7275200
2014-01-27,93.32,93.599998,92.209999,92.720001,75.263161,6664700
2014-01-28,92.889999,93.470001,92.800003,93.370003,75.790779,10136000
2014-01-29,92.669998,93.080002,92.18,92.410004,75.01149,4720200
2014-01-30,93.230003,93.779999,92.959999,93.489998,75.888161,2540800
2014-01-31,92.440002,93.550003,92.279999,92.879997,75.393005,4099600
2014-02-03,92.839996,93.050003,90.540001,90.699997,73.623436,6568100
2014-02-04,91.199997,91.629997,90.779999,91.389999,74.183556,3427200
2014-02-05,91.019997,91.440002,90.389999,91.25,74.069901,3407300
2014-02-06,91.489998,92.370003,91.349998,92.360001,74.970909,3237300
2014-02-07,92.940002,93.610001,92.529999,93.550003,75.936874,3538500
2014-02-10,93.620003,93.739998,93.260002,93.660004,76.026154,3419800
2014-02-11,93.989998,94.949997,93.82,94.730003,76.894722,4287900
2014-02-12,94.910004,95.209999,94.629997,94.860001,77.000252,3128700
2014-02-13,94.150002,95.519997,94.150002,95.440002,77.471031,2726400
2014-02-14,95.400002,96.050003,95.220001,95.900002,77.844452,2244000
2014-02-18,96.059998,96.269997,95.769997,96.18,78.071716,3006400
2014-02-19,95.970001,96.5,95.440002,95.540001,77.5522,2320600
2014-02-20,95.650002,96.330002,95.330002,96.18,78.071716,2657600
2014-02-21,96.389999,96.529999,96.029999,96.099998,78.00679,1952000
2014-02-24,96.379997,97.269997,96.309998,96.650002,78.453201,2357600
2014-02-25,96.769997,97.010002,96.279999,96.610001,78.420746,2427300
2014-02-26,96.830002,97.099998,96.449997,96.709999,78.501892,1934600
2014-02-27,96.629997,97.220001,96.470001,97.220001,78.915894,1594000
2014-02-28,97.169998,97.860001,96.739998,97.400002,79.062019,2302800
2014-03-03,96.57,96.879997,96.010002,96.690002,78.485657,2743400
2014-03-04,97.93,98.349998,97.639999,98.209999,79.719505,3105300
2014-03-05,98.260002,98.379997,98.089996,98.230003,79.735733,1855300
2014-03-06,98.540001,98.650002,98.269997,98.410004,79.881851,2084500
2014-03-07,98.839996,98.849998,98,98.379997,79.857513,2312100
2014-03-10,98.32,98.400002,97.730003,98.309998,79.800682,2586600
2014-03-11,98.5,98.629997,97.529999,97.760002,79.35424,3718500
2014-03-12,97.360001,97.860001,97.029999,97.830002,79.411041,2225600
2014-03-13,98.18,98.269997,96.419998,96.699997,78.493828,3482400
2014-03-14,96.510002,97.07,96.43,96.580002,78.396408,2892400
2014-03-17,97.089996,97.660004,97.059998,97.349998,79.021431,2735800
2014-03-18,97.650002,98.279999,97.5,98.18,79.695168,3672500
2014-03-19,98.209999,98.279999,97.019997,97.620003,79.240608,2705400
2014-03-20,97.389999,98.190002,97.209999,98.110001,79.638359,1466900
2014-03-21,98.57,98.690002,97.650002,97.75,79.3461,2821700
2014-03-24,98.110001,98.199997,96.730003,97.18,78.883423,3922600
2014-03-25,97.199997,97.580002,96.589996,97.099998,79.163063,1740900
2014-03-26,97.519997,97.650002,96.269997,96.290001,78.502701,2896000
2014-03-27,96.089996,96.5,95.690002,96.089996,78.339645,3835100
2014-03-28,96.370003,97.089996,96.279999,96.519997,78.690208,1533200
2014-03-31,97.099998,97.580002,97.050003,97.470001,79.464729,2978400
2014-04-01,97.889999,98.269997,97.75,98.230003,80.084343,3881700
2014-04-02,98.459999,98.660004,98.18,98.540001,80.337051,2855300
2014-04-03,98.720001,98.739998,97.959999,98.269997,80.116951,2169700
2014-04-04,98.839996,98.849998,96.769997,96.919998,79.016319,3026800
2014-04-07,96.599998,96.809998,95.480003,95.760002,78.070595,5316200
2014-04-08,95.760002,96.379997,95.349998,96.18,78.413025,3728200
2014-04-09,96.5,97.330002,96.220001,97.330002,79.350586,1975300
2014-04-10,97.300003,97.349998,95.029999,95.190002,77.605919,3283000
2014-04-11,94.660004,95.309998,94.099998,94.25,76.839546,3380100
2014-04-14,95.019997,95.199997,94.120003,94.889999,77.361282,3248600
2014-04-15,95.129997,95.599998,94.029999,95.540001,77.891235,3339400
2014-04-16,96.209999,96.550003,95.75,96.540001,78.706512,4498500
2014-04-17,96.419998,96.970001,96.260002,96.730003,78.861443,2241100
2014-04-21,96.779999,97.120003,96.57,97.120003,79.179367,3043000
2014-04-22,97.260002,97.910004,97.190002,97.620003,79.587044,2442400
2014-04-23,97.620003,97.68,97.300003,97.370003,79.383209,1798400
2014-04-24,97.839996,97.900002,96.959999,97.5,79.489197,1471400
2014-04-25,97.190002,97.25,96.339996,96.550003,78.714661,1927700
2014-04-28,96.900002,97.220001,95.650002,96.690002,78.828796,2046000
2014-04-29,97,97.300003,96.769997,97.169998,79.220131,3062500
2014-04-30,97.169998,97.559998,96.760002,97.529999,79.513626,1423900
2014-05-01,97.410004,97.839996,97.139999,97.559998,79.538086,1776300
2014-05-02,97.589996,98.029999,97.349998,97.480003,79.47287,1687900
2014-05-05,97,97.699997,96.660004,97.639999,79.603294,1300900
2014-05-06,97.400002,97.489998,96.709999,96.739998,78.869568,1335400
2014-05-07,97.029999,97.209999,96.160004,97.190002,79.236435,1644100
2014-05-08,97.089996,97.800003,96.660004,96.93,79.02446,1863500
2014-05-09,96.93,97.169998,96.5,97.169998,79.220131,1637500
2014-05-12,97.610001,98.300003,97.550003,98.269997,80.116951,1847400
2014-05-13,98.400002,98.57,98.139999,98.209999,80.068039,1526600
2014-05-14,98.139999,98.190002,97.519997,97.669998,79.627762,1387500
2014-05-15,97.360001,97.43,96.209999,96.769997,78.894012,2149200
2014-05-16,96.919998,97.190002,96.43,97.18,79.228317,1149800
2014-05-19,96.940002,97.68,96.779999,97.629997,79.595146,1209700
2014-05-20,97.519997,97.620003,96.620003,96.900002,79.000008,1858800
2014-05-21,97.230003,97.720001,97.099998,97.650002,79.611481,1286400
2014-05-22,97.690002,98.190002,97.529999,97.980003,79.880524,962400
2014-05-23,98.099998,98.510002,98.010002,98.489998,80.296288,1171900
2014-05-27,98.830002,99.160004,98.779999,99.139999,80.826218,1458800
2014-05-28,99.160004,99.260002,98.82,99.029999,80.736549,1383000
2014-05-29,99.260002,99.559998,99,99.559998,81.168663,1320000
2014-05-30,99.440002,99.68,99.290001,99.580002,81.184959,1444700
2014-06-02,99.800003,99.839996,99.160004,99.699997,81.282776,2762600
2014-06-03,99.449997,99.720001,99.32,99.660004,81.250183,942000
2014-06-04,99.379997,99.970001,99.330002,99.870003,81.421371,1754100
2014-06-05,100.019997,100.760002,99.639999,100.68,82.081764,1797400
2014-06-06,100.989998,101.25,100.849998,101.199997,82.505699,1929400
2014-06-09,101.199997,101.669998,101.139999,101.370003,82.644287,1683400
2014-06-10,101.209999,101.349998,100.980003,101.349998,82.627983,1569800
2014-06-11,101.059998,101.120003,100.730003,101.010002,82.3508,2068800
2014-06-12,100.879997,100.93,100.059998,100.290001,81.763763,2197400
2014-06-13,100.449997,100.690002,100.110001,100.620003,82.032829,2099300
2014-06-16,100.449997,100.889999,100.309998,100.699997,82.098045,2778000
2014-06-17,100.559998,101.199997,100.459999,101.059998,82.391556,1089700
2014-06-18,101.080002,101.839996,100.870003,101.809998,83.003036,1326200
2014-06-19,101.900002,102,101.529999,101.93,83.10083,2130700
2014-06-20,102.199997,102.199997,101.980003,102.169998,83.296486,1952800
2014-06-23,102.190002,102.25,101.949997,102.139999,83.272072,1308600
2014-06-24,101.540001,102.07,100.910004,101.010002,82.690804,1613400
2014-06-25,100.82,101.599998,100.779999,101.519997,83.108322,1379200
2014-06-26,101.529999,101.529999,100.760002,101.459999,83.059212,1423900
2014-06-27,101.220001,101.75,101.220001,101.730003,83.280243,1378800
2014-06-30,101.550003,101.910004,101.550003,101.769997,83.312973,1600800
2014-07-01,102.07,102.82,102,102.5,83.910599,1818500
2014-07-02,102.529999,102.629997,102.360001,102.440002,83.861488,1504300
2014-07-03,102.739998,103,102.660004,102.980003,84.303528,987100
2014-07-07,102.800003,102.809998,102.309998,102.440002,83.861488,2198400
2014-07-08,102.339996,102.339996,101.349998,101.660004,83.222931,2130100
2014-07-09,101.910004,102.160004,101.650002,102.099998,83.58313,1866600
2014-07-10,101.029999,101.949997,100.870003,101.650002,83.214752,1564100
2014-07-11,101.629997,101.790001,101.300003,101.739998,83.288429,1252800
2014-07-14,102.300003,102.410004,102.160004,102.230003,83.68956,1060300
2014-07-15,102.300003,102.5,101.510002,101.970001,83.47673,2591200
2014-07-16,102.360001,102.480003,101.949997,102.230003,83.68956,1933100
2014-07-17,101.879997,102.279999,100.910004,101.050003,82.723564,1980400
2014-07-18,101.339996,102.239998,101.300003,102.139999,83.615891,996200
2014-07-21,101.830002,102.379997,101.449997,101.900002,83.419418,1434700
2014-07-22,102.290001,102.629997,102.239998,102.419998,83.845116,1198300
2014-07-23,102.580002,102.779999,102.370003,102.660004,84.041542,736500
2014-07-24,102.839996,102.919998,102.57,102.68,84.05793,926000
2014-07-25,102.370003,102.419998,101.93,102.139999,83.615891,1139700
2014-07-28,102.18,102.279999,101.510002,102.110001,83.591331,1189400
2014-07-29,102.290001,102.480003,101.720001,101.739998,83.288429,1090900
2014-07-30,102.120003,102.260002,101.379997,101.809998,83.345734,1552900
2014-07-31,101.120003,101.279999,99.739998,99.739998,81.651146,2938500
2014-08-01,99.550003,100.139999,98.959999,99.489998,81.446472,5157300
2014-08-04,99.739998,100.379997,99.209999,100.169998,82.003166,3320100
2014-08-05,99.699997,100.129997,98.93,99.290001,81.282761,2855200
2014-08-06,98.82,99.779999,98.720001,99.309998,81.299103,1763200
2014-08-07,99.82,99.879997,98.559998,98.790001,80.873413,3313500
2014-08-08,98.959999,99.970001,98.769997,99.93,81.806709,1566700
2014-08-11,100.32,100.739998,100.220001,100.290001,82.101364,1979500
2014-08-12,100.169998,100.489998,99.769997,100.110001,81.954033,1375300
2014-08-13,100.519997,100.900002,100.309998,100.82,82.535263,1208200
2014-08-14,100.93,101.260002,100.870003,101.260002,82.895477,1850400
2014-08-15,101.620003,101.739998,100.519997,101.269997,82.903656,3760300
2014-08-18,101.860001,102.220001,101.730003,102.18,83.648628,2718600
2014-08-19,102.410004,102.760002,102.300003,102.690002,84.066124,1896800
2014-08-20,102.5,103.029999,102.419998,102.93,84.262589,2929800
2014-08-21,103,103.309998,102.809998,103.160004,84.450897,1591300
2014-08-22,103.120003,103.260002,102.779999,103.010002,84.32811,1746400
2014-08-25,103.599998,103.75,103.379997,103.550003,84.77018,1216700
2014-08-26,103.650002,103.959999,103.610001,103.739998,84.925705,1464800
2014-08-27,103.809998,103.870003,103.519997,103.68,84.876564,1154500
2014-08-28,103.279999,103.650002,103.190002,103.57,84.786522,1429300
2014-08-29,103.75,103.93,103.419998,103.879997,85.040321,1737000
2014-09-02,104.040001,104.269997,103.559998,103.959999,85.105804,1738200
2014-09-03,104.389999,104.440002,103.699997,103.849998,85.015747,1523900
2014-09-04,104.010002,104.389999,103.370003,103.629997,84.835625,1591200
2014-09-05,103.589996,104.120003,103.209999,104.110001,85.2286,1490400
2014-09-08,103.970001,104.160004,103.550003,103.900002,85.056694,1416200
2014-09-09,103.769997,103.839996,102.989998,103.169998,84.459084,1296100
2014-09-10,103.230003,103.599998,102.849998,103.559998,84.778351,1290900
2014-09-11,103.150002,103.760002,103.089996,103.75,84.933876,1617300
2014-09-12,103.690002,103.690002,102.779999,103.080002,84.385414,2477200
2014-09-15,103.099998,103.239998,102.559998,102.809998,84.164352,3846200
2014-09-16,102.550003,103.690002,102.529999,103.540001,84.761978,1242500
2014-09-17,103.699997,104.160004,103.190002,103.650002,84.85202,2085200
2014-09-18,104.019997,104.230003,103.879997,104.18,85.285904,1829200
2014-09-19,104.589996,104.589996,103.739998,103.980003,85.122162,1933000
2014-09-22,103.75,103.800003,102.830002,103.019997,84.336288,2333100
2014-09-23,102.75,103.099998,102.349998,102.360001,83.79599,1965300
2014-09-24,101.980003,102.75,101.639999,102.690002,84.449753,2364300
2014-09-25,102.43,102.519997,101.050003,101.080002,83.125763,3000900
2014-09-26,101.290001,102.099998,101.110001,101.900002,83.800079,2227400
2014-09-29,101.019997,101.839996,100.900002,101.720001,83.652069,2827800
2014-09-30,101.860001,102,101.129997,101.239998,83.257294,2140500
2014-10-01,101.110001,101.339996,99.660004,99.910004,82.163574,3989800
2014-10-02,99.860001,100.309998,98.809998,99.959999,82.204712,3237400
2014-10-03,100.699997,101.269997,100.360001,101.080002,83.125763,2303800
2014-10-06,101.57,101.610001,100.57,100.879997,82.961258,1758800
2014-10-07,100.389999,100.57,99.290001,99.32,81.678352,2152000
2014-10-08,99.349998,101.07,98.739998,100.970001,83.035301,3455700
2014-10-09,100.75,100.919998,98.870003,98.889999,81.324738,3022400
2014-10-10,98.849998,99.339996,97.650002,97.660004,80.313232,3784900
2014-10-13,97.709999,98.010002,96.029999,96.099998,79.030319,5352300
2014-10-14,96.589996,97.5,96.040001,96.400002,79.277008,3914100
2014-10-15,95.190002,96.209999,93.580002,95.860001,78.832947,8265900
2014-10-16,93.779999,96.720001,93.779999,96.07,79.00563,6327700
2014-10-17,97.440002,97.800003,96.669998,97.120003,79.869125,3855100
2014-10-20,97.019997,98.129997,96.93,98.089996,80.66684,2487500
2014-10-21,98.610001,100.120003,98.610001,100.029999,82.262215,4004400
2014-10-22,100.300003,100.480003,99.199997,99.25,81.620811,3905800
2014-10-23,100.269997,101.080002,100.040001,100.449997,82.607651,4211600
2014-10-24,100.580002,101.18,100.199997,101.150002,83.183296,2899600
2014-10-27,100.849998,101.110001,100.349998,101.010002,83.068192,2585900
2014-10-28,101.440002,102.330002,101.290001,102.32,84.145477,2847500
2014-10-29,102.459999,102.68,101.449997,102.169998,84.022133,2621200
2014-10-30,101.879997,103.07,101.720001,102.800003,84.54023,2593400
2014-10-31,104,104.199997,103.529999,104.019997,85.543518,3276300
2014-11-03,104.190002,104.459999,103.830002,104.080002,85.592865,3672500
2014-11-04,103.900002,103.959999,103.150002,103.699997,85.280334,2584200
2014-11-05,104.5,104.510002,103.82,104.190002,85.683327,2580400
2014-11-06,104.32,104.699997,103.879997,104.699997,86.102753,2096200
2014-11-07,104.709999,104.879997,104.349998,104.779999,86.168488,1746300
2014-11-10,104.879997,105.099998,104.690002,105.099998,86.431686,2923500
2014-11-11,105.169998,105.239998,104.900002,105.199997,86.513939,1178000
2014-11-12,104.809998,105.300003,104.739998,105.18,86.49749,1089800
2014-11-13,105.32,105.559998,104.730003,105.160004,86.481033,1671100
2014-11-14,105.230003,105.330002,104.940002,105.169998,86.489258,2173900
2014-11-17,105,105.300003,104.830002,105.160004,86.481033,1449600
2014-11-18,105.239998,105.970001,105.220001,105.779999,86.990913,1486000
2014-11-19,105.650002,105.720001,105.029999,105.510002,86.768867,1771200
2014-11-20,105.07,105.830002,104.940002,105.809998,87.015587,1502500
2014-11-21,106.849998,106.940002,106.059998,106.370003,87.476112,3435600
2014-11-24,106.650002,106.769997,106.5,106.760002,87.796844,3990900
2014-11-25,106.919998,107.07,106.5,106.739998,87.780388,2310700
2014-11-26,106.769997,107,106.629997,106.980003,87.977745,1178300
2014-11-28,106.949997,107.010002,106.480003,106.599998,87.665268,944100
2014-12-01,106.5,106.550003,105.529999,105.699997,86.92511,2754700
2014-12-02,105.800003,106.489998,105.75,106.360001,87.467903,2450900
2014-12-03,106.440002,106.989998,106.379997,106.839996,87.862633,3299500
2014-12-04,106.699997,107.010002,106.239998,106.709999,87.755692,2417600
2014-12-05,106.860001,107.169998,106.699997,106.949997,87.953079,3314700
2014-12-08,106.769997,107.07,105.800003,106.190002,87.32811,2070200
2014-12-09,105.040001,106.330002,104.82,106.25,87.377419,3044100
2014-12-10,105.970001,106.190002,104.370003,104.510002,85.946487,3507300
2014-12-11,104.93,105.989998,104.760002,104.989998,86.34124,3340100
2014-12-12,104.220001,104.75,103.330002,103.339996,84.984299,3956600
2014-12-15,103.75,104.18,102.239998,102.589996,84.367523,4328100
2014-12-16,102.029999,104.010002,101.800003,101.830002,83.742516,7528300
2014-12-17,102.25,104.209999,102.010002,104.010002,85.535309,4949000
2014-12-18,105.559998,106.470001,105.029999,106.470001,87.558342,6384400
2014-12-19,106.610001,107.25,106.379997,106.910004,87.920197,3575600
2014-12-22,106.660004,106.779999,106.279999,106.769997,88.268234,5630200
2014-12-23,107.239998,107.239998,106.82,107.010002,88.46666,4050500
2014-12-24,107.349998,107.349998,107.019997,107.040001,88.491455,1702600
2014-12-26,107.309998,107.629997,107.269997,107.360001,88.75602,3293500
2014-12-29,107.360001,107.709999,107.290001,107.589996,88.946129,3746700
2014-12-30,107.419998,107.459999,106.989998,107.059998,88.507988,4473000
2014-12-31,107.190002,107.389999,105.980003,106,87.631653,2224400
2015-01-02,106.489998,106.720001,105.269997,105.919998,87.565521,5298300
2015-01-05,105.349998,105.550003,103.860001,104.099998,86.060913,5383500
2015-01-06,104.400002,104.5,102.510002,103.080002,85.217667,4226100
2015-01-07,104.089996,104.449997,103.550003,104.309998,86.234535,3661500
2015-01-08,105.209999,106.239998,105.110001,106.150002,87.755669,2796200
2015-01-09,106.32,106.349998,104.919998,105.269997,87.028183,3272500
2015-01-12,105.550003,105.550003,104.120003,104.519997,86.408134,3705900
2015-01-13,105.330002,106,103.43,104.279999,86.209755,2936200
2015-01-14,103.040001,103.790001,102.5,103.709999,85.738487,3291600
2015-01-15,104.050003,104.260002,102.57,102.660004,84.870407,5615200
2015-01-16,102.610001,104.110001,102.419998,104.019997,85.994781,2768900
2015-01-20,104.419998,104.529999,103.199997,104.169998,86.118767,3186900
2015-01-21,103.93,104.949997,103.599998,104.639999,86.507339,3119400
2015-01-22,105.239998,106.309998,104.269997,106.230003,87.821823,3583500
2015-01-23,106.110001,106.279999,105.68,105.75,87.424988,4571900
2015-01-26,105.75,106.220001,105.199997,106.190002,87.788757,4106500
2015-01-27,105.370003,105.610001,104.360001,104.949997,86.76358,2709300
2015-01-28,105.639999,105.720001,103.410004,103.529999,85.589691,2830400
2015-01-29,103.699997,104.620003,102.82,104.519997,86.408134,2607200
2015-01-30,103.669998,104.510002,102.949997,103.099998,85.2342,4486900
2015-02-02,103.489998,104.330002,102.25,104.260002,86.193184,4083200
2015-02-03,104.900002,105.870003,104.709999,105.860001,87.515938,3322000
2015-02-04,105.440002,106.139999,105.239998,105.489998,87.210037,3141700
2015-02-05,105.940002,106.720001,105.839996,106.650002,88.169014,3163500
2015-02-06,106.879997,107.18,106.019997,106.330002,87.904488,2844500
2015-02-09,105.989998,106.349998,105.589996,105.800003,87.466339,1773800
2015-02-10,106.5,107.040001,105.839996,106.879997,88.359177,1866300
2015-02-11,106.669998,107.190002,106.370003,106.93,88.40049,2184600
2015-02-12,107.470001,107.989998,107.269997,107.959999,89.252037,4443400
2015-02-13,108,108.480003,107.919998,108.470001,89.673645,3147700
2015-02-17,108.370003,108.760002,108.129997,108.639999,89.814171,4147000
2015-02-18,108.419998,108.75,108.269997,108.699997,89.8638,2542600
2015-02-19,108.389999,108.879997,108.260002,108.669998,89.839005,2349000
2015-02-20,108.470001,109.32,108.010002,109.279999,90.343307,2402600
2015-02-23,109.169998,109.269997,108.860001,109.269997,90.335014,3034000
2015-02-24,109.279999,109.629997,109.040001,109.519997,90.541687,2856500
2015-02-25,109.489998,109.779999,109.260002,109.480003,90.508621,2652100
2015-02-26,109.449997,109.529999,109.019997,109.410004,90.45076,1742000
2015-02-27,109.349998,109.480003,108.970001,109.019997,90.128342,1825400
2015-03-02,109.110001,109.720001,109.019997,109.690002,90.682251,2681100
2015-03-03,109.470001,109.610001,108.739998,109.239998,90.310234,2615700
2015-03-04,108.900002,108.959999,108.199997,108.800003,89.946472,1949900
2015-03-05,109.029999,109.099998,108.629997,108.970001,90.086998,1752500
2015-03-06,108.470001,108.660004,107.239998,107.459999,88.838676,2799000
2015-03-09,107.599998,108.050003,107.519997,107.860001,89.169365,1827900
2015-03-10,107,107.099998,106.209999,106.220001,87.81356,3543800
2015-03-11,106.43,106.489998,105.980003,106.139999,87.747406,3071300
2015-03-12,106.470001,107.510002,106.419998,107.470001,88.846947,3907600
2015-03-13,107.370003,107.400002,106.169998,106.870003,88.350922,2073000
2015-03-16,107.360001,108.230003,107.260002,108.209999,89.458702,2706600
2015-03-17,107.800003,108.190002,107.470001,108,89.285072,1754000
2015-03-18,107.68,109.629997,107.349998,109.239998,90.310234,3662900
2015-03-19,109.029999,109.199997,108.57,108.849998,89.987801,3901300
2015-03-20,109.489998,110.019997,109.370003,109.760002,90.740089,1741100
2015-03-23,109.720001,110.089996,109.57,109.57,90.583031,2084200
2015-03-24,109.540001,109.739998,108.940002,108.989998,90.103523,3398600
2015-03-25,108.639999,108.75,106.790001,106.790001,88.698181,2817000
2015-03-26,106.389999,107.120003,105.980003,106.580002,88.523773,3164500
2015-03-27,106.599998,106.970001,106.419998,106.870003,88.764656,3298000
2015-03-30,107.589996,108.389999,107.519997,108.230003,89.894234,1885800
2015-03-31,107.730003,108.669998,107,107.25,89.080269,2077100
2015-04-01,107.339996,107.410004,106.389999,107.050003,88.914124,11026400
2015-04-02,107.029999,107.699997,106.849998,107.389999,89.196541,2041200
2015-04-06,107.269997,108.410004,106.790001,108.129997,89.81115,2186600
2015-04-07,108.129997,108.540001,107.769997,107.769997,89.512184,1983900
2015-04-08,108,108.43,107.720001,108.230003,89.894234,2454300
2015-04-09,108.199997,108.709999,107.739998,108.610001,90.209862,2214200
2015-04-10,108.870003,109.150002,108.639999,109.120003,90.633461,2406100
2015-04-13,109.040001,109.43,108.660004,108.690002,90.276321,3524800
2015-04-14,108.660004,108.980003,108.160004,108.849998,90.40918,1460800
2015-04-15,109.239998,109.690002,109.080002,109.400002,90.866013,1512400
2015-04-16,109.230003,109.629997,109.059998,109.349998,90.824471,1490200
2015-04-17,108.699997,108.800003,107.610001,108.080002,89.769638,2657000
2015-04-20,108.669998,109.18,108.620003,108.959999,90.500542,2005000
2015-04-21,109.449997,109.519997,108.75,108.93,90.475639,3909900
2015-04-22,109.080002,109.5,108.529999,109.389999,90.857727,1469300
2015-04-23,109.139999,110.080002,109.099998,109.730003,91.140114,2340700
2015-04-24,109.919998,110,109.620003,109.849998,91.239754,1775100
2015-04-27,110.190002,110.279999,109.169998,109.279999,90.766373,1827800
2015-04-28,109.540001,109.650002,108.5,109.57,91.007195,2595000
2015-04-29,109.010002,109.459999,108.629997,109.089996,90.608536,2432000
2015-04-30,108.779999,108.919998,107.470001,107.910004,89.628456,3635900
2015-05-01,108.400002,108.980003,108.230003,108.900002,90.450737,3924700
2015-05-04,109.239998,109.660004,109.120003,109.279999,90.766373,1713300
2015-05-05,109.169998,109.360001,107.879997,107.980003,89.686592,1692700
2015-05-06,108.379997,108.540001,107.010002,107.68,89.437408,3691700
2015-05-07,107.599998,108.370003,107.379997,108.089996,89.777931,2363500
2015-05-08,109.110001,109.589996,109.080002,109.449997,90.907532,1796400
2015-05-11,109.330002,109.589996,108.93,108.989998,90.525467,1656900
2015-05-12,108.480003,109.010002,107.93,108.669998,90.259712,1657500
2015-05-13,108.970001,109.300003,108.580002,108.730003,90.309494,2424500
2015-05-14,109.330002,109.849998,109.099998,109.809998,91.206573,1579200
2015-05-15,109.879997,109.989998,109.599998,109.940002,91.314537,1862700
2015-05-18,109.809998,110.5,109.75,110.349998,91.655083,2769100
2015-05-19,110.379997,110.559998,110.120003,110.300003,91.613602,2845000
2015-05-20,110.339996,110.68,110.029999,110.230003,91.555382,2478400
2015-05-21,110.18,110.660004,110.07,110.510002,91.787956,1476400
2015-05-22,110.379997,110.550003,110.220001,110.300003,91.613602,1187900
2015-05-26,110.019997,110.019997,108.870003,109.150002,90.658379,2226700
2015-05-27,109.449997,110.279999,109.199997,110.150002,91.488953,2562200
2015-05-28,109.970001,110.080002,109.57,110.050003,91.405899,2022400
2015-05-29,109.989998,110.019997,109.18,109.309998,90.791252,1943200
2015-06-01,109.800003,109.959999,109.059998,109.580002,91.015526,2354900
2015-06-02,109.25,109.93,108.949997,109.5,90.949066,1925300
2015-06-03,109.779999,110.220001,109.529999,109.879997,91.264679,1731100
2015-06-04,109.5,109.800003,108.769997,109,90.533798,1845800
2015-06-05,108.910004,109.199997,108.330002,108.910004,90.459045,3342700
2015-06-08,108.879997,108.959999,108.18,108.239998,89.902542,2990700
2015-06-09,108.25,108.480003,107.730003,108.150002,89.827797,2976500
2015-06-10,108.699997,109.660004,108.589996,109.470001,90.924187,1592600
2015-06-11,109.709999,110.010002,109.580002,109.779999,91.181648,1850500
2015-06-12,109.279999,109.5,108.879997,109.059998,90.583611,1490900
2015-06-15,108.279999,108.760002,107.870003,108.559998,90.168312,2865500
2015-06-16,108.449997,109.25,108.400002,109.160004,90.666664,2604800
2015-06-17,109.330002,109.690002,108.739998,109.339996,90.816162,1911700
2015-06-18,109.580002,110.760002,109.580002,110.419998,91.713226,2496300
2015-06-19,110.389999,110.419998,109.860001,109.940002,91.314537,1735900
2015-06-22,110.68,110.900002,110.449997,110.610001,91.871017,1864800
2015-06-23,110.730003,110.849998,110.459999,110.720001,91.962402,3080400
2015-06-24,110.559998,110.709999,109.860001,109.879997,91.264679,4931200
2015-06-25,110.199997,110.239998,109.449997,109.540001,90.982307,2110800
2015-06-26,109.290001,109.389999,108.650002,109.010002,90.930573,1503900
2015-06-29,108.029999,108.5,106.650002,106.730003,89.028717,3642700
2015-06-30,107.620003,107.650002,106.68,107.019997,89.270599,3394000
2015-07-01,108.019997,108.110001,107.279999,107.720001,89.85453,12016300
2015-07-02,108.050003,108.199997,107.349998,107.580002,89.737724,3140000
2015-07-06,106.989998,107.790001,106.620003,107.300003,89.504204,2570800
2015-07-07,107.440002,108,105.93,107.889999,89.996338,3329600
2015-07-08,107.099998,107.279999,105.910004,106.089996,88.494873,2938900
2015-07-09,107.150002,107.690002,106.269997,106.309998,88.678375,3064800
2015-07-10,107.580002,107.839996,107.099998,107.599998,89.754448,3432400
2015-07-13,108.580002,108.889999,108.379997,108.82,90.772125,2835300
2015-07-14,108.800003,109.5,108.589996,109.309998,91.180824,2292500
2015-07-15,109.370003,109.559998,108.910004,109.169998,91.064064,2555700
2015-07-16,109.849998,109.949997,109.650002,109.93,91.698006,1314000
2015-07-17,109.989998,110,109.650002,109.959999,91.723038,1295400
2015-07-20,110.050003,110.209999,109.779999,109.970001,91.731369,1339000
2015-07-21,109.879997,110.040001,109.300003,109.489998,91.330956,1661000
2015-07-22,109.099998,109.5,109,109.330002,91.197533,1852400
2015-07-23,109.470001,109.529999,108.519997,108.699997,90.671997,1569500
2015-07-24,108.75,108.830002,107.389999,107.559998,89.721046,2073500
2015-07-27,107.059998,107.459999,106.599998,106.849998,89.128792,2958400
2015-07-28,107.160004,108.230003,106.779999,108.120003,90.188179,2198600
2015-07-29,108.18,108.980003,108.059998,108.860001,90.805473,1624200
2015-07-30,108.57,109.040001,108.169998,108.949997,90.880531,1390400
2015-07-31,109.309998,109.339996,108.699997,108.839996,90.788773,2422700
2015-08-03,108.989998,108.989998,107.889999,108.449997,90.463425,2654600
2015-08-04,108.449997,108.75,108,108.269997,90.313309,1600000
2015-08-05,108.839996,109.339996,108.459999,108.629997,90.613594,1253600
2015-08-06,108.919998,108.919998,107.239998,107.739998,89.871208,1969500
2015-08-07,107.620003,107.699997,106.889999,107.43,89.61261,3295100
2015-08-10,108.080002,108.849998,108.050003,108.769997,90.730392,1981300
2015-08-11,108,108.230003,107.370003,107.790001,89.91291,1833100
2015-08-12,107.010002,108.029999,106.089996,107.900002,90.004692,2611300
2015-08-13,107.910004,108.239998,107.440002,107.75,89.879547,3545400
2015-08-14,107.699997,108.230003,107.540001,108.160004,90.22155,1154500
2015-08-17,107.889999,108.860001,107.510002,108.849998,90.797096,1739100
2015-08-18,108.779999,108.889999,108.370003,108.57,90.56356,2695000
2015-08-19,108.050003,108.449997,107.080002,107.599998,89.754448,2183200
2015-08-20,106.800003,107,105.25,105.260002,87.802536,4377900
2015-08-21,104.32,104.739998,102.18,102.230003,85.275055,9877600
2015-08-24,96.400002,101.269997,93,98.120003,81.84671,18137000
2015-08-25,101.410004,101.720001,96.870003,96.949997,80.870743,9215900
2015-08-26,99.989998,100.580002,97.389999,100.470001,83.806969,8299100
2015-08-27,101.970001,103.050003,100.919998,102.900002,85.833939,8779300
2015-08-28,102.589996,103.32,102.370003,102.980003,85.900681,5165600
2015-08-31,102.529999,103.010002,101.949997,102.209999,85.258362,4526300
2015-09-01,99.949997,100.830002,98.75,99.209999,82.755943,9264700
2015-09-02,100.779999,101.080002,99.550003,101.080002,84.315804,7681000
2015-09-03,101.580002,102.440002,100.900002,101.199997,84.415878,5151300
2015-09-04,99.919998,100.410004,99.260002,99.760002,83.214699,4317800
2015-09-08,101.589996,102.32,101.059998,102.279999,85.316757,3342000
2015-09-09,103.239998,103.400002,100.690002,100.879997,84.148933,3691200
2015-09-10,100.879997,102.07,100.629997,101.400002,84.582695,3696000
2015-09-11,101.040001,101.879997,100.699997,101.860001,84.966415,2007900
2015-09-14,101.910004,101.910004,101.199997,101.470001,84.641121,3711100
2015-09-15,101.809998,102.970001,101.529999,102.75,85.708794,2388300
2015-09-16,102.870003,103.730003,102.699997,103.620003,86.434532,2447500
2015-09-17,103.639999,105.019997,103.239998,103.480003,86.317726,4726600
2015-09-18,102.050003,102.889999,101.589996,101.839996,84.949745,3271800
2015-09-21,102.419998,103.019997,101.669998,102.25,85.291733,2680300
2015-09-22,101,101.239998,100.209999,100.879997,84.148933,3034000
2015-09-23,101.040001,101.279999,100.339996,100.68,83.982124,1788900
2015-09-24,100.019997,100.529999,99.099998,100.32,83.681831,3723400
2015-09-25,100.760002,100.870003,99.07,99.610001,83.512474,4937800
2015-09-28,99.059998,99.129997,96.800003,96.940002,81.273987,5606400
2015-09-29,97.230003,97.839996,96.370003,96.919998,81.257187,4548600
2015-09-30,98.110001,98.790001,97.550003,98.720001,82.766296,3747800
2015-10-01,98.959999,99.120003,97.709999,98.919998,82.93396,3808800
2015-10-02,97.959999,100.370003,97.379997,100.360001,84.141289,3654500
2015-10-05,101.099998,102.360001,101.040001,102.209999,85.692261,3405800
2015-10-06,102.209999,102.459999,101.379997,101.879997,85.415619,2463100
2015-10-07,102.440002,102.879997,101.699997,102.800003,86.186951,2583900
2015-10-08,102.529999,103.879997,102.379997,103.690002,86.933105,2521000
2015-10-09,103.800003,104.059998,103.43,103.830002,87.050522,1649500
2015-10-12,103.849998,103.949997,103.510002,103.849998,87.067261,1680100
2015-10-13,103.290001,104.169998,102.989998,103.089996,86.430061,2221000
2015-10-14,103.050003,103.440002,102.379997,102.559998,85.985741,1902900
2015-10-15,102.919998,104.120003,102.629997,104.110001,87.285233,2218200
2015-10-16,104.370003,104.540001,103.849998,104.510002,87.620598,1902100
2015-10-19,104.300003,104.669998,103.970001,104.629997,87.721214,1457900
2015-10-20,104.389999,104.910004,104.190002,104.510002,87.620598,1806000
2015-10-21,104.709999,104.860001,103.589996,103.690002,86.933105,1777800
2015-10-22,104.279999,105.43,104.120003,105.209999,88.207481,1979200
2015-10-23,106.129997,106.470001,105.669998,106.309998,89.129723,2404300
2015-10-26,106.260002,106.300003,105.849998,106.059998,88.92012,3078300
2015-10-27,105.830002,105.940002,105.260002,105.709999,88.626663,1686000
2015-10-28,105.940002,107.120003,105.620003,107.099998,89.792023,2421700
2015-10-29,106.720001,107.18,106.68,106.940002,89.657913,2666900
2015-10-30,107.139999,107.279999,106.5,106.529999,89.314148,2203200
2015-11-02,106.779999,108,106.68,107.93,90.487915,3396400
2015-11-03,107.709999,108.57,107.550003,108.199997,90.714287,3100800
2015-11-04,108.510002,108.529999,107.57,107.940002,90.4963,2893600
2015-11-05,108.040001,108.230003,107.209999,107.82,90.395691,2144000
2015-11-06,107.57,107.849998,106.919998,107.839996,90.41246,2078900
2015-11-09,107.900002,107.900002,106.199997,106.760002,89.506989,2620800
2015-11-10,106.459999,107.040001,106.290001,107,89.708199,1605400
2015-11-11,107.269997,107.269997,106.529999,106.540001,89.322533,1342200
2015-11-12,105.970001,106.160004,104.949997,104.949997,87.98951,3110400
2015-11-13,104.760002,104.879997,103.809998,103.839996,87.058868,3003700
2015-11-16,103.800003,105.360001,103.690002,105.349998,88.324852,2635400
2015-11-17,105.510002,106.089996,104.970001,105.220001,88.215874,2243300
2015-11-18,105.580002,107,105.540001,106.900002,89.624374,2106100
2015-11-19,106.910004,107.080002,106.620003,106.760002,89.506989,1623400
2015-11-20,107.230003,107.599998,106.980003,107.220001,89.892632,1563500
2015-11-23,107.230003,107.589996,106.879997,107.110001,89.800423,3145000
2015-11-24,106.57,107.589996,106.309998,107.389999,90.035194,2032600
2015-11-25,107.510002,107.660004,107.25,107.470001,90.102264,1820300
2015-11-27,107.589996,107.760002,107.220001,107.629997,90.236382,552400
2015-11-30,107.779999,107.849998,107.110001,107.169998,89.850739,3618100
2015-12-01,107.589996,108.209999,107.370003,108.18,90.697487,2443600
2015-12-02,108.099998,108.269997,106.879997,107.050003,89.750107,2937200
2015-12-03,107.290001,107.480003,105.059998,105.449997,88.408684,3345600
2015-12-04,105.809998,107.540001,105.620003,107.389999,90.035194,4520000
2015-12-07,107.230003,107.269997,106.059998,106.550003,89.33094,3000500
2015-12-08,105.940002,106.400002,105.269997,105.910004,88.794357,3149600
2015-12-09,105.550003,106.75,104.480003,105,88.031395,4179800
2015-12-10,105.18,106.059998,104.919998,105.309998,88.291321,3684900
2015-12-11,104.169998,104.43,103.07,103.239998,86.555847,5100700
2015-12-14,103.360001,103.720001,102.18,103.610001,86.866035,7237800
2015-12-15,104.440002,105.190002,104.360001,104.720001,87.796654,2918000
2015-12-16,105.459999,106.419998,104.699997,106.239998,89.071053,5972400
2015-12-17,106.440002,106.470001,104.68,104.68,87.76313,4939900
2015-12-18,104.169998,104.360001,102.900002,102.900002,86.270805,4207700
2015-12-21,103.190002,103.279999,102.370003,103.129997,86.956306,3240700
2015-12-22,103.650002,104.260002,103.040001,104.059998,87.740433,2876600
2015-12-23,104.629997,105.400002,104.510002,105.360001,88.836571,3342300
2015-12-24,105.220001,105.599998,105.080002,105.230003,88.726959,1460500
2015-12-28,104.879997,105,104.32,105,88.533005,3479600
2015-12-29,105.690002,106.239998,105.540001,106.120003,89.477394,2508300
2015-12-30,105.959999,106,105.25,105.32,88.802856,2405900
2015-12-31,104.93,105.32,104.300003,104.300003,87.942825,3652200
2016-01-04,102.580002,102.949997,101.580002,102.739998,86.627434,6138300
2016-01-05,102.900002,103.18,102.300003,102.970001,86.821388,3652300
2016-01-06,101.529999,102.230003,100.949997,101.589996,85.657799,3732800
2016-01-07,99.900002,100.800003,98.870003,99.099998,83.558304,9256200
2016-01-08,99.610001,99.989998,97.779999,97.970001,82.605515,7015800
2016-01-11,98.550003,98.669998,96.779999,97.910004,82.554947,6863800
2016-01-12,98.800003,99.169998,97.279999,98.580002,83.119865,4457300
2016-01-13,99,99.199997,95.779999,96.040001,80.978203,6163000
2016-01-14,96.360001,98.18,95.330002,97.510002,82.217682,5085100
2016-01-15,95.050003,95.879997,94.220001,95.459999,80.489174,8101700
2016-01-19,96.57,96.669998,94.5,95.360001,80.404861,7435700
2016-01-20,94,95.269997,91.790001,94.419998,79.612236,13844900
2016-01-21,94.699997,95.959999,93.82,94.790001,79.92424,7169500
2016-01-22,96.330002,96.889999,95.949997,96.809998,81.627449,3701500
2016-01-25,96.639999,96.650002,95.110001,95.220001,80.286797,4470500
2016-01-26,95.599998,96.82,95.440002,96.669998,81.509384,3333400
2016-01-27,96.400002,97.32,95.050003,95.57,80.581917,5202400
2016-01-28,96.559998,96.660004,95.050003,95.949997,80.902321,4540700
2016-01-29,96.449997,98.360001,96.349998,98.330002,82.909081,5005400
2016-02-01,97.75,98.809998,97.370003,98.349998,82.925888,3868900
2016-02-02,97.5,97.550003,96.160004,96.449997,81.323891,3279600
2016-02-03,97.089996,97.290001,94.889999,97.029999,81.812935,5457300
2016-02-04,96.790001,97.919998,96.470001,97.260002,82.006859,3431800
2016-02-05,96.940002,97,94.949997,95.260002,80.320564,3993600
2016-02-08,94.199997,94.379997,92.5,93.779999,79.072632,6303900
2016-02-09,92.839996,94.470001,92.699997,93.660004,78.971451,4793900
2016-02-10,94.190002,95.269997,93.620003,93.720001,79.022049,3580000
2016-02-11,92.389999,93.059998,91.580002,92.559998,78.043976,7239700
2016-02-12,93.470001,94.379997,93.010002,94.360001,79.561691,2948100
2016-02-16,95.620003,96.089996,94.959999,96.080002,81.011925,3577700
2016-02-17,96.769997,97.93,96.589996,97.669998,82.35257,3635000
2016-02-18,97.900002,97.919998,97.089996,97.279999,82.023727,2432100
2016-02-19,96.849998,97.360001,96.43,97.300003,82.040596,2243700
2016-02-22,98.239998,98.800003,98.110001,98.720001,83.237892,2235400
2016-02-23,98.379997,98.519997,97.470001,97.529999,82.234543,3203900
2016-02-24,96.580002,98.139999,95.989998,98.029999,82.656097,3253400
2016-02-25,98.269997,99.190002,97.82,99.190002,83.634193,4961900
2016-02-26,99.669998,99.760002,98.959999,99.110001,83.566742,3194300
2016-02-29,99.120003,99.690002,98.32,98.32,82.900635,2749400
2016-03-01,99.129997,100.68,98.839996,100.660004,84.873672,2955700
2016-03-02,100.519997,101.239998,100.260002,101.220001,85.345825,3591400
2016-03-03,101.129997,101.75,100.849998,101.720001,85.767418,2703100
2016-03-04,101.889999,102.599998,101.400002,102.07,86.062538,2442100
2016-03-07,101.650002,102.559998,101.559998,102.279999,86.239578,2963900
2016-03-08,101.730003,101.800003,100.910004,101.010002,85.168762,3436900
2016-03-09,101.5,101.699997,100.980003,101.5,85.581917,2131700
2016-03-10,101.800003,102.300003,100.400002,101.470001,85.556656,3702000
2016-03-11,102.370003,103.239998,102.330002,103.190002,87.006874,3253500
2016-03-14,102.879997,103.32,102.690002,103.07,86.905693,2987100
2016-03-15,102,102.260002,101.760002,102.239998,86.609207,2992400
2016-03-16,101.989998,103.089996,101.910004,102.879997,87.151367,3473600
2016-03-17,102.870003,103.919998,102.599998,103.669998,87.820557,3472500
2016-03-18,103.949997,104.279999,103.800003,104.129997,88.210258,2942300
2016-03-21,103.980003,104.360001,103.800003,104.230003,88.294991,2539300
2016-03-22,103.75,104.519997,103.610001,104.199997,88.269554,1962600
2016-03-23,104.040001,104.040001,103.279999,103.349998,87.549515,6087100
2016-03-24,102.760002,103.330002,102.529999,103.32,87.524094,2173000
2016-03-28,103.580002,103.709999,103.07,103.389999,87.583405,2103400
2016-03-29,103.190002,104.550003,102.959999,104.540001,88.557579,2925100
2016-03-30,105.040001,105.389999,104.730003,104.940002,88.896393,2258800
2016-03-31,104.970001,105.220001,104.699997,104.82,88.794769,2230100
2016-04-01,104.300003,105.57,103.949997,105.480003,89.353867,2996000
2016-04-04,105.489998,105.550003,104.889999,105.040001,88.98114,1847400
2016-04-05,104.309998,104.550003,103.870003,104.019997,88.117073,2572500
2016-04-06,104.089996,105.199997,103.900002,105.160004,89.082787,2572000
2016-04-07,104.5,104.739998,103.440002,103.900002,88.015434,2134800
2016-04-08,104.57,104.900002,103.910004,104.199997,88.269554,2337000
2016-04-11,104.650002,105.050003,103.910004,103.910004,88.023872,2276300
2016-04-12,104.099998,105.099998,103.779999,104.919998,88.879478,2358000
2016-04-13,105.5,106.169998,105.43,106.150002,89.92144,2864500
2016-04-14,106.239998,106.389999,105.900002,106.110001,89.887558,1666900
2016-04-15,106.120003,106.190002,105.870003,106.059998,89.8452,1622600
2016-04-18,105.739998,106.790001,105.610001,106.769997,90.44664,1767100
2016-04-19,107.019997,107.309998,106.610001,107.07,90.700775,2103700
2016-04-20,107.209999,107.639999,106.830002,107.18,90.793945,1958900
2016-04-21,107.260002,107.330002,106.480003,106.650002,90.344994,1675200
2016-04-22,106.510002,106.93,106.239998,106.800003,90.472054,1893600
2016-04-25,106.5,106.589996,106.059998,106.540001,90.251816,2088100
2016-04-26,106.779999,107.050003,106.440002,106.830002,90.497459,1747500
2016-04-27,106.660004,107.330002,106.419998,107.089996,90.717728,2267900
2016-04-28,106.629997,107.300003,105.870003,106.129997,89.904472,4834200
2016-04-29,105.800003,105.959999,104.809998,105.510002,89.379288,3068000
2016-05-02,105.800003,106.400002,105.470001,106.330002,90.073921,2546500
2016-05-03,105.620003,105.68,104.82,105.260002,89.167496,5172600
2016-05-04,104.760002,105.169998,104.370003,104.639999,88.642273,2578800
2016-05-05,104.949997,105.169998,104.370003,104.599998,88.608406,1616700
2016-05-06,104.139999,104.989998,104,104.980003,88.930313,1759600
2016-05-09,104.870003,105.339996,104.769997,105.089996,89.023499,1747300
2016-05-10,105.5,106.400002,105.410004,106.339996,90.08239,2400900
2016-05-11,106.089996,106.290001,105.339996,105.370003,89.260681,1531600
2016-05-12,105.82,105.879997,104.720001,105.330002,89.226791,2470000
2016-05-13,105.080002,105.480003,104.220001,104.419998,88.45594,3754800
2016-05-16,104.580002,105.75,104.410004,105.459999,89.336906,2069600
2016-05-17,105.260002,105.459999,104.160004,104.510002,88.532173,2792200
2016-05-18,104.510002,105.199997,103.82,104.5,88.523674,2797700
2016-05-19,104.080002,104.360001,103.370003,104.089996,88.176376,2616800
2016-05-20,104.540001,105.139999,104.449997,104.889999,88.854057,2005700
2016-05-23,104.919998,105.120003,104.660004,104.760002,88.743942,1662200
2016-05-24,105.220001,106.370003,105.220001,106.160004,89.929909,2409000
2016-05-25,106.510002,107.139999,106.510002,106.93,90.582191,3266500
2016-05-26,107.019997,107.139999,106.730003,106.910004,90.565269,1803600
2016-05-27,106.970001,107.389999,106.949997,107.389999,90.971863,1691400
2016-05-31,107.57,107.690002,106.959999,107.339996,90.92952,2570700
2016-06-01,107,107.699997,106.800003,107.629997,91.175163,2679600
2016-06-02,107.400002,107.989998,107.110001,107.989998,91.480133,2112700
2016-06-03,107.779999,107.870003,106.940002,107.690002,91.226006,2502500
2016-06-06,107.839996,108.459999,107.800003,108.25,91.700363,1782300
2016-06-07,108.389999,108.809998,108.32,108.459999,91.878281,1271500
2016-06-08,108.610001,108.93,108.5,108.839996,92.200195,1286500
2016-06-09,108.449997,108.730003,108.220001,108.620003,92.013832,1743400
2016-06-10,107.779999,107.919998,107.160004,107.5,91.065033,1666400
2016-06-13,107.150002,107.68,106.589996,106.610001,90.311096,2354800
2016-06-14,105.900002,106.330002,105.360001,105.949997,90.148567,2170100
2016-06-15,106.190002,106.599998,105.739998,105.839996,90.055,1841500
2016-06-16,105.300003,106.18,104.699997,106.150002,90.318794,1884300
2016-06-17,106.120003,106.120003,105.389999,105.800003,90.020981,1713000
2016-06-20,106.93,107.389999,106.459999,106.519997,90.633575,2402900
2016-06-21,106.800003,106.989998,106.389999,106.75,90.829277,2248300
2016-06-22,106.800003,107.279999,106.440002,106.510002,90.625076,2002700
2016-06-23,107.419998,108,107.139999,107.980003,91.875839,1622300
2016-06-24,104.120003,105.940002,103.860001,104.050003,88.531967,7370400
2016-06-27,103.220001,103.230003,101.510002,101.980003,86.770683,5213600
2016-06-28,103.080002,103.860001,102.830002,103.849998,88.361786,7569500
2016-06-29,104.68,105.830002,104.650002,105.709999,89.944374,2635700
2016-06-30,106.010002,107.199997,105.620003,107.160004,91.178123,5552300
2016-07-01,107.160004,107.75,107.07,107.370003,91.356827,2938000
2016-07-05,106.940002,107,106.139999,106.57,90.676132,3019900
2016-07-06,106.199997,107.260002,105.879997,107.220001,91.229202,1767700
2016-07-07,107.370003,107.769997,106.75,107.169998,91.186646,1669800
2016-07-08,107.910004,108.989998,107.860001,108.839996,92.607613,2362200
2016-07-11,109.190002,109.620003,109,109.290001,92.990456,3868300
2016-07-12,109.879997,110.400002,109.68,110.199997,93.764748,3222800
2016-07-13,110.43,110.5,109.809998,110.139999,93.713692,1485700
2016-07-14,110.720001,110.989998,110.459999,110.669998,94.164665,1561100
2016-07-15,110.889999,110.970001,110.290001,110.550003,94.062553,1385500
2016-07-18,110.650002,110.93,110.440002,110.860001,94.326324,1359900
2016-07-19,110.620003,110.75,110.400002,110.639999,94.139137,3154100
2016-07-20,110.68,111.330002,110.660004,111.230003,94.641121,1135900
2016-07-21,111.18,111.290001,110.519997,110.790001,94.266747,3393400
2016-07-22,110.900002,111.360001,110.709999,111.32,94.717712,3546700
2016-07-25,111.239998,111.269997,110.690002,111.029999,94.470978,1394200
2016-07-26,111.059998,111.339996,110.629997,111.150002,94.573074,1432300
2016-07-27,111.410004,111.419998,110.559998,111.019997,94.462463,1977500
2016-07-28,110.889999,111.379997,110.660004,111.160004,94.581573,1945800
2016-07-29,111.089996,111.620003,110.82,111.419998,94.802811,1638200
2016-08-01,111.400002,111.669998,111,111.269997,94.675163,2093200
2016-08-02,111.190002,111.230003,109.949997,110.43,93.960457,2473900
2016-08-03,110.389999,110.860001,110.209999,110.839996,94.309273,1353600
2016-08-04,110.849998,111.18,110.690002,110.970001,94.419907,1113600
2016-08-05,111.419998,111.919998,111.32,111.889999,95.202705,1379600
2016-08-08,111.989998,112.120003,111.690002,111.82,95.143135,1238800
2016-08-09,111.940002,112.18,111.75,111.919998,95.228233,1032500
2016-08-10,111.940002,112.050003,111.419998,111.589996,94.947433,1259100
2016-08-11,111.980003,112.260002,111.730003,112.150002,95.423927,1378000
2016-08-12,111.970001,112.169998,111.760002,112.040001,95.330338,1542900
2016-08-15,112.290001,112.639999,112.07,112.449997,95.679199,1442800
2016-08-16,112.230003,112.239998,111.809998,111.809998,95.134628,1228600
2016-08-17,111.839996,112.029999,111.269997,111.949997,95.253761,2791500
2016-08-18,111.919998,112.300003,111.709999,112.300003,95.551544,972100
2016-08-19,112,112.230003,111.730003,112.139999,95.415436,1000600
2016-08-22,112.040001,112.25,111.769997,112.169998,95.440941,1102000
2016-08-23,112.480003,112.779999,112.440002,112.470001,95.696205,3252300
2016-08-24,112.43,112.459999,111.589996,111.839996,95.160172,2267800
2016-08-25,111.699997,112.07,111.550003,111.769997,95.100594,1205200
2016-08-26,111.870003,112.550003,111.050003,111.540001,94.904884,1851100
2016-08-29,111.720001,112.330002,111.699997,112.150002,95.423927,1071200
2016-08-30,112.160004,112.300003,111.660004,111.970001,95.270767,1534600
2016-08-31,111.879997,111.900002,111.199997,111.650002,94.998512,1393700
2016-09-01,111.769997,111.889999,110.970001,111.709999,95.049538,1670900
2016-09-02,112.190002,112.510002,111.919998,112.279999,95.534523,1563200
2016-09-06,112.459999,112.620003,112.019997,112.599998,95.806824,4111700
2016-09-07,112.540001,112.75,112.290001,112.75,95.934456,1590000
2016-09-08,112.57,112.669998,112.260002,112.459999,95.687683,1152400
2016-09-09,111.720001,111.730003,109.650002,109.660004,93.30529,3337400
2016-09-12,109.190002,111.400002,109.050003,111.190002,94.607094,3043500
2016-09-13,109.949997,110.010002,108.57,108.919998,93.127106,5122100
2016-09-14,109.050003,109.709999,108.610001,108.93,93.135651,2041600
2016-09-15,108.860001,110.25,108.739998,110.050003,94.093239,2960400
2016-09-16,109.75,109.769997,109.220001,109.610001,93.717056,2779400
2016-09-19,110.190002,110.5,109.519997,109.769997,93.853867,3430200
2016-09-20,110.290001,110.330002,109.690002,109.720001,93.811073,1603400
2016-09-21,110.110001,111.080002,109.709999,110.980003,94.88842,1971800
2016-09-22,111.629997,111.919998,111.529999,111.790001,95.580956,1525300
2016-09-23,111.589996,111.68,111.110001,111.150002,95.03376,1531900
2016-09-26,110.639999,110.870003,110.209999,110.269997,94.281357,2136700
2016-09-27,110.230003,110.949997,109.989998,110.900002,94.820007,1292400
2016-09-28,111.059998,111.599998,110.459999,111.550003,95.375771,1439800
2016-09-29,111.480003,111.620003,110.169998,110.459999,94.443771,2037100
2016-09-30,110.970001,111.709999,110.75,111.330002,95.187653,1722500
2016-10-03,111.089996,111.230003,110.629997,110.989998,94.896965,2207600
2016-10-04,111.120003,111.220001,110.099998,110.489998,94.469429,2701100
2016-10-05,110.779999,111.220001,110.589996,110.919998,94.83709,2119000
2016-10-06,110.75,111.089996,110.389999,110.959999,94.871292,1067600
2016-10-07,111.150002,111.230003,110.059998,110.540001,94.512192,1770400
2016-10-10,110.540001,111.440002,110.540001,111.139999,95.025192,1135000
2016-10-11,110.940002,110.949997,109.239998,109.660004,93.759796,1996900
2016-10-12,109.779999,110.129997,109.459999,109.790001,93.870964,1849100
2016-10-13,109.010002,109.720001,108.480003,109.400002,93.537491,1986200
2016-10-14,110,110.32,109.360001,109.370003,93.511833,2673900
2016-10-17,109.379997,109.540001,108.940002,109.059998,93.24678,2507700
2016-10-18,109.919998,110.029999,109.5,109.699997,93.793983,1635200
2016-10-19,109.940002,110.25,109.620003,110.050003,94.093239,1408200
2016-10-20,109.900002,110.169998,109.419998,109.839996,93.913696,2017000
2016-10-21,109.410004,109.900002,109.199997,109.800003,93.879494,1234400
2016-10-24,110.389999,110.599998,110.129997,110.349998,94.349724,2004700
2016-10-25,110.25,110.330002,109.790001,109.879997,93.947914,2079100
2016-10-26,109.470001,109.970001,109.260002,109.550003,93.665749,1827200
2016-10-27,110,110,109.080002,109.18,93.349411,1597800
2016-10-28,109.110001,109.559998,108.470001,108.82,93.041573,2868100
2016-10-31,109.050003,109.209999,108.809998,108.889999,93.101425,1913600
2016-11-01,109.099998,109.190002,107.389999,108.080002,92.408875,3169800
2016-11-02,107.870003,108.080002,107.110001,107.330002,91.767654,2957400
2016-11-03,107.419998,107.629997,106.709999,106.860001,91.365791,2096400
2016-11-04,106.889999,107.510002,106.690002,106.790001,91.305923,2805400
2016-11-07,108.410004,109.169998,108.209999,109.150002,93.323746,2527700
2016-11-08,109.010002,109.989998,108.730003,109.620003,93.725594,2074200
2016-11-09,108.769997,111.330002,108.5,110.980003,94.88842,6482000
2016-11-10,111.589996,112.129997,110.480003,111.370003,95.221848,5083500
2016-11-11,111,111.510002,110.690002,111.410004,95.25605,4005200
2016-11-14,111.779999,112.050003,111.290001,111.699997,95.504013,5234000
2016-11-15,112.040001,112.599998,111.760002,112.57,96.247856,6037200
2016-11-16,112.370003,112.529999,112.139999,112.410004,96.111061,7113900
2016-11-17,112.529999,113.040001,112.349998,112.980003,96.598434,1874800
2016-11-18,113.050003,113.120003,112.669998,112.769997,96.418846,2298200
2016-11-21,113.120003,113.629997,112.870003,113.620003,97.145615,2493900
2016-11-22,113.879997,114.040001,113.440002,113.949997,97.42775,2673200
2016-11-23,113.720001,114.120003,113.489998,114.110001,97.564575,1818700
2016-11-25,114.349998,114.550003,114.209999,114.550003,97.940781,889800
2016-11-28,114.32,114.410004,113.800003,113.889999,97.376457,1849800
2016-11-29,113.900002,114.349998,113.68,114.050003,97.51326,1544200
2016-11-30,114.470001,114.550003,113.779999,113.779999,97.282425,4406200
2016-12-01,114.029999,114.029999,113.07,113.309998,96.880547,2601100
2016-12-02,113.339996,113.669998,113.150002,113.309998,96.880547,1755900
2016-12-05,113.900002,114.370003,113.769997,114.099998,97.55603,3842900
2016-12-06,114.339996,114.709999,114.019997,114.68,98.051918,2357100
2016-12-07,114.629997,116.190002,114.510002,116.099998,99.266029,4000000
2016-12-08,116.18,116.849998,115.970001,116.519997,99.625107,2679400
2016-12-09,116.769997,117.150002,116.620003,117.150002,100.16378,2310200
2016-12-12,117.120003,117.349998,116.589996,116.849998,99.90728,4224500
2016-12-13,117.300003,117.790001,117.129997,117.529999,100.488701,4393900
2016-12-14,117.480003,117.730003,116.230003,116.470001,99.582382,3885400
2016-12-15,116.559998,117.529999,116.5,116.949997,99.992752,3343100
2016-12-16,117.269997,117.379997,116.589996,116.769997,99.838882,1991600
2016-12-19,116.959999,117.32,116.800003,117.099998,100.121025,2405700
2016-12-20,116.879997,116.93,116.599998,116.870003,100.54863,2942400
2016-12-21,116.870003,116.919998,116.540001,116.540001,100.264687,2248600
2016-12-22,116.419998,116.510002,115.980003,116.239998,100.006584,3105800
2016-12-23,116.230003,116.419998,116.129997,116.419998,100.161461,2325800
2016-12-27,116.57,116.989998,116.5,116.709999,100.41095,3386800
2016-12-28,116.879997,116.93,115.660004,115.739998,99.576424,2591000
2016-12-29,115.739998,116.029999,115.470001,115.75,99.585045,1622700
2016-12-30,116,116,114.959999,115.32,99.215073,2909900
2017-01-03,116.150002,116.550003,115.489998,116.199997,99.972198,2731600
2017-01-04,116.470001,117.190002,116.419998,117.089996,100.737862,3228700
2017-01-05,116.949997,117.089996,116.400002,116.860001,100.540001,2604000
2017-01-06,117.019997,117.519997,116.639999,117.230003,100.858353,2317600
2017-01-09,117.099998,117.139999,116.739998,116.779999,100.471161,2461400
2017-01-10,116.760002,117.360001,116.620003,116.870003,100.54863,2055300
2017-01-11,116.910004,117.239998,116.489998,117.239998,100.866936,2751800
2017-01-12,117.040001,117.040001,116.010002,116.93,100.600227,2342300
2017-01-13,116.989998,117.400002,116.980003,117.220001,100.849754,2031800
2017-01-17,116.860001,117.059998,116.470001,116.699997,100.402359,2583600
2017-01-18,116.800003,117,116.480003,116.970001,100.634674,1901700
2017-01-19,117.029999,117.139999,116.239998,116.510002,100.238876,1899300
2017-01-20,116.839996,117.230003,116.589996,116.910004,100.583031,2636100
2017-01-23,116.75,116.970001,116.169998,116.599998,100.316338,1938900
2017-01-24,116.82,117.739998,116.739998,117.510002,101.09922,2165400
2017-01-25,118.019997,118.559998,117.940002,118.519997,101.968185,2427800
2017-01-26,118.559998,118.620003,118.230003,118.349998,101.821922,2178500
2017-01-27,118.449997,118.480003,118.019997,118.160004,101.65847,1479500
2017-01-30,117.730003,117.800003,116.68,117.360001,100.970184,3006100
2017-01-31,117,117.459999,116.730003,117.459999,101.056198,3309700
2017-02-01,117.860001,118.040001,117.07,117.449997,101.04763,2614500
2017-02-02,117.209999,117.720001,117.019997,117.529999,101.116447,1745200
2017-02-03,117.989998,118.519997,117.919998,118.419998,101.882149,1837600
2017-02-06,118.260002,118.410004,117.940002,118.139999,101.641251,1598800
2017-02-07,118.43,118.529999,117.959999,118.129997,101.63266,3365700
2017-02-08,118.129997,118.32,117.690002,118.260002,101.744492,1836000
2017-02-09,118.260002,119.209999,118.260002,119.040001,102.415565,1635300
2017-02-10,119.290001,119.699997,119.209999,119.540001,102.845734,1837800
2017-02-13,119.919998,120.330002,119.870003,120.139999,103.361946,1985500
2017-02-14,120.099998,120.629997,119.849998,120.580002,103.740501,2051200
2017-02-15,120.57,121.349998,120.449997,121.239998,104.308327,1998200
2017-02-16,121.25,121.370003,120.639999,121.129997,104.213676,2034600
2017-02-17,120.660004,121.309998,120.660004,121.309998,104.36853,1948400
2017-02-21,121.550003,122.129997,121.389999,122.029999,104.987999,2422800
2017-02-22,121.82,122.029999,121.68,121.870003,104.850342,1974000
2017-02-23,122.209999,122.230003,121.32,121.779999,104.772903,2024900
2017-02-24,121.379997,121.989998,121.239998,121.980003,104.944954,2962900
2017-02-27,121.919998,122.360001,121.739998,122.25,105.177261,2625100
2017-02-28,122.18,122.18,121.610001,121.800003,104.790131,2231800
2017-03-01,122.809998,123.730003,122.650002,123.440002,106.201096,2874400
2017-03-02,123.419998,123.419998,122.610001,122.650002,105.521439,2421400
2017-03-03,122.629997,122.800003,122.330002,122.75,105.60746,1651200
2017-03-06,122.480003,122.480003,121.900002,122.269997,105.194466,1716200
2017-03-07,122.209999,122.290001,121.75,121.879997,104.858925,1612500
2017-03-08,121.989998,122.18,121.470001,121.540001,104.566444,2374200
2017-03-09,121.599998,121.889999,121.019997,121.599998,104.618034,3852800
2017-03-10,122.190002,122.25,121.459999,122.040001,104.99662,2987300
2017-03-13,122.059998,122.160004,121.860001,122.129997,105.074013,2003900
2017-03-14,121.870003,121.870003,121.239998,121.690002,104.695465,2269500
2017-03-15,121.980003,123.040001,121.889999,122.790001,105.641876,1892200
2017-03-16,122.959999,123,122.43,122.639999,105.512817,2050100
2017-03-17,122.839996,122.879997,122.449997,122.57,105.452606,1974000
2017-03-20,122.510002,122.620003,122.07,122.279999,105.203087,3239900
2017-03-21,122.690002,122.720001,120.440002,120.57,103.731911,3355100
2017-03-22,120.480003,120.910004,120.099998,120.730003,103.869553,2896300
2017-03-23,120.660004,121.389999,120.470001,120.690002,103.835136,2257100
2017-03-24,120.419998,120.739998,119.660004,120.160004,103.84552,2305400
2017-03-27,119.18,120.190002,118.889999,120.019997,103.724495,2927700
2017-03-28,119.959999,121.139999,119.779999,120.860001,104.450485,2699200
2017-03-29,120.879997,121.230003,120.580002,121.080002,104.64061,3196500
2017-03-30,121.139999,121.620003,120.989998,121.529999,105.029503,2076900
2017-03-31,121.419998,121.720001,121.260002,121.32,104.848015,1815900
2017-04-03,121.449997,121.5,120.330002,121.019997,104.588753,3103100
2017-04-04,120.889999,121.110001,120.639999,121.080002,104.64061,2462600
2017-04-05,121.489998,122.019997,120.440002,120.589996,104.217125,3905800
2017-04-06,120.690002,121.260002,120.379997,120.970001,104.545525,2056100
2017-04-07,120.839996,121.290001,120.589996,120.879997,104.467773,1997000
2017-04-10,121.040001,121.510002,120.699997,121.029999,104.597374,1669500
2017-04-11,120.870003,121,120.059998,120.989998,104.562836,2895500
2017-04-12,120.879997,120.989998,120.230003,120.370003,104.026993,1967200
2017-04-13,120.150002,120.559998,119.550003,119.550003,103.318306,2852200
2017-04-17,119.879997,120.610001,119.68,120.589996,104.217125,3198700
2017-04-18,120.199997,120.57,119.849998,120.330002,103.992455,1865800
2017-04-19,120.720001,120.919998,120.080002,120.230003,103.906013,1806900
2017-04-20,120.589996,121.43,120.370003,121.220001,104.761589,1783400
2017-04-21,121.209999,121.209999,120.610001,120.830002,104.424538,2006500
2017-04-24,122.169998,122.279999,121.879997,122.110001,105.530762,2178800
2017-04-25,122.559998,123.089996,122.519997,122.870003,106.187569,2145200
2017-04-26,122.900002,123.449997,122.849998,122.900002,106.213509,3080100
2017-04-27,123.120003,123.209999,122.690002,123.019997,106.317215,1868200
2017-04-28,123.160004,123.209999,122.550003,122.610001,105.962868,1795800
2017-05-01,122.93,123.190002,122.620003,122.93,106.239426,1983100
2017-05-02,123.089996,123.25,122.699997,122.93,106.239426,1756900
2017-05-03,122.589996,122.779999,122.279999,122.629997,105.980148,3691000
2017-05-04,122.830002,122.830002,122.160004,122.720001,106.057915,1564300
2017-05-05,122.949997,123.330002,122.68,123.330002,106.585098,2057700
2017-05-08,123.360001,123.449997,122.900002,123.139999,106.420914,2150900
2017-05-09,123.360001,123.43,122.849998,123.099998,106.386337,1846200
2017-05-10,123.089996,123.379997,122.93,123.370003,106.619675,1468500
2017-05-11,123.019997,123.129997,122.330002,123.010002,106.308548,1499600
2017-05-12,122.910004,122.910004,122.599998,122.769997,106.101135,1235300
2017-05-15,123.07,123.589996,123.040001,123.43,106.671516,3097000
2017-05-16,123.629997,123.650002,123.07,123.360001,106.611031,2128400
2017-05-17,122.309998,122.559998,121.07,121.139999,104.692459,3703500
2017-05-18,120.940002,122.019997,120.849998,121.5,105.003586,2883400
2017-05-19,121.910004,122.769997,121.82,122.370003,105.75547,2144200
2017-05-22,122.669998,123.099998,122.639999,123.019997,106.317215,1810100
2017-05-23,123.25,123.389999,122.949997,123.230003,106.498688,1796600
2017-05-24,123.440002,123.660004,123.230003,123.589996,106.809807,1552200
2017-05-25,123.900002,124.269997,123.790001,124.110001,107.259224,1492300
2017-05-26,124,124.150002,123.93,124.089996,107.24192,1320800
2017-05-30,123.870003,124.059998,123.709999,123.889999,107.069084,1348300
2017-05-31,124.010002,124.089996,123.309998,123.849998,107.0345,2043800
2017-06-01,124.169998,125,123.959999,125,108.028366,1926700
2017-06-02,125.089996,125.580002,124.870003,125.410004,108.382706,2839300
2017-06-05,125.419998,125.5,125.220001,125.25,108.244408,1494200
2017-06-06,124.959999,125.290001,124.779999,124.93,107.967865,2985200
2017-06-07,125.120003,125.239998,124.68,125.07,108.088875,1253300
2017-06-08,125.120003,125.529999,124.879997,125.290001,108.278992,1826700
2017-06-09,125.480003,126.019997,124.449997,125.190002,108.192581,2585600
2017-06-12,125.059998,125.199997,124.629997,125.169998,108.175293,1973500
2017-06-13,125.519997,125.839996,125.32,125.790001,108.711113,1567400
2017-06-14,126,126.019997,125.099998,125.610001,108.55555,2584300
2017-06-15,124.769997,125.349998,124.629997,125.330002,108.313583,2483500
2017-06-16,125.419998,125.529999,124.739998,125.25,108.244408,2018000
2017-06-19,125.669998,126.349998,125.669998,126.269997,109.125938,1816100
2017-06-20,126.160004,126.169998,125.400002,125.410004,108.382706,1359500
2017-06-21,125.110001,125.199997,124.510002,124.690002,108.256813,3364600
2017-06-22,124.779999,125.080002,124.589996,124.739998,108.300209,1639300
2017-06-23,124.809998,125.190002,124.580002,125.050003,108.569366,1829300
2017-06-26,125.449997,125.690002,124.949997,125.139999,108.647514,2605600
2017-06-27,125.089996,125.230003,124.099998,124.110001,107.753273,2386300
2017-06-28,124.769997,125.410004,124.589996,125.279999,108.769073,2444400
2017-06-29,125.459999,125.480003,123.480003,124.279999,107.900826,2354500
2017-06-30,124.760002,124.900002,124.300003,124.449997,108.048454,1910000
2017-07-03,124.989998,125.300003,124.75,124.75,108.308914,1645700
2017-07-05,124.980003,125.019997,124.389999,124.889999,108.43045,2167500
2017-07-06,124.440002,124.550003,123.559998,123.660004,107.362556,1881800
2017-07-07,123.959999,124.620003,123.900002,124.519997,108.109207,1709700
2017-07-10,124.5,124.830002,124.360001,124.610001,108.187347,1404700
2017-07-11,124.529999,124.730003,123.830002,124.580002,108.161293,1560200
2017-07-12,125.199997,125.629997,125.099998,125.470001,108.934029,1993100
2017-07-13,125.559998,125.760002,125.309998,125.669998,109.107635,1514100
2017-07-14,125.769997,126.5,125.650002,126.230003,109.593864,1410900
2017-07-17,126.279999,126.449997,126.120003,126.230003,109.593864,1798400
2017-07-18,126.110001,126.330002,125.779999,126.309998,109.663322,2010000
2017-07-19,126.510002,127.050003,126.510002,127.040001,110.297112,1276400
2017-07-20,127.279999,127.279999,126.800003,127.120003,110.366585,1463800
2017-07-21,126.809998,126.989998,126.639999,126.949997,110.218979,1819500
2017-07-24,126.910004,127.059998,126.690002,126.959999,110.227638,4897700
2017-07-25,127.510002,127.57,127.199997,127.379997,110.592285,1709400
2017-07-26,127.550003,127.599998,127.169998,127.290001,110.514145,1624400
2017-07-27,127.580002,127.580002,126.309998,127.07,110.323128,1707800
2017-07-28,126.779999,126.959999,126.540001,126.860001,110.140823,1651800
2017-07-31,127.110001,127.18,126.620003,126.790001,110.080055,1496600
2017-08-01,127.18,127.209999,126.800003,127.050003,110.305779,1790600
2017-08-02,127.139999,127.139999,126.370003,126.93,110.201607,2929400
2017-08-03,126.900002,126.910004,126.519997,126.639999,109.949829,2582500
2017-08-04,127,127.07,126.699997,126.910004,110.184242,972400
2017-08-07,127.059998,127.18,126.879997,127.160004,110.401283,1114700
2017-08-08,127.050003,127.720001,126.610001,126.809998,110.097427,1360300
2017-08-09,126.349998,126.690002,126.169998,126.669998,109.975861,1679900
2017-08-10,126.139999,126.209999,124.800003,124.809998,108.361,2455300
2017-08-11,124.940002,125.330002,124.800003,125.040001,108.560684,2039100
2017-08-14,125.800003,126.43,125.610001,126.32,109.671974,1467400
2017-08-15,126.610001,126.629997,126.080002,126.199997,109.567795,1523000
2017-08-16,126.5,126.800003,126.230003,126.43,109.767487,1379800
2017-08-17,126.089996,126.290001,124.419998,124.419998,108.022385,3440500
2017-08-18,124.480003,124.940002,123.949997,124.209999,107.840088,2836500
2017-08-21,124.220001,124.480003,123.790001,124.389999,107.996353,1627300
2017-08-22,124.730003,125.75,124.559998,125.639999,109.081619,2089500
2017-08-23,125.07,125.510002,125.019997,125.260002,108.751686,1268800
2017-08-24,125.5,125.629997,124.940002,125.059998,108.578056,1381700
2017-08-25,125.419998,125.849998,125.239998,125.360001,108.838509,1158200
2017-08-28,125.660004,125.660004,125.110001,125.410004,108.881927,1787900
2017-08-29,124.589996,125.620003,124.519997,125.459999,108.925339,1312300
2017-08-30,125.459999,126.279999,125.379997,126.120003,109.498344,1730600
2017-08-31,126.459999,127.139999,126.459999,126.980003,110.245018,3384400
2017-09-01,127.230003,127.459999,127.120003,127.269997,110.496796,2122600
2017-09-05,126.919998,127.099998,125.690002,126.290001,109.64595,2319000
2017-09-06,126.690002,126.860001,126.32,126.639999,109.949829,1449900
2017-09-07,126.959999,126.959999,126.32,126.580002,109.897728,1218600
2017-09-08,126.349998,126.739998,126.269997,126.489998,109.819595,1206100
2017-09-11,127.150002,127.910004,127.150002,127.849998,111.000351,1346500
2017-09-12,128.039993,128.339996,128,128.339996,111.425751,2264200
2017-09-13,128.229996,128.410004,128.119995,128.399994,111.477859,1692500
2017-09-14,128.229996,128.479996,128.070007,128.360001,111.443138,1493200
2017-09-15,128.309998,128.619995,128.199997,128.600006,111.65152,1531300
2017-09-18,128.850006,129.100006,128.690002,128.910004,111.920631,1792300
2017-09-19,129.059998,129.100006,128.850006,128.970001,111.972725,1241700
2017-09-20,129.100006,129.210007,128.600006,129.179993,112.155075,1729200
2017-09-21,129.119995,129.130005,128.720001,128.820007,111.842514,1730600
2017-09-22,128.139999,128.440002,127.989998,128.369995,111.932312,1601600
2017-09-25,128.240005,128.429993,127.690002,128.160004,111.749207,2186000
2017-09-26,128.350006,128.509995,128.110001,128.190002,111.77536,1851500
2017-09-27,128.839996,129.100006,128.169998,128.889999,112.385719,2374400
2017-09-28,128.820007,129.130005,128.660004,129.100006,112.568848,1484800
2017-09-29,129.020004,129.559998,129.009995,129.520004,112.935074,1720600
2017-10-02,129.639999,130.199997,129.550003,130.199997,113.527992,2678000
2017-10-03,130.309998,130.5,130.130005,130.460007,113.754684,1825100
2017-10-04,130.449997,130.779999,130.300003,130.589996,113.868011,1495700
2017-10-05,130.729996,131.339996,130.720001,131.279999,114.469673,2387200
2017-10-06,131.059998,131.229996,130.910004,131.190002,114.391235,1635000
2017-10-09,131.300003,131.360001,130.759995,130.929993,114.164513,1012100
2017-10-10,131.25,131.479996,130.940002,131.240005,114.434822,2915300
2017-10-11,131.240005,131.429993,131.100006,131.419998,114.591782,2012700
2017-10-12,131.160004,131.449997,131.119995,131.259995,114.452232,2171200
2017-10-13,131.550003,131.589996,131.279999,131.360001,114.539436,1543900
2017-10-16,131.5,131.649994,131.270004,131.449997,114.617905,1789500
2017-10-17,131.5,131.570007,131.339996,131.509995,114.67025,1340600
2017-10-18,131.800003,131.830002,131.570007,131.679993,114.818466,1470900
2017-10-19,131.25,131.710007,130.940002,131.710007,114.844635,1942600
2017-10-20,132.070007,132.449997,132.070007,132.419998,115.463699,1751000
2017-10-23,132.630005,132.679993,131.789993,131.860001,114.975426,1755700
2017-10-24,132.160004,132.229996,131.889999,132.089996,115.175995,1574400
2017-10-25,131.910004,131.949997,130.690002,131.399994,114.574318,2186500
2017-10-26,131.720001,132.009995,131.490005,131.570007,114.722572,5396300
2017-10-27,131.940002,132.669998,131.759995,132.639999,115.655563,2672600
2017-10-30,131.940002,132.539993,131.899994,132.059998,115.149803,1688900
2017-10-31,132.270004,132.5,132.119995,132.330002,115.385239,2378300
2017-11-01,132.830002,133.029999,132.169998,132.440002,115.48114,2275500
2017-11-02,132.339996,132.529999,131.820007,132.470001,115.507317,5097200
2017-11-03,132.539993,132.889999,132.279999,132.820007,115.812492,2677400
2017-11-06,132.770004,133.169998,132.75,133.070007,116.030464,2017700
2017-11-07,133.160004,133.330002,132.529999,132.839996,115.829933,2527400
2017-11-08,132.729996,133.119995,132.550003,133.059998,116.021767,1267700
2017-11-09,132.380005,132.740005,131.619995,132.520004,115.550919,4320300
2017-11-10,132.240005,132.630005,132.169998,132.539993,115.568344,2042100
2017-11-13,132.110001,132.75,132.080002,132.610001,115.629372,1876000
2017-11-14,132.220001,132.419998,131.789993,132.369995,115.420113,3776500
2017-11-15,131.789993,132.080002,131.210007,131.690002,114.827217,1772400
2017-11-16,132.110001,133.100006,132.110001,132.889999,115.873535,1730600
2017-11-17,132.639999,132.910004,132.610001,132.639999,115.655563,4850200
2017-11-20,132.820007,133.050003,132.679993,132.979996,115.952026,1805700
2017-11-21,133.440002,133.940002,133.419998,133.899994,116.754211,1956900
2017-11-22,133.940002,134,133.690002,133.800003,116.667023,1295600
2017-11-24,134.080002,134.130005,133.979996,134.110001,116.937332,670500
2017-11-27,134.119995,134.289993,133.869995,133.970001,116.815231,1754300
2017-11-28,134.25,135.360001,134.139999,135.300003,117.974953,2922900
2017-11-29,135.460007,135.789993,135.020004,135.300003,117.974953,2066300
2017-11-30,135.880005,136.919998,135.779999,136.339996,118.881767,2854400
2017-12-01,136.279999,136.5,134.039993,136.070007,118.646332,3585700
2017-12-04,137.039993,137.380005,135.880005,135.889999,118.489395,3119400
2017-12-05,136.089996,136.330002,135.229996,135.309998,117.983658,2583300
2017-12-06,135.339996,135.460007,135,135.229996,117.913902,2835600
2017-12-07,135.139999,135.940002,135.080002,135.770004,118.384743,1537600
2017-12-08,136.369995,136.520004,136.070007,136.479996,119.003822,1502600
2017-12-11,136.5,136.830002,136.479996,136.800003,119.282852,1934300
2017-12-12,136.979996,137.25,136.809998,136.949997,119.413666,1517200
2017-12-13,137.029999,137.429993,136.910004,136.970001,119.431099,1858800
2017-12-14,137.220001,137.240005,136.270004,136.330002,118.873055,1856100
2017-12-15,136.949997,137.830002,136.869995,137.550003,119.936806,2293000
2017-12-18,138.259995,138.679993,138.259995,138.5,120.765167,2696300
2017-12-19,138.720001,138.720001,137.899994,137.940002,120.276894,3642100
2017-12-20,138.5,138.550003,137.679993,137.929993,120.268166,2522200
2017-12-21,137.619995,137.929993,137.389999,137.570007,120.542442,2111200
2017-12-22,137.639999,137.860001,137.190002,137.520004,120.49865,1926000
2017-12-26,137.339996,137.520004,137.289993,137.410004,120.402229,2051300
2017-12-27,137.580002,137.720001,137.339996,137.460007,120.44606,2242400
2017-12-28,137.789993,137.809998,137.509995,137.759995,120.708878,2936500
2017-12-29,138.080002,138.100006,137.149994,137.25,120.262024,2256500
2018-01-02,137.75,138.229996,137.440002,138.220001,121.111992,3699700
2018-01-03,138.389999,139.100006,138.300003,139.020004,121.812973,3052300
2018-01-04,139.419998,139.809998,139.350006,139.550003,122.277405,2572400
2018-01-05,140.020004,140.440002,139.720001,140.369995,122.995819,2188500
2018-01-08,140.309998,140.770004,140.100006,140.690002,123.276253,2655300
2018-01-09,140.919998,141.309998,140.710007,140.949997,123.504059,2625200
2018-01-10,140.570007,140.850006,140.070007,140.729996,123.311295,2014900
2018-01-11,141,141.919998,140.970001,141.919998,124.354019,2188000
2018-01-12,142.080002,142.850006,142,142.75,125.081238,2661800
2018-01-16,143.529999,143.820007,141.710007,142.119995,124.529236,3973400
2018-01-17,142.720001,143.639999,142.25,143.429993,125.677078,2756400
2018-01-18,143.419998,143.580002,142.899994,143.179993,125.458069,2705800
2018-01-19,143.490005,143.929993,143.190002,143.919998,126.106468,2119000
2018-01-22,143.839996,145.059998,143.839996,145.059998,127.10537,2849900
2018-01-23,145.100006,145.570007,144.919998,145.419998,127.420731,2261300
2018-01-24,145.850006,146.110001,144.630005,145.279999,127.298119,3409300
2018-01-25,145.839996,145.839996,144.869995,145.339996,127.350685,4234600
2018-01-26,145.820007,146.869995,145.630005,146.860001,128.682587,1995900
2018-01-29,146.580002,146.820007,145.820007,145.899994,127.841408,2688200
2018-01-30,144.740005,145.149994,144.149994,144.380005,126.509514,4898200
2018-01-31,144.940002,145.240005,143.789993,144.429993,126.553291,4670200
2018-02-01,143.979996,145.020004,143.839996,144.369995,126.500771,2924800
2018-02-02,143.509995,143.679993,141.240005,141.300003,123.810745,5323600
2018-02-05,140.210007,141.399994,135.149994,135.740005,118.938927,10357400
2018-02-06,133.259995,138.240005,132.5,137.960007,120.884178,10791200
2018-02-07,137.830002,139.559998,137.350006,137.350006,120.349648,6176300
2018-02-08,137.529999,137.800003,132.350006,132.410004,116.021118,7683300
2018-02-09,133.899994,135.210007,129.839996,134.229996,117.615814,9474000
2018-02-12,135.350006,136.850006,134.229996,136.020004,119.18428,4251900
2018-02-13,135.339996,136.699997,135.009995,136.449997,119.561073,2973000
2018-02-14,135.619995,138.550003,135.570007,138.360001,121.234657,3076800
2018-02-15,139.330002,140.050003,137.949997,140.050003,122.715462,2853000
2018-02-16,139.679993,141.229996,139.669998,140.110001,122.768021,2813100
2018-02-20,139.559998,140.440002,138.820007,139.270004,122.032021,2490000
2018-02-21,139.449997,140.960007,138.610001,138.619995,121.462471,2182200
2018-02-22,139.190002,140.089996,138.380005,138.710007,121.541344,2111700
2018-02-23,139.449997,140.860001,139.139999,140.860001,123.425209,1439500
2018-02-26,141.5,142.410004,141.039993,142.339996,124.722054,1765700
2018-02-27,142.410004,142.860001,140.550003,140.550003,123.153564,2305100
2018-02-28,141.179993,141.399994,138.970001,139,121.795448,2290500
2018-03-01,139.070007,139.880005,136.399994,137.350006,120.349648,4846700
2018-03-02,136.279999,138.509995,135.830002,138.240005,121.129501,3021300
2018-03-05,137.550003,140.149994,137.5,139.800003,122.496391,2916600
2018-03-06,140.360001,140.610001,139.320007,140.309998,122.943283,2788000
2018-03-07,139.050003,140.610001,138.970001,140.429993,123.048424,2569100
2018-03-08,140.830002,141.029999,140.110001,140.960007,123.512848,2307500
2018-03-09,141.789993,143.300003,141.550003,143.300003,125.563248,2325100
2018-03-12,143.490005,143.850006,142.960007,143.220001,125.493126,1999200
2018-03-13,143.860001,144.139999,142.009995,142.330002,124.713287,2080500
2018-03-14,142.899994,142.990005,141.350006,141.610001,124.082367,2103100
2018-03-15,141.960007,142.220001,141.110001,141.419998,123.915886,1927900
2018-03-16,141.580002,142.190002,141.580002,141.660004,124.126259,2641400
2018-03-19,141.160004,141.399994,138.860001,139.839996,122.531418,3154300
2018-03-20,140,140.419998,139.660004,140.050003,122.715462,1672000
2018-03-21,140.050003,141.240005,139.779999,139.929993,122.610283,2106700
2018-03-22,138.149994,138.610001,135.850006,135.949997,119.606728,3130600
2018-03-23,136.130005,136.440002,133.029999,133.100006,117.099358,5697000
2018-03-26,135.089996,136.729996,133.759995,136.610001,120.187401,3859500
2018-03-27,137.179993,137.309998,133.429993,134.190002,118.058327,3309900
2018-03-28,134.360001,135.190002,133.229996,133.880005,117.785576,4740000
2018-03-29,134.490005,136.589996,134.160004,135.720001,119.404381,2346400
2018-04-02,135.289993,135.570007,131.259995,132.630005,116.685837,5703700
2018-04-03,133.350006,134.539993,132.350006,134.279999,118.137489,3737200
2018-04-04,132.190002,136.100006,132.100006,135.789993,119.465965,2928000
2018-04-05,136.649994,137.229996,136.110001,136.740005,120.301781,2683600
2018-04-06,135.729996,136.539993,132.919998,133.869995,117.776779,4942600
2018-04-09,134.720001,136.300003,134.160004,134.320007,118.172684,2239400
2018-04-10,136,136.970001,135.460007,136.5,120.09063,2153900
2018-04-11,135.669998,136.830002,135.399994,135.869995,119.536339,2063800
2018-04-12,136.729996,137.529999,136.509995,136.970001,120.504112,1858700
2018-04-13,137.720001,137.75,136.009995,136.580002,120.161003,2192600
2018-04-16,137.539993,138.149994,136.970001,137.720001,121.163963,2892600
2018-04-17,138.729996,139.529999,138.429993,139.169998,122.439644,2219900
2018-04-18,139.539993,139.850006,139.089996,139.360001,122.606819,1554400
2018-04-19,138.979996,139.179993,138.020004,138.600006,121.938171,4003900
2018-04-20,138.559998,138.669998,137.029999,137.5,120.970375,1669600
2018-04-23,137.779999,138.160004,136.809998,137.449997,120.926468,2033700
2018-04-24,138.100006,138.190002,134.860001,135.800003,119.474785,3053500
2018-04-25,135.770004,136.25,134.610001,135.949997,119.606728,2275400
2018-04-26,136.520004,137.679993,136.25,137.240005,120.741714,1284600
2018-04-27,137.539993,137.740005,136.800003,137.330002,120.820839,1133600
2018-04-30,137.690002,137.990005,136.25,136.330002,119.941063,2277100
2018-05-01,136.039993,136.600006,135.119995,136.539993,120.125832,1762700
2018-05-02,136.460007,136.970001,135.539993,135.75,119.430779,1661600
2018-05-03,135.190002,135.800003,133.660004,135.380005,119.105286,2638000
2018-05-04,134.970001,137.559998,134.639999,137.130005,120.644905,2379400
2018-05-07,137.649994,138.309998,137.380005,137.729996,121.172775,1448000
2018-05-08,137.589996,138.009995,136.979996,137.779999,121.216713,1357400
2018-05-09,138.199997,139.270004,137.899994,139.080002,122.360458,1451700
2018-05-10,139.509995,140.539993,139.440002,140.289993,123.425003,1810100
2018-05-11,140.410004,140.869995,140.050003,140.570007,123.671356,1199100
2018-05-14,140.940002,141.300003,140.389999,140.639999,123.732933,1396900
2018-05-15,139.949997,140.110001,139.339996,139.789993,122.985069,2279700
2018-05-16,139.850006,140.759995,139.850006,140.470001,123.583344,1345900
2018-05-17,140.380005,141.039993,140.020004,140.509995,123.618546,1658500
2018-05-18,140.360001,140.509995,139.970001,140.199997,123.345833,910200
2018-05-21,141.059998,141.529999,140.839996,141.25,124.2696,1299600
2018-05-22,141.559998,141.660004,140.589996,140.729996,123.812111,1213000
2018-05-23,140.089996,141.100006,140,141.100006,124.137672,1431800
2018-05-24,140.929993,141.059998,139.860001,140.869995,123.93528,1405100
2018-05-25,140.600006,140.910004,140.279999,140.600006,123.697784,1264500
2018-05-29,139.800003,140.160004,138.539993,139.210007,122.474854,2695000
2018-05-30,139.970001,141.309998,139.910004,141.009995,124.058456,1587000
2018-05-31,140.880005,140.949997,139.809998,140.039993,123.205055,1700900
2018-06-01,140.929993,141.649994,140.759995,141.5,124.489555,1857800
2018-06-04,141.899994,142.259995,141.729996,142.160004,125.070183,1592000
2018-06-05,142.259995,142.520004,141.830002,142.369995,125.254929,2952100
2018-06-06,142.75,143.630005,142.380005,143.630005,126.363464,3011000
2018-06-07,143.809998,144,142.899994,143.419998,126.178688,1663400
2018-06-08,143.270004,143.940002,143.119995,143.910004,126.60984,1084200
2018-06-11,144,144.470001,143.970001,144.119995,126.794563,1664500
2018-06-12,144.399994,144.610001,144,144.419998,127.058479,1582300
2018-06-13,144.539993,144.660004,143.800003,143.880005,126.583427,1402000
2018-06-14,144.399994,144.570007,143.889999,144.289993,126.944092,1809800
2018-06-15,143.850006,144.330002,143.229996,144.149994,126.820961,3328300
2018-06-18,143.300003,144.059998,143.029999,143.990005,126.680191,1603500
2018-06-19,142.75,143.619995,142.399994,143.509995,126.257904,1962500
2018-06-20,143.949997,144.190002,143.589996,143.839996,126.548225,1468400
2018-06-21,143.830002,143.850006,142.559998,142.850006,125.677238,1881300
2018-06-22,143,143.080002,142.369995,142.449997,125.856621,1226300
2018-06-25,141.850006,141.990005,139.539993,140.449997,124.089615,4347700
2018-06-26,140.699997,141.25,140.300003,140.770004,124.372314,2085300
2018-06-27,141.199997,141.889999,139.449997,139.460007,123.21489,2958800
2018-06-28,139.429993,140.690002,138.990005,140.330002,123.983566,2490500
2018-06-29,140.899994,141.660004,140.389999,140.429993,124.071899,1834000
2018-07-02,139.559998,140.880005,139.429993,140.770004,124.372314,2825900
2018-07-03,141.360001,141.470001,140.220001,140.410004,124.054253,1325900
2018-07-05,141.130005,141.619995,140.449997,141.600006,125.105614,2796400
2018-07-06,141.660004,143,141.440002,142.789993,126.156967,1756400
2018-07-09,143.460007,144.110001,143.139999,144.089996,127.30558,2153000
2018-07-10,144.389999,144.610001,144.029999,144.460007,127.6325,1437000
2018-07-11,143.619995,144.100006,143.100006,143.429993,126.722443,2042300
2018-07-12,144.179993,144.660004,143.720001,144.610001,127.764992,1440600
2018-07-13,144.529999,144.979996,144.259995,144.699997,127.84449,1964700
2018-07-16,144.770004,144.839996,144.220001,144.470001,127.641296,1571100
2018-07-17,144.020004,145.330002,144.009995,145.130005,128.224472,1767100
2018-07-18,145.130005,145.5,144.850006,145.449997,128.507141,1327700
2018-07-19,145.070007,145.419998,144.600006,145.100006,128.197906,2034200
2018-07-20,145,145.240005,144.559998,144.839996,127.968254,1507800
2018-07-23,144.789993,145.160004,144.470001,145.070007,128.171432,1444500
2018-07-24,145.770004,146.089996,144.899994,145.389999,128.454117,2340000
2018-07-25,145.300003,146.669998,145.009995,146.630005,129.549728,2125700
2018-07-26,146.229996,146.740005,146,146.389999,129.337616,2084600
2018-07-27,146.600006,146.639999,144.630005,145.220001,128.303909,2535000
2018-07-30,145.220001,145.339996,144.059998,144.270004,127.46463,5379700
2018-07-31,144.820007,145.509995,144.539993,145.089996,128.189056,2003800
2018-08-01,145.190002,145.529999,144.490005,144.919998,128.03891,1524100
2018-08-02,144.169998,145.910004,144.080002,145.779999,128.798706,1508400
2018-08-03,145.889999,146.289993,145.759995,146.270004,129.231659,1977100
2018-08-06,146.309998,147.059998,146.089996,146.929993,129.814728,1802000
2018-08-07,146.309998,147.619995,146.309998,147.410004,130.238831,2532500
2018-08-08,147.330002,147.529999,146.979996,147.270004,130.115128,1270600
2018-08-09,147.369995,147.679993,147.070007,147.169998,130.026794,1233800
2018-08-10,146.350006,146.759995,145.940002,146.25,129.213928,1854000
2018-08-13,146.399994,146.75,145.460007,145.690002,128.719193,1898200
2018-08-14,146.110001,146.779999,145.919998,146.649994,129.567337,1784200
2018-08-15,145.869995,146.029999,144.639999,145.490005,128.54248,2684700
2018-08-16,146.279999,147.149994,146.259995,146.630005,129.549728,1347500
2018-08-17,146.449997,147.389999,146.300003,147.169998,130.026794,2188300
2018-08-20,147.449997,147.690002,147.160004,147.449997,130.274185,5759800
2018-08-21,147.779999,148.509995,147.779999,148,130.760132,2090900
2018-08-22,147.789993,148.289993,147.710007,148.050003,130.80426,1169600
2018-08-23,147.899994,148.369995,147.580002,147.759995,130.548035,1351100
2018-08-24,148.149994,148.759995,148.100006,148.679993,131.360901,1712700
2018-08-27,149.320007,149.869995,149.100006,149.75,132.306274,2126000
2018-08-28,150.100006,150.199997,149.529999,149.839996,132.385757,3015300
2018-08-29,149.960007,150.770004,149.820007,150.630005,133.083725,2688600
2018-08-30,150.309998,150.600006,149.669998,150.009995,132.535995,2150400
2018-08-31,149.809998,150.279999,149.589996,150.070007,132.589005,2537500
2018-09-04,149.889999,150.100006,149.220001,149.860001,132.403442,2342700
2018-09-05,149.660004,149.690002,148.710007,149.369995,131.97052,2772000
2018-09-06,149.460007,149.690002,148.360001,148.919998,131.572937,2592200
2018-09-07,148.369995,149.169998,148.130005,148.580002,131.272583,2334400
2018-09-10,149.199997,149.330002,148.789993,148.899994,131.555267,2156000
2018-09-11,148.550003,149.619995,148.330002,149.399994,131.99704,2575100
2018-09-12,149.309998,149.639999,148.789993,149.410004,132.005875,2181100
2018-09-13,149.970001,150.330002,149.75,150.160004,132.668503,1905900
2018-09-14,150.279999,150.479996,149.789993,150.279999,132.774536,1363900
2018-09-17,150.240005,150.279999,149.190002,149.330002,131.93515,1661600
2018-09-18,149.429993,150.440002,149.399994,150.130005,132.642014,1665400
2018-09-19,150.119995,150.479996,150.009995,150.149994,132.659668,1809800
2018-09-20,150.830002,151.470001,150.520004,151.309998,133.68454,1713900
2018-09-21,151.820007,151.839996,151.050003,151.160004,133.552017,1986100
2018-09-24,150.869995,150.929993,150.270004,150.610001,133.06604,1668600
2018-09-25,150.889999,151.070007,150.419998,150.529999,132.995422,2318900
2018-09-26,150.610001,151.289993,149.789993,149.949997,132.482956,4903500
2018-09-27,150.240005,150.949997,150.080002,150.300003,132.792191,1808300
2018-09-28,149.279999,149.990005,149.229996,149.649994,132.848969,1797000
2018-10-01,150.419998,150.770004,149.520004,149.880005,133.053192,2718800
2018-10-02,149.860001,150.100006,149.429993,149.660004,132.857864,2159200
2018-10-03,150.259995,150.490005,149.649994,149.860001,133.035431,2563900
2018-10-04,149.580002,149.610001,147.710007,148.589996,131.908005,3220800
2018-10-05,148.619995,148.949997,146.729996,147.630005,131.055771,3197900
2018-10-08,147.279999,147.759995,146.360001,147.520004,130.958176,2515600
2018-10-09,147.25,148.020004,147.020004,147.259995,130.727371,3690600
2018-10-10,146.929993,146.949997,142.410004,142.570007,126.563881,6890300
2018-10-11,142.020004,142.970001,138.75,139.529999,123.865135,11707900
2018-10-12,142,142.320007,139.490005,141.369995,125.498611,7981200
2018-10-15,141.160004,141.979996,140.5,140.740005,124.939339,3386400
2018-10-16,141.75,144.059998,141.360001,143.839996,127.691269,3990400
2018-10-17,143.910004,144.149994,142.330002,143.800003,127.655731,3148300
2018-10-18,143.309998,143.610001,141,141.720001,125.809265,3783800
2018-10-19,142.139999,143.070007,141.009995,141.350006,125.480804,2997700
2018-10-22,141.729996,141.940002,140.419998,140.789993,124.983681,3220600
2018-10-23,138.690002,140.669998,137.460007,139.960007,124.246918,4981600
2018-10-24,139.889999,140.089996,135.399994,135.610001,120.385277,6013700
2018-10-25,136.630005,138.960007,136.169998,138.160004,122.648933,4886000
2018-10-26,136.119995,137.529999,134.169998,135.770004,120.52729,6623500
2018-10-29,137.509995,138.330002,133.070007,135.020004,119.861511,5167200
2018-10-30,134.960007,137.289993,134.610001,137.130005,121.734619,3675500
2018-10-31,138.600006,139.839996,138.369995,138.559998,123.004097,4034500
2018-11-01,139.039993,140.369995,138.520004,140.130005,124.397781,3713900
2018-11-02,140.929993,141.199997,138.389999,139.559998,123.891769,3171400
2018-11-05,139.800003,140.520004,139.190002,140.240005,124.495461,3140200
2018-11-06,140.190002,141.110001,140.169998,141.039993,125.205635,2029700
2018-11-07,142.300003,144,141.970001,143.919998,127.762321,2781200
2018-11-08,143.550003,144.059998,142.979996,143.639999,127.513741,1874800
2018-11-09,142.910004,142.960007,141.289993,142.169998,126.208755,2226900
2018-11-12,141.789993,141.970001,139.179993,139.440002,123.785286,3530700
2018-11-13,139.770004,140.919998,138.820007,139.240005,123.607735,2290500
2018-11-14,140.339996,140.570007,137.380005,138.220001,122.702232,2766000
2018-11-15,137.550003,140.009995,136.699997,139.779999,124.08709,3600900
2018-11-16,139.070007,140.570007,138.820007,140.080002,124.353416,2272300
2018-11-19,139.830002,139.929993,137.169998,137.649994,122.19622,3481800
2018-11-20,135.729996,136.619995,134.639999,135.199997,120.021286,4627200
2018-11-21,136,136.889999,135.75,135.860001,120.607185,4151300
2018-11-23,134.919998,135.919998,134.729996,135.130005,119.959106,1300000
2018-11-26,136.479996,137.279999,136.179993,137.229996,121.823402,4699700
2018-11-27,136.649994,137.419998,136.270004,137.399994,121.974281,2860100
2018-11-28,138.029999,140.600006,137.419998,140.600006,124.815079,6061100
2018-11-29,140.190002,141.160004,139.479996,140.339996,124.584221,2895000
2018-11-30,140.240005,141.509995,140.070007,141.350006,125.480804,2142100
2018-12-03,143.600006,144,142.029999,143,126.945557,3655400
2018-12-04,142.639999,142.820007,138.100006,138.330002,122.799904,3917700
2018-12-06,136.149994,138.160004,134.350006,138.160004,122.648933,6542900
2018-12-07,137.940002,138.869995,134.429993,134.899994,119.754951,4986900
2018-12-10,134.809998,135.600006,132.449997,135.050003,119.888115,5046800
2018-12-11,136.860001,137.009995,134.229996,135.020004,119.861511,3459200
2018-12-12,136.720001,137.509995,135.75,135.789993,120.545044,3720100
2018-12-13,136.240005,136.690002,134.889999,135.460007,120.252098,3298400
2018-12-14,134.259995,134.919998,132.759995,133.119995,118.174782,4503200
2018-12-17,132.539993,133.160004,129.470001,130.279999,115.653664,7193100
2018-12-18,131.259995,131.740005,129.360001,130.240005,115.618134,8065500
2018-12-19,130.279999,132.389999,127.300003,128.240005,113.842682,8010800
2018-12-20,127.510002,128.380005,124.800003,126.169998,112.005081,13119700
2018-12-21,126.510002,127.970001,123.120003,123.489998,109.625938,13605000
2018-12-24,121.900002,122.540001,119.669998,119.699997,106.885513,14488500
2018-12-26,120.339996,125.519997,119.349998,125.459999,112.028862,12512300
2018-12-27,123.760002,126.589996,121.910004,126.589996,113.037895,16128500
2018-12-28,127.5,128.309998,125.730003,126.43,112.895027,11668700
2018-12-31,127.379997,127.730003,126.279999,127.629997,113.966537,9414800
2019-01-02,125.75,128.160004,125.339996,127.730003,114.055847,5093200
2019-01-03,126.910004,126.910004,124.57,124.769997,111.412727,5252900
2019-01-04,126.480003,129.369995,126.32,128.899994,115.100586,4776900
2019-01-07,129.190002,131.039993,128.809998,130.199997,116.261414,4485100
2019-01-08,131.449997,131.729996,130.050003,131.539993,117.457939,3949400
2019-01-09,132.020004,132.669998,131.360001,132.160004,118.011604,6405100
2019-01-10,131.440002,132.889999,131,132.809998,118.592003,2685700
2019-01-11,132.130005,132.860001,131.850006,132.839996,118.61879,3033800
2019-01-14,131.789993,132.490005,131.559998,132,117.868752,2479400
2019-01-15,132.190002,133.559998,132.050003,133.440002,119.154564,4542100
2019-01-16,133.669998,134.330002,133.610001,133.820007,119.493904,2963100
2019-01-17,133.399994,135.399994,133.160004,134.899994,120.458244,4401100
2019-01-18,135.889999,136.940002,135.449997,136.649994,122.020897,4224900
2019-01-22,135.889999,135.919998,133.889999,134.779999,120.351151,5037900
2019-01-23,135.380005,135.770004,133.600006,134.919998,120.476128,3934200
2019-01-24,134.929993,135.470001,134.460007,135.199997,120.726143,3785200
2019-01-25,136.229996,136.820007,136.029999,136.470001,121.860184,2987300
2019-01-28,135.240005,135.520004,134.479996,135.470001,120.96727,4371600
2019-01-29,135.619995,135.869995,134.839996,135.279999,120.7976,2975100
2019-01-30,136.149994,137.809998,135.619995,137.320007,122.619186,3060700
2019-01-31,137.270004,138.770004,137.240005,138.529999,123.699623,3932900
2019-02-01,138.699997,139.199997,138.25,138.729996,123.878242,3225400
2019-02-04,138.759995,139.75,138.360001,139.720001,124.762253,4938100
2019-02-05,139.949997,140.449997,139.660004,140.300003,125.280151,2759100
2019-02-06,140.149994,140.399994,139.649994,140.160004,125.155128,2945200
2019-02-07,139.179993,139.490005,137.119995,138.830002,123.967529,5097500
2019-02-08,138.139999,138.990005,137.660004,138.970001,124.092567,2105800
2019-02-11,139.399994,139.550003,138.889999,139.259995,124.351517,2337000
2019-02-12,140.119995,141.179993,140.059998,141,125.905205,3312300
2019-02-13,141.449997,141.880005,141.139999,141.440002,126.298149,2369300
2019-02-14,140.860001,141.809998,140.389999,141.190002,126.074905,2731400
2019-02-15,142.160004,142.770004,141.910004,142.740005,127.458946,2537600
2019-02-19,142.410004,143.389999,142.339996,143.020004,127.708984,2469900
2019-02-20,143.050003,143.529999,142.740005,143.320007,127.976852,2357400
2019-02-21,143.059998,143.139999,142.25,142.830002,127.539268,3684900
2019-02-22,143.199997,143.839996,143.029999,143.770004,128.378723,1838400
2019-02-25,144.559998,144.880005,143.899994,143.979996,128.566193,3920000
2019-02-26,143.75,144.229996,143.589996,143.710007,128.325073,2155200
2019-02-27,143.389999,143.970001,142.880005,143.759995,128.369751,2046800
2019-02-28,143.649994,143.899994,143.320007,143.460007,128.101868,2275100
2019-03-01,144.380005,144.600006,143.5,144.419998,128.959091,2985100
2019-03-04,145,145.029999,142.419998,143.75,128.360855,3555400
2019-03-05,143.809998,143.899994,143.179993,143.479996,128.119736,2838000
2019-03-06,143.520004,143.550003,142.229996,142.389999,127.146408,2139600
2019-03-07,142.160004,142.25,140.759995,141.279999,126.155266,2851800
2019-03-08,140.130005,141.029999,139.919998,140.990005,125.896309,2328000
2019-03-11,141.389999,143.110001,141.360001,143.059998,127.744675,1910400
2019-03-12,143.330002,143.839996,143.229996,143.539993,128.173309,1966100
2019-03-13,143.960007,144.949997,143.940002,144.460007,128.994827,2013500
2019-03-14,144.460007,144.639999,144.050003,144.339996,128.88765,1494000
2019-03-15,144.619995,145.479996,144.550003,145.009995,129.485916,2324300
2019-03-18,145.100006,145.759995,144.949997,145.550003,129.968124,2489700
2019-03-19,146.119995,146.470001,144.990005,145.520004,129.94133,6104600
2019-03-20,145.320007,145.990005,144.25,144.919998,129.405579,2900900
2019-03-21,144.479996,146.839996,144.360001,146.619995,130.923615,2949700
2019-03-22,145.839996,146.070007,143.5,143.559998,128.191162,5151000
2019-03-25,142.580002,143.309998,141.899994,142.690002,128.10318,3676500
2019-03-26,143.699997,144.380005,143.009995,143.789993,129.090729,2861000
2019-03-27,143.839996,144.149994,142.149994,143.130005,128.498199,3402700
2019-03-28,143.460007,143.979996,142.830002,143.759995,129.063766,2654500
2019-03-29,144.610001,144.789993,144.029999,144.710007,129.916672,3614700
2019-04-01,145.759995,146.479996,145.589996,146.389999,131.424911,3666800
2019-04-02,146.419998,146.5,145.869995,146.380005,131.41597,4292800
2019-04-03,147.080002,147.339996,146.320007,146.729996,131.730209,2404400
2019-04-04,146.839996,147.149994,146.350006,147.039993,132.008499,2248400
2019-04-05,147.389999,147.830002,147.259995,147.779999,132.672867,1744500
2019-04-08,147.539993,147.929993,147.110001,147.910004,132.789597,2130500
2019-04-09,147.320007,147.479996,146.710007,147.020004,131.99057,2150700
2019-04-10,147.240005,147.720001,147.070007,147.699997,132.601028,2019000
2019-04-11,147.940002,147.960007,147.339996,147.690002,132.592041,1794600
2019-04-12,148.550003,148.800003,148.130005,148.679993,133.480835,2612000
2019-04-15,148.75,148.800003,148.059998,148.559998,133.373093,2083000
2019-04-16,149,149.059998,148.240005,148.600006,133.409012,2953300
2019-04-17,149.199997,149.220001,147.770004,148.050003,132.915207,2983900
2019-04-18,148.399994,148.399994,147.509995,148.270004,133.112808,2457000
2019-04-22,147.949997,148.410004,147.770004,148.309998,133.148651,2148600
2019-04-23,148.550003,149.919998,148.449997,149.800003,134.486359,2344200
2019-04-24,149.779999,150.050003,149.470001,149.600006,134.306808,1924600
2019-04-25,149.539993,149.690002,148.600006,149.350006,134.082352,2428600
2019-04-26,149.410004,150.160004,148.990005,150.160004,134.80954,2184500
2019-04-29,150.220001,150.690002,150.130005,150.380005,135.00708,2461500
2019-04-30,150.279999,150.600006,149.300003,150.389999,135.016022,2224500
2019-05-01,150.800003,150.869995,149.240005,149.270004,134.010544,3761300
2019-05-02,149.149994,149.740005,148.059998,149.020004,133.786057,2537800
2019-05-03,149.800003,150.699997,149.699997,150.630005,135.231506,2147100
2019-05-06,148.190002,150.339996,148.020004,150.149994,134.800568,2635300
2019-05-07,148.839996,149.089996,146.429993,147.559998,132.475311,4385800
2019-05-08,147.350006,148.240005,147.009995,147.320007,132.259888,2492100
2019-05-09,146.059998,147.179993,145.059998,146.850006,131.837921,2768000
2019-05-10,146.330002,147.960007,144.649994,147.529999,132.44841,3175300
2019-05-13,144.699997,145.149994,143.25,143.800003,129.099686,4241900
2019-05-14,144.279999,145.910004,144.139999,145.100006,130.266785,3090200
2019-05-15,144.229996,146.270004,144.050003,145.960007,131.03891,2072300
2019-05-16,146.330002,148.029999,146.289993,147.279999,132.223923,2319500
2019-05-17,146.059998,147.639999,146.009995,146.240005,131.290298,1923900
2019-05-20,145.259995,145.919998,144.779999,145.199997,130.356583,1669200
2019-05-21,146.110001,146.809998,146.039993,146.619995,131.63147,1438800
2019-05-22,146.059998,146.570007,145.770004,146.089996,131.155594,1539800
2019-05-23,144.830002,144.850006,143.380005,144.229996,129.485764,2701100
2019-05-24,144.960007,145.229996,144.160004,144.580002,129.799942,1381900
2019-05-28,144.820007,145.279999,143.25,143.309998,128.659744,3866100
2019-05-29,142.619995,142.800003,141.440002,142.330002,127.779991,2955100
2019-05-30,142.690002,143.169998,141.949997,142.610001,128.031357,2621700
2019-05-31,141.110001,141.589996,140.600006,140.690002,126.307632,2836300
2019-06-03,140.690002,141.380005,139.619995,140.410004,126.05629,4765100
2019-06-04,141.729996,143.610001,141.470001,143.559998,128.884201,2767600
2019-06-05,144.389999,144.820007,143.270004,144.660004,129.871796,5059700
2019-06-06,144.820007,145.850006,144.350006,145.470001,130.599014,2795600
2019-06-07,146.059998,147.449997,145.979996,146.789993,131.784088,1667900
2019-06-10,147.729996,148.570007,147.539993,147.610001,132.520218,2259800
2019-06-11,148.619995,148.830002,147.080002,147.470001,132.394562,1724500
2019-06-12,147.350006,147.639999,146.929993,147.270004,132.214981,1729900
2019-06-13,147.789993,148.089996,147.429993,147.949997,132.825455,1726600
2019-06-14,147.800003,147.990005,147.270004,147.630005,132.538162,1401000
2019-06-17,147.279999,147.669998,147.139999,147.190002,132.634613,2506100
2019-06-18,148.199997,149.470001,148.070007,148.800003,134.085403,2261100
2019-06-19,148.910004,149.490005,148.389999,149.309998,134.544952,4049900
2019-06-20,150.729996,150.850006,149.449997,150.679993,135.779465,2968100
2019-06-21,150.399994,150.940002,150.039993,150.699997,135.79747,2414300
2019-06-24,150.330002,150.470001,149.710007,149.860001,135.040558,1977300
2019-06-25,149.869995,149.899994,148.300003,148.440002,133.760986,2309500
2019-06-26,148.860001,149.190002,148.130005,148.160004,133.508667,1903700
2019-06-27,148.660004,149.199997,148.559998,149.050003,134.310684,2392200
2019-06-28,149.509995,150.169998,149.309998,150.089996,135.247849,2589600
2019-07-01,151.850006,151.919998,150.509995,151.149994,136.202988,3960800
2019-07-02,151.119995,151.5,150.660004,151.5,136.518402,2705400
2019-07-03,151.869995,152.660004,151.75,152.639999,137.5457,2286800
2019-07-05,152.009995,152.619995,151.259995,152.550003,137.464569,2446300
2019-07-08,151.869995,152.029999,151.369995,151.729996,136.725677,2611300
2019-07-09,151.020004,152.089996,151.020004,152,136.968918,3178000
2019-07-10,152.589996,153.130005,152.119995,152.619995,137.527603,1852500
2019-07-11,152.940002,153.029999,152.240005,152.830002,137.716888,2641000
2019-07-12,153.100006,153.639999,152.990005,153.610001,138.419739,1656000
2019-07-15,153.830002,153.830002,153.270004,153.509995,138.32962,2155000
2019-07-16,153.5,153.669998,152.949997,153.119995,137.97818,1778500
2019-07-17,153.100006,153.169998,152.110001,152.110001,137.068085,2575500
2019-07-18,151.869995,152.839996,151.589996,152.669998,137.572662,1463500
2019-07-19,153.210007,153.279999,151.740005,151.800003,136.788727,1487900
2019-07-22,152.059998,152.399994,151.759995,152.160004,137.113174,1510000
2019-07-23,152.779999,153.199997,152.300003,153.179993,138.032288,1643800
2019-07-24,152.759995,154.149994,152.759995,154.119995,138.879318,2168900
2019-07-25,153.940002,153.949997,152.889999,153.300003,138.14035,2046000
2019-07-26,153.649994,154.509995,153.610001,154.410004,139.14064,1721600
2019-07-29,154.350006,154.380005,153.630005,154.039993,138.807205,1587600
2019-07-30,153.190002,154,152.960007,153.889999,138.672043,1970300
2019-07-31,153.910004,154.110001,151.070007,152.210007,137.158157,2512000
2019-08-01,152.289993,153.850006,150.259995,150.800003,135.887619,3901500
2019-08-02,150.300003,150.410004,148.580002,149.580002,134.788269,7062200
2019-08-05,147.179993,147.25,143.869995,145.139999,130.787308,5701800
2019-08-06,146.190002,147.080002,145.210007,147.029999,132.490417,3408400
2019-08-07,145.300003,147.529999,144.179993,147.190002,132.634613,3195500
2019-08-08,147.979996,150.020004,147.699997,149.990005,135.1577,4143200
2019-08-09,149.559998,149.789993,148.020004,148.919998,134.193527,2349700
2019-08-12,148.119995,148.259995,146.550003,147.080002,132.535492,2610200
2019-08-13,146.889999,150.080002,146.529999,149.179993,134.427826,2721400
2019-08-14,146.949997,147.199997,144.779999,144.869995,130.544006,3938800
2019-08-15,145.309998,145.660004,144.050003,145.139999,130.787308,3591900
2019-08-16,146.080002,147.600006,146,147.339996,132.769791,3659300
2019-08-19,149.089996,149.479996,148.630005,149.089996,134.34671,2875000
2019-08-20,148.809998,149.029999,147.899994,147.949997,133.319443,1739000
2019-08-21,149.160004,149.399994,148.820007,149.199997,134.445816,1439700
2019-08-22,149.610001,149.899994,148.130005,149.070007,134.32869,1730700
2019-08-23,148.410004,149.300003,144.639999,145.309998,130.940506,3808300
2019-08-26,146.529999,146.880005,145.660004,146.779999,132.265121,3623000
2019-08-27,147.639999,147.830002,145.679993,146.100006,131.652405,1984700
2019-08-28,145.690002,147.240005,145.309998,147.139999,132.589554,1981000
2019-08-29,148.589996,149.380005,148.100006,149.089996,134.34671,2576000
2019-08-30,149.880005,149.889999,148.440002,149.039993,134.301666,2267900
2019-09-03,147.990005,148.550003,147.369995,148.070007,133.427551,4307800
2019-09-04,149.300003,149.649994,148.820007,149.649994,134.851303,2071700
2019-09-05,151,152.110001,150.75,151.649994,136.653564,2991800
2019-09-06,151.809998,152.059998,151.399994,151.679993,136.680588,1568700
2019-09-09,152.220001,152.270004,151.149994,151.770004,136.761703,2575200
2019-09-10,151.360001,151.919998,150.630005,151.919998,136.896835,3435200
2019-09-11,152.089996,153.169998,151.699997,153.160004,138.014252,3848100
2019-09-12,153.630005,154.130005,153.050003,153.619995,138.428726,3486800
2019-09-13,153.869995,154.080002,153.279999,153.470001,138.293579,3002500
2019-09-16,152.220001,152.690002,152.039993,152.460007,138.012985,1690800
2019-09-17,152.350006,152.869995,152,152.830002,138.3479,2104500
2019-09-18,152.649994,152.839996,151.350006,152.809998,138.329773,1716700
2019-09-19,153.130005,153.610001,152.550003,152.710007,138.239212,2061400
2019-09-20,153,153.229996,151.600006,152.039993,137.632736,2106100
2019-09-23,151.710007,152.460007,151.570007,152.119995,137.705139,2051800
2019-09-24,152.600006,152.809998,150.199997,150.710007,136.428787,4234600
2019-09-25,150.729996,151.910004,149.919998,151.660004,137.288757,6144100
2019-09-26,151.660004,151.660004,150.470001,151.199997,136.87236,1723000
2019-09-27,151.639999,151.710007,149.440002,150.300003,136.057617,1940200
2019-09-30,150.649994,151.369995,150.550003,151,136.691269,1702000
2019-10-01,151.5,151.880005,148.919998,149.029999,134.907974,2823000
2019-10-02,148.179993,148.240005,145.820007,146.610001,132.717285,3811500
2019-10-03,146.479996,147.800003,144.899994,147.800003,133.79454,4380400
2019-10-04,148.360001,149.809998,148.039993,149.729996,135.541595,2509200
2019-10-07,149.380005,150.190002,148.889999,149.139999,135.007568,2237400
2019-10-08,148.039993,148.360001,146.710007,146.729996,132.825928,2213900
2019-10-09,147.850006,148.589996,147.520004,148.080002,134.048019,3294600
2019-10-10,148,149.5,147.990005,149.029999,134.907974,3508900
2019-10-11,150.509995,151.899994,150.470001,150.630005,136.3564,3377100
2019-10-14,150.520004,150.75,150.25,150.490005,136.22963,1213500
2019-10-15,151.029999,152.330002,150.919998,151.970001,137.569366,2153200
2019-10-16,151.639999,152.050003,151.369995,151.690002,137.315918,1578400
2019-10-17,152.330002,152.639999,151.839996,152.190002,137.768539,1640400
2019-10-18,151.940002,152.199997,150.899994,151.580002,137.216309,1720000
2019-10-21,152.350006,152.690002,152.059998,152.570007,138.112534,1710100
2019-10-22,152.929993,153.009995,152.039993,152.110001,137.696136,1711800
2019-10-23,151.970001,152.490005,151.770004,152.419998,137.976761,1804000
2019-10-24,153.009995,153.080002,152.279999,152.839996,138.356949,1582200
2019-10-25,152.490005,153.759995,152.419998,153.449997,138.909164,2461600
2019-10-28,154.119995,154.660004,154,154.380005,139.751038,2725500
2019-10-29,154.229996,154.800003,154.110001,154.350006,139.723831,1561500
2019-10-30,154.399994,154.940002,153.639999,154.720001,140.058807,2246000
2019-10-31,154.679993,154.679993,153.419998,154.179993,139.569946,2224400
2019-11-01,155,155.830002,154.919998,155.830002,141.063644,2341400
2019-11-04,156.699997,156.770004,156.179993,156.399994,141.579559,2150600
2019-11-05,156.600006,156.779999,156.070007,156.259995,141.45285,2377100
2019-11-06,156.240005,156.300003,155.630005,156.190002,141.389511,2288400
2019-11-07,157,157.339996,156.410004,156.720001,141.869308,2407300
2019-11-08,156.559998,157.160004,156.080002,157.160004,142.267548,2132400
2019-11-11,156.399994,156.929993,156.25,156.850006,141.986923,1738900
2019-11-12,157.029999,157.690002,156.740005,157.119995,142.231354,1730700
2019-11-13,156.570007,157.389999,156.389999,157.190002,142.294769,2189400
2019-11-14,156.990005,157.440002,156.720001,157.350006,142.439545,2096200
2019-11-15,158.149994,158.550003,157.789993,158.550003,143.525925,2615300
2019-11-18,158.419998,158.740005,158.119995,158.639999,143.6073,3128400
2019-11-19,159.050003,159.149994,158.259995,158.690002,143.652588,2225200
2019-11-20,158.320007,158.720001,157.25,158.190002,143.199966,3336200
2019-11-21,158.270004,158.339996,157.440002,157.789993,142.83783,2220300
2019-11-22,158.309998,158.339996,157.610001,158.139999,143.154724,1886000
2019-11-25,158.759995,159.639999,158.600006,159.639999,144.512589,2525300
2019-11-26,159.669998,160.059998,159.479996,159.979996,144.820374,1884900
2019-11-27,160.380005,160.740005,160.020004,160.740005,145.508347,2343200
2019-11-29,160.460007,160.550003,159.919998,160.020004,144.856552,1171000
2019-12-02,160.259995,160.360001,158.449997,158.570007,143.543945,3766700
2019-12-03,157.089996,157.710007,156.380005,157.630005,142.693069,4040300
2019-12-04,158.289993,158.960007,158.100006,158.649994,143.616364,2132100
2019-12-05,159,159,158.179993,158.880005,143.82457,1858100
2019-12-06,159.979996,160.539993,159.889999,160.289993,145.100967,2021000
2019-12-09,160.089996,160.429993,159.75,159.779999,144.639313,1934300
2019-12-10,159.770004,160.100006,159.289993,159.639999,144.512589,2150800
2019-12-11,159.889999,160.139999,159.570007,160.020004,144.856552,1781300
2019-12-12,160.020004,161.779999,159.839996,161.330002,146.04245,3012200
2019-12-13,161.25,162.089996,160.669998,161.330002,146.04245,3023500
2019-12-16,162.360001,162.880005,162.220001,162.509995,147.110641,2466000
2019-12-17,162.770004,162.860001,162.440002,162.570007,147.164932,4421500
2019-12-18,162.830002,162.919998,162.259995,162.639999,147.228302,2139800
2019-12-19,162.740005,163.350006,162.699997,163.350006,147.871078,3018600
2019-12-20,164,164.339996,163.860001,164.190002,148.631439,3142900
2019-12-23,164.559998,164.589996,164.199997,164.289993,148.72197,3822900
2019-12-24,163.679993,163.720001,163.25,163.440002,148.754715,1624900
2019-12-26,163.699997,164.229996,163.630005,164.229996,149.473709,2515000
2019-12-27,164.610001,164.679993,163.800003,164.080002,149.337234,2356700
2019-12-30,164.300003,164.380005,162.910004,163.190002,148.527161,4503500
2019-12-31,163,163.759995,162.720001,163.619995,148.918518,3262400
2020-01-02,164.679993,164.979996,163.779999,164.979996,150.156326,3291100
2020-01-03,163.289993,164.470001,163.009995,163.929993,149.200653,3625400
2020-01-06,162.919998,164.520004,162.830002,164.490005,149.710419,6813800
2020-01-07,164.270004,164.460007,163.779999,164.100006,149.355438,2498400
2020-01-08,164.199997,165.550003,164.039993,164.910004,150.092651,4244800
2020-01-09,165.809998,165.979996,165.360001,165.940002,151.03006,2216900
2020-01-10,166.259995,166.300003,165.199997,165.460007,150.593201,4023000
2020-01-13,166,166.630005,165.520004,166.589996,151.621674,3997100
2020-01-14,166.550003,167.119995,166.169998,166.5,151.53978,3062000
2020-01-15,166.5,167.399994,166.419998,166.910004,151.912903,2479200
2020-01-16,167.710007,168.369995,167.610001,168.339996,153.214432,2205600
2020-01-17,169.009995,169.009995,168.369995,168.759995,153.596695,2272000
2020-01-21,168.399994,168.850006,168.169998,168.399994,153.269043,3174200
2020-01-22,168.929993,169.320007,168.350006,168.5,153.360077,2113600
2020-01-23,168.110001,168.770004,167.389999,168.690002,153.53299,2370000
2020-01-24,169.089996,169.089996,166.330002,167.089996,152.076721,3292500
2020-01-27,164.229996,165.320007,163.839996,164.580002,149.792267,4692800
2020-01-28,165.330002,166.669998,165.059998,166.169998,151.23938,4010700
2020-01-29,166.960007,166.990005,165.919998,166.059998,151.139297,1751700
2020-01-30,165,166.610001,164.470001,166.460007,151.503342,2835900
2020-01-31,166.160004,166.210007,163.039993,163.520004,148.82753,4525300
2020-02-03,164.350006,165.830002,164.309998,164.960007,150.138168,2783200
2020-02-04,166.970001,168.020004,166.809998,167.559998,152.504547,2732700
2020-02-05,169.130005,169.350006,168.169998,169.210007,154.006256,4133700
2020-02-06,169.759995,169.830002,169.190002,169.679993,154.434021,2202300
2020-02-07,169.050003,169.399994,168.410004,168.710007,153.551178,2579200
2020-02-10,168.279999,169.949997,168.259995,169.949997,154.679794,2494100
2020-02-11,170.740005,171.25,170.110001,170.419998,155.107559,2921700
2020-02-12,171.240005,171.550003,170.910004,171.490005,156.081406,2154100
2020-02-13,170.699997,171.929993,170.550003,171.419998,156.0177,2827500
2020-02-14,171.600006,171.770004,170.979996,171.699997,156.272537,2527800
2020-02-18,171.270004,171.539993,170.529999,171.300003,155.908478,2459400
2020-02-19,171.919998,172.559998,171.770004,172.169998,156.700317,2488100
2020-02-20,171.960007,172.429993,169.899994,171.649994,156.227005,7061600
2020-02-21,170.949997,171.029999,169.399994,169.889999,154.625183,2983500
2020-02-24,164.5,165.869995,163.589996,164.300003,149.53743,8710900
2020-02-25,165.039993,165.389999,158.770004,159.279999,144.968521,10112300
2020-02-26,160.009995,161.809998,158,158.399994,144.167542,8210300
2020-02-27,155.039993,157.529999,151.399994,151.460007,137.851105,14384200
2020-02-28,146.419998,150.589996,145.300003,150.440002,136.92276,22272400
2020-03-02,151.410004,156.820007,149.580002,156.669998,142.592987,12071600
2020-03-03,157.339996,159.300003,151.080002,152.630005,138.915955,8623100
2020-03-04,155.520004,158.75,154.050003,158.729996,144.467926,5226600
2020-03-05,154.809998,156.360001,152.110001,153.440002,139.653198,5343100
2020-03-06,148.979996,151.339996,147.119995,150.589996,137.059326,9947700
2020-03-09,140,143.630005,138.240005,138.5,126.055565,18537100
2020-03-10,144.350006,145.410004,137.899994,145.369995,132.308319,11693300
2020-03-11,141.449997,142.199997,136.300003,138.009995,125.609627,10760200
2020-03-12,129.179993,133.669998,124.410004,124.589996,113.395424,20969500
2020-03-13,132,135.929993,125,135.929993,123.716522,15351600
2020-03-16,121.059998,127.989998,120,120.459999,109.636505,14652900
2020-03-17,122.209999,127.370003,118,126.5,115.133789,16645800
2020-03-18,118.5,122.360001,113,119.209999,108.498833,15388000
2020-03-19,117.410004,122.800003,114.589996,120.089996,109.299774,11083500
2020-03-20,121.150002,122.660004,114.800003,115.190002,104.840034,12264900
2020-03-23,113.650002,114.900002,109.489998,111.910004,101.854729,16443000
2020-03-24,117.629997,122.580002,117,122.529999,111.520515,10986900
2020-03-25,123.540001,129.029999,120.589996,124.220001,113.058685,14428100
2020-03-26,124.839996,131.630005,124.660004,131.110001,119.922379,10549100
2020-03-27,127.120003,130.509995,125.510002,126.93,116.099045,9731500
2020-03-30,127.779999,131.169998,126.639999,130.779999,119.620506,10416300
2020-03-31,130.970001,131.610001,128.020004,128.910004,117.91008,8662400
2020-04-01,124.129997,125.620003,121.769997,122.959999,112.467804,7911500
2020-04-02,122.379997,126.129997,122.019997,125.519997,114.809349,6244300
2020-04-03,124.849998,126.040001,121.860001,123.379997,112.851959,6584400
2020-04-06,128.429993,132.800003,127.779999,132.009995,120.745567,9369400
2020-04-07,137.020004,137.279999,132.080002,132.160004,120.882759,10469900
2020-04-08,133.729996,137.449997,132.419998,136.800003,125.126808,6610400
2020-04-09,138.919998,140.779999,137.809998,139.360001,127.468407,9311600
2020-04-13,138.75,140.059998,135.630005,137.699997,125.950043,7291600
2020-04-14,140.589996,142.210007,139.970001,141.880005,129.773376,5609300
2020-04-15,138.740005,139.490005,137.429993,138.550003,126.727501,5164100
2020-04-16,139.270004,139.550003,137.429993,139.199997,127.321999,5301200
2020-04-17,142.710007,143.479996,141.080002,143.139999,130.925888,6411200
2020-04-20,141,143.050003,140.509995,140.820007,128.803787,5414000
2020-04-21,138.100006,138.979996,135.869995,136.449997,124.806656,6367500
2020-04-22,139.259995,140.300003,138.360001,139.529999,127.623894,6340900
2020-04-23,140.220001,141.979996,139.440002,139.550003,127.642204,6198300
2020-04-24,140.5,141.970001,139.259995,141.630005,129.544678,4403600
2020-04-27,142.649994,144.660004,141,144.139999,131.840485,4968200
2020-04-28,146.169998,146.479996,143.369995,143.690002,131.428955,3594500
2020-04-29,146.809998,148.539993,146.029999,147.759995,135.151642,4990900
2020-04-30,146.779999,147.050003,145.119995,145.839996,133.395493,4228800
2020-05-01,143.119995,143.600006,139.800003,141.809998,129.709335,4232500
2020-05-04,140.669998,142.449997,139.910004,142.350006,130.203232,4741200
2020-05-05,144.080002,145.339996,143.460007,143.669998,131.410614,3665900
2020-05-06,144.610001,144.869995,142.699997,142.880005,130.688004,3927300
2020-05-07,144.699997,145.759995,144.399994,144.75,132.398453,3796300
2020-05-08,146.449997,147.630005,145.880005,147.470001,134.886353,4248400
2020-05-11,146.220001,148.210007,146.029999,147.490005,134.904648,4240900
2020-05-12,148.080002,148.309998,144.199997,144.350006,132.032608,4864400
2020-05-13,143.899994,144.309998,140.020004,141.449997,129.380005,5862100
2020-05-14,139.850006,143.089996,138.369995,142.970001,130.770355,7561000
2020-05-15,141.770004,143.860001,141.190002,143.830002,131.556976,3845600
2020-05-18,147.529999,149.410004,147.25,148.600006,135.919952,4557800
2020-05-19,148.360001,149.300003,147.020004,147.020004,134.474777,3180900
2020-05-20,149.169998,150.190002,148.910004,149.740005,136.962662,3894000
2020-05-21,149.600006,150.130005,148.020004,148.839996,136.13945,3419200
2020-05-22,148.759995,149.279999,147.970001,149.259995,136.523605,3003000
2020-05-26,152.839996,152.889999,151.110001,151.339996,138.426086,4197500
2020-05-27,153,153.729996,150.020004,153.729996,140.612167,5077700
2020-05-28,154.410004,155.190002,152.729996,153.199997,140.127441,4601500
2020-05-29,152.800003,154.130005,151.410004,153.710007,140.593887,4776100
2020-06-01,153.619995,155.089996,153.270004,154.75,141.545151,3478900
2020-06-02,155.199997,156,154.429993,155.919998,142.615356,4157200
2020-06-03,157.199997,158.800003,157.009995,158.350006,144.837967,9496400
2020-06-04,157.710007,158.649994,156.619995,157.850006,144.38063,5629200
2020-06-05,161.399994,163.080002,161,161.899994,148.085037,4373400
2020-06-08,162.899994,164.199997,162.320007,164.100006,150.097321,5851300
2020-06-09,162.649994,163.479996,161.880005,162.600006,148.725342,3200400
2020-06-10,162.809998,163.25,161.009995,161.389999,147.61853,4292900
2020-06-11,156.910004,157.699997,151.630005,151.869995,138.910934,12504600
2020-06-12,156.490005,156.490005,150.830002,153.970001,140.831726,6882100
2020-06-15,150.559998,156.160004,149.850006,155.619995,142.340942,4859200
2020-06-16,160.119995,160.119995,155.910004,158.610001,145.075806,4581200
2020-06-17,159.139999,159.210007,157.410004,157.839996,144.371475,3702200
2020-06-18,156.940002,158.300003,156.429993,157.970001,144.490341,2797800
2020-06-19,159.860001,159.880005,156.289993,157.080002,143.676315,3824900
2020-06-22,156.949997,158.300003,156.050003,158.169998,144.67334,2561300
2020-06-23,159.630005,159.979996,158.550003,158.789993,145.240402,2555100
2020-06-24,157.630005,157.910004,153.410004,154.479996,141.298172,3729100
2020-06-25,153.429993,155.770004,152.410004,155.639999,143.007217,4029200
2020-06-26,154.979996,155.169998,151.729996,152.020004,139.681015,3508500
2020-06-29,152.699997,154.279999,151.350006,154.25,141.730072,3161600
2020-06-30,154.479996,157.220001,154.070007,156.529999,143.824982,4317400
2020-07-01,156.899994,158.039993,156.610001,157.440002,144.661102,3640900
2020-07-02,159.300003,160.070007,157.860001,158.070007,145.23999,3181600
2020-07-06,160.5,161.029999,159.860001,160.559998,147.527908,3307600
2020-07-07,159.789993,160.880005,158.729996,158.929993,146.030151,2357400
2020-07-08,159.309998,160.279999,158.369995,160.229996,147.22467,2434900
2020-07-09,160.559998,160.699997,157.279999,159.240005,146.314987,2465200
2020-07-10,159.169998,161.009995,158.429993,160.949997,147.88623,2391800
2020-07-13,162.080002,163.550003,158.880005,159.210007,146.287491,4694700
2020-07-14,158.5,161.419998,157.740005,161.300003,148.207779,3221300
2020-07-15,163.330002,163.639999,161.669998,163.300003,150.045471,3747800
2020-07-16,162.160004,162.800003,161.679993,162.570007,149.374756,2190700
2020-07-17,163.089996,163.509995,162.070007,163.190002,149.944397,2141100
2020-07-20,163.020004,164.860001,162.600006,164.440002,151.092941,3113200
2020-07-21,165.639999,165.899994,164.369995,164.910004,151.52478,2345600
2020-07-22,164.589996,165.940002,164.589996,165.770004,152.315018,2723200
2020-07-23,165.610001,166.199997,163.080002,163.960007,150.651901,3114900
2020-07-24,162.830002,163.399994,161.899994,162.690002,149.485001,2360800
2020-07-27,163.059998,164.100006,162.630005,164.089996,150.771393,2423500
2020-07-28,163.619995,164.229996,162.779999,162.889999,149.668777,1904900
2020-07-29,163.460007,165.429993,163.460007,165.050003,151.653442,2153300
2020-07-30,163.440002,164.869995,162.410004,164.679993,151.313446,2473300
2020-07-31,165.539993,165.619995,162.960007,165.520004,152.085312,3159700
2020-08-03,166.470001,167.300003,166.149994,166.960007,153.408401,4341600
2020-08-04,166.610001,167.619995,166.529999,167.619995,154.014832,2811700
2020-08-05,168.479996,168.919998,168.300003,168.839996,155.135803,2683000
2020-08-06,168.619995,169.779999,168.279999,169.660004,155.889267,2150900
2020-08-07,169.220001,169.949997,168.600006,169.800003,156.017914,2194200
2020-08-10,170.029999,170.389999,169.050003,170.270004,156.449783,2496700
2020-08-11,171,171.330002,168.479996,168.899994,155.190964,3124600
2020-08-12,170.369995,171.520004,170.339996,171.160004,157.267532,3364900
2020-08-13,170.789993,171.75,170.479996,171.029999,157.148041,2247200
2020-08-14,170.720001,171.300003,170.380005,170.979996,157.102127,2213900
2020-08-17,171.429993,171.860001,171.389999,171.710007,157.772888,3422400
2020-08-18,172,172.270004,170.979996,171.970001,158.011795,3551400
2020-08-19,172.169998,172.5,170.990005,171.300003,157.396133,2291000
2020-08-20,170.259995,172.059998,170.190002,171.789993,157.846359,2184400
2020-08-21,171.539993,172.300003,171.410004,172.220001,158.241486,2284500
2020-08-24,173.509995,173.869995,172.869995,173.869995,159.757568,2467500
2020-08-25,174.220001,174.470001,173.419998,174.449997,160.290482,5162700
2020-08-26,174.729996,176.179993,174.479996,176.029999,161.742249,2441100
2020-08-27,176.520004,177.289993,175.529999,176.449997,162.128128,3435300
2020-08-28,177.179993,177.710007,176.539993,177.679993,163.258301,4163100
2020-08-31,177.660004,178.139999,176.949997,177.279999,162.890778,3189600
2020-09-01,177.690002,178.990005,177.169998,178.850006,164.333374,2877700
2020-09-02,180,181.669998,179.009995,181.240005,166.529358,4021900
2020-09-03,180,180.490005,173.509995,174.940002,160.740662,5341400
2020-09-04,175.339996,176.139999,169.199997,173.449997,159.371643,4379900
2020-09-08,170.300003,171.039993,168.360001,168.580002,154.896881,3976000
2020-09-09,170.830002,173.139999,170.330002,171.880005,157.929077,4290400
2020-09-10,173.059998,173.490005,168.600006,169.059998,155.337967,3507600
2020-09-11,170.240005,170.559998,167.5,169.119995,155.393127,3407700
2020-09-14,171,172.369995,170.600006,171.759995,157.818802,3080800
2020-09-15,173.199997,173.639999,172.110001,172.740005,158.719284,2129700
2020-09-16,173.460007,174.380005,172.070007,172.169998,158.195526,2826900
2020-09-17,169.559998,171.539993,169.220001,170.75,156.890778,2780400
2020-09-18,171.210007,171.210007,167.529999,169.089996,155.365509,3178000
2020-09-21,166.470001,167.059998,164.270004,167.050003,153.491089,4175300
2020-09-22,167.759995,168.929993,166.369995,168.710007,155.016388,2090900
2020-09-23,169,169.130005,164.350006,164.639999,151.276688,2071400
2020-09-24,163.919998,166.690002,162.850006,164.990005,151.598297,3792200
2020-09-25,163.779999,167.440002,163.529999,166.960007,154.037643,2986000
2020-09-28,169.320007,170.300003,168.889999,169.990005,156.833176,3291300
2020-09-29,169.839996,170.229996,168.690002,169.039993,155.95668,2120600
2020-09-30,169.509995,171.970001,169.25,170.309998,157.128418,4786400
2020-10-01,171.720001,172.25,170.610001,171.729996,158.438507,3234100
2020-10-02,168.649994,171.309998,168.229996,170.389999,157.202194,2325600
2020-10-05,171.610001,173.529999,171.330002,173.460007,160.034592,2574200
2020-10-06,173.729996,174.979996,171.009995,171.320007,158.060242,2803300
2020-10-07,172.990005,174.729996,172.940002,174.309998,160.818802,1952400
2020-10-08,175.529999,175.889999,174.880005,175.839996,162.230392,2335200
2020-10-09,176.899994,177.630005,176.440002,177.320007,163.595825,2489200
2020-10-12,178.649994,180.639999,178.410004,179.949997,166.022232,2895800
2020-10-13,179.669998,179.820007,178.429993,179,165.145844,2448900
2020-10-14,179.199997,179.919998,177.490005,177.809998,164.047897,2155600
2020-10-15,175.610001,178.070007,175.160004,177.869995,164.103271,2865300
2020-10-16,178.479996,179.309998,177.550003,177.550003,163.807999,1910200
2020-10-19,178.309998,179.25,174.619995,175.009995,161.46463,2713800
2020-10-20,175.899994,177.360001,175.240005,175.619995,162.027405,2622900
2020-10-21,175.660004,176.720001,175.020004,175.020004,161.473846,3237200
2020-10-22,175.330002,176.559998,174.119995,176.259995,162.617844,3762200
2020-10-23,176.809998,176.949997,175.460007,176.839996,163.152985,2412700
2020-10-26,175.039993,175.490005,171.600006,173.630005,160.191422,3873600
2020-10-27,173.830002,174.020004,172.820007,172.929993,159.545654,2525200
2020-10-28,169.899994,170.229996,167.009995,167.199997,154.259094,4617500
2020-10-29,167.5,170.470001,166.5,168.779999,155.716782,3101000
2020-10-30,167.889999,168.75,165.020004,166.990005,154.065338,3990400
2020-11-02,168.789993,169.809998,167.160004,168.729996,155.67067,3741600
2020-11-03,170.699997,172.960007,170.339996,171.970001,158.659912,4096000
2020-11-04,174.160004,177.850006,173.690002,175.720001,162.119644,3632100
2020-11-05,178.669998,180.080002,178.410004,179.350006,165.46875,3678100
2020-11-06,179.179993,179.800003,178.080002,179.259995,165.385696,3222100
2020-11-09,187.520004,187.520004,181.119995,181.389999,167.350845,5549800
2020-11-10,181.009995,181.690002,179.089996,181.089996,167.074051,5609200
2020-11-11,182.429993,182.899994,181.589996,182.559998,168.430283,2878800
2020-11-12,181.949997,182.399994,179.699997,180.759995,166.769592,3325700
2020-11-13,181.880005,183.639999,181.580002,183.320007,169.131485,4769900
2020-11-16,185.539993,185.610001,184.089996,185.559998,171.198059,6214800
2020-11-17,184.759995,185.690002,183.610001,185.139999,170.810623,5733100
2020-11-18,185.449997,185.75,183.169998,183.179993,169.002274,3281900
2020-11-19,183,184.350006,182.210007,184.199997,169.943314,3038500
2020-11-20,184.169998,184.169998,183.160004,183.229996,169.048447,2785700
2020-11-23,184.289993,185.199997,183.369995,184.729996,170.432312,4390900
2020-11-24,186.289993,187.820007,185.600006,187.589996,173.070938,5378100
2020-11-25,187.449997,187.679993,186.570007,187.520004,173.006409,3459400
2020-11-27,188.130005,188.369995,187.679993,188.179993,173.61528,1742500
2020-11-30,188.059998,188.130005,185.539993,186.699997,172.249802,3721800
2020-12-01,189.169998,189.800003,188.649994,189.070007,174.436401,3867300
2020-12-02,188.440002,189.289993,187.800003,189.229996,174.58403,3831400
2020-12-03,189.320007,190.300003,189.020004,189.610001,174.934616,4408600
2020-12-04,190,191.509995,189.990005,191.509995,176.687546,4401400
2020-12-07,191.300003,191.5,190.619995,191.300003,176.493866,4319700
2020-12-08,190.639999,192.389999,190.600006,192.130005,177.259537,3449000
2020-12-09,192.539993,192.639999,189.509995,190.240005,175.515854,4470500
2020-12-10,189.330002,190.910004,188.710007,190.520004,175.774231,3223500
2020-12-11,189.559998,190.369995,188.600006,190.179993,175.460495,3463000
2020-12-14,191.690002,192.190002,189.580002,189.639999,174.962341,3530500
2020-12-15,191.190002,192.270004,190.380005,192.240005,177.361084,3226100
2020-12-16,192.470001,192.990005,191.889999,192.509995,177.610168,2983900
2020-12-17,193.419998,194.020004,193.210007,194.020004,179.003296,4132800
2020-12-18,194.380005,194.470001,192.210007,193.470001,178.49588,4542100
2020-12-21,191.600006,193.350006,189.820007,192.910004,177.979202,5011900
2020-12-22,193.309998,193.479996,192.210007,192.949997,178.016144,4336000
2020-12-23,193.649994,194.220001,193.160004,193.279999,178.320572,3451400
2020-12-24,192.880005,193,192.240005,192.820007,178.618866,1744000
2020-12-28,194.589996,194.600006,193.800003,194.039993,179.748993,3780500
2020-12-29,194.860001,194.949997,192.820007,193.229996,178.998672,4606200
2020-12-30,193.899994,194.380005,193.610001,193.75,179.480362,4314000
2020-12-31,193.75,194.869995,193.25,194.639999,180.30481,3746400
2021-01-04,195.389999,195.429993,189.759995,191.869995,177.738815,8825800
2021-01-05,191.490005,193.949997,191.419998,193.419998,179.174683,3894000
2021-01-06,192.5,196.889999,192.460007,195.160004,180.786499,6175700
2021-01-07,196.419998,198.619995,196.399994,198.289993,183.686005,4830900
2021-01-08,199.139999,199.460007,196.979996,199.25,184.575272,7538700
2021-01-11,197.419998,199.059998,197.220001,198.059998,183.472931,3858600
2021-01-12,198.369995,198.990005,197.339996,198.759995,184.121353,3874100
2021-01-13,198.729996,199.580002,198.050003,198.979996,184.325195,3465800
2021-01-14,199.550003,200.029999,198.520004,198.789993,184.149139,4289000
2021-01-15,197.960007,198.25,195.979996,197.059998,182.54657,3444800
2021-01-19,198.660004,199.039993,197.830002,198.860001,184.214035,4153700
2021-01-20,200.080002,201.759995,199.970001,201.369995,186.539124,5224900
2021-01-21,201.850006,202,200.779999,201.220001,186.400238,2960600
2021-01-22,200.259995,201.309998,199.960007,200.889999,186.094513,3045900
2021-01-25,201.270004,201.949997,198.350006,201.460007,186.622559,5323200
2021-01-26,201.889999,202.339996,200.679993,200.729996,185.946259,4046900
2021-01-27,199.050003,199.080002,194.649994,195.910004,181.481262,6727700
2021-01-28,196.839996,199.679993,196.740005,197.449997,182.907852,5310100
2021-01-29,196.740005,197.25,192.820007,193.990005,179.702667,8315700
2021-02-01,195.880005,197.729996,194.529999,197.300003,182.76889,3900700
2021-02-02,199.199997,200.960007,199.050003,200.130005,185.390472,3278700
2021-02-03,200.820007,201.259995,199.589996,200.429993,185.668381,2905600
2021-02-04,201.160004,202.970001,201.029999,202.970001,188.021317,2746400
2021-02-05,204.119995,204.289993,203.160004,204.110001,189.077393,3127200
2021-02-08,205.190002,205.979996,204.779999,205.940002,190.772552,3676700
2021-02-09,205.600006,206.449997,205.25,206.020004,190.84668,3384800
2021-02-10,207.070007,207.220001,204.449997,205.929993,190.763306,3682400
2021-02-11,206.699997,206.940002,204.820007,206.419998,191.21727,2630000
2021-02-12,205.889999,207.509995,205.800003,207.490005,192.208405,2416700
2021-02-16,208.309998,208.389999,206.520004,207.119995,191.865646,4955700
2021-02-17,206.020004,206.899994,205.039993,206.690002,191.467316,4484000
2021-02-18,205.229996,206.089996,204.009995,205.5,190.365005,3658900
2021-02-19,206.429993,207.029999,205.649994,205.970001,190.800369,4921800
2021-02-22,204.720001,205.529999,203.910004,204.009995,188.984711,4400300
2021-02-23,202.550003,204.679993,199.360001,203.979996,188.956924,5707900
2021-02-24,203.600006,206.479996,202.779999,206.270004,191.078278,3722800
2021-02-25,205.740005,206.380005,200,200.880005,186.085236,7581100
2021-02-26,201.990005,202.690002,198.550003,200.080002,185.344162,6324600
2021-03-01,203.149994,205.850006,203.070007,205.220001,190.105606,4691800
2021-03-02,205.5,205.550003,203.169998,203.289993,188.317764,4859000
2021-03-03,203.220001,203.539993,200.179993,200.360001,185.603561,4334000
2021-03-04,200.039993,201.240005,194.520004,197.190002,182.666977,7198800
2021-03-05,199.369995,201.210007,194.110001,200.75,185.964813,6614800
2021-03-08,201.440002,202.889999,199.570007,199.770004,185.057022,4281400
2021-03-09,202.229996,204.350006,201.710007,202.869995,187.92865,4116100
2021-03-10,204.550003,205.270004,203.610001,204.320007,189.271881,4133800
2021-03-11,206.080002,207.830002,205.710007,206.990005,191.745224,4102700
2021-03-12,206.160004,207.460007,205.550003,207.399994,192.125,4069000
2021-03-15,207.729996,208.899994,206.389999,208.850006,193.468292,3421900
2021-03-16,209.139999,209.300003,207.360001,208.009995,192.69014,4599900
2021-03-17,207.309998,209.289993,206.360001,208.800003,193.421936,3347000
2021-03-18,207.449997,208.440002,204.770004,205,189.90184,3641900
2021-03-19,205.139999,206.149994,203.570007,205.259995,190.142654,3871000
2021-03-22,205.880005,207.259995,205.380005,206.369995,191.170929,3603900
2021-03-23,206.190002,206.440002,203.639999,204.020004,188.994003,4764800
2021-03-24,205.169998,205.850006,202.330002,202.330002,187.428467,4014500
2021-03-25,200.919998,203.660004,199.5,203.149994,188.815186,4976800
2021-03-26,204.110001,206.639999,203.240005,206.470001,191.900909,3554900
2021-03-29,205.589996,206.360001,204.240005,205.5,190.999359,4562900
2021-03-30,205.169998,205.889999,204.289993,205.440002,190.943604,3960500
2021-03-31,206.050003,207.619995,206,206.690002,192.105377,5494800
2021-04-01,207.990005,209.300003,207.559998,209.279999,194.512589,4543300
2021-04-05,210.850006,211.960007,210.559998,211.720001,196.780441,5941400
2021-04-06,211.690002,212.490005,211.410004,211.800003,196.854813,4029900
2021-04-07,211.789993,212.119995,211.089996,211.619995,196.687485,3299100
2021-04-08,212.539993,212.850006,211.770004,212.850006,197.830734,3628900
2021-04-09,212.850006,214.25,212.619995,214.139999,199.029663,3559100
2021-04-12,214.059998,214.369995,213.330002,214.199997,199.085464,3882800
2021-04-13,214.360001,215.279999,214,214.800003,199.643097,4056900
2021-04-14,215.059998,215.869995,214.039993,214.320007,199.196976,3765600
2021-04-15,215.729996,216.669998,215.460007,216.600006,201.316116,5439600
2021-04-16,217.460007,217.470001,216.320007,217.149994,201.827301,4306000
2021-04-19,216.729996,216.910004,215,215.729996,200.507492,3986900
2021-04-20,215.220001,215.539993,212.919998,213.75,198.667221,5210300
2021-04-21,213.649994,216.330002,213.25,216.300003,201.037277,3167900
2021-04-22,216.449997,217.039993,213.880005,214.610001,199.466522,4394800
2021-04-23,215.080002,217.869995,214.970001,217.210007,201.883072,4374300
2021-04-26,217.740005,218.270004,217.449997,218,202.61731,3202500
2021-04-27,218.300003,218.330002,217.350006,217.899994,202.524323,2670000
2021-04-28,218.070007,218.639999,217.619995,217.869995,202.496506,2603900
2021-04-29,219.600006,219.649994,216.940002,218.699997,203.267914,4178800
2021-04-30,217.509995,218.169998,216.75,217.100006,201.780792,3256600
2021-05-03,218.570007,218.570007,217.300003,217.479996,202.133972,3846300
2021-05-04,216.479996,216.539993,213.809998,215.850006,200.619034,4900000
2021-05-05,216.940002,216.940002,215.279999,215.809998,200.581833,2032600
2021-05-06,215.779999,216.949997,214.080002,216.910004,201.604233,4131200
2021-05-07,217.399994,218.990005,217.100006,218.75,203.314362,3868100
2021-05-10,218.889999,218.899994,216.050003,216.179993,200.925705,4443800
2021-05-11,213.289993,214.910004,212.020004,214.440002,199.308517,5959900
2021-05-12,212.940002,213.630005,209.210007,209.610001,194.819321,5788400
2021-05-13,210.380005,212.919998,210.330002,211.919998,196.966354,4970900
2021-05-14,213.550003,215.960007,213.5,215.539993,200.330887,4292600
2021-05-17,214.899994,215.380005,213.740005,215.080002,199.903366,4063200
2021-05-18,215.25,215.630005,213.339996,213.399994,198.341904,3173100
2021-05-19,210.570007,212.779999,209.75,212.779999,197.76561,6015000
2021-05-20,213.210007,215.660004,213.179993,215.089996,199.912659,3478300
2021-05-21,216.080002,216.740005,214.710007,214.970001,199.801147,3623300
2021-05-24,216.240005,217.699997,215.919998,217.139999,201.817978,2873700
2021-05-25,217.839996,218.020004,216.199997,216.539993,201.260315,3700600
2021-05-26,216.979996,217.559998,216.479996,217.320007,201.985291,3258100
2021-05-27,218,218.240005,217.589996,217.720001,202.357071,2617200
2021-05-28,218.600006,218.729996,218.029999,218.089996,202.700943,2635700
2021-06-01,219.529999,219.529999,217.809998,218.179993,202.784592,3805700
2021-06-02,218.619995,218.820007,217.889999,218.470001,203.054123,3599400
2021-06-03,217.300003,218.050003,216.080002,217.5,202.152573,2967000
2021-06-04,218.570007,219.479996,218.460007,219.389999,203.909225,2287100
2021-06-07,219.550003,219.679993,219.029999,219.570007,204.076538,2762800
2021-06-08,220.029999,220.279999,218.660004,220.020004,204.494781,2831700
2021-06-09,220.410004,220.5,219.350006,219.399994,203.918533,2688600
2021-06-10,220.210007,220.899994,219.190002,220.369995,204.820068,2936700
2021-06-11,220.779999,221.020004,220.130005,221.020004,205.42421,2837200
2021-06-14,221.199997,221.389999,220.380005,221.360001,205.740204,3189400
2021-06-15,221.490005,221.529999,220.169998,220.779999,205.201157,3094000
2021-06-16,220.970001,220.970001,218.380005,219.679993,204.178757,3459600
2021-06-17,219.440002,220.059998,217.949997,219.470001,203.983582,3002900
2021-06-18,217.990005,218.149994,216.529999,216.75,201.455521,4538300
2021-06-21,217.669998,219.800003,217.080002,219.740005,204.234512,3870000
2021-06-22,219.850006,221.350006,219.179993,220.990005,205.396332,2684300
2021-06-23,221.100006,221.589996,220.809998,220.899994,205.312668,2662200
2021-06-24,221.509995,221.869995,221.289993,221.720001,206.706467,2931600
2021-06-25,222.259995,222.699997,221.910004,222.550003,207.48024,2801300
2021-06-28,222.990005,222.990005,221.860001,222.800003,207.713303,3094900
2021-06-29,223.309998,223.399994,222.470001,222.809998,207.722626,4068000
2021-06-30,222.690002,223.149994,222.460007,222.820007,207.731934,3041700
2021-07-01,223.399994,224.059998,223.100006,224.029999,208.860001,3836000
2021-07-02,224.710007,225.410004,224.309998,225.270004,210.016083,3026400
2021-07-06,225.380005,225.520004,223.160004,224.779999,209.559265,4147200
2021-07-07,225.080002,225.360001,223.520004,225.080002,209.838928,4042200
2021-07-08,221.929993,223.720001,221.139999,223.179993,208.067566,4486100
2021-07-09,224.160004,225.979996,224.020004,225.880005,210.584747,3886600
2021-07-12,225.949997,226.610001,225.470001,226.509995,211.172089,3294600
2021-07-13,226.100006,226.520004,225.119995,225.25,209.997421,4668400
2021-07-14,226.270004,226.460007,224.419998,224.940002,209.70842,2830200
2021-07-15,224.449997,224.759995,222.860001,224.149994,208.971878,3276500
2021-07-16,225,225,222.190002,222.389999,207.33107,3203300
2021-07-19,219.809998,219.809998,217.820007,219.229996,204.38504,6966200
2021-07-20,219.949997,223.710007,219.389999,223.020004,207.918427,5362900
2021-07-21,223.75,225.020004,223.550003,225.020004,209.78299,2542500
2021-07-22,225.199997,225.350006,224.179993,225.210007,209.960129,2236200
2021-07-23,226.25,227.610001,225.830002,227.460007,212.057755,2982700
2021-07-26,227.25,227.919998,227.130005,227.919998,212.486649,2849700
2021-07-27,227.380005,227.429993,224.979996,226.690002,211.339874,4169600
2021-07-28,227.119995,227.809998,226.190002,227.039993,211.666183,3306700
2021-07-29,227.580002,228.75,227.580002,228.039993,212.598495,2960900
2021-07-30,226.570007,227.919998,226.399994,226.690002,211.339874,2846800
2021-08-02,227.850006,228.100006,226.190002,226.369995,211.041565,3558100
2021-08-03,226.830002,228,225.279999,227.990005,212.551926,3245400
2021-08-04,227.190002,227.690002,226.75,226.970001,211.600952,3374500
2021-08-05,227.520004,228.600006,227.240005,228.589996,213.111237,2461700
2021-08-06,228.929993,229.309998,228.389999,228.869995,213.372299,2343100
2021-08-09,228.860001,229.039993,228.020004,228.779999,213.288376,3295500
2021-08-10,229,229.309998,228.509995,228.929993,213.428207,2946700
2021-08-11,229.440002,229.490005,228.410004,229.380005,213.847717,3051400
2021-08-12,229.350006,230.020004,228.770004,230.020004,214.444412,2746000
2021-08-13,230.229996,230.25,229.759995,230.149994,214.565567,2516000
2021-08-16,229.479996,230.25,228.279999,230.240005,214.649536,3193200
2021-08-17,228.720001,229.039993,226.779999,228.529999,213.055313,3735100
2021-08-18,228.110001,228.830002,226.059998,226.25,210.929718,3194100
2021-08-19,224.720001,226.820007,224.399994,226.080002,210.77121,3964500
2021-08-20,226.320007,228.190002,226.020004,228.110001,212.663757,2655100
2021-08-23,229.070007,230.740005,228.779999,230.320007,214.724106,3180600
2021-08-24,230.860001,231.410004,230.669998,231.139999,215.488571,2772300
2021-08-25,231.389999,232.020004,230.979996,231.800003,216.103867,2897000
2021-08-26,231.619995,231.789993,230.160004,230.25,214.658859,3352000
2021-08-27,230.800003,232.940002,230.669998,232.729996,216.970886,3749800
2021-08-30,233.220001,233.970001,232.800003,233.610001,217.791306,3194000
2021-08-31,233.559998,233.630005,232.770004,233.169998,217.381104,3099400
2021-09-01,233.820007,234.210007,233.25,233.580002,217.763382,3533100
2021-09-02,234.309998,234.649994,233.679993,234.369995,218.499863,3274600
2021-09-03,234,234.5,233.630005,234.289993,218.425247,2484200
2021-09-07,234.289993,234.300003,233.020004,233.279999,217.483673,3256800
2021-09-08,233.009995,233.259995,231.589996,232.729996,216.970886,3027600
2021-09-09,232.669998,233.649994,231.75,231.919998,216.215775,3265900
2021-09-10,233.029999,233.190002,229.960007,230.080002,214.500366,3385600
2021-09-13,231.509995,231.740005,229.330002,230.600006,214.985153,3312700
2021-09-14,231.410004,231.490005,228.619995,229.210007,213.68927,3158900
2021-09-15,229.419998,231.339996,228.720001,231.100006,215.451324,2598900
2021-09-16,230.940002,231.520004,229.300003,230.889999,215.255493,2537200
2021-09-17,230.539993,230.830002,228.649994,229.039993,213.530746,3078200
2021-09-20,225.509995,226.309998,222.309998,225.070007,209.829651,7749300
2021-09-21,226.509995,227.029999,224.460007,225.050003,209.810959,4564400
2021-09-22,226.330002,228.429993,225.830002,227.320007,211.927261,4187300
2021-09-23,228.440002,230.949997,228.050003,230.089996,214.509674,3778100
2021-09-24,228.550003,229.949997,228.190002,229.639999,214.765991,3122800
2021-09-27,229.160004,229.869995,228.509995,229.139999,214.298294,2856700
2021-09-28,227.649994,227.789993,224.050003,224.339996,209.809219,5078600
2021-09-29,225.220001,225.990005,224.279999,224.490005,209.949509,4585500
2021-09-30,225.350006,228.399994,221.940002,222.059998,207.676895,5080200
2021-10-01,223.100006,225.630005,221.020004,225.119995,210.538696,5148600
2021-10-04,224.240005,224.399994,220.539993,221.729996,207.368286,4984000
2021-10-05,222.429993,224.990005,222.100006,223.800003,209.304153,3568200
2021-10-06,221.889999,224.809998,220.979996,224.729996,210.17395,3076000
2021-10-07,226.5,228.360001,226.110001,226.889999,212.194016,3081300
2021-10-08,227.399994,227.550003,226.020004,226.389999,211.726486,1922600
2021-10-11,226.070007,227.589996,224.679993,224.759995,210.202026,2354900
2021-10-12,225.309998,225.699997,224.160004,224.600006,210.052353,2898400
2021-10-13,225.169998,226.029999,223.649994,225.619995,211.006332,3179500
2021-10-14,227.710007,229.429993,227.5,229.369995,214.513412,2688800
2021-10-15,230.690002,231.160004,230.270004,230.729996,215.785339,2717900
2021-10-18,230.070007,231.660004,229.449997,231.570007,216.570923,3078300
2021-10-19,232.5,233.279999,232.110001,233.259995,218.151474,2683100
2021-10-20,233.550003,234.350006,233.389999,234.169998,219.002502,2838400
2021-10-21,233.910004,234.949997,233.669998,234.809998,219.601059,2839800
2021-10-22,234.600006,235.309998,233.320007,234.360001,219.180206,2144500
2021-10-25,235.070007,235.960007,234.100006,235.800003,220.526962,2170100
2021-10-26,236.649994,237.190002,235.460007,235.710007,220.442749,2759900
2021-10-27,236.050003,236.080002,233.990005,234.100006,218.937027,3409600
2021-10-28,234.940002,236.600006,234.779999,236.600006,221.275131,2104900
2021-10-29,235.479996,237.130005,235.369995,236.910004,221.565063,3565900
2021-11-01,237.75,238.119995,236.720001,238.089996,222.668625,3967500
2021-11-02,238.320007,238.929993,237.910004,238.830002,223.360687,4004800
2021-11-03,238.690002,240.729996,238.300003,240.520004,224.941223,3704400
2021-11-04,241.029999,241.800003,240.529999,241.429993,225.792282,3557000
2021-11-05,242.75,243.509995,241.389999,242.360001,226.662048,3919400
2021-11-08,243.169998,243.559998,242.429993,242.759995,227.036102,3401400
2021-11-09,243.039993,243.139999,241.190002,242.059998,226.381454,2764100
2021-11-10,241.139999,241.960007,238.729996,239.679993,224.155563,3356500
2021-11-11,240.669998,240.759995,239.960007,239.970001,224.426819,2277100
2021-11-12,240.639999,242.039993,240.210007,241.75,226.091568,2419900
2021-11-15,242.440002,242.669998,241.139999,241.75,226.091568,3630500
2021-11-16,241.660004,243.330002,241.410004,242.789993,227.064163,2947400
2021-11-17,242.600006,242.600006,241.429993,241.789993,226.128983,2809000
2021-11-18,242.300003,242.440002,240.520004,242.169998,226.484375,3507700
2021-11-19,242.089996,242.619995,241.330002,241.479996,225.83905,3353800
2021-11-22,242.339996,243.600006,240.25,240.320007,224.754166,3902900
2021-11-23,240.100006,241.100006,238.240005,240.399994,224.829025,3826200
2021-11-24,239.139999,241.210007,238.630005,241.210007,225.586548,2195400
2021-11-26,237.240005,238.100006,234.940002,235.990005,220.704636,5730300
2021-11-29,238.479996,239.279999,236.520004,238.210007,222.780838,4789200
2021-11-30,236.990005,237.729996,233.100006,233.449997,218.329178,7231400
2021-12-01,236.410004,237.869995,229.880005,230.160004,215.252258,5274700
2021-12-02,230.210007,234.679993,230.089996,233.899994,218.750015,4257400
2021-12-03,234.830002,235.270004,229.020004,231.190002,216.21553,5821900
2021-12-06,232.610001,235.179993,230.949997,234.160004,218.993164,4210600
2021-12-07,237.559998,239.699997,237.339996,239.169998,223.678665,4284700
2021-12-08,239.570007,240.380005,238.639999,240.199997,224.641922,3417400
2021-12-09,239.520004,239.899994,237.779999,237.910004,222.50032,2853800
2021-12-10,239.419998,239.869995,237.570007,239.529999,224.015335,2610800
2021-12-13,239.5,239.600006,237.139999,237.350006,221.976547,5839100
2021-12-14,235.449997,236.860001,234.050003,235.570007,220.311844,3360400
2021-12-15,235.559998,239.25,233.850006,239.199997,223.706696,3720700
2021-12-16,240.289993,240.490005,235.660004,236.520004,221.200272,3876100
2021-12-17,235,237.160004,233.339996,235.440002,220.190262,4455100
2021-12-20,232.100006,232.350006,230.070007,232.130005,217.094696,5839800
2021-12-21,234.190002,236.839996,233.220001,236.679993,221.349915,4158800
2021-12-22,236.630005,239.100006,236.550003,239.020004,223.538361,3202900
2021-12-23,239.869995,241.360001,239.5,240.669998,225.081512,2925100
2021-12-27,240.479996,242.960007,240.339996,242.960007,228.037079,4395100
2021-12-28,243.059998,243.779999,242.039993,242.460007,227.567825,3960900
2021-12-29,242.550003,243.160004,241.710007,242.600006,227.699203,3044300
2021-12-30,243.110001,243.690002,242,242.210007,227.333176,4501500
2021-12-31,242.089996,242.690002,241.440002,241.440002,226.610428,3499900
2022-01-03,242.419998,242.970001,240.860001,242.970001,228.046448,4204000
2022-01-04,243.729996,244.059998,241.350006,242.509995,227.614731,4217000
2022-01-05,242.080002,242.660004,237.199997,237.25,222.677841,4878300
2022-01-06,237.199997,238.770004,235.539993,237.190002,222.621521,4519200
2022-01-07,237.190002,238.070007,235.320007,236.110001,221.607819,3580200
2022-01-10,234.210007,235.839996,230.970001,235.699997,221.223022,5819600
2022-01-11,235.710007,238.110001,234.089996,238.050003,223.42865,3524800
2022-01-12,239.039993,239.850006,237.309998,238.419998,223.775925,4033100
2022-01-13,239.179993,239.399994,234.479996,234.929993,220.50029,4049300
2022-01-14,233.5,235.130005,232.309998,235.020004,220.584763,3829900
2022-01-18,232.5,232.699997,229.940002,230.449997,216.295456,6511600
2022-01-19,231.220001,232.160004,227.899994,228.029999,214.024124,4868100
2022-01-20,229.130005,231.910004,225.139999,225.369995,211.527496,5175100
2022-01-21,224.619995,226.089996,220.830002,220.910004,207.341446,8582600
2022-01-24,217.990005,222.570007,212.100006,222.330002,208.67424,22004300
2022-01-25,219.100006,222.020004,215.639999,219.220001,205.755234,6600400
2022-01-26,222.720001,224.160004,216.050003,218.369995,204.957443,7096400
2022-01-27,220.809998,222.399994,215.899994,216.75,203.436966,5789200
2022-01-28,217.5,222.169998,214.929993,222.089996,208.448959,4961200
2022-01-31,222.089996,226.949997,221.220001,226.809998,212.879059,5306400
2022-02-01,227.940002,228.929993,225.139999,228.539993,214.502777,4697600
2022-02-02,229.889999,230.440002,227.990005,230.050003,215.920059,4048200
2022-02-03,226.809998,227.929993,224.130005,224.580002,210.78598,4217700
2022-02-04,224.830002,227.990005,223.320007,226.070007,212.184479,3585300
2022-02-07,226.479996,227.380005,224.839996,225.5,211.64946,2757300
2022-02-08,225.270004,228.050003,224.479996,227.570007,213.592377,3075500
2022-02-09,229.860001,231.300003,229.600006,231.270004,217.065109,3698700
2022-02-10,228.160004,231.809998,226.139999,227.350006,213.385864,3511200
2022-02-11,227.380005,228.5,222.009995,222.940002,209.24675,4839800
2022-02-14,222.520004,223.550003,220.300003,222.119995,208.477097,4402100
2022-02-15,224.580002,226.169998,224.399994,226.070007,212.184479,4406200
2022-02-16,225,226.880005,223.809998,226.279999,212.381577,4812400
2022-02-17,224.410004,224.699997,220.720001,221.139999,207.557327,5784600
2022-02-18,221.139999,221.990005,218.210007,219.369995,205.895996,7007900
2022-02-22,218.110001,220.080002,215.059998,216.850006,203.530777,7748900
2022-02-23,218.570007,218.830002,212.570007,212.860001,199.785858,7684500
2022-02-24,207.639999,216.850006,207,216.589996,203.286743,10471000
2022-02-25,217.279999,221.440002,216.160004,221.410004,207.81073,4615100
2022-02-28,219.25,222.059998,218.25,221.169998,207.585449,4219800
2022-03-01,220.619995,221.490005,216.330002,217.720001,204.347382,4765000
2022-03-02,219,222.610001,218.419998,221.850006,208.223663,3884900
2022-03-03,222.539993,223.089996,219.190002,220.160004,206.637497,4161700
2022-03-04,218.210007,218.610001,215.850006,217.960007,204.572586,4518100
2022-03-07,217.679993,217.919998,211.220001,211.240005,198.265381,7953400
2022-03-08,211.070007,215.490005,209.279999,210.050003,197.148453,6132200
2022-03-09,214.669998,216.910004,213.570007,215.880005,202.620361,4558400
2022-03-10,213.770004,215.350006,212.300003,214.910004,201.70993,5271300
2022-03-11,216.320007,216.539993,211.699997,211.990005,198.969345,5511000
2022-03-14,212.279999,213.809998,209.270004,209.899994,197.00769,6284200
2022-03-15,211,214.639999,210.5,214.279999,201.118622,6491000
2022-03-16,216.360001,219.639999,213.990005,219.639999,206.149414,4863500
2022-03-17,218.529999,222.600006,218.279999,222.580002,208.908844,6570100
2022-03-18,221.990005,225.449997,221.429993,225.179993,211.349182,3425100
2022-03-21,225.440002,226.199997,223.070007,224.970001,211.152069,2802200
2022-03-22,225.779999,228.149994,225.600006,227.729996,213.742493,3269300
2022-03-23,225.729996,226.5,223.929993,223.929993,210.83136,2695400
2022-03-24,225.009995,227.190002,224.330002,227.119995,213.834793,2375100
2022-03-25,227.570007,228.25,225.899994,228.089996,214.748047,3851100
2022-03-28,228.029999,229.570007,226.479996,229.570007,216.141495,6799400
2022-03-29,231.419998,233.360001,230.449997,233.050003,219.417908,4470500
2022-03-30,232.389999,232.809998,230.029999,231.160004,217.638504,3436400
2022-03-31,230.679993,231.320007,227.610001,227.669998,214.352631,4087000
2022-04-01,228.660004,228.75,226.630005,228.580002,215.209396,3456400
2022-04-04,228.860001,230.539993,228.380005,230.520004,217.035919,3241100
2022-04-05,229.889999,230.880005,226.580002,227.149994,213.863068,3268800
2022-04-06,225.029999,225.839996,222.940002,224.539993,211.405685,4122000
2022-04-07,224.199997,226.440002,222.639999,225.389999,212.205978,4347500
2022-04-08,224.979996,226.350006,223.910004,224.690002,211.546936,2954800
2022-04-11,223.169998,223.570007,221,221.179993,208.242233,2942200
2022-04-12,222.860001,224.5,219.740005,220.5,207.602036,3164200
2022-04-13,220.509995,223.789993,220.270004,223.389999,210.322998,2404600
2022-04-14,223.580002,224.210007,220.610001,220.669998,207.76207,2465500
2022-04-18,220.410004,221.289993,219.149994,220.289993,207.404282,3674400
2022-04-19,220.229996,224.600006,220.229996,224.169998,211.057358,2631200
2022-04-20,225,225.520004,223.399994,223.880005,210.784332,2933200
2022-04-21,225.699997,226.679993,219.699997,220.220001,207.338409,3172100
2022-04-22,219.729996,219.729996,214.020004,214.220001,201.689377,6361400
2022-04-25,213.070007,215.699997,210.789993,215.389999,202.790939,9271800
2022-04-26,214.259995,214.410004,209.25,209.25,197.010117,6891100
2022-04-27,209.850006,212.399994,208.550003,209.660004,197.396088,4955900
2022-04-28,211.880005,215.75,209.449997,214.770004,202.207199,3767700
2022-04-29,212.899994,214.309998,206.710007,206.880005,194.778717,7330500
2022-05-02,207.149994,209.130005,203.710007,208.440002,196.247452,10630500
2022-05-03,208.490005,210.610001,207.880005,209.429993,197.179565,3901800
2022-05-04,209.720001,215.910004,207.690002,215.570007,202.960403,3870600
2022-05-05,213.289993,213.389999,205.460007,207.619995,195.475403,5186700
2022-05-06,206.419998,207.820007,203.110001,205.949997,193.903122,5193900
2022-05-09,203,203.380005,197.860001,198.649994,187.030106,9551400
2022-05-10,201.889999,202.710007,196.550003,199.050003,187.406738,7605000
2022-05-11,198.589996,201.630005,195.149994,195.449997,184.017319,6365500
2022-05-12,194.059998,197.589996,192.119995,195.660004,184.214996,7964900
2022-05-13,197.910004,201.75,197.740005,200.899994,189.148483,4543200
2022-05-16,200.389999,201.860001,198.860001,199.910004,188.216431,4479400
2022-05-17,203.380005,204.259995,201.160004,204.179993,192.236649,3954500
2022-05-18,201.820007,202.020004,195.440002,196.190002,184.714005,4712200
2022-05-19,194.490005,197.660004,193.880005,195.320007,183.894913,5710900
2022-05-20,197.039993,197.539993,190.660004,195.320007,183.894913,5153300
2022-05-23,196.649994,199.149994,195.460007,198.660004,187.039551,5018000
2022-05-24,196.570007,197.300003,193.320007,196.669998,185.165939,4788700
2022-05-25,195.949997,199.860001,195.779999,198.860001,187.227844,4921900
2022-05-26,199.399994,203.800003,199.369995,202.929993,191.059753,4216700
2022-05-27,204.270004,208.089996,204.179993,208.070007,195.899124,4381100
2022-05-31,207.169998,208.350006,205.190002,206.360001,194.289139,4100900
2022-06-01,207.669998,208.320007,203.460007,205,193.008713,3087800
2022-06-02,205,209.199997,204,209.179993,196.944183,2977800
2022-06-03,206.679993,207.610001,205.300003,205.839996,193.79953,2694100
2022-06-06,208.119995,208.789993,205.910004,206.449997,194.373901,2745500
2022-06-07,204.630005,208.880005,204.350006,208.690002,196.482849,3350500
2022-06-08,207.929993,208.699997,205.910004,206.350006,194.279739,2187200
2022-06-09,205.419998,206.330002,201.380005,201.410004,189.628662,3061100
2022-06-10,198.389999,198.389999,195.360001,195.429993,183.998505,5703800
2022-06-13,190.649994,191.179993,186.679993,187.449997,176.485275,10468300
2022-06-14,188.509995,189.050003,185.270004,186.919998,175.986282,7045900
2022-06-15,188.610001,192.130005,186.179993,189.639999,178.54715,5011700
2022-06-16,185.380005,185.679993,181.669998,183.020004,172.314407,8225100
2022-06-17,183.259995,185.410004,181.800003,183.710007,172.964005,5252700
2022-06-21,186.690002,189.029999,186.690002,188.160004,177.153717,6103400
2022-06-22,185.910004,189.949997,185.619995,188.130005,177.125488,7321300
2022-06-23,188.130005,189.570007,186.460007,189.080002,178.731506,6675800
2022-06-24,190.919998,195.220001,190.589996,195.190002,184.507065,3856400
2022-06-27,195.630005,196.009995,193.899994,194.589996,183.939911,5950400
2022-06-28,195.440002,196.850006,190.559998,190.580002,180.149429,6012700
2022-06-29,190.789993,191.179993,189.179993,190.259995,179.846893,4155800
2022-06-30,188,190.309998,186.130005,188.619995,178.296677,4250300
2022-07-01,188.190002,190.869995,186.899994,190.610001,180.17775,3223100
2022-07-05,188.360001,191.309998,186.360001,191.289993,180.820541,3986100
2022-07-06,191.289993,192.899994,189.880005,191.669998,181.179749,2981000
2022-07-07,192.630005,195.220001,192.589996,194.830002,184.166809,2919300
2022-07-08,194.059998,195.699997,193.009995,194.630005,183.977737,2799200
2022-07-11,193.380005,193.75,191.809998,192.169998,181.652359,3033800
2022-07-12,192,193.240005,189.600006,190.509995,180.083237,2640300
2022-07-13,187.789993,191.089996,187.389999,189.679993,179.29866,3322400
2022-07-14,187.279999,189.190002,185.580002,188.839996,178.504654,3355600
2022-07-15,191.190002,192.550003,189.979996,192.509995,181.973755,2914600
2022-07-18,194.289993,194.770004,190.539993,191.179993,180.716583,3974200
2022-07-19,193.270004,196.720001,192.990005,196.520004,185.764267,3287500
2022-07-20,196.429993,198.75,195.990005,198.110001,187.267273,3332400
2022-07-21,197.630005,200.070007,196.460007,200.070007,189.120026,2929300
2022-07-22,200,200.800003,196.729996,197.899994,187.068771,2717400
2022-07-25,198.339996,198.600006,196.990005,198.169998,187.32399,2997100
2022-07-26,197.289993,197.330002,195.279999,195.720001,185.008133,2918500
2022-07-27,197.509995,201.720001,197.309998,200.860001,189.86673,2902200
2022-07-28,201.020004,203.729996,199.330002,203.479996,192.343353,2670700
2022-07-29,204.169998,206.779999,203.600006,206.25,194.961777,3342400
2022-08-01,204.970001,207.039993,204.289993,205.770004,194.508041,3531500
2022-08-02,205,207.039993,203.880005,204.660004,193.458755,3020900
2022-08-03,205.919998,208.529999,205.740005,207.949997,196.568695,2827100
2022-08-04,207.940002,208.25,206.919998,207.75,196.379669,2261800
2022-08-05,205.690002,208.080002,205.5,207.679993,196.313538,2758900
2022-08-08,208.619995,210.169998,207.270004,207.869995,196.493164,3024200
2022-08-09,207.440002,207.570007,205.970001,206.559998,195.254822,1829500
2022-08-10,210.289993,211.419998,209.539993,211.270004,199.707047,2878200
2022-08-11,212.820007,214.039993,210.919998,211.279999,199.716461,2835000
2022-08-12,212.429993,214.990005,211.869995,214.940002,203.176147,2366500
2022-08-15,213.839996,216.080002,213.690002,215.779999,203.970154,4479200
2022-08-16,215.410004,217.199997,214.589996,216.240005,204.405029,2835600
2022-08-17,214.389999,215.779999,213.160004,214.300003,202.571198,4007900
2022-08-18,214.330002,215.279999,213.699997,214.860001,203.100525,1640200
2022-08-19,213.360001,213.470001,211.229996,211.789993,200.198532,2555000
2022-08-22,209.080002,209.440002,206.820007,207.259995,195.916504,3142900
2022-08-23,207.360001,208.580002,206.649994,206.869995,195.547821,2856400
2022-08-24,206.839996,208.520004,206.429993,207.740005,196.370209,1790900
2022-08-25,208.600006,210.820007,208.130005,210.75,199.215454,1874100
2022-08-26,210.860001,210.919998,203.699997,203.770004,192.617508,3550200
2022-08-29,202.199997,203.949997,201.619995,202.279999,191.20903,3529100
2022-08-30,202.940002,203.130005,198.899994,200.029999,189.082184,4799400
2022-08-31,200.949997,201.559998,198.5,198.559998,187.692673,2911400
2022-09-01,197.399994,198.889999,195.529999,198.679993,187.806091,4555800
2022-09-02,200.649994,201.360001,195.830002,196.710007,185.943909,3810400
2022-09-06,197.470001,197.669998,194.729996,195.910004,185.187683,5382900
2022-09-07,195.729996,199.940002,195.639999,199.529999,188.609573,3032400
2022-09-08,198.339996,201.179993,197.710007,201.110001,190.103088,2971300
2022-09-09,202.380005,204.850006,202.320007,204.449997,193.260284,2953400
2022-09-12,205.529999,206.990005,205.320007,206.649994,195.33989,2736900
2022-09-13,201.970001,202.550003,197.149994,197.770004,186.945908,5190300
2022-09-14,198.419998,199.199997,196.75,198.539993,187.673752,2793400
2022-09-15,197.860001,199.369995,195.690002,196.419998,185.669754,2491000
2022-09-16,194.470001,194.860001,192.820007,194.630005,183.977737,4966100
2022-09-19,192.899994,196.080002,192.860001,196.009995,185.282196,3346700
2022-09-20,194.429993,194.75,192.289993,193.729996,183.126999,3244200
2022-09-21,194.639999,196.410004,190.399994,190.419998,179.998154,3060200
2022-09-22,190.110001,190.509995,187.970001,188.289993,177.984741,5279700
2022-09-23,185.529999,185.869995,181.820007,184.259995,174.914734,8249900
2022-09-26,183.5,185.479996,181.619995,182.240005,172.997208,6603500
2022-09-27,184.210007,185.399994,180.669998,181.970001,172.740906,6910700
2022-09-28,182.550003,186.699997,181.699997,185.800003,176.376663,6929100
2022-09-29,184.240005,184.309998,180.309998,181.940002,172.712433,8241100
2022-09-30,181.559998,183.710007,179.279999,179.470001,170.367691,8431700
2022-10-03,181.520004,185.020004,180.229996,184.029999,174.696442,7321600
2022-10-04,187.190002,190.070007,187.139999,189.940002,180.306671,6212800
2022-10-05,187.910004,190.690002,186.360001,189.580002,179.964935,4548100
2022-10-06,188.880005,190.460007,187.440002,187.770004,178.246735,3784100
2022-10-07,185.690002,185.830002,181.460007,182.399994,173.149109,4780100
2022-10-10,182.899994,183.199997,179.690002,180.949997,171.772644,4304000
2022-10-11,180.029999,182.470001,178.520004,179.789993,170.671463,4419100
2022-10-12,180.169998,180.729996,178.949997,179.300003,170.206329,5016700
2022-10-13,176.369995,184.550003,174.839996,183.75,174.430634,5626900
2022-10-14,185.089996,185.990005,179.139999,179.419998,170.320251,3798800
2022-10-17,182.759995,184.809998,182.580002,184.210007,174.86731,4025800
2022-10-18,188.139999,188.699997,184.710007,186.460007,177.003174,3906800
2022-10-19,185.25,186.639999,183.339996,184.869995,175.49382,2589100
2022-10-20,184.539993,186.990005,182.809998,183.270004,173.974991,2636200
2022-10-21,182.990005,187.779999,182.289993,187.490005,177.980942,3381200
2022-10-24,188.380005,190.119995,186.690002,189.509995,179.898483,4527800
2022-10-25,189.570007,193.160004,189.529999,192.940002,183.15451,3287100
2022-10-26,191.259995,194.639999,191.259995,191.75,182.024872,4091100
2022-10-27,192.460007,193.470001,190.610001,190.850006,181.170517,3556300
2022-10-28,190.839996,195.529999,190.740005,195.289993,185.38533,3178800
2022-10-31,193.990005,195.169998,193.509995,194.029999,184.18924,5053900
2022-11-01,196,196.440002,192.759995,193.429993,183.619659,9873800
2022-11-02,193.070007,195.270004,188.289993,188.339996,178.787811,4686000
2022-11-03,186.5,188.089996,185.130005,186.539993,177.079117,3935600
2022-11-04,189.320007,190.300003,185.75,188.940002,179.357376,3586200
2022-11-07,189.589996,190.970001,188.470001,190.660004,180.990128,3420000
2022-11-08,191.25,193.309998,189.419998,191.660004,181.939438,4847500
2022-11-09,190.460007,191.039993,187.210007,187.529999,178.018921,13959600
2022-11-10,194.350006,198.309998,193.649994,198.139999,188.090805,3981600
2022-11-11,198.580002,200.699997,197.820007,200.160004,190.008331,4550200
2022-11-14,199.259995,200.919998,198.210007,198.350006,188.290161,4248200
2022-11-15,201.5,202.139999,198.339996,200.360001,190.198212,4606200
2022-11-16,199.449997,199.720001,198.029999,198.320007,188.261658,2905000
2022-11-17,195.669998,197.899994,195.449997,197.490005,187.47377,3704700
2022-11-18,199.080002,199.410004,196.899994,198.419998,188.356583,3039000
2022-11-21,197.720001,198.210007,196.649994,197.580002,187.559189,2961700
2022-11-22,198.130005,200.289993,197.789993,200.169998,190.017838,3390300
2022-11-23,200,201.759995,199.830002,201.389999,191.17598,2685700
2022-11-25,201.220001,201.830002,201.029999,201.539993,191.318329,1289100
2022-11-28,199.929993,200.759995,197.800003,198.270004,188.214188,3365800
2022-11-29,198.490005,199.059998,197.100006,197.960007,187.919922,2640700
2022-11-30,198.139999,204.100006,197.039993,204.059998,193.71051,4201300
2022-12-01,204.830002,205.470001,202.789993,204.179993,193.824448,4354300
2022-12-02,201.550003,204.479996,201.199997,203.990005,193.644073,2917100
2022-12-05,202.509995,202.960007,199.25,199.979996,189.837448,3840500
2022-12-06,199.910004,200.050003,195.839996,196.979996,186.989639,3901000
2022-12-07,196.449997,197.970001,196.020004,196.660004,186.685852,3438100
2022-12-08,197.550003,198.919998,196.820007,198.360001,188.299637,3982600
2022-12-09,197.529999,198.830002,196.619995,196.699997,186.723785,3784900
2022-12-12,197,199.529999,196.699997,199.529999,189.410309,3931600
2022-12-13,205.630005,205.630005,199.619995,201.020004,190.824738,4191900
2022-12-14,200.919998,202.720001,198.270004,199.899994,189.761505,3331200
2022-12-15,197.210007,197.710007,194.070007,194.919998,185.034103,5537100
2022-12-16,193.509995,194.220001,191.419998,192.690002,182.917191,4755400
2022-12-19,192.800003,192.919998,189.949997,190.75,181.075607,6433800
2022-12-20,190.419998,191.970001,189.729996,191.149994,181.455307,5637800
2022-12-21,192.470001,194.649994,192.199997,194.039993,184.198715,4973400
2022-12-22,191.610001,191.679993,187.380005,190.369995,181.586121,5153500
2022-12-23,190,191.440002,189.009995,191.419998,182.587677,4214400
2022-12-27,191.389999,191.520004,189.75,190.619995,181.824585,6037700
2022-12-28,190.649994,191.5,188.059998,188.220001,179.535355,5711900
2022-12-29,189.490005,192.160004,189.369995,191.679993,182.835648,5425700
2022-12-30,190.179993,191.270004,189.279999,191.190002,182.368317,5979800
2023-01-03,192.380005,193.360001,188.929993,190.410004,181.624252,4092500
2023-01-04,191.509995,193.059998,190.139999,192.100006,183.236298,3852500
2023-01-05,191.220001,191.270004,189.460007,189.850006,181.090134,4150000
2023-01-06,191.119995,194.639999,189.850006,194.039993,185.086777,3184300
2023-01-09,195.460007,196.889999,194.009995,194.119995,185.163086,3888300
2023-01-10,193.649994,195.649994,193.289993,195.649994,186.622498,2963500
2023-01-11,196.550003,198.25,196.149994,198.229996,189.083435,3435300
2023-01-12,198.789993,199.800003,196.630005,199.190002,189.999161,3552700
2023-01-13,197.619995,200.270004,197.300003,200.039993,190.809921,2798600
2023-01-17,200.039993,200.880005,199.339996,199.770004,190.552368,5426700
2023-01-18,200.399994,201.089996,196.559998,196.619995,187.547745,3890200
2023-01-19,195.410004,196.240005,194.320007,195.020004,186.021545,2282400
2023-01-20,195.850006,198.809998,194.929993,198.759995,189.588989,2429300
2023-01-23,199.199997,202.160004,198.699997,201.279999,191.992722,3438100
2023-01-24,200.399994,201.460007,199.740005,200.949997,191.677917,2679400
2023-01-25,198.949997,201.199997,197.589996,201.050003,191.773315,2802000
2023-01-26,202.350006,203.279999,200.850006,203.119995,193.747803,2806200
2023-01-27,202.600006,205.050003,202.580002,203.940002,194.529953,4521900
2023-01-30,202.279999,203.610001,201.089996,201.210007,191.925919,2992300
2023-01-31,201.649994,204.490005,201.449997,204.429993,194.99736,4827600
2023-02-01,203.910004,208.320007,202.509995,206.919998,197.372467,4385600
2023-02-02,209,210.880005,208.100006,210.009995,200.319901,3730800
2023-02-03,207.509995,210.179993,207.039993,207.839996,198.250031,2854200
2023-02-06,206.410004,207.070007,205.5,206.279999,196.761993,2841700
2023-02-07,206,209.559998,205.029999,208.880005,199.242065,3028100
2023-02-08,207.910004,208.710007,206.259995,206.649994,197.114929,2945400
2023-02-09,208.460007,208.610001,204.100006,204.639999,195.197708,2705900
2023-02-10,204.020004,205.179993,203.470001,205.009995,195.550613,2159800
2023-02-13,205.410004,207.5,204.990005,207.449997,197.878006,3467200
2023-02-14,206.649994,208.660004,205.309998,207.529999,197.954361,2743400
2023-02-15,206.460007,208.5,206.039993,208.460007,198.841431,2001600
2023-02-16,205.970001,208.020004,205.539993,205.679993,196.189728,2458800
2023-02-17,204.770004,205.229996,203.529999,205.080002,195.617355,2324000
2023-02-21,203.149994,203.5,200.649994,200.830002,191.563492,3110800
2023-02-22,201,201.960007,199.929993,200.660004,191.401306,3011700
2023-02-23,202.089996,202.460007,199.380005,201.729996,192.421967,3440100
2023-02-24,199.289993,199.929993,198.160004,199.479996,190.275787,3020600
2023-02-27,201.309998,202.029999,199.720001,200.190002,190.953003,2850300
2023-02-28,200.25,201.080002,199.520004,199.520004,190.313934,2299100
2023-03-01,199.380005,200,198.199997,200,190.77179,4176000
2023-03-02,197.990005,200.800003,197.5,200.309998,191.067474,3364000
2023-03-03,201.080002,203.699997,200.910004,203.570007,194.177078,2484700
2023-03-06,203.860001,204.979996,203.029999,203.300003,193.919525,3812700
2023-03-07,203.100006,203.470001,199.949997,200.270004,191.029343,3346700
2023-03-08,200.399994,201,199.399994,200.529999,191.277328,1985900
2023-03-09,200.800003,201.75,196.119995,196.570007,187.500031,2974300
2023-03-10,196.25,197,192.259995,193.259995,184.342773,6310500
2023-03-13,190.899994,195.160004,190.179993,192.460007,183.579712,6253700
2023-03-14,195.5,196.949997,193.570007,195.889999,186.85141,4473800
2023-03-15,192.630005,194.399994,191.529999,194.380005,185.411102,3855400
2023-03-16,193.330002,197.910004,192.800003,197.740005,188.616058,3224900
2023-03-17,197.25,197.429993,194.380005,195.190002,186.183731,2902400
2023-03-20,195.75,197.380005,195.289993,196.889999,187.805283,2898100
2023-03-21,198.759995,200.050003,198.229996,199.699997,190.485626,2421700
2023-03-22,199.850006,201.410004,196.119995,196.130005,187.080338,2187900
2023-03-23,196.850006,198.949997,194.25,195.699997,187.421265,2629700
2023-03-24,194.880005,196.970001,193.649994,196.929993,188.599258,2324800
2023-03-27,198.270004,198.600006,196.919998,197.429993,189.078079,2425400
2023-03-28,197.199997,197.649994,196.139999,197.149994,188.809952,3678600
2023-03-29,199.089996,200.089996,198.610001,199.990005,191.5298,3486500
2023-03-30,201.270004,201.589996,200.119995,201.070007,192.564133,2259200
2023-03-31,201.570007,204.190002,201.570007,204.100006,195.465942,2986300
2023-04-03,203.720001,204.990005,203.330002,204.639999,195.983109,3068200
2023-04-04,205,205.059998,202.529999,203.270004,194.671036,2881800
2023-04-05,202.690002,203.160004,201.580002,202.529999,193.962326,3119400
2023-04-06,202.240005,203.339996,201.449997,203.199997,194.604004,1989800
2023-04-10,202,203.679993,201.649994,203.660004,195.044571,2545300
2023-04-11,203.869995,204.639999,203.399994,203.869995,195.245667,3389300
2023-04-12,205,205.259995,202.710007,203.009995,194.422012,2431200
2023-04-13,203.529999,205.800003,203.339996,205.649994,196.950348,2197600
2023-04-14,205.330002,206.5,203.809998,205.080002,196.404449,4142000
2023-04-17,205.029999,205.910004,204.449997,205.899994,197.189774,2780400
2023-04-18,206.679993,206.830002,205.300003,206,197.285553,2784500
2023-04-19,205.029999,206.479996,204.970001,206.100006,197.381332,2531400
2023-04-20,204.460007,205.770004,204.070007,204.820007,196.155472,2563100
2023-04-21,204.960007,205.240005,203.919998,205,196.327881,2341600
2023-04-24,204.899994,205.440002,204.100006,205.080002,196.404449,3704400
2023-04-25,204.020004,204.229996,201.619995,201.660004,193.129166,2606400
2023-04-26,202.160004,202.509995,200.410004,200.75,192.25769,2762300
2023-04-27,201.860001,204.690002,201.830002,204.520004,195.868164,2254600
2023-04-28,204,206.300003,204,206.300003,197.572845,2309100
2023-05-01,206,207.179993,205.990005,206.199997,197.477112,2838500
2023-05-02,205.619995,205.899994,202.070007,203.679993,195.06369,2700600
2023-05-03,203.850006,205.490005,202.350006,202.490005,193.924026,2154000
2023-05-04,201.839996,202.020004,200.199997,200.979996,192.477921,2577600
2023-05-05,202.850006,205.270004,202.789993,204.690002,196.030975,1942300
2023-05-08,204.929993,205.100006,204.119995,204.910004,196.241653,2632600
2023-05-09,204.029999,204.630005,203.800003,204.070007,195.437195,1802500
2023-05-10,205.619995,205.940002,203.050003,204.970001,196.299133,2677600
2023-05-11,204.470001,204.699997,203.490005,204.699997,196.040543,2108300
2023-05-12,205.039993,205.279999,202.929993,204.220001,195.580872,2252400
2023-05-15,204.169998,205.380005,203.710007,205.089996,196.414047,3240000
2023-05-16,204.410004,204.809998,203.470001,203.5,194.891357,1884400
2023-05-17,204.460007,206.449997,203.649994,206.139999,197.419617,2650100
2023-05-18,206,208.369995,205.820007,208.190002,199.382919,2370200
2023-05-19,208.639999,208.839996,207.070007,207.690002,198.904068,2683900
2023-05-22,207.679993,208.809998,207.199997,208.050003,199.248825,2229400
2023-05-23,207.300003,207.990005,205.639999,205.850006,197.141907,2386700
2023-05-24,205,205.130005,203.690002,204.259995,195.619171,2083700
2023-05-25,205.869995,206.330002,204.529999,205.649994,196.950348,2230400
2023-05-26,206,208.720001,205.970001,208.360001,199.545731,2347000
2023-05-30,209.630005,209.679993,207.690002,208.429993,199.612762,2772300
2023-05-31,207.490005,207.979996,206.300003,207.179993,198.415649,2325400
2023-06-01,207.300003,209.800003,206.649994,209.25,200.398102,2696700
2023-06-02,210.679993,213.089996,210.5,212.710007,203.711716,3018700
2023-06-05,212.740005,213.360001,207.470001,212.149994,203.175385,2249400
2023-06-06,212,213.369995,211.639999,213.119995,204.104355,2227700
2023-06-07,213.339996,214.119995,212.389999,212.699997,203.702103,2272800
2023-06-08,212.630005,213.970001,212.089996,213.699997,204.659805,1943100
2023-06-09,214.100006,215.080002,213.410004,213.929993,204.880112,2084600
2023-06-12,214.5,215.860001,214.050003,215.850006,206.718887,2479900
2023-06-13,216.779999,217.770004,216.460007,217.440002,208.241608,4295700
2023-06-14,217.550003,218.529999,215.699997,217.440002,208.241608,4131000
2023-06-15,216.990005,220.710007,216.910004,220.089996,210.779526,2895100
2023-06-16,221.419998,221.419998,219.130005,219.259995,209.984573,4763700
2023-06-20,218.380005,218.669998,217.070007,218.179993,208.950302,3156500
2023-06-21,217.820007,218.080002,216.699997,216.979996,207.801041,2713400
2023-06-22,216.509995,217.589996,216.169998,217.559998,208.356537,2669100
2023-06-23,215.130005,215.889999,214.580002,214.940002,206.632813,3338400
2023-06-26,214.800003,215.820007,214.139999,214.190002,205.911789,2846800
2023-06-27,214.75,217.110001,214.550003,216.800003,208.420944,2653000
2023-06-28,216.479996,217.509995,215.960007,216.979996,208.593979,4362100
2023-06-29,216.899994,218.100006,216.660004,218.020004,209.593781,2857900
2023-06-30,219.610001,220.860001,219.479996,220.279999,211.766418,3444100
2023-07-03,220.279999,220.940002,220.050003,220.940002,212.40094,2423600
2023-07-05,220.080002,220.610001,219.630005,220.270004,211.756805,3341400
2023-07-06,218.539993,218.539993,216.830002,218.309998,209.872559,3404300
2023-07-07,217.910004,220.080002,217.809998,218.039993,209.613022,2771700
2023-07-10,217.899994,219.029999,217.800003,218.990005,210.526306,2080500
2023-07-11,219.380005,220.929993,219.009995,220.710007,212.179825,2155700
2023-07-12,222.570007,223.100006,221.860001,222.399994,213.804504,3030200
2023-07-13,223.460007,224.639999,223.130005,224.279999,215.611847,4113300
2023-07-14,224.850006,224.860001,223.5,223.949997,215.294617,2914100
2023-07-17,223.949997,225.360001,223.759995,224.800003,216.111771,2688200
2023-07-18,224.699997,226.919998,224.529999,226.589996,217.832565,2916500
2023-07-19,227.080002,227.759995,226.679993,227.179993,218.399765,3106700
2023-07-20,226.610001,227.009995,225.139999,225.539993,216.823151,2651700
2023-07-21,226.419998,226.539993,225.460007,225.520004,216.803925,2296800
2023-07-24,226.050003,226.710007,225.639999,226.320007,217.573029,2291700
2023-07-25,226.020004,227.600006,226.020004,226.889999,218.120987,2084400
2023-07-26,226.429993,227.770004,226.050003,227.059998,218.284393,1985600
2023-07-27,228.809998,228.970001,224.830002,225.309998,216.60202,4730600
2023-07-28,227.169998,228.029999,226.770004,227.660004,218.861221,2257600
2023-07-31,228.119995,228.559998,227.559998,228.350006,219.524551,2658500
2023-08-01,227.649994,228,227.070007,227.729996,218.928482,2809500
2023-08-02,225.990005,226.139999,224.070007,224.5,215.823349,4239000
2023-08-03,223.479996,224.770004,222.990005,223.850006,215.198471,2925200
2023-08-04,224.740005,225.839996,222.610001,222.899994,214.285187,3024600
2023-08-07,223.720001,224.710007,223.220001,224.610001,215.929092,2376600
2023-08-08,223.199997,223.770004,221.699997,223.570007,214.929291,2796400
2023-08-09,223.660004,223.690002,221.559998,221.970001,213.391113,2203400
2023-08-10,223.240005,224.880005,221.339996,222.009995,213.429581,3033300
2023-08-11,221.100006,222.410004,220.770004,221.800003,213.227692,2220400
2023-08-14,221.320007,222.919998,221.050003,222.899994,214.285187,2435100
2023-08-15,222,222.240005,220.039993,220.369995,211.852951,2997300
2023-08-16,220.130005,220.960007,218.550003,218.550003,210.103302,2933500
2023-08-17,219.279999,219.5,216.550003,216.759995,208.382477,3135900
2023-08-18,215.229996,217.559998,215.029999,217.009995,208.622818,2933300
2023-08-21,217.410004,218.679993,216.360001,218.259995,209.824539,2755400
2023-08-22,219.220001,219.220001,217.380005,217.679993,209.266953,2891900
2023-08-23,218.080002,220.399994,218.080002,220.059998,211.554947,2560200
2023-08-24,220.699997,221.139999,217.080002,217.110001,208.718964,3099400
2023-08-25,217.979996,219.240005,216.050003,218.589996,210.141754,3631000
2023-08-28,219.570007,220.320007,219.100006,219.990005,211.48764,2364700
2023-08-29,219.940002,223.320007,219.800003,223.190002,214.56398,3160300
2023-08-30,223.25,224.5,223.050003,224.179993,215.515686,2420800
2023-08-31,224.5,225.179993,223.880005,223.940002,215.285004,3044000
2023-09-01,225.339996,225.779999,223.960007,224.679993,215.996368,3047600
2023-09-05,224.259995,224.639999,223.279999,223.339996,214.708176,2531500
2023-09-06,222.990005,223.179993,220.75,221.940002,213.362289,2473700
2023-09-07,220.380005,221.5,220.080002,221.179993,212.631653,2964700
2023-09-08,221.210007,222.179993,220.979996,221.419998,212.862396,2244400
2023-09-11,222.660004,223.039993,221.949997,222.809998,214.198639,2087900
2023-09-12,222.139999,222.970001,221.449997,221.729996,213.160416,2448500
2023-09-13,221.789993,222.300003,221.100006,221.759995,213.18924,1990000
2023-09-14,222.850006,223.979996,222.339996,223.660004,215.015808,2002400
2023-09-15,222.889999,222.919998,220.759995,221.029999,212.487442,2639200
2023-09-18,220.910004,221.690002,220.550003,221.050003,212.506668,2259600
2023-09-19,220.610001,220.869995,219.169998,220.490005,211.968307,2977800
2023-09-20,221.130005,221.490005,218.449997,218.539993,210.093704,2448400
2023-09-21,216.360001,216.419998,213.979996,214.089996,206.569977,4190400
2023-09-22,214.679993,215.300003,213.399994,213.639999,206.135788,3261300
2023-09-25,213.149994,214.5,212.75,214.5,206.965576,3440000
2023-09-26,213.059998,213.429993,211.009995,211.410004,203.984116,4371900
2023-09-27,212.119995,212.460007,209.839996,211.630005,204.196381,4407300
2023-09-28,211.419998,213.869995,211.139999,213.029999,205.547195,2952400
2023-09-29,214.550003,214.669998,211.789993,212.410004,204.948975,4441400
2023-10-02,212.199997,212.850006,210.740005,212.130005,204.678818,4358100
2023-10-03,211,211.690002,208.330002,209.050003,201.70697,4389100
2023-10-04,209.229996,210.889999,208.399994,210.559998,203.163971,3045400
2023-10-05,210.380005,210.860001,208.779999,210.449997,203.057816,2679700
2023-10-06,209.059998,213.779999,208.570007,212.960007,205.47966,3666300
2023-10-09,211.910004,214.649994,211.759995,214.300003,206.772598,2869700
2023-10-10,214.600006,216.949997,214.570007,215.630005,208.055878,3494600
2023-10-11,216.199997,216.630005,214.880005,216.479996,208.876022,3033000
2023-10-12,216.630005,216.720001,213.529999,214.740005,207.197128,3244200
2023-10-13,215.529999,216.009995,212.75,213.529999,206.029633,3267700
2023-10-16,214.729996,216.460007,214.559998,216.009995,208.422516,3361600
2023-10-17,214.369995,217.380005,214.169998,216.289993,208.692673,3627700
2023-10-18,215.110001,215.630005,212.589996,213.089996,205.605087,3255000
2023-10-19,213.399994,214.350006,210.690002,211.080002,203.66568,4322700
2023-10-20,210.860001,211.050003,208.380005,208.470001,201.147385,4447600
2023-10-23,207.669998,209.970001,206.660004,207.899994,200.597366,5473000
2023-10-24,209.070007,210.210007,208.119995,209.470001,202.112259,3180900
2023-10-25,208.449997,208.539993,206.089996,206.360001,199.111465,3454500
2023-10-26,205.919998,206.360001,203.630005,204.220001,197.046661,4133400
2023-10-27,205,205.110001,202.440002,203.119995,195.985275,4290700
2023-10-30,204.529999,205.979996,203.759995,205.460007,198.243103,3562700
2023-10-31,205.630005,207,204.820007,206.789993,199.526398,3325300
2023-11-01,207.139999,209.220001,206.869995,208.860001,201.523682,5789300
2023-11-02,210.850006,213.110001,210.850006,213.009995,205.527908,4111600
2023-11-03,214.320007,216.199997,214.270004,215.410004,207.843613,4217100
2023-11-06,215.830002,216.070007,214.470001,215.5,207.930466,2915000
2023-11-07,215.380005,216.5,214.899994,216.139999,208.547989,3194300
2023-11-08,216.339996,216.720001,215,216.110001,208.519028,2813800
2023-11-09,216.630005,216.779999,214.059998,214.270004,206.743607,2771200
2023-11-10,215.100006,217.610001,214.449997,217.460007,209.82164,3303400
2023-11-13,216.809998,217.860001,216.339996,217.330002,209.696136,2829400
2023-11-14,220.509995,222.779999,220.509995,222.149994,214.346832,4055100
2023-11-15,222.860001,223.800003,222.289993,222.699997,214.877533,2819200
2023-11-16,222.300003,222.880005,221.600006,222.550003,214.732803,2754500
2023-11-17,222.869995,223.440002,222.419998,223.110001,215.273117,3123700
2023-11-20,223.110001,225.25,223,224.789993,216.894135,2875600
2023-11-21,224.25,224.429993,223.610001,224.179993,216.305511,2513800
2023-11-22,224.850006,225.759995,224.529999,225.139999,217.231827,2880400
2023-11-24,225.039993,225.440002,225.009995,225.380005,217.463425,1219500
2023-11-27,225.119995,225.529999,224.770004,225.089996,217.183609,2410000
2023-11-28,224.770004,225.910004,224.449997,225.229996,217.318665,2761900
2023-11-29,226.380005,227.190002,225.110001,225.330002,217.415146,2653700
2023-11-30,225.729996,226.389999,224.820007,226.259995,218.312454,3148000
2023-12-01,225.990005,228.330002,225.589996,228.169998,220.155396,4078700
2023-12-04,226.580002,227.429993,226.080002,227.350006,219.364212,3837800
2023-12-05,226.580002,227.449997,226.210007,226.910004,218.939651,3019000
2023-12-06,227.889999,228.160004,225.880005,225.949997,218.013351,3172900
2023-12-07,226.990005,228.050003,226.710007,227.759995,219.759811,2724300
2023-12-08,227.360001,229.089996,227.270004,228.850006,220.811523,2741500
2023-12-11,228.690002,229.830002,228.509995,229.789993,221.718491,3076600
2023-12-12,229.589996,230.779999,228.960007,230.660004,222.557922,3214900
2023-12-13,230.770004,234.429993,230.550003,234.240005,226.012192,4231100
2023-12-14,235.660004,236.580002,234.190002,235.630005,227.353394,5014500
2023-12-15,234.789993,235.940002,234.630005,235.309998,227.044617,4298600
2023-12-18,235.860001,236.820007,235.820007,236.330002,228.028778,3855100
2023-12-19,236.720001,238.100006,236.720001,238.059998,229.697998,3731700
2023-12-20,237.740005,238.690002,234.440002,234.509995,226.27269,5149700
2023-12-21,235.080002,236.169998,234.059998,236.089996,228.774719,4427000
2023-12-22,236.589996,237.520004,235.639999,236.630005,229.297974,3662400
2023-12-26,236.979996,238.309998,236.860001,237.800003,230.431763,3829400
2023-12-27,238,238.440002,237.470001,238.25,230.867752,5103700
2023-12-28,238.25,238.740005,238.130005,238.130005,230.751511,4099400
2023-12-29,238.139999,238.470001,236.479996,237.220001,229.86969,4188800
2024-01-02,235.649994,236.509995,234.770004,235.630005,228.328964,4847600
2024-01-03,234.529999,234.740005,233.110001,233.369995,226.138992,3925500
2024-01-04,233.259995,234.550003,232.660004,232.770004,225.557571,3681900
2024-01-05,232.699997,234.389999,232.399994,233.119995,225.896713,3305500
2024-01-08,233.270004,236.559998,233.259995,236.449997,229.123535,4156600
2024-01-09,235.149994,236.559998,234.740005,236.009995,228.697189,4524800
2024-01-10,236.119995,237.660004,235.789993,237.229996,229.879364,3343400
2024-01-11,237.520004,237.860001,234.919998,237.070007,229.724365,3375600
2024-01-12,237.979996,238.369995,236.419998,237.110001,229.763107,3053400
2024-01-16,236.289993,236.910004,235.100006,236.009995,228.697189,3646700
2024-01-17,234.410004,234.869995,233.429993,234.589996,227.321182,3336600
2024-01-18,235.639999,236.960007,234.619995,236.660004,229.327042,3509900
2024-01-19,237.380005,239.740005,236.759995,239.539993,232.117783,3850800
2024-01-22,240.539993,241.399994,240.050003,240.580002,233.125549,3952700
2024-01-23,241.020004,241.169998,240.059998,241.020004,233.551956,3015300
2024-01-24,242.660004,242.869995,240.850006,240.979996,233.513199,3003000
2024-01-25,242.190002,242.559998,241.070007,242.320007,234.811676,2993900
2024-01-26,242.309998,243.020004,241.729996,242.119995,234.617859,2858200
2024-01-29,242.339996,244.339996,242.130005,244.320007,236.74971,3463400
2024-01-30,244.070007,244.330002,243.570007,243.979996,236.420212,3098900
2024-01-31,242.839996,243.240005,239.860001,239.869995,232.437592,3884500
2024-02-01,240.899994,243.100006,240.039993,243.100006,235.567505,3986800
2024-02-02,242.960007,246.009995,242.690002,245.179993,237.583038,3876600
2024-02-05,244.830002,244.990005,242.740005,244.020004,236.459015,3324800
2024-02-06,244.479996,245.020004,243.899994,244.850006,237.26329,2568400
2024-02-07,246,247.089996,245.389999,246.779999,239.133469,2305700
2024-02-08,246.809998,247.470001,246.509995,247.389999,239.724579,2668200
2024-02-09,247.75,249.149994,247.509995,248.899994,241.187759,2367700
2024-02-12,249.039993,250.339996,248.720001,249.139999,241.420349,2769700
2024-02-13,245.610001,246.320007,243.350006,245.149994,237.55397,5832600
2024-02-14,246.869995,248.029999,245.610001,247.860001,240.180008,2606900
2024-02-15,248.339996,249.940002,248.020004,249.770004,242.030853,3181900
2024-02-16,249.610001,250.229996,248.100006,248.460007,240.761444,2909200
2024-02-20,247.550003,247.75,245.759995,246.899994,239.249756,3445100
2024-02-21,246.050003,246.990005,245.130005,246.949997,239.298203,2169900
2024-02-22,249.960007,252.210007,249.610001,251.830002,244.027008,3873000
2024-02-23,252.460007,252.919998,251.529999,252,244.191711,2856000
2024-02-26,252.020004,252.440002,251.199997,251.240005,243.455292,2585800
2024-02-27,251.789993,252.100006,250.949997,251.940002,244.133591,2024600
2024-02-28,251.100006,251.960007,250.970001,251.520004,243.726608,2192200
2024-02-29,252.679993,253.300003,251.119995,252.580002,244.753754,2610400
2024-03-01,253.039993,255.070007,252.679993,254.899994,247.001877,3693800
2024-03-04,254.779999,255.580002,254.529999,254.649994,246.759613,4966800
2024-03-05,253.679993,253.860001,250.910004,251.949997,244.14328,3134800
2024-03-06,253.869995,254.509995,252.679993,253.440002,245.587128,2501700
2024-03-07,255,256.369995,254.649994,255.910004,247.980576,2940900
2024-03-08,256.420013,257.709991,254.039993,254.429993,246.546432,3673500
2024-03-11,253.889999,254.350006,252.699997,254.020004,246.149139,3038700
2024-03-12,254.990005,256.73999,253.649994,256.529999,248.581345,4380100
2024-03-13,256.570007,256.869995,255.470001,256.209991,248.271271,2667400
2024-03-14,256.690002,256.869995,253.720001,255.220001,247.311966,3664100
2024-03-15,253.600006,254.649994,252.699997,253.710007,245.84874,3216800
2024-03-18,255.580002,256.209991,254.809998,255,247.098785,3455400
2024-03-19,254.429993,256.549988,254.169998,256.470001,248.523224,2900200
2024-03-20,256.459991,259.200012,256.190002,259.070007,251.042664,2480800
2024-03-21,260.649994,261.070007,260.040009,260.140015,252.079544,3723200
2024-03-22,259.190002,259.450012,258.339996,258.5,251.370636,2465300
2024-03-25,258.100006,258.48999,257.790009,257.920013,250.806625,2714400
2024-03-26,258.799988,258.829987,257.279999,257.459991,250.359299,2591500
2024-03-27,259.130005,259.850006,258.01001,259.730011,252.566711,4030200
2024-03-28,259.799988,260.579987,259.76001,259.899994,252.731995,2669100
2024-04-01,260.320007,260.380005,258.679993,259.700012,252.537521,3292300
2024-04-02,257.5,257.5,256.190002,257.299988,250.20372,3213400
2024-04-03,256.730011,258.440002,256.660004,257.700012,250.592667,3241600
2024-04-04,259.649994,259.98999,254.440002,254.610001,247.587891,3121300
2024-04-05,255.110001,258.200012,255,257.179993,250.087036,4178500
2024-04-08,257.799988,258.140015,257.100006,257.480011,250.378754,3223800
2024-04-09,258.350006,258.5,255.399994,257.850006,250.738571,2940600
2024-04-10,254.720001,256.040009,253.919998,254.970001,247.937958,3348900
2024-04-11,255.75,257.429993,253.880005,256.700012,249.62027,3434200
2024-04-12,255.270004,255.639999,252.160004,253,246.022293,3574400
2024-04-15,255,255.210007,249.259995,249.889999,242.998062,4804300
2024-04-16,249.889999,250.649994,248.470001,249.139999,242.268753,3466800
2024-04-17,250.440002,250.929993,246.979996,247.679993,240.84903,2861400
2024-04-18,248.320007,249.529999,246.649994,247.169998,240.353088,2991700
2024-04-19,247.070007,247.690002,244.570007,245.229996,238.466599,3469000
2024-04-22,246.589996,248.880005,245.380005,247.639999,240.81015,3112000
2024-04-23,248.570007,250.949997,248.270004,250.589996,243.678772,2399000
2024-04-24,251.210007,251.509995,249.300003,250.649994,243.737122,2285900
2024-04-25,247.309998,249.889999,246.429993,249.460007,242.57991,2473300
2024-04-26,250.860001,252.539993,250.440002,251.779999,244.835953,3238100
2024-04-29,252.75,253.119995,251.350006,252.770004,245.79866,2086000
2024-04-30,251.940002,252.330002,248.559998,248.610001,241.753387,2502700
2024-05-01,248.460007,251.979996,247.600006,247.990005,241.150513,3509500
2024-05-02,250.130005,250.919998,247.610001,250.559998,243.649597,2580200
2024-05-03,253.600006,254.399994,252.199997,253.529999,246.537689,2350200
2024-05-06,254.800003,256.25,254.619995,256.25,249.182678,2811500
2024-05-07,256.589996,257.170013,256.140015,256.480011,249.406326,1829900
2024-05-08,255.479996,256.549988,255.330002,256.299988,249.231262,2600100
2024-05-09,256.299988,257.880005,256,257.809998,250.699615,2418700
2024-05-10,258.670013,259.029999,257.450012,258.049988,250.933029,1922500
2024-05-13,259.079987,259.079987,257.559998,258.190002,251.069168,1948400
2024-05-14,258.230011,259.670013,258.079987,259.450012,252.294434,2466800
2024-05-15,260.850006,262.730011,260.440002,262.640015,255.396454,2508700
2024-05-16,262.679993,263.279999,261.859985,261.929993,254.706009,2445000
2024-05-17,262.149994,262.299988,261.23999,262.299988,255.065781,2208700
2024-05-20,262.429993,263.359985,262.209991,262.570007,255.328369,2366100
2024-05-21,262.200012,263.160004,262.130005,263.109985,255.853455,2241900
2024-05-22,262.859985,263.070007,261.130005,262.220001,254.988037,2356600
2024-05-23,263.859985,263.920013,259.429993,259.98999,252.819489,6603000
2024-05-24,261.040009,262.209991,260.450012,261.869995,254.647675,3123700
2024-05-28,262.470001,262.470001,260.48999,261.869995,254.647675,3078100
2024-05-29,259.619995,260.369995,259.429993,259.720001,252.556961,3179000
2024-05-30,259.279999,259.619995,257.75,258.450012,251.321976,3030200
2024-05-31,259,260.600006,256.25,260.440002,253.25708,3407400
2024-06-03,261.660004,261.660004,258.079987,260.519989,253.334869,6203400
2024-06-04,259.839996,260.890015,258.950012,260.48999,253.30571,2489800
2024-06-05,261.799988,263.679993,260.700012,263.679993,256.407745,2384000
2024-06-06,263.649994,263.959991,262.600006,263.450012,256.184082,2190200
2024-06-07,262.890015,264.299988,262.25,262.950012,255.697906,1838900
2024-06-10,262.329987,264,262.200012,263.829987,256.553589,1958400
2024-06-11,263,264.350006,261.880005,264.279999,256.991211,3017300
2024-06-12,267.089996,268.209991,266.209991,266.769989,259.412567,2762600
2024-06-13,267.470001,267.799988,265.5,266.890015,259.529236,2285200
2024-06-14,265.859985,266.690002,265.23999,266.690002,259.334747,2205600
2024-06-17,266.410004,269.399994,266.040009,268.720001,261.308746,2452000
2024-06-18,268.859985,269.540009,268.660004,269.399994,261.969971,2024300
2024-06-20,269.940002,270.190002,267.75,268.720001,261.308746,3168600
2024-06-21,268.420013,268.809998,267.459991,268.309998,260.910034,2676000
2024-06-24,268.339996,269.779999,267.779999,267.859985,260.472443,2226500
2024-06-25,268.369995,268.73999,267.48999,268.73999,261.328125,2073800
2024-06-26,267.980011,269.100006,267.630005,268.730011,261.318481,1857500
2024-06-27,268.619995,269.589996,268.48999,269.380005,261.950562,2655400
2024-06-28,269.369995,270.410004,266.950012,267.51001,261.054688,2822800
2024-07-01,268.48999,268.48999,266.730011,268.049988,261.581665,2881000
2024-07-02,267.459991,269.630005,267.25,269.600006,263.094269,4207800
2024-07-03,269.609985,270.899994,269.609985,270.709991,264.17749,1948500
2024-07-05,270.820007,272.26001,270.399994,272.119995,265.553467,4237500
2024-07-08,272.649994,272.920013,271.910004,272.48999,265.914551,2335000
2024-07-09,272.820007,273.179993,272.309998,272.420013,265.846222,2702100
2024-07-10,273.209991,275.209991,272.850006,275.059998,268.422516,1992600
2024-07-11,275.75,276.26001,273.440002,273.829987,267.222168,3598000
2024-07-12,274.350006,277.359985,274.339996,275.640015,268.988525,2729500
2024-07-15,276.799988,278.299988,275.880005,276.820007,270.140015,3386100
2024-07-16,277.600006,279.209991,277.399994,279.100006,272.365021,3261100
2024-07-17,276.23999,277.269989,274.98999,275.160004,268.520081,3346100
2024-07-18,276,276.549988,271.649994,272.76001,266.17804,2904200
2024-07-19,272.559998,273.329987,270.5,271.059998,264.519012,2414200
2024-07-22,272.779999,274.149994,271.899994,273.890015,267.280762,2527300
2024-07-23,273.869995,275.140015,273.559998,273.690002,267.085571,2229500
2024-07-24,271.339996,271.609985,267.079987,267.529999,261.074188,3050700
2024-07-25,267.700012,271.070007,265.950012,266.5,260.069031,3237800
2024-07-26,268.640015,270.98999,268.25,269.690002,263.182098,2757900
2024-07-29,270.730011,271.079987,268.769989,269.709991,263.201599,2814400
2024-07-30,270.5,271.149994,266.869995,268.589996,262.108643,2174100
2024-07-31,271.940002,274.290009,271.100006,272.570007,265.992523,2541500
2024-08-01,273.25,274.51001,266.609985,268.299988,261.825592,3767300
2024-08-02,264.5,264.769989,260.690002,262.899994,256.555939,4744200
2024-08-05,251.210007,258.329987,251,255.179993,249.022232,8463400
2024-08-06,256.570007,261.359985,255.529999,257.769989,251.549713,5255200
2024-08-07,261.070007,262.350006,255.559998,255.800003,249.627289,3398500
2024-08-08,258.679993,262.170013,257.5,261.790009,255.472717,2922800
2024-08-09,261.73999,263.640015,260.799988,262.920013,256.5755,2667400
2024-08-12,263.630005,263.98999,261.76001,262.75,256.409546,2548500
2024-08-13,264.410004,267.209991,264.299988,267.119995,260.674103,2316200
2024-08-14,267.649994,268.470001,266.130005,267.880005,261.415741,2335300
2024-08-15,270.940002,272.769989,270.579987,272.519989,265.943787,3031600
2024-08-16,271.899994,273.540009,271.730011,273.170013,266.578125,2571900
2024-08-19,273.619995,275.790009,273.019989,275.75,269.095825,2660000
2024-08-20,275.679993,276.309998,274.429993,275.079987,268.442047,2041900
2024-08-21,275.769989,276.899994,274.950012,276.459991,269.788696,1983700
2024-08-22,277.170013,277.589996,273.609985,274.119995,267.505157,2554300
2024-08-23,275.73999,277.829987,275.329987,277.589996,270.891449,2281800
2024-08-26,278.130005,278.529999,276.26001,276.890015,270.208374,2263800
2024-08-27,276.100006,277.380005,275.609985,277.140015,270.452301,1787900
2024-08-28,276.799988,277.079987,273.920013,275.450012,268.803101,1856400
2024-08-29,276.480011,278.309998,275.23999,275.720001,269.066559,3018000
2024-08-30,276.720001,278.529999,275.079987,278.380005,271.662384,2029300
2024-09-03,276.799988,277,271.160004,272.390015,265.816956,3818900
2024-09-04,271.01001,273.540009,270.980011,271.779999,265.221619,2946700
2024-09-05,271.799988,273.019989,269.829987,270.940002,264.401917,3997800
2024-09-06,271.179993,272.040009,266.01001,266.440002,260.010498,3599900
2024-09-09,268.390015,270.049988,267.579987,269.290009,262.791718,2969800
2024-09-10,270.130005,270.48999,267.670013,270.339996,263.816345,1874700
2024-09-11,270.220001,273.359985,265.920013,273.029999,266.441498,2640200
2024-09-12,273.429993,275.549988,272.149994,275.299988,268.656708,2420700
2024-09-13,276,277.700012,275.76001,277.220001,270.530304,2474700
2024-09-16,277.119995,277.880005,276.25,277.769989,271.067078,2065700
2024-09-17,278.980011,279.779999,276.970001,278.049988,271.340332,2133600
2024-09-18,278.369995,281.059998,277.089996,277.350006,270.657227,3389900
2024-09-19,282.100006,283,280.600006,282.049988,275.243866,2660200
2024-09-20,281.679993,282.019989,280.079987,281.459991,274.66806,2293600
2024-09-23,282.200012,282.559998,281.459991,282.160004,275.351135,1920800
2024-09-24,282.76001,282.890015,281.140015,282.869995,276.044037,1952100
2024-09-25,282.950012,283.149994,281.5,281.940002,275.136475,1744200
2024-09-26,284.269989,284.350006,282.089996,283.200012,276.366058,2616800
2024-09-27,283.179993,283.440002,281.459991,282.049988,276.092987,2644100
2024-09-30,281.619995,283.390015,280.369995,283.160004,277.179535,2828300
2024-10-01,283,283.049988,279.160004,280.579987,274.653992,4874900
2024-10-02,280.23999,281.170013,278.869995,280.640015,274.712738,3637500
2024-10-03,279.829987,280.950012,278.899994,280.040009,274.125427,2369200
2024-10-04,282.459991,282.890015,280.350006,282.75,276.778198,2335400
2024-10-07,282.040009,282.130005,279.540009,280.170013,274.252686,11465600
2024-10-08,281.279999,282.880005,280.880005,282.529999,276.562836,2164600
2024-10-09,282.549988,284.73999,282.26001,284.5,278.491241,2123800
2024-10-10,283.779999,284.609985,283.029999,283.910004,277.913666,2547200
2024-10-11,283.970001,286.390015,283.950012,286.109985,280.067169,1799500
2024-10-14,286.859985,288.730011,286.609985,288.339996,282.250122,1997000
2024-10-15,288.320007,288.690002,285.910004,286.359985,280.31189,3260800
2024-10-16,286.720001,288.109985,286.230011,287.820007,281.741089,2215300
2024-10-17,289.470001,289.700012,287.730011,287.76001,281.682373,2810600
2024-10-18,288.700012,289.26001,287.910004,288.890015,282.788513,1822100
2024-10-21,288.51001,288.799988,286.640015,287.980011,281.897705,2320100
2024-10-22,286.899994,288.25,286.470001,287.649994,281.574646,2029000
2024-10-23,286.769989,286.910004,283.339996,285.049988,279.029602,2637300
2024-10-24,286.119995,286.179993,284.470001,285.809998,279.773529,2235600
2024-10-25,287.029999,288.25,285.049988,285.540009,279.509216,2813700
2024-10-28,287.059998,287.480011,286.559998,286.700012,280.644775,1874300
2024-10-29,286.269989,287.649994,285.450012,287.079987,281.016693,2503400
2024-10-30,286.980011,288.100006,286.029999,286.369995,280.321686,2204100
2024-10-31,284.779999,284.779999,280.959991,281.029999,275.094543,3027400
2024-11-01,282.519989,284.48999,281.959991,282.230011,276.269165,2449400
2024-11-04,282.170013,283.070007,280.869995,281.720001,275.769928,2383900
2024-11-05,282.109985,285.299988,282.01001,285.299988,279.274323,2060300
2024-11-06,292.299988,293.609985,290.209991,293.279999,287.085754,5676800
2024-11-07,294.019989,295.899994,294.01001,295.329987,289.092468,4109000
2024-11-08,295.609985,297.369995,295.51001,296.709991,290.443329,4142400
2024-11-11,297.929993,298.119995,296.76001,297.540009,291.255859,3200900
2024-11-12,297.420013,297.779999,295.089996,296.369995,290.110504,3474800
2024-11-13,296.799988,297.549988,295.619995,296.230011,289.97348,2829100
2024-11-14,296.5,296.609985,293.720001,294.040009,287.829742,3280800
2024-11-15,292.51001,292.609985,289.350006,290.309998,284.178467,4025800
2024-11-18,290.640015,292.23999,290.130005,291.48999,285.333618,2990100
2024-11-19,289.899994,293.089996,289.450012,292.829987,286.645264,2342200
2024-11-20,292.920013,293.160004,290.140015,293,286.811707,2670800
2024-11-21,294.529999,295.769989,291.950012,295.049988,288.81839,2560700
2024-11-22,295.130005,296.809998,295.130005,296.51001,290.247559,2639800
2024-11-25,298.670013,299.470001,296.899994,297.959991,291.666901,3384600
2024-11-26,298.429993,299.390015,297.869995,299.049988,292.733917,3292800
2024-11-27,299.130005,299.470001,297.399994,298.200012,291.901886,2730500
2024-11-29,298.940002,300.380005,298.709991,299.859985,293.526794,1811900
2024-12-02,300.299988,300.75,299.799988,300.429993,294.084778,3583700
2024-12-03,300.380005,300.570007,299.640015,300.429993,294.084778,2101200
2024-12-04,301.480011,302.600006,301.170013,302.450012,296.062134,3258100
2024-12-05,302.600006,302.75,301.519989,301.609985,295.239838,2183400
2024-12-06,302.309998,302.950012,302.019989,302.450012,296.062134,2332900
2024-12-09,302.529999,302.649994,300.329987,300.519989,294.172852,2953900
2024-12-10,301,301,299.070007,299.390015,293.066742,2557100
2024-12-11,301,302.290009,300.859985,301.799988,295.425812,2235300
2024-12-12,301.480011,301.549988,300.040009,300.079987,293.742157,2120000
2024-12-13,301,301.269989,299.100006,299.929993,293.595306,2279200
2024-12-16,300.570007,301.75,300.429993,301.149994,294.789551,2545400
2024-12-17,299.959991,300.179993,299,299.660004,293.331024,3059900
2024-12-18,299.76001,300.529999,289.950012,290.390015,284.256836,3890900
2024-12-19,292.98999,293.700012,289.869995,289.980011,283.855469,4826200
2024-12-20,288.609985,295.709991,288.109985,293.279999,287.085754,3837000
2024-12-23,292.529999,294.190002,290.540009,294,288.716919,3704500
2024-12-24,294.570007,297.170013,294.25,297.119995,291.780884,2642200
2024-12-26,296.440002,297.779999,295.540009,297.290009,291.947815,4307800
2024-12-27,295.329987,295.929993,291.98999,294.070007,288.785706,3636800
2024-12-30,290.880005,292.519989,288.779999,290.820007,285.594055,4968500
2024-12-31,291.809998,292.140015,289.070007,289.809998,284.602234,3893200
2025-01-02,291.450012,292.549988,287.350006,289.26001,284.062103,3796400
2025-01-03,290.660004,293.350006,290.190002,293.059998,287.793793,2726800
2025-01-06,295.200012,296.899994,293.929993,294.700012,289.404388,3678600
2025-01-07,295.839996,295.869995,290.399994,291.410004,286.173462,3317000
2025-01-08,291.420013,292.25,289.51001,291.679993,286.438599,2971300
2025-01-10,290.049988,290.049988,286.220001,287.299988,282.137329,4403700
2025-01-13,285,287.880005,284.630005,287.769989,282.598877,3633300
2025-01-14,289.410004,289.75,286.519989,288.420013,283.237244,3803700
2025-01-15,292.709991,294.299988,292.170013,293.709991,288.432129,2815300
2025-01-16,294.230011,294.660004,292.929993,293.48999,288.216095,3130300
2025-01-17,296.179993,297.119995,295.440002,296.200012,290.87738,2603200
2025-01-21,297.75,299.220001,296.910004,299.140015,293.764587,3893500
2025-01-22,300.589996,301.290009,300.269989,300.600006,295.198303,3515700
2025-01-23,300.23999,302.179993,300.019989,302.179993,296.749939,2647800
2025-01-24,302.26001,302.670013,300.799988,301.299988,295.885742,2359000
2025-01-27,295,297.579987,294.440002,297.100006,291.761261,5321300
2025-01-28,297.899994,300.109985,296.200012,299.649994,294.26535,2717300
2025-01-29,299.320007,299.600006,296.970001,298.369995,293.008392,2620200
2025-01-30,299.5,301.109985,298.279999,300.23999,294.844788,2891200
2025-01-31,301.220001,302.600006,298.230011,298.600006,293.234283,3335000
2025-02-03,293.320007,297.700012,292.700012,296.420013,291.093445,5037700
2025-02-04,296.619995,298.73999,296.230011,298.570007,293.204742,2601900
2025-02-05,298.23999,299.970001,297.089996,299.950012,294.559998,2226200
2025-02-06,300.730011,300.859985,298.899994,300.690002,295.286682,2899800
2025-02-07,300.940002,301.660004,297.670013,298,292.64502,3632000
2025-02-10,299.559998,300.230011,298.910004,299.910004,294.520721,2623900
2025-02-11,298.730011,300.070007,298.679993,299.75,294.363586,2719900
2025-02-12,296.880005,299.329987,296.23999,298.76001,293.391418,3283500
2025-02-13,299.519989,301.970001,298.779999,301.880005,296.455353,3066800
2025-02-14,302,302.549988,301.5,301.839996,296.416046,2377000
2025-02-18,302.369995,302.700012,301.220001,302.690002,297.250763,2851500
2025-02-19,301.850006,303.390015,301.679993,303.119995,297.673065,2566600
2025-02-20,302.529999,302.720001,299.880005,301.48999,296.072327,2863900
2025-02-21,301.73999,301.790009,295.640015,295.920013,290.602417,3595000
2025-02-24,296.959991,297.339996,293.890015,294.410004,289.119568,4465400
2025-02-25,294.399994,294.829987,290.540009,292.950012,287.685791,3509200
2025-02-26,293.899994,295.700012,291.869995,293.049988,287.783997,2807300
2025-02-27,294.339996,294.790009,288.399994,288.51001,283.325562,2747300
2025-02-28,288.630005,293.209991,287.350006,292.959991,287.695587,3485800
2025-03-03,293.910004,294.720001,285.769989,287.709991,282.539948,7835600
2025-03-04,285.200012,288.450012,281.5,284.119995,279.014465,6449600
2025-03-05,284.079987,288.140015,282.320007,287.350006,282.186432,3662300
2025-03-06,283.529999,285.820007,280.649994,282.01001,276.942383,4836300
2025-03-07,281.220001,284.049988,278.109985,283.339996,278.248505,3868700
2025-03-10,279.429993,280.279999,273.140015,275.619995,270.667175,6442900
2025-03-11,275,277,271.579987,273.690002,268.771912,5282400
2025-03-12,276.799988,277.290009,272.480011,275.040009,270.097626,3996100
2025-03-13,274.929993,275,270.200012,271.179993,266.307007,3932500
2025-03-14,273.600006,277.380005,273.359985,276.98999,272.012573,3610100
2025-03-17,276.730011,280.600006,276.679993,279.279999,274.261414,3981100
2025-03-18,278.200012,278.5,275.329987,276.269989,271.305511,3120900
2025-03-19,277,281.380005,276.630005,279.410004,274.389099,2867800
2025-03-20,277.700012,281.200012,277.26001,278.73999,273.73111,2256400
2025-03-21,276.410004,279.070007,275.679993,278.850006,273.839172,3382500
2025-03-24,282.25,284.529999,281.899994,284.01001,278.906403,3251600
2025-03-25,284.519989,285.089996,283.660004,284.48999,279.377808,2517200
2025-03-26,284.149994,284.920013,280.309998,281.160004,276.107666,2327500
2025-03-27,279.459991,281.079987,278.049988,278.98999,274.93985,2345300
2025-03-28,278.309998,278.75,273.049988,273.429993,269.460541,3912900
2025-03-31,270.269989,275.579987,268.730011,274.839996,270.850098,6064000
2025-04-01,273.899994,276.790009,272.059998,275.769989,271.766571,3269900
2025-04-02,272.850006,279.25,272.609985,277.950012,273.914978,2594700
2025-04-03,268.01001,269.369995,263.700012,263.959991,260.128021,8137500
2025-04-04,256.970001,257.730011,248.179993,248.470001,244.86293,16633700
2025-04-07,240,257.029999,236.419998,247.660004,244.064651,16346700
2025-04-08,256.5,257.709991,240.050003,243.75,240.211441,11064300
2025-04-09,241.850006,268.480011,241.619995,268.480011,264.582458,12138000
2025-04-10,261.109985,261.660004,249.889999,257.429993,253.692825,7255700
2025-04-11,256.709991,262.75,254.669998,261.73999,257.940277,5007900
2025-04-14,266.429993,266.730011,261.459991,264.149994,260.315277,4039900
2025-04-15,264.25,266.399994,263.149994,263.690002,259.861938,4680400
2025-04-16,260.769989,262.589996,255.449997,258.209991,254.461502,4295500
2025-04-17,259.130005,260.950012,257.329987,258.75,254.993668,3401000
2025-04-21,256.230011,256.5,249.940002,252.600006,248.932953,5523200
2025-04-22,255.619995,260.209991,255.270004,259.029999,255.269623,3802300
2025-04-23,265.929993,268.380005,262.570007,263.440002,259.61557,6842700
2025-04-24,263.899994,269.25,263.390015,268.98999,265.085022,3487600
2025-04-25,268.859985,270.899994,267.410004,270.640015,266.71106,3220900
2025-04-28,271.019989,272.26001,268.079987,271.029999,267.095428,2507700
2025-04-29,270.130005,273.269989,270.059998,272.660004,268.701752,2209100
2025-04-30,269.109985,273.519989,266.25,272.820007,268.859436,4039500
2025-05-01,275.279999,277.279999,274.25,274.519989,270.53476,3238000
2025-05-02,277.519989,279.600006,276.619995,278.799988,274.752594,3170800
2025-05-05,276.649994,278.839996,276.390015,277.220001,273.195526,2820800
2025-05-06,274.570007,277.100006,273.950012,274.970001,270.97821,2444000
2025-05-07,275.76001,277.230011,273.579987,276.109985,272.101654,2694800
2025-05-08,278.100006,280.869995,276.5,278.279999,274.240143,2781500
2025-05-09,279.059998,279.619995,277.25,277.970001,273.934662,2151200
2025-05-12,286.779999,287.269989,284.369995,287.269989,283.09967,4184800
2025-05-13,287.609985,290.350006,287.019989,289.220001,285.021332,3286800
2025-05-14,289.720001,290.220001,288.440002,289.410004,285.208557,3198800
2025-05-15,288.369995,290.859985,288.049988,290.589996,286.371429,2347000
2025-05-16,291.079987,292.75,290.200012,292.579987,288.332581,5440100
2025-05-19,289.459991,293.130005,289.320007,292.809998,288.559204,3083600
2025-05-20,291.98999,292.5,290.359985,291.850006,287.613129,2827200
2025-05-21,289.540009,291.48999,286.149994,286.769989,282.606873,3166700
2025-05-22,286.380005,288.529999,285.880005,286.720001,282.557648,2738700
2025-05-23,283.040009,286.230011,283,285.040009,280.902008,2855800
2025-05-27,288.459991,291.029999,287.519989,290.899994,286.676971,2980600
2025-05-28,291.100006,291.649994,288.799988,289.190002,284.991791,2413800
2025-05-29,291.529999,291.820007,288.320007,290.119995,285.908295,3850800
2025-05-30,289.470001,290.75,286.859985,289.880005,285.671783,3178000
2025-06-02,289.339996,291.420013,287.579987,291.359985,287.13028,2845900
2025-06-03,291.540009,293.850006,291.019989,293.369995,289.111053,3493700
2025-06-04,293.820007,294.350006,293.029999,293.339996,289.081512,2718900
2025-06-05,293.980011,294.899994,291.070007,291.720001,287.485046,3034300
2025-06-06,294.709991,295.880005,294.019989,295.119995,290.835693,2308800
2025-06-09,295.459991,296.269989,294.820007,295.359985,291.072174,3119700
2025-06-10,295.73999,297.190002,295.220001,296.920013,292.609589,2823100
2025-06-11,297.600006,298.070007,295.160004,296.130005,291.831024,2706600
2025-06-12,295.299988,297.100006,295.100006,297.079987,292.767212,3092300
2025-06-13,294.450012,296.130005,292.839996,293.570007,289.308197,3383100
2025-06-16,295.450012,297.369995,295.329987,296.470001,292.166077,3113100
2025-06-17,295.100006,296.049988,293.579987,294,289.731964,2720400
2025-06-18,294.320007,295.950012,293.679993,294.109985,289.840332,2409300
2025-06-20,295.619995,295.98999,292.720001,293.429993,289.170227,2686100
2025-06-23,293.48999,296.470001,291.970001,296.25,291.949249,3340000
2025-06-24,298.429993,300.170013,297.940002,299.709991,295.35907,3225300
2025-06-25,300.350006,300.429993,298.769989,299.359985,295.01413,3025900
2025-06-26,300.369995,302.190002,300.100006,301.940002,297.556702,2286100
2025-06-27,302.679993,304.26001,301.390015,303.309998,298.906769,3189900
2025-06-30,303.73999,304.529999,302.600006,303.929993,300.422119,3100000
2025-07-01,303.040009,304.690002,302.799988,303.929993,300.422119,3970600
2025-07-02,303.950012,305.559998,303.51001,305.51001,301.983856,4474700
2025-07-03,306.549988,308.399994,306.549988,308.029999,304.474762,2238100
2025-07-07,306.98999,307.350006,304.220001,305.600006,302.072815,4255800
2025-07-08,306.089996,306.5,305.179993,305.579987,302.05304,3497900
2025-07-09,306.769989,307.690002,305.799988,307.5,303.950867,2838800
2025-07-10,307.649994,308.929993,306.959991,308.320007,304.761444,2598100
2025-07-11,306.880005,307.640015,306.149994,307.019989,303.47641,2909500
2025-07-14,306.73999,307.950012,306.23999,307.720001,304.168335,2364500
2025-07-15,309.089996,309.290009,306.049988,306.100006,302.567047,3447800
2025-07-16,306.859985,307.549988,304,307.26001,303.713684,3069700
2025-07-17,307.5,309.579987,307.309998,309.26001,305.690613,4953000
2025-07-18,310.049988,310.200012,308.549988,309.089996,305.522522,2609100
2025-07-21,309.940002,311.040009,309.269989,309.440002,305.8685,3205000
2025-07-22,309.73999,310.190002,308.230011,309.799988,306.224335,2117300
2025-07-23,311.100006,312.450012,310.320007,312.410004,308.80423,3970900
2025-07-24,312.5,313.140015,312.200012,312.299988,308.695496,3661700
2025-07-25,312.799988,313.929993,312.410004,313.690002,310.069458,3233200
2025-07-28,314.200012,314.23999,312.929993,313.600006,309.980469,4797900
2025-07-29,314.339996,314.5,312.23999,312.609985,309.001892,3745600
2025-07-30,313.190002,314.01001,310.769989,312.25,308.646057,5966800
2025-07-31,314.369995,314.839996,310.390015,310.890015,307.301758,4685900
2025-08-01,307.980011,307.980011,304.399994,305.73999,302.211212,5607300
2025-08-04,307.579987,310.559998,307.579987,310.529999,306.945923,4118100
2025-08-05,310.859985,311.339996,308.450012,309.160004,305.591736,4491800
2025-08-06,309.549988,311.579987,309.049988,311.25,307.657623,3226400
2025-08-07,313.049988,313.399994,309.359985,311.070007,307.479706,2974400
2025-08-08,311.899994,313.299988,311.690002,313.029999,309.417023,2881400
2025-08-11,313.329987,313.929993,311.820007,312.309998,308.705383,4275200
2025-08-12,313.720001,316.23999,312.980011,316.130005,312.481323,3340100
2025-08-13,317.359985,317.929993,316.399994,317.660004,313.993622,2893600
2025-08-14,316.320007,317.559998,316.01001,317.190002,313.529083,3487000
2025-08-15,317.940002,317.940002,316.01001,316.470001,312.817352,3434100
2025-08-18,316.320007,316.809998,315.98999,316.589996,312.935974,3788600
2025-08-19,316.579987,316.980011,314.100006,314.670013,311.038147,4135700
2025-08-20,314.570007,314.570007,311.23999,313.839996,310.217712,6190300
2025-08-21,312.899994,313.839996,311.859985,312.76001,309.150177,2697000
2025-08-22,313.98999,318.829987,313.679993,318.179993,314.507629,3548300
2025-08-25,317.579987,317.970001,316.600006,316.649994,312.9953,2792700
2025-08-26,316.73999,318.209991,316.329987,318.089996,314.41864,2832000
2025-08-27,317.649994,319.25,317.649994,318.940002,315.25882,5481300
2025-08-28,319.429993,320.399994,318.5,320.100006,316.405487,3236900
2025-08-29,319.559998,319.700012,317.290009,318.200012,314.527374,3418800
2025-09-02,314.519989,316.109985,313.299988,315.98999,312.342896,4816300
2025-09-03,317.040009,317.75,315.859985,317.329987,313.66745,3161400
2025-09-04,317.839996,320.230011,317.320007,320.140015,316.445007,3042000
2025-09-05,321.609985,322.059998,317.48999,319.549988,315.861786,3872100
2025-09-08,320.440002,320.920013,319.709991,320.570007,316.870026,4149800
2025-09-09,320.709991,321.279999,319.450012,320.980011,317.275269,3110500
2025-09-10,322.5,323.040009,320.970001,321.799988,318.085815,3702700
2025-09-11,322.910004,325.059998,322.51001,324.779999,321.031433,3577800
2025-09-12,324.799988,325.200012,324.059998,324.309998,320.566864,3055600
2025-09-15,325.470001,326.119995,325.209991,325.890015,322.128632,3200800
2025-09-16,326.309998,326.399994,324.920013,325.450012,321.693726,3709300
2025-09-17,325.660004,326.899994,322.769989,325.160004,321.407074,3643200
2025-09-18,326.929993,328.269989,325.920013,327.209991,323.43338,3112500
2025-09-19,328.309998,328.850006,326.829987,328.440002,324.6492,3610400
2025-09-22,327.76001,330.100006,327.540009,329.859985,326.052765,3434800
2025-09-23,329.98999,330.359985,327.579987,328.089996,324.303223,3455200
2025-09-24,328.899994,328.910004,326.269989,326.890015,323.117126,2957000
2025-09-25,325.220001,325.839996,323.380005,325.140015,321.387329,4108100
2025-09-26,325.890015,327.339996,325.220001,327.179993,323.403748,3169300
2025-09-29,327.690002,327.809998,326.279999,327.100006,324.22345,3711800
2025-09-30,326.899994,328.359985,325.880005,328.170013,325.284058,4210900
2025-10-01,326.929993,329.660004,326.649994,329.309998,326.414001,5983100
2025-10-02,330.200012,330.26001,328.450012,329.790009,326.889801,4010500
2025-10-03,330.359985,331.73999,329.429993,329.970001,327.068207,4894000
2025-10-06,331.410004,331.76001,330.140015,331.209991,328.297302,4899400
2025-10-07,331.720001,331.98999,328.799988,329.619995,326.721313,4956100
2025-10-08,330.51001,331.869995,329.829987,331.809998,328.892059,3149300
2025-10-09,331.929993,332.200012,329.75,330.660004,327.752167,3803200
2025-10-10,331.160004,332.149994,321.619995,321.799988,318.970032,7886700
2025-10-13,325.790009,327.579987,325.160004,326.929993,324.054932,4476800
2025-10-14,323.899994,328.619995,322.079987,326.829987,323.955841,6307300
2025-10-15,329.390015,330.98999,325.299988,328.380005,325.492218,4245600
2025-10-16,329.369995,329.940002,324.079987,325.769989,322.905121,5328500
2025-10-17,325.01001,327.940002,324.23999,327.299988,324.421722,5646800
2025-10-20,328.950012,331.359985,328.859985,330.950012,328.039612,3919600
2025-10-21,330.790009,331.859985,330.119995,330.910004,327.999939,4099800
2025-10-22,331.179993,331.230011,326.649994,328.899994,326.007629,7357900
2025-10-23,329.320007,331.579987,328.98999,331.01001,328.099091,2955700
2025-10-24,333.359985,334.540009,333.209991,333.709991,330.77533,3780100
2025-10-27,336.700012,337.700012,336.230011,337.429993,334.462616,5496100
2025-10-28,338.339996,338.809998,337.109985,337.950012,334.978058,3765000
2025-10-29,338.350006,339.059998,335.690002,337.709991,334.740143,4818800
2025-10-30,336,337.179993,334.049988,334.079987,331.142059,5025800
2025-10-31,336.619995,336.619995,333.850006,335.420013,332.470306,4243100
2025-11-03,337,337.140015,333.890015,335.799988,332.846954,3344400
2025-11-04,332.209991,334.130005,331.390015,331.73999,328.822662,3288700
2025-11-05,331.829987,334.679993,331.299988,333.160004,330.230164,3147000
2025-11-06,332.790009,333.059998,328.630005,329.369995,326.473511,2968100
2025-11-07,328.040009,330.130005,324.970001,330.089996,327.187164,4707100
2025-11-10,333.320007,335.450012,332.040009,334.920013,331.97467,3658900
2025-11-11,334.339996,336.049988,333.75,335.73999,332.787476,2506400
2025-11-12,336.820007,336.929993,334.880005,335.859985,332.906403,2730900
2025-11-13,334.5,334.630005,329.23999,329.910004,327.008759,4213800
2025-11-14,326.570007,331.850006,325.619995,329.859985,326.959167,3669200
2025-11-17,328.709991,330.769989,324.799988,326.429993,323.559326,4336700
2025-11-18,324.73999,326.549988,321.920013,324.220001,321.368774,5563300
2025-11-19,324.649994,327.609985,323.350006,325.279999,322.419464,3538300
2025-11-20,330.309998,331.600006,319.850006,320.100006,317.285004,4176000
2025-11-21,321.380005,326.320007,319.440002,323.799988,320.952484,4695300
2025-11-24,325.51001,329.190002,324.940002,328.640015,325.749908,4167600
2025-11-25,328.640015,332.660004,326.76001,332.160004,329.238953,3654300
2025-11-26,333.320007,335.48999,332.959991,334.440002,331.498901,2745500
2025-11-28,335.399994,336.420013,334.859985,336.309998,333.352478,2288300
2025-12-01,333.959991,336.100006,333.75,334.660004,331.71701,4270600
2025-12-02,335.649994,336.359985,334.179993,335.059998,332.113434,2920000
2025-12-03,334.76001,337.070007,334.410004,336.559998,333.60025,3779900
2025-12-04,337.23999,337.339996,335.589996,337.089996,334.12561,3587800
2025-12-05,337.570007,338.959991,337.029999,337.559998,334.591492,3340500
2025-12-08,338.200012,338.200012,335.600006,336.570007,333.610168,3532800
2025-12-09,336.279999,337.549988,336.070007,336.230011,333.273193,3035700
2025-12-10,336.119995,339.589996,335.5,338.730011,335.75119,5697100
2025-12-11,337.880005,339.940002,336.440002,339.869995,336.881195,3819000
2025-12-12,339.5,339.75,334.850006,335.98999,333.035248,4258900
2025-12-15,337.980011,338,334.679993,335.329987,332.381073,3571900
2025-12-16,334.589996,335.51001,332.420013,334.359985,331.419586,4129200
2025-12-17,334.920013,335.200012,330.630005,330.709991,327.801727,3980300
2025-12-18,333.779999,335.350006,332.470001,333.25,330.319366,3347700
2025-12-19,334.369995,336.589996,334.209991,336.220001,333.263275,4022600
2025-12-22,337,337.910004,336.609985,337.600006,335.580322,3782100
2025-12-23,337,338.829987,337,338.720001,336.693604,3611100
2025-12-24,338.779999,340.100006,338.709991,339.880005,337.84668,4006500
2025-12-26,340.140015,340.329987,339.170013,339.670013,337.637939,3543600
2025-12-29,338.399994,339.269989,337.570007,338.390015,336.365601,3795900
2025-12-30,338.390015,338.779999,337.75,337.850006,335.828827,3576200
2025-12-31,338.040009,338.130005,335.220001,335.269989,333.264252,3493700
2026-01-02,337.149994,337.73999,334.600006,336.309998,334.298035,5177300
2026-01-05,338,339.609985,337.850006,338.839996,336.812897,5442200
2026-01-06,338.98999,341.390015,338.809998,341.209991,339.168701,6054500
2026-01-07,341.359985,342.079987,339.880005,340.049988,338.015625,6629600
2026-01-08,339.769989,340.75,339.089996,340.140015,338.105133,6800000
2026-01-09,340.850006,342.940002,340,342.399994,340.351563,6854100
2026-01-12,340.910004,343.410004,340.779999,343.029999,340.977814,5775900
2026-01-13,343.399994,343.540009,341.26001,342.339996,340.291931,8088100
2026-01-14,341.200012,341.470001,338.910004,341,338.959961,12154800
2026-01-15,343.01001,343.670013,341.679993,342.049988,340.003662,8296900
2026-01-16,342.869995,343.049988,341.070007,341.850006,339.804871,6418500
2026-01-20,336.720001,338.630005,334.670013,335.109985,333.105194,13144300
2026-01-21,336.190002,340.709991,335.440002,339.079987,337.051422,9761800
2026-01-22,341.470001,342.01001,339.98999,340.869995,338.830719,5505900
2026-01-23,340.700012,341.549988,339.839996,340.559998,338.522583,4905900
2026-01-26,341.149994,342.670013,340.799988,342.029999,339.983795,4957200
2026-01-27,342.850006,343.730011,342.290009,343.269989,341.2164,3689000
2026-01-28,344.059998,344.420013,342.320007,343.079987,341.027527,5854800
2026-01-29,343.540009,343.829987,337.690002,342.290009,340.242279,8936900
2026-01-30,340.790009,342.040009,338.359985,340.570007,338.532532,9905800
2026-02-02,339.549988,343.290009,339.48999,342.480011,340.431122,6024500
2026-02-03,343.019989,343.399994,336.910004,339.850006,337.816864,9060900
2026-02-04,340.380005,340.940002,335.929993,338.25,336.22641,8973500
2026-02-05,335.839996,337.230011,333.190002,333.899994,331.902435,8838500
2026-02-06,336.070007,341.700012,335.970001,340.959991,338.920197,5093800
2026-02-09,340.369995,343.51001,339.799988,342.640015,340.590179,4562300
2026-02-10,343.149994,343.929993,341.549988,341.799988,339.755188,3879400
2026-02-11,343.950012,344.299988,339.920013,341.470001,339.427155,5056600
2026-02-12,342.690002,343.329987,335.630005,336.01001,333.999817,7012500
2026-02-13,336.609985,338.980011,334.269989,336.649994,334.635986,8039400
2026-02-17,336.109985,338.179993,333.570007,337.070007,335.053467,7112300
2026-02-18,337.890015,340.369995,337.059998,338.829987,336.802948,5718300
2026-02-19,337.730011,338.880005,336.600006,338.190002,336.166779,4401600
2026-02-20,336.98999,340.709991,336.820007,340.269989,338.234344,7051500
2026-02-23,339.5,340.459991,335.440002,336.459991,334.447144,10771900
2026-02-24,336.350006,339.619995,335.48999,339.209991,337.180664,3642400
2026-02-25,340.600006,342.130005,340.320007,341.829987,339.785004,3983300
2026-02-26,342,342.130005,337.899994,340.48999,338.453003,4984500
2026-02-27,337.329987,338.98999,336.48999,338.769989,336.743317,6041800
2026-03-02,335.01001,340.130005,334.690002,339.119995,337.091217,7225700
2026-03-03,333.079987,337,330.190002,335.730011,333.721497,10751600
2026-03-04,336.790009,339.059998,335.339996,338.190002,336.166779,5462500
2026-03-05,336.579987,338.359985,333.140015,336,333.989868,8661800
2026-03-06,331.910004,333.149994,330,331.410004,329.427338,8635500
2026-03-09,328.200012,335.100006,326.130005,334.279999,332.280182,8505800
2026-03-10,334.059998,336.899994,332.48999,333.51001,331.514801,7767700
2026-03-11,333.910004,334.940002,331.660004,333.23999,331.246368,8631900
2026-03-12,330.700012,330.820007,327.829987,327.920013,325.958221,7011900
2026-03-13,329.48999,331.100006,325.670013,326.130005,324.178955,6294900
2026-03-16,329.220001,330.970001,328.570007,329.459991,327.489014,3766900
2026-03-17,331,332.320007,330.140015,330.570007,328.592377,3181400
2026-03-18,329.410004,330,325.899994,326.019989,324.06958,3919400
2026-03-19,323.660004,327.01001,322.76001,325.440002,323.493042,5183100
2026-03-20,324.850006,324.98999,318.570007,320.339996,318.423553,6532900
2026-03-23,325.019989,327.850006,323.470001,324.190002,322.250549,7888300
2026-03-24,321.660004,325.130005,321.350006,323.179993,321.246582,4382400
2026-03-25,326,327.200012,323.720001,325.149994,323.204803,3625600
2026-03-26,322.850006,324.420013,319.390015,319.549988,317.638275,4794400
2026-03-27,317.269989,317.470001,312.5,313.089996,312.191956,7027300
2026-03-30,315.899994,316,310.399994,311.679993,310.786011,6510900
2026-03-31,315.350006,321.519989,314.75,320.809998,319.889832,6764000
2026-04-01,322.910004,325.089996,322.279999,323.23999,322.312836,5540500
2026-04-02,318.970001,324.899994,318.230011,323.76001,322.83136,3653400
2026-04-06,323.950012,325.619995,323.589996,325.209991,324.277191,4401900
2026-04-07,324.220001,325.579987,321.470001,325.429993,324.496552,3567500
2026-04-08,334.190002,334.480011,331.579987,333.700012,332.742859,5384300
2026-04-09,333.309998,336.130005,332.440002,335.450012,334.487854,3436800
2026-04-10,336.130005,336.549988,334.570007,335.049988,334.088959,2581300
2026-04-13,333.940002,338.73999,333.640015,338.670013,337.698608,3027300
2026-04-14,339.799988,342.779999,339.600006,342.649994,341.667175,3380500
2026-04-15,343.25,345.410004,342.609985,345.23999,344.249725,3978500
2026-04-16,345.700012,346.640015,344.559998,346.029999,345.037476,3837300
2026-04-17,348.429993,351.75,348.179993,350.529999,349.524567,4258500
2026-04-20,349.899994,350.609985,348.839996,350.209991,349.205475,4054100
2026-04-21,351.049988,351.73999,347.170013,347.839996,346.842285,4910100
2026-04-22,350.309998,351.309998,349.950012,351.220001,350.212585,2486000
2026-04-23,350.519989,351.690002,346.549988,349.799988,348.796661,3366700
2026-04-24,350.869995,352.369995,349.670013,352.049988,351.040192,2705700
2026-04-27,352,352.809998,351.279999,352.529999,351.518829,2814200
2026-04-28,351.190002,351.609985,349.48999,350.630005,349.624298,3071600
2026-04-29,350.459991,350.690002,348.670013,350.209991,349.205475,2742500
2026-04-30,351.549988,354.690002,350.019989,354.179993,353.164093,2723400
2026-05-01,355.559998,357.149994,355.079987,355.290009,354.270935,3752000
2026-05-04,355.079987,356.170013,352.529999,353.980011,352.964691,3012400
2026-05-05,355.790009,357.579987,355.769989,356.98999,355.966034,2722200
2026-05-06,359.459991,362.269989,359.119995,361.859985,360.822052,3794300
2026-05-07,362.619995,362.720001,359.380005,360.200012,359.16684,3500900
2026-05-08,362.01001,363.130005,361.470001,362.869995,361.829163,2867400
2026-05-11,362.609985,364.480011,362.420013,363.630005,362.587006,3672200
2026-05-12,362.519989,363.160004,359.619995,362.790009,361.74942,3067500
2026-05-13,363.220001,365.399994,361.359985,364.709991,363.66391,3305300
2026-05-14,365.5,368.25,365.420013,367.399994,366.346191,2931700
2026-05-15,364.529999,364.929993,362.279999,362.73999,361.699554,3404000
2026-05-18,363.339996,364.070007,359.980011,362.359985,361.320618,3577600
2026-05-19,360.649994,361.970001,358.799988,360.059998,359.027252,3169400
2026-05-20,361.200012,364.390015,360.200012,364.190002,363.145386,3153000
2026-05-21,362.799988,366.070007,362.130005,365.089996,364.042816,2766300
2026-05-22,366.809998,368.299988,366.089996,366.790009,365.737946,2642200
2026-05-26,368.980011,370.23999,368.399994,369.459991,368.400269,3566700
2026-05-27,369.5,370.049988,368.399994,369.359985,368.300537,3097800
2026-05-28,369.529999,371.920013,368.75,371.660004,370.593964,2956100
2026-05-29,372.040009,373.130005,371.350006,372.540009,371.471466,3162200
2026-06-01,372.179993,374.440002,371.480011,373.399994,372.328979,6894700
2026-06-02,372.880005,374.700012,372.630005,374.359985,373.286224,2700700
2026-06-03,373.850006,373.950012,371.320007,371.649994,370.583984,3409600
2026-06-04,370.619995,373.98999,370.359985,373.380005,372.309052,3125600
2026-06-05,370.980011,371.179993,362.459991,363.380005,362.337738,5205400
2026-06-08,366.690002,367.579987,364.040009,364.470001,363.424591,5431900
2026-06-09,366.700012,368.660004,356.279999,363.670013,362.626892,4687900
2026-06-10,361.869995,364.559998,357.899994,358.040009,357.013031,3389800
2026-06-11,359.630005,365.5,357.75,364.299988,363.255066,3964200
2026-06-12,366.179993,367.929993,363.230011,366.359985,365.309143,3230600
2026-06-15,371.799988,373.640015,371.549988,372.529999,371.461487,3561000
2026-06-16,372.790009,373.160004,370.100006,370.369995,369.307678,2805800
2026-06-17,370.779999,371.519989,365.079987,365.76001,364.710907,4766800
2026-06-18,370.559998,370.619995,368.339996,369.98999,368.928741,3413600
2026-06-22,370.279999,371.559998,368.190002,368.809998,367.752136,3295200
2026-06-23,363.269989,366.660004,362.869995,363.700012,362.656799,3175500
2026-06-24,364.790009,367.119995,362.630005,363.649994,362.606934,3036000
2026-06-25,366.480011,366.829987,362.309998,363.980011,362.936005,2758000
2026-06-26,360.880005,364.790009,359.950012,362.220001,362.220001,2739400
2026-06-29,365.149994,367.390015,362.549988,367.119995,367.119995,3829900
2026-06-30,367.309998,370.609985,367.089996,370.040009,370.040009,4222200
2026-07-01,369.339996,371.380005,367.839996,369.269989,369.269989,2852400
2026-07-02,370.390015,372.23999,366.179993,368.76001,368.76001,3114000
2026-07-06,370.329987,372.279999,369.959991,371.670013,371.670013,3271300
2026-07-07,371.309998,371.75,368.480011,369.609985,369.609985,2881600
2026-07-08,367.609985,368.579987,365.309998,368.25,368.25,3864300
2026-07-09,369.470001,371.850006,368.700012,371.450012,371.450012,5484300
2026-07-10,372,372.970001,369.519989,372.690002,372.690002,2765900
2026-07-13,371.589996,372.220001,369.25,369.779999,369.779999,2920600
2026-07-14,371,371.964996,369.75,371.429993,371.429993,2482837
