Date,Open,High,Low,Close,Adj Close,Volume
2011-01-28,50.07,53.830002,49.259998,49.330002,31.151171,40800
2011-01-31,49.75,50,49.630001,49.880001,31.498497,46200
2011-02-01,50.619999,50.950001,50.150002,50.950001,32.174191,26300
2011-02-02,51,51,50.540001,50.689999,32.010002,47700
2011-02-03,50.990002,50.990002,50.360001,50.779999,32.06683,51100
2011-02-04,55.919998,55.919998,50.400002,50.75,32.047894,59800
2011-02-07,50.849998,50.950001,50.59,50.889999,32.136288,36500
2011-02-08,50.950001,50.970001,50.59,50.970001,32.186817,62200
2011-02-09,51.150002,51.150002,50.48,50.66,31.991066,44800
2011-02-10,50.400002,50.400002,49.549999,50.189999,31.694258,65700
2011-02-11,50.25,50.43,49.860001,50.380001,31.81424,27700
2011-02-14,50.950001,50.950001,50.220001,50.5,31.890015,35400
2011-02-15,50.650002,50.650002,50.299999,50.34,31.788986,42100
2011-02-16,50.650002,50.990002,50.599998,50.970001,32.186817,33800
2011-02-17,51.200001,51.200001,50.82,51.18,32.319435,60500
2011-02-18,51.349998,51.349998,51.080002,51.27,32.376274,61200
2011-02-22,50.75,50.75,49.810001,49.990002,31.567972,196900
2011-02-23,50.150002,50.189999,49.580002,49.939999,31.536377,39400
2011-02-24,50.25,50.25,49.799999,50.009998,31.580591,19200
2011-02-25,50.279999,50.580002,50.16,50.580002,31.940531,39800
2011-02-28,51.200001,51.200001,50.799999,51.040001,32.23103,42800
2011-03-01,51.380001,51.380001,50.41,50.459999,31.864756,26000
2011-03-02,50.650002,50.950001,50.599998,50.830002,32.098408,44400
2011-03-03,51.150002,51.450001,51.09,51.419998,32.470985,26500
2011-03-04,51.75,51.75,50.799999,51.080002,32.256271,45200
2011-03-07,51.400002,51.450001,50.5,50.740002,32.041573,461000
2011-03-08,51.150002,51.150002,50.450001,50.919998,32.155243,12600
2011-03-09,51.099998,51.099998,50.68,50.860001,32.117355,32100
2011-03-10,50.57,50.57,49.459999,49.599998,31.321686,63600
2011-03-11,50.860001,50.860001,49.25,49.779999,31.435349,54000
2011-03-14,48.779999,49.07,48.509998,49.060001,30.980679,31900
2011-03-15,46.91,48.330002,46.189999,48.200001,30.437603,67200
2011-03-16,47.880001,47.990002,46.330002,46.860001,29.591415,48400
2011-03-17,47.970001,48.450001,47.869999,48.060001,30.349201,43300
2011-03-18,48.709999,48.799999,48.540001,48.799999,30.8165,38900
2011-03-21,49.599998,49.900002,49.560001,49.849998,31.479548,63600
2011-03-22,49.880001,49.880001,49.470001,49.73,31.403772,18700
2011-03-23,49.700001,49.98,49.380001,49.950001,31.5427,41100
2011-03-24,50.209999,50.59,50.049999,50.450001,31.858437,24400
2011-03-25,50.27,50.490002,50.09,50.130001,31.656374,141100
2011-03-28,50.450001,50.450001,49.900002,49.900002,31.511126,46300
2011-03-29,50,50.360001,49.759998,50.299999,31.763723,40200
2011-03-30,50.700001,51.029999,50.650002,50.970001,32.186817,42300
2011-03-31,50.790001,51.029999,50.790001,50.91,32.14893,26900
2011-04-01,51.060001,51.52,50.950001,51.360001,32.433102,72200
2011-04-04,51.73,51.73,51.400002,51.630001,32.6036,111400
2011-04-05,51.240002,51.619999,51.18,51.43,32.477303,25300
2011-04-06,51.759998,51.860001,51.639999,51.810001,32.717266,63200
2011-04-07,51.689999,51.849998,51.330002,51.549999,32.553066,22000
2011-04-08,52.150002,52.150002,51.75,51.939999,32.799347,24900
2011-04-11,51.970001,52.060001,51.549999,51.619999,32.59729,30600
2011-04-12,51.43,51.43,50.91,51.130001,32.287857,33600
2011-04-13,51.75,51.75,51.119999,51.34,32.420467,16500
2011-04-14,51.07,51.5,51.049999,51.459999,32.496246,42200
2011-04-15,51.400002,51.509998,51.150002,51.43,32.477303,46900
2011-04-18,50.91,50.91,49.91,50.509998,31.896339,69800
2011-04-19,50.740002,50.98,50.669998,50.970001,32.186817,12700
2011-04-20,52.040001,52.169998,51.959999,52.169998,32.944607,34300
2011-04-21,52.490002,52.669998,52.25,52.389999,33.083527,77400
2011-04-25,52.52,52.52,52.18,52.349998,33.058254,34800
2011-04-26,52.529999,52.830002,52.400002,52.759998,33.317184,37900
2011-04-27,52.889999,53.259998,52.450001,53.209999,33.601341,24900
2011-04-28,53.049999,53.369999,53.049999,53.310001,33.664494,25100
2011-04-29,53.32,53.68,53.310001,53.549999,33.816055,35000
2011-05-02,53.75,53.919998,53.34,53.459999,33.75922,62500
2011-05-03,53.07,53.279999,52.650002,52.919998,33.418209,44500
2011-05-04,52.790001,52.790001,52.130001,52.360001,33.064579,34000
2011-05-05,52,52,51.240002,51.43,32.477303,71800
2011-05-06,52.09,52.380001,51.360001,51.630001,32.6036,107000
2011-05-09,51.66,52.02,51.43,51.919998,32.786736,37800
2011-05-10,52.09,52.459999,52,52.400002,33.089848,19900
2011-05-11,52.09,52.09,51.200001,51.450001,32.489933,55300
2011-05-12,51.27,51.73,50.919998,51.639999,32.609913,51300
2011-05-13,51.360001,51.360001,50.5,50.779999,32.06683,32300
2011-05-16,50.630001,51.119999,50.540001,50.639999,31.978434,58000
2011-05-17,50.389999,50.75,50.099998,50.740002,32.041573,56300
2011-05-18,50.73,51.27,50.689999,51.27,32.376274,13700
2011-05-19,51.23,51.419998,50.990002,51.349998,32.426777,27700
2011-05-20,51.080002,51.240002,50.619999,50.799999,32.079472,51300
2011-05-23,49.68,50.099998,49.470001,49.849998,31.479548,88000
2011-05-24,50.130001,50.349998,49.93,50.110001,31.643738,92000
2011-05-25,49.82,50.419998,49.82,50.360001,31.801615,59600
2011-05-26,50.549999,50.880001,50.299999,50.799999,32.079472,69000
2011-05-27,51.09,51.34,51.07,51.18,32.319435,34500
2011-05-31,52.52,52.52,51.77,51.939999,32.799347,67800
2011-06-01,51.950001,51.950001,50.950001,50.950001,32.174191,36900
2011-06-02,51.279999,51.279999,50.75,51.209999,32.338383,233300
2011-06-03,50.68,51.439999,50.630001,51.110001,32.275227,23900
2011-06-06,51.049999,51.049999,50.41,50.470001,31.871084,75700
2011-06-07,51.110001,51.220001,50.880001,50.889999,32.136288,23400
2011-06-08,50.639999,50.689999,50.25,50.369999,31.807928,40700
2011-06-09,50.369999,50.889999,50.27,50.82,32.092102,22800
2011-06-10,50.310001,50.400002,49.490002,49.669998,31.365891,148600
2011-06-13,49.790001,50.040001,49.5,49.700001,31.38483,49700
2011-06-14,50.34,50.639999,50.34,50.48,31.877398,42100
2011-06-15,49.66,49.790001,48.990002,49.150002,31.037533,41200
2011-06-16,48.75,49.119999,48.439999,48.860001,30.854395,66900
2011-06-17,49.349998,49.41,49.119999,49.209999,31.075411,23900
2011-06-20,48.82,49.18,48.82,49.099998,31.005951,29800
2011-06-21,49.52,50.169998,49.52,50.110001,31.643738,38200
2011-06-22,49.689999,49.959999,49.43,49.43,31.214323,93800
2011-06-23,48.740002,49.16,48.360001,49.16,31.043833,25900
2011-06-24,49.32,49.32,48.700001,48.790001,30.810181,16700
2011-06-27,48.790001,49.259998,48.669998,49.18,31.056467,51300
2011-06-28,49.330002,49.759998,49.330002,49.759998,31.422724,16000
2011-06-29,50.169998,50.59,50.009998,50.490002,31.883717,18300
2011-06-30,50.82,51.330002,50.779999,51.310001,32.401516,36000
2011-07-01,51.139999,51.860001,51.009998,51.82,32.723598,39900
2011-07-05,51.669998,51.810001,51.48,51.540001,32.546768,34800
2011-07-06,51.23,51.360001,51.02,51.27,32.376274,37100
2011-07-07,51.689999,51.880001,51.59,51.75,32.679375,22000
2011-07-08,51.209999,51.369999,50.970001,51.23,32.351002,26500
2011-07-11,50.169998,50.27,49.709999,49.860001,31.485882,33500
2011-07-12,49.509998,50.060001,49.5,49.5,31.25853,45600
2011-07-13,50,50.73,49.970001,50.240002,31.725843,28100
2011-07-14,50.52,50.52,49.84,49.919998,31.523769,17000
2011-07-15,50.209999,50.330002,49.900002,50.110001,31.643738,29400
2011-07-18,49.650002,49.709999,49.080002,49.5,31.25853,1997700
2011-07-19,49.900002,50.200001,49.860001,50.150002,31.669001,38500
2011-07-20,50.5,50.630001,50.299999,50.57,31.934223,22100
2011-07-21,51,51.57,51,51.48,32.508881,38800
2011-07-22,51.48,51.66,51.240002,51.57,32.565708,33500
2011-07-25,51.150002,51.48,51.150002,51.290001,32.388893,22800
2011-07-26,51.52,51.709999,51.32,51.470001,32.50256,33000
2011-07-27,51.27,51.27,50.34,50.529999,31.908953,30500
2011-07-28,50.34,50.740002,50.240002,50.259998,31.73847,27200
2011-07-29,50.099998,50.689999,49.959999,50.41,31.833178,23100
2011-08-01,51.189999,51.189999,49.580002,50.029999,31.593216,111400
2011-08-02,49.439999,49.799999,48.669998,48.700001,30.753351,68000
2011-08-03,48.790001,48.990002,47.810001,48.759998,30.791237,157600
2011-08-04,47.400002,47.400002,45.540001,45.619999,28.808371,177700
2011-08-05,46.330002,46.490002,44.34,45.950001,29.016762,109900
2011-08-08,44.049999,44.509998,42.48,42.68,26.951803,203100
2011-08-09,44.080002,45.169998,43,44.959999,28.391588,197200
2011-08-10,44.07,44.66,43,43,27.153879,162700
2011-08-11,43.290001,45.290001,43.099998,44.860001,28.328444,155300
2011-08-12,45.34,45.900002,44.849998,45.290001,28.599981,80500
2011-08-15,45.869999,46.369999,45.869999,46.369999,29.281986,168100
2011-08-16,45.619999,46.119999,45.299999,45.849998,28.953608,135100
2011-08-17,46.049999,46.52,45.740002,45.950001,29.016762,85700
2011-08-18,45,45,43.080002,43.91,27.728529,213100
2011-08-19,43.459999,44.310001,43.189999,43.209999,27.286493,68500
2011-08-22,44.049999,44.279999,43.32,43.450001,27.438046,62900
2011-08-23,43.869999,44.73,43.720001,44.73,28.246342,39000
2011-08-24,44.349998,44.689999,44.119999,44.68,28.214771,38100
2011-08-25,44.540001,44.650002,43.66,43.779999,27.646437,50400
2011-08-26,43.540001,44.459999,43.130001,44.380001,28.025326,53100
2011-08-29,44.889999,45.509998,44.889999,45.450001,28.701019,27900
2011-08-30,45.099998,45.669998,44.849998,45.540001,28.757854,63200
2011-08-31,46.110001,46.459999,45.939999,46.150002,29.143064,102500
2011-09-01,46.110001,46.52,45.799999,45.849998,28.953608,81200
2011-09-02,45.080002,45.25,44.549999,44.700001,28.227406,246400
2011-09-06,42.93,43.540001,42.709999,43.43,27.425421,207300
2011-09-07,44.16,44.880001,44.16,44.880001,28.341074,49400
2011-09-08,44.25,44.650002,43.860001,44.040001,27.810629,21700
2011-09-09,43.310001,43.369999,42.450001,42.610001,26.90761,61700
2011-09-12,41.880001,42.27,41.419998,42.27,26.692892,308900
2011-09-13,42.240002,42.709999,42.060001,42.68,26.951803,57700
2011-09-14,42.610001,43.299999,42,43.009998,27.160179,77300
2011-09-15,43.41,43.860001,43.349998,43.84,27.684326,37100
2011-09-16,43.75,44,43.5,43.73,27.614857,26600
2011-09-19,42.470001,42.860001,42.150002,42.740002,26.989687,46200
2011-09-20,42.84,43.209999,42.5,42.830002,27.046526,31800
2011-09-21,42.650002,42.689999,41.57,41.57,26.250851,164200
2011-09-22,40.119999,40.150002,39.25,39.700001,25.069984,260600
2011-09-23,39.630001,40.18,39.5,40.029999,25.278368,401700
2011-09-26,40.110001,40.610001,39.689999,40.599998,25.638317,102900
2011-09-27,41.779999,42.5,41.57,41.700001,26.332945,37400
2011-09-28,41.91,41.950001,40.82,40.880001,25.815134,46500
2011-09-29,41.849998,41.959999,41.130001,41.73,26.351891,37000
2011-09-30,40.630001,40.939999,40.259998,40.310001,25.455187,66800
2011-10-03,39.880001,40.110001,39.099998,39.099998,24.691086,80300
2011-10-04,38.75,39.549999,38.02,39.549999,24.975258,197500
2011-10-05,39.459999,40.330002,39.299999,40.23,25.404667,549000
2011-10-06,40.290001,41.509998,40.27,41.509998,26.212973,86500
2011-10-07,41.57,41.900002,41.099998,41.169998,25.99826,159600
2011-10-10,42.18,42.759998,42.009998,42.68,26.951803,813800
2011-10-11,42.150002,42.639999,42.110001,42.48,26.825506,110000
2011-10-12,43.349998,44,43.27,43.57,27.513826,87400
2011-10-13,43.25,43.540001,42.77,43.43,27.425421,33500
2011-10-14,43.93,44.200001,43.630001,44.07,27.829575,56300
2011-10-17,44.080002,44.080002,42.779999,42.790001,27.021275,1053700
2011-10-18,42.900002,43.860001,42.330002,43.68,27.5833,66200
2011-10-19,43.400002,43.41,42.740002,42.810001,27.033899,50000
2011-10-20,42.73,42.900002,42.18,42.799999,27.027588,50800
2011-10-21,43.48,43.830002,43.459999,43.830002,27.67802,79900
2011-10-24,44.110001,44.77,43.950001,44.740002,28.252657,134300
2011-10-25,44.380001,44.43,43.84,43.959999,27.760098,51700
2011-10-26,44.509998,44.68,43.75,44.549999,28.132673,49000
2011-10-27,46.630001,47.200001,46.169998,46.75,29.521952,138100
2011-10-28,46.369999,46.529999,46.09,46.380001,29.288307,118200
2011-10-31,45.560001,45.560001,44.43,44.439999,28.063219,58000
2011-11-01,43.139999,43.450001,42.09,42.939999,27.115992,323200
2011-11-02,43.529999,44.07,43.419998,43.790001,27.652763,106100
2011-11-03,44.369999,44.82,43.75,44.810001,28.296848,39800
2011-11-04,44.25,44.32,43.709999,44.200001,27.911663,170500
2011-11-07,44.32,44.639999,44,44.560001,28.138994,29000
2011-11-08,44.700001,45.029999,44.23,44.98,28.404224,79500
2011-11-09,43.700001,43.700001,42.619999,42.619999,26.913916,335000
2011-11-10,43.279999,43.5,42.869999,43.16,27.254911,51800
2011-11-11,43.68,44.23,43.68,44.200001,27.911663,32400
2011-11-14,43.689999,43.869999,43.310001,43.529999,27.48856,33600
2011-11-15,43.389999,43.720001,43.139999,43.66,27.570648,76500
2011-11-16,42.990002,43.43,42.540001,42.540001,26.8634,45700
2011-11-17,42.82,42.849998,41.759998,41.919998,26.471878,87500
2011-11-18,42.529999,42.529999,41.93,42.029999,26.541336,62800
2011-11-21,41.27,41.27,40.639999,41.110001,25.960371,77000
2011-11-22,41,41.27,40.630001,40.700001,25.701454,136700
2011-11-23,40.439999,40.439999,39.529999,39.669998,25.051035,98200
2011-11-25,39.34,39.98,39.220001,39.439999,24.90579,46800
2011-11-28,41.02,41.290001,40.91,41.23,26.036152,86000
2011-11-29,41.240002,41.549999,41.16,41.330002,26.099297,54200
2011-11-30,42.869999,43.5,42.849998,43.5,27.469622,55300
2011-12-01,43.200001,43.59,42.939999,43.080002,27.204399,106600
2011-12-02,43.490002,43.73,42.970001,43.18,27.267553,53400
2011-12-05,43.73,43.959999,43.369999,43.630001,27.551712,58300
2011-12-06,43.279999,43.639999,43.18,43.41,27.412786,90500
2011-12-07,43.119999,43.84,42.98,43.669998,27.576969,32200
2011-12-08,43,43,42.139999,42.139999,26.6108,53100
2011-12-09,42.57,43.189999,42.57,43.119999,27.229662,59800
2011-12-12,42.200001,42.200001,41.610001,41.880001,26.446615,94200
2011-12-13,42.07,42.43,41,41.18,26.004581,771500
2011-12-14,41.060001,41.169998,40.639999,40.830002,25.78356,140400
2011-12-15,41.18,41.330002,40.830002,40.959999,25.865644,204900
2011-12-16,41.119999,41.279999,40.790001,40.959999,25.865644,113800
2011-12-19,41.060001,41.139999,40.279999,40.470001,25.556221,142600
2011-12-20,41.490002,41.900002,41.189999,41.75,26.364523,174600
2011-12-21,40.349998,40.490002,40,40.389999,26.319567,368100
2011-12-22,40.369999,40.84,40.369999,40.779999,26.573694,186100
2011-12-23,40.84,41.040001,40.77,41.02,26.730095,189800
2011-12-27,40.810001,40.990002,40.810001,40.93,26.671434,325900
2011-12-28,40.75,40.869999,40.080002,40.099998,26.130592,306700
2011-12-29,40.169998,40.880001,40.169998,40.709999,26.528084,269500
2011-12-30,40.759998,41.029999,40.560001,40.900002,26.65189,216800
2012-01-03,41.720001,42.23,41.720001,42.09,27.427338,569200
2012-01-04,41.790001,41.970001,41.630001,41.900002,27.303537,290500
2012-01-05,41.389999,41.48,41.119999,41.439999,27.003786,66900
2012-01-06,41.259998,41.259998,40.82,40.900002,26.65189,82300
2012-01-09,41.18,41.18,40.849998,41.150002,26.814802,127300
2012-01-10,41.830002,41.959999,41.700001,41.790001,27.231848,55500
2012-01-11,41.5,41.700001,41.34,41.700001,27.173197,104300
2012-01-12,41.799999,41.91,41.549999,41.869999,27.283983,74500
2012-01-13,41.5,41.5,41.029999,41.470001,27.023329,140600
2012-01-17,42.169998,42.189999,41.84,41.939999,27.329586,121400
2012-01-18,42.259998,42.790001,42.049999,42.790001,27.883484,46200
2012-01-19,43,43.25,42.900002,43.25,28.183239,92300
2012-01-20,43.169998,43.470001,43.099998,43.459999,28.32008,59400
2012-01-23,43.549999,43.849998,43.540001,43.720001,28.489508,108300
2012-01-24,43.310001,43.490002,43.080002,43.470001,28.32659,83300
2012-01-25,43.27,44.040001,43.150002,44.02,28.685003,58200
2012-01-26,44.32,44.470001,43.849998,43.98,28.658932,69600
2012-01-27,43.880001,44.150002,43.880001,44.09,28.730606,45800
2012-01-30,43.419998,43.689999,43.189999,43.630001,28.430862,88100
2012-01-31,44.080002,44.259998,43.599998,43.900002,28.606796,60700
2012-02-01,44.419998,44.75,44.380001,44.549999,29.030369,137600
2012-02-02,44.759998,44.860001,44.580002,44.700001,29.128109,225600
2012-02-03,45.209999,45.419998,44.970001,45.349998,29.551664,130900
2012-02-06,44.91,45.130001,44.869999,45.099998,29.388762,101500
2012-02-07,45.139999,45.369999,44.889999,45.299999,29.519079,66600
2012-02-08,45.490002,45.630001,45.240002,45.5,29.649412,120000
2012-02-09,45.779999,45.779999,45.34,45.490002,29.642897,107400
2012-02-10,44.77,44.810001,44.549999,44.689999,29.121593,76400
2012-02-13,45.330002,45.439999,45.099998,45.189999,29.447412,93200
2012-02-14,45.049999,45.080002,44.619999,44.880001,29.245403,80700
2012-02-15,45.41,45.41,44.959999,45.060001,29.362705,204200
2012-02-16,44.939999,45.599998,44.849998,45.5,29.649412,199500
2012-02-17,45.830002,45.830002,45.529999,45.779999,29.831879,110300
2012-02-21,46,46.009998,45.740002,45.779999,29.831879,93500
2012-02-22,45.68,45.82,45.560001,45.68,29.766718,81400
2012-02-23,45.73,45.98,45.5,45.959999,29.949165,349600
2012-02-24,46.18,46.380001,46.09,46.259998,30.144661,83900
2012-02-27,45.68,46.009998,45.5,45.84,29.870977,174100
2012-02-28,46.130001,46.400002,45.990002,46.400002,30.235886,52200
2012-02-29,46.540001,46.68,45.82,45.900002,29.910067,82300
2012-03-01,46.259998,46.560001,46.23,46.52,30.314087,510200
2012-03-02,46.18,46.23,45.919998,46.02,29.988268,115000
2012-03-05,45.900002,45.939999,45.610001,45.66,29.75367,89000
2012-03-06,44.740002,44.740002,44.110001,44.310001,28.873978,195400
2012-03-07,44.639999,44.880001,44.490002,44.84,29.219336,121400
2012-03-08,45.5,45.919998,45.41,45.830002,29.864462,184800
2012-03-09,45.700001,45.830002,45.599998,45.709999,29.786264,217300
2012-03-12,45.650002,45.650002,45.259998,45.490002,29.642897,107800
2012-03-13,45.68,46.290001,45.619999,46.27,30.151175,129800
2012-03-14,46.049999,46.16,45.630001,45.779999,29.831879,137000
2012-03-15,45.950001,46.25,45.82,46.169998,30.086008,71200
2012-03-16,46.349998,46.509998,46.330002,46.380001,30.222866,247200
2012-03-19,46.259998,46.619999,46.189999,46.48,30.288025,66000
2012-03-20,45.900002,45.93,45.630001,45.900002,29.910067,80500
2012-03-21,45.860001,45.860001,45.549999,45.790001,29.838402,54500
2012-03-22,45.290001,45.360001,45.060001,45.259998,29.493027,72000
2012-03-23,45.360001,45.560001,45.060001,45.560001,29.688519,210500
2012-03-26,45.959999,46.25,45.84,46.25,30.138142,93300
2012-03-27,46.240002,46.299999,45.959999,45.98,29.962212,322000
2012-03-28,46.049999,46.049999,45.349998,45.599998,29.714582,76300
2012-03-29,45.150002,45.349998,44.900002,45.330002,29.538654,177500
2012-03-30,45.650002,45.689999,45.41,45.650002,29.747162,73400
2012-04-02,45.66,46.360001,45.5,46.259998,30.144661,130100
2012-04-03,46.150002,46.150002,45.310001,45.57,29.695034,77600
2012-04-04,44.82,44.860001,44.400002,44.580002,29.04991,168400
2012-04-05,44.419998,44.73,44.380001,44.529999,29.017332,107200
2012-04-09,44.080002,44.27,43.919998,44.150002,28.769701,90800
2012-04-10,44.130001,44.130001,43.259998,43.34,28.241879,70900
2012-04-11,44.099998,44.110001,43.810001,43.889999,28.600288,88900
2012-04-12,44.18,44.779999,44.119999,44.740002,29.154181,67700
2012-04-13,44.400002,44.400002,43.900002,43.939999,28.632868,56400
2012-04-16,44.330002,44.380001,43.860001,44.119999,28.750158,104800
2012-04-17,44.5,44.869999,44.34,44.759998,29.167206,50200
2012-04-18,44.5,44.66,44.380001,44.470001,28.978235,90900
2012-04-19,44.549999,44.73,44.119999,44.349998,28.900034,75500
2012-04-20,44.639999,44.790001,44.57,44.57,29.043388,148300
2012-04-23,43.84,43.880001,43.360001,43.849998,28.574215,108000
2012-04-24,44.029999,44.23,43.959999,44.09,28.730606,136400
2012-04-25,44.470001,44.68,44.25,44.68,29.115074,156600
2012-04-26,44.43,44.82,44.330002,44.790001,29.186762,132800
2012-04-27,44.939999,44.970001,44.720001,44.93,29.277981,148000
2012-04-30,44.82,44.830002,44.5,44.700001,29.128109,104000
2012-05-01,44.709999,45.189999,44.66,44.950001,29.291014,149000
2012-05-02,44.619999,44.650002,44.32,44.59,29.056429,82000
2012-05-03,44.66,44.700001,44.130001,44.169998,28.782734,150100
2012-05-04,44.040001,44.040001,43.5,43.580002,28.398272,55000
2012-05-07,43.630001,43.84,43.5,43.799999,28.541637,81000
2012-05-08,43.380001,43.389999,42.68,43.200001,28.150661,98800
2012-05-09,42.439999,42.810001,42.150002,42.639999,27.785738,271900
2012-05-10,43.029999,43.189999,42.799999,42.84,27.916065,83000
2012-05-11,42.470001,42.919998,42.360001,42.580002,27.746645,75600
2012-05-14,42,42,41.700001,41.700001,27.173197,97000
2012-05-15,41.580002,41.709999,41.110001,41.209999,26.853901,69700
2012-05-16,41.080002,41.369999,40.779999,40.790001,26.580217,184000
2012-05-17,40.73,40.799999,40.25,40.279999,26.247889,117900
2012-05-18,40.349998,40.490002,39.950001,39.959999,26.039356,116000
2012-05-21,40.16,40.82,40.16,40.73,26.541113,114500
2012-05-22,40.779999,41.09,40.419998,40.610001,26.462927,76200
2012-05-23,40.189999,40.290001,39.509998,40.290001,26.254396,88900
2012-05-24,40.34,40.389999,39.82,40.110001,26.137098,76100
2012-05-25,39.970001,40.139999,39.889999,39.919998,26.013288,83700
2012-05-29,40.709999,40.759998,40.299999,40.540001,26.417309,180100
2012-05-30,40.049999,40.049999,39.610001,39.720001,25.882961,80800
2012-05-31,40.009998,40.009998,39.41,39.860001,25.974192,85300
2012-06-01,39.209999,39.369999,38.900002,38.900002,25.348627,143300
2012-06-04,39.23,39.32,38.810001,39.18,25.531084,99300
2012-06-05,39.029999,39.450001,39.029999,39.439999,25.700508,64800
2012-06-06,39.799999,40.580002,39.799999,40.57,26.436861,96600
2012-06-07,41.18,41.209999,40.5,40.57,26.436861,1194100
2012-06-08,40,40.389999,39.84,40.299999,26.26092,92700
2012-06-11,40.799999,40.799999,39.959999,39.959999,26.039356,224100
2012-06-12,40.369999,40.66,40.130001,40.66,26.495506,137400
2012-06-13,40.389999,40.68,40.259998,40.34,26.286982,56900
2012-06-14,40.240002,40.740002,40.16,40.59,26.449881,80000
2012-06-15,40.880001,41.169998,40.810001,41.169998,26.827829,126900
2012-06-18,41.07,41.23,40.849998,41.150002,26.814802,72200
2012-06-19,41.459999,42.099998,41.459999,41.889999,27.297014,57100
2012-06-20,42,42.169998,41.709999,41.919998,27.316553,66100
2012-06-21,41.990002,41.990002,40.759998,40.759998,26.560654,75700
2012-06-22,41.389999,41.439999,40.91,41.200001,26.847389,76900
2012-06-25,40.580002,40.580002,40.09,40.110001,26.137098,948400
2012-06-26,40.330002,41.25,40.07,40.470001,26.371689,103200
2012-06-27,40.52,40.919998,40.439999,40.75,26.554157,193300
2012-06-28,40.400002,40.75,40.23,40.700001,26.521564,110700
2012-06-29,41.830002,42.240002,41.830002,42.240002,27.525093,262800
2012-07-02,42.330002,42.470001,42.080002,42.470001,27.674953,77500
2012-07-03,42.490002,42.98,42.450001,42.830002,27.909552,141900
2012-07-05,42.439999,42.470001,42.119999,42.32,27.577219,118600
2012-07-06,41.970001,42,41.610001,41.860001,27.277472,77100
2012-07-09,41.66,41.700001,41.490002,41.700001,27.173197,83600
2012-07-10,42,42.060001,41.290001,41.43,26.997261,61600
2012-07-11,41.540001,41.73,41.349998,41.580002,27.095003,75700
2012-07-12,41.119999,41.189999,40.73,41.049999,26.749636,122900
2012-07-13,41.220001,41.779999,41.220001,41.720001,27.186245,62100
2012-07-16,41.639999,41.799999,41.41,41.66,27.147141,72300
2012-07-17,41.84,42,41.41,41.950001,27.336107,173500
2012-07-18,41.77,42.189999,41.77,42.080002,27.42082,61900
2012-07-19,42.459999,42.59,42.220001,42.48,27.681477,70600
2012-07-20,41.869999,41.869999,41.650002,41.700001,27.173197,74300
2012-07-23,40.689999,40.970001,40.389999,40.869999,26.632336,148300
2012-07-24,40.889999,40.889999,40.220001,40.509998,26.397755,95800
2012-07-25,40.869999,40.889999,40.529999,40.68,26.508535,81400
2012-07-26,41.549999,41.82,41.52,41.740002,27.199274,260900
2012-07-27,42.040001,42.889999,42.040001,42.709999,27.831348,56900
2012-07-30,42.540001,42.720001,42.5,42.59,27.753157,64200
2012-07-31,42.630001,42.709999,42.369999,42.369999,27.609798,48300
2012-08-01,42.73,42.73,42.310001,42.34,27.590244,106600
2012-08-02,41.990002,42.259998,41.630001,41.860001,27.277472,207300
2012-08-03,42.669998,43.25,42.669998,43.099998,28.085485,163700
2012-08-06,43.32,43.560001,43.259998,43.380001,28.267954,85800
2012-08-07,43.619999,43.900002,43.619999,43.709999,28.482986,79300
2012-08-08,43.5,43.799999,43.5,43.650002,28.443888,71700
2012-08-09,43.540001,43.91,43.540001,43.720001,28.489508,72500
2012-08-10,43.439999,43.869999,43.400002,43.869999,28.587238,57700
2012-08-13,43.709999,43.860001,43.52,43.639999,28.437378,340100
2012-08-14,43.82,43.91,43.669998,43.77,28.522099,36500
2012-08-15,43.700001,43.779999,43.540001,43.720001,28.489508,61200
2012-08-16,43.900002,44.209999,43.830002,44.18,28.789255,180500
2012-08-17,44.18,44.240002,44,44.200001,28.802294,100200
2012-08-20,43.950001,44.25,43.880001,44.119999,28.750158,84100
2012-08-21,44.48,44.700001,44.240002,44.310001,28.873978,80400
2012-08-22,44.029999,44.34,43.919998,44.310001,28.873978,182900
2012-08-23,44.200001,44.200001,43.950001,44.02,28.685003,57200
2012-08-24,43.82,44.119999,43.619999,44,28.671972,168300
2012-08-27,44.049999,44.130001,43.900002,43.939999,28.632868,133100
2012-08-28,43.82,43.869999,43.610001,43.68,28.463442,1101400
2012-08-29,43.549999,43.709999,43.450001,43.509998,28.352663,1525000
2012-08-30,43.330002,43.330002,42.93,43.02,28.033365,71300
2012-08-31,43.52,43.610001,43.139999,43.470001,28.32659,74900
2012-09-04,43.400002,43.400002,43,43.169998,28.131105,99600
2012-09-05,43.119999,43.150002,42.919998,43.060001,28.059422,102300
2012-09-06,43.380001,44.150002,43.330002,44.09,28.730606,73200
2012-09-07,44.5,44.779999,44.41,44.779999,29.180243,117200
2012-09-10,44.669998,44.720001,44.360001,44.43,28.95216,86000
2012-09-11,44.689999,44.98,44.639999,44.799999,29.193266,86900
2012-09-12,45.23,45.240002,44.939999,45.060001,29.362705,72000
2012-09-13,45,46.09,44.900002,45.950001,29.942659,124200
2012-09-14,46.419998,46.799999,46.240002,46.48,30.288025,112500
2012-09-17,46.389999,46.459999,46.029999,46.110001,30.046913,83800
2012-09-18,45.959999,46.040001,45.82,45.919998,29.9231,56900
2012-09-19,46.080002,46.169998,45.889999,46.09,30.033878,82400
2012-09-20,45.599998,45.799999,45.400002,45.759998,29.81885,57600
2012-09-21,46.119999,46.119999,45.82,45.880001,29.897034,66700
2012-09-24,44.889999,45.029999,44.669998,44.98,29.80229,63500
2012-09-25,45.16,45.27,44.580002,44.599998,29.550528,67000
2012-09-26,44.400002,44.419998,44,44.200001,29.285486,85900
2012-09-27,44.529999,44.919998,44.400002,44.849998,29.716154,108100
2012-09-28,44.540001,44.540001,44.110001,44.209999,29.292107,710500
2012-10-01,44.779999,45.009998,44.48,44.509998,29.490892,399000
2012-10-02,44.900002,44.919998,44.52,44.709999,29.623409,175000
2012-10-03,44.700001,44.709999,44.349998,44.52,29.497507,198900
2012-10-04,44.860001,45,44.73,44.970001,29.795664,415900
2012-10-05,45.299999,45.43,44.889999,45.049999,29.848688,121500
2012-10-08,44.77,44.779999,44.57,44.669998,29.596889,233700
2012-10-09,44.57,44.57,44.049999,44.139999,29.245731,165500
2012-10-10,44.240002,44.240002,43.82,43.959999,29.126461,156100
2012-10-11,44.450001,44.59,44.209999,44.25,29.318607,220500
2012-10-12,44.369999,44.369999,44.060001,44.189999,29.278852,45900
2012-10-15,44.470001,44.650002,44.259998,44.650002,29.583645,87100
2012-10-16,44.970001,45.27,44.810001,45.27,29.994442,85200
2012-10-17,45.43,45.639999,45.299999,45.630001,30.232965,109800
2012-10-18,45.540001,45.740002,45.349998,45.549999,30.179949,139200
2012-10-19,45.369999,45.369999,44.830002,44.860001,29.722784,115200
2012-10-22,45.220001,45.290001,44.939999,45.240002,29.974564,159600
2012-10-23,44.439999,44.439999,44.080002,44.290001,29.345116,109400
2012-10-24,44.529999,44.759998,44.380001,44.41,29.424625,63600
2012-10-25,44.860001,44.950001,44.5,44.73,29.636654,50100
2012-10-26,44.549999,44.599998,44.380001,44.549999,29.517385,65700
2012-10-31,44.810001,44.990002,44.450001,44.57,29.530626,68600
2012-11-01,44.779999,45.130001,44.740002,45.080002,29.868544,121000
2012-11-02,45.099998,45.110001,44.700001,44.75,29.649902,594900
2012-11-05,44.75,44.77,44.549999,44.740002,29.643293,93900
2012-11-06,44.900002,45.130001,44.84,45.07,29.861923,83800
2012-11-07,44.77,44.77,44.169998,44.400002,29.418009,351200
2012-11-08,44.349998,44.540001,43.959999,43.959999,29.126461,263300
2012-11-09,43.93,44.299999,43.799999,44.029999,29.172846,133000
2012-11-12,44.23,44.23,43.959999,44.029999,29.172846,48000
2012-11-13,43.66,44.02,43.540001,43.759998,28.993958,98700
2012-11-14,43.950001,43.950001,43.200001,43.290001,28.682562,125000
2012-11-15,43.5,43.580002,43.209999,43.380001,28.742186,175800
2012-11-16,43.5,43.5,43.029999,43.380001,28.742186,96900
2012-11-19,43.990002,44.279999,43.950001,44.279999,29.338495,80900
2012-11-20,44.09,44.220001,43.93,44.220001,29.298742,98600
2012-11-21,44.32,44.349998,44.189999,44.34,29.37825,189800
2012-11-23,44.889999,45.200001,44.869999,45.200001,29.948065,110400
2012-11-26,44.990002,45.07,44.849998,45.07,29.861923,323400
2012-11-27,45,45.049999,44.75,44.77,29.663164,121000
2012-11-28,44.610001,45.060001,44.400002,45.060001,29.855305,218100
2012-11-29,45.380001,45.540001,45.220001,45.470001,30.126957,100300
2012-11-30,45.52,45.610001,45.419998,45.490002,30.140192,200800
2012-12-03,45.75,45.759998,45.450001,45.459999,30.120325,93200
2012-12-04,45.650002,45.720001,45.5,45.599998,30.213079,182300
2012-12-05,45.740002,45.98,45.580002,45.82,30.358849,114300
2012-12-06,45.93,45.970001,45.75,45.93,30.431738,293400
2012-12-07,45.919998,45.990002,45.75,45.98,30.464867,110700
2012-12-10,45.959999,46.150002,45.950001,46.110001,30.550997,375600
2012-12-11,46.150002,46.380001,46.150002,46.279999,30.663633,199900
2012-12-12,46.5,46.73,46.400002,46.5,30.809402,155700
2012-12-13,46.5,46.580002,46.23,46.360001,30.716644,139000
2012-12-14,46.439999,46.66,46.369999,46.509998,30.816023,108500
2012-12-17,46.560001,46.740002,46.5,46.740002,30.968403,160100
2012-12-18,46.830002,47.130001,46.759998,47.099998,31.206942,284300
2012-12-19,47.450001,47.450001,47.189999,47.189999,31.266567,221000
2012-12-20,46.779999,46.869999,46.610001,46.860001,31.47209,376400
2012-12-21,46.32,46.439999,46.150002,46.439999,31.189993,368200
2012-12-24,46.25,48.25,46.25,46.290001,31.089254,165000
2012-12-26,46.610001,46.619999,46.240002,46.34,31.122831,242500
2012-12-27,46.720001,46.720001,46.25,46.580002,31.284029,346200
2012-12-28,46.369999,46.52,46.209999,46.25,31.062422,331300
2012-12-31,46.209999,47.09,46.209999,47.07,31.613115,490900
2013-01-02,47.919998,48.200001,47.549999,47.790001,32.09668,279600
2013-01-03,47.639999,47.689999,47.310001,47.389999,31.828039,258500
2013-01-04,47.360001,47.610001,47.209999,47.540001,31.928782,208000
2013-01-07,47.34,47.380001,47.150002,47.34,31.794456,210500
2013-01-08,47.25,47.299999,46.93,47.060001,31.606405,244200
2013-01-09,47.25,47.360001,47.200001,47.330002,31.787745,347200
2013-01-10,47.779999,47.959999,47.580002,47.919998,32.184002,167800
2013-01-11,47.950001,47.950001,47.709999,47.91,32.177288,237700
2013-01-14,48,48,47.799999,47.939999,32.197433,182300
2013-01-15,47.75,47.84,47.57,47.790001,32.09668,222100
2013-01-16,47.59,47.639999,47.439999,47.57,31.948921,178600
2013-01-17,47.970001,48.080002,47.82,47.990002,32.231022,251300
2013-01-18,47.98,48.009998,47.73,48.009998,32.244446,220800
2013-01-22,48.09,48.09,47.779999,48,32.237728,257600
2013-01-23,47.959999,47.959999,47.720001,47.860001,32.1437,224200
2013-01-24,47.98,48.18,47.900002,48.040001,32.264587,224400
2013-01-25,48.349998,48.349998,48.110001,48.290001,32.432503,353500
2013-01-28,48.279999,48.279999,47.869999,47.91,32.177288,327300
2013-01-29,48.18,48.41,48,48.380001,32.49295,118100
2013-01-30,48.389999,48.419998,48.259998,48.310001,32.445938,136700
2013-01-31,48.349998,48.400002,48.150002,48.200001,32.372066,404100
2013-02-01,48.560001,48.720001,48.450001,48.669998,32.687725,519800
2013-02-04,48.330002,48.330002,47.790001,47.849998,32.13699,319900
2013-02-05,48.07,48.169998,47.93,48.029999,32.257881,310900
2013-02-06,47.91,48.139999,47.75,48.139999,32.331757,135800
2013-02-07,48.139999,48.139999,47.470001,47.73,32.056396,439200
2013-02-08,47.82,48.060001,47.82,47.959999,32.210861,156000
2013-02-11,48.099998,48.099998,47.799999,47.939999,32.197433,155900
2013-02-12,47.990002,48.200001,47.869999,48.110001,32.311623,149700
2013-02-13,48.380001,48.41,48.16,48.290001,32.432503,164500
2013-02-14,47.959999,48.099998,47.919998,48.07,32.284756,97200
2013-02-15,48.16,48.16,47.779999,47.970001,32.217583,184400
2013-02-19,48.23,48.41,48.18,48.389999,32.499653,230100
2013-02-20,48.549999,48.549999,47.880001,48.080002,32.291462,229200
2013-02-21,47.599998,47.599998,47.110001,47.259998,31.740717,237700
2013-02-22,47.639999,47.799999,47.439999,47.799999,32.103405,163400
2013-02-25,48.200001,48.200001,46.830002,46.849998,31.465363,129700
2013-02-26,47.360001,47.41,46.950001,47.23,31.720579,126700
2013-02-27,47.23,47.849998,47.130001,47.759998,32.076542,114200
2013-02-28,47.84,47.98,47.650002,47.650002,32.002666,106100
2013-03-01,47.41,47.700001,47.279999,47.610001,31.975809,242500
2013-03-04,47.529999,47.669998,47.369999,47.66,32.009373,230000
2013-03-05,48.150002,48.23,48.02,48.119999,32.318333,173700
2013-03-06,48.349998,48.41,48.049999,48.25,32.405636,301700
2013-03-07,48.34,48.439999,48.299999,48.389999,32.499653,83200
2013-03-08,48.549999,48.549999,48.25,48.52,32.58696,202900
2013-03-11,48.48,48.59,48.330002,48.580002,32.627274,119100
2013-03-12,48.610001,48.610001,48.209999,48.330002,32.459366,229800
2013-03-13,48.27,48.290001,48,48.169998,32.351894,116100
2013-03-14,48.349998,48.560001,48.259998,48.549999,32.607124,159400
2013-03-15,48.630001,48.700001,48.43,48.490002,32.566833,114700
2013-03-18,48.07,48.360001,47.959999,48.049999,32.271309,191400
2013-03-19,48.09,48.209999,47.599998,47.84,32.13028,321500
2013-03-20,48.240002,48.310001,48.09,48.220001,32.385487,138600
2013-03-21,47.93,48.029999,47.709999,47.779999,32.089977,286300
2013-03-22,47.900002,48.02,47.759998,48,32.322285,128400
2013-03-25,48.169998,48.189999,47.400002,47.580002,32.039471,188800
2013-03-26,47.860001,47.93,47.689999,47.869999,32.234753,92000
2013-03-27,47.630001,47.790001,47.389999,47.77,32.167416,124600
2013-03-28,47.860001,47.990002,47.759998,47.970001,32.30209,177700
2013-04-01,47.810001,47.900002,47.400002,47.529999,32.005798,289200
2013-04-02,47.830002,47.950001,47.630001,47.740002,32.147205,168200
2013-04-03,47.950001,47.959999,47.310001,47.419998,31.931723,199700
2013-04-04,47.549999,47.740002,47.380001,47.709999,32.127014,241800
2013-04-05,47,47.470001,46.860001,47.470001,31.965401,298000
2013-04-08,47.41,47.549999,47.240002,47.52,31.999077,131100
2013-04-09,47.5,47.98,47.419998,47.810001,32.194344,186700
2013-04-10,48.119999,48.5,48.119999,48.48,32.645523,147200
2013-04-11,48.650002,48.880001,48.549999,48.689999,32.786911,106600
2013-04-12,48.43,48.459999,48.139999,48.450001,32.625301,157900
2013-04-15,48.009998,48.040001,47.279999,47.279999,31.837461,178700
2013-04-16,48.060001,48.16,47.75,48.16,32.430035,137700
2013-04-17,47.639999,47.639999,46.889999,47.09,31.709518,179800
2013-04-18,47.27,47.299999,46.849998,47.060001,31.689314,201200
2013-04-19,47.32,47.560001,47.32,47.560001,32.026009,205300
2013-04-22,47.599998,47.720001,47.25,47.669998,32.100071,139600
2013-04-23,48.009998,48.220001,47.93,48.209999,32.463707,214000
2013-04-24,48.330002,48.639999,48.330002,48.560001,32.699398,184500
2013-04-25,48.720001,49.029999,48.720001,48.82,32.874466,71900
2013-04-26,48.830002,48.880001,48.689999,48.849998,32.894669,84900
2013-04-29,49,49.419998,49,49.369999,33.24482,88600
2013-04-30,49.450001,49.75,49.25,49.650002,33.433376,220400
2013-05-01,49.82,49.82,49.150002,49.259998,33.170746,504500
2013-05-02,49.330002,49.709999,49.279999,49.5,33.332355,207800
2013-05-03,49.830002,50.080002,49.830002,49.970001,33.648853,155800
2013-05-06,49.91,49.970001,49.73,49.919998,33.615181,112100
2013-05-07,50.080002,50.139999,49.869999,50.110001,33.743122,143600
2013-05-08,50.41,50.68,50.380001,50.68,34.126957,311200
2013-05-09,50.43,50.59,50.02,50.139999,33.763317,195000
2013-05-10,50.150002,50.220001,49.950001,50.220001,33.817192,142600
2013-05-13,50.169998,50.169998,49.950001,50.099998,33.736393,123400
2013-05-14,50.099998,50.32,50.02,50.220001,33.817192,135900
2013-05-15,50.169998,50.34,50.119999,50.310001,33.8778,95800
2013-05-16,50.099998,50.240002,49.900002,49.950001,33.635384,205500
2013-05-17,50.09,50.299999,49.959999,50.23,33.823925,193400
2013-05-20,50.400002,50.619999,50.290001,50.619999,34.086544,184000
2013-05-21,50.48,50.779999,50.330002,50.650002,34.106747,97100
2013-05-22,50.75,51.09,49.970001,50.119999,33.749863,224600
2013-05-23,49.209999,49.619999,48.82,49.59,33.392982,236200
2013-05-24,48.990002,49.16,48.84,49.150002,33.096684,101600
2013-05-28,49.68,49.68,49.130001,49.209999,33.137081,141400
2013-05-29,48.970001,48.970001,48.610001,48.849998,32.894669,144300
2013-05-30,48.950001,49.189999,48.77,49.049999,33.029343,154700
2013-05-31,48.59,48.59,48.009998,48.009998,32.329021,209700
2013-06-03,48.25,48.48,47.91,48.48,32.645523,193000
2013-06-04,48.650002,48.700001,48.09,48.32,32.537773,99700
2013-06-05,47.98,48.049999,47.380001,47.439999,31.945196,170900
2013-06-06,47.48,47.73,47.200001,47.73,32.14048,222900
2013-06-07,47.73,48.060001,47.459999,48.02,32.335762,170700
2013-06-10,48.18,48.220001,47.82,47.98,32.308807,255100
2013-06-11,47.299999,47.59,47.139999,47.310001,31.857656,173000
2013-06-12,47.959999,47.970001,47.110001,47.23,31.803787,157100
2013-06-13,47.189999,47.959999,47.119999,47.950001,32.288616,135300
2013-06-14,47.669998,47.810001,47.27,47.360001,31.891335,110600
2013-06-17,48.209999,48.299999,47.75,47.990002,32.315556,104700
2013-06-18,48.18,48.349998,48.110001,48.240002,32.483891,251600
2013-06-19,48.32,48.32,47.27,47.299999,31.850925,1314800
2013-06-20,46.529999,46.529999,45.41,45.740002,30.800444,358200
2013-06-21,46.18,46.27,45.330002,45.84,30.867786,265900
2013-06-24,44.310001,44.610001,43.919998,44.34,30.25304,487000
2013-06-25,44.75,44.990002,44.5,44.919998,30.648777,285300
2013-06-26,45.23,45.43,44.970001,45.209999,30.846645,226400
2013-06-27,45.66,45.860001,45.560001,45.73,31.201443,191400
2013-06-28,45.689999,45.869999,45.459999,45.68,31.167316,695400
2013-07-01,46.220001,46.259998,45.990002,46.040001,31.412941,331700
2013-07-02,46.080002,46.23,45.639999,45.779999,31.235535,246300
2013-07-03,45.490002,45.790001,45.299999,45.669998,31.16049,138900
2013-07-05,46.009998,46.130001,45.540001,45.849998,31.2833,140100
2013-07-08,46.119999,46.150002,45.91,46.049999,31.41976,155400
2013-07-09,46.5,46.5,46.060001,46.360001,31.631281,175600
2013-07-10,46.380001,46.720001,46.310001,46.380001,31.644915,227200
2013-07-11,47.459999,47.779999,47.189999,47.779999,32.600128,532200
2013-07-12,47.599998,47.599998,47.349998,47.470001,32.388638,156200
2013-07-15,47.689999,47.790001,47.560001,47.759998,32.586494,214900
2013-07-16,47.810001,47.849998,47.59,47.779999,32.600128,174300
2013-07-17,48.029999,48.200001,47.860001,48,32.75024,79100
2013-07-18,48.07,48.209999,48,48.169998,32.866226,164200
2013-07-19,48.150002,48.150002,47.900002,48.139999,32.845757,189900
2013-07-22,48.25,48.419998,48.18,48.419998,33.036797,123000
2013-07-23,48.82,48.82,48.490002,48.639999,33.186901,178900
2013-07-24,48.810001,48.810001,48.259998,48.439999,33.050457,558700
2013-07-25,48.189999,48.549999,48.07,48.540001,33.118694,161700
2013-07-26,48.290001,48.310001,47.939999,48.310001,32.961769,104400
2013-07-29,48,48.02,47.779999,47.869999,32.661549,214000
2013-07-30,48.110001,48.110001,47.66,47.77,32.5933,195600
2013-07-31,47.759998,48.099998,47.630001,47.790001,32.606964,252000
2013-08-01,48.25,48.450001,48.220001,48.400002,33.023155,160700
2013-08-02,48.43,48.66,48.360001,48.639999,33.186901,126300
2013-08-05,48.57,48.57,48.330002,48.490002,33.084572,169100
2013-08-06,48.650002,48.650002,48.240002,48.360001,32.995876,156000
2013-08-07,47.919998,48.189999,47.900002,48.02,32.763885,354200
2013-08-08,48.360001,48.720001,48.240002,48.66,33.200554,243100
2013-08-09,48.68,48.830002,48.560001,48.75,33.261967,323500
2013-08-12,48.68,48.810001,48.619999,48.740002,33.255146,178700
2013-08-13,48.93,49.080002,48.639999,49.049999,33.466648,215600
2013-08-14,49.139999,49.139999,48.970001,49.029999,33.453018,279200
2013-08-15,48.610001,48.700001,48.200001,48.700001,33.227852,255100
2013-08-16,48.790001,48.84,48.619999,48.66,33.200554,303500
2013-08-19,48.73,48.73,48.209999,48.23,32.907166,202200
2013-08-20,48.209999,48.299999,48,48.139999,32.845757,217700
2013-08-21,47.990002,47.990002,47.34,47.450001,32.374981,250600
2013-08-22,47.98,48.09,47.5,48.080002,32.804825,78800
2013-08-23,48.360001,48.41,48.119999,48.369999,33.002697,275400
2013-08-26,48.400002,48.43,48.040001,48.080002,32.804825,130500
2013-08-27,47.650002,47.740002,47.189999,47.240002,32.231697,209700
2013-08-28,47.130001,47.400002,46.950001,47.209999,32.211231,144400
2013-08-29,47.119999,47.450001,47.119999,47.220001,32.218056,106700
2013-08-30,47.099998,47.169998,46.860001,46.860001,31.972424,197700
2013-09-03,47.709999,48.139999,47.48,47.619999,32.490959,108200
2013-09-04,47.73,48.139999,47.599998,48.080002,32.804825,91300
2013-09-05,48.09,48.220001,47.98,48.169998,32.866226,88400
2013-09-06,48.59,48.66,48.189999,48.470001,33.070915,85000
2013-09-09,48.849998,49.330002,48.84,49.330002,33.657688,109300
2013-09-10,49.790001,49.810001,49.560001,49.779999,33.964733,190200
2013-09-11,49.700001,49.91,49.549999,49.900002,34.046616,94400
2013-09-12,49.82,49.82,49.549999,49.560001,33.814621,104100
2013-09-13,49.689999,49.790001,49.5,49.779999,33.964733,69500
2013-09-16,50.5,50.5,50.18,50.240002,34.278587,107800
2013-09-17,50.240002,50.27,50.150002,50.240002,34.278587,183700
2013-09-18,50.360001,51.68,50.080002,51.68,35.261093,107500
2013-09-19,51.75,51.77,51.220001,51.299999,35.001823,128900
2013-09-20,51.330002,51.360001,50.779999,50.810001,34.667492,196300
2013-09-23,50.689999,50.73,50.450001,50.619999,34.694904,99700
2013-09-24,50.740002,50.779999,50.419998,50.57,34.660641,383200
2013-09-25,50.700001,50.75,50.450001,50.52,34.626369,855900
2013-09-26,50.669998,50.889999,50.549999,50.73,34.770313,255100
2013-09-27,50.580002,50.580002,50.400002,50.549999,34.646927,206000
2013-09-30,50.209999,50.25,49.91,50.150002,34.372791,283400
2013-10-01,50.34,50.580002,50.23,50.5,34.612659,522400
2013-10-02,50.43,50.57,50.130001,50.57,34.660641,168500
2013-10-03,50.599998,50.650002,50.110001,50.330002,34.49614,287600
2013-10-04,50.389999,50.52,50.220001,50.459999,34.585247,129200
2013-10-07,50,50.25,49.849998,50.02,34.283661,100600
2013-10-08,50.02,50.139999,49.599998,49.610001,34.002659,108800
2013-10-09,49.91,49.990002,49.57,49.970001,34.249409,192300
2013-10-10,50.459999,50.869999,50.299999,50.810001,34.825134,587600
2013-10-11,50.810001,51.049999,50.689999,51,34.955364,269100
2013-10-14,50.880001,51.240002,50.66,51.209999,35.099293,145600
2013-10-15,51.189999,51.189999,50.810001,50.91,34.893669,151200
2013-10-16,51.240002,51.369999,51.029999,51.349998,35.195248,273200
2013-10-17,51.580002,51.880001,51.450001,51.880001,35.558514,654400
2013-10-18,52.110001,52.18,51.950001,52.150002,35.743568,272800
2013-10-21,52.25,52.279999,52.07,52.220001,35.791546,178100
2013-10-22,52.650002,52.84,52.450001,52.75,36.154812,459900
2013-10-23,52.279999,52.279999,51.950001,52.07,35.68874,229000
2013-10-24,52.130001,52.400002,52.130001,52.330002,35.866951,299100
2013-10-25,52.369999,52.380001,52.110001,52.27,35.825817,140400
2013-10-28,52.330002,52.349998,52.130001,52.25,35.812115,195500
2013-10-29,52.459999,52.459999,52.25,52.380001,35.901222,129000
2013-10-30,52.599998,52.599998,51.950001,52.200001,35.777836,173400
2013-10-31,52.25,52.25,51.919998,51.990002,35.633919,249900
2013-11-01,51.799999,51.849998,51.439999,51.669998,35.414581,148100
2013-11-04,51.939999,51.939999,51.700001,51.91,35.579075,170700
2013-11-05,51.619999,51.619999,51.200001,51.380001,35.215816,142400
2013-11-06,51.919998,51.950001,51.740002,51.860001,35.544811,132500
2013-11-07,51.779999,51.779999,50.93,50.970001,34.934795,244300
2013-11-08,50.93,51.259998,50.799999,51.25,35.126717,805300
2013-11-11,51.380001,51.380001,51.16,51.220001,35.106148,206400
2013-11-12,51.189999,51.209999,50.880001,50.98,34.941658,427400
2013-11-13,50.740002,51.189999,50.619999,51.18,35.078747,157200
2013-11-14,51.259998,51.509998,51.09,51.470001,35.277504,179800
2013-11-15,52,52.040001,51.669998,52.009998,35.647606,295100
2013-11-18,52.459999,52.459999,52.029999,52.110001,35.716148,207300
2013-11-19,52.130001,52.16,51.830002,51.919998,35.585934,189000
2013-11-20,52,52.040001,51.450001,51.52,35.311775,142200
2013-11-21,51.73,51.799999,51.52,51.77,35.483128,198100
2013-11-22,51.810001,51.959999,51.689999,51.919998,35.585934,151100
2013-11-25,51.950001,52,51.599998,51.759998,35.476261,203200
2013-11-26,51.66,51.73,51.52,51.639999,35.39402,149400
2013-11-27,51.950001,51.950001,51.75,51.889999,35.565357,220700
2013-11-29,52.209999,52.23,52.009998,52.060001,35.681892,92300
2013-12-02,52,52.009998,51.549999,51.59,35.359749,268700
2013-12-03,51.41,51.43,51.049999,51.25,35.126717,185800
2013-12-04,50.900002,51.07,50.650002,50.98,34.941658,146000
2013-12-05,50.939999,51,50.689999,50.740002,34.777168,131800
2013-12-06,51.389999,51.5,51.150002,51.450001,35.263794,221900
2013-12-09,51.529999,51.529999,51.310001,51.450001,35.263794,173300
2013-12-10,51.389999,51.41,51.25,51.34,35.188393,116200
2013-12-11,51.41,51.41,50.75,50.869999,34.866264,121800
2013-12-12,50.709999,50.720001,50.34,50.450001,34.5784,181100
2013-12-13,50.57,50.57,50.299999,50.490002,34.605804,227400
2013-12-16,50.91,50.939999,50.75,50.84,34.845715,189200
2013-12-17,50.740002,50.790001,50.459999,50.619999,34.694904,104400
2013-12-18,50.849998,51.490002,50.52,51.349998,35.195248,184600
2013-12-19,51.060001,51.18,50.880001,51.169998,35.071884,303000
2013-12-20,50.939999,51.049999,50.709999,50.889999,35.194996,179900
2013-12-23,51.310001,51.41,51.130001,51.299999,35.478535,463300
2013-12-24,51.330002,51.43,51.099998,51.419998,35.561531,97900
2013-12-26,51.669998,51.759998,51.57,51.599998,35.686008,169800
2013-12-27,52.02,52.049999,51.810001,51.900002,35.893501,226900
2013-12-30,52.099998,52.209999,52,52.16,36.073299,519300
2013-12-31,52.439999,52.459999,52.240002,52.380001,36.225452,244100
2014-01-02,51.830002,51.880001,51.240002,51.459999,35.589184,637000
2014-01-03,51.650002,51.66,51.32,51.439999,35.575367,731000
2014-01-06,51.59,51.59,51.25,51.290001,35.471619,230900
2014-01-07,51.369999,51.599998,51.34,51.540001,35.644524,409100
2014-01-08,51.540001,51.610001,51.400002,51.509998,35.623764,551400
2014-01-09,51.369999,51.59,51.110001,51.360001,35.520035,289500
2014-01-10,51.73,51.950001,51.560001,51.889999,35.886566,180600
2014-01-13,51.990002,51.990002,51.389999,51.490002,35.609936,334200
2014-01-14,51.830002,51.939999,51.529999,51.900002,35.893501,256900
2014-01-15,51.939999,52.060001,51.869999,52.009998,35.969555,224200
2014-01-16,52.060001,52.080002,51.799999,52.02,35.976482,190800
2014-01-17,52.060001,52.060001,51.75,51.830002,35.845089,214000
2014-01-21,52.279999,52.279999,51.810001,52.02,35.976482,323400
2014-01-22,52.23,52.259998,51.919998,52.18,36.087128,257400
2014-01-23,51.959999,52.080002,51.380001,51.630001,35.70676,206000
2014-01-24,51,51.110001,50.279999,50.290001,34.780033,355000
2014-01-27,50.470001,50.470001,49.700001,49.98,34.565647,444700
2014-01-28,50.299999,50.490002,50.209999,50.490002,34.918346,151500
2014-01-29,49.93,50.130001,49.75,49.880001,34.496483,180800
2014-01-30,50.290001,50.290001,49.98,50.169998,34.697041,202500
2014-01-31,49.439999,49.82,49.25,49.549999,34.268257,235200
2014-02-03,49.599998,49.599998,48.599998,48.639999,33.638905,675100
2014-02-04,48.900002,49.16,48.799999,49.080002,33.943207,306300
2014-02-05,49.130001,49.23,48.860001,49.189999,34.019283,160000
2014-02-06,49.630001,50.09,49.560001,50.080002,34.6348,183500
2014-02-07,50.439999,50.619999,50.16,50.610001,35.001354,242600
2014-02-10,50.540001,50.540001,50.25,50.43,34.876846,145900
2014-02-11,50.740002,51.299999,50.68,51.200001,35.40937,250500
2014-02-12,51.330002,51.400002,51.16,51.240002,35.437042,217800
2014-02-13,50.830002,51.400002,50.73,51.369999,35.526947,132400
2014-02-14,51.540001,51.759998,51.380001,51.700001,35.755169,210400
2014-02-18,52,52.029999,51.790001,51.919998,35.907322,285500
2014-02-19,51.939999,52.029999,51.57,51.59,35.679085,230500
2014-02-20,51.669998,51.849998,51.41,51.759998,35.796658,210600
2014-02-21,52.060001,52.139999,51.880001,51.939999,35.921154,261900
2014-02-24,52.16,52.529999,52.009998,52.290001,36.163204,265900
2014-02-25,52.41,52.41,52.009998,52.220001,36.114799,214600
2014-02-26,52.16,52.16,51.799999,51.959999,35.934982,165300
2014-02-27,52,52.240002,51.759998,52.209999,36.107883,897800
2014-02-28,52.419998,52.52,52.09,52.32,36.183945,150800
2014-03-03,51.509998,51.66,51.150002,51.299999,35.478535,410700
2014-03-04,52.07,52.34,52.049999,52.220001,36.114799,221200
2014-03-05,52.279999,52.279999,52.099998,52.220001,36.114799,199200
2014-03-06,52.849998,52.919998,52.689999,52.799999,36.515919,148200
2014-03-07,52.75,52.75,52.189999,52.389999,36.232368,172500
2014-03-10,52.16,52.16,51.73,52.02,35.976482,334000
2014-03-11,52.150002,52.200001,51.68,51.75,35.789753,122800
2014-03-12,51.459999,51.619999,51.209999,51.619999,35.699848,132500
2014-03-13,51.77,51.790001,50.669998,50.779999,35.118916,228100
2014-03-14,50.68,50.970001,50.580002,50.740002,35.091248,180600
2014-03-17,51.18,51.380001,50.990002,51.32,35.492363,159100
2014-03-18,51.419998,51.720001,51.349998,51.68,35.741344,161700
2014-03-19,51.619999,51.619999,50.73,51.009998,35.277977,170100
2014-03-20,50.709999,51.029999,50.52,50.91,35.208805,175200
2014-03-21,51.25,51.369999,50.84,50.900002,35.201889,102800
2014-03-24,51.240002,51.240002,50.700001,51.060001,35.31255,233700
2014-03-25,51.130001,51.279999,50.919998,51.18,35.651802,136100
2014-03-26,51.52,51.610001,51.169998,51.189999,35.658756,907000
2014-03-27,51.459999,51.580002,51.27,51.560001,35.916512,82400
2014-03-28,51.75,52.02,51.740002,51.869999,36.132442,116900
2014-03-31,52.34,52.34,52.139999,52.200001,36.362324,242400
2014-04-01,52.540001,52.59,52.41,52.560001,36.613094,475800
2014-04-02,52.59,52.720001,52.5,52.66,36.68277,292200
2014-04-03,52.720001,52.740002,52.330002,52.509998,36.578266,173500
2014-04-04,52.900002,52.919998,52.32,52.389999,36.494678,221300
2014-04-07,52.509998,52.509998,52.060001,52.209999,36.369289,218600
2014-04-08,52.330002,52.5,52.16,52.349998,36.466824,160000
2014-04-09,52.759998,52.970001,52.450001,52.959999,36.891743,434400
2014-04-10,52.810001,52.810001,52.02,52.060001,36.264809,186600
2014-04-11,51.91,52.130001,51.779999,51.869999,36.132442,178000
2014-04-14,52.16,52.189999,51.810001,52.09,36.285698,203800
2014-04-15,51.93,51.990002,51.220001,51.75,36.048862,165800
2014-04-16,52.220001,52.32,51.970001,52.279999,36.418056,460500
2014-04-17,52.400002,52.630001,52.209999,52.560001,36.613094,436900
2014-04-21,52.700001,52.700001,52.419998,52.700001,36.710621,129600
2014-04-22,52.810001,52.810001,52.639999,52.740002,36.738491,171500
2014-04-23,52.75,52.75,52.5,52.580002,36.627026,141800
2014-04-24,52.709999,52.740002,52.279999,52.619999,36.654888,507800
2014-04-25,52.52,52.52,52.119999,52.299999,36.43198,127300
2014-04-28,52.34,52.59,52.09,52.459999,36.543438,228700
2014-04-29,52.810001,52.91,52.5,52.669998,36.68972,910700
2014-04-30,52.709999,52.900002,52.560001,52.860001,36.822079,117100
2014-05-01,52.950001,53,52.830002,52.939999,36.877811,256600
2014-05-02,52.93,53.099998,52.849998,53.009998,36.926556,190700
2014-05-05,52.790001,52.959999,52.580002,52.959999,36.891743,180600
2014-05-06,53,53.099998,52.84,52.919998,36.863873,191000
2014-05-07,52.959999,53.080002,52.740002,53.060001,36.961403,214600
2014-05-08,53.150002,53.310001,53,53.07,36.968365,247600
2014-05-09,53.02,53.029999,52.810001,52.959999,36.891743,127900
2014-05-12,53.310001,53.43,53.18,53.419998,37.212166,359300
2014-05-13,53.529999,53.529999,53.349998,53.470001,37.247005,266900
2014-05-14,53.389999,53.630001,53.389999,53.5,37.267891,284500
2014-05-15,53.490002,53.490002,53,53.169998,37.038021,306700
2014-05-16,53.380001,53.380001,53.119999,53.34,37.156437,309800
2014-05-19,53.25,53.310001,53.099998,53.310001,37.135548,237400
2014-05-20,53.09,53.119999,52.82,52.950001,36.884773,376800
2014-05-21,53.200001,53.34,53.060001,53.34,37.156437,206800
2014-05-22,53.5,53.529999,53.41,53.5,37.267891,202500
2014-05-23,53.610001,53.68,53.5,53.650002,37.372387,150200
2014-05-27,54.049999,54.080002,53.669998,53.849998,37.511703,322400
2014-05-28,53.880001,53.880001,53.630001,53.740002,37.435081,320000
2014-05-29,54.02,54.029999,53.82,54.029999,37.637104,166800
2014-05-30,53.82,53.919998,53.799999,53.880001,37.532608,352400
2014-06-02,54.169998,54.189999,53.970001,54.119999,37.699799,1297700
2014-06-03,54.049999,54.060001,53.919998,54.029999,37.637104,249300
2014-06-04,53.950001,54.060001,53.84,54.02,37.630131,144900
2014-06-05,54.310001,54.41,54.02,54.380001,37.880898,194300
2014-06-06,54.630001,54.709999,54.459999,54.709999,38.110779,263600
2014-06-09,54.689999,54.77,54.549999,54.75,38.138645,355400
2014-06-10,54.66,54.720001,54.5,54.709999,38.110779,501000
2014-06-11,54.619999,54.619999,54.419998,54.509998,37.971462,240200
2014-06-12,54.720001,54.720001,54.380001,54.490002,37.957535,185000
2014-06-13,54.560001,54.610001,54.259998,54.560001,38.00629,208600
2014-06-16,54.529999,54.59,54.400002,54.509998,37.971462,176400
2014-06-17,54.380001,54.459999,54.259998,54.439999,37.92271,171800
2014-06-18,54.43,54.990002,54.43,54.950001,38.277966,141400
2014-06-19,55.189999,55.220001,55,55.080002,38.368519,145300
2014-06-20,55.18,55.18,54.91,55.040001,38.340675,277500
2014-06-23,54.970001,54.970001,54.740002,54.93,38.26403,433500
2014-06-24,54.380001,54.389999,53.959999,54.009998,38.041462,245300
2014-06-25,53.91,54.040001,53.880001,54.029999,38.055546,348600
2014-06-26,54.130001,54.130001,53.700001,54.09,38.097801,238200
2014-06-27,54.060001,54.23,53.959999,54.23,38.196419,442100
2014-06-30,54.32,54.330002,54.150002,54.290001,38.238678,604400
2014-07-01,54.740002,54.830002,54.540001,54.759998,38.569714,279400
2014-07-02,54.810001,54.84,54.700001,54.84,38.626072,231600
2014-07-03,54.939999,55.07,54.849998,55.049999,38.773968,471100
2014-07-07,54.82,54.82,54.599998,54.68,38.513378,312100
2014-07-08,54.66,54.66,54.07,54.240002,38.203457,196000
2014-07-09,54.299999,54.48,54.16,54.439999,38.344326,380300
2014-07-10,53.669998,53.91,53.5,53.869999,37.942863,273100
2014-07-11,53.919998,53.970001,53.720001,53.939999,37.992149,181300
2014-07-14,54.380001,54.380001,54.240002,54.299999,38.24572,148100
2014-07-15,54.389999,54.400002,53.91,54.130001,38.125996,174900
2014-07-16,54.310001,54.509998,54.310001,54.459999,38.358414,240400
2014-07-17,54.25,54.299999,53.689999,53.720001,37.837208,298600
2014-07-18,53.900002,54.360001,53.900002,54.25,38.210491,215100
2014-07-21,54.07,54.18,53.860001,54.16,38.147102,386500
2014-07-22,54.389999,54.560001,54.389999,54.48,38.372494,430400
2014-07-23,54.75,54.75,54.5,54.59,38.449978,107600
2014-07-24,54.73,54.73,54.59,54.66,38.499287,191000
2014-07-25,54.689999,54.689999,54.299999,54.470001,38.365452,146500
2014-07-28,54.610001,54.630001,54.299999,54.59,38.449978,275200
2014-07-29,54.689999,54.700001,54.349998,54.380001,38.302063,189700
2014-07-30,54.48,54.5,54.150002,54.34,38.273888,163400
2014-07-31,53.900002,53.900002,53.330002,53.349998,37.576595,284300
2014-08-01,53.34,53.470001,52.970001,53.169998,37.449818,740200
2014-08-04,53.48,53.540001,53.130001,53.5,37.682251,185300
2014-08-05,53.200001,53.200001,52.639999,52.740002,37.146954,371300
2014-08-06,52.470001,52.759998,52.389999,52.68,37.104694,171200
2014-08-07,52.669998,52.779999,52.110001,52.240002,36.794762,195300
2014-08-08,52.290001,52.599998,52.130001,52.549999,37.013126,273000
2014-08-11,52.849998,52.950001,52.720001,52.869999,37.238514,215500
2014-08-12,52.799999,52.889999,52.709999,52.82,37.203297,209800
2014-08-13,53.220001,53.240002,53.07,53.169998,37.449818,191300
2014-08-14,53.330002,53.380001,53.259998,53.369999,37.590675,103700
2014-08-15,53.66,53.669998,52.93,53.32,37.555462,213200
2014-08-18,53.650002,53.700001,53.52,53.700001,37.82312,326900
2014-08-19,53.77,53.830002,53.700001,53.810001,37.900597,143700
2014-08-20,53.630001,53.779999,53.560001,53.73,37.844246,170200
2014-08-21,53.82,53.889999,53.740002,53.82,37.907642,112500
2014-08-22,53.810001,53.810001,53.459999,53.610001,37.759727,219700
2014-08-25,53.959999,54.080002,53.779999,54.02,38.048492,419200
2014-08-26,54.09,54.189999,54.049999,54.07,38.083698,257900
2014-08-27,54.16,54.259998,54.119999,54.259998,38.217548,167900
2014-08-28,53.900002,53.970001,53.810001,53.950001,37.999199,272700
2014-08-29,54.02,54.02,53.77,53.970001,38.013287,184100
2014-09-02,53.950001,54.029999,53.84,53.970001,38.013287,348400
2014-09-03,54.549999,54.610001,54.34,54.450001,38.351376,225500
2014-09-04,54.459999,54.509998,54.060001,54.119999,38.11895,201600
2014-09-05,54.139999,54.259998,53.939999,54.240002,38.203457,104700
2014-09-08,53.990002,53.990002,53.599998,53.700001,37.82312,244700
2014-09-09,53.599998,53.599998,53.299999,53.419998,37.625896,259400
2014-09-10,53.400002,53.599998,53.25,53.599998,37.752678,135500
2014-09-11,53.310001,53.349998,53.16,53.330002,37.562519,223100
2014-09-12,53.209999,53.209999,52.950001,53.060001,37.372345,305100
2014-09-15,53.060001,53.060001,52.889999,52.959999,37.301888,153600
2014-09-16,52.75,53.400002,52.75,53.299999,37.541374,245400
2014-09-17,53.23,53.23,52.799999,52.91,37.266693,175200
2014-09-18,53.189999,53.259998,53.110001,53.220001,37.485031,253400
2014-09-19,53.330002,53.34,52.869999,52.91,37.266693,321900
2014-09-22,52.84,52.869999,52.459999,52.57,37.027206,273900
2014-09-23,52.400002,52.470001,52.16,52.209999,36.773655,178200
2014-09-24,52,52.310001,51.830002,52.23,36.981808,495400
2014-09-25,51.939999,51.939999,51.32,51.380001,36.379971,581400
2014-09-26,51.439999,51.790001,51.41,51.669998,36.5853,354800
2014-09-29,51.040001,51.209999,50.889999,51.110001,36.188782,225300
2014-09-30,51.029999,51.189999,50.82,51,36.110909,326800
2014-10-01,50.860001,50.889999,50.279999,50.380001,35.671913,1025600
2014-10-02,50.299999,50.299999,49.5,50.029999,35.424095,397000
2014-10-03,50.049999,50.169998,49.900002,50.099998,35.47364,283500
2014-10-06,50.560001,50.580002,50.23,50.48,35.742718,222400
2014-10-07,50.32,50.32,49.759998,49.759998,35.232914,371100
2014-10-08,49.82,50.52,49.509998,50.459999,35.72855,506900
2014-10-09,50.099998,50.23,49.200001,49.259998,34.878883,421700
2014-10-10,49,49.060001,48.400002,48.439999,34.298279,515900
2014-10-13,48.830002,49.169998,48.48,48.5,34.340755,390400
2014-10-14,48.700001,48.93,48.419998,48.59,34.404476,284700
2014-10-15,48.029999,48.25,47.259998,48.169998,34.107094,784700
2014-10-16,47,48.23,47,47.900002,33.915936,1350700
2014-10-17,48.549999,48.75,48.349998,48.560001,34.383244,391800
2014-10-20,48.560001,48.919998,48.380001,48.900002,34.623978,280800
2014-10-21,49.099998,49.459999,49.060001,49.400002,34.978016,407500
2014-10-22,49.389999,49.450001,48.98,49.029999,34.716038,595800
2014-10-23,49.439999,49.669998,49.34,49.419998,34.992168,281900
2014-10-24,49.580002,49.709999,49.419998,49.700001,35.190437,212600
2014-10-27,49.189999,49.48,49.080002,49.389999,34.970928,760700
2014-10-28,49.799999,50.18,49.389999,50.18,35.530296,209300
2014-10-29,50.389999,50.41,49.68,49.849998,35.296638,254300
2014-10-30,49.849998,50.360001,49.73,50.169998,35.52322,280200
2014-10-31,50.880001,50.970001,50.630001,50.959999,36.082588,1014500
2014-11-03,50.669998,50.669998,50.360001,50.5,35.756878,266500
2014-11-04,50.27,50.290001,49.959999,50.240002,35.572781,304800
2014-11-05,50.310001,50.34,50.080002,50.290001,35.608192,251800
2014-11-06,50.200001,50.240002,49.860001,49.939999,35.360348,1237200
2014-11-07,49.849998,50.040001,49.740002,50.040001,35.431168,221600
2014-11-10,50.330002,50.330002,50.07,50.169998,35.52322,490000
2014-11-11,50.299999,50.459999,50.18,50.41,35.693146,217000
2014-11-12,50.080002,50.23,50.029999,50.130001,35.494884,416300
2014-11-13,50.279999,50.400002,50.049999,50.23,35.565701,830900
2014-11-14,49.889999,50.400002,49.889999,50.400002,35.686069,350600
2014-11-17,50.07,50.18,49.970001,50.130001,35.494884,465300
2014-11-18,50.450001,50.650002,50.360001,50.610001,35.834774,847800
2014-11-19,50.529999,50.639999,50.27,50.509998,35.763958,306300
2014-11-20,50.18,50.389999,50.110001,50.34,35.643593,197000
2014-11-21,51.07,51.099998,50.779999,50.950001,36.075489,250800
2014-11-24,51.09,51.110001,50.869999,50.950001,36.075489,329700
2014-11-25,51.099998,51.139999,50.970001,51.060001,36.153385,295700
2014-11-26,51.200001,51.32,51.119999,51.32,36.337479,280100
2014-11-28,50.950001,50.950001,50.639999,50.700001,35.898479,159600
2014-12-01,50.610001,50.669998,50.32,50.470001,35.735641,621800
2014-12-02,50.639999,50.650002,50.470001,50.580002,35.813519,332400
2014-12-03,50.540001,50.689999,50.48,50.650002,35.863087,497800
2014-12-04,50.619999,50.669998,50.380001,50.5,35.756878,309900
2014-12-05,50.509998,50.619999,50.349998,50.540001,35.785194,325900
2014-12-08,50.25,50.310001,49.830002,49.939999,35.360348,276800
2014-12-09,49.610001,49.689999,49.34,49.66,35.162109,316600
2014-12-10,49.57,49.630001,48.880001,48.990002,34.687717,383500
2014-12-11,49.029999,49.240002,48.779999,48.869999,34.602749,646000
2014-12-12,48.689999,48.759998,47.970001,47.98,33.972572,407600
2014-12-15,47.98,48.119999,47.099998,47.27,33.46986,617700
2014-12-16,47.200001,48.110001,47.099998,47.5,33.63271,603400
2014-12-17,47.619999,48.419998,47.619999,48.139999,34.08588,2228800
2014-12-18,48.759998,48.950001,48.459999,48.939999,34.652321,416000
2014-12-19,49.57,49.57,48.77,48.990002,34.687717,670400
2014-12-22,48.900002,48.990002,48.700001,48.84,34.866188,496900
2014-12-23,48.650002,48.900002,48.529999,48.68,34.751961,567200
2014-12-24,48.68,48.939999,48.630001,48.830002,34.859039,324400
2014-12-26,49.02,49.259998,49.02,49.209999,35.13031,319400
2014-12-29,48.970001,49.040001,48.860001,48.889999,34.901882,694300
2014-12-30,48.650002,48.66,48.490002,48.490002,34.616329,1100200
2014-12-31,48.52,48.700001,48.290001,48.34,34.509228,686400
2015-01-02,48.34,48.529999,48.080002,48.209999,34.416443,1149300
2015-01-05,47.77,47.830002,47.07,47.150002,33.659721,688500
2015-01-06,47.209999,47.369999,46.610001,46.790001,33.402721,570000
2015-01-07,47.220001,47.400002,46.959999,47.34,33.795368,490000
2015-01-08,47.700001,48.110001,47.610001,47.939999,34.223682,319300
2015-01-09,47.939999,47.950001,47.52,47.740002,34.080921,453900
2015-01-12,47.77,47.810001,47.32,47.549999,33.945271,589100
2015-01-13,48.169998,48.209999,47.41,47.799999,34.123741,617500
2015-01-14,47.490002,47.650002,47.18,47.599998,33.980965,320500
2015-01-15,48.099998,48.18,47.860001,47.939999,34.223682,406500
2015-01-16,47.93,48.43,47.82,48.41,34.559223,282500
2015-01-20,48.740002,48.740002,48.299999,48.470001,34.602051,522900
2015-01-21,48.610001,48.950001,48.450001,48.93,34.930431,370300
2015-01-22,48.919998,49.360001,48.77,49.259998,35.166016,691200
2015-01-23,49.18,49.240002,48.919998,48.919998,34.923283,658500
2015-01-26,49.259998,49.549999,49.110001,49.439999,35.294518,488600
2015-01-27,49.209999,49.5,49.110001,49.389999,35.258816,1009300
2015-01-28,49.369999,49.450001,48.669998,48.75,34.801926,724500
2015-01-29,49.139999,49.25,48.77,49.220001,35.137466,1004300
2015-01-30,48.73,48.91,48.41,48.470001,34.602051,356900
2015-02-02,48.900002,49.27,48.740002,49.189999,35.116035,470500
2015-02-03,49.380001,49.950001,49.349998,49.950001,35.658592,818300
2015-02-04,49.66,49.91,49.48,49.549999,35.373035,507800
2015-02-05,49.810001,50.150002,49.740002,50.119999,35.779945,415500
2015-02-06,49.650002,49.790001,49.34,49.439999,35.294518,421000
2015-02-09,49.27,49.450001,49.220001,49.330002,35.215992,386700
2015-02-10,49.57,49.639999,49.299999,49.580002,35.394463,273900
2015-02-11,49.25,49.389999,49.040001,49.34,35.223125,305800
2015-02-12,49.720001,50.139999,49.700001,50.139999,35.794231,164500
2015-02-13,50.16,50.490002,50.16,50.470001,36.029823,322100
2015-02-17,50.529999,50.68,50.27,50.630001,36.144039,569100
2015-02-18,50.73,50.93,50.560001,50.830002,36.286812,352600
2015-02-19,50.740002,50.939999,50.669998,50.77,36.243988,485800
2015-02-20,50.689999,51.279999,50.540001,51.150002,36.515255,311800
2015-02-23,51.150002,51.150002,50.799999,50.939999,36.365341,759900
2015-02-24,51.009998,51.369999,50.860001,51.259998,36.593792,948900
2015-02-25,51.290001,51.419998,51.16,51.369999,36.672302,679600
2015-02-26,51.369999,51.41,51.18,51.279999,36.608063,469600
2015-02-27,51.299999,51.459999,51.209999,51.27,36.600922,853100
2015-03-02,51.279999,51.299999,51.119999,51.27,36.600922,382700
2015-03-03,51.18,51.259998,50.889999,51.009998,36.415318,480000
2015-03-04,50.779999,50.810001,50.41,50.759998,36.236843,486500
2015-03-05,50.950001,50.98,50.700001,50.790001,36.25827,530400
2015-03-06,50.5,50.52,50.040001,50.09,35.758545,486100
2015-03-09,50.220001,50.220001,50.009998,50.119999,35.779945,397500
2015-03-10,49.48,49.48,49.049999,49.07,35.030373,616000
2015-03-11,49.209999,49.290001,49.009998,49.200001,35.12318,338600
2015-03-12,49.82,49.860001,49.599998,49.740002,35.508682,401200
2015-03-13,49.439999,49.439999,49.110001,49.400002,35.265957,435400
2015-03-16,49.830002,49.990002,49.720001,49.919998,35.637169,571500
2015-03-17,49.77,49.939999,49.57,49.900002,35.622902,1003200
2015-03-18,49.91,51.07,49.830002,50.959999,36.379627,452600
2015-03-19,50.48,50.560001,50.220001,50.34,35.937008,373000
2015-03-20,51.130001,51.5,50.970001,51.330002,36.643768,754900
2015-03-23,51.580002,51.66,51.389999,51.57,36.815102,502200
2015-03-24,51.73,51.75,51.560001,51.59,36.829361,442300
2015-03-25,51.610001,51.630001,50.919998,50.919998,36.46273,852200
2015-03-26,50.790001,50.91,50.34,50.630001,36.255085,584200
2015-03-27,50.669998,50.709999,50.509998,50.669998,36.283718,406600
2015-03-30,50.830002,50.98,50.77,50.880001,36.43409,491800
2015-03-31,50.380001,50.540001,50.18,50.349998,36.054565,497100
2015-04-01,50.720001,50.759998,50.389999,50.75,36.341011,345200
2015-04-02,51.029999,51.25,51,51.209999,36.670399,411900
2015-04-06,51.360001,52,51.360001,51.790001,37.085724,403600
2015-04-07,51.919998,52.080002,51.740002,51.759998,37.064236,455800
2015-04-08,52.419998,52.459999,51.959999,52.139999,37.336346,350600
2015-04-09,52.34,52.349998,52.080002,52.34,37.479572,446700
2015-04-10,52.240002,52.400002,52.18,52.400002,37.522533,361800
2015-04-13,52.349998,52.450001,52.07,52.110001,37.314877,660000
2015-04-14,52.43,52.549999,52.27,52.509998,37.601295,307800
2015-04-15,52.599998,52.869999,52.470001,52.82,37.823288,431200
2015-04-16,52.93,53.130001,52.68,53.02,37.966492,429300
2015-04-17,52.299999,52.34,52.060001,52.310001,37.458076,398600
2015-04-20,52.34,52.439999,52.299999,52.34,37.479572,411400
2015-04-21,52.860001,52.880001,52.66,52.73,37.758831,420100
2015-04-22,52.830002,52.900002,52.549999,52.880001,37.866249,420500
2015-04-23,52.68,53.23,52.619999,53.150002,38.059593,498300
2015-04-24,53.380001,53.5,53.18,53.380001,38.224277,466000
2015-04-27,53.75,53.889999,53.599998,53.66,38.424789,653400
2015-04-28,53.639999,53.740002,53.419998,53.720001,38.46777,421400
2015-04-29,53.459999,53.5,53.139999,53.310001,38.174156,790000
2015-04-30,53.02,53.02,52.68,52.77,37.787476,842500
2015-05-01,53.009998,53.18,52.84,53.18,38.08107,411000
2015-05-04,53.360001,53.360001,53.16,53.279999,38.152676,486600
2015-05-05,53.099998,53.119999,52.470001,52.549999,37.629955,535900
2015-05-06,52.84,52.93,52.299999,52.52,37.608456,474500
2015-05-07,52.299999,52.360001,52.060001,52.310001,37.458076,392600
2015-05-08,53.130001,53.43,53.060001,53.34,38.195633,386400
2015-05-11,53.189999,53.189999,52.860001,52.91,37.887733,388600
2015-05-12,52.950001,52.970001,52.700001,52.869999,37.859085,244300
2015-05-13,53.450001,53.470001,53.099998,53.16,38.066746,326400
2015-05-14,53.700001,53.790001,53.52,53.790001,38.517879,657100
2015-05-15,53.66,53.939999,53.549999,53.939999,38.625305,321300
2015-05-18,53.75,53.779999,53.580002,53.68,38.439114,419900
2015-05-19,53.540001,53.630001,53.439999,53.529999,38.331699,334500
2015-05-20,53.509998,53.75,53.41,53.599998,38.381836,346500
2015-05-21,53.610001,53.860001,53.540001,53.82,38.539364,335900
2015-05-22,53.669998,53.720001,53.5,53.57,38.360344,402600
2015-05-26,53.200001,53.23,52.549999,52.66,37.708725,537600
2015-05-27,52.709999,53.080002,52.599998,53.060001,37.995159,537600
2015-05-28,52.650002,52.810001,52.400002,52.810001,37.816132,305600
2015-05-29,52.549999,52.599998,52.119999,52.290001,37.443764,570000
2015-06-01,52.509998,52.52,51.970001,52.130001,37.329189,766900
2015-06-02,52.23,52.66,52.189999,52.419998,37.536854,645100
2015-06-03,52.540001,52.790001,52.48,52.59,37.658588,417300
2015-06-04,52.279999,52.5,51.830002,51.970001,37.214615,742200
2015-06-05,51.419998,51.650002,51.189999,51.52,36.892399,362100
2015-06-08,51.450001,51.450001,51.23,51.41,36.813614,338200
2015-06-09,51.240002,51.299999,50.98,51.169998,36.64175,282500
2015-06-10,51.799999,52.220001,51.799999,52.119999,37.322021,233300
2015-06-11,52.23,52.299999,51.950001,52.189999,37.372147,415700
2015-06-12,51.77,51.93,51.610001,51.849998,37.128689,569400
2015-06-15,51.299999,51.5,51.209999,51.5,36.878063,352700
2015-06-16,51.299999,51.529999,51.209999,51.509998,36.885208,245900
2015-06-17,51.389999,51.59,50.990002,51.470001,36.856571,350300
2015-06-18,51.68,52.220001,51.630001,51.939999,37.19315,275400
2015-06-19,51.860001,51.869999,51.700001,51.700001,37.021278,252100
2015-06-22,52.630001,52.810001,52.48,52.59,37.658588,293000
2015-06-23,52.709999,52.810001,52.66,52.799999,37.808971,238600
2015-06-24,52.59,52.700001,52.34,52.389999,37.515369,346600
2015-06-25,52.610001,52.630001,52.299999,52.330002,37.472408,368600
2015-06-26,51.799999,51.869999,51.580002,51.740002,37.441296,270300
2015-06-29,50.82,50.889999,50.220001,50.310001,36.406475,841000
2015-06-30,50.860001,50.900002,50.16,50.330002,36.420944,671900
2015-07-01,50.860001,50.900002,50.41,50.580002,36.60186,3192000
2015-07-02,50.790001,50.82,50.549999,50.700001,36.688698,645000
2015-07-06,49.720001,50.029999,49.48,49.630001,35.914398,923300
2015-07-07,49.150002,49.5,48.459999,49.48,35.805859,1256700
2015-07-08,48.400002,48.73,48.099998,48.169998,34.857868,1689000
2015-07-09,49.209999,49.330002,48.830002,48.919998,35.400604,648600
2015-07-10,50.200001,50.34,49.93,50.27,36.377533,1299400
2015-07-13,50.540001,50.580002,50.389999,50.490002,36.536739,573300
2015-07-14,50.650002,50.860001,50.509998,50.830002,36.78278,398100
2015-07-15,50.73,50.73,50.380001,50.529999,36.565681,451200
2015-07-16,50.939999,51.029999,50.860001,50.91,36.840675,786600
2015-07-17,51,51.029999,50.779999,50.810001,36.768303,2005700
2015-07-20,50.900002,50.950001,50.700001,50.860001,36.804489,913100
2015-07-21,50.810001,50.880001,50.669998,50.77,36.739357,643900
2015-07-22,50.330002,50.400002,50.23,50.32,36.413719,729500
2015-07-23,50.439999,50.439999,50.049999,50.139999,36.283455,618000
2015-07-24,50.009998,50.02,49.43,49.509998,35.82756,386700
2015-07-27,49.360001,49.360001,48.98,49.099998,35.530865,593800
2015-07-28,49.400002,49.669998,49.139999,49.669998,35.943348,450300
2015-07-29,49.619999,49.959999,49.560001,49.860001,36.080837,231300
2015-07-30,49.709999,49.799999,49.470001,49.779999,36.022949,330300
2015-07-31,50.220001,50.259998,49.93,50.049999,36.21833,319000
2015-08-03,49.970001,49.970001,49.580002,49.779999,36.022949,336600
2015-08-04,49.860001,50,49.709999,49.810001,36.044655,238000
2015-08-05,50.240002,50.279999,50.02,50.099998,36.254505,209800
2015-08-06,49.959999,49.959999,49.700001,49.84,36.066364,265400
2015-08-07,49.669998,49.799999,49.580002,49.799999,36.037422,449600
2015-08-10,49.849998,50.439999,49.849998,50.439999,36.500549,323800
2015-08-11,49.740002,49.740002,49.349998,49.580002,35.878216,432500
2015-08-12,49,49.259998,48.700001,49.259998,35.64666,502100
2015-08-13,49.130001,49.27,49,49.130001,35.552589,365100
2015-08-14,49.080002,49.240002,49,49.18,35.588768,369400
2015-08-17,48.869999,49.09,48.700001,49.09,35.523643,328500
2015-08-18,48.810001,48.919998,48.66,48.709999,35.248657,340500
2015-08-19,48.369999,48.509998,47.939999,48.220001,34.894058,509100
2015-08-20,47.830002,47.84,47.139999,47.139999,34.112537,1242200
2015-08-21,46.93,47.02,45.950001,46.009998,33.294827,1248500
2015-08-24,43.650002,45.380001,43.110001,44.34,32.086334,1887300
2015-08-25,46.540001,46.540001,44.68,44.68,32.332363,1960100
2015-08-26,45.82,45.919998,44.810001,45.849998,33.179024,1376800
2015-08-27,46.23,46.860001,46.18,46.709999,33.801361,1377300
2015-08-28,46.32,46.700001,46.32,46.669998,33.772415,1075600
2015-08-31,46.349998,46.5,46.09,46.330002,33.526367,1115200
2015-09-01,45.18,45.310001,44.650002,44.779999,32.404728,1178200
2015-09-02,45.52,45.52,44.970001,45.439999,32.882347,796300
2015-09-03,45.560001,45.939999,45.419998,45.490002,32.918522,767400
2015-09-04,44.619999,44.720001,44.200001,44.389999,32.122509,937800
2015-09-08,45.529999,45.689999,45.369999,45.689999,33.063259,776000
2015-09-09,46.200001,46.349998,45.43,45.5,32.925743,612600
2015-09-10,45.52,45.950001,45.41,45.790001,33.135605,976400
2015-09-11,45.529999,45.77,45.439999,45.77,33.121124,539500
2015-09-14,45.5,45.560001,45.330002,45.540001,32.954708,313300
2015-09-15,45.52,45.860001,45.439999,45.84,33.171799,1285300
2015-09-16,46.119999,46.630001,46.119999,46.610001,33.728992,496100
2015-09-17,46.400002,47.150002,46.310001,46.650002,33.757946,665800
2015-09-18,45.830002,46.040001,45.509998,45.560001,32.969177,495400
2015-09-21,45.799999,45.799999,45.389999,45.599998,32.998116,461000
2015-09-22,44.630001,44.669998,44.25,44.529999,32.22382,819900
2015-09-23,44.610001,44.610001,44.130001,44.259998,32.028442,611100
2015-09-24,43.900002,44.220001,43.57,44.130001,31.93437,781600
2015-09-25,44.419998,44.560001,44.040001,44.200001,32.148205,455700
2015-09-28,43.900002,43.91,43.209999,43.259998,31.464506,1105300
2015-09-29,43.279999,43.450001,43.049999,43.349998,31.529959,792700
2015-09-30,43.990002,44.330002,43.830002,44.32,32.235474,687400
2015-10-01,44.630001,44.669998,44.080002,44.419998,32.308208,1128800
2015-10-02,44.25,45.310001,44.150002,45.310001,32.955532,707900
2015-10-05,45.869999,46.240002,45.84,46.240002,33.631969,517000
2015-10-06,46.200001,46.369999,46.049999,46.23,33.624687,584100
2015-10-07,46.869999,47.16,46.650002,47,34.18475,594700
2015-10-08,46.75,47.330002,46.650002,47.330002,34.424763,998900
2015-10-09,47.52,47.68,47.290001,47.459999,34.519321,1810300
2015-10-12,47.330002,47.349998,47.09,47.139999,34.286568,2144100
2015-10-13,46.630001,46.91,46.459999,46.48,33.806534,526700
2015-10-14,46.740002,46.860001,46.549999,46.740002,33.995632,465900
2015-10-15,47.189999,47.57,47.09,47.57,34.599316,448500
2015-10-16,47.490002,47.560001,47.310001,47.549999,34.584774,605800
2015-10-19,47.279999,47.279999,47.060001,47.23,34.352024,239400
2015-10-20,47.150002,47.27,47.060001,47.200001,34.330208,1637200
2015-10-21,47.360001,47.439999,46.98,46.98,34.170193,482500
2015-10-22,47.360001,47.779999,47.330002,47.68,34.679333,518300
2015-10-23,48.040001,48.130001,47.799999,48.029999,34.933895,704600
2015-10-26,47.950001,47.950001,47.740002,47.77,34.744785,493400
2015-10-27,47.43,47.439999,47.240002,47.330002,34.424763,749800
2015-10-28,47.400002,47.939999,47.189999,47.580002,34.60659,716100
2015-10-29,47.040001,47.209999,47.009998,47.16,34.301102,410200
2015-10-30,47.240002,47.380001,47.09,47.09,34.250214,273200
2015-11-02,47.369999,47.619999,47.240002,47.599998,34.621147,562100
2015-11-03,47.450001,47.860001,47.330002,47.77,34.744785,732800
2015-11-04,47.82,47.860001,47.34,47.490002,34.541138,440300
2015-11-05,47.490002,47.540001,47.189999,47.299999,34.402931,589100
2015-11-06,46.93,47.029999,46.700001,47.02,34.199295,451100
2015-11-09,46.799999,46.799999,46.34,46.52,33.835621,677100
2015-11-10,46.25,46.419998,46.169998,46.400002,33.748344,545800
2015-11-11,46.810001,46.810001,46.5,46.549999,33.85743,291000
2015-11-12,46.240002,46.389999,46,46.040001,33.486511,366500
2015-11-13,45.860001,45.860001,45.509998,45.59,33.159203,569100
2015-11-16,45.73,46.23,45.68,46.220001,33.617428,768600
2015-11-17,46.419998,46.529999,46.220001,46.32,33.690144,573800
2015-11-18,46.43,46.77,46.349998,46.75,34.002903,486200
2015-11-19,47.009998,47.110001,46.93,46.990002,34.177467,390000
2015-11-20,47.220001,47.290001,46.939999,46.990002,34.177467,399000
2015-11-23,46.860001,46.919998,46.52,46.560001,33.864716,2097800
2015-11-24,46.389999,46.709999,46.23,46.650002,33.930168,1721600
2015-11-25,46.650002,46.709999,46.470001,46.650002,33.930168,416200
2015-11-27,46.599998,46.639999,46.43,46.450001,33.78471,138800
2015-11-30,46.540001,46.619999,46.389999,46.470001,33.799255,454400
2015-12-01,46.689999,46.959999,46.689999,46.950001,34.148376,955700
2015-12-02,46.82,46.82,46.360001,46.439999,33.777428,632500
2015-12-03,46.810001,46.810001,46.049999,46.23,33.624687,983800
2015-12-04,46.16,46.66,46.07,46.610001,33.901081,494000
2015-12-07,46.299999,46.299999,45.950001,46.130001,33.551952,639900
2015-12-08,45.32,45.529999,45.200001,45.439999,33.050106,648400
2015-12-09,45.5,45.84,45.119999,45.310001,32.955532,1030600
2015-12-10,45.450001,45.509998,45.189999,45.240002,32.904633,1117200
2015-12-11,44.68,44.689999,44.220001,44.290001,32.213654,1544600
2015-12-14,44.369999,44.59,43.98,44.450001,32.330021,1080200
2015-12-15,44.689999,44.939999,44.669998,44.799999,32.584614,1877000
2015-12-16,45.18,45.790001,45.07,45.709999,33.246479,1130400
2015-12-17,45.619999,45.619999,45.049999,45.060001,32.773712,779600
2015-12-18,44.990002,45.009998,44.73,44.73,32.533691,926100
2015-12-21,44.959999,44.98,44.43,44.689999,32.75872,1171000
2015-12-22,44.68,45.009998,44.630001,44.990002,32.978626,989700
2015-12-23,45.310001,45.75,45.299999,45.75,33.535732,1293600
2015-12-24,45.68,45.77,45.630001,45.669998,33.477093,427200
2015-12-28,45.34,45.52,45.32,45.5,33.352482,1073800
2015-12-29,45.830002,45.970001,45.66,45.900002,33.645683,971200
2015-12-30,45.619999,45.700001,45.459999,45.529999,33.374462,1160800
2015-12-31,45.220001,45.380001,45.110001,45.110001,33.066597,922700
2016-01-04,44.48,44.48,43.830002,44.330002,32.494835,1497200
2016-01-05,44.34,44.34,44,44.25,32.436184,651100
2016-01-06,43.419998,43.639999,43.279999,43.5,31.88644,991500
2016-01-07,42.740002,43.080002,42.529999,42.599998,31.226709,1900800
2016-01-08,42.919998,42.919998,42.029999,42.099998,30.860195,794700
2016-01-11,42.5,42.57,41.810001,42.189999,30.92618,2037100
2016-01-12,42.5,42.540001,41.91,42.290001,30.999477,8528900
2016-01-13,42.59,42.700001,41.560001,41.709999,30.574326,1006200
2016-01-14,41.860001,42.450001,41.52,42.27,30.984819,1300300
2016-01-15,41,41.02,40.360001,40.639999,29.789989,1721900
2016-01-19,41.360001,41.43,40.779999,41.119999,30.141836,1275600
2016-01-20,40.220001,40.400002,39.32,40.110001,29.401499,1335100
2016-01-21,40.060001,40.700001,39.73,40.450001,29.650709,890500
2016-01-22,41.490002,41.689999,41.34,41.66,30.537664,766800
2016-01-25,41.389999,41.439999,40.959999,40.959999,30.024551,1422700
2016-01-26,41.32,41.790001,41.23,41.75,30.60364,833600
2016-01-27,41.73,42.150002,41.369999,41.549999,30.457033,971100
2016-01-28,41.91,42.060001,41.450001,41.82,30.654955,707500
2016-01-29,42,42.650002,42,42.650002,31.263372,1299700
2016-02-01,42.310001,42.639999,42.07,42.470001,31.131418,1376600
2016-02-02,41.990002,41.990002,41.360001,41.5,30.420387,962100
2016-02-03,41.84,42.040001,41.049999,42.029999,30.808895,1082700
2016-02-04,41.939999,42.419998,41.91,42.23,30.955496,613900
2016-02-05,42.07,42.080002,41.470001,41.66,30.537664,1196400
2016-02-08,41,41.07,40.509998,40.919998,29.995235,639100
2016-02-09,40.049999,40.580002,40.009998,40.360001,29.584738,649200
2016-02-10,40.59,40.880001,40.299999,40.349998,29.577417,677600
2016-02-11,39.799999,39.93,39.41,39.73,29.122946,1244600
2016-02-12,39.950001,40.419998,39.740002,40.389999,29.606735,584600
2016-02-16,41.060001,41.240002,40.84,41.23,30.222477,1158600
2016-02-17,41.580002,42.07,41.580002,42.029999,30.808895,2703300
2016-02-18,42.200001,42.279999,41.779999,41.849998,30.676947,535200
2016-02-19,41.470001,41.720001,41.34,41.700001,30.566996,720700
2016-02-22,42.07,42.299999,42.07,42.169998,30.911509,2689100
2016-02-23,41.959999,41.990002,41.470001,41.540001,30.449718,1050900
2016-02-24,40.900002,41.490002,40.650002,41.439999,30.376419,967800
2016-02-25,41.650002,41.880001,41.419998,41.869999,30.691599,557600
2016-02-26,42.099998,42.119999,41.68,41.75,30.60364,788200
2016-02-29,41.77,41.990002,41.599998,41.599998,30.493687,859800
2016-03-01,42.25,42.810001,42.189999,42.779999,31.358656,1127800
2016-03-02,42.779999,43.200001,42.66,43.189999,31.659199,1386500
2016-03-03,43.200001,43.650002,43.200001,43.650002,31.996384,826900
2016-03-04,43.939999,44.299999,43.849998,44.110001,32.333576,990000
2016-03-07,43.639999,44.18,43.549999,44.049999,32.289593,1755500
2016-03-08,43.75,43.75,43.400002,43.439999,31.842459,921600
2016-03-09,43.709999,43.869999,43.599998,43.75,32.069679,434700
2016-03-10,44.029999,44.209999,43.23,43.669998,32.011036,629200
2016-03-11,44.439999,44.790001,44.41,44.790001,32.832035,466800
2016-03-14,44.689999,44.700001,44.470001,44.549999,32.656097,739000
2016-03-15,43.939999,43.950001,43.73,43.919998,32.297977,654200
2016-03-16,43.68,44.599998,43.68,44.52,32.739197,1037700
2016-03-17,44.610001,45.110001,44.560001,45,33.092186,1268000
2016-03-18,45.060001,45.130001,44.889999,44.93,33.040714,807400
2016-03-21,45,45.040001,44.77,44.98,33.077477,740900
2016-03-22,44.650002,44.970001,44.580002,44.889999,33.011295,410500
2016-03-23,44.720001,44.720001,44.279999,44.310001,32.584763,1730300
2016-03-24,43.849998,44.080002,43.779999,44.07,32.408287,695200
2016-03-28,44.439999,44.470001,44.189999,44.360001,32.621555,543100
2016-03-29,44.18,44.84,44.029999,44.82,32.959808,783200
2016-03-30,45.220001,45.509998,45.209999,45.27,33.290733,835200
2016-03-31,45.150002,45.23,44.919998,44.919998,33.033356,350200
2016-04-01,44.02,44.529999,43.950001,44.470001,32.702427,896800
2016-04-04,44.650002,44.650002,44.25,44.279999,32.56271,418500
2016-04-05,43.549999,43.639999,43.419998,43.509998,31.996473,482600
2016-04-06,43.669998,44.18,43.560001,44.18,32.489185,321200
2016-04-07,43.830002,43.869999,43.41,43.5,31.989109,488800
2016-04-08,44.34,44.540001,44.259998,44.389999,32.6436,460200
2016-04-11,44.73,44.889999,44.470001,44.470001,32.702427,417800
2016-04-12,44.869999,45.310001,44.599998,45.209999,33.246613,350200
2016-04-13,45.889999,45.919998,45.689999,45.880001,33.739319,2084200
2016-04-14,45.919998,45.93,45.759998,45.830002,33.70256,733500
2016-04-15,45.779999,45.84,45.68,45.720001,33.621658,542500
2016-04-18,45.639999,46.110001,45.560001,46.07,33.879044,766300
2016-04-19,46.759998,46.950001,46.639999,46.91,34.496765,517700
2016-04-20,46.740002,47.02,46.630001,46.810001,34.423233,921500
2016-04-21,46.790001,46.790001,46.419998,46.509998,34.202618,515300
2016-04-22,46.400002,46.619999,46.310001,46.48,34.18055,460500
2016-04-25,46.27,46.27,46.060001,46.25,34.011417,578000
2016-04-26,46.43,46.48,46.27,46.439999,34.151138,357600
2016-04-27,46.310001,46.66,46.27,46.580002,34.254089,1519900
2016-04-28,46.099998,46.470001,45.959999,46.040001,33.856987,1246000
2016-04-29,46.09,46.139999,45.66,45.889999,33.746674,772600
2016-05-02,46.09,46.220001,45.98,46.189999,33.967297,429100
2016-05-03,45.630001,45.720001,45.23,45.259998,33.283382,585500
2016-05-04,44.970001,45.02,44.650002,44.740002,32.90099,542400
2016-05-05,44.900002,44.93,44.580002,44.68,32.856865,858100
2016-05-06,44.5,44.810001,44.43,44.799999,32.945107,656600
2016-05-09,44.82,44.84,44.5,44.560001,32.768612,338500
2016-05-10,44.93,45.310001,44.900002,45.290001,33.30545,1216800
2016-05-11,45.099998,45.240002,44.970001,44.990002,33.084827,467800
2016-05-12,45.400002,45.400002,44.77,44.990002,33.084827,636400
2016-05-13,44.610001,44.759998,44.32,44.380001,32.63625,520400
2016-05-16,44.720001,45.07,44.720001,45.029999,33.114254,483000
2016-05-17,44.900002,45.02,44.610001,44.689999,32.864208,592300
2016-05-18,44.59,45.09,44.459999,44.619999,32.81274,699500
2016-05-19,44.310001,44.360001,44.09,44.279999,32.56271,767200
2016-05-20,44.650002,44.740002,44.57,44.639999,32.827442,365000
2016-05-23,44.52,44.650002,44.43,44.48,32.709801,1582500
2016-05-24,44.779999,45.139999,44.759998,45.080002,33.151016,1083200
2016-05-25,45.34,45.630001,45.34,45.549999,33.496647,989100
2016-05-26,45.639999,45.759998,45.52,45.66,33.57753,738100
2016-05-27,45.540001,45.66,45.48,45.560001,33.504009,460200
2016-05-31,45.73,45.830002,45.32,45.439999,33.415756,1009300
2016-06-01,45.259998,45.48,45.139999,45.450001,33.423111,1321100
2016-06-02,45.279999,45.540001,45.169998,45.540001,33.489292,873000
2016-06-03,45.779999,45.959999,45.549999,45.950001,33.790802,625100
2016-06-06,46.09,46.380001,46.07,46.290001,34.040833,807100
2016-06-07,46.59,46.779999,46.560001,46.68,34.327621,489400
2016-06-08,46.84,46.98,46.799999,46.849998,34.452641,345600
2016-06-09,46.290001,46.389999,46.139999,46.23,33.996704,1094100
2016-06-10,45.43,45.459999,44.869999,44.990002,33.084827,1190200
2016-06-13,44.43,44.75,44.259998,44.349998,32.614182,741700
2016-06-14,43.48,43.560001,43.049999,43.290001,32.224869,796700
2016-06-15,43.68,43.880001,43.540001,43.630001,32.477966,952000
2016-06-16,42.959999,43.59,42.610001,43.59,32.448185,658700
2016-06-17,43.779999,44.02,43.540001,43.919998,32.693836,1063400
2016-06-20,45.139999,45.200001,44.889999,44.93,33.445686,701700
2016-06-21,45.220001,45.5,45.02,45.23,33.668999,683700
2016-06-22,45.450001,45.59,45.220001,45.220001,33.661552,595500
2016-06-23,46.049999,46.459999,45.84,46.41,34.547382,427300
2016-06-24,42.98,43.869999,42.82,42.82,31.874994,2797300
2016-06-27,42.43,42.43,41.599998,42.049999,31.301805,1359800
2016-06-28,43.009998,43.16,42.669998,43.099998,32.083431,3325900
2016-06-29,43.779999,44.049999,43.709999,43.950001,32.716171,842900
2016-06-30,44.049999,44.5,43.900002,44.48,33.11071,1174800
2016-07-01,44.560001,44.700001,44.52,44.599998,33.20002,813100
2016-07-05,44.16,44.209999,43.720001,43.830002,32.626842,457700
2016-07-06,43.380001,43.75,43.07,43.740002,32.559864,779800
2016-07-07,43.91,44,43.419998,43.560001,32.425854,735900
2016-07-08,44.060001,44.34,44.009998,44.310001,32.984142,725900
2016-07-11,44.860001,45,44.790001,44.849998,33.386127,677300
2016-07-12,45.380001,45.669998,45.380001,45.470001,33.847656,562400
2016-07-13,45.580002,45.669998,45.34,45.459999,33.840199,642400
2016-07-14,45.799999,45.950001,45.75,45.849998,34.130512,648300
2016-07-15,45.799999,45.799999,45.57,45.66,33.989082,523400
2016-07-18,45.650002,45.860001,45.549999,45.82,34.108189,617500
2016-07-19,45.540001,45.540001,45.310001,45.400002,33.795536,633300
2016-07-20,45.689999,45.849998,45.57,45.759998,34.063522,428700
2016-07-21,45.740002,45.880001,45.619999,45.720001,34.033749,1310300
2016-07-22,45.82,45.82,45.669998,45.790001,34.085857,1696500
2016-07-25,45.810001,45.82,45.57,45.639999,33.974197,1903500
2016-07-26,45.790001,45.950001,45.650002,45.830002,34.115643,976300
2016-07-27,46.029999,46.169998,45.740002,46.049999,34.2794,539800
2016-07-28,46.040001,46.080002,45.799999,46.040001,34.271961,350000
2016-07-29,46.279999,46.540001,46.18,46.490002,34.606934,296100
2016-08-01,46.490002,46.529999,46.220001,46.27,34.443165,766000
2016-08-02,46.25,46.25,45.84,46.09,34.309166,548700
2016-08-03,45.77,46.009998,45.669998,46.009998,34.249615,384500
2016-08-04,46.049999,46.299999,46.029999,46.259998,34.435722,549100
2016-08-05,46.23,46.5,46.220001,46.470001,34.592052,631600
2016-08-08,46.580002,46.700001,46.57,46.639999,34.71859,463800
2016-08-09,46.799999,47.16,46.799999,47,34.986572,581500
2016-08-10,47.310001,47.34,47.07,47.09,35.053566,424500
2016-08-11,47.360001,47.540001,47.290001,47.470001,35.336433,650800
2016-08-12,47.490002,47.529999,47.27,47.299999,35.209892,648600
2016-08-15,47.419998,47.669998,47.419998,47.59,35.425766,519200
2016-08-16,47.5,47.549999,47.380001,47.419998,35.299217,402900
2016-08-17,47.32,47.48,47.060001,47.419998,35.299217,430300
2016-08-18,47.41,47.669998,47.389999,47.669998,35.485321,283200
2016-08-19,47.279999,47.369999,47.049999,47.349998,35.247108,580900
2016-08-22,47.16,47.290001,47.029999,47.290001,35.202446,799800
2016-08-23,47.599998,47.669998,47.41,47.43,35.306667,873300
2016-08-24,47.450001,47.490002,47.259998,47.32,35.224781,442600
2016-08-25,47.23,47.299999,47.150002,47.23,35.157791,506100
2016-08-26,47.310001,47.700001,46.669998,46.889999,34.904686,743900
2016-08-29,46.900002,47.09,46.779999,47.07,35.038696,533100
2016-08-30,47.07,47.139999,46.880001,46.939999,34.941917,417700
2016-08-31,46.880001,46.939999,46.610001,46.700001,34.76326,849800
2016-09-01,46.860001,47.029999,46.75,47,34.986572,2472200
2016-09-02,47.490002,47.599998,47.330002,47.540001,35.388557,332300
2016-09-06,47.799999,48.049999,47.73,48.029999,35.753296,492500
2016-09-07,48.220001,48.220001,47.950001,48.09,35.797977,589900
2016-09-08,48.119999,48.189999,47.91,48.02,35.745861,659800
2016-09-09,47.599998,47.599998,46.950001,46.950001,34.949356,731900
2016-09-12,46.619999,47.360001,46.52,47.34,35.23967,717300
2016-09-13,46.41,46.419998,45.759998,45.91,34.374134,754900
2016-09-14,46.049999,46.27,45.889999,45.950001,34.404091,808900
2016-09-15,46.080002,46.509998,45.939999,46.400002,34.741009,668900
2016-09-16,46,46,45.77,45.91,34.374134,578400
2016-09-19,46.470001,46.509998,46.150002,46.220001,34.606243,1400000
2016-09-20,46.59,46.599998,46.349998,46.360001,34.71106,479200
2016-09-21,46.830002,47.330002,46.68,47.27,35.39241,405800
2016-09-22,47.900002,48.02,47.650002,47.740002,35.74432,431400
2016-09-23,47.380001,47.439999,47.240002,47.240002,35.369953,373100
2016-09-26,46.93,46.939999,46.759998,46.799999,35.040508,481300
2016-09-27,46.790001,47.099998,46.68,47.09,35.257637,557800
2016-09-28,47.200001,47.540001,46.959999,47.5,35.564625,719000
2016-09-29,47.450001,47.52,46.810001,46.959999,35.160294,476200
2016-09-30,47.09,47.34,46.959999,47.209999,35.347485,441000
2016-10-03,47.189999,47.23,47.02,47.18,35.325031,545700
2016-10-04,47.41,47.419998,46.849998,47.009998,35.197735,644800
2016-10-05,47.310001,47.389999,47.150002,47.349998,35.452297,265000
2016-10-06,47.099998,47.16,46.950001,47.150002,35.302555,537700
2016-10-07,47.060001,47.060001,46.540001,46.849998,35.077946,611200
2016-10-10,47.040001,47.189999,46.970001,47.060001,35.235188,214400
2016-10-11,46.790001,46.790001,46.189999,46.32,34.681122,532800
2016-10-12,46.290001,46.369999,46.130001,46.259998,34.636196,424000
2016-10-13,45.790001,46.16,45.57,46.07,34.493938,427700
2016-10-14,46.439999,46.490002,46.150002,46.150002,34.553829,437500
2016-10-17,46.139999,46.169998,46,46.060001,34.486443,420500
2016-10-18,46.68,46.68,46.470001,46.610001,34.898251,358400
2016-10-19,46.740002,46.84,46.630001,46.77,35.018047,282800
2016-10-20,46.68,46.849998,46.599998,46.75,35.003071,221000
2016-10-21,46.509998,46.689999,46.41,46.689999,34.958153,332000
2016-10-24,46.900002,46.900002,46.610001,46.740002,34.995583,536600
2016-10-25,46.720001,46.759998,46.549999,46.689999,34.958153,306900
2016-10-26,46.5,46.599998,46.349998,46.43,34.763477,373500
2016-10-27,46.5,46.560001,46.310001,46.32,34.681122,210900
2016-10-28,46.259998,46.419998,46.130001,46.27,34.643677,582300
2016-10-31,46.209999,46.41,46.16,46.310001,34.67363,1076800
2016-11-01,46.419998,46.48,45.900002,46.130001,34.53886,513000
2016-11-02,46.009998,46.09,45.669998,45.740002,34.246853,430800
2016-11-03,45.919998,45.950001,45.599998,45.700001,34.216908,513400
2016-11-04,45.439999,45.52,45.240002,45.259998,33.887459,821700
2016-11-07,46,46.130001,45.860001,46.119999,34.531376,542500
2016-11-08,45.970001,46.380001,45.869999,46.27,34.643677,346100
2016-11-09,45.529999,46.189999,45.529999,45.959999,34.411583,1027800
2016-11-10,45.91,45.98,45.369999,45.66,34.186954,576100
2016-11-11,45.290001,45.349998,44.889999,45.189999,33.835056,596700
2016-11-14,44.880001,44.93,44.700001,44.91,33.625393,1283800
2016-11-15,44.869999,45.349998,44.869999,45.349998,33.954845,970000
2016-11-16,44.900002,44.990002,44.810001,44.880001,33.60294,832400
2016-11-17,45.02,45.27,45.02,45.16,33.812603,784900
2016-11-18,44.91,44.93,44.68,44.779999,33.528072,884000
2016-11-21,45.110001,45.209999,45.040001,45.18,33.827568,1015300
2016-11-22,45.419998,45.43,45.200001,45.400002,33.99229,1053100
2016-11-23,44.98,45.189999,44.889999,45.189999,33.835056,1082300
2016-11-25,45.380001,45.380001,45.279999,45.369999,33.96983,474700
2016-11-28,45.310001,45.349998,45.169998,45.200001,33.842541,618400
2016-11-29,45.130001,45.5,45.130001,45.419998,34.007256,431300
2016-11-30,45.57,45.580002,45.349998,45.380001,33.977314,588200
2016-12-01,45.439999,45.450001,45.200001,45.259998,33.887459,827600
2016-12-02,45.139999,45.439999,45.139999,45.380001,33.977314,540100
2016-12-05,45.509998,45.799999,45.439999,45.740002,34.246853,672700
2016-12-06,45.779999,46.029999,45.720001,45.98,34.426548,740100
2016-12-07,46.189999,46.689999,46.130001,46.639999,34.920708,759700
2016-12-08,46.549999,46.720001,46.490002,46.669998,34.94318,865900
2016-12-09,46.639999,46.810001,46.580002,46.810001,35.047997,778400
2016-12-12,46.639999,46.700001,46.5,46.540001,34.845829,954300
2016-12-13,46.91,47.099998,46.84,47,35.190243,952100
2016-12-14,46.900002,46.93,46.110001,46.150002,34.553829,768800
2016-12-15,45.900002,46.18,45.900002,46.119999,34.531376,713700
2016-12-16,46.029999,46.189999,45.970001,46.029999,34.463978,691100
2016-12-19,46.099998,46.150002,45.970001,45.98,34.426548,849700
2016-12-20,45.68,45.759998,45.610001,45.73,34.532272,1494400
2016-12-21,45.73,45.779999,45.66,45.66,34.479412,844000
2016-12-22,45.580002,45.59,45.43,45.439999,34.313274,1493100
2016-12-23,45.5,45.59,45.470001,45.57,34.411446,684000
2016-12-27,45.57,45.669998,45.57,45.580002,34.418999,878800
2016-12-28,45.700001,45.709999,45.5,45.549999,34.396343,1282500
2016-12-29,45.669998,45.849998,45.669998,45.799999,34.585121,890700
2016-12-30,46.080002,46.130001,45.77,45.880001,34.645546,731000
2017-01-03,46.150002,46.220001,46.060001,46.209999,34.894726,1094300
2017-01-04,46.470001,46.720001,46.400002,46.720001,35.279835,1107800
2017-01-05,46.869999,47.150002,46.849998,47.07,35.544155,1206900
2017-01-06,46.959999,47.02,46.900002,46.970001,35.468643,830600
2017-01-09,46.860001,46.93,46.740002,46.880001,35.400677,591900
2017-01-10,46.970001,47.099998,46.919998,46.959999,35.461079,619300
2017-01-11,46.970001,47.310001,46.860001,47.310001,35.72538,1184700
2017-01-12,47.450001,47.450001,47.200001,47.380001,35.778233,879500
2017-01-13,47.41,47.529999,47.349998,47.52,35.883957,944200
2017-01-17,47.459999,47.470001,47.34,47.400002,35.793343,825500
2017-01-18,47.310001,47.360001,47.080002,47.150002,35.604565,812100
2017-01-19,47.150002,47.200001,46.950001,47.110001,35.574356,960500
2017-01-20,47.200001,47.310001,47.150002,47.299999,35.717819,550900
2017-01-23,47.349998,47.52,47.25,47.52,35.883957,786300
2017-01-24,47.529999,47.790001,47.52,47.709999,36.027435,1120300
2017-01-25,48.02,48.209999,47.939999,48.209999,36.405006,1081300
2017-01-26,48.150002,48.16,47.990002,48.060001,36.291729,760100
2017-01-27,48.040001,48.040001,47.869999,47.950001,36.20866,647500
2017-01-30,47.630001,47.650002,47.450001,47.639999,35.974564,1376500
2017-01-31,47.73,47.790001,47.560001,47.75,36.057636,791300
2017-02-01,48.040001,48.040001,47.790001,47.91,36.178448,994000
2017-02-02,48.009998,48.049999,47.869999,47.970001,36.22377,894800
2017-02-03,48.139999,48.259998,48.040001,48.189999,36.3899,803000
2017-02-06,47.880001,47.91,47.740002,47.91,36.178448,733600
2017-02-07,47.849998,47.880001,47.779999,47.860001,36.140694,448500
2017-02-08,47.900002,48.029999,47.790001,48.009998,36.253967,708700
2017-02-09,48.040001,48.200001,48.029999,48.139999,36.352139,631900
2017-02-10,48.200001,48.419998,48.16,48.400002,36.548473,554200
2017-02-13,48.599998,48.66,48.509998,48.59,36.691959,632700
2017-02-14,48.470001,48.549999,48.240002,48.549999,36.661747,780300
2017-02-15,48.459999,48.82,48.43,48.82,36.865631,614400
2017-02-16,48.830002,48.860001,48.740002,48.860001,36.895836,724900
2017-02-17,48.549999,48.669998,48.509998,48.650002,36.737263,691800
2017-02-21,48.77,48.93,48.740002,48.93,36.948696,587600
2017-02-22,48.740002,48.950001,48.700001,48.939999,36.956253,689500
2017-02-23,49.130001,49.150002,48.93,48.990002,36.994011,666100
2017-02-24,48.529999,48.639999,48.470001,48.599998,36.699497,611400
2017-02-27,48.52,48.619999,48.43,48.560001,36.669296,549300
2017-02-28,48.52,48.580002,48.34,48.389999,36.540924,675800
2017-03-01,48.759998,49.049999,48.740002,48.950001,36.963795,921600
2017-03-02,48.700001,48.709999,48.5,48.529999,36.646645,526700
2017-03-03,48.610001,48.810001,48.509998,48.77,36.827881,419600
2017-03-06,48.669998,48.669998,48.529999,48.650002,36.737263,527400
2017-03-07,48.560001,48.619999,48.450001,48.540001,36.654202,572100
2017-03-08,48.509998,48.52,48.240002,48.25,36.435207,767000
2017-03-09,48.330002,48.360001,48.16,48.310001,36.480515,897400
2017-03-10,48.669998,48.759998,48.549999,48.759998,36.820328,836500
2017-03-13,48.880001,49.029999,48.880001,49.029999,37.0242,603400
2017-03-14,48.75,48.759998,48.619999,48.689999,36.767464,553300
2017-03-15,48.82,49.5,48.779999,49.48,37.364021,892400
2017-03-16,49.790001,49.810001,49.66,49.77,37.583004,683700
2017-03-17,49.82,49.880001,49.689999,49.759998,37.575459,624200
2017-03-20,49.84,49.970001,49.779999,49.860001,37.65097,669700
2017-03-21,50.200001,50.23,49.470001,49.509998,37.386662,717500
2017-03-22,49.389999,49.630001,49.299999,49.599998,37.454624,687000
2017-03-23,49.540001,49.82,49.509998,49.709999,37.537697,602400
2017-03-24,49.68,49.799999,49.619999,49.73,37.674068,548700
2017-03-27,49.580002,49.82,49.470001,49.799999,37.727089,619200
2017-03-28,49.779999,50.029999,49.779999,49.959999,37.848293,820500
2017-03-29,49.810001,50.02,49.75,50.02,37.893764,554200
2017-03-30,49.91,49.990002,49.799999,49.82,37.742249,779200
2017-03-31,49.610001,49.77,49.549999,49.68,37.636189,909500
2017-04-03,49.68,49.709999,49.349998,49.669998,37.628601,1165300
2017-04-04,49.5,49.709999,49.43,49.709999,37.658901,562800
2017-04-05,49.73,49.849998,49.470001,49.490002,37.492249,854000
2017-04-06,49.509998,49.540001,49.369999,49.490002,37.492249,538800
2017-04-07,49.419998,49.540001,49.369999,49.439999,37.454365,663200
2017-04-10,49.389999,49.439999,49.299999,49.400002,37.424065,668300
2017-04-11,49.57,49.57,49.200001,49.540001,37.530125,627400
2017-04-12,49.5,49.549999,49.34,49.549999,37.537697,734900
2017-04-13,49.43,49.48,49.240002,49.27,37.325584,622600
2017-04-17,49.57,49.669998,49.48,49.669998,37.628601,491600
2017-04-18,49.25,49.360001,49.110001,49.330002,37.371021,802900
2017-04-19,49.380001,49.400002,49.049999,49.110001,37.204372,675900
2017-04-20,49.5,49.599998,49.48,49.560001,37.545273,398600
2017-04-21,49.529999,49.549999,49.43,49.540001,37.530125,594800
2017-04-24,50.52,50.610001,50.48,50.59,38.325565,602300
2017-04-25,50.810001,50.959999,50.740002,50.889999,38.552845,772800
2017-04-26,50.790001,50.919998,50.73,50.77,38.461929,607600
2017-04-27,50.790001,50.799999,50.580002,50.700001,38.408913,368200
2017-04-28,50.759998,50.77,50.669998,50.700001,38.408913,601800
2017-05-01,50.919998,51,50.830002,50.93,38.583145,747200
2017-05-02,51.07,51.23,51.02,51.23,38.81041,946600
2017-05-03,51.040001,51.200001,50.93,51.080002,38.696781,1737900
2017-05-04,51.110001,51.209999,50.990002,51.209999,38.795269,1019400
2017-05-05,51.259998,51.709999,51.23,51.700001,39.166481,599400
2017-05-08,51.48,51.529999,51.369999,51.43,38.961929,774200
2017-05-09,51.48,51.509998,51.330002,51.400002,38.939205,618700
2017-05-10,51.549999,51.59,51.419998,51.57,39.067986,626500
2017-05-11,51.43,51.490002,51.290001,51.459999,38.984661,461400
2017-05-12,51.540001,51.73,51.5,51.73,39.189201,621500
2017-05-15,51.93,52.09,51.889999,52.09,39.461929,1029000
2017-05-16,52.299999,52.310001,52.200001,52.290001,39.613441,813700
2017-05-17,52,52.009998,51.57,51.599998,39.090721,1402800
2017-05-18,51.23,51.610001,51.200001,51.48,38.999813,956800
2017-05-19,51.939999,52.220001,51.93,52.189999,39.537685,867900
2017-05-22,52.259998,52.330002,52.18,52.259998,39.590717,631300
2017-05-23,52.380001,52.380001,52.189999,52.259998,39.590717,654300
2017-05-24,52.209999,52.380001,52.150002,52.360001,39.666477,570800
2017-05-25,52.48,52.549999,52.349998,52.380001,39.681629,929800
2017-05-26,52.25,52.330002,52.18,52.330002,39.643753,623400
2017-05-30,52.139999,52.259998,52.130001,52.220001,39.560417,628300
2017-05-31,52.400002,52.400002,52.130001,52.200001,39.545269,775300
2017-06-01,52.400002,52.59,52.360001,52.59,39.840721,817600
2017-06-02,52.880001,53.049999,52.799999,53.040001,40.181629,832700
2017-06-05,52.860001,52.880001,52.759998,52.830002,40.022533,523700
2017-06-06,52.650002,52.73,52.610001,52.720001,39.939194,590800
2017-06-07,52.82,52.869999,52.540001,52.740002,39.954361,680300
2017-06-08,52.580002,52.689999,52.490002,52.689999,39.916477,569500
2017-06-09,52.529999,52.66,52.290001,52.450001,39.734661,592700
2017-06-12,52.299999,52.360001,52.099998,52.27,39.598297,955700
2017-06-13,52.59,52.700001,52.529999,52.700001,39.924049,812200
2017-06-14,52.990002,52.990002,52.470001,52.630001,39.871029,415600
2017-06-15,51.900002,52.110001,51.82,52.110001,39.477081,1777500
2017-06-16,52.290001,52.48,52.200001,52.48,39.757385,414700
2017-06-19,52.68,52.799999,52.650002,52.709999,39.931629,452900
2017-06-20,52.549999,52.549999,52.139999,52.200001,39.545269,831300
2017-06-21,51.669998,51.75,51.540001,51.560001,39.480953,2911100
2017-06-22,51.709999,51.830002,51.650002,51.740002,39.618771,426600
2017-06-23,51.75,51.91,51.650002,51.869999,39.718323,378900
2017-06-26,52.23,52.27,52.009998,52.02,39.833179,660900
2017-06-27,52.029999,52.099998,51.880001,51.900002,39.741291,1088600
2017-06-28,52.16,52.439999,52.09,52.400002,40.124168,1025900
2017-06-29,52.240002,52.240002,51.639999,51.860001,39.710667,783900
2017-06-30,52.040001,52.09,51.759998,51.970001,39.794884,472900
2017-07-03,52.099998,52.130001,51.990002,52.009998,39.82552,485500
2017-07-05,51.869999,51.970001,51.669998,51.970001,39.794884,1119800
2017-07-06,51.669998,51.810001,51.580002,51.66,39.557518,609600
2017-07-07,51.630001,51.759998,51.48,51.720001,39.603458,523100
2017-07-10,51.740002,51.919998,51.709999,51.880001,39.725975,627300
2017-07-11,51.880001,52.080002,51.759998,52.060001,39.863804,634500
2017-07-12,52.419998,52.639999,52.419998,52.560001,40.246677,598700
2017-07-13,52.650002,52.779999,52.57,52.759998,40.399815,556400
2017-07-14,52.990002,53.23,52.93,53.23,40.759712,592400
2017-07-17,53.130001,53.16,53.009998,53.029999,40.606564,744400
2017-07-18,53.07,53.169998,53,53.169998,40.713772,544700
2017-07-19,53.369999,53.459999,53.32,53.450001,40.928169,780100
2017-07-20,53.59,53.669998,53.490002,53.650002,41.08131,625500
2017-07-21,53.41,53.459999,53.25,53.419998,40.905201,413600
2017-07-24,53.369999,53.43,53.200001,53.419998,40.905201,5023100
2017-07-25,53.66,53.66,53.470001,53.48,40.951153,475100
2017-07-26,53.560001,53.889999,53.509998,53.77,41.173206,584700
2017-07-27,53.889999,53.889999,53.400002,53.619999,41.058338,530600
2017-07-28,53.470001,53.619999,53.400002,53.619999,41.058338,360100
2017-07-31,53.720001,53.779999,53.580002,53.720001,41.134926,490200
2017-08-01,54.130001,54.18,54.02,54.060001,41.395271,880100
2017-08-02,54.060001,54.080002,53.880001,54.049999,41.387615,656300
2017-08-03,53.970001,54.060001,53.91,53.959999,41.318691,1002800
2017-08-04,54.029999,54.07,53.799999,54.060001,41.395271,615500
2017-08-07,54.040001,54.139999,54.02,54.119999,41.4412,580900
2017-08-08,54.099998,54.150002,53.880001,53.919998,41.288055,708000
2017-08-09,53.599998,53.759998,53.490002,53.759998,41.165539,539800
2017-08-10,53.43,53.43,52.889999,52.900002,40.507027,681500
2017-08-11,52.91,53.040001,52.810001,52.91,40.514671,573500
2017-08-14,53.310001,53.439999,53.259998,53.310001,40.820965,600600
2017-08-15,53.279999,53.279999,53.060001,53.200001,40.736748,439700
2017-08-16,53.48,53.619999,53.43,53.59,41.035378,1206900
2017-08-17,53.389999,53.459999,52.939999,52.939999,40.537651,1010100
2017-08-18,53.119999,53.299999,52.970001,53.119999,40.675484,573200
2017-08-21,53.209999,53.27,53.07,53.23,40.759712,654000
2017-08-22,53.389999,53.540001,53.330002,53.439999,40.920513,1842600
2017-08-23,53.310001,53.560001,53.299999,53.529999,40.989426,453300
2017-08-24,53.66,53.68,53.5,53.540001,40.997082,379500
2017-08-25,53.77,53.970001,53.709999,53.880001,41.257435,471500
2017-08-28,53.970001,53.98,53.799999,53.849998,41.234463,542400
2017-08-29,53.509998,53.720001,53.48,53.630001,41.066002,741700
2017-08-30,53.630001,53.669998,53.529999,53.599998,41.04303,455500
2017-08-31,53.790001,54.049999,53.75,54.009998,41.356976,551500
2017-09-01,54.259998,54.290001,54.119999,54.16,41.471832,790700
2017-09-05,54.02,54.060001,53.549999,53.75,41.157887,673000
2017-09-06,54.029999,54.189999,53.970001,54.130001,41.44886,834600
2017-09-07,54.509998,54.540001,54.41,54.540001,41.76281,349100
2017-09-08,54.630001,54.630001,54.450001,54.490002,41.724529,548200
2017-09-11,54.880001,55.02,54.82,54.959999,42.084419,500000
2017-09-12,54.970001,55.049999,54.950001,54.990002,42.107395,381300
2017-09-13,54.91,54.919998,54.669998,54.740002,41.915966,441400
2017-09-14,54.68,54.869999,54.639999,54.860001,42.007847,409600
2017-09-15,54.98,55,54.860001,55,42.115047,461500
2017-09-18,55.189999,55.259998,54.990002,55.09,42.183952,596000
2017-09-19,55.16,55.279999,55.130001,55.279999,42.329464,548400
2017-09-20,55.040001,55.139999,54.59,54.889999,42.258625,802000
2017-09-21,54.77,54.869999,54.709999,54.790001,42.181633,388600
2017-09-22,54.860001,54.939999,54.799999,54.84,42.220135,541200
2017-09-25,54.650002,54.689999,54.349998,54.490002,41.950676,786800
2017-09-26,54.419998,54.43,54.189999,54.34,41.835205,752800
2017-09-27,54.18,54.34,54.150002,54.290001,41.7967,670500
2017-09-28,54.32,54.48,54.259998,54.419998,41.89679,460400
2017-09-29,54.59,54.790001,54.5,54.73,42.135448,893900
2017-10-02,54.68,54.779999,54.619999,54.73,42.135448,904100
2017-10-03,54.880001,55.049999,54.82,55.040001,42.374111,698400
2017-10-04,55.009998,55.060001,54.950001,55,42.343311,499900
2017-10-05,54.970001,55.09,54.939999,55.02,42.358707,548000
2017-10-06,54.799999,54.950001,54.669998,54.950001,42.304817,426500
2017-10-09,55,55.02,54.880001,54.939999,42.297108,456900
2017-10-10,55.279999,55.48,55.240002,55.419998,42.666656,501100
2017-10-11,55.540001,55.669998,55.48,55.669998,42.859131,407500
2017-10-12,55.610001,55.720001,55.549999,55.619999,42.820637,475400
2017-10-13,56,56.049999,55.939999,55.990002,43.105503,605600
2017-10-16,55.990002,56.029999,55.889999,55.93,43.059296,679400
2017-10-17,55.77,55.790001,55.650002,55.779999,42.943821,611000
2017-10-18,55.889999,55.939999,55.759998,55.919998,43.051609,567500
2017-10-19,55.540001,55.689999,55.5,55.689999,42.874516,428200
2017-10-20,55.740002,55.75,55.619999,55.66,42.851429,489200
2017-10-23,55.709999,55.709999,55.48,55.509998,42.735947,576600
2017-10-24,55.619999,55.709999,55.540001,55.610001,42.812927,707500
2017-10-25,55.689999,55.689999,55.169998,55.41,42.658966,592700
2017-10-26,55.540001,55.599998,55.32,55.330002,42.59737,1647400
2017-10-27,55.349998,55.57,55.200001,55.549999,42.76675,533700
2017-10-30,55.580002,55.599998,55.48,55.580002,42.789841,690500
2017-10-31,55.799999,55.869999,55.650002,55.84,42.990013,474200
2017-11-01,56.200001,56.290001,56.009998,56.02,43.128593,786000
2017-11-02,56.02,56.139999,55.939999,56.139999,43.220966,417800
2017-11-03,56.150002,56.150002,55.830002,56.029999,43.136284,550700
2017-11-06,55.98,56.23,55.950001,56.220001,43.282566,618900
2017-11-07,56.169998,56.18,55.860001,56.009998,43.120892,554200
2017-11-08,56.119999,56.25,56.049999,56.220001,43.282566,448800
2017-11-09,55.790001,55.91,55.560001,55.880001,43.020809,485200
2017-11-10,55.759998,55.790001,55.580002,55.73,42.905315,513800
2017-11-13,55.299999,55.5,55.209999,55.48,42.712845,527600
2017-11-14,55.490002,55.490002,55.279999,55.419998,42.666656,537800
2017-11-15,55,55.18,54.880001,55.110001,42.428005,590200
2017-11-16,55.630001,55.790001,55.540001,55.740002,42.913029,585100
2017-11-17,55.650002,55.740002,55.57,55.689999,42.874516,536100
2017-11-20,55.740002,55.84,55.709999,55.779999,42.943821,510800
2017-11-21,56.119999,56.299999,56.119999,56.23,43.290257,467700
2017-11-22,56.509998,56.529999,56.23,56.389999,43.413445,633200
2017-11-24,56.709999,56.75,56.630001,56.689999,43.644405,219800
2017-11-27,56.59,56.59,56.259998,56.27,43.321053,609400
2017-11-28,56.529999,56.639999,56.400002,56.610001,43.582825,1361700
2017-11-29,56.580002,56.580002,56.139999,56.220001,43.282566,480800
2017-11-30,56.299999,56.43,56.150002,56.189999,43.259464,575600
2017-12-01,56.049999,56.18,55.790001,56.099998,43.190174,829000
2017-12-04,56.34,56.34,55.900002,55.900002,43.036201,889100
2017-12-05,55.959999,56.09,55.799999,55.82,42.974617,525800
2017-12-06,55.509998,55.59,55.43,55.5,42.728256,632000
2017-12-07,55.459999,55.75,55.369999,55.639999,42.836033,456200
2017-12-08,55.950001,56,55.82,55.98,43.097782,412500
2017-12-11,56.040001,56.139999,56.009998,56.099998,43.190174,505700
2017-12-12,55.98,56.110001,55.91,56.080002,43.174778,604700
2017-12-13,56.23,56.52,56.23,56.389999,43.413445,822200
2017-12-14,56.380001,56.400002,56.119999,56.130001,43.21328,454300
2017-12-15,56.119999,56.18,55.959999,56.099998,43.190174,668300
2017-12-18,56.59,56.869999,56.59,56.740002,43.682899,803100
2017-12-19,56.75,56.759998,56.459999,56.57,43.552017,916000
2017-12-20,56.720001,56.720001,56.52,56.560001,43.544319,711200
2017-12-21,56.16,56.400002,56.110001,56.299999,43.761192,679600
2017-12-22,56.290001,56.470001,56.25,56.470001,43.89333,697800
2017-12-26,56.470001,56.540001,56.439999,56.5,43.916637,688200
2017-12-27,56.639999,56.68,56.540001,56.599998,43.99437,933300
2017-12-28,56.880001,56.919998,56.68,56.700001,44.072094,1208300
2017-12-29,57.009998,57.040001,56.790001,56.810001,44.1576,878100
2018-01-02,57.169998,57.380001,57.09,57.380001,44.600647,1937800
2018-01-03,57.529999,57.790001,57.509998,57.779999,44.911556,1391300
2018-01-04,58.169998,58.310001,58.130001,58.259998,45.284664,1298600
2018-01-05,58.470001,58.66,58.369999,58.650002,45.587814,1341200
2018-01-08,58.57,58.630001,58.5,58.619999,45.56448,1006800
2018-01-09,58.630001,58.68,58.450001,58.669998,45.603359,1511800
2018-01-10,58.59,58.59,58.380001,58.470001,45.447891,971300
2018-01-11,58.549999,58.84,58.540001,58.84,45.735497,854300
2018-01-12,59.02,59.41,58.970001,59.41,46.178543,1298300
2018-01-16,59.669998,59.700001,59.259998,59.349998,46.131905,2625800
2018-01-17,59.59,59.950001,59.419998,59.759998,46.450596,878200
2018-01-18,59.610001,59.740002,59.52,59.689999,46.396183,1324700
2018-01-19,59.98,60,59.779999,59.959999,46.606052,1005200
2018-01-22,60.029999,60.32,59.98,60.290001,46.86256,4122500
2018-01-23,60.369999,60.549999,60.299999,60.529999,47.049103,1106200
2018-01-24,60.880001,60.970001,60.52,60.790001,47.251202,1278400
2018-01-25,60.959999,60.990002,60.459999,60.57,47.080196,955900
2018-01-26,60.869999,61.169998,60.82,61.169998,47.54657,1060100
2018-01-29,60.68,60.68,60.459999,60.540001,47.056889,1579700
2018-01-30,60.240002,60.290001,59.919998,59.970001,46.613815,1802800
2018-01-31,60.349998,60.360001,59.900002,60.060001,46.683792,936400
2018-02-01,59.860001,60.16,59.849998,60.009998,46.644897,1018300
2018-02-02,59.450001,59.450001,58.619999,58.700001,45.626667,1756500
2018-02-05,58.130001,58.43,56.209999,56.34,43.792282,2067900
2018-02-06,56.09,57.799999,56.060001,57.700001,44.84938,2098000
2018-02-07,57.110001,57.41,56.650002,56.66,44.041016,1384400
2018-02-08,56.869999,56.889999,55.09,55.099998,42.828438,1492400
2018-02-09,55.639999,55.900002,54.200001,55.619999,43.232639,1611500
2018-02-12,56.07,56.59,55.82,56.400002,43.838905,1312100
2018-02-13,56.02,56.439999,56.02,56.400002,43.838905,933500
2018-02-14,56.029999,57.419998,56,57.41,44.623974,1096200
2018-02-15,57.84,57.939999,57.349998,57.919998,45.020393,911400
2018-02-16,57.869999,58.299999,57.799999,58,45.082561,957800
2018-02-20,57.490002,57.720001,57.240002,57.369999,44.59288,928500
2018-02-21,57.709999,58.119999,57.220001,57.23,44.484058,873600
2018-02-22,57.5,57.810001,57.349998,57.490002,44.686161,733400
2018-02-23,57.810001,58.150002,57.689999,58.119999,45.17585,533800
2018-02-26,58.310001,58.580002,58.049999,58.560001,45.517857,710300
2018-02-27,58.18,58.220001,57.560001,57.560001,44.740574,1043300
2018-02-28,57.650002,57.669998,56.91,56.91,44.235329,644000
2018-03-01,56.889999,56.990002,55.919998,56.32,43.776722,888600
2018-03-02,55.919998,56.490002,55.759998,56.48,43.901104,819600
2018-03-05,56.189999,56.759998,56.029999,56.709999,44.079872,656000
2018-03-06,57.290001,57.299999,56.950001,57.139999,44.414108,566900
2018-03-07,56.82,57.119999,56.630001,57.080002,44.367466,579700
2018-03-08,57.259998,57.299999,56.959999,57.200001,44.460739,490200
2018-03-09,57.43,57.75,57.299999,57.740002,44.880478,637700
2018-03-12,57.82,57.939999,57.669998,57.84,44.958202,662400
2018-03-13,57.82,57.939999,57.310001,57.43,44.639526,701700
2018-03-14,57.889999,57.919998,57.369999,57.580002,44.75613,485700
2018-03-15,57.610001,57.779999,57.380001,57.5,44.693924,552500
2018-03-16,57.41,57.560001,57.34,57.389999,44.608429,424600
2018-03-19,57.169998,57.189999,56.639999,56.889999,44.219788,703000
2018-03-20,57.040001,57.150002,56.91,57.07,44.359692,539700
2018-03-21,57,57.450001,56.939999,57.23,44.484058,594400
2018-03-22,56.529999,56.610001,55.990002,55.990002,43.520222,1096900
2018-03-23,56.130001,56.259998,55.32,55.349998,43.022762,1038600
2018-03-26,56.139999,56.34,55.580002,56.34,43.904911,679800
2018-03-27,56.549999,56.610001,55.59,55.73,43.429539,756100
2018-03-28,55.98,56.279999,55.68,55.919998,43.57761,838900
2018-03-29,56.299999,56.77,56.169998,56.549999,44.068569,753100
2018-04-02,56.25,56.490002,55.349998,55.669998,43.382786,1169600
2018-04-03,56.119999,56.240002,55.790001,56.189999,43.788013,768600
2018-04-04,55.27,56.299999,55.25,56.279999,43.85815,650100
2018-04-05,56.59,56.77,56.490002,56.650002,44.146492,488900
2018-04-06,56.450001,56.689999,55.880001,56.060001,43.686707,677800
2018-04-09,56.610001,56.860001,56.380001,56.48,44.014023,924600
2018-04-10,57.009998,57.23,56.889999,57.150002,44.536137,536500
2018-04-11,56.889999,57.209999,56.889999,56.98,44.403667,583700
2018-04-12,57.02,57.220001,56.959999,57.139999,44.528343,511000
2018-04-13,57.27,57.27,56.869999,57.049999,44.458206,971000
2018-04-16,57.189999,57.220001,57.02,57.16,44.543926,633800
2018-04-17,57.209999,57.509998,57.16,57.41,44.738758,737900
2018-04-18,57.599998,57.799999,57.580002,57.740002,44.995911,1000200
2018-04-19,57.740002,57.75,57.330002,57.490002,44.801094,631900
2018-04-20,57.23,57.27,57.009998,57.130001,44.520554,345300
2018-04-23,57.029999,57.099998,56.790001,56.959999,44.388069,573100
2018-04-24,57.16,57.200001,56.549999,56.720001,44.201042,775000
2018-04-25,56.48,56.599998,56.259998,56.540001,44.060776,539800
2018-04-26,56.82,57.029999,56.740002,56.950001,44.380287,610300
2018-04-27,57.060001,57.130001,56.860001,57.09,44.489376,321900
2018-04-30,57.080002,57.16,56.790001,56.810001,44.271187,399400
2018-05-01,56.720001,56.759998,56.279999,56.68,44.169872,558800
2018-05-02,56.84,56.959999,56.490002,56.529999,44.052979,498400
2018-05-03,56.560001,56.740002,56.119999,56.650002,44.146492,423200
2018-05-04,56.209999,56.91,56.18,56.82,44.27898,429200
2018-05-07,56.810001,56.91,56.66,56.73,44.208836,908400
2018-05-08,56.720001,56.880001,56.52,56.880001,44.325729,360400
2018-05-09,56.830002,57,56.759998,56.939999,44.372486,508800
2018-05-10,57.220001,57.549999,57.209999,57.529999,44.83226,514300
2018-05-11,57.700001,57.740002,57.540001,57.599998,44.886814,417200
2018-05-14,57.810001,57.869999,57.610001,57.66,44.933578,626600
2018-05-15,57.16,57.240002,56.869999,57.119999,44.512749,650500
2018-05-16,57.279999,57.43,57.200001,57.400002,44.730972,526100
2018-05-17,57.310001,57.400002,57.150002,57.27,44.629654,474800
2018-05-18,57.080002,57.119999,56.91,57.02,44.43483,481100
2018-05-21,57.389999,57.439999,57.27,57.400002,44.730972,514700
2018-05-22,57.490002,57.610001,57.330002,57.380001,44.715374,760900
2018-05-23,56.720001,56.91,56.560001,56.889999,44.333523,583800
2018-05-24,56.82,56.82,56.299999,56.689999,44.177666,506100
2018-05-25,56.459999,56.580002,56.34,56.48,44.014023,418500
2018-05-29,55.73,55.77,55.150002,55.369999,43.14901,938100
2018-05-30,55.75,56.09,55.560001,56.09,43.710098,824800
2018-05-31,56.02,56.02,55.610001,55.880001,43.546452,727000
2018-06-01,56.25,56.41,56.16,56.389999,43.943882,772300
2018-06-04,56.759998,56.860001,56.580002,56.599998,44.107536,1011400
2018-06-05,56.619999,56.630001,56.360001,56.48,44.014023,1181800
2018-06-06,56.790001,57.060001,56.66,57.060001,44.466,634900
2018-06-07,57.049999,57.049999,56.450001,56.610001,44.115314,560900
2018-06-08,56.549999,56.75,56.360001,56.689999,44.177666,494800
2018-06-11,56.84,57.02,56.779999,56.939999,44.372486,528500
2018-06-12,56.900002,56.91,56.59,56.700001,44.185459,476500
2018-06-13,56.860001,56.869999,56.41,56.66,44.154297,479000
2018-06-14,56.669998,56.709999,56.400002,56.450001,43.990643,573100
2018-06-15,56.119999,56.130001,55.82,56.07,43.694511,420800
2018-06-18,55.490002,55.630001,55.310001,55.630001,43.351624,586800
2018-06-19,54.889999,55.07,54.669998,55.049999,42.899639,1027800
2018-06-20,55.380001,55.41,55.099998,55.209999,43.024323,646500
2018-06-21,55.040001,55.040001,54.639999,54.700001,42.626892,817200
2018-06-22,54.790001,54.880001,54.549999,54.68,43.078316,560000
2018-06-25,54.34,54.34,53.73,53.93,42.487446,692500
2018-06-26,54.049999,54.130001,53.810001,54,42.542591,785600
2018-06-27,54.02,54.119999,53.32,53.330002,42.014748,1360500
2018-06-28,53.349998,53.619999,53.200001,53.599998,42.227459,932500
2018-06-29,54.040001,54.259998,54.040001,54.099998,42.621365,860800
2018-07-02,53.349998,53.540001,53.25,53.529999,42.172318,1415600
2018-07-03,53.880001,53.939999,53.619999,53.650002,42.266842,783400
2018-07-05,54.02,54.099998,53.810001,54,42.542591,637500
2018-07-06,54.060001,54.389999,53.950001,54.290001,42.771057,724400
2018-07-09,54.790001,54.889999,54.66,54.869999,43.228001,846800
2018-07-10,54.799999,54.889999,54.700001,54.869999,43.228001,811500
2018-07-11,54.279999,54.389999,53.810001,53.970001,42.518948,773100
2018-07-12,54.349998,54.48,54.200001,54.43,42.881351,557000
2018-07-13,54.450001,54.599998,54.349998,54.599998,43.015282,472500
2018-07-16,54.52,54.599998,54.380001,54.490002,42.928635,520700
2018-07-17,54.41,54.720001,54.349998,54.669998,43.070423,464300
2018-07-18,54.57,54.700001,54.43,54.66,43.062553,701900
2018-07-19,54.259998,54.52,54.16,54.380001,42.841965,636700
2018-07-20,54.560001,54.830002,54.540001,54.799999,43.172848,493200
2018-07-23,54.669998,54.700001,54.540001,54.619999,43.031036,406400
2018-07-24,55.139999,55.32,54.950001,55.029999,43.354046,508500
2018-07-25,55.139999,55.669998,55,55.599998,43.803104,823400
2018-07-26,55.360001,55.470001,55.27,55.310001,43.574638,645000
2018-07-27,55.529999,55.669998,55.290001,55.389999,43.637665,688800
2018-07-30,55.630001,55.650002,55.389999,55.419998,43.661304,538500
2018-07-31,55.57,55.630001,55.400002,55.48,43.70858,351400
2018-08-01,55.380001,55.419998,55.150002,55.23,43.511612,308700
2018-08-02,54.599998,54.860001,54.529999,54.810001,43.180729,398100
2018-08-03,54.759998,54.98,54.700001,54.939999,43.283146,446000
2018-08-06,54.610001,54.759998,54.509998,54.700001,43.094078,602700
2018-08-07,55.139999,55.209999,54.959999,55.009998,43.338295,556500
2018-08-08,54.959999,55.07,54.810001,55.02,43.346172,574500
2018-08-09,55.02,55.099998,54.810001,54.869999,43.228001,341800
2018-08-10,53.880001,53.950001,53.689999,53.830002,42.408657,844000
2018-08-13,53.66,53.73,53.310001,53.419998,42.085663,1082700
2018-08-14,53.5,53.57,53.349998,53.52,42.164429,699800
2018-08-15,52.75,52.75,52.25,52.650002,41.479023,1135100
2018-08-16,52.93,53.169998,52.919998,52.959999,41.723251,672700
2018-08-17,52.84,53.400002,52.799999,53.310001,41.998989,507600
2018-08-20,53.48,53.59,53.419998,53.549999,42.188065,755300
2018-08-21,53.860001,54.080002,53.799999,53.939999,42.495316,527100
2018-08-22,54.16,54.290001,54.080002,54.220001,42.715916,579400
2018-08-23,53.919998,54.049999,53.68,53.709999,42.314121,523000
2018-08-24,54.07,54.27,54.029999,54.209999,42.708031,592200
2018-08-27,54.610001,54.970001,54.560001,54.919998,43.267387,735000
2018-08-28,55.119999,55.119999,54.779999,54.82,43.188614,638900
2018-08-29,54.779999,55.099998,54.720001,55.07,43.385559,542300
2018-08-30,54.549999,54.580002,54.23,54.380001,42.841965,659000
2018-08-31,54.18,54.389999,53.900002,54.150002,42.66077,628000
2018-09-04,53.5,53.509998,53.299999,53.5,42.148678,642700
2018-09-05,53.169998,53.169998,52.830002,53.009998,41.762634,1119200
2018-09-06,52.990002,53.099998,52.650002,52.900002,41.675976,1136900
2018-09-07,52.48,52.73,52.330002,52.52,41.376598,890100
2018-09-10,52.779999,52.779999,52.540001,52.580002,41.423882,856700
2018-09-11,52.290001,52.66,52.200001,52.66,41.486904,1195700
2018-09-12,52.700001,53,52.560001,52.860001,41.644459,980700
2018-09-13,53.450001,53.490002,53.150002,53.330002,42.014748,699400
2018-09-14,53.400002,53.490002,53.16,53.32,42.006863,892900
2018-09-17,53.439999,53.57,53.240002,53.279999,41.975361,1022200
2018-09-18,53.580002,53.91,53.580002,53.82,42.40078,1233500
2018-09-19,53.970001,54.189999,53.959999,54.130001,42.645008,477000
2018-09-20,54.57,54.73,54.43,54.689999,43.086185,719300
2018-09-21,54.689999,54.799999,54.599998,54.720001,43.109825,615300
2018-09-24,54.619999,54.689999,54.380001,54.380001,42.841965,430600
2018-09-25,54.799999,54.810001,54.630001,54.689999,43.086185,565200
2018-09-26,54.400002,54.830002,54.400002,54.450001,43.108353,698800
2018-09-27,54.349998,54.599998,54.34,54.389999,43.060856,403600
2018-09-28,53.950001,54.220001,53.889999,54,42.752087,808900
2018-10-01,54.240002,54.299999,54.049999,54.09,42.823349,755200
2018-10-02,53.66,53.84,53.560001,53.759998,42.562077,963200
2018-10-03,53.900002,53.91,53.509998,53.560001,42.40374,542400
2018-10-04,53.259998,53.259998,52.59,52.82,41.817871,724200
2018-10-05,52.759998,52.799999,52.279999,52.540001,41.596199,879600
2018-10-08,52.130001,52.349998,51.900002,52.34,41.437851,754000
2018-10-09,51.849998,52.25,51.720001,52.16,41.295353,821300
2018-10-10,51.970001,52,50.830002,50.900002,40.29781,1718400
2018-10-11,50.689999,50.98,49.900002,50.220001,39.759438,3341900
2018-10-12,50.869999,50.889999,50.18,50.689999,40.131546,1052200
2018-10-15,50.52,50.73,50.330002,50.48,39.96529,1116000
2018-10-16,51.119999,51.490002,51.049999,51.450001,40.733238,1274200
2018-10-17,51.18,51.220001,50.799999,51.02,40.392803,702900
2018-10-18,50.799999,50.849998,50,50.169998,39.71986,897100
2018-10-19,50.459999,50.77,50.380001,50.459999,39.949451,746200
2018-10-22,50.610001,50.689999,50.240002,50.380001,39.88612,1199400
2018-10-23,49.5,50.02,49.139999,49.849998,39.466499,1777300
2018-10-24,49.560001,49.619999,48.43,48.459999,38.366043,1732600
2018-10-25,48.849998,49.310001,48.689999,49.080002,38.856903,1182700
2018-10-26,48.32,48.959999,48,48.669998,38.532299,1598300
2018-10-29,49.189999,49.220001,47.93,48.389999,38.310619,1265600
2018-10-30,48.450001,48.98,48.389999,48.970001,38.76981,1199000
2018-10-31,49.349998,49.57,49.279999,49.380001,39.094418,1041400
2018-11-01,49.900002,50.34,49.720001,50.279999,39.80695,1610600
2018-11-02,50.84,50.959999,50.18,50.560001,40.028625,1663000
2018-11-05,50.52,50.66,50.360001,50.57,40.036537,783300
2018-11-06,50.470001,50.73,50.470001,50.68,40.123627,1034800
2018-11-07,51.099998,51.360001,50.970001,51.360001,40.661987,1419400
2018-11-08,51.139999,51.240002,50.599998,50.779999,40.202793,644700
2018-11-09,50.259998,50.369999,49.970001,50.25,39.783188,901500
2018-11-12,50,50,49.41,49.450001,39.149837,1292700
2018-11-13,49.700001,50.099998,49.509998,49.709999,39.355671,616000
2018-11-14,50.060001,50.169998,49.529999,49.860001,39.474422,615000
2018-11-15,49.57,50.330002,49.48,50.220001,39.759438,1267500
2018-11-16,49.830002,50.32,49.77,50.220001,39.759438,819700
2018-11-19,50.130001,50.16,49.639999,49.790001,39.419003,841500
2018-11-20,49.07,49.23,48.689999,48.779999,38.619389,1156300
2018-11-21,49.41,49.790001,49.41,49.529999,39.213158,904500
2018-11-23,49.139999,49.369999,49.139999,49.220001,38.967743,544000
2018-11-26,49.779999,49.959999,49.68,49.869999,39.482334,1481800
2018-11-27,49.610001,49.759998,49.419998,49.75,39.387341,901000
2018-11-28,49.84,50.610001,49.630001,50.610001,40.068211,1553900
2018-11-29,50.299999,50.57,50.189999,50.360001,39.870289,863600
2018-11-30,50.029999,50.220001,49.98,50.209999,39.751541,720400
2018-12-03,50.990002,51.099998,50.75,50.93,40.32156,1584000
2018-12-04,50.73,50.779999,49.630001,49.689999,39.339836,874000
2018-12-06,48.77,49.279999,48.290001,49.279999,39.015236,2397300
2018-12-07,49.290001,49.5,48.52,48.639999,38.508556,1333000
2018-12-10,48.349998,48.43,47.689999,48.220001,38.176029,2412700
2018-12-11,48.689999,48.740002,48.07,48.380001,38.302704,1693000
2018-12-12,49.09,49.43,49.09,49.139999,38.9044,2313900
2018-12-13,49.130001,49.32,48.990002,49.07,38.848991,1736600
2018-12-14,48.459999,48.66,48.369999,48.389999,38.310619,1853000
2018-12-17,48.34,48.439999,47.759998,47.98,37.986019,2370200
2018-12-18,48.16,48.34,47.91,48.040001,38.033527,2402100
2018-12-19,48.220001,48.57,47.279999,47.490002,37.598091,2448400
2018-12-20,47.639999,47.790001,47.18,47.43,37.550587,4041900
2018-12-21,47.189999,47.439999,46.59,46.700001,36.972641,3760000
2018-12-24,46.040001,46.32,45.700001,45.720001,36.58535,3747000
2018-12-26,45.919998,46.84,45.59,46.84,37.481571,4487700
2018-12-27,46.080002,46.849998,45.950001,46.849998,37.489578,6617400
2018-12-28,47.220001,47.32,46.950001,47.110001,37.697628,4606800
2018-12-31,47.470001,47.490002,46.98,47.220001,37.78566,5747600
2019-01-02,46.599998,47.139999,46.52,47.130001,37.713627,1346800
2019-01-03,46.950001,46.950001,46.490002,46.599998,37.289532,1104200
2019-01-04,47.360001,48.209999,47.32,48.119999,38.505833,980000
2019-01-07,48.09,48.459999,47.970001,48.27,38.625862,1042600
2019-01-08,48.66,48.700001,48.380001,48.619999,38.905933,1177200
2019-01-09,49.02,49.380001,48.970001,49.27,39.426075,970200
2019-01-10,48.959999,49.439999,48.959999,49.43,39.554092,1465300
2019-01-11,49.080002,49.23,48.959999,49.110001,39.298027,1029900
2019-01-14,48.759998,49.040001,48.700001,48.900002,39.130001,1063500
2019-01-15,49.060001,49.290001,48.950001,49.209999,39.378059,1519200
2019-01-16,49.310001,49.509998,49.279999,49.41,39.538094,1050300
2019-01-17,49.150002,49.75,49.099998,49.630001,39.714146,633100
2019-01-18,49.98,50.119999,49.869999,50.029999,40.034225,758600
2019-01-22,49.529999,49.560001,49.130001,49.27,39.426075,1519000
2019-01-23,49.66,49.709999,49.290001,49.57,39.666126,940700
2019-01-24,49.610001,49.82,49.540001,49.75,39.810177,645300
2019-01-25,50.18,50.389999,50.169998,50.299999,40.250282,660900
2019-01-28,49.84,50.029999,49.759998,50.029999,40.034225,837800
2019-01-29,50.240002,50.330002,50.09,50.130001,40.114246,904900
2019-01-30,50.380001,50.91,50.200001,50.73,40.59436,760500
2019-01-31,50.700001,50.93,50.630001,50.84,40.682392,1137800
2019-02-01,50.84,50.889999,50.639999,50.759998,40.61837,1289700
2019-02-04,50.68,50.93,50.59,50.93,40.75441,1000500
2019-02-05,51.209999,51.380001,51.169998,51.380001,41.114502,1841800
2019-02-06,51.240002,51.259998,50.919998,51.02,40.826424,1366600
2019-02-07,50.59,50.68,50.16,50.349998,40.290287,1506100
2019-02-08,50.060001,50.16,49.810001,50.16,40.138248,786400
2019-02-11,50.209999,50.220001,49.98,50.060001,40.058228,1109000
2019-02-12,50.540001,50.650002,50.470001,50.59,40.482334,1564000
2019-02-13,50.740002,50.810001,50.5,50.52,40.426319,1303700
2019-02-14,50.450001,50.720001,50.330002,50.540001,40.442329,704500
2019-02-15,50.900002,51.060001,50.799999,51.049999,40.85043,841100
2019-02-19,50.970001,51.41,50.93,51.32,41.066494,1776200
2019-02-20,51.439999,51.75,51.439999,51.560001,41.258537,1552600
2019-02-21,51.48,51.509998,51.279999,51.400002,41.130505,912400
2019-02-22,51.68,51.810001,51.599998,51.720001,41.386566,919900
2019-02-25,52.009998,52.130001,51.91,51.950001,41.570621,660500
2019-02-26,51.950001,52.23,51.91,52.130001,41.714657,701500
2019-02-27,52,52.02,51.759998,51.880001,41.514595,602500
2019-02-28,51.790001,51.799999,51.610001,51.669998,41.346554,1276500
2019-03-01,51.919998,52,51.689999,51.810001,41.458588,996900
2019-03-04,51.990002,51.990002,51.470001,51.75,41.410583,668400
2019-03-05,51.799999,51.970001,51.700001,51.849998,41.490597,719900
2019-03-06,51.939999,51.939999,51.66,51.68,41.354565,462800
2019-03-07,51.509998,51.509998,50.939999,50.990002,40.802418,887300
2019-03-08,50.599998,50.880001,50.57,50.880001,40.714409,1015000
2019-03-11,51.060001,51.48,51.009998,51.48,41.194523,678300
2019-03-12,51.490002,51.580002,51.450001,51.560001,41.258537,644100
2019-03-13,51.66,51.900002,51.650002,51.880001,41.514595,913300
2019-03-14,51.779999,51.84,51.68,51.799999,41.450592,947200
2019-03-15,52.130001,52.349998,52.060001,52.330002,41.874695,1015800
2019-03-18,52.450001,52.630001,52.41,52.630001,42.114754,1273800
2019-03-19,52.860001,52.900002,52.580002,52.68,42.154762,1199200
2019-03-20,52.52,52.98,52.27,52.689999,42.162762,803400
2019-03-21,52.41,52.700001,52.380001,52.700001,42.170776,845200
2019-03-22,52.110001,52.16,51.57,51.57,41.266537,1017100
2019-03-25,51.310001,51.549999,51.240002,51.450001,41.303474,960400
2019-03-26,51.849998,51.880001,51.580002,51.75,41.544312,632200
2019-03-27,51.810001,51.849998,51.349998,51.59,41.415863,1044000
2019-03-28,51.610001,51.639999,51.400002,51.619999,41.439949,957900
2019-03-29,51.970001,51.970001,51.68,51.900002,41.664719,3550500
2019-04-01,52.360001,52.599998,52.349998,52.57,42.202587,1396400
2019-04-02,52.599998,52.630001,52.389999,52.619999,42.242725,1696400
2019-04-03,52.93,53.150002,52.860001,52.950001,42.507645,1642000
2019-04-04,52.849998,53,52.810001,53,42.547794,1092600
2019-04-05,52.990002,53.150002,52.939999,53.139999,42.660172,1435800
2019-04-08,53.099998,53.169998,52.959999,53.130001,42.652149,1038600
2019-04-09,53.049999,53.049999,52.880001,52.959999,42.515667,903500
2019-04-10,53.060001,53.18,52.959999,53.119999,42.644131,633000
2019-04-11,53.060001,53.060001,52.849998,52.939999,42.499622,603500
2019-04-12,53.290001,53.360001,53.23,53.34,42.820747,943000
2019-04-15,53.380001,53.380001,53.18,53.290001,42.780602,1518400
2019-04-16,53.529999,53.540001,53.439999,53.490002,42.941154,967200
2019-04-17,53.73,53.73,53.459999,53.549999,42.98933,865700
2019-04-18,53.529999,53.580002,53.360001,53.509998,42.957199,695500
2019-04-22,53.369999,53.43,53.310001,53.41,42.87693,763300
2019-04-23,53.34,53.540001,53.290001,53.540001,42.981297,1096500
2019-04-24,53.200001,53.240002,52.919998,53.029999,42.57188,1056700
2019-04-25,52.860001,52.970001,52.740002,52.939999,42.499622,942000
2019-04-26,53.09,53.220001,53.009998,53.220001,42.7244,710400
2019-04-29,53.23,53.360001,53.18,53.349998,42.828766,1228500
2019-04-30,53.279999,53.389999,53.09,53.34,42.820747,1284500
2019-05-01,53.450001,53.580002,52.990002,53.060001,42.595963,1092600
2019-05-02,53.139999,53.150002,52.82,52.98,42.531734,938200
2019-05-03,53.209999,53.529999,53.200001,53.52,42.965237,750500
2019-05-06,52.299999,52.900002,52.259998,52.869999,42.44342,1169100
2019-05-07,52.400002,52.400002,51.77,51.970001,41.720917,1761900
2019-05-08,51.98,52.209999,51.880001,52.02,41.761055,1353200
2019-05-09,51.330002,51.689999,51.080002,51.599998,41.423882,1199700
2019-05-10,51.689999,52.02,51.259998,51.98,41.728951,1293800
2019-05-13,50.900002,50.950001,50.529999,50.68,40.685326,1761000
2019-05-14,51.09,51.32,50.990002,51.189999,41.094734,1184000
2019-05-15,50.849998,51.400002,50.779999,51.349998,41.22319,1005900
2019-05-16,51.48,51.810001,51.459999,51.59,41.415863,817600
2019-05-17,51.119999,51.400002,51.080002,51.16,41.070663,833000
2019-05-20,50.939999,51.119999,50.799999,50.959999,40.910099,1290000
2019-05-21,51.200001,51.32,51.07,51.299999,41.183056,991200
2019-05-22,51.119999,51.220001,51.060001,51.130001,41.046577,892500
2019-05-23,50.529999,50.669998,50.389999,50.610001,40.629131,1283000
2019-05-24,51.07,51.07,50.84,51.02,40.958263,936900
2019-05-28,51.099998,51.16,50.669998,50.700001,40.701382,1108300
2019-05-29,50.459999,50.540001,50.27,50.529999,40.564899,1339300
2019-05-30,50.59,50.759998,50.57,50.709999,40.7094,830600
2019-05-31,50.209999,50.490002,50.130001,50.450001,40.500683,1010400
2019-06-03,50.73,50.889999,50.580002,50.759998,40.749542,1973000
2019-06-04,50.970001,51.259998,50.860001,51.259998,41.15094,1162400
2019-06-05,51.419998,51.450001,51.040001,51.139999,41.054596,1261500
2019-06-06,51.279999,51.380001,51.110001,51.259998,41.15094,951300
2019-06-07,51.75,52.040001,51.669998,51.849998,41.624584,1040600
2019-06-10,52.099998,52.23,51.990002,52.060001,41.793163,1073000
2019-06-11,52.560001,52.599998,52.32,52.400002,42.066124,1066500
2019-06-12,52.119999,52.189999,51.919998,51.939999,41.696831,1054400
2019-06-13,52.130001,52.139999,51.919998,52,41.745007,1081600
2019-06-14,51.75,51.75,51.560001,51.580002,41.407829,1033000
2019-06-17,51.66,51.77,51.599998,51.630001,41.447968,845100
2019-06-18,52.099998,52.5,52.099998,52.450001,42.106262,1401200
2019-06-19,52.59,52.91,52.509998,52.799999,42.387226,1052500
2019-06-20,53.470001,53.509998,53.150002,53.360001,42.836796,1673700
2019-06-21,52.459999,52.650002,52.459999,52.540001,42.667072,1959900
2019-06-24,52.580002,52.68,52.549999,52.59,42.70768,1137200
2019-06-25,52.599998,52.599998,52.189999,52.220001,42.407204,1890300
2019-06-26,52.450001,52.52,52.360001,52.380001,42.537128,2071300
2019-06-27,52.560001,52.59,52.459999,52.549999,42.675182,1533700
2019-06-28,52.75,52.799999,52.66,52.75,42.837612,1726900
2019-07-01,53.349998,53.360001,52.939999,53.060001,43.089352,1954100
2019-07-02,53.200001,53.25,53.119999,53.25,43.243649,1575000
2019-07-03,53.360001,53.450001,53.310001,53.439999,43.397953,893900
2019-07-05,53.049999,53.099998,52.759998,53.09,43.113712,1183100
2019-07-08,52.779999,52.830002,52.709999,52.759998,42.845726,1267200
2019-07-09,52.419998,52.59,52.389999,52.560001,42.683311,1940300
2019-07-10,52.860001,52.98,52.720001,52.799999,42.878201,1153300
2019-07-11,52.959999,52.98,52.700001,52.830002,42.90258,1087500
2019-07-12,52.869999,52.880001,52.73,52.869999,42.935059,1081900
2019-07-15,52.959999,53,52.889999,52.959999,43.008144,1351800
2019-07-16,52.91,52.970001,52.73,52.790001,42.870106,1856200
2019-07-17,52.860001,52.860001,52.66,52.689999,42.788883,1199900
2019-07-18,52.540001,52.860001,52.450001,52.860001,42.926929,1291900
2019-07-19,52.900002,52.91,52.68,52.689999,42.788883,1441200
2019-07-22,52.799999,52.799999,52.669998,52.77,42.853848,858500
2019-07-23,52.970001,53.009998,52.869999,53,43.040627,1131000
2019-07-24,52.880001,53,52.849998,53,43.040627,1253400
2019-07-25,52.919998,52.919998,52.439999,52.509998,42.6427,1501100
2019-07-26,52.68,52.720001,52.59,52.650002,42.756397,1769600
2019-07-29,52.75,52.75,52.560001,52.669998,42.772636,1040200
2019-07-30,52.16,52.169998,52,52.099998,42.30975,1903000
2019-07-31,52.150002,52.200001,51.310001,51.700001,41.984917,2283600
2019-08-01,51.759998,52.169998,51.200001,51.32,41.676323,2719400
2019-08-02,51.18,51.209999,50.740002,50.939999,41.367729,2370800
2019-08-05,50.040001,50.040001,49.299999,49.549999,40.238911,2919900
2019-08-06,50.07,50.119999,49.630001,49.970001,40.580002,2822100
2019-08-07,49.66,50.220001,49.509998,50.189999,40.758671,2579000
2019-08-08,50.43,50.790001,50.34,50.77,41.229675,1495800
2019-08-09,50.52,50.580002,50.209999,50.380001,40.912964,1917100
2019-08-12,50.080002,50.169998,49.810001,49.889999,40.51503,1574200
2019-08-13,49.73,50.540001,49.68,50.439999,40.961678,1733700
2019-08-14,49.439999,49.5,49,49.02,39.808514,2495900
2019-08-15,49.27,49.299999,48.970001,49.200001,39.954693,1961200
2019-08-16,49.549999,49.860001,49.52,49.82,40.458195,1732100
2019-08-19,50.23,50.259998,50.029999,50.060001,40.653095,1686800
2019-08-20,50.040001,50.119999,49.880001,49.959999,40.57188,1303800
2019-08-21,50.490002,50.490002,50.299999,50.34,40.880474,1739000
2019-08-22,50.32,50.32,49.950001,50.150002,40.726177,1359800
2019-08-23,49.970001,50.349998,49.459999,49.470001,40.173954,2127600
2019-08-26,49.970001,49.970001,49.709999,49.849998,40.482555,2226200
2019-08-27,50.049999,50.139999,49.799999,49.799999,40.44194,2403800
2019-08-28,49.689999,49.990002,49.59,49.900002,40.523155,1422200
2019-08-29,50.290001,50.380001,50.110001,50.310001,40.856102,1460200
2019-08-30,50.66,50.689999,50.34,50.580002,41.075375,2049700
2019-09-03,50.240002,50.380001,50.16,50.380001,40.912964,1268400
2019-09-04,50.93,51.139999,50.900002,51.139999,41.53014,1201200
2019-09-05,51.509998,51.68,51.490002,51.529999,41.846855,1294200
2019-09-06,51.68,51.759998,51.599998,51.689999,41.976795,1177500
2019-09-09,51.799999,51.830002,51.669998,51.75,42.025517,1318200
2019-09-10,51.700001,51.91,51.57,51.84,42.09861,1415300
2019-09-11,51.990002,52.16,51.950001,52.130001,42.33411,1355900
2019-09-12,52.25,52.529999,52.150002,52.43,42.57774,1468500
2019-09-13,52.689999,52.869999,52.66,52.73,42.821362,1447900
2019-09-16,52.41,52.470001,52.290001,52.310001,42.480289,1277700
2019-09-17,52.130001,52.509998,52.110001,52.470001,42.610218,1168600
2019-09-18,52.380001,52.450001,52.040001,52.369999,42.529011,1458200
2019-09-19,52.599998,52.68,52.439999,52.450001,42.59399,1234400
2019-09-20,52.619999,52.66,52.310001,52.400002,42.553391,1406300
2019-09-23,52.18,52.360001,52.110001,52.34,42.504639,822900
2019-09-24,52.139999,52.139999,51.73,51.759998,42.275959,1970900
2019-09-25,51.52,51.759998,51.34,51.720001,42.243279,1698600
2019-09-26,51.869999,51.880001,51.68,51.77,42.284134,2111100
2019-09-27,51.790001,51.869999,51.360001,51.459999,42.030914,2244800
2019-09-30,51.580002,51.740002,51.540001,51.66,42.194275,1563100
2019-10-01,51.57,51.57,51.139999,51.189999,41.81039,2402500
2019-10-02,50.700001,50.700001,50.209999,50.389999,41.156975,1946600
2019-10-03,50.41,50.779999,50.240002,50.779999,41.475525,1838700
2019-10-04,50.799999,51.150002,50.73,51.119999,41.753239,1045500
2019-10-07,51.02,51.209999,50.950001,50.950001,41.614372,1164400
2019-10-08,50.689999,50.779999,50.490002,50.52,41.263157,1762600
2019-10-09,50.869999,51,50.779999,50.919998,41.589863,1151900
2019-10-10,50.970001,51.349998,50.91,51.299999,41.900238,1809400
2019-10-11,52,52.389999,52,52.119999,42.569984,1815000
2019-10-14,51.91,52.02,51.830002,51.91,42.398479,913100
2019-10-15,52.09,52.619999,52.080002,52.450001,42.839531,1364400
2019-10-16,52.43,52.619999,52.349998,52.560001,42.929382,1465200
2019-10-17,52.830002,52.849998,52.57,52.700001,43.04372,1373100
2019-10-18,52.650002,52.700001,52.43,52.599998,42.962055,892100
2019-10-21,52.950001,52.959999,52.860001,52.919998,43.223415,978100
2019-10-22,53,53.119999,52.84,52.869999,43.182568,1532300
2019-10-23,52.900002,53.07,52.849998,53.060001,43.337761,1543200
2019-10-24,53.27,53.27,53.049999,53.150002,43.411263,1139700
2019-10-25,53.02,53.279999,53.02,53.259998,43.50111,1094700
2019-10-28,53.369999,53.540001,53.369999,53.490002,43.688961,1720400
2019-10-29,53.220001,53.43,53.209999,53.400002,43.615456,1002200
2019-10-30,53.349998,53.599998,53.099998,53.599998,43.778812,1648500
2019-10-31,53.48,53.48,53.189999,53.43,43.639961,1273600
2019-11-01,53.790001,53.950001,53.75,53.950001,44.064682,1499200
2019-11-04,54.349998,54.41,54.209999,54.259998,44.317879,1988100
2019-11-05,54.369999,54.389999,54.189999,54.349998,44.391384,1534300
2019-11-06,54.32,54.369999,54.16,54.259998,44.317879,1662700
2019-11-07,54.580002,54.610001,54.450001,54.470001,44.489391,1718600
2019-11-08,54.25,54.34,54.09,54.34,44.383224,1470600
2019-11-11,53.98,54.189999,53.84,54.16,44.236202,1332900
2019-11-12,54.169998,54.259998,54.049999,54.099998,44.187191,1051600
2019-11-13,53.740002,53.950001,53.650002,53.900002,44.023846,1355200
2019-11-14,53.740002,53.860001,53.66,53.84,43.974827,1034200
2019-11-15,54.02,54.220001,54.02,54.200001,44.268875,1378600
2019-11-18,54.110001,54.290001,54.060001,54.23,44.293369,1336500
2019-11-19,54.43,54.450001,54.139999,54.189999,44.2607,1774700
2019-11-20,54,54.080002,53.73,53.91,44.032009,1647300
2019-11-21,53.889999,53.889999,53.669998,53.810001,43.950325,987500
2019-11-22,53.970001,54.02,53.799999,53.919998,44.040165,1366200
2019-11-25,54.169998,54.330002,54.040001,54.32,44.366898,1279300
2019-11-26,54.25,54.349998,54.150002,54.32,44.366898,1476900
2019-11-27,54.360001,54.450001,54.299999,54.439999,44.46489,1184300
2019-11-29,54.029999,54.07,53.939999,53.959999,44.072838,826200
2019-12-02,54,54,53.580002,53.740002,43.893154,1787500
2019-12-03,53.310001,53.57,53.139999,53.560001,43.746143,1491400
2019-12-04,53.869999,54.029999,53.84,54.02,44.121845,1231700
2019-12-05,54.09,54.099998,53.93,54.02,44.121845,1730700
2019-12-06,54.419998,54.490002,54.380001,54.48,44.497562,1300800
2019-12-09,54.380001,54.459999,54.200001,54.200001,44.268875,1182900
2019-12-10,54.240002,54.380001,54.119999,54.299999,44.350544,1159900
2019-12-11,54.349998,54.700001,54.349998,54.66,44.644588,1460100
2019-12-12,54.700001,55.209999,54.669998,55.200001,45.085648,2757300
2019-12-13,55.43,55.75,55.279999,55.43,45.273495,1998200
2019-12-16,55.950001,56.040001,55.91,55.959999,45.706383,1487800
2019-12-17,55.900002,55.970001,55.82,55.889999,45.649216,1417900
2019-12-18,55.900002,55.93,55.82,55.93,45.681885,1468400
2019-12-19,55.799999,55.900002,55.720001,55.900002,45.657387,1511600
2019-12-20,56.029999,56.029999,55.91,55.919998,45.67371,1858100
2019-12-23,55.360001,55.41,55.310001,55.380001,45.746399,1507300
2019-12-24,55.389999,55.400002,55.299999,55.389999,45.754665,857800
2019-12-26,55.5,55.669998,55.389999,55.630001,45.952923,1332800
2019-12-27,55.900002,55.919998,55.720001,55.900002,46.175953,3130600
2019-12-30,55.919998,55.919998,55.419998,55.470001,45.820755,1697700
2019-12-31,55.509998,55.689999,55.380001,55.689999,46.00248,1510400
2020-01-02,56.169998,56.34,56.080002,56.310001,46.514637,2017900
2020-01-03,55.59,55.900002,55.560001,55.619999,45.944668,2140200
2020-01-06,55.419998,55.73,55.400002,55.700001,46.010746,2119900
2020-01-07,55.740002,55.740002,55.560001,55.599998,45.928131,1987300
2020-01-08,55.59,55.939999,55.540001,55.700001,46.010746,1824400
2020-01-09,55.959999,55.970001,55.82,55.950001,46.217247,1700600
2020-01-10,56.049999,56.099998,55.82,55.880001,46.159435,1988600
2020-01-13,56.040001,56.32,55.900002,56.299999,46.506363,2140900
2020-01-14,56.169998,56.34,56.110001,56.310001,46.514637,1692400
2020-01-15,56.220001,56.27,56.099998,56.16,46.390724,1629300
2020-01-16,56.389999,56.48,56.310001,56.459999,46.638531,1510000
2020-01-17,56.610001,56.66,56.48,56.639999,46.787224,1606300
2020-01-21,56.209999,56.299999,56,56.02,46.275078,1962800
2020-01-22,56.310001,56.369999,56.150002,56.220001,46.440285,1963500
2020-01-23,55.880001,56.060001,55.580002,56,46.258553,2172000
2020-01-24,56.16,56.16,55.540001,55.68,45.994217,2002400
2020-01-27,54.41,54.68,54.279999,54.459999,44.986443,2511800
2020-01-28,54.630001,54.919998,54.5,54.869999,45.325123,1838900
2020-01-29,55.02,55.080002,54.810001,54.900002,45.349911,1780500
2020-01-30,54.290001,54.700001,54.110001,54.700001,45.184704,2478200
2020-01-31,54.080002,54.099998,53.509998,53.799999,44.441257,4732600
2020-02-03,53.91,54.169998,53.849998,53.900002,44.523861,1828500
2020-02-04,54.860001,55.02,54.810001,54.849998,45.308601,1460600
2020-02-05,55.470001,55.52,55.209999,55.349998,45.721626,1922400
2020-02-06,55.549999,55.59,55.419998,55.48,45.829014,4498200
2020-02-07,55.099998,55.099998,54.860001,54.93,45.37468,1609400
2020-02-10,54.84,55.07,54.799999,55.040001,45.465557,1556600
2020-02-11,55.450001,55.650002,55.41,55.439999,45.795971,1186700
2020-02-12,55.790001,55.880001,55.700001,55.84,46.126385,1507300
2020-02-13,55.380001,55.580002,55.27,55.41,45.771187,1608300
2020-02-14,55.470001,55.529999,55.240002,55.380001,45.746399,1639400
2020-02-18,55.060001,55.16,54.939999,55.040001,45.465557,1499800
2020-02-19,55.290001,55.349998,55.23,55.299999,45.680328,1706100
2020-02-20,55.07,55.139999,54.59,54.849998,45.308601,1916400
2020-02-21,54.66,54.740002,54.470001,54.560001,45.069054,1695200
2020-02-24,52.5,52.889999,52.380001,52.540001,43.400433,3471800
2020-02-25,52.849998,52.93,51.720001,51.82,42.805679,4266200
2020-02-26,52.169998,52.549999,51.830002,51.919998,42.88829,3255500
2020-02-27,51.09,51.560001,50.400002,50.439999,41.665733,5494400
2020-02-28,49.169998,50.25,48.720001,50.25,41.508789,5403700
2020-03-02,50.080002,50.82,49.619999,50.799999,41.963116,5425800
2020-03-03,51.130001,51.700001,50.049999,50.34,41.583138,5431500
2020-03-04,51.25,51.709999,50.869999,51.639999,42.656998,3322500
2020-03-05,50.639999,51,50.169998,50.400002,41.632694,3970700
2020-03-06,49.52,49.830002,49.139999,49.650002,41.013172,3260400
2020-03-09,46.27,46.959999,45.580002,45.73,37.775063,8120800
2020-03-10,47.580002,47.639999,46.119999,47.5,39.237171,7173600
2020-03-11,46.279999,46.310001,44.830002,45.139999,37.287701,7803400
2020-03-12,41.709999,41.84,39.759998,40.290001,33.281387,9682300
2020-03-13,42.93,43.439999,40.41,42.849998,35.396046,8484000
2020-03-16,37.110001,39.720001,37.110001,38.080002,31.455816,8910600
2020-03-17,38.849998,40.169998,38.169998,40.049999,33.083126,11432500
2020-03-18,37.41,38.48,36.419998,37.330002,30.836279,13978700
2020-03-19,37.209999,38.560001,36.799999,37.75,31.183231,10683300
2020-03-20,38.939999,39.380001,37.5,37.619999,31.075832,9916600
2020-03-23,38.009998,38.009998,36.5,36.75,30.442955,9151500
2020-03-24,39.310001,40.029999,39.040001,39.830002,32.99437,5964800
2020-03-25,40.290001,41.849998,39.860001,41.27,34.187225,12953900
2020-03-26,41.599998,43,41.470001,42.889999,35.529205,6767100
2020-03-27,41.279999,42.099998,40.919998,41.41,34.303196,8114100
2020-03-30,41.52,42.220001,41.279999,42.18,34.941051,10889600
2020-03-31,41.830002,42.509998,41.650002,41.959999,34.758812,5477300
2020-04-01,40.869999,41.189999,40.279999,40.360001,33.433407,6280100
2020-04-02,40.599998,41.439999,40.450001,41.290001,34.203796,5654400
2020-04-03,40.740002,40.939999,40.139999,40.43,33.491402,6270600
2020-04-06,41.73,42.619999,41.700001,42.5,35.206142,6236900
2020-04-07,43.959999,44,42.689999,42.790001,35.446369,8350800
2020-04-08,42.98,43.34,42.580002,43.209999,35.794285,4365900
2020-04-09,43.799999,44.240002,43.59,43.900002,36.365871,6771300
2020-04-13,43.849998,43.900002,43.240002,43.740002,36.233334,4756300
2020-04-14,44.450001,44.790001,44.330002,44.509998,36.871178,4306300
2020-04-15,43.259998,43.529999,43.07,43.259998,35.835701,4920100
2020-04-16,43.380001,43.5,42.91,43.27,35.84399,5612800
2020-04-17,44.299999,44.43,43.919998,44.400002,36.78006,6476800
2020-04-20,43.889999,44.380001,43.75,43.759998,36.249893,4922900
2020-04-21,42.990002,43.369999,42.709999,42.82,35.471214,5195300
2020-04-22,43.639999,43.75,43.490002,43.689999,36.191906,3049000
2020-04-23,43.810001,44.380001,43.52,43.59,36.10907,4116200
2020-04-24,43.84,43.959999,43.48,43.950001,36.407284,4456700
2020-04-27,44.240002,44.639999,44.189999,44.57,36.920891,3743900
2020-04-28,45.360001,45.400002,44.860001,44.889999,37.185959,3057700
2020-04-29,45.759998,46.209999,45.689999,46.07,38.163452,2800800
2020-04-30,45.639999,45.68,44.919998,45.150002,37.401348,3623200
2020-05-01,44.34,44.43,43.860001,44.060001,36.498405,3373100
2020-05-04,43.849998,44.189999,43.669998,44.130001,36.556389,4574400
2020-05-05,44.529999,44.720001,44.240002,44.290001,36.688938,3468600
2020-05-06,44.57,44.66,44.060001,44.110001,36.539833,2518000
2020-05-07,44.630001,44.860001,44.459999,44.650002,36.987164,2350500
2020-05-08,45.189999,45.470001,45.139999,45.389999,37.600163,2558400
2020-05-11,45.16,45.48,45.099998,45.349998,37.56702,2617200
2020-05-12,45.52,45.639999,44.869999,44.889999,37.185959,3480900
2020-05-13,45.16,45.200001,44.310001,44.560001,36.912598,5100600
2020-05-14,43.59,44.389999,43.34,44.369999,36.755207,3317300
2020-05-15,44.099998,44.400002,43.950001,44.220001,36.630951,3202800
2020-05-18,45.360001,46.060001,45.290001,45.939999,38.055759,2335000
2020-05-19,45.759998,45.939999,45.450001,45.470001,37.666424,3565800
2020-05-20,46.25,46.5,46.080002,46.240002,38.304276,3705000
2020-05-21,46.040001,46.200001,45.59,45.779999,37.923222,3705700
2020-05-22,45.400002,45.450001,45.169998,45.450001,37.649857,2463900
2020-05-26,46.91,47.02,46.700001,46.709999,38.693615,3139200
2020-05-27,47.16,47.16,46.59,47.139999,39.049828,4058500
2020-05-28,47.560001,47.860001,47.310001,47.349998,39.223778,3760000
2020-05-29,47.299999,47.470001,46.830002,47.41,39.273487,4156300
2020-06-01,47.849998,48.459999,47.790001,48.43,40.118427,3496700
2020-06-02,48.810001,49.209999,48.77,49.150002,40.714867,2769900
2020-06-03,49.73,50.330002,49.68,50.209999,41.592953,3701900
2020-06-04,49.860001,50.16,49.700001,49.860001,41.303009,4548900
2020-06-05,50.880001,51.209999,50.75,50.830002,42.106544,4170600
2020-06-08,51.099998,51.439999,50.759998,51.419998,42.595276,3043000
2020-06-09,50.560001,50.98,50.48,50.860001,42.13139,2784600
2020-06-10,51.049999,51.189999,50.549999,50.799999,42.081692,3095400
2020-06-11,49.400002,49.549999,48.009998,48.060001,39.811928,4527100
2020-06-12,49.41,49.48,48.299999,48.990002,40.582321,4373500
2020-06-15,48.02,49.189999,47.82,49.040001,40.623741,3286000
2020-06-16,50.060001,50.130001,49.080002,49.599998,41.087627,4794600
2020-06-17,49.919998,50.009998,49.639999,49.73,41.19532,2560000
2020-06-18,49.52,49.790001,49.419998,49.619999,41.104198,2359600
2020-06-19,50.150002,50.150002,49.360001,49.419998,40.938522,3002000
2020-06-22,49.52,49.84,49.360001,49.799999,41.464741,3378700
2020-06-23,50.279999,50.43,50.040001,50.099998,41.71452,2540900
2020-06-24,49.650002,49.709999,48.799999,49.02,40.815304,3019300
2020-06-25,48.990002,49.560001,48.799999,49.52,41.231621,3828300
2020-06-26,49.43,49.439999,48.77,48.869999,40.690407,3736100
2020-06-29,48.990002,49.259998,48.759998,49.259998,41.015129,2718100
2020-06-30,48.939999,49.34,48.889999,49.169998,40.940189,4052800
2020-07-01,49.200001,49.560001,49.189999,49.419998,41.148354,2796400
2020-07-02,50.25,50.5,50.029999,50.150002,41.756168,2439600
2020-07-06,51.130001,51.290001,50.970001,51.27,42.688705,2072700
2020-07-07,50.810001,51.009998,50.529999,50.560001,42.097538,1487200
2020-07-08,50.75,51.220001,50.66,51.209999,42.638741,2613000
2020-07-09,51.220001,51.279999,50.400002,50.759998,42.264061,2602600
2020-07-10,50.869999,51.049999,50.619999,51.02,42.480549,2248600
2020-07-13,51.369999,51.59,50.630001,50.689999,42.205772,2765700
2020-07-14,50.630001,51.330002,50.560001,51.259998,42.68037,2216600
2020-07-15,51.799999,51.98,51.529999,51.709999,43.055058,2352900
2020-07-16,51.240002,51.41,51.139999,51.25,42.672054,1715800
2020-07-17,51.419998,51.549999,51.25,51.540001,42.913513,1659600
2020-07-20,51.639999,51.919998,51.490002,51.889999,43.204937,1856600
2020-07-21,52.32,52.470001,52.130001,52.18,43.446396,2696400
2020-07-22,52.18,52.290001,52.02,52.200001,43.463043,2738400
2020-07-23,52.099998,52.32,51.639999,51.799999,43.130001,2729400
2020-07-24,51.450001,51.720001,51.360001,51.610001,42.971802,1908500
2020-07-27,52.02,52.369999,52.009998,52.349998,43.587933,2101600
2020-07-28,52.16,52.27,51.98,51.98,43.279869,2192400
2020-07-29,52.34,52.709999,52.259998,52.639999,43.829403,1999200
2020-07-30,51.630001,52.02,51.169998,51.98,43.279869,2939700
2020-07-31,51.779999,51.779999,50.799999,51.209999,42.638741,2584400
2020-08-03,51.630001,51.959999,51.490002,51.950001,43.254887,2356500
2020-08-04,51.889999,52.369999,51.84,52.349998,43.587933,1819900
2020-08-05,52.759998,52.98,52.599998,52.66,43.84605,2131600
2020-08-06,52.560001,52.84,52.380001,52.82,43.979267,2647800
2020-08-07,52.25,52.389999,52.080002,52.349998,43.587933,2141000
2020-08-10,52.43,52.560001,52.220001,52.509998,43.721161,1881500
2020-08-11,53.200001,53.27,52.599998,52.630001,43.821079,3102000
2020-08-12,53.439999,53.75,53.389999,53.59,44.620388,2357800
2020-08-13,53.529999,53.599998,53.18,53.360001,44.42889,2011600
2020-08-14,53.07,53.200001,52.970001,53.099998,44.212402,1535400
2020-08-17,53.43,53.599998,53.400002,53.599998,44.628727,1593400
2020-08-18,53.75,53.799999,53.349998,53.580002,44.612076,2366100
2020-08-19,53.68,53.73,53.209999,53.25,44.337307,2283900
2020-08-20,52.689999,53.150002,52.59,53.110001,44.220741,1755700
2020-08-21,52.689999,52.990002,52.59,52.990002,44.120827,2720600
2020-08-24,53.75,53.75,53.41,53.599998,44.628727,2131300
2020-08-25,53.849998,53.849998,53.490002,53.799999,44.795254,2298800
2020-08-26,53.82,54.119999,53.75,54.080002,45.028381,2280800
2020-08-27,54.139999,54.150002,53.389999,53.610001,44.637054,2571800
2020-08-28,53.91,54.099998,53.779999,54.099998,45.045029,2074600
2020-08-31,53.779999,53.779999,53.389999,53.48,44.528797,2635700
2020-09-01,53.650002,53.84,53.52,53.799999,44.795254,2688200
2020-09-02,54.029999,54.290001,53.77,54.25,45.169933,3170700
2020-09-03,54.049999,54.049999,52.860001,53.07,44.187428,4486200
2020-09-04,53.32,53.439999,52.240002,53.18,44.279018,3538900
2020-09-08,52.380001,52.860001,52.209999,52.419998,43.646221,3508500
2020-09-09,53.099998,53.48,53.040001,53.310001,44.387257,2769600
2020-09-10,53.529999,53.59,52.639999,52.650002,43.837723,3033400
2020-09-11,53.279999,53.400002,52.880001,53.139999,44.245716,3349100
2020-09-14,53.650002,53.75,53.529999,53.599998,44.628727,2016800
2020-09-15,54.110001,54.169998,53.849998,53.970001,44.936794,4100200
2020-09-16,54.139999,54.290001,53.830002,53.889999,44.870182,2762900
2020-09-17,53.48,53.889999,53.419998,53.869999,44.853527,3234000
2020-09-18,53.849998,53.849998,53.330002,53.470001,44.520485,2707400
2020-09-21,52.029999,52.119999,51.439999,52.119999,43.673321,2962900
2020-09-22,52.040001,52.07,51.540001,52.02,43.589542,2618400
2020-09-23,52.18,52.18,51.360001,51.389999,43.061626,2796300
2020-09-24,51.060001,51.639999,50.880001,51.299999,42.986217,5316300
2020-09-25,50.950001,51.490002,50.720001,51.490002,43.145428,2682400
2020-09-28,52.18,52.27,52.049999,52.189999,43.731983,2210400
2020-09-29,52.110001,52.299999,51.950001,52.119999,43.673321,2548500
2020-09-30,52.130001,52.5,52.040001,52.169998,43.715214,3301800
2020-10-01,52.540001,52.599998,52.27,52.59,44.06715,2621300
2020-10-02,51.950001,52.529999,51.889999,52.360001,43.874428,2572600
2020-10-05,52.75,53.130001,52.700001,53.130001,44.519642,1757400
2020-10-06,53.220001,53.34,52.619999,52.75,44.201221,3192400
2020-10-07,53.200001,53.349998,53.07,53.279999,44.645336,2377800
2020-10-08,53.509998,53.650002,53.419998,53.650002,44.95536,2134800
2020-10-09,53.900002,54.080002,53.790001,54.02,45.265415,1917300
2020-10-12,54.200001,54.419998,54.119999,54.34,45.533554,1848700
2020-10-13,54,54.009998,53.740002,53.869999,45.139717,1845800
2020-10-14,53.959999,54.07,53.68,53.689999,44.988888,2295200
2020-10-15,52.720001,53.209999,52.720001,53.130001,44.519642,3032700
2020-10-16,53.349998,53.52,53.220001,53.349998,44.703991,3198600
2020-10-19,53.610001,53.66,53.07,53.110001,44.502884,2069800
2020-10-20,53.470001,53.790001,53.439999,53.509998,44.838058,2230100
2020-10-21,53.490002,53.759998,53.360001,53.360001,44.712364,2143700
2020-10-22,53.360001,53.459999,53.049999,53.369999,44.720753,2717900
2020-10-23,53.66,53.689999,53.369999,53.669998,44.97213,1998100
2020-10-26,53,53.119999,52.439999,52.77,44.217983,3062100
2020-10-27,52.75,52.779999,52.52,52.580002,44.058784,3074500
2020-10-28,51.549999,51.610001,51.07,51.080002,42.801872,3652800
2020-10-29,51.130001,51.549999,50.93,51.389999,43.061626,3410000
2020-10-30,51.139999,51.189999,50.689999,50.970001,42.709698,3852800
2020-11-02,51.639999,51.689999,51.310001,51.68,43.30463,3100300
2020-11-03,52.439999,52.82,52.330002,52.68,44.142567,2244300
2020-11-04,53.07,53.860001,52.849998,53.5,44.829674,3317700
2020-11-05,54.57,54.779999,54.349998,54.66,45.801697,2748600
2020-11-06,54.779999,55.009998,54.619999,54.830002,45.944134,2788500
2020-11-09,57.07,57.09,55.950001,55.98,46.907772,5214400
2020-11-10,56.200001,56.450001,55.950001,56.16,47.05859,5366300
2020-11-11,56.419998,56.560001,56.299999,56.549999,47.385395,2691700
2020-11-12,56.259998,56.389999,55.689999,55.790001,46.748558,3027300
2020-11-13,56.299999,56.66,56.240002,56.57,47.402145,2480900
2020-11-16,57.209999,57.310001,57.02,57.279999,47.997086,2604900
2020-11-17,57.119999,57.43,56.970001,57.279999,47.997086,2888900
2020-11-18,57.419998,57.52,57,57.009998,47.77084,2441500
2020-11-19,56.93,57.34,56.810001,57.34,48.047363,2913900
2020-11-20,57.389999,57.610001,57.310001,57.52,48.198193,3109900
2020-11-23,57.900002,57.91,57.41,57.599998,48.265217,3500900
2020-11-24,58.080002,58.459999,57.990002,58.450001,48.97747,3194100
2020-11-25,57.990002,58.330002,57.869999,58.25,48.809891,3658400
2020-11-27,58.48,58.709999,58.43,58.68,49.1702,1612200
2020-11-30,58.32,58.349998,57.400002,57.400002,48.097649,3822500
2020-12-01,58.459999,58.759998,58.330002,58.700001,49.186954,4520800
2020-12-02,58.5,58.810001,58.389999,58.740002,49.220486,5095500
2020-12-03,59.07,59.27,58.91,59.009998,49.446712,3341400
2020-12-04,59.450001,59.580002,59.419998,59.549999,49.899204,3475100
2020-12-07,59.310001,59.459999,59.119999,59.25,49.647827,4577400
2020-12-08,59.189999,59.43,59.130001,59.400002,49.773518,2367300
2020-12-09,59.75,59.75,58.970001,59.330002,49.714863,4076100
2020-12-10,59.119999,59.66,59.080002,59.59,49.93272,4579800
2020-12-11,59.279999,59.380001,59.049999,59.299999,49.689716,3178200
2020-12-14,59.720001,59.75,59.259998,59.310001,49.698097,2892900
2020-12-15,59.59,59.970001,59.48,59.950001,50.234371,3618500
2020-12-16,59.959999,60.18,59.799999,60.099998,50.360077,3375600
2020-12-17,60.540001,60.630001,60.439999,60.52,50.712006,2612400
2020-12-18,60.509998,60.509998,60.139999,60.279999,50.510887,2975900
2020-12-21,58.380001,59.07,58.209999,58.950001,49.884697,4357400
2020-12-22,58.84,58.849998,58.580002,58.779999,49.740841,3136200
2020-12-23,59.27,59.439999,59.200001,59.330002,50.206264,3607900
2020-12-24,59.34,59.43,59.23,59.360001,50.231647,5767300
2020-12-28,59.880001,59.919998,59.650002,59.720001,50.536289,3543900
2020-12-29,60.34,60.41,60.080002,60.220001,50.9594,4293000
2020-12-30,60.669998,60.82,60.52,60.549999,51.238647,2933400
2020-12-31,60.580002,60.580002,60.029999,60.16,50.908634,5283200
2021-01-04,61.200001,61.34,60.25,60.52,51.213264,5743200
2021-01-05,60.82,61.490002,60.779999,61.400002,51.957935,3252800
2021-01-06,61.360001,62.130001,61.25,61.73,52.237198,6495100
2021-01-07,61.799999,62.029999,61.66,61.990002,52.457199,5080900
2021-01-08,62.59,62.779999,62.099998,62.779999,53.125725,4834000
2021-01-11,61.77,62.130001,61.700001,61.950001,52.423363,3719200
2021-01-12,62.060001,62.349998,61.869999,62.27,52.694157,3870100
2021-01-13,62.310001,62.459999,62.130001,62.259998,52.685684,2892300
2021-01-14,62.639999,63.02,62.580002,62.810001,53.151108,2726000
2021-01-15,62.060001,62.169998,61.57,61.849998,52.338734,2807400
2021-01-19,62.610001,62.630001,62.27,62.470001,52.863392,3397200
2021-01-20,62.91,63.189999,62.75,63.150002,53.438828,2870500
2021-01-21,63.200001,63.279999,62.869999,63.23,53.506512,3200000
2021-01-22,62.57,62.880001,62.529999,62.799999,53.142651,2937700
2021-01-25,62.73,62.889999,62.16,62.889999,53.218811,4139700
2021-01-26,62.860001,62.900002,62.549999,62.77,53.117256,3019600
2021-01-27,61.66,61.889999,61.130001,61.310001,51.881783,4934000
2021-01-28,61.419998,62.060001,61.349998,61.740002,52.245655,4382400
2021-01-29,60.880001,61.07,60.049999,60.310001,51.035561,6362300
2021-02-01,61.23,61.459999,60.970001,61.400002,51.957935,3365000
2021-02-02,61.970001,62.209999,61.75,62.139999,52.584133,3736100
2021-02-03,62.330002,62.43,62.07,62.369999,52.778767,3723300
2021-02-04,62.209999,62.43,62.060001,62.43,52.829536,3329600
2021-02-05,62.73,62.869999,62.470001,62.860001,53.19342,2554400
2021-02-08,63.169998,63.349998,63.060001,63.25,53.523457,3643500
2021-02-09,63.259998,63.73,63.240002,63.68,53.887318,2899400
2021-02-10,64,64.029999,63.310001,63.599998,53.819622,2785000
2021-02-11,64.040001,64.160004,63.790001,64.080002,54.225811,2938400
2021-02-12,63.919998,64.389999,63.860001,64.389999,54.48814,2658600
2021-02-16,64.830002,64.970001,64.550003,64.68,54.733543,3305100
2021-02-17,64.370003,64.470001,64.029999,64.400002,54.496601,3429700
2021-02-18,63.77,63.93,63.389999,63.860001,54.039639,2784700
2021-02-19,64.220001,64.470001,64.080002,64.220001,54.344284,3521300
2021-02-22,63.580002,63.98,63.48,63.540001,53.768845,3813800
2021-02-23,63.400002,63.84,62.720001,63.700001,53.904247,3766700
2021-02-24,63.169998,63.790001,62.900002,63.720001,53.921169,3007300
2021-02-25,63.84,63.959999,62.419998,62.57,52.948021,4031300
2021-02-26,62.299999,62.34,61.5,61.700001,52.211803,5522100
2021-03-01,62.599998,63.07,62.540001,63.049999,53.354191,3213800
2021-03-02,62.869999,63.02,62.57,62.799999,53.142651,3467600
2021-03-03,62.860001,62.959999,62.470001,62.5,52.888783,3959200
2021-03-04,62.490002,62.740002,61.310001,61.700001,52.211803,5665500
2021-03-05,62.189999,62.23,61.150002,62.16,52.60107,3908900
2021-03-08,61.709999,62.009998,61.439999,61.509998,52.051022,3992300
2021-03-09,62.23,62.66,62.139999,62.459999,52.854923,2929700
2021-03-10,62.790001,62.790001,62.290001,62.630001,52.998787,4938200
2021-03-11,63.240002,63.57,63.029999,63.509998,53.743458,4519200
2021-03-12,62.900002,63.32,62.799999,63.310001,53.574219,2853700
2021-03-15,63.259998,63.439999,62.900002,63.439999,53.684231,2911200
2021-03-16,63.580002,63.700001,63.43,63.59,53.811157,3287100
2021-03-17,63.23,64,63.119999,63.849998,54.031174,3224200
2021-03-18,63.52,63.830002,63.099998,63.099998,53.396511,2806400
2021-03-19,63.18,63.5,62.869999,63.419998,53.667301,3554600
2021-03-22,63.169998,63.41,63.049999,63.259998,53.663055,3212900
2021-03-23,62.700001,62.810001,62.209999,62.299999,52.848701,2864000
2021-03-24,62.130001,62.209999,61.630001,61.630001,52.280338,4323600
2021-03-25,61.610001,62.09,61.459999,62.029999,52.619663,5343800
2021-03-26,62.310001,63.049999,62.240002,63.049999,53.484921,2877800
2021-03-29,62.66,62.84,62.389999,62.700001,53.188015,3824000
2021-03-30,62.509998,62.779999,62.389999,62.720001,53.204983,3557200
2021-03-31,62.610001,62.919998,62.580002,62.700001,53.188015,3399600
2021-04-01,63.259998,63.580002,63.16,63.549999,53.909069,3184600
2021-04-05,63.959999,64.260002,63.84,64.25,54.502872,4223700
2021-04-06,63.73,64,63.68,63.880001,54.189011,3208600
2021-04-07,63.650002,63.810001,63.540001,63.73,54.061756,2831400
2021-04-08,64.080002,64.260002,63.970001,64.129997,54.401077,2927900
2021-04-09,63.849998,64.120003,63.84,64.120003,54.392597,2757700
2021-04-12,63.919998,63.919998,63.599998,63.740002,54.070244,3159000
2021-04-13,63.869999,64.139999,63.759998,64.110001,54.384113,2557600
2021-04-14,64.269997,64.470001,64.160004,64.279999,54.528316,3162300
2021-04-15,64.720001,64.790001,64.599998,64.720001,54.901573,2563900
2021-04-16,64.970001,65.169998,64.830002,65.150002,55.26635,3001500
2021-04-19,65.18,65.190002,64.769997,64.949997,55.096672,4577900
2021-04-20,64.480003,64.519997,63.880001,64.050003,54.333225,3144100
2021-04-21,63.849998,64.660004,63.799999,64.660004,54.850677,2648500
2021-04-22,64.720001,64.75,64.220001,64.389999,54.621635,2647200
2021-04-23,64.769997,65.209999,64.699997,65.120003,55.240883,2519700
2021-04-26,65.160004,65.279999,65.07,65.199997,55.308754,2343300
2021-04-27,65.040001,65.150002,64.940002,65.099998,55.223919,2664800
2021-04-28,65.129997,65.550003,65.07,65.370003,55.452969,2501100
2021-04-29,65.610001,65.610001,64.93,65.360001,55.444477,2289000
2021-04-30,64.870003,64.940002,64.260002,64.440002,54.664047,2948000
2021-05-03,64.809998,65.050003,64.709999,64.989998,55.1306,3366200
2021-05-04,64.349998,64.440002,63.709999,64.150002,54.418041,4002900
2021-05-05,64.68,64.919998,64.489998,64.809998,54.977905,3095100
2021-05-06,64.949997,65.309998,64.720001,65.309998,55.402073,2641400
2021-05-07,65.559998,66.139999,65.5,66.080002,56.055252,3044500
2021-05-10,66.220001,66.220001,65.510002,65.540001,55.597168,2958300
2021-05-11,64.339996,64.959999,64.279999,64.830002,54.994873,3881400
2021-05-12,64.160004,64.470001,63.439999,63.560001,53.917557,4706500
2021-05-13,63.650002,64.010002,63.48,63.900002,54.205971,2804100
2021-05-14,64.529999,65.010002,64.470001,64.970001,55.113647,2628000
2021-05-17,64.580002,64.870003,64.480003,64.870003,55.028816,3178300
2021-05-18,65.43,65.540001,65.25,65.260002,55.359653,2372400
2021-05-19,64.440002,65.029999,64.25,64.800003,54.969429,3319400
2021-05-20,65.089996,65.559998,65.050003,65.5,55.563244,3936700
2021-05-21,65.660004,65.660004,65.120003,65.32,55.410549,2816100
2021-05-24,65.589996,65.879997,65.489998,65.790001,55.809242,2598300
2021-05-25,66.169998,66.18,65.830002,65.970001,55.961933,2871000
2021-05-26,66.019997,66.139999,65.919998,66.120003,56.089188,2632100
2021-05-27,66.260002,66.330002,66.089996,66.269997,56.216423,2716500
2021-05-28,66.43,66.660004,66.349998,66.419998,56.343674,2385200
2021-06-01,67.300003,67.300003,66.970001,67.050003,56.878094,3322400
2021-06-02,67.110001,67.260002,66.980003,67.199997,57.005348,3695400
2021-06-03,66.790001,66.839996,66.540001,66.690002,56.572704,2945800
2021-06-04,67.190002,67.330002,67.110001,67.330002,57.115627,2248800
2021-06-07,67.360001,67.389999,67.18,67.379997,57.158024,2076300
2021-06-08,67.419998,67.419998,67.129997,67.269997,57.064705,2670500
2021-06-09,67.199997,67.25,67,67.040001,56.869617,2381500
2021-06-10,67.220001,67.410004,67.110001,67.339996,57.124096,2868600
2021-06-11,67.410004,67.419998,67.160004,67.419998,57.191963,1968700
2021-06-14,67.410004,67.510002,67.290001,67.5,57.259827,2205200
2021-06-15,67.510002,67.510002,67.25,67.440002,57.20892,2232400
2021-06-16,67.410004,67.489998,66.610001,66.860001,56.716919,2892300
2021-06-17,66.650002,66.779999,66.279999,66.550003,56.453941,3016400
2021-06-18,65.650002,65.779999,65.400002,65.489998,55.554756,3480900
2021-06-21,65.269997,65.779999,65.099998,65.730003,56.20031,2346700
2021-06-22,65.470001,65.830002,65.290001,65.720001,56.19175,2623600
2021-06-23,65.779999,65.910004,65.449997,65.519997,56.020748,2946200
2021-06-24,66.050003,66.160004,65.970001,66.110001,56.525204,5353100
2021-06-25,66.43,66.43,66.230003,66.410004,56.781715,3014600
2021-06-28,66.269997,66.290001,65.989998,66.139999,56.550854,2728500
2021-06-29,66.099998,66.120003,65.919998,66.120003,56.53376,2387200
2021-06-30,65.580002,65.82,65.470001,65.68,56.157547,3182400
2021-07-01,65.730003,65.739998,65.410004,65.739998,56.208855,2362600
2021-07-02,65.730003,65.870003,65.489998,65.830002,56.285801,1906400
2021-07-06,65.690002,65.720001,65.029999,65.290001,55.824097,2748700
2021-07-07,65.589996,65.629997,65.150002,65.5,56.003647,2172800
2021-07-08,64.300003,64.610001,64.129997,64.5,55.148624,2740000
2021-07-09,65.220001,65.610001,65.07,65.610001,56.097694,2250200
2021-07-12,65.5,65.75,65.419998,65.75,56.2174,2282800
2021-07-13,65.660004,65.779999,65.489998,65.559998,56.054939,2417400
2021-07-14,65.879997,65.900002,65.589996,65.669998,56.148979,2334800
2021-07-15,65.349998,65.529999,65.089996,65.330002,55.858288,2196100
2021-07-16,65.330002,65.370003,64.720001,64.830002,55.430782,2590900
2021-07-19,63.799999,63.869999,63.360001,63.73,54.490261,4278400
2021-07-20,63.490002,64.199997,63.369999,64.099998,54.806625,2436400
2021-07-21,64.290001,64.919998,64.269997,64.919998,55.507732,2139600
2021-07-22,65.160004,65.160004,64.769997,65,55.576134,2260900
2021-07-23,65.089996,65.089996,64.839996,65.07,55.635983,1879400
2021-07-26,64.599998,64.849998,64.57,64.800003,55.405128,2365900
2021-07-27,64.169998,64.239998,63.799999,64.230003,54.91777,4227400
2021-07-28,64.5,65.029999,64.370003,64.919998,55.507732,2919700
2021-07-29,65.379997,65.459999,65.290001,65.32,55.849743,2212900
2021-07-30,64.959999,65.209999,64.760002,64.940002,55.524837,2499100
2021-08-02,65.480003,65.550003,65.160004,65.209999,55.755688,2562900
2021-08-03,65.389999,65.639999,65.129997,65.639999,56.123341,3102800
2021-08-04,65.760002,65.919998,65.529999,65.580002,56.072041,1909500
2021-08-05,65.760002,65.879997,65.699997,65.769997,56.234489,1641600
2021-08-06,65.610001,65.629997,65.360001,65.459999,55.969437,1644600
2021-08-09,65.489998,65.559998,65.360001,65.470001,55.977993,1695300
2021-08-10,65.470001,65.589996,65.440002,65.589996,56.080589,1882100
2021-08-11,65.959999,66.010002,65.760002,65.989998,56.422592,2011500
2021-08-12,65.769997,65.800003,65.550003,65.769997,56.234489,1999800
2021-08-13,65.839996,65.989998,65.699997,65.989998,56.422592,1834500
2021-08-16,65.470001,65.550003,65.230003,65.550003,56.046402,2095500
2021-08-17,64.790001,64.93,64.440002,64.75,55.362377,3460700
2021-08-18,64.879997,65.139999,64.599998,64.620003,55.251232,2273400
2021-08-19,63.709999,64.019997,63.610001,63.860001,54.601414,2580800
2021-08-20,63.529999,64.050003,63.5,64.029999,54.746761,2229400
2021-08-23,64.449997,64.809998,64.43,64.720001,55.336727,2407600
2021-08-24,65.050003,65.389999,65.010002,65.309998,55.841194,1927500
2021-08-25,65.230003,65.389999,65.120003,65.370003,55.892494,2090800
2021-08-26,65.099998,65.169998,64.849998,64.93,55.516285,2452800
2021-08-27,65.059998,65.650002,65.019997,65.639999,56.123341,2800200
2021-08-30,65.669998,65.75,65.519997,65.660004,56.14045,1819700
2021-08-31,65.980003,66.050003,65.830002,65.889999,56.337105,4272200
2021-09-01,66.330002,66.690002,66.279999,66.470001,56.833012,3064200
2021-09-02,66.68,66.790001,66.540001,66.650002,56.986916,3642200
2021-09-03,66.82,67.050003,66.709999,67,57.28616,2504200
2021-09-07,67.010002,67.129997,66.949997,66.980003,57.269073,2766200
2021-09-08,66.68,66.690002,66.18,66.300003,56.687656,3248600
2021-09-09,66.260002,66.480003,66.110001,66.239998,56.636349,3102000
2021-09-10,66.730003,66.739998,66.080002,66.120003,56.53376,2155500
2021-09-13,66.599998,66.650002,66.330002,66.550003,56.901402,2718000
2021-09-14,66.669998,66.68,66.110001,66.209999,56.61071,3285900
2021-09-15,66.089996,66.370003,65.959999,66.370003,56.747513,2548600
2021-09-16,65.959999,66.099998,65.730003,66.050003,56.473911,2305600
2021-09-17,65.75,65.839996,65.160004,65.339996,55.866837,2903700
2021-09-20,63.599998,63.830002,63.09,63.619999,54.695038,5082900
2021-09-21,64.370003,64.440002,64.029999,64.190002,55.185085,4246200
2021-09-22,64.599998,65.160004,64.57,64.699997,55.623539,2524100
2021-09-23,65.169998,65.480003,65.110001,65.349998,56.182358,4563500
2021-09-24,64.699997,64.860001,64.650002,64.730003,55.649338,2144400
2021-09-27,64.610001,64.919998,64.519997,64.830002,55.735298,2603300
2021-09-28,64.029999,64.07,63.369999,63.580002,54.660656,4044000
2021-09-29,63.630001,63.700001,63.240002,63.310001,54.428543,2628600
2021-09-30,63.540001,63.689999,63.130001,63.259998,54.385551,2921600
2021-10-01,63.349998,63.549999,62.880001,63.439999,54.540295,3007100
2021-10-04,63.209999,63.209999,62.470001,62.779999,53.972889,4093400
2021-10-05,62.889999,63.369999,62.830002,63.16,54.299583,2395000
2021-10-06,62.23,62.799999,62.009998,62.790001,53.981487,3441400
2021-10-07,63.220001,63.689999,63.220001,63.509998,54.600487,2470400
2021-10-08,63.669998,63.720001,63.470001,63.59,54.669254,2134200
2021-10-11,63.75,63.939999,63.389999,63.400002,54.505917,2498800
2021-10-12,63.509998,63.610001,63.310001,63.360001,54.471523,2352100
2021-10-13,63.779999,64.129997,63.610001,64.080002,55.090511,2782600
2021-10-14,64.599998,64.68,64.449997,64.620003,55.55476,2113600
2021-10-15,64.980003,65.199997,64.879997,65.18,56.036201,2424500
2021-10-18,64.769997,65.059998,64.690002,64.980003,55.864265,2434700
2021-10-19,65.32,65.550003,65.269997,65.5,56.31131,2345400
2021-10-20,65.559998,65.75,65.459999,65.669998,56.457458,2097500
2021-10-21,65.220001,65.43,65.169998,65.279999,56.122177,2856200
2021-10-22,65.510002,65.739998,65.230003,65.480003,56.294117,2412300
2021-10-25,65.5,65.639999,65.290001,65.550003,56.354305,2118200
2021-10-26,65.809998,65.870003,65.410004,65.5,56.31131,2660100
2021-10-27,65.43,65.550003,65.139999,65.150002,56.010418,2763900
2021-10-28,65.339996,65.629997,65.220001,65.629997,56.423073,2776400
2021-10-29,65.019997,65.110001,64.860001,65.080002,55.950233,2754600
2021-11-01,65.379997,65.720001,65.279999,65.709999,56.491844,2571500
2021-11-02,65.440002,65.489998,65.32,65.379997,56.208149,2919800
2021-11-03,65.269997,65.870003,65.160004,65.809998,56.57782,4614200
2021-11-04,65.760002,65.790001,65.519997,65.739998,56.517643,2539600
2021-11-05,65.879997,65.879997,65.610001,65.879997,56.638,2120900
2021-11-08,66.050003,66.139999,66.010002,66.089996,56.818539,2736700
2021-11-09,66.099998,66.139999,65.699997,65.889999,56.646603,2908100
2021-11-10,65.769997,65.919998,65.150002,65.230003,56.079189,2217700
2021-11-11,65.669998,65.830002,65.580002,65.660004,56.44886,2717300
2021-11-12,65.830002,66.050003,65.760002,66.040001,56.775555,2345200
2021-11-15,66.220001,66.220001,65.849998,65.900002,56.655205,2374500
2021-11-16,65.889999,65.949997,65.75,65.760002,56.534836,2364100
2021-11-17,65.75,65.75,65.5,65.610001,56.40588,3186800
2021-11-18,65.419998,65.489998,65.099998,65.43,56.251129,2511800
2021-11-19,65.269997,65.279999,64.989998,65.010002,55.890053,2092600
2021-11-22,64.959999,65.099998,64.599998,64.599998,55.537567,2860100
2021-11-23,64.510002,64.739998,64.25,64.559998,55.503181,3963500
2021-11-24,63.799999,64.300003,63.779999,64.300003,55.279659,2959100
2021-11-26,62.93,62.939999,62.200001,62.459999,53.697777,3383200
2021-11-29,63,63.02,62.459999,62.73,53.929901,3831100
2021-11-30,62.639999,62.860001,61.77,62.310001,53.568825,5560600
2021-12-01,63.18,63.490002,62.009998,62.009998,53.310905,4018800
2021-12-02,62.490002,63.02,62.43,62.830002,54.015877,5454900
2021-12-03,62.950001,63.009998,62.060001,62.380001,53.629002,6946000
2021-12-06,62.650002,63.040001,62.439999,62.990002,54.153427,3933900
2021-12-07,63.740002,64.220001,63.740002,64.199997,55.193684,2452900
2021-12-08,64.239998,64.389999,64.089996,64.349998,55.322643,3106300
2021-12-09,64,64.07,63.810001,63.869999,54.909981,2733200
2021-12-10,64,64.050003,63.73,63.970001,54.995949,2410300
2021-12-13,63.619999,63.650002,63.16,63.189999,54.325363,2783600
2021-12-14,62.939999,63.209999,62.689999,62.939999,54.110443,3211900
2021-12-15,62.990002,63.48,62.540001,63.459999,54.557491,3373500
2021-12-16,63.830002,63.959999,63.360001,63.540001,54.626274,3638400
2021-12-17,63.009998,63.279999,62.830002,62.869999,54.050262,3030100
2021-12-20,61.389999,61.540001,61.130001,61.509998,53.684566,4681200
2021-12-21,61.880001,62.34,61.860001,62.330002,54.400242,3493100
2021-12-22,62.240002,62.889999,62.200001,62.889999,54.889,3550100
2021-12-23,62.959999,63.360001,62.919998,63.240002,55.194477,11488700
2021-12-27,63.330002,63.700001,63.25,63.700001,55.595955,5509500
2021-12-28,63.799999,63.84,63.610001,63.630001,55.534851,3552900
2021-12-29,63.619999,63.619999,63.389999,63.57,55.482487,3392300
2021-12-30,63.630001,63.810001,63.59,63.66,55.561031,2937700
2021-12-31,63.639999,63.869999,63.529999,63.57,55.482487,4107700
2022-01-03,63.900002,63.98,63.580002,63.98,55.840328,4671400
2022-01-04,64.25,64.330002,63.950001,64.059998,55.910152,3768100
2022-01-05,64.220001,64.339996,63.400002,63.419998,55.351578,4854100
2022-01-06,63.23,63.529999,63,63.240002,55.194477,5261900
2022-01-07,63.200001,63.59,63.029999,63.52,55.43885,3575300
2022-01-10,63.049999,63.119999,62.549999,63.049999,55.028641,6568300
2022-01-11,63.25,63.970001,63.119999,63.950001,55.814144,3647000
2022-01-12,64.459999,64.730003,64.360001,64.699997,56.468723,3778400
2022-01-13,64.800003,64.830002,64.07,64.139999,55.979969,3859200
2022-01-14,63.84,64.169998,63.66,64.080002,55.927612,4237300
2022-01-18,63.290001,63.459999,62.98,63.130001,55.098469,4552100
2022-01-19,63.470001,63.580002,63.130001,63.18,55.142109,4116000
2022-01-20,63.619999,63.939999,62.939999,63,54.985001,4046900
2022-01-21,62.860001,62.889999,62.07,62.09,54.190773,5924000
2022-01-24,61,61.389999,59.779999,61.369999,53.562382,11189000
2022-01-25,60.75,61.529999,60.310001,61.139999,53.361637,6837100
2022-01-26,61.77,61.889999,60.509998,60.75,53.021259,7193700
2022-01-27,60.860001,61.07,60.18,60.32,52.645958,6360300
2022-01-28,60.09,60.610001,59.700001,60.610001,52.899071,5837400
2022-01-31,60.849998,61.84,60.77,61.77,53.911495,5351000
2022-02-01,62.099998,62.299999,61.66,62.299999,54.374058,5750700
2022-02-02,62.669998,62.740002,62.25,62.619999,54.653351,4692400
2022-02-03,62.049999,62.209999,61.720001,61.779999,53.920216,5118900
2022-02-04,61.59,62.16,61.450001,61.880001,54.0075,3914900
2022-02-07,61.880001,62.27,61.810001,61.970001,54.086048,3827300
2022-02-08,61.91,62.389999,61.82,62.330002,54.400242,3663500
2022-02-09,63.09,63.349998,63.009998,63.349998,55.290474,3851100
2022-02-10,62.52,63.48,62.5,62.630001,54.662083,4272900
2022-02-11,62.630001,62.860001,61.610001,61.77,53.911495,4527300
2022-02-14,61.509998,61.610001,60.990002,61.400002,53.588558,5785100
2022-02-15,62.119999,62.549999,62.060001,62.52,54.566074,3406500
2022-02-16,62.32,62.970001,62.310001,62.799999,54.810455,4709900
2022-02-17,62.439999,62.48,61.869999,61.93,54.051132,4655500
2022-02-18,61.84,61.990002,61.389999,61.540001,53.710751,5668900
2022-02-22,60.959999,61.299999,60.41,60.810001,53.073627,6423500
2022-02-23,61.360001,61.389999,60.169998,60.209999,52.54995,6576400
2022-02-24,57.889999,59.48,57.790001,59.439999,51.877914,10284300
2022-02-25,59.869999,60.82,59.73,60.790001,53.05616,5350000
2022-02-28,59.73,60.439999,59.59,60.009998,52.375404,6364800
2022-03-01,59.759998,59.959999,58.59,58.889999,51.397892,8804100
2022-03-02,59.240002,59.619999,58.93,59.509998,51.939014,5479100
2022-03-03,59.34,59.43,58.389999,58.599998,51.144787,4965900
2022-03-04,57.27,57.34,56.759998,57.240002,49.957813,6581300
2022-03-07,56.73,56.830002,55.259998,55.419998,48.36935,8865200
2022-03-08,55.759998,56.610001,55.150002,55.740002,48.648647,9446700
2022-03-09,57.040001,57.889999,56.82,57.66,50.324375,4690200
2022-03-10,56.91,57.25,56.599998,56.939999,49.695972,5113500
2022-03-11,57.450001,57.5,56.25,56.259998,49.102474,5387700
2022-03-14,56.709999,56.98,56.060001,56.18,49.032658,5258400
2022-03-15,56.18,56.66,55.950001,56.57,49.373047,7418700
2022-03-16,57.959999,59.02,57.630001,59.02,51.511353,5961900
2022-03-17,58.709999,59.43,58.610001,59.32,51.77319,6045700
2022-03-18,58.91,60.060001,58.830002,60.009998,52.375404,4110800
2022-03-21,59.580002,59.689999,59.150002,59.470001,51.990742,4272500
2022-03-22,59.919998,60.189999,59.880001,60.110001,52.550255,2870900
2022-03-23,59.549999,59.919998,59.419998,59.490002,52.008221,4103800
2022-03-24,59.689999,59.93,59.48,59.900002,52.366661,3821800
2022-03-25,59.740002,59.889999,59.450001,59.860001,52.331692,2918500
2022-03-28,59.57,59.779999,59.290001,59.75,52.235523,3416000
2022-03-29,60.919998,61.02,60.439999,60.919998,53.258369,5072200
2022-03-30,60.759998,60.959999,60.459999,60.709999,53.074783,3080200
2022-03-31,60.290001,60.470001,59.709999,59.740002,52.226776,3909300
2022-04-01,60.369999,60.459999,60,60.389999,52.795033,3351400
2022-04-04,60.57,60.91,60.490002,60.880001,53.223396,3321200
2022-04-05,60.66,60.740002,59.880001,60.049999,52.497795,3586100
2022-04-06,59.450001,59.59,58.98,59.299999,51.842113,3949500
2022-04-07,59.18,59.450001,58.790001,59.259998,51.80714,3516000
2022-04-08,59.119999,59.48,59,59.279999,51.824627,3724000
2022-04-11,58.93,59.060001,58.549999,58.580002,51.212662,3807000
2022-04-12,58.790001,58.91,58.16,58.259998,50.932903,4153800
2022-04-13,58.32,58.98,58.32,58.950001,51.536133,3236000
2022-04-14,58.950001,59.02,58.540001,58.560001,51.195187,4363800
2022-04-18,58.32,58.669998,58.200001,58.34,51.002853,3979400
2022-04-19,57.959999,58.470001,57.889999,58.459999,51.107765,3052400
2022-04-20,58.830002,58.880001,58.529999,58.669998,51.291351,3698300
2022-04-21,59.07,59.150002,57.790001,57.91,50.62693,3990700
2022-04-22,57.860001,57.869999,56.950001,57.009998,49.840115,4676200
2022-04-25,56.25,56.689999,55.880001,56.619999,49.499161,5794400
2022-04-26,56.189999,56.240002,55.169998,55.169998,48.231522,5871500
2022-04-27,55.459999,55.84,55.189999,55.540001,48.555,6382800
2022-04-28,55.93,56.450001,55.419998,56.360001,49.271866,4735300
2022-04-29,56.709999,57.02,55.810001,55.860001,48.834743,4672000
2022-05-02,55.689999,55.919998,55.049999,55.689999,48.686127,7684200
2022-05-03,56.060001,56.299999,55.889999,56.169998,49.105751,6524200
2022-05-04,55.970001,57.099998,55.450001,56.98,49.813892,4962500
2022-05-05,56.130001,56.16,54.669998,55.16,48.222786,5915700
2022-05-06,54.779999,54.950001,54.25,54.59,47.724472,9829300
2022-05-09,53.650002,53.73,52.830002,52.919998,46.2645,9817900
2022-05-10,53.75,53.82,52.77,53.189999,46.500542,8224000
2022-05-11,53.349998,54.02,52.830002,52.900002,46.247009,8144000
2022-05-12,52.549999,53.169998,52.240002,52.700001,46.072159,7090700
2022-05-13,53.310001,54.130001,53.310001,54.119999,47.313576,4659800
2022-05-16,53.82,54.360001,53.700001,54.110001,47.304844,6070000
2022-05-17,55.110001,55.220001,54.779999,55.220001,48.275238,4662800
2022-05-18,54.790001,54.880001,53.82,53.950001,47.164967,4803400
2022-05-19,53.959999,54.830002,53.93,54.540001,47.680759,7090200
2022-05-20,55.130001,55.18,54.110001,54.849998,47.951771,5473400
2022-05-23,55.360001,55.73,55.16,55.639999,48.642414,4526900
2022-05-24,55.16,55.330002,54.77,55.200001,48.257755,4841000
2022-05-25,54.880001,55.5,54.880001,55.290001,48.336437,3812500
2022-05-26,55.360001,56.09,55.349998,55.950001,48.913425,3625300
2022-05-27,56.34,56.66,56.299999,56.66,49.534138,4230600
2022-05-31,56.93,57.060001,56.619999,56.709999,49.577847,5375900
2022-06-01,56.970001,57.029999,55.959999,56.16,49.097019,3610900
2022-06-02,56.509998,57.290001,56.380001,57.279999,50.076157,3789000
2022-06-03,56.639999,56.709999,56.279999,56.41,49.315578,3088300
2022-06-06,57.150002,57.209999,56.540001,56.66,49.534138,3052000
2022-06-07,56.110001,56.849998,56.110001,56.830002,49.682758,3318000
2022-06-08,56.52,56.73,56.290001,56.369999,49.280613,3091800
2022-06-09,56,56.130001,55.18,55.189999,48.249008,3184800
2022-06-10,54.470001,54.5,53.93,54.09,47.287354,4985400
2022-06-13,52.73,52.98,52.16,52.27,45.696247,8690000
2022-06-14,52.389999,52.630001,51.720001,52.150002,45.591335,7751800
2022-06-15,52.560001,53.23,51.959999,52.959999,46.299477,6058200
2022-06-16,51.669998,51.91,51.259998,51.59,45.101765,7519300
2022-06-17,51.689999,51.880001,51.150002,51.43,44.961891,6459300
2022-06-21,51.66,51.93,51.650002,51.709999,45.730389,5186500
2022-06-22,50.889999,51.52,50.830002,51.139999,45.226311,6154600
2022-06-23,51.09,51.240002,50.59,51.07,45.164406,5992600
2022-06-24,51.75,52.459999,51.669998,52.459999,46.393661,9896000
2022-06-27,52.509998,52.669998,52.279999,52.400002,46.340618,7693200
2022-06-28,52.849998,53.02,52.080002,52.130001,46.101833,4153500
2022-06-29,51.990002,52.150002,51.77,51.799999,45.809986,4307000
2022-06-30,51,51.66,50.779999,51.610001,45.641975,5244300
2022-07-01,50.98,51.59,50.73,51.59,45.624275,5644200
2022-07-05,50.209999,50.639999,49.889999,50.639999,44.784122,5150000
2022-07-06,50.490002,50.669998,50.119999,50.549999,44.70454,4508400
2022-07-07,51.07,51.459999,51.07,51.43,45.48278,3457700
2022-07-08,51.27,51.630001,51.060001,51.470001,45.518147,3940200
2022-07-11,50.740002,50.790001,50.43,50.470001,44.633789,4264400
2022-07-12,50.360001,50.759998,50.27,50.400002,44.571884,4540200
2022-07-13,49.790001,50.540001,49.73,50.34,44.518822,4612000
2022-07-14,49.419998,49.73,49.02,49.66,43.917454,6584500
2022-07-15,49.950001,50.279999,49.66,50.279999,44.465759,3937700
2022-07-18,50.98,51.200001,50.509998,50.599998,44.748753,3950100
2022-07-19,51.389999,51.810001,51.34,51.799999,45.809986,3203900
2022-07-20,51.66,51.77,51.279999,51.52,45.562382,4945800
2022-07-21,51.5,52.119999,51.470001,52.099998,46.075298,4363900
2022-07-22,52.169998,52.450001,51.639999,51.84,45.845367,3291600
2022-07-25,52.139999,52.25,51.939999,52.189999,46.154884,4134500
2022-07-26,51.919998,52,51.560001,51.580002,45.615425,4603100
2022-07-27,52.029999,52.77,51.919998,52.68,46.588226,5222800
2022-07-28,52.68,53.07,52.310001,53,46.871227,3600000
2022-07-29,52.900002,53.490002,52.75,53.490002,47.304569,5015500
2022-08-01,53.299999,53.619999,53.060001,53.34,47.171909,4464800
2022-08-02,52.950001,53.23,52.669998,52.68,46.588226,4379600
2022-08-03,52.900002,53.110001,52.59,53.02,46.888912,3876900
2022-08-04,53.18,53.389999,53.080002,53.299999,47.136539,3120400
2022-08-05,52.700001,53.07,52.689999,53.040001,46.906601,2739400
2022-08-08,53.43,53.610001,53.110001,53.200001,47.048107,4357200
2022-08-09,53.189999,53.27,52.830002,52.919998,46.80048,3559700
2022-08-10,53.82,54.119999,53.66,54.02,47.773281,3485000
2022-08-11,54.349998,54.599998,54.009998,54.099998,47.844025,3278900
2022-08-12,54.139999,54.529999,54.02,54.529999,48.224304,4126300
2022-08-15,54.099998,54.290001,53.98,54.220001,47.950153,3083500
2022-08-16,54,54.349998,53.970001,54.25,47.976681,3950100
2022-08-17,53.799999,54.150002,53.619999,53.869999,47.640621,4260900
2022-08-18,53.82,53.82,53.490002,53.66,47.454906,4561500
2022-08-19,53.139999,53.23,52.82,52.939999,46.818165,4503400
2022-08-22,52.439999,52.439999,52.09,52.18,46.146057,4510900
2022-08-23,52.119999,52.66,52.110001,52.32,46.269859,3896900
2022-08-24,52.139999,52.619999,52.07,52.419998,46.358295,2838000
2022-08-25,52.669998,53.110001,52.560001,53.110001,46.968521,3991400
2022-08-26,53.189999,53.259998,51.860001,51.900002,45.89843,4330600
2022-08-29,51.700001,52.009998,51.639999,51.75,45.765778,4271800
2022-08-30,52,52.049999,51.139999,51.290001,45.358967,5631100
2022-08-31,51.419998,51.580002,51.080002,51.09,45.182087,6272600
2022-09-01,50.439999,50.540001,49.990002,50.529999,44.686848,6685100
2022-09-02,50.759998,51.099998,50.060001,50.220001,44.412701,5403900
2022-09-06,50.290001,50.369999,49.790001,49.900002,44.129704,6222700
2022-09-07,49.549999,50.34,49.52,50.330002,44.509975,8976000
2022-09-08,49.82,50.369999,49.720001,50.349998,44.527668,5414800
2022-09-09,51.09,51.470001,51.049999,51.439999,45.491623,4552100
2022-09-12,52.009998,52.290001,51.93,52.119999,46.092987,5641800
2022-09-13,51.049999,51.380001,50.310001,50.369999,44.545357,7001200
2022-09-14,50.59,50.790001,50.330002,50.619999,44.766441,3494800
2022-09-15,50.25,50.639999,50.029999,50.119999,44.324261,3473300
2022-09-16,49.669998,49.919998,49.48,49.740002,43.988213,5591300
2022-09-19,48.970001,49.720001,48.939999,49.700001,44.20166,4662200
2022-09-20,49.09,49.209999,48.73,49,43.579098,5379200
2022-09-21,48.93,49.279999,48.299999,48.299999,42.956539,6743100
2022-09-22,48.450001,48.529999,47.959999,48.150002,42.823132,9907200
2022-09-23,47.119999,47.169998,46.369999,46.689999,41.524654,9985300
2022-09-26,46.220001,46.619999,45.790001,45.970001,40.884304,10998400
2022-09-27,46.209999,46.470001,45.52,45.75,40.688644,8675900
2022-09-28,45.700001,46.790001,45.549999,46.630001,41.471294,9020800
2022-09-29,45.860001,45.950001,45.349998,45.91,40.830948,10262900
2022-09-30,45.740002,46.34,45.700001,45.77,40.706436,12438800
2022-10-03,46.209999,46.880001,46.049999,46.740002,41.56913,6893500
2022-10-04,47.810001,48.459999,47.779999,48.400002,43.045479,5834900
2022-10-05,47.77,48.23,47.439999,47.970001,42.663044,5350100
2022-10-06,47.610001,47.82,47.279999,47.310001,42.076061,5766500
2022-10-07,47.07,47.09,46.349998,46.490002,41.346786,6630100
2022-10-10,46.41,46.490002,45.900002,46.130001,41.026615,5955600
2022-10-11,45.740002,46.200001,45.389999,45.52,40.484093,5975800
2022-10-12,45.450001,45.689999,45.290001,45.450001,40.421833,7827500
2022-10-13,44.560001,46.380001,44.419998,46.18,41.071075,9492700
2022-10-14,46.509998,46.529999,45.400002,45.450001,40.421833,5783200
2022-10-17,46.459999,46.810001,46.419998,46.619999,41.462399,5545800
2022-10-18,47.23,47.279999,46.5,46.860001,41.675838,6599200
2022-10-19,46.290001,46.540001,45.939999,46.189999,41.07996,5362700
2022-10-20,46.34,46.950001,46.150002,46.240002,41.124432,5130600
2022-10-21,45.860001,47.060001,45.75,47.040001,41.835934,7106400
2022-10-24,46.419998,46.650002,46.080002,46.52,41.373459,10249900
2022-10-25,46.73,47.389999,46.73,47.32,42.084957,5486000
2022-10-26,47.349998,48.209999,47.349998,47.869999,42.574104,5959500
2022-10-27,47.689999,48.099998,47.450001,47.5,42.245045,7565600
2022-10-28,47.220001,47.740002,47.119999,47.73,42.449596,6966200
2022-10-31,47.23,47.459999,47.18,47.330002,42.093853,7571800
2022-11-01,48.369999,48.41,47.700001,47.849998,42.556316,4575300
2022-11-02,47.919998,48.540001,47.23,47.25,42.022697,9256700
2022-11-03,46.68,47.259998,46.68,47.080002,41.871506,6922100
2022-11-04,48.529999,48.939999,48.209999,48.880001,43.47237,6595900
2022-11-07,49.060001,49.169998,48.84,49.02,43.596878,4987900
2022-11-08,49.25,49.799999,49.150002,49.549999,44.068245,5489900
2022-11-09,49.139999,49.450001,48.73,48.75,43.356747,4931000
2022-11-10,50.540001,51.16,50.310001,51.150002,45.491241,6188000
2022-11-11,51.66,52.259998,51.560001,52.169998,46.398399,5701100
2022-11-14,51.75,52.080002,51.650002,51.669998,45.953709,4871300
2022-11-15,52.639999,52.720001,51.759998,52.189999,46.41618,5610700
2022-11-16,52.040001,52.130001,51.689999,51.810001,46.078228,4175000
2022-11-17,51.080002,51.869999,51.080002,51.849998,46.1138,3871300
2022-11-18,51.91,51.98,51.610001,51.790001,46.06044,2951400
2022-11-21,51.330002,51.419998,51.099998,51.360001,45.678005,3561200
2022-11-22,51.59,51.98,51.529999,51.970001,46.220524,2667300
2022-11-23,52.02,52.529999,52.02,52.5,46.691898,3692000
2022-11-25,52.529999,52.720001,52.470001,52.619999,46.798607,1578000
2022-11-28,52.290001,52.66,52,52.029999,46.273888,4598400
2022-11-29,52.400002,52.68,52.290001,52.439999,46.638527,2997000
2022-11-30,52.98,53.669998,52.549999,53.5,47.581249,4961800
2022-12-01,53.91,54.049999,53.540001,53.779999,47.830284,3770100
2022-12-02,53.330002,53.990002,53.279999,53.830002,47.874752,3303500
2022-12-05,53.73,53.790001,52.959999,53.09,47.216618,4105300
2022-12-06,53.169998,53.259998,52.650002,52.849998,47.003166,5205700
2022-12-07,52.720001,52.959999,52.57,52.73,46.896439,3219200
2022-12-08,52.880001,53.18,52.779999,53.110001,47.234409,3201300
2022-12-09,53.189999,53.459999,53.009998,53.029999,47.163254,3216500
2022-12-12,52.919998,53.07,52.73,53.07,47.198833,4744800
2022-12-13,54.490002,54.5,53.560001,53.700001,47.759132,3633700
2022-12-14,53.720001,54.049999,53.290001,53.630001,47.696884,4006500
2022-12-15,53.07,53.110001,52.200001,52.349998,46.558487,4274000
2022-12-16,52.150002,52.34,51.880001,52.060001,46.30056,3589500
2022-12-19,51.709999,51.709999,51.25,51.369999,46.245644,3994600
2022-12-20,51.349998,51.75,51.330002,51.529999,46.38969,4195900
2022-12-21,51.740002,52.119999,51.669998,52.02,46.830811,5665500
2022-12-22,51.830002,51.830002,51.169998,51.619999,46.470703,10104500
2022-12-23,51.5,51.82,51.400002,51.740002,46.578747,3930600
2022-12-27,51.880001,52.209999,51.869999,52.02,46.830811,4810400
2022-12-28,52.029999,52.189999,51.400002,51.400002,46.272655,3637100
2022-12-29,51.939999,52.32,51.93,52.240002,47.028866,4300000
2022-12-30,51.900002,52.099998,51.599998,51.720001,46.560738,6677100
2023-01-03,52.240002,52.59,51.860001,52.07,46.875824,4103100
2023-01-04,52.799999,53.049999,52.450001,52.959999,47.677044,4198000
2023-01-05,52.459999,52.669998,52.360001,52.5,47.262932,3114200
2023-01-06,52.779999,53.77,52.509998,53.73,48.370235,3166800
2023-01-09,54.259998,54.509998,54.02,54.02,48.631302,3391800
2023-01-10,53.98,54.25,53.849998,54.240002,48.829361,2874100
2023-01-11,54.400002,54.57,54.23,54.57,49.126434,3178900
2023-01-12,54.950001,55.32,54.389999,55.23,49.720604,2455000
2023-01-13,55.049999,55.57,55,55.540001,49.999687,2909600
2023-01-17,55.52,55.75,55.419998,55.580002,50.035694,3188700
2023-01-18,56.209999,56.259998,55.279999,55.279999,49.765614,6172400
2023-01-19,55.290001,55.509998,55.080002,55.389999,49.864643,2565900
2023-01-20,55.459999,55.959999,55.299999,55.939999,50.359776,2677600
2023-01-23,55.849998,56.290001,55.799999,56.209999,50.602837,4040100
2023-01-24,55.959999,56.299999,55.82,56.220001,50.611847,4162200
2023-01-25,56,56.48,55.860001,56.450001,50.818897,2680100
2023-01-26,56.610001,56.709999,56.23,56.650002,50.998959,2630800
2023-01-27,56.400002,56.639999,56.259998,56.52,50.881916,2768200
2023-01-30,56.139999,56.330002,55.919998,55.93,50.350777,2793900
2023-01-31,55.790001,56.23,55.639999,56.209999,50.602837,2668200
2023-02-01,56.27,56.950001,55.82,56.740002,51.079971,3922100
2023-02-02,56.919998,56.919998,56.310001,56.599998,50.953934,3387700
2023-02-03,56,56.419998,55.830002,55.93,50.350777,3150200
2023-02-06,55.299999,55.439999,55.02,55.349998,49.828629,3510600
2023-02-07,55.139999,55.830002,55.009998,55.73,50.170727,3316700
2023-02-08,55.68,55.77,55.330002,55.48,49.945663,2488500
2023-02-09,56.240002,56.259998,55.439999,55.580002,50.035694,2396700
2023-02-10,55.330002,55.41,55.09,55.32,49.801624,2398500
2023-02-13,55.41,55.82,55.330002,55.790001,50.224743,2067000
2023-02-14,55.459999,56.060001,55.299999,55.799999,50.233734,2879600
2023-02-15,55.139999,55.52,55.060001,55.52,49.981674,2293100
2023-02-16,55.110001,55.619999,55.009998,55.299999,49.783619,2350500
2023-02-17,54.98,55.290001,54.84,55.25,49.738613,2410700
2023-02-21,54.91,55.040001,54.560001,54.599998,49.153446,2598600
2023-02-22,54.509998,54.59,54.169998,54.290001,48.874371,2692700
2023-02-23,54.669998,54.720001,54.119999,54.57,49.126434,2748800
2023-02-24,53.619999,53.77,53.419998,53.669998,48.316216,2757200
2023-02-27,54.200001,54.32,54.040001,54.189999,48.784348,2897200
2023-02-28,54.040001,54.169998,53.810001,53.810001,48.442253,3287000
2023-03-01,54.470001,54.580002,54.200001,54.360001,48.937386,3215400
2023-03-02,53.990002,54.529999,53.959999,54.48,49.045418,2149000
2023-03-03,54.73,55.220001,54.619999,55.169998,49.666592,1827700
2023-03-06,55.09,55.279999,54.98,55.049999,49.558548,2468500
2023-03-07,54.900002,54.91,54.02,54.110001,48.712334,3061400
2023-03-08,54.200001,54.52,54.130001,54.360001,48.937386,2150800
2023-03-09,54.32,54.470001,53.669998,53.73,48.370235,2481400
2023-03-10,53.77,53.919998,53.200001,53.27,47.956123,4411100
2023-03-13,52.810001,53.419998,52.68,53.02,47.731056,4665600
2023-03-14,53.330002,53.549999,53.130001,53.490002,48.154175,2621500
2023-03-15,51.830002,52.16,51.5,52.099998,46.902824,3570300
2023-03-16,51.830002,52.860001,51.82,52.849998,47.578014,3506700
2023-03-17,52.52,52.580002,52.130001,52.330002,47.10989,2269900
2023-03-20,52.57,52.950001,52.470001,52.849998,47.688286,2603800
2023-03-21,53.43,53.57,53.189999,53.48,48.256752,2296900
2023-03-22,53.529999,54.240002,53.32,53.34,48.130424,2570100
2023-03-23,53.950001,54.290001,53.299999,53.549999,48.31992,3223700
2023-03-24,53.110001,53.419998,52.91,53.41,48.193588,2324000
2023-03-27,53.59,53.73,53.41,53.689999,48.446243,2121000
2023-03-28,53.720001,53.959999,53.720001,53.91,48.64476,1786900
2023-03-29,54.23,54.450001,54.209999,54.419998,49.104942,1792100
2023-03-30,55,55.07,54.889999,55.02,49.646339,2540100
2023-03-31,55.16,55.32,55.09,55.209999,49.81778,2468200
2023-04-03,55.299999,55.630001,55.259998,55.610001,50.178722,3127300
2023-04-04,55.599998,55.77,55.41,55.580002,50.151649,3083700
2023-04-05,55.330002,55.419998,55,55.189999,49.799744,3383100
2023-04-06,55.09,55.52,55.040001,55.380001,49.971184,2284700
2023-04-10,55.099998,55.419998,55.049999,55.419998,50.007275,2356300
2023-04-11,55.639999,55.779999,55.580002,55.669998,50.232861,2416900
2023-04-12,56.080002,56.130001,55.709999,55.82,50.36821,2322500
2023-04-13,56.27,56.599998,56.27,56.549999,51.026913,1832500
2023-04-14,56.490002,56.630001,56.07,56.32,50.819374,1834200
2023-04-17,56.299999,56.34,56.060001,56.32,50.819374,1978500
2023-04-18,56.560001,56.610001,56.380001,56.5,50.981796,2400900
2023-04-19,56.110001,56.259998,56.060001,56.16,50.675003,1393200
2023-04-20,56.16,56.59,56,56.150002,50.665981,1877500
2023-04-21,56,56.18,55.759998,56.16,50.675003,1787300
2023-04-24,56.110001,56.240002,56.07,56.240002,50.747192,2052900
2023-04-25,55.84,55.84,55.330002,55.349998,49.944118,1950600
2023-04-26,55.73,55.77,55.360001,55.419998,50.007275,1826700
2023-04-27,55.689999,56.150002,55.619999,56.130001,50.647934,1952000
2023-04-28,55.799999,56.259998,55.799999,56.25,50.756214,2021600
2023-05-01,56.23,56.43,56.110001,56.139999,50.656956,2565800
2023-05-02,55.689999,55.720001,55.240002,55.549999,50.12458,2862700
2023-05-03,55.700001,56.040001,55.610001,55.619999,50.18774,2268400
2023-05-04,55.68,55.900002,55.57,55.720001,50.277985,2554100
2023-05-05,55.959999,56.610001,55.950001,56.52,50.99984,1604100
2023-05-08,56.66,56.689999,56.459999,56.560001,51.035938,1738000
2023-05-09,56.09,56.360001,56.029999,56.299999,50.801331,2423700
2023-05-10,56.400002,56.400002,55.91,56.259998,50.765232,1987600
2023-05-11,55.869999,56.029999,55.630001,56.02,50.548679,2830500
2023-05-12,56.029999,56.029999,55.599998,55.77,50.323097,3428600
2023-05-15,56.040001,56.380001,55.98,56.360001,50.855476,1699900
2023-05-16,56.09,56.18,55.830002,55.830002,50.377235,1936100
2023-05-17,55.900002,56.139999,55.700001,56.119999,50.638912,2221800
2023-05-18,55.939999,55.950001,55.639999,55.939999,50.47649,2205700
2023-05-19,56.119999,56.279999,56.02,56.130001,50.647934,1661800
2023-05-22,56.220001,56.400002,56.220001,56.299999,50.801331,2207300
2023-05-23,55.799999,55.91,55.48,55.48,50.061409,2572800
2023-05-24,55.130001,55.139999,54.77,54.82,49.465881,2373800
2023-05-25,54.830002,54.830002,54.5,54.68,49.339554,2443100
2023-05-26,54.990002,55.369999,54.970001,55.32,49.917042,2500600
2023-05-30,55.220001,55.220001,54.639999,54.799999,49.447834,2233000
2023-05-31,54.299999,54.349998,53.900002,54.279999,48.978611,2357100
2023-06-01,54.52,55.169998,54.52,55.130001,49.745609,2894600
2023-06-02,55.869999,55.990002,55.790001,55.939999,50.47649,2623500
2023-06-05,55.830002,55.880001,55.630001,55.689999,50.250904,2550200
2023-06-06,55.689999,56.189999,55.689999,56.16,50.675003,2447300
2023-06-07,56.029999,56.23,55.689999,55.740002,50.296028,1755200
2023-06-08,55.93,56.25,55.880001,56.23,50.738167,1412600
2023-06-09,56.23,56.41,56.16,56.27,50.774254,1775800
2023-06-12,56.380001,56.48,56.27,56.470001,50.954731,1808700
2023-06-13,57,57.130001,56.880001,57,51.432968,1926200
2023-06-14,57.189999,57.450001,56.889999,57.23,51.640499,2028600
2023-06-15,57.240002,57.790001,57.220001,57.759998,52.118732,2120600
2023-06-16,57.990002,57.990002,57.599998,57.619999,51.992409,2252900
2023-06-20,56.369999,56.439999,56.049999,56.169998,51.233524,2771400
2023-06-21,56.02,56.369999,56.009998,56.220001,51.27914,1739300
2023-06-22,55.84,55.970001,55.77,55.919998,51.005501,2190900
2023-06-23,55.009998,55.16,54.959999,55.049999,50.21196,7258500
2023-06-26,55.09,55.310001,55.09,55.189999,50.339661,2501900
2023-06-27,55.41,55.689999,55.25,55.66,50.768345,1844000
2023-06-28,55.470001,55.669998,55.419998,55.599998,50.713627,1606200
2023-06-29,55.32,55.5,55.259998,55.5,50.622417,1889000
2023-06-30,55.98,56.18,55.900002,56.080002,51.151443,1939500
2023-07-03,56.290001,56.439999,56.220001,56.310001,51.361225,1706400
2023-07-05,55.950001,55.950001,55.700001,55.77,50.868679,1914700
2023-07-06,54.990002,55,54.509998,54.77,49.956562,2333700
2023-07-07,54.889999,55.540001,54.889999,55.299999,50.439987,1803500
2023-07-10,55.080002,55.41,55.080002,55.389999,50.522083,1898600
2023-07-11,55.66,55.939999,55.52,55.93,51.014622,1476200
2023-07-12,56.650002,57.009998,56.599998,56.970001,51.963223,2188600
2023-07-13,57.529999,57.849998,57.52,57.779999,52.702038,2161400
2023-07-14,57.689999,57.73,57.400002,57.459999,52.410156,1730500
2023-07-17,57.259998,57.540001,57.130001,57.490002,52.437523,2252900
2023-07-18,57.439999,57.740002,57.349998,57.66,52.592587,1578600
2023-07-19,57.700001,57.830002,57.5,57.630001,52.56522,1793600
2023-07-20,57.48,57.619999,57.23,57.299999,52.264221,1699600
2023-07-21,57.439999,57.48,57.279999,57.389999,52.34631,1502100
2023-07-24,57.27,57.630001,57.240002,57.509998,52.455765,1521100
2023-07-25,57.630001,57.810001,57.630001,57.73,52.656429,1926100
2023-07-26,57.459999,58.060001,57.419998,57.919998,52.829731,1633100
2023-07-27,58.189999,58.200001,57.490002,57.549999,52.492256,2271500
2023-07-28,58.18,58.380001,58.049999,58.259998,53.139854,2254000
2023-07-31,58.23,58.419998,58.200001,58.259998,53.139854,2287900
2023-08-01,57.709999,57.849998,57.459999,57.57,52.51049,1959300
2023-08-02,56.82,56.84,56.349998,56.450001,51.488922,2799300
2023-08-03,56.150002,56.540001,56.119999,56.380001,51.425076,2477100
2023-08-04,56.619999,57.060001,56.459999,56.529999,51.561893,1814200
2023-08-07,56.830002,56.860001,56.540001,56.84,51.84465,1771500
2023-08-08,56.110001,56.400002,55.939999,56.369999,51.415955,2076100
2023-08-09,56.52,56.599998,56.259998,56.419998,51.461555,1549800
2023-08-10,56.93,57.259998,56.509998,56.57,51.598373,2045600
2023-08-11,56.16,56.330002,56.009998,56.130001,51.197037,1869400
2023-08-14,55.630001,55.93,55.43,55.880001,50.969013,2127900
2023-08-15,55.580002,55.580002,55.099998,55.189999,50.339661,2115300
2023-08-16,55,55.200001,54.75,54.759998,49.947453,1758200
2023-08-17,55.07,55.130001,54.470001,54.52,49.728539,1800000
2023-08-18,54.080002,54.509998,54.049999,54.43,49.64645,1989200
2023-08-21,54.529999,54.630001,54.279999,54.59,49.792385,1878600
2023-08-22,54.799999,54.830002,54.439999,54.490002,49.701176,1998700
2023-08-23,54.700001,55.220001,54.700001,55.139999,50.294044,1802800
2023-08-24,54.950001,55.119999,54.509998,54.529999,49.737659,1836400
2023-08-25,54.799999,54.990002,54.34,54.82,50.002174,1529500
2023-08-28,55.130001,55.369999,55.110001,55.330002,50.467354,2097700
2023-08-29,55.290001,56.07,55.23,56.040001,51.11496,1869600
2023-08-30,56.009998,56.220001,55.919998,56.02,51.096714,2064900
2023-08-31,55.939999,55.970001,55.580002,55.700001,50.804836,2065100
2023-09-01,56.290001,56.349998,55.790001,55.93,51.014622,1793800
2023-09-05,55.75,55.75,55.439999,55.450001,50.576805,2316000
2023-09-06,55.380001,55.549999,55.09,55.259998,50.403503,1802700
2023-09-07,55,55.09,54.82,54.950001,50.120758,1677600
2023-09-08,54.91,55.07,54.849998,54.919998,50.093384,1841100
2023-09-11,55.41,55.549999,55.27,55.540001,50.658894,2230000
2023-09-12,55.16,55.490002,55.16,55.310001,50.449108,1669100
2023-09-13,55.23,55.369999,55.080002,55.189999,50.339661,1796400
2023-09-14,55.599998,55.880001,55.52,55.799999,50.896046,1666700
2023-09-15,55.849998,56.009998,55.630001,55.669998,50.77747,1809400
2023-09-18,55.189999,55.25,54.990002,55.18,50.59866,1987000
2023-09-19,55.209999,55.32,55.009998,55.139999,50.561977,1603800
2023-09-20,55.299999,55.580002,54.939999,54.970001,50.406101,2383700
2023-09-21,54.41,54.490002,54.049999,54.060001,49.571651,4698200
2023-09-22,54.48,54.650002,54.220001,54.27,49.764214,2287000
2023-09-25,53.860001,54.099998,53.779999,54.080002,49.589989,2065600
2023-09-26,53.619999,53.759998,53.290001,53.32,48.893085,2410000
2023-09-27,53.549999,53.580002,52.959999,53.299999,48.874748,2665700
2023-09-28,53.200001,53.75,53.169998,53.630001,49.177353,3518500
2023-09-29,54.119999,54.130001,53.419998,53.52,49.076485,2782500
2023-10-02,53.25,53.360001,52.709999,52.830002,48.443768,3277600
2023-10-03,52.380001,52.509998,52.02,52.18,47.847736,5152100
2023-10-04,52.240002,52.240002,51.790001,52.150002,47.820232,3405600
2023-10-05,52.349998,52.580002,52.189999,52.509998,48.150337,3195300
2023-10-06,52.490002,53.27,52.220001,53.16,48.746376,3058000
2023-10-09,52.599998,53.09,52.580002,53.049999,48.645504,2782700
2023-10-10,53.540001,53.919998,53.5,53.77,49.305725,2393200
2023-10-11,54.029999,54.139999,53.689999,53.990002,49.507465,1956000
2023-10-12,54.02,54.07,53.27,53.470001,49.030636,2259000
2023-10-13,53.380001,53.52,52.950001,53.09,48.68219,2034800
2023-10-16,53.16,53.5,53.080002,53.490002,49.048981,1935100
2023-10-17,53,53.66,53,53.450001,49.012299,2607200
2023-10-18,52.959999,53.029999,52.490002,52.540001,48.177845,1906700
2023-10-19,52.369999,52.68,52.09,52.18,47.847736,2802800
2023-10-20,51.919998,52.029999,51.610001,51.630001,47.343403,2600100
2023-10-23,51.400002,51.93,51.189999,51.610001,47.325066,3904500
2023-10-24,51.759998,52.060001,51.73,51.98,47.664337,1956200
2023-10-25,51.68,51.880001,51.450001,51.490002,47.215027,2575600
2023-10-26,51.290001,51.439999,51.009998,51.200001,46.949104,2758000
2023-10-27,51.57,51.610001,50.950001,51.060001,46.820728,3684100
2023-10-30,51.669998,51.77,51.43,51.689999,47.398415,4158000
2023-10-31,51.630001,51.759998,51.439999,51.720001,47.425926,2825300
2023-11-01,51.830002,52.23,51.75,52.23,47.893585,4148400
2023-11-02,53.029999,53.299999,52.939999,53.290001,48.865589,3013000
2023-11-03,53.830002,54.150002,53.799999,54.009998,49.525803,2667800
2023-11-06,54.16,54.200001,53.82,53.950001,49.470787,2964700
2023-11-07,53.52,53.700001,53.380001,53.619999,49.168175,2047300
2023-11-08,53.529999,53.709999,53.330002,53.459999,49.021465,2281200
2023-11-09,53.779999,53.939999,53.310001,53.349998,48.920597,1889300
2023-11-10,53.310001,53.650002,53.049999,53.630001,49.177353,2050400
2023-11-13,53.43,53.84,53.369999,53.740002,49.278225,2098600
2023-11-14,54.549999,55.18,54.52,55.099998,50.525303,3403700
2023-11-15,55.25,55.450001,55.130001,55.189999,50.60783,1981600
2023-11-16,54.889999,55.150002,54.77,54.950001,50.387764,2066400
2023-11-17,55.349998,55.540001,55.25,55.52,50.910439,1595900
2023-11-20,55.509998,55.91,55.509998,55.84,51.203861,2887500
2023-11-21,55.779999,55.84,55.5,55.59,50.974617,2206500
2023-11-22,55.57,55.669998,55.369999,55.639999,51.02047,1890500
2023-11-24,55.669998,55.939999,55.669998,55.939999,51.295559,1552700
2023-11-27,55.799999,55.82,55.630001,55.77,51.139675,2031700
2023-11-28,55.759998,56.099998,55.689999,55.959999,51.313896,2557600
2023-11-29,55.970001,56.139999,55.869999,55.939999,51.295559,1990300
2023-11-30,55.98,56.07,55.73,55.98,51.332237,1937100
2023-12-01,55.810001,56.509998,55.810001,56.490002,51.799904,2081500
2023-12-04,55.970001,56.18,55.830002,55.990002,51.341415,3437400
2023-12-05,55.77,55.950001,55.650002,55.810001,51.176357,2200700
2023-12-06,56.27,56.349998,55.860001,55.869999,51.231373,1972000
2023-12-07,56.040001,56.25,55.830002,56.150002,51.488125,2294600
2023-12-08,55.900002,56.279999,55.900002,56.139999,51.478954,2178900
2023-12-11,56.060001,56.34,56.040001,56.259998,51.588989,3839100
2023-12-12,56.16,56.32,55.950001,56.32,51.644016,3818900
2023-12-13,56.259998,57.139999,56.02,57.139999,52.395939,2866300
2023-12-14,57.509998,57.869999,57.48,57.720001,52.927784,2862200
2023-12-15,57.490002,57.57,57.130001,57.200001,52.450954,2691600
2023-12-18,56.509998,56.52,56.279999,56.459999,52.550549,3549800
2023-12-19,56.73,56.990002,56.73,56.970001,53.025227,2407100
2023-12-20,56.880001,56.990002,56.220001,56.25,52.355083,3204700
2023-12-21,56.93,57.240002,56.82,57.240002,53.276535,12871400
2023-12-22,57.209999,57.389999,57.080002,57.259998,53.295147,3432300
2023-12-26,57.290001,57.610001,57.290001,57.540001,53.555763,2525200
2023-12-27,57.66,57.919998,57.639999,57.889999,53.881523,3212600
2023-12-28,57.98,58.18,57.880001,57.919998,53.909451,2710800
2023-12-29,57.939999,58.130001,57.810001,57.959999,53.946682,3388500
2024-01-02,57.450001,57.57,57.23,57.299999,53.332378,4894700
2024-01-03,56.709999,57.09,56.66,56.939999,52.997307,2821600
2024-01-04,56.889999,57.25,56.860001,56.970001,53.025227,3200900
2024-01-05,56.939999,57.48,56.880001,57.009998,53.062454,3038100
2024-01-08,56.950001,57.5,56.950001,57.48,53.499916,2776600
2024-01-09,56.93,57.040001,56.48,56.919998,52.978687,4375900
2024-01-10,57.09,57.240002,57.02,57.169998,53.21138,2543100
2024-01-11,57.290001,57.400002,56.720001,57.200001,53.239304,2446400
2024-01-12,57.580002,57.759998,57.32,57.400002,53.425449,2771100
2024-01-16,56.66,56.700001,56.279999,56.360001,52.457466,3316000
2024-01-17,55.529999,55.75,55.400002,55.740002,51.880402,2601900
2024-01-18,56,56.16,55.849998,56.16,52.271313,2597600
2024-01-19,56.080002,56.439999,55.91,56.439999,52.531921,2556200
2024-01-22,56.34,56.59,56.32,56.41,52.504005,3432500
2024-01-23,56.310001,56.470001,56.189999,56.450001,52.541233,2770400
2024-01-24,57.209999,57.240002,56.849998,56.849998,52.913536,3530800
2024-01-25,57.029999,57.049999,56.75,57,53.05315,3036200
2024-01-26,57.169998,57.310001,57.110001,57.18,53.220684,2854900
2024-01-29,57.240002,57.509998,57.07,57.450001,53.471996,3030200
2024-01-30,57.18,57.310001,57.029999,57.27,53.304455,3300900
2024-01-31,57.369999,57.599998,56.880001,56.970001,53.025227,5887200
2024-02-01,57.169998,57.52,57.029999,57.5,53.518536,3248700
2024-02-02,57.110001,57.150002,56.860001,57.099998,53.146225,3223000
2024-02-05,56.790001,56.970001,56.57,56.849998,52.913536,2610000
2024-02-06,57.09,57.470001,57.049999,57.450001,53.471996,4226300
2024-02-07,57.41,57.549999,57.349998,57.459999,53.481297,2474600
2024-02-08,57.349998,57.360001,57.150002,57.310001,53.34169,2904000
2024-02-09,57.360001,57.580002,57.18,57.549999,53.565063,2380500
2024-02-12,57.529999,57.91,57.52,57.720001,53.723301,3006000
2024-02-13,57.029999,57.110001,56.48,56.700001,52.773922,3887400
2024-02-14,57.150002,57.419998,57.099998,57.400002,53.425449,2604300
2024-02-15,57.610001,57.98,57.610001,57.959999,53.946682,2462700
2024-02-16,58.049999,58.330002,57.919998,58.080002,54.058372,2861300
2024-02-20,58.400002,58.450001,58.119999,58.259998,54.22591,2967300
2024-02-21,58.220001,58.330002,58.080002,58.32,54.28175,2116300
2024-02-22,58.790001,58.959999,58.68,58.919998,54.840206,2640100
2024-02-23,58.959999,59.049999,58.849998,58.950001,54.86813,1991400
2024-02-26,58.939999,58.950001,58.740002,58.82,54.747124,2971300
2024-02-27,58.900002,58.990002,58.84,58.93,54.849518,2240600
2024-02-28,58.540001,58.599998,58.43,58.5,54.449287,2878200
2024-02-29,58.759998,58.869999,58.419998,58.630001,54.57029,2749200
2024-03-01,58.990002,59.34,58.77,59.299999,55.19389,2853600
2024-03-04,59.18,59.23,59.060001,59.119999,55.02636,2724100
2024-03-05,59.080002,59.290001,58.779999,58.900002,54.82159,2591100
2024-03-06,59.610001,59.830002,59.529999,59.66,55.528969,10963800
2024-03-07,59.98,60.299999,59.919998,60.23,56.059498,7707300
2024-03-08,60.419998,60.509998,60,60.060001,55.901268,4518700
2024-03-11,59.740002,59.91,59.650002,59.860001,55.715115,4798500
2024-03-12,60.009998,60.349998,59.82,60.349998,56.171177,3032600
2024-03-13,60.209999,60.400002,60.169998,60.259998,56.087418,2916600
2024-03-14,60.259998,60.330002,59.66,59.880001,55.733738,5410000
2024-03-15,59.720001,59.799999,59.439999,59.59,55.672073,4875100
2024-03-18,59.779999,59.830002,59.540001,59.599998,55.681408,3311000
2024-03-19,59.5,59.759998,59.369999,59.619999,55.700096,3027400
2024-03-20,59.599998,60.310001,59.57,60.259998,56.298016,5097800
2024-03-21,60.450001,60.490002,60.259998,60.27,56.307362,2407800
2024-03-22,60.18,60.200001,59.98,60.040001,56.092487,2489800
2024-03-25,59.919998,60.150002,59.889999,59.990002,56.045769,2756500
2024-03-26,60.220001,60.220001,59.990002,59.990002,56.045769,1849800
2024-03-27,60.080002,60.330002,60.02,60.32,56.354076,2444300
2024-03-28,60.240002,60.419998,60.240002,60.299999,56.335388,3008700
2024-04-01,60.450001,60.509998,60.049999,60.189999,56.23262,3578400
2024-04-02,59.900002,59.990002,59.799999,59.939999,55.999058,2280700
2024-04-03,59.790001,60.32,59.790001,60.200001,56.241959,2763500
2024-04-04,60.639999,60.689999,59.759998,59.790001,55.858917,2347200
2024-04-05,59.77,60.130001,59.639999,60.009998,56.064461,2846600
2024-04-08,60.349998,60.43,60.23,60.310001,56.344734,2892000
2024-04-09,60.630001,60.700001,60.18,60.470001,56.494205,3960400
2024-04-10,59.630001,59.869999,59.419998,59.619999,55.700096,2921600
2024-04-11,59.860001,59.900002,59.279999,59.830002,55.896294,2378700
2024-04-12,59.279999,59.41,58.700001,58.790001,54.924667,3892600
2024-04-15,59.360001,59.41,58.439999,58.52,54.672424,4267600
2024-04-16,57.970001,58.139999,57.700001,57.860001,54.055817,3152700
2024-04-17,58.189999,58.240002,57.68,57.900002,54.093185,3299900
2024-04-18,58.02,58.279999,57.799999,57.91,54.102528,2140000
2024-04-19,57.849998,58.080002,57.740002,57.889999,54.083843,2536000
2024-04-22,58.130001,58.639999,58.040001,58.490002,54.644398,2439400
2024-04-23,58.580002,59.110001,58.560001,59.049999,55.167572,2253600
2024-04-24,59.16,59.16,58.759998,58.970001,55.092831,1897600
2024-04-25,58.279999,58.939999,58.169998,58.860001,54.990067,2075000
2024-04-26,59.130001,59.41,59.119999,59.34,55.438507,3367500
2024-04-29,59.560001,59.77,59.490002,59.709999,55.784176,4217300
2024-04-30,59.400002,59.549999,58.900002,58.900002,55.027439,2935600
2024-05-01,58.880001,59.549999,58.73,58.849998,54.980717,3866400
2024-05-02,59.540001,59.98,59.27,59.860001,55.924313,2078200
2024-05-03,60.369999,60.540001,60.029999,60.389999,56.419476,3988200
2024-05-06,60.580002,60.740002,60.549999,60.720001,56.727772,4036400
2024-05-07,60.759998,60.799999,60.57,60.68,56.690403,4436900
2024-05-08,60.330002,60.599998,60.310001,60.599998,56.615658,4012900
2024-05-09,60.599998,60.970001,60.560001,60.970001,56.961342,2175700
2024-05-10,61.23,61.27,60.990002,61.049999,57.036079,2393700
2024-05-13,61.23,61.330002,61.07,61.150002,57.129501,2342100
2024-05-14,61.360001,61.549999,61.299999,61.529999,57.48452,2675300
2024-05-15,61.830002,62.16,61.68,62.150002,58.063751,1695800
2024-05-16,62.110001,62.169998,61.939999,61.939999,57.867565,2526400
2024-05-17,61.990002,62.240002,61.919998,62.209999,58.119804,3793600
2024-05-20,62.169998,62.349998,62.130001,62.209999,58.119804,2961700
2024-05-21,61.970001,62.09,61.900002,62.029999,57.951641,2340700
2024-05-22,61.790001,61.810001,61.41,61.560001,57.51255,2294200
2024-05-23,61.990002,61.990002,61.049999,61.150002,57.129501,10630100
2024-05-24,61.470001,61.709999,61.419998,61.639999,57.58728,2092200
2024-05-28,61.860001,61.919998,61.439999,61.619999,57.568604,3560600
2024-05-29,60.919998,61.139999,60.57,60.59,56.606323,3623800
2024-05-30,60.779999,61.119999,60.77,60.970001,56.961342,2607500
2024-05-31,61.130001,61.27,60.75,61.27,57.241611,3007300
2024-06-03,61.57,61.68,61.25,61.529999,57.48452,2667500
2024-06-04,61.23,61.34,60.849998,61.130001,57.110817,1771600
2024-06-05,61.389999,61.68,61.200001,61.68,57.624657,2453800
2024-06-06,61.68,61.889999,61.68,61.880001,57.811508,1847400
2024-06-07,61.610001,61.610001,61.150002,61.18,57.157532,2295100
2024-06-10,61.040001,61.41,60.919998,61.34,57.307014,2255500
2024-06-11,60.810001,60.970001,60.509998,60.790001,56.793175,2731300
2024-06-12,61.700001,61.860001,61.369999,61.43,57.391094,1864100
2024-06-13,61.18,61.18,60.57,60.790001,56.793175,1701000
2024-06-14,60.290001,60.450001,60.080002,60.450001,56.475529,2087500
2024-06-17,60.25,60.700001,60.169998,60.66,56.671719,2108900
2024-06-18,60.669998,61.02,60.66,60.939999,56.933311,2862900
2024-06-20,60.98,61.049999,60.720001,60.900002,56.895943,2244300
2024-06-21,60.09,60.16,59.970001,60.060001,56.56068,2618200
2024-06-24,60.439999,60.779999,60.349998,60.5,56.975048,3018700
2024-06-25,60.470001,60.560001,60.32,60.5,56.975048,6306900
2024-06-26,60.060001,60.25,59.990002,60.139999,56.636021,2791100
2024-06-27,60.299999,60.439999,60.16,60.25,56.739613,2272800
2024-06-28,60.389999,60.529999,60.119999,60.299999,56.786701,3789700
2024-07-01,60.619999,60.759998,60.27,60.369999,56.852615,2866100
2024-07-02,60.259998,60.599998,60.189999,60.599998,57.069218,3783600
2024-07-03,60.959999,61.360001,60.939999,61.32,57.747269,1680100
2024-07-05,61.68,61.709999,61.220001,61.630001,58.039207,2253000
2024-07-08,61.650002,61.73,61.41,61.450001,57.86969,3249200
2024-07-09,61.389999,61.470001,61.189999,61.34,57.766102,2586500
2024-07-10,61.73,62.09,61.66,62.060001,58.444153,2257400
2024-07-11,62.48,62.639999,62.279999,62.349998,58.717255,2458800
2024-07-12,62.689999,63.099998,62.689999,62.889999,59.225796,2179400
2024-07-15,62.709999,62.720001,62.310001,62.369999,58.736092,2028700
2024-07-16,62.290001,62.75,62.240002,62.720001,59.065697,2049900
2024-07-17,62.330002,62.529999,62.189999,62.240002,58.613667,2800600
2024-07-18,62.279999,62.380001,61.529999,61.639999,58.048622,2073900
2024-07-19,61.369999,61.470001,61.169998,61.23,57.662514,1618700
2024-07-22,61.639999,61.799999,61.509998,61.790001,58.189884,2092600
2024-07-23,61.5,61.540001,61.360001,61.419998,57.841442,1908100
2024-07-24,61.220001,61.32,60.639999,60.650002,57.116302,1938400
2024-07-25,60.310001,60.860001,60.080002,60.349998,56.833782,1933200
2024-07-26,60.830002,61.189999,60.810001,61.110001,57.549503,1808400
2024-07-29,61.02,61.080002,60.68,60.849998,57.304649,1871100
2024-07-30,61.009998,61.099998,60.709999,60.880001,57.332909,1711900
2024-07-31,61.82,62.139999,61.709999,61.880001,58.274643,2384900
2024-08-01,61.290001,61.48,60.209999,60.48,56.956207,2054700
2024-08-02,59.669998,59.73,59.060001,59.450001,55.986221,5079300
2024-08-05,57.209999,58.400002,56.91,58.029999,54.648956,4366000
2024-08-06,57.73,58.580002,57.59,58.209999,54.818466,3322900
2024-08-07,59.389999,59.490002,58.5,58.540001,55.129238,2774900
2024-08-08,59.189999,59.68,58.93,59.630001,56.155739,3568100
2024-08-09,59.509998,59.880001,59.400002,59.830002,56.344078,6635900
2024-08-12,59.84,60.049999,59.700001,59.880001,56.391167,2399100
2024-08-13,60.189999,60.779999,60.189999,60.759998,57.219898,2132600
2024-08-14,60.799999,60.860001,60.610001,60.779999,57.238731,2306500
2024-08-15,61.27,61.669998,61.259998,61.529999,57.94503,2370300
2024-08-16,61.610001,61.950001,61.610001,61.93,58.32172,5284700
2024-08-19,62.27,62.68,62.27,62.630001,58.980946,2556600
2024-08-20,62.549999,62.580002,62.220001,62.330002,58.698421,2252200
2024-08-21,62.68,62.919998,62.549999,62.84,59.178707,2230500
2024-08-22,62.900002,62.919998,62.27,62.34,58.70784,2311400
2024-08-23,62.830002,63.490002,62.77,63.439999,59.743748,2022000
2024-08-26,63.310001,63.380001,63.07,63.139999,59.461227,2123000
2024-08-27,63.209999,63.439999,63.139999,63.360001,59.668411,1605300
2024-08-28,63.27,63.330002,62.82,63.029999,59.357632,1497700
2024-08-29,63.240002,63.540001,63.139999,63.189999,59.508316,2285500
2024-08-30,63.400002,63.529999,63.049999,63.369999,59.677826,3631300
2024-09-03,63.009998,63.02,62.16,62.299999,58.670174,4579400
2024-09-04,61.98,62.470001,61.970001,62.169998,58.547745,3963600
2024-09-05,62.259998,62.470001,62.060001,62.27,58.641922,2078600
2024-09-06,62.200001,62.259998,61.049999,61.119999,57.558918,3991900
2024-09-09,61.580002,61.93,61.549999,61.75,58.152214,6217000
2024-09-10,61.580002,61.580002,61.029999,61.5,57.916775,1730300
2024-09-11,61.459999,61.93,60.880001,61.849998,58.246384,2475000
2024-09-12,61.849998,62.41,61.740002,62.41,58.773762,2179900
2024-09-13,62.5,62.790001,62.450001,62.580002,58.933853,2975100
2024-09-16,62.790001,63,62.66,62.990002,59.319973,2984700
2024-09-17,62.990002,63.110001,62.619999,62.790001,59.131615,1938900
2024-09-18,62.830002,63.380001,62.509998,62.580002,58.933853,3193600
2024-09-19,63.68,63.91,63.32,63.799999,60.082775,1853500
2024-09-20,63.279999,63.290001,62.880001,63.080002,59.659073,2474200
2024-09-23,63.259998,63.490002,63.220001,63.41,59.971176,2507300
2024-09-24,63.939999,64.300003,63.810001,64.290001,60.803448,4627700
2024-09-25,64.110001,64.199997,63.77,63.799999,60.340023,1708400
2024-09-26,65.190002,65.470001,64.949997,65.370003,61.824883,2745800
2024-09-27,65.410004,65.519997,64.970001,65.080002,61.550606,2296300
2024-09-30,65.07,65.089996,64.459999,64.739998,61.229042,3330000
2024-10-01,64.870003,64.879997,64.169998,64.57,61.068268,2444300
2024-10-02,64.709999,64.860001,64.470001,64.800003,61.285797,8607000
2024-10-03,64.010002,64.279999,63.880001,64.120003,60.642673,2065200
2024-10-04,64.32,64.629997,64.190002,64.610001,61.106098,3716100
2024-10-07,64.610001,64.690002,64.25,64.480003,60.983154,2384900
2024-10-08,63.91,63.970001,63.669998,63.869999,60.406227,2599300
2024-10-09,63.400002,63.880001,63.349998,63.799999,60.340023,3898500
2024-10-10,63.650002,63.779999,63.34,63.740002,60.283272,1658800
2024-10-11,63.689999,64.18,63.669998,64.110001,60.633209,2373600
2024-10-14,63.950001,64.230003,63.810001,64.150002,60.671047,1962800
2024-10-15,63.919998,63.919998,63.060001,63.130001,59.70636,1825300
2024-10-16,63.419998,63.490002,63.349998,63.450001,60.00901,2036100
2024-10-17,63.529999,63.529999,63.290001,63.349998,59.914433,1576900
2024-10-18,63.82,63.900002,63.669998,63.860001,60.39677,6638600
2024-10-21,63.509998,63.619999,63.080002,63.23,59.800938,2167100
2024-10-22,62.869999,63.040001,62.799999,62.98,59.564495,3451500
2024-10-23,62.599998,62.650002,62.139999,62.419998,59.034859,2733300
2024-10-24,62.66,62.700001,62.27,62.549999,59.157814,2564500
2024-10-25,62.709999,62.82,62.299999,62.380001,58.997032,2600200
2024-10-28,62.540001,62.900002,62.509998,62.799999,59.394257,2249200
2024-10-29,62.57,62.759998,62.529999,62.580002,59.186188,1751900
2024-10-30,62.150002,62.48,62.07,62.209999,58.83625,1740800
2024-10-31,62,62,61.400002,61.849998,58.495773,2410400
2024-11-01,62.080002,62.32,61.869999,61.919998,58.561977,5021600
2024-11-04,62.290001,62.52,62.049999,62.110001,58.741676,4796500
2024-11-05,62.360001,62.830002,62.349998,62.790001,59.384796,1791200
2024-11-06,61.93,62.119999,61.5,62.029999,58.666016,2696400
2024-11-07,62.759998,63.200001,62.759998,63.099998,59.677982,2749700
2024-11-08,62.32,62.32,61.779999,62.049999,58.684929,2848000
2024-11-11,62.09,62.150002,61.869999,61.970001,58.609268,2679100
2024-11-12,61.34,61.380001,60.66,60.950001,57.644585,2536200
2024-11-13,60.860001,60.900002,60.400002,60.639999,57.351395,12741200
2024-11-14,60.84,60.939999,60.52,60.57,57.285191,3271100
2024-11-15,60.57,60.580002,60.290001,60.41,57.133869,4669500
2024-11-18,60.509998,60.939999,60.48,60.799999,57.50272,16284100
2024-11-19,60.419998,60.91,60.389999,60.82,57.521633,2371400
2024-11-20,60.639999,60.68,60.32,60.669998,57.379768,2872900
2024-11-21,60.580002,60.810001,60.41,60.700001,57.408142,3751400
2024-11-22,60.639999,60.970001,60.619999,60.91,57.60675,3246000
2024-11-25,61.209999,61.330002,60.939999,61.110001,57.795906,2685900
2024-11-26,60.970001,60.98,60.639999,60.799999,57.50272,2737300
2024-11-27,61.029999,61.200001,60.93,61.07,57.75808,2062600
2024-11-29,61.09,61.720001,61.080002,61.709999,58.363369,1308200
2024-12-02,61.709999,61.919998,61.439999,61.830002,58.47686,2418200
2024-12-03,62.009998,62.200001,61.799999,62.09,58.722759,2428900
2024-12-04,62.150002,62.220001,62.040001,62.099998,58.732216,2800900
2024-12-05,62.380001,62.549999,62.34,62.48,59.091606,2156200
2024-12-06,62.639999,62.66,62.279999,62.369999,58.987579,2393200
2024-12-09,62.98,63.169998,62.689999,62.709999,59.309135,2545000
2024-12-10,62.389999,62.439999,62.02,62.029999,58.666016,2541800
2024-12-11,62.369999,62.450001,62.169998,62.41,59.02541,2010600
2024-12-12,62.110001,62.279999,61.82,61.849998,58.495773,2968000
2024-12-13,61.889999,62,61.57,61.700001,58.353909,2744100
2024-12-16,61.509998,61.669998,61.41,61.490002,58.1553,2941200
2024-12-17,61.259998,61.43,61.150002,61.27,57.947231,2534400
2024-12-18,61.290001,61.380001,59.75,59.810001,56.566414,4041700
2024-12-19,60.220001,60.259998,59.779999,59.810001,56.566414,5947000
2024-12-20,58.360001,59.259998,58.290001,58.880001,56.63855,6523100
2024-12-23,58.91,59.240002,58.73,59.220001,56.965611,6536200
2024-12-24,59.490002,59.490002,59.150002,59.41,57.14838,11058600
2024-12-26,59.470001,59.630001,59.349998,59.529999,57.263809,2977800
2024-12-27,59.330002,59.509998,59.200001,59.400002,57.138756,2758800
2024-12-30,59.02,59.240002,58.790001,59,56.753986,4583800
2024-12-31,59.119999,59.259998,58.849998,58.93,56.686649,4727900
2025-01-02,59.07,59.200001,58.669998,58.830002,56.590458,3962500
2025-01-03,59.02,59.18,58.869999,59.139999,56.888653,5673800
2025-01-06,59.610001,59.919998,59.509998,59.599998,57.331139,6010900
2025-01-07,59.950001,59.970001,59.259998,59.330002,57.071426,3128600
2025-01-08,59.060001,59.259998,58.82,59.200001,56.946373,4032400
2025-01-10,58.650002,58.669998,58.119999,58.23,56.013298,7682600
2025-01-13,57.689999,58.029999,57.580002,58.009998,55.801674,3891700
2025-01-14,58.209999,58.43,58.07,58.330002,56.109489,3315800
2025-01-15,59.009998,59.150002,58.82,59.02,56.773224,2788700
2025-01-16,59.139999,59.380001,59.009998,59.209999,56.95599,3336700
2025-01-17,59.459999,59.830002,59.380001,59.5,57.234951,3262300
2025-01-21,60.110001,60.52,60.080002,60.52,58.216118,4022900
2025-01-22,60.630001,60.66,60.369999,60.389999,58.091064,3126000
2025-01-23,60.450001,60.810001,60.41,60.779999,58.466221,3367700
2025-01-24,61,61.23,60.939999,61.080002,58.754803,3698900
2025-01-27,60.549999,60.740002,60.52,60.720001,58.408508,3838200
2025-01-28,60.75,60.810001,60.380001,60.790001,58.475845,2711600
2025-01-29,60.869999,61.029999,60.619999,60.799999,58.485466,3220800
2025-01-30,61.299999,61.790001,61.279999,61.529999,59.187668,3078400
2025-01-31,61.52,61.709999,60.880001,60.919998,58.600891,3997700
2025-02-03,59.889999,60.639999,59.75,60.310001,58.014114,5300800
2025-02-04,60.740002,61.189999,60.709999,61.080002,58.754803,3199200
2025-02-05,61.27,61.57,61.200001,61.48,59.13958,2583600
2025-02-06,61.529999,61.830002,61.529999,61.75,59.399296,2514400
2025-02-07,61.860001,62.029999,61.259998,61.349998,59.014526,5892400
2025-02-10,61.75,61.84,61.599998,61.84,59.48587,4251200
2025-02-11,61.630001,62.029999,61.630001,61.950001,59.591686,2754400
2025-02-12,61.610001,62.279999,61.509998,62.119999,59.755215,3058600
2025-02-13,62.23,62.799999,62.16,62.790001,60.399704,2949700
2025-02-14,63.080002,63.150002,62.869999,62.91,60.515137,4795000
2025-02-18,63.380001,63.380001,63.130001,63.279999,60.871056,5399500
2025-02-19,62.810001,62.919998,62.630001,62.860001,60.467045,3636400
2025-02-20,63.130001,63.27,62.93,63.240002,60.832581,3219100
2025-02-21,63.34,63.380001,62.709999,62.830002,60.438187,3290000
2025-02-24,62.889999,62.91,62.419998,62.52,60.13998,2956200
2025-02-25,63.009998,63.080002,62.610001,62.869999,60.476662,2711100
2025-02-26,63.150002,63.529999,62.950001,63.060001,60.659431,2995800
2025-02-27,62.810001,62.860001,62.209999,62.220001,59.851406,2560300
2025-02-28,61.779999,62.080002,61.5,62.049999,59.687878,3690800
2025-03-03,62.939999,63.09,61.950001,62.259998,59.889881,5719800
2025-03-04,61.860001,62.880001,61.439999,62.290001,59.918739,8280100
2025-03-05,63.16,63.939999,63.080002,63.849998,61.419353,7267500
2025-03-06,63.560001,63.970001,63.259998,63.34,60.928768,9261900
2025-03-07,63.419998,63.919998,63.209999,63.880001,61.448215,4651300
2025-03-10,62.970001,63.060001,62.02,62.43,60.053417,5049200
2025-03-11,62.549999,62.73,61.959999,62.380001,60.005314,4547800
2025-03-12,62.779999,62.939999,62.380001,62.810001,60.418949,3178500
2025-03-13,62.41,62.650002,62.25,62.43,60.053417,4088500
2025-03-14,63.099998,63.59,63.02,63.540001,61.121151,4258300
2025-03-17,63.75,64.440002,63.73,64.370003,61.919556,5473100
2025-03-18,64.269997,64.349998,63.939999,64.290001,61.842602,4476100
2025-03-19,64.239998,64.709999,64.099998,64.459999,62.006123,3635000
2025-03-20,63.59,64.029999,63.560001,63.959999,61.525166,2773300
2025-03-21,63.290001,63.549999,63.209999,63.459999,61.227039,4668100
2025-03-24,63.709999,63.709999,63.369999,63.560001,61.323524,3859300
2025-03-25,63.84,63.900002,63.669998,63.77,61.526134,4184100
2025-03-26,63.5,63.59,63.009998,63.110001,60.889359,3345700
2025-03-27,63.049999,63.43,63.009998,63.25,61.024429,2480700
2025-03-28,62.959999,62.959999,62.389999,62.509998,60.310467,4341900
2025-03-31,61.720001,62.209999,61.459999,62.099998,59.914894,4207500
2025-04-01,62.09,62.459999,61.84,62.279999,60.088558,4379800
2025-04-02,61.889999,62.52,61.860001,62.439999,60.242928,2678100
2025-04-03,61.599998,61.860001,61.099998,61.189999,59.036911,5641300
2025-04-04,58.889999,59.060001,57.330002,57.450001,55.428513,9165700
2025-04-07,55.360001,57.889999,55.119999,55.889999,53.923409,20278100
2025-04-08,57.740002,57.810001,54.98,55.540001,53.58572,9830600
2025-04-09,55.66,59.720001,55.32,59.5,57.40638,13549500
2025-04-10,58.68,58.759998,57.25,58.43,56.374031,6399300
2025-04-11,58.939999,60.130001,58.799999,60.029999,57.917728,5625000
2025-04-14,60.509998,60.990002,60.27,60.689999,58.554512,5175600
2025-04-15,61,61.310001,60.919998,61.02,58.872898,3628700
2025-04-16,60.91,61.310001,60.470001,60.700001,58.564156,3863700
2025-04-17,61.27,61.689999,61.16,61.32,59.162342,3134100
2025-04-21,61.599998,61.689999,60.689999,61.099998,58.950081,3914600
2025-04-22,61.93,62.509998,61.849998,62.23,60.040321,3478900
2025-04-23,62.830002,63.259998,62.389999,62.509998,60.310467,5937700
2025-04-24,62.860001,63.349998,62.66,63.310001,61.082317,2921300
2025-04-25,63.040001,63.389999,62.970001,63.360001,61.130562,3611900
2025-04-28,63.549999,63.77,63.369999,63.73,61.487537,3023100
2025-04-29,63.740002,64.040001,63.720001,63.93,61.6805,2903500
2025-04-30,63.509998,64.019997,63.240002,63.860001,61.612965,3457700
2025-05-01,63.990002,64.129997,63.639999,63.700001,61.458595,2552500
2025-05-02,64.949997,65.129997,64.830002,65.029999,62.741798,3696700
2025-05-05,65.269997,65.43,65.25,65.269997,62.973347,3600000
2025-05-06,65.260002,65.339996,65.040001,65.160004,62.867226,4575000
2025-05-07,64.839996,65.010002,64.599998,64.779999,62.500591,2928600
2025-05-08,64.900002,64.989998,64.610001,64.610001,62.336575,2429900
2025-05-09,65.150002,65.199997,64.849998,64.970001,62.68391,2604000
2025-05-12,65.559998,65.620003,65.239998,65.610001,63.301399,4785100
2025-05-13,65.440002,65.93,65.410004,65.739998,63.426811,3270300
2025-05-14,66.019997,66.099998,65.620003,65.690002,63.378578,3050100
2025-05-15,66,66.220001,65.82,66.209999,63.880272,4526900
2025-05-16,66.139999,66.32,65.959999,66.290001,63.95747,2862100
2025-05-19,66.160004,66.75,66.160004,66.739998,64.391624,3347100
2025-05-20,66.790001,66.959999,66.709999,66.949997,64.594231,4745700
2025-05-21,67.080002,67.260002,66.599998,66.639999,64.295143,4124700
2025-05-22,66.419998,66.709999,66.279999,66.529999,64.189018,2780700
2025-05-23,66.220001,66.879997,66.160004,66.75,64.401268,8117500
2025-05-27,67.349998,67.489998,67.239998,67.400002,65.028397,7352800
2025-05-28,66.940002,66.989998,66.720001,66.82,64.468811,3286700
2025-05-29,67.269997,67.269997,66.830002,67.110001,64.748611,3749600
2025-05-30,67.019997,67.040001,66.510002,66.940002,64.584595,3976400
2025-06-02,67.190002,67.639999,66.959999,67.629997,65.250305,3240100
2025-06-03,67.190002,67.379997,67.010002,67.300003,64.931923,11770300
2025-06-04,67.629997,67.889999,67.559998,67.739998,65.356438,8502100
2025-06-05,68.040001,68.110001,67.690002,67.830002,65.443268,3754500
2025-06-06,68,68.089996,67.839996,68.010002,65.616943,4429500
2025-06-09,68.099998,68.389999,68.040001,68.169998,65.771317,3823000
2025-06-10,68.5,68.510002,68.220001,68.419998,66.012512,3411300
2025-06-11,68.650002,68.75,68.419998,68.480003,66.070412,3668000
2025-06-12,68.690002,68.919998,68.639999,68.860001,66.437035,3832900
2025-06-13,67.959999,68.279999,67.779999,67.940002,65.549408,3766900
2025-06-16,68.5,68.900002,68.360001,68.389999,65.983566,3657200
2025-06-17,68.099998,68.150002,67.480003,67.550003,65.173134,3427300
2025-06-18,67.669998,67.959999,67.489998,67.629997,65.250305,3299700
2025-06-20,67.32,67.339996,66.580002,66.610001,64.730415,4263300
2025-06-23,66.300003,67.139999,66.25,67.120003,65.226013,7742000
2025-06-24,67.730003,68.220001,67.709999,68.139999,66.217232,7022100
2025-06-25,68.029999,68.029999,67.769997,67.959999,66.042313,6358800
2025-06-26,68.379997,68.690002,68.339996,68.629997,66.693405,4377600
2025-06-27,68.870003,69.139999,68.629997,68.910004,66.965515,4072600
2025-06-30,68.849998,69.150002,68.699997,69.089996,67.140427,4094200
2025-07-01,69.019997,69.190002,68.940002,69.110001,67.159874,4750100
2025-07-02,68.940002,69.339996,68.790001,69.330002,67.37365,5196600
2025-07-03,69.300003,69.559998,69.300003,69.489998,67.529144,2432000
2025-07-07,69,69.080002,68.470001,68.629997,66.693405,6534000
2025-07-08,68.849998,69.129997,68.760002,69.07,67.120987,3419200
2025-07-09,69.269997,69.410004,69.080002,69.379997,67.422249,3143600
2025-07-10,69.349998,69.5,69.139999,69.480003,67.519424,3275500
2025-07-11,69.110001,69.120003,68.910004,69,67.052971,4315300
2025-07-14,68.860001,69.110001,68.790001,69.07,67.120987,3487800
2025-07-15,69.279999,69.300003,68.650002,68.730003,66.790588,3188600
2025-07-16,68.739998,69.050003,68.489998,69.029999,67.082123,4230800
2025-07-17,68.93,69.309998,68.839996,69.279999,67.325066,3756300
2025-07-18,69.540001,69.589996,69.059998,69.110001,67.159874,3851600
2025-07-21,69.480003,69.849998,69.379997,69.529999,67.568008,4320800
2025-07-22,69.519997,69.849998,69.330002,69.82,67.849838,3056000
2025-07-23,70.540001,71.080002,70.470001,71.07,69.064552,4210100
2025-07-24,70.75,70.879997,70.57,70.589996,68.598099,4418800
2025-07-25,70.160004,70.480003,70.040001,70.480003,68.491219,4264100
2025-07-28,69.93,69.940002,69.470001,69.57,67.606888,4951500
2025-07-29,69.690002,69.699997,69.43,69.529999,67.568008,5103800
2025-07-30,69.309998,69.459999,68.809998,69.029999,67.082123,3349000
2025-07-31,68.809998,68.830002,68.360001,68.470001,66.537926,5033200
2025-08-01,68.410004,68.410004,67.849998,68.239998,66.314407,4699300
2025-08-04,68.980003,69.110001,68.860001,69.080002,67.130714,3399100
2025-08-05,69.279999,69.379997,69.029999,69.260002,67.305634,3469200
2025-08-06,69.510002,69.779999,69.470001,69.709999,67.742935,3021000
2025-08-07,70.360001,70.459999,69.940002,70.209999,68.228821,3182800
2025-08-08,70.279999,70.540001,70.25,70.440002,68.452332,3237300
2025-08-11,70.279999,70.379997,70.139999,70.220001,68.238548,3932100
2025-08-12,70.43,71.019997,70.370003,71,68.996536,3519000
2025-08-13,71.360001,71.510002,71.32,71.459999,69.44355,5146700
2025-08-14,71.029999,71.190002,70.919998,71.139999,69.132576,3806700
2025-08-15,71.5,71.559998,71.330002,71.459999,69.44355,4608700
2025-08-18,71.470001,71.57,71.339996,71.559998,69.540733,3738600
2025-08-19,71.690002,71.699997,71.300003,71.370003,69.356087,3922600
2025-08-20,71.410004,71.519997,71.220001,71.459999,69.44355,5244200
2025-08-21,71.260002,71.32,71.040001,71.190002,69.181175,4473200
2025-08-22,71.489998,72.459999,71.43,72.349998,70.308441,3357500
2025-08-25,72.139999,72.239998,71.639999,71.650002,69.628189,4159100
2025-08-26,71.5,71.639999,71.449997,71.610001,69.589317,3486600
2025-08-27,71.099998,71.43,70.980003,71.400002,69.385246,3431600
2025-08-28,71.580002,71.75,71.470001,71.690002,69.667061,3630500
2025-08-29,71.330002,71.449997,71.190002,71.370003,69.356087,4743300
2025-09-02,70.43,70.93,70.360001,70.870003,68.870201,6966600
2025-09-03,70.879997,71.07,70.779999,71.019997,69.015968,3795100
2025-09-04,71.080002,71.330002,70.93,71.309998,69.297783,3171600
2025-09-05,71.989998,72.150002,71.519997,71.779999,69.754524,5081900
2025-09-08,72.349998,72.489998,72.110001,72.470001,70.425049,4350600
2025-09-09,72.459999,72.519997,72.230003,72.379997,70.337585,4445700
2025-09-10,72.739998,72.779999,72.43,72.510002,70.463928,3860000
2025-09-11,72.870003,73.360001,72.830002,73.330002,71.260788,3525700
2025-09-12,73.129997,73.209999,72.940002,73.089996,71.02755,3985100
2025-09-15,73.489998,73.660004,73.370003,73.660004,71.581474,3889100
2025-09-16,73.75,73.779999,73.449997,73.720001,71.639771,3713600
2025-09-17,73.779999,74.209999,73.300003,73.669998,71.591187,4036400
2025-09-18,73.860001,73.860001,73.300003,73.730003,71.649498,4232600
2025-09-19,73.360001,73.360001,73.029999,73.120003,71.405365,4694800
2025-09-22,73.209999,73.480003,73.040001,73.440002,71.717865,4536200
2025-09-23,73.550003,73.739998,73.279999,73.339996,71.620201,8318100
2025-09-24,73.089996,73.209999,72.849998,72.910004,71.200294,4850200
2025-09-25,72.470001,72.559998,72.209999,72.489998,70.790138,5853000
2025-09-26,72.5,72.760002,72.419998,72.75,71.044044,4006200
2025-09-29,73.099998,73.230003,73.010002,73.139999,71.424896,3607100
2025-09-30,73.150002,73.489998,73.110001,73.459999,71.737389,4549400
2025-10-01,73.779999,74.040001,73.75,73.970001,72.23542,6483600
2025-10-02,74.290001,74.330002,73.769997,74.110001,72.372147,3863900
2025-10-03,74.540001,74.769997,74.440002,74.660004,72.909248,4854300
2025-10-06,74.75,74.989998,74.739998,74.82,73.065491,5696700
2025-10-07,74.760002,74.800003,74.220001,74.239998,72.4991,4962200
2025-10-08,74.400002,74.540001,74.309998,74.529999,72.782303,4451800
2025-10-09,74.589996,74.610001,73.709999,73.879997,72.147537,4771700
2025-10-10,73.790001,73.839996,72.080002,72.169998,70.477631,6545700
2025-10-13,73.099998,73.400002,72.900002,73.269997,71.551834,3294500
2025-10-14,72.599998,73.550003,72.470001,73.279999,71.561615,4533500
2025-10-15,73.870003,74.089996,73.459999,73.919998,72.1866,4301600
2025-10-16,74.379997,74.639999,74.019997,74.25,72.508865,4279100
2025-10-17,73.900002,74.290001,73.779999,74.199997,72.46003,3205600
2025-10-20,74.57,74.980003,74.559998,74.93,73.17292,4462600
2025-10-21,74.480003,74.519997,74.209999,74.220001,72.479576,3818600
2025-10-22,74.339996,74.540001,73.93,74.279999,72.538162,12642700
2025-10-23,74.480003,74.809998,74.459999,74.709999,72.958076,3015700
2025-10-24,74.970001,75.059998,74.860001,74.949997,73.192444,3349500
2025-10-27,75.519997,75.550003,75.330002,75.519997,73.749077,4054000
2025-10-28,75.290001,75.629997,75.230003,75.510002,73.739319,5396900
2025-10-29,75.730003,75.75,74.919998,75.279999,73.514709,6433300
2025-10-30,74.709999,75.110001,74.639999,74.809998,73.055733,4551900
2025-10-31,74.839996,74.849998,74.360001,74.629997,72.879951,7293600
2025-11-03,74.849998,74.889999,74.510002,74.839996,73.085022,4789900
2025-11-04,73.900002,74.300003,73.82,73.849998,72.118248,5426000
2025-11-05,73.940002,74.5,73.919998,74.349998,72.606514,4537400
2025-11-06,74.389999,74.489998,73.839996,74.059998,72.323318,4386600
2025-11-07,73.639999,74.199997,73.370003,74.199997,72.46003,5308100
2025-11-10,74.830002,75.169998,74.620003,75.129997,73.368225,4136100
2025-11-11,75.269997,75.599998,75.230003,75.529999,73.758842,10108400
2025-11-12,75.620003,75.889999,75.610001,75.82,74.042046,4328700
2025-11-13,75.790001,75.839996,74.889999,74.989998,73.231499,4426300
2025-11-14,74.459999,75.160004,74.349998,74.93,73.17292,4345600
2025-11-17,74.43,74.68,73.75,74,72.264725,4384100
2025-11-18,73.160004,73.610001,72.879997,73.349998,71.629959,5304800
2025-11-19,73.169998,73.57,72.839996,73.160004,71.444427,3832800
2025-11-20,73.739998,73.800003,72.169998,72.190002,70.497169,4626500
2025-11-21,72.419998,73.120003,72.110001,72.919998,71.210052,4932600
2025-11-24,72.849998,73.32,72.769997,73.230003,71.512787,3713500
2025-11-25,73.419998,73.93,73.129997,73.910004,72.176849,3611100
2025-11-26,74.160004,74.739998,74.120003,74.610001,72.860428,4264600
2025-11-28,74.660004,74.959999,74.580002,74.940002,73.182686,2455400
2025-12-01,74.75,74.940002,74.610001,74.650002,72.899483,4634900
2025-12-02,74.830002,74.889999,74.5,74.769997,73.01667,4363900
2025-12-03,74.75,75.080002,74.690002,75.07,73.309631,4473300
2025-12-04,75.339996,75.389999,75.07,75.230003,73.465881,4727200
2025-12-05,75.650002,75.779999,75.339996,75.379997,73.612366,6500700
2025-12-08,75.5,75.519997,75.059998,75.220001,73.456116,5102300
2025-12-09,75.209999,75.339996,75.07,75.120003,73.358467,4684900
2025-12-10,75.25,76.059998,75.190002,75.93,74.14946,7006700
2025-12-11,75.900002,76.220001,75.75,76.129997,74.344772,7567400
2025-12-12,76.199997,76.25,75.309998,75.610001,73.836975,6848800
2025-12-15,76.220001,76.239998,75.760002,75.870003,74.090881,6599100
2025-12-16,75.660004,75.730003,75.220001,75.459999,73.690483,5327300
2025-12-17,75.510002,75.610001,74.949997,74.959999,73.202217,6791000
2025-12-18,75.660004,75.970001,75.43,75.57,73.797913,6655100
2025-12-19,74.57,74.959999,74.519997,74.669998,74.258354,7434700
2025-12-22,74.949997,75.150002,74.889999,75.089996,74.676041,11249300
2025-12-23,75.379997,75.57,75.279999,75.550003,75.133507,16139500
2025-12-24,75.639999,75.669998,75.519997,75.610001,75.193176,4794700
2025-12-26,75.769997,75.849998,75.639999,75.849998,75.431847,5872000
2025-12-29,75.57,75.720001,75.410004,75.610001,75.193176,11113800
2025-12-30,75.860001,75.970001,75.730003,75.760002,75.342346,5953000
2025-12-31,75.730003,75.769997,75.389999,75.440002,75.024117,7519600
2026-01-02,76.349998,76.550003,76.139999,76.540001,76.11805,9059000
2026-01-05,76.790001,77.349998,76.699997,77.349998,76.923576,11741300
2026-01-06,77.580002,77.760002,77.480003,77.620003,77.192101,8618200
2026-01-07,77.5,77.540001,77.160004,77.230003,76.804245,9579800
2026-01-08,77.029999,77.290001,76.959999,77.279999,76.853973,8157600
2026-01-09,77.5,77.889999,77.440002,77.830002,77.40094,7185400
2026-01-12,78.129997,78.57,78.099998,78.550003,78.116974,8841800
2026-01-13,78.370003,78.419998,77.949997,78.129997,77.69928,7557600
2026-01-14,78.349998,78.470001,78.150002,78.470001,78.037415,9460100
2026-01-15,78.720001,78.879997,78.550003,78.599998,78.166687,8295300
2026-01-16,78.639999,78.690002,78.279999,78.639999,78.206474,8129000
2026-01-20,77.849998,78.239998,77.599998,77.730003,77.301491,12839200
2026-01-21,78.18,78.849998,77.910004,78.599998,78.166687,15033200
2026-01-22,79,79.269997,78.870003,79.080002,78.644043,8860900
2026-01-23,78.940002,79.589996,78.769997,79.529999,79.09156,9619500
2026-01-26,79.910004,80.129997,79.830002,79.860001,79.419746,9720100
2026-01-27,80.610001,81.190002,80.610001,81.099998,80.652908,10903700
2026-01-28,80.900002,81,80.370003,80.739998,80.294891,15084100
2026-01-29,81.349998,81.440002,79.970001,80.949997,80.503731,11947900
2026-01-30,80.400002,80.559998,79.330002,79.660004,79.220856,12506400
2026-02-02,79.459999,80.160004,79.449997,80.110001,79.668373,10822300
2026-02-03,80.269997,80.510002,79.660004,80.309998,79.867264,9045400
2026-02-04,81.019997,81.059998,79.889999,80.25,79.807594,12259800
2026-02-05,79.529999,80.010002,79.160004,79.290001,78.85289,12227600
2026-02-06,80.309998,81.110001,80.25,81.050003,80.603188,8102300
2026-02-09,81.400002,82.230003,81.379997,82.150002,81.697121,8514900
2026-02-10,82.589996,82.599998,82.32,82.349998,81.896019,9197900
2026-02-11,82.900002,83.110001,82.300003,82.989998,82.532486,11922600
2026-02-12,83.220001,83.260002,81.949997,82.129997,81.677223,11936300
2026-02-13,82.040001,82.519997,81.540001,82.400002,81.945747,13597900
2026-02-17,81.889999,82.43,81.349998,82.230003,81.776688,14000800
2026-02-18,82.519997,82.940002,82.309998,82.510002,82.055138,7780300
2026-02-19,82.019997,82.379997,81.779999,82.379997,81.92585,7852800
2026-02-20,82.300003,83.389999,82.260002,83.370003,82.9104,10300300
2026-02-23,83.25,83.519997,82.709999,82.93,82.472816,10800800
2026-02-24,83,83.589996,82.860001,83.419998,82.960121,7084800
2026-02-25,84.029999,84.279999,83.800003,84.199997,83.735817,9079900
2026-02-26,84.169998,84.199997,83.269997,83.959999,83.497147,10489500
2026-02-27,83.769997,84.150002,83.599998,83.809998,83.347969,10485800
2026-03-02,81.839996,82.730003,81.790001,82.400002,81.945747,12896600
2026-03-03,78.709999,79.940002,77.599998,79.559998,79.121399,16653500
2026-03-04,79.809998,80.510002,79.489998,80.339996,79.897095,13184900
2026-03-05,79.190002,79.650002,77.889999,78.720001,78.286034,13919000
2026-03-06,77.5,78.510002,77.209999,77.980003,77.55011,11654800
2026-03-09,77.059998,79.160004,76.389999,78.949997,78.514763,13537200
2026-03-10,79.360001,80.410004,78.900002,79.120003,78.68383,9268400
2026-03-11,78.889999,79.349998,78.529999,79.040001,78.604263,6552500
2026-03-12,78.220001,78.25,77.199997,77.470001,77.042923,7698900
2026-03-13,77.809998,78.199997,76.599998,76.739998,76.316948,7931400
2026-03-16,77.879997,78.529999,77.779999,78.269997,77.838509,5760400
2026-03-17,78.830002,79.040001,78.470001,78.610001,78.176636,5858000
2026-03-18,78.199997,78.400002,77.209999,77.25,76.824135,6843700
2026-03-19,75.870003,77.540001,75.699997,77.150002,76.724686,9153600
2026-03-20,76.620003,76.620003,74.309998,74.709999,74.375259,9980400
2026-03-23,76.150002,77.410004,75.800003,76.580002,76.236885,11131200
2026-03-24,75.360001,76.410004,75.269997,75.949997,75.609703,9376800
2026-03-25,77.169998,77.449997,76.639999,77.080002,76.734642,6191900
2026-03-26,76.019997,76.559998,75.18,75.199997,74.86306,6221400
2026-03-27,74.970001,75.440002,74.440002,74.690002,74.355354,7876000
2026-03-30,75.32,75.370003,74.300003,74.629997,74.295616,7972400
2026-03-31,75.449997,77.110001,75.239998,77.110001,76.764503,9827200
2026-04-01,77.879997,78.629997,77.730003,78.010002,77.660477,9879100
2026-04-02,76.290001,77.870003,76.099998,77.480003,77.132851,7689000
2026-04-06,77.669998,78.099998,77.629997,77.970001,77.620651,5640300
2026-04-07,77.57,78.089996,76.769997,78.019997,77.670425,7637300
2026-04-08,81.599998,81.699997,80.669998,81.230003,80.866051,6998100
2026-04-09,80.480003,81.400002,80.230003,81.07,80.706764,6239000
2026-04-10,81.519997,81.690002,81.019997,81.269997,80.905861,4511200
2026-04-13,80.650002,81.93,80.599998,81.889999,81.523087,5458000
2026-04-14,82.360001,82.900002,82.290001,82.809998,82.438965,5323700
2026-04-15,82.589996,82.720001,82.370003,82.650002,82.279686,6148000
2026-04-16,82.910004,82.949997,82.419998,82.629997,82.259773,5260300
2026-04-17,83.900002,84.480003,83.660004,83.75,83.374756,8887000
2026-04-20,83.309998,83.480003,82.940002,83.480003,83.105965,6090600
2026-04-21,83.129997,83.260002,81.790001,81.879997,81.51313,7502300
2026-04-22,82.660004,82.68,82.32,82.589996,82.219948,4469200
2026-04-23,82.25,82.480003,80.900002,81.720001,81.353851,6718300
2026-04-24,82.18,82.620003,81.959999,82.489998,82.120399,5378700
2026-04-27,82.629997,82.739998,82.239998,82.339996,81.971069,5066600
2026-04-28,81.790001,82.099998,81.510002,81.889999,81.523087,4522100
2026-04-29,81.629997,81.720001,80.879997,81.230003,80.866051,5171900
2026-04-30,82.150002,83.25,81.959999,83.059998,82.687843,6075600
2026-05-01,83.040001,83.589996,82.900002,82.970001,82.598251,7254600
2026-05-04,82.75,83.07,81.940002,82.25,81.881477,5653700
2026-05-05,83.120003,83.550003,82.900002,83.410004,83.036285,4971100
2026-05-06,85.230003,85.669998,85.019997,85.620003,85.236382,6289800
2026-05-07,85.739998,85.779999,84.220001,84.25,83.872513,11073500
2026-05-08,85.129997,85.449997,85.029999,85.43,85.047226,6934100
2026-05-11,85.370003,85.599998,85.25,85.389999,85.007408,6528700
2026-05-12,84.300003,84.470001,83.489998,84.230003,83.852608,6230900
2026-05-13,84.410004,85.120003,84.269997,85.080002,84.698799,4883200
2026-05-14,85,85.239998,84.739998,85.019997,84.639061,5611600
2026-05-15,83.389999,83.5,82.879997,83.110001,82.737625,6941900
2026-05-18,83.82,83.870003,82.839996,83.529999,83.155739,5883300
2026-05-19,82.709999,83.349998,82.389999,82.800003,82.429016,5081500
2026-05-20,82.949997,84.290001,82.870003,84.169998,83.79287,4912400
2026-05-21,83.699997,84.919998,83.480003,84.580002,84.201035,9571400
2026-05-22,84.669998,84.959999,84.339996,84.459999,84.081573,8580200
2026-05-26,85.989998,86.25,85.779999,86.110001,85.724182,5553800
2026-05-27,86.160004,86.269997,85.580002,85.849998,85.465347,5412300
2026-05-28,85.25,86.18,85.080002,85.989998,85.604713,5449400
2026-05-29,86.230003,86.559998,85.970001,86.059998,85.6744,5329300
2026-06-01,85.830002,86.720001,85.589996,86.309998,85.923279,6867900
2026-06-02,86.540001,87.059998,86.5,86.959999,86.570374,5807100
2026-06-03,86.589996,86.610001,85.970001,86.099998,85.714226,5472300
2026-06-04,85.779999,86.389999,85.68,86.25,85.863556,3908600
2026-06-05,85,85.010002,82.809998,83.029999,82.657982,9163600
2026-06-08,84.160004,84.32,83.559998,83.739998,83.364799,6327800
2026-06-09,84.849998,85.129997,82.220001,83.82,83.444443,6615100
2026-06-10,83.239998,83.949997,82.529999,82.589996,82.219948,6255700
2026-06-11,83.459999,85.43,83.139999,85.339996,84.957626,5903500
2026-06-12,85.339996,85.949997,84.879997,85.68,85.296104,4627900
2026-06-15,87.25,87.540001,86.860001,86.980003,86.590286,7042600
2026-06-16,87.099998,87.25,86.550003,86.629997,86.241852,11968200
2026-06-17,87.330002,87.650002,86.029999,86.150002,85.764,8612300
2026-06-18,86.809998,86.970001,86.559998,86.769997,86.769997,4669900
2026-06-22,87.110001,88.620003,86.889999,87.059998,87.059998,8038200
2026-06-23,84.330002,85.099998,84.279999,84.410004,84.410004,9742000
2026-06-24,84.43,84.599998,83.910004,84.339996,84.339996,5153900
2026-06-25,85.620003,85.730003,84.57,85.080002,85.080002,4825000
2026-06-26,84.139999,84.900002,83.959999,84.480003,84.480003,13442800
2026-06-29,84.620003,84.989998,83.809998,84.93,84.93,4964500
2026-06-30,85,85.620003,84.910004,85.489998,85.489998,4492200
2026-07-01,84.550003,85.059998,84.419998,84.529999,84.529999,5344200
2026-07-02,85.32,85.889999,84.139999,84.839996,84.839996,6087400
2026-07-06,85.779999,86.220001,85.730003,86.169998,86.169998,5775100
2026-07-07,85.309998,85.459999,84.400002,84.650002,84.650002,5534000
2026-07-08,83.839996,84.459999,83.360001,84.440002,84.440002,5992700
2026-07-09,84.639999,85.129997,84.610001,84.900002,84.900002,4172700
2026-07-10,85.110001,85.480003,84.669998,85.339996,85.339996,4431800
2026-07-13,84.370003,84.489998,83.660004,83.779999,83.779999,5737700
2026-07-14,84.730003,85.089996,84.5821,84.68,84.68,4144570
